solid OpenSCAD_Model
  facet normal -0.382775 0 0.923842
    outer loop
      vertex 8.72466 6 10.2924
      vertex 9.15958 5.96922 10.4726
      vertex 9.15958 6 10.4726
    endloop
  endfacet
  facet normal -0.382775 0 0.923842
    outer loop
      vertex 9.15958 5.96922 10.4726
      vertex 8.72466 6 10.2924
      vertex 8.72466 5.96922 10.2924
    endloop
  endfacet
  facet normal -0.707107 0 0.707107
    outer loop
      vertex 6.07658 5.96922 8.3685
      vertex 6.6315 6 8.92342
      vertex 6.07658 6 8.3685
    endloop
  endfacet
  facet normal -0.707107 0 0.707107
    outer loop
      vertex 6.6315 6 8.92342
      vertex 6.07658 5.96922 8.3685
      vertex 6.6315 5.96922 8.92342
    endloop
  endfacet
  facet normal -0.181633 0 -0.983366
    outer loop
      vertex 20.8742 0 -25.7796
      vertex 21.3371 6 -25.8651
      vertex 21.3371 0 -25.8651
    endloop
  endfacet
  facet normal -0.181633 0 -0.983366
    outer loop
      vertex 21.3371 6 -25.8651
      vertex 20.8742 0 -25.7796
      vertex 20.8742 6 -25.7796
    endloop
  endfacet
  facet normal 0.0554673 0 -0.998461
    outer loop
      vertex 23.0004 0 -25.9521
      vertex 39.3704 6 -25.0427
      vertex 39.3704 0 -25.0427
    endloop
  endfacet
  facet normal 0.0554673 0 -0.998461
    outer loop
      vertex 39.3704 6 -25.0427
      vertex 23.0004 0 -25.9521
      vertex 23.0004 6 -25.9521
    endloop
  endfacet
  facet normal 0.93745 0 -0.348119
    outer loop
      vertex 53.0398 0 -14.6921
      vertex 52.9229 6 -15.0069
      vertex 53.0398 6 -14.6921
    endloop
  endfacet
  facet normal 0.93745 0 -0.348119
    outer loop
      vertex 52.9229 6 -15.0069
      vertex 53.0398 0 -14.6921
      vertex 52.9229 0 -15.0069
    endloop
  endfacet
  facet normal -0.788183 0 -0.615441
    outer loop
      vertex 9.33159 0 -19.9995
      vertex 8.8488 6 -19.3812
      vertex 9.33159 6 -19.9995
    endloop
  endfacet
  facet normal -0.788183 -0 -0.615441
    outer loop
      vertex 8.8488 6 -19.3812
      vertex 9.33159 0 -19.9995
      vertex 8.8488 0 -19.3812
    endloop
  endfacet
  facet normal 0.287017 0 -0.957926
    outer loop
      vertex 40.9947 0 -24.7771
      vertex 41.4456 6 -24.642
      vertex 41.4456 0 -24.642
    endloop
  endfacet
  facet normal 0.287017 0 -0.957926
    outer loop
      vertex 41.4456 6 -24.642
      vertex 40.9947 0 -24.7771
      vertex 40.9947 6 -24.7771
    endloop
  endfacet
  facet normal -0.987689 0 0.156429
    outer loop
      vertex 4.05237 0 3.86166
      vertex 4.17509 6 4.63651
      vertex 4.05237 6 3.86166
    endloop
  endfacet
  facet normal -0.987689 0 0.156429
    outer loop
      vertex 4.17509 6 4.63651
      vertex 4.05237 0 3.86166
      vertex 4.17509 0 4.63651
    endloop
  endfacet
  facet normal -0.156414 0 0.987692
    outer loop
      vertex 10.3635 6 10.8249
      vertex 11.1383 5.96922 10.9476
      vertex 11.1383 6 10.9476
    endloop
  endfacet
  facet normal -0.156414 0 0.987692
    outer loop
      vertex 11.1383 5.96922 10.9476
      vertex 10.3635 6 10.8249
      vertex 10.3635 5.96922 10.8249
    endloop
  endfacet
  facet normal -0.370029 0 -0.92902
    outer loop
      vertex 19.3076 0 -25.2749
      vertex 19.6724 6 -25.4202
      vertex 19.6724 0 -25.4202
    endloop
  endfacet
  facet normal -0.370029 0 -0.92902
    outer loop
      vertex 19.6724 6 -25.4202
      vertex 19.3076 0 -25.2749
      vertex 19.3076 6 -25.2749
    endloop
  endfacet
  facet normal 0.133625 0 -0.991032
    outer loop
      vertex 39.7613 0 -25.0055
      vertex 40.2278 6 -24.9426
      vertex 40.2278 0 -24.9426
    endloop
  endfacet
  facet normal 0.133625 0 -0.991032
    outer loop
      vertex 40.2278 6 -24.9426
      vertex 39.7613 0 -25.0055
      vertex 39.7613 6 -25.0055
    endloop
  endfacet
  facet normal 0.986471 0 -0.163934
    outer loop
      vertex 56.8186 0 -2.80199
      vertex 56.69 6 -3.57584
      vertex 56.8186 6 -2.80199
    endloop
  endfacet
  facet normal 0.986471 0 -0.163934
    outer loop
      vertex 56.69 6 -3.57584
      vertex 56.8186 0 -2.80199
      vertex 56.69 0 -3.57584
    endloop
  endfacet
  facet normal 0.493949 0 -0.869491
    outer loop
      vertex 42.6015 0 -24.1545
      vertex 43.1963 6 -23.8166
      vertex 43.1963 0 -23.8166
    endloop
  endfacet
  facet normal 0.493949 0 -0.869491
    outer loop
      vertex 43.1963 6 -23.8166
      vertex 42.6015 0 -24.1545
      vertex 42.6015 6 -24.1545
    endloop
  endfacet
  facet normal -0.999228 0 0.0392958
    outer loop
      vertex 4 0 3
      vertex 4.01543 6 3.39236
      vertex 4 6 3
    endloop
  endfacet
  facet normal -0.999228 0 0.0392958
    outer loop
      vertex 4.01543 6 3.39236
      vertex 4 0 3
      vertex 4.01543 0 3.39236
    endloop
  endfacet
  facet normal -0 0 1
    outer loop
      vertex 12 6 11
      vertex 15.0369 5.96922 11
      vertex 15.0369 6 11
    endloop
  endfacet
  facet normal 0 0 1
    outer loop
      vertex 15.0369 5.96922 11
      vertex 12 6 11
      vertex 12 5.96922 11
    endloop
  endfacet
  facet normal 0.094737 0 -0.995502
    outer loop
      vertex 39.3704 0 -25.0427
      vertex 39.7613 6 -25.0055
      vertex 39.7613 0 -25.0055
    endloop
  endfacet
  facet normal 0.094737 0 -0.995502
    outer loop
      vertex 39.7613 6 -25.0055
      vertex 39.3704 0 -25.0427
      vertex 39.3704 6 -25.0427
    endloop
  endfacet
  facet normal 0.970555 0 -0.240881
    outer loop
      vertex 56.69 0 -3.57584
      vertex 56.5766 6 -4.03275
      vertex 56.69 6 -3.57584
    endloop
  endfacet
  facet normal 0.970555 0 -0.240881
    outer loop
      vertex 56.5766 6 -4.03275
      vertex 56.69 0 -3.57584
      vertex 56.5766 0 -4.03275
    endloop
  endfacet
  facet normal 0.361284 0 -0.932456
    outer loop
      vertex 41.4456 0 -24.642
      vertex 42.1773 6 -24.3585
      vertex 42.1773 0 -24.3585
    endloop
  endfacet
  facet normal 0.361284 0 -0.932456
    outer loop
      vertex 42.1773 6 -24.3585
      vertex 41.4456 0 -24.642
      vertex 41.4456 6 -24.642
    endloop
  endfacet
  facet normal -0.968186 0 -0.250232
    outer loop
      vertex 4.33968 0 -7.74783
      vertex 4.196 6 -7.19191
      vertex 4.33968 6 -7.74783
    endloop
  endfacet
  facet normal -0.968186 -0 -0.250232
    outer loop
      vertex 4.196 6 -7.19191
      vertex 4.33968 0 -7.74783
      vertex 4.196 0 -7.19191
    endloop
  endfacet
  facet normal 0.6 0 -0.8
    outer loop
      vertex 43.7267 0 -23.455
      vertex 50.2503 6 -18.5623
      vertex 50.2503 0 -18.5623
    endloop
  endfacet
  facet normal 0.6 0 -0.8
    outer loop
      vertex 50.2503 6 -18.5623
      vertex 43.7267 0 -23.455
      vertex 43.7267 6 -23.455
    endloop
  endfacet
  facet normal -0.73751 0 -0.675336
    outer loop
      vertex 9.64952 0 -20.3467
      vertex 9.33159 6 -19.9995
      vertex 9.64952 6 -20.3467
    endloop
  endfacet
  facet normal -0.73751 -0 -0.675336
    outer loop
      vertex 9.33159 6 -19.9995
      vertex 9.64952 0 -20.3467
      vertex 9.33159 0 -19.9995
    endloop
  endfacet
  facet normal -0.939794 0 -0.341742
    outer loop
      vertex 7.86528 0 -17.5104
      vertex 4.48166 6 -8.20541
      vertex 7.86528 6 -17.5104
    endloop
  endfacet
  facet normal -0.939794 -0 -0.341742
    outer loop
      vertex 4.48166 6 -8.20541
      vertex 7.86528 0 -17.5104
      vertex 4.48166 0 -8.20541
    endloop
  endfacet
  facet normal -0.809028 0 0.587771
    outer loop
      vertex 5.30977 6 7.37587
      vertex 5.77086 5.93725 8.01053
      vertex 5.77086 6 8.01053
    endloop
  endfacet
  facet normal -0.809028 0 0.587771
    outer loop
      vertex 5.77086 5.93725 8.01053
      vertex 5.30977 6 7.37587
      vertex 5.30977 5.73104 7.37587
    endloop
  endfacet
  facet normal -0.0392155 0 0.999231
    outer loop
      vertex 11.6076 6 10.9846
      vertex 12 5.96922 11
      vertex 12 6 11
    endloop
  endfacet
  facet normal -0.0392155 0 0.999231
    outer loop
      vertex 12 5.96922 11
      vertex 11.6076 6 10.9846
      vertex 11.6076 5.96922 10.9846
    endloop
  endfacet
  facet normal 0.817846 0 -0.575437
    outer loop
      vertex 52.2062 0 -16.4361
      vertex 51.7547 6 -17.0778
      vertex 52.2062 6 -16.4361
    endloop
  endfacet
  facet normal 0.817846 0 -0.575437
    outer loop
      vertex 51.7547 6 -17.0778
      vertex 52.2062 0 -16.4361
      vertex 51.7547 0 -17.0778
    endloop
  endfacet
  facet normal -0.682231 0 -0.731137
    outer loop
      vertex 9.64952 0 -20.3467
      vertex 10.2233 6 -20.8821
      vertex 10.2233 0 -20.8821
    endloop
  endfacet
  facet normal -0.682231 0 -0.731137
    outer loop
      vertex 10.2233 6 -20.8821
      vertex 9.64952 0 -20.3467
      vertex 9.64952 6 -20.3467
    endloop
  endfacet
  facet normal -0.406134 0 -0.913814
    outer loop
      vertex 12.1345 0 -22.0869
      vertex 19.3076 6 -25.2749
      vertex 19.3076 0 -25.2749
    endloop
  endfacet
  facet normal -0.406134 0 -0.913814
    outer loop
      vertex 19.3076 6 -25.2749
      vertex 12.1345 0 -22.0869
      vertex 12.1345 6 -22.0869
    endloop
  endfacet
  facet normal 0.895223 0 -0.445619
    outer loop
      vertex 52.7703 0 -15.3795
      vertex 52.446 6 -16.031
      vertex 52.7703 6 -15.3795
    endloop
  endfacet
  facet normal 0.895223 0 -0.445619
    outer loop
      vertex 52.446 6 -16.031
      vertex 52.7703 0 -15.3795
      vertex 52.446 0 -16.031
    endloop
  endfacet
  facet normal 0.980622 -0 0.195909
    outer loop
      vertex 56.6912 0 -0.172821
      vertex 56.7473 6 -0.453629
      vertex 56.6912 6 -0.172821
    endloop
  endfacet
  facet normal 0.980622 0 0.195909
    outer loop
      vertex 56.7473 6 -0.453629
      vertex 56.6912 0 -0.172821
      vertex 56.7473 0 -0.453629
    endloop
  endfacet
  facet normal 0.552325 0 -0.833629
    outer loop
      vertex 43.1963 0 -23.8166
      vertex 43.4882 6 -23.6232
      vertex 43.4882 0 -23.6232
    endloop
  endfacet
  facet normal 0.552325 0 -0.833629
    outer loop
      vertex 43.4882 6 -23.6232
      vertex 43.1963 0 -23.8166
      vertex 43.1963 6 -23.8166
    endloop
  endfacet
  facet normal 0.210948 0 -0.977497
    outer loop
      vertex 40.2278 0 -24.9426
      vertex 40.9947 6 -24.7771
      vertex 40.9947 0 -24.7771
    endloop
  endfacet
  facet normal 0.210948 0 -0.977497
    outer loop
      vertex 40.9947 6 -24.7771
      vertex 40.2278 0 -24.9426
      vertex 40.2278 6 -24.9426
    endloop
  endfacet
  facet normal 0.433394 0 -0.901205
    outer loop
      vertex 42.1773 0 -24.3585
      vertex 42.6015 6 -24.1545
      vertex 42.6015 0 -24.1545
    endloop
  endfacet
  facet normal 0.433394 0 -0.901205
    outer loop
      vertex 42.6015 6 -24.1545
      vertex 42.1773 0 -24.3585
      vertex 42.1773 6 -24.3585
    endloop
  endfacet
  facet normal -0.996916 0 -0.0784703
    outer loop
      vertex 4.05237 0 -6.33315
      vertex 4.01543 6 -5.86385
      vertex 4.05237 6 -6.33315
    endloop
  endfacet
  facet normal -0.996916 -0 -0.0784703
    outer loop
      vertex 4.01543 6 -5.86385
      vertex 4.05237 0 -6.33315
      vertex 4.01543 0 -5.86385
    endloop
  endfacet
  facet normal 0.860533 0 -0.509395
    outer loop
      vertex 52.446 0 -16.031
      vertex 52.2062 6 -16.4361
      vertex 52.446 6 -16.031
    endloop
  endfacet
  facet normal 0.860533 0 -0.509395
    outer loop
      vertex 52.2062 6 -16.4361
      vertex 52.446 0 -16.031
      vertex 52.2062 0 -16.4361
    endloop
  endfacet
  facet normal -0.999228 0 -0.0392948
    outer loop
      vertex 4.01543 0 -5.86385
      vertex 4 6 -5.47148
      vertex 4.01543 6 -5.86385
    endloop
  endfacet
  facet normal -0.999228 -0 -0.0392948
    outer loop
      vertex 4 6 -5.47148
      vertex 4.01543 0 -5.86385
      vertex 4 0 -5.47148
    endloop
  endfacet
  facet normal 0.717796 0 -0.696253
    outer loop
      vertex 51.4544 0 -17.4403
      vertex 50.9082 6 -18.0034
      vertex 51.4544 6 -17.4403
    endloop
  endfacet
  facet normal 0.717796 0 -0.696253
    outer loop
      vertex 50.9082 6 -18.0034
      vertex 51.4544 0 -17.4403
      vertex 50.9082 0 -18.0034
    endloop
  endfacet
  facet normal 0.999972 0 -0.00751973
    outer loop
      vertex 56.865 0 -1.5484
      vertex 56.8591 6 -2.33298
      vertex 56.865 6 -1.5484
    endloop
  endfacet
  facet normal 0.999972 0 -0.00751973
    outer loop
      vertex 56.8591 6 -2.33298
      vertex 56.865 0 -1.5484
      vertex 56.8591 0 -2.33298
    endloop
  endfacet
  facet normal 0.660863 0 -0.750507
    outer loop
      vertex 50.5549 0 -18.3145
      vertex 50.9082 6 -18.0034
      vertex 50.9082 0 -18.0034
    endloop
  endfacet
  facet normal 0.660863 0 -0.750507
    outer loop
      vertex 50.9082 6 -18.0034
      vertex 50.5549 0 -18.3145
      vertex 50.5549 6 -18.3145
    endloop
  endfacet
  facet normal -0.484625 0 -0.874722
    outer loop
      vertex 11.282 0 -21.6366
      vertex 11.7419 6 -21.8914
      vertex 11.7419 0 -21.8914
    endloop
  endfacet
  facet normal -0.484625 0 -0.874722
    outer loop
      vertex 11.7419 6 -21.8914
      vertex 11.282 0 -21.6366
      vertex 11.282 6 -21.6366
    endloop
  endfacet
  facet normal -0.0785969 0 0.996906
    outer loop
      vertex 11.1383 6 10.9476
      vertex 11.6076 5.96922 10.9846
      vertex 11.6076 6 10.9846
    endloop
  endfacet
  facet normal -0.0785969 0 0.996906
    outer loop
      vertex 11.6076 5.96922 10.9846
      vertex 11.1383 6 10.9476
      vertex 11.1383 5.96922 10.9476
    endloop
  endfacet
  facet normal -0.258099 0 -0.966118
    outer loop
      vertex 20.1162 0 -25.5771
      vertex 20.8742 6 -25.7796
      vertex 20.8742 0 -25.7796
    endloop
  endfacet
  facet normal -0.258099 0 -0.966118
    outer loop
      vertex 20.8742 6 -25.7796
      vertex 20.1162 0 -25.5771
      vertex 20.1162 6 -25.5771
    endloop
  endfacet
  facet normal -0.925657 0 -0.378363
    outer loop
      vertex 8.01382 0 -17.8738
      vertex 7.86528 6 -17.5104
      vertex 8.01382 6 -17.8738
    endloop
  endfacet
  facet normal -0.925657 -0 -0.378363
    outer loop
      vertex 7.86528 6 -17.5104
      vertex 8.01382 0 -17.8738
      vertex 7.86528 0 -17.5104
    endloop
  endfacet
  facet normal -0.996916 0 0.0784703
    outer loop
      vertex 4.01543 0 3.39236
      vertex 4.05237 6 3.86166
      vertex 4.01543 6 3.39236
    endloop
  endfacet
  facet normal -0.996916 0 0.0784703
    outer loop
      vertex 4.05237 6 3.86166
      vertex 4.01543 0 3.39236
      vertex 4.05237 0 3.86166
    endloop
  endfacet
  facet normal -0.649429 0 0.760422
    outer loop
      vertex 6.6315 6 8.92342
      vertex 6.98947 5.96922 9.22914
      vertex 6.98947 6 9.22914
    endloop
  endfacet
  facet normal -0.649429 0 0.760422
    outer loop
      vertex 6.98947 5.96922 9.22914
      vertex 6.6315 6 8.92342
      vertex 6.6315 5.96922 8.92342
    endloop
  endfacet
  facet normal -0.233453 0 0.972368
    outer loop
      vertex 9.90575 6 10.715
      vertex 10.3635 5.96922 10.8249
      vertex 10.3635 6 10.8249
    endloop
  endfacet
  facet normal -0.233453 0 0.972368
    outer loop
      vertex 10.3635 5.96922 10.8249
      vertex 9.90575 6 10.715
      vertex 9.90575 5.96922 10.715
    endloop
  endfacet
  facet normal -0.874751 0 -0.484573
    outer loop
      vertex 8.5891 0 -18.9885
      vertex 8.20892 6 -18.3022
      vertex 8.5891 6 -18.9885
    endloop
  endfacet
  facet normal -0.874751 -0 -0.484573
    outer loop
      vertex 8.20892 6 -18.3022
      vertex 8.5891 0 -18.9885
      vertex 8.20892 0 -18.3022
    endloop
  endfacet
  facet normal -0.951062 0 0.308999
    outer loop
      vertex 4.28499 0 5.09425
      vertex 4.52742 6 5.84042
      vertex 4.28499 6 5.09425
    endloop
  endfacet
  facet normal -0.951062 0 0.308999
    outer loop
      vertex 4.52742 6 5.84042
      vertex 4.28499 0 5.09425
      vertex 4.52742 0 5.84042
    endloop
  endfacet
  facet normal -0.622698 0 -0.782462
    outer loop
      vertex 10.2233 0 -20.8821
      vertex 10.5916 6 -21.1752
      vertex 10.5916 0 -21.1752
    endloop
  endfacet
  facet normal -0.622698 0 -0.782462
    outer loop
      vertex 10.5916 6 -21.1752
      vertex 10.2233 0 -20.8821
      vertex 10.2233 6 -20.8821
    endloop
  endfacet
  facet normal -0.308965 0 0.951073
    outer loop
      vertex 9.15958 6 10.4726
      vertex 9.90575 5.96922 10.715
      vertex 9.90575 6 10.715
    endloop
  endfacet
  facet normal -0.308965 0 0.951073
    outer loop
      vertex 9.90575 5.96922 10.715
      vertex 9.15958 6 10.4726
      vertex 9.15958 5.96922 10.4726
    endloop
  endfacet
  facet normal -0.0242556 0 -0.999706
    outer loop
      vertex 22.1236 0 -25.9467
      vertex 22.6017 6 -25.9583
      vertex 22.6017 0 -25.9583
    endloop
  endfacet
  facet normal -0.0242556 0 -0.999706
    outer loop
      vertex 22.6017 6 -25.9583
      vertex 22.1236 0 -25.9467
      vertex 22.1236 6 -25.9467
    endloop
  endfacet
  facet normal 0.991032 -0 0.133625
    outer loop
      vertex 56.7473 0 -0.453629
      vertex 56.8316 6 -1.07884
      vertex 56.7473 6 -0.453629
    endloop
  endfacet
  facet normal 0.991032 0 0.133625
    outer loop
      vertex 56.8316 6 -1.07884
      vertex 56.7473 0 -0.453629
      vertex 56.8316 0 -1.07884
    endloop
  endfacet
  facet normal 0.948683 0 -0.316228
    outer loop
      vertex 56.4672 0 -4.4099
      vertex 53.0398 6 -14.6921
      vertex 56.4672 6 -4.4099
    endloop
  endfacet
  facet normal 0.948683 0 -0.316228
    outer loop
      vertex 53.0398 6 -14.6921
      vertex 56.4672 0 -4.4099
      vertex 53.0398 0 -14.6921
    endloop
  endfacet
  facet normal -0.852636 3.1379e-06 0.522505
    outer loop
      vertex 5.30312 5.72752 7.36502
      vertex 5.30977 6 7.37587
      vertex 5.0638 6 6.97449
    endloop
  endfacet
  facet normal -0.852601 0 0.522562
    outer loop
      vertex 5.30977 6 7.37587
      vertex 5.30312 5.72752 7.36502
      vertex 5.30977 5.73104 7.37587
    endloop
  endfacet
  facet normal -0.852637 0 0.522503
    outer loop
      vertex 5.30312 5.72752 7.36502
      vertex 5.0638 6 6.97449
      vertex 5.0638 5.44377 6.97449
    endloop
  endfacet
  facet normal 0.770081 0 -0.637946
    outer loop
      vertex 51.7547 0 -17.0778
      vertex 51.4544 6 -17.4403
      vertex 51.7547 6 -17.0778
    endloop
  endfacet
  facet normal 0.770081 0 -0.637946
    outer loop
      vertex 51.4544 6 -17.4403
      vertex 51.7547 0 -17.0778
      vertex 51.4544 0 -17.4403
    endloop
  endfacet
  facet normal 0 -1 -0
    outer loop
      vertex -11.7767 0 -16.4852
      vertex -11.8493 0 -16.6445
      vertex -10.9318 0 -16.4852
    endloop
  endfacet
  facet normal 0 -1 0
    outer loop
      vertex 50.285 0 6.01303
      vertex 55.0454 0 6.03078
      vertex 50.1648 0 6.11383
    endloop
  endfacet
  facet normal 0 -1 0
    outer loop
      vertex 50.621 0 5.68329
      vertex 55.0454 0 6.03078
      vertex 50.285 0 6.01303
    endloop
  endfacet
  facet normal 0 -1 0
    outer loop
      vertex 50.724 0 5.56494
      vertex 55.0454 0 6.03078
      vertex 50.621 0 5.68329
    endloop
  endfacet
  facet normal 0 -1 0
    outer loop
      vertex 51.0043 0 5.18671
      vertex 55.0454 0 6.03078
      vertex 50.724 0 5.56494
    endloop
  endfacet
  facet normal 0 -1 0
    outer loop
      vertex 51.0875 0 5.05368
      vertex 55.0454 0 6.03078
      vertex 51.0043 0 5.18671
    endloop
  endfacet
  facet normal 0 -1 0
    outer loop
      vertex 51.3052 0 4.63625
      vertex 55.0454 0 6.03078
      vertex 51.0875 0 5.05368
    endloop
  endfacet
  facet normal 0 -1 0
    outer loop
      vertex 51.3666 0 4.49185
      vertex 55.0454 0 6.03078
      vertex 51.3052 0 4.63625
    endloop
  endfacet
  facet normal 0 -1 -0
    outer loop
      vertex 55.0454 0 6.03078
      vertex 51.3666 0 4.49185
      vertex 55.159 0 5.76349
    endloop
  endfacet
  facet normal 0 -1 -0
    outer loop
      vertex 55.159 0 5.76349
      vertex 51.3666 0 4.49185
      vertex 55.3087 0 5.31715
    endloop
  endfacet
  facet normal 0 -1 0
    outer loop
      vertex 51.5162 0 4.04552
      vertex 55.3087 0 5.31715
      vertex 51.3666 0 4.49185
    endloop
  endfacet
  facet normal 0 -1 -0
    outer loop
      vertex 55.3087 0 5.31715
      vertex 51.5162 0 4.04552
      vertex 55.4188 0 4.94028
    endloop
  endfacet
  facet normal 0 -1 0
    outer loop
      vertex 51.5382 0 3.97014
      vertex 55.4188 0 4.94028
      vertex 51.5162 0 4.04552
    endloop
  endfacet
  facet normal 0 -1 0
    outer loop
      vertex 51.5382 0 3.97014
      vertex 56.6388 0 0.0601959
      vertex 55.4188 0 4.94028
    endloop
  endfacet
  facet normal 0 -1 0
    outer loop
      vertex 52.7583 0 -0.909943
      vertex 56.6388 0 0.0601959
      vertex 51.5382 0 3.97014
    endloop
  endfacet
  facet normal 0 -1 -0
    outer loop
      vertex 56.6388 0 0.0601959
      vertex 52.7583 0 -0.909943
      vertex 56.6912 0 -0.172821
    endloop
  endfacet
  facet normal 0 -1 0
    outer loop
      vertex 52.7687 0 -0.956543
      vertex 56.6912 0 -0.172821
      vertex 52.7583 0 -0.909943
    endloop
  endfacet
  facet normal 0 -1 -0
    outer loop
      vertex 56.6912 0 -0.172821
      vertex 52.7687 0 -0.956543
      vertex 56.7473 0 -0.453629
    endloop
  endfacet
  facet normal 0 -1 0
    outer loop
      vertex 52.8248 0 -1.23735
      vertex 56.7473 0 -0.453629
      vertex 52.7687 0 -0.956543
    endloop
  endfacet
  facet normal 0 -1 -0
    outer loop
      vertex 56.7473 0 -0.453629
      vertex 52.8248 0 -1.23735
      vertex 56.8316 0 -1.07884
    endloop
  endfacet
  facet normal 0 -1 0
    outer loop
      vertex 52.8417 0 -1.3624
      vertex 56.8316 0 -1.07884
      vertex 52.8248 0 -1.23735
    endloop
  endfacet
  facet normal 0 -1 0
    outer loop
      vertex 52.8417 0 -1.3624
      vertex 56.865 0 -1.5484
      vertex 56.8316 0 -1.07884
    endloop
  endfacet
  facet normal 0 -1 0
    outer loop
      vertex 52.8751 0 -1.83195
      vertex 56.865 0 -1.5484
      vertex 52.8417 0 -1.3624
    endloop
  endfacet
  facet normal 0 -1 0
    outer loop
      vertex 52.8739 0 -1.98888
      vertex 56.865 0 -1.5484
      vertex 52.8751 0 -1.83195
    endloop
  endfacet
  facet normal 0 -1 0
    outer loop
      vertex 52.8739 0 -1.98888
      vertex 56.8591 0 -2.33298
      vertex 56.865 0 -1.5484
    endloop
  endfacet
  facet normal 0 -1 0
    outer loop
      vertex 52.8334 0 -2.45789
      vertex 56.8591 0 -2.33298
      vertex 52.8739 0 -1.98888
    endloop
  endfacet
  facet normal 0 -1 0
    outer loop
      vertex 56.8186 0 -2.80199
      vertex 52.8334 0 -2.45789
      vertex 52.8077 0 -2.61266
    endloop
  endfacet
  facet normal 0 -1 0
    outer loop
      vertex 52.8334 0 -2.45789
      vertex 56.8186 0 -2.80199
      vertex 56.8591 0 -2.33298
    endloop
  endfacet
  facet normal 0 -1 0
    outer loop
      vertex 56.69 0 -3.57584
      vertex 52.8077 0 -2.61266
      vertex 52.6943 0 -3.06956
    endloop
  endfacet
  facet normal 0 -1 0
    outer loop
      vertex 56.5766 0 -4.03275
      vertex 52.6943 0 -3.06956
      vertex 52.6724 0 -3.14499
    endloop
  endfacet
  facet normal 0 -1 0
    outer loop
      vertex 52.8077 0 -2.61266
      vertex 56.69 0 -3.57584
      vertex 56.8186 0 -2.80199
    endloop
  endfacet
  facet normal 0 -1 0
    outer loop
      vertex 52.6943 0 -3.06956
      vertex 56.5766 0 -4.03275
      vertex 56.69 0 -3.57584
    endloop
  endfacet
  facet normal 0 -1 0
    outer loop
      vertex 52.6724 0 -3.14499
      vertex 56.4672 0 -4.4099
      vertex 56.5766 0 -4.03275
    endloop
  endfacet
  facet normal 0 -1 0
    outer loop
      vertex 49.245 0 -13.4272
      vertex 56.4672 0 -4.4099
      vertex 52.6724 0 -3.14499
    endloop
  endfacet
  facet normal 0 -1 0
    outer loop
      vertex 53.0398 0 -14.6921
      vertex 49.245 0 -13.4272
      vertex 49.2217 0 -13.4902
    endloop
  endfacet
  facet normal 0 -1 0
    outer loop
      vertex 52.9229 0 -15.0069
      vertex 49.2217 0 -13.4902
      vertex 49.069 0 -13.8627
    endloop
  endfacet
  facet normal 0 -1 0
    outer loop
      vertex 52.7703 0 -15.3795
      vertex 49.069 0 -13.8627
      vertex 49.0042 0 -13.993
    endloop
  endfacet
  facet normal 0 -1 0
    outer loop
      vertex 52.446 0 -16.031
      vertex 49.0042 0 -13.993
      vertex 48.7643 0 -14.3981
    endloop
  endfacet
  facet normal 0 -1 0
    outer loop
      vertex 52.2062 0 -16.4361
      vertex 48.7643 0 -14.3981
      vertex 48.674 0 -14.5264
    endloop
  endfacet
  facet normal 0 -1 0
    outer loop
      vertex 49.245 0 -13.4272
      vertex 53.0398 0 -14.6921
      vertex 56.4672 0 -4.4099
    endloop
  endfacet
  facet normal 0 -1 0
    outer loop
      vertex 51.7547 0 -17.0778
      vertex 48.674 0 -14.5264
      vertex 48.3737 0 -14.889
    endloop
  endfacet
  facet normal 0 -1 0
    outer loop
      vertex 51.4544 0 -17.4403
      vertex 48.3737 0 -14.889
      vertex 48.2645 0 -15.0016
    endloop
  endfacet
  facet normal 0 -1 0
    outer loop
      vertex 49.2217 0 -13.4902
      vertex 52.9229 0 -15.0069
      vertex 53.0398 0 -14.6921
    endloop
  endfacet
  facet normal 0 -1 0
    outer loop
      vertex 50.9082 0 -18.0034
      vertex 48.2645 0 -15.0016
      vertex 47.9112 0 -15.3127
    endloop
  endfacet
  facet normal 0 -1 0
    outer loop
      vertex 50.5549 0 -18.3145
      vertex 47.9112 0 -15.3127
      vertex 47.8503 0 -15.3623
    endloop
  endfacet
  facet normal 0 -1 0
    outer loop
      vertex 49.069 0 -13.8627
      vertex 52.7703 0 -15.3795
      vertex 52.9229 0 -15.0069
    endloop
  endfacet
  facet normal 0 -1 0
    outer loop
      vertex 49.0042 0 -13.993
      vertex 52.446 0 -16.031
      vertex 52.7703 0 -15.3795
    endloop
  endfacet
  facet normal 0 -1 0
    outer loop
      vertex 48.7643 0 -14.3981
      vertex 52.2062 0 -16.4361
      vertex 52.446 0 -16.031
    endloop
  endfacet
  facet normal 0 -1 0
    outer loop
      vertex 48.674 0 -14.5264
      vertex 51.7547 0 -17.0778
      vertex 52.2062 0 -16.4361
    endloop
  endfacet
  facet normal 0 -1 0
    outer loop
      vertex 48.3737 0 -14.889
      vertex 51.4544 0 -17.4403
      vertex 51.7547 0 -17.0778
    endloop
  endfacet
  facet normal 0 -1 0
    outer loop
      vertex 48.2645 0 -15.0016
      vertex 50.9082 0 -18.0034
      vertex 51.4544 0 -17.4403
    endloop
  endfacet
  facet normal 0 -1 0
    outer loop
      vertex 47.9112 0 -15.3127
      vertex 50.5549 0 -18.3145
      vertex 50.9082 0 -18.0034
    endloop
  endfacet
  facet normal 0 -1 0
    outer loop
      vertex 47.8503 0 -15.3623
      vertex 50.2503 0 -18.5623
      vertex 50.5549 0 -18.3145
    endloop
  endfacet
  facet normal 0 -1 0
    outer loop
      vertex 41.3267 0 -20.255
      vertex 50.2503 0 -18.5623
      vertex 47.8503 0 -15.3623
    endloop
  endfacet
  facet normal 0 -1 0
    outer loop
      vertex 43.7267 0 -23.455
      vertex 41.3267 0 -20.255
      vertex 41.279 0 -20.2887
    endloop
  endfacet
  facet normal 0 -1 0
    outer loop
      vertex 43.4882 0 -23.6232
      vertex 41.279 0 -20.2887
      vertex 40.9871 0 -20.482
    endloop
  endfacet
  facet normal 0 -1 0
    outer loop
      vertex 43.1963 0 -23.8166
      vertex 40.9871 0 -20.482
      vertex 40.8681 0 -20.5496
    endloop
  endfacet
  facet normal 0 -1 0
    outer loop
      vertex 42.6015 0 -24.1545
      vertex 40.8681 0 -20.5496
      vertex 40.4439 0 -20.7536
    endloop
  endfacet
  facet normal 0 -1 0
    outer loop
      vertex 42.1773 0 -24.3585
      vertex 40.4439 0 -20.7536
      vertex 40.2976 0 -20.8103
    endloop
  endfacet
  facet normal 0 -1 0
    outer loop
      vertex 41.4456 0 -24.642
      vertex 40.2976 0 -20.8103
      vertex 39.8466 0 -20.9454
    endloop
  endfacet
  facet normal 0 -1 0
    outer loop
      vertex 41.3267 0 -20.255
      vertex 43.7267 0 -23.455
      vertex 50.2503 0 -18.5623
    endloop
  endfacet
  facet normal 0 -1 0
    outer loop
      vertex 40.9947 0 -24.7771
      vertex 39.8466 0 -20.9454
      vertex 39.6932 0 -20.9785
    endloop
  endfacet
  facet normal 0 -1 0
    outer loop
      vertex 40.2278 0 -24.9426
      vertex 39.6932 0 -20.9785
      vertex 39.2267 0 -21.0414
    endloop
  endfacet
  facet normal 0 -1 0
    outer loop
      vertex 39.7613 0 -25.0055
      vertex 39.2267 0 -21.0414
      vertex 39.1485 0 -21.0488
    endloop
  endfacet
  facet normal 0 -1 0
    outer loop
      vertex 39.3704 0 -25.0427
      vertex 39.1485 0 -21.0488
      vertex 22.7785 0 -21.9583
    endloop
  endfacet
  facet normal 0 -1 0
    outer loop
      vertex 23.0004 0 -25.9521
      vertex 22.7785 0 -21.9583
      vertex 22.6988 0 -21.9595
    endloop
  endfacet
  facet normal 0 -1 0
    outer loop
      vertex 20.8742 0 -25.7796
      vertex 21.6005 0 -21.8461
      vertex 20.1162 0 -25.5771
    endloop
  endfacet
  facet normal -0 -1 0
    outer loop
      vertex 39.7613 0 -25.0055
      vertex 39.1485 0 -21.0488
      vertex 39.3704 0 -25.0427
    endloop
  endfacet
  facet normal 0 -1 0
    outer loop
      vertex 41.279 0 -20.2887
      vertex 43.4882 0 -23.6232
      vertex 43.7267 0 -23.455
    endloop
  endfacet
  facet normal 0 -1 0
    outer loop
      vertex 39.2267 0 -21.0414
      vertex 39.7613 0 -25.0055
      vertex 40.2278 0 -24.9426
    endloop
  endfacet
  facet normal 0 -1 0
    outer loop
      vertex 40.9871 0 -20.482
      vertex 43.1963 0 -23.8166
      vertex 43.4882 0 -23.6232
    endloop
  endfacet
  facet normal 0 -1 0
    outer loop
      vertex 40.8681 0 -20.5496
      vertex 42.6015 0 -24.1545
      vertex 43.1963 0 -23.8166
    endloop
  endfacet
  facet normal 0 -1 0
    outer loop
      vertex 40.4439 0 -20.7536
      vertex 42.1773 0 -24.3585
      vertex 42.6015 0 -24.1545
    endloop
  endfacet
  facet normal 0 -1 0
    outer loop
      vertex 40.2976 0 -20.8103
      vertex 41.4456 0 -24.642
      vertex 42.1773 0 -24.3585
    endloop
  endfacet
  facet normal 0 -1 0
    outer loop
      vertex 39.8466 0 -20.9454
      vertex 40.9947 0 -24.7771
      vertex 41.4456 0 -24.642
    endloop
  endfacet
  facet normal 0 -1 0
    outer loop
      vertex 39.6932 0 -20.9785
      vertex 40.2278 0 -24.9426
      vertex 40.9947 0 -24.7771
    endloop
  endfacet
  facet normal 0 -1 -0
    outer loop
      vertex 21.6005 0 -21.8461
      vertex 20.8742 0 -25.7796
      vertex 22.0635 0 -21.9316
    endloop
  endfacet
  facet normal 0 -1 0
    outer loop
      vertex 21.3371 0 -25.8651
      vertex 22.0635 0 -21.9316
      vertex 20.8742 0 -25.7796
    endloop
  endfacet
  facet normal 0 -1 -0
    outer loop
      vertex 22.0635 0 -21.9316
      vertex 21.3371 0 -25.8651
      vertex 22.2208 0 -21.9479
    endloop
  endfacet
  facet normal 0 -1 0
    outer loop
      vertex 22.1236 0 -25.9467
      vertex 22.2208 0 -21.9479
      vertex 21.3371 0 -25.8651
    endloop
  endfacet
  facet normal 0 -1 -0
    outer loop
      vertex 22.2208 0 -21.9479
      vertex 22.1236 0 -25.9467
      vertex 22.6988 0 -21.9595
    endloop
  endfacet
  facet normal 0 -1 0
    outer loop
      vertex 22.6988 0 -21.9595
      vertex 22.1236 0 -25.9467
      vertex 22.6017 0 -25.9583
    endloop
  endfacet
  facet normal 0 -1 0
    outer loop
      vertex 22.7785 0 -21.9583
      vertex 23.0004 0 -25.9521
      vertex 39.3704 0 -25.0427
    endloop
  endfacet
  facet normal 0 -1 -0
    outer loop
      vertex 22.6988 0 -21.9595
      vertex 22.6017 0 -25.9583
      vertex 23.0004 0 -25.9521
    endloop
  endfacet
  facet normal 0 -1 0
    outer loop
      vertex -11.4522 0 6.95998
      vertex 19 0 18.2
      vertex -11.9215 0 6.99692
    endloop
  endfacet
  facet normal 0 -1 0
    outer loop
      vertex 19 0 18.2
      vertex 11.9215 0 6.99692
      vertex 12 0 7
    endloop
  endfacet
  facet normal 0 -1 0
    outer loop
      vertex -11.2973 0 6.93542
      vertex 19 0 18.2
      vertex -11.4522 0 6.95998
    endloop
  endfacet
  facet normal 0 -1 0
    outer loop
      vertex 19 0 18.2
      vertex 11.4522 0 6.95998
      vertex 11.9215 0 6.99692
    endloop
  endfacet
  facet normal 0 -1 0
    outer loop
      vertex -10.8395 0 6.82553
      vertex 19 0 18.2
      vertex -11.2973 0 6.93542
    endloop
  endfacet
  facet normal 0 -1 0
    outer loop
      vertex 19 0 18.2
      vertex 11.2973 0 6.93542
      vertex 11.4522 0 6.95998
    endloop
  endfacet
  facet normal 0 -1 0
    outer loop
      vertex 19 0 18.2
      vertex -10.8395 0 6.82553
      vertex -4.60627 0 6.03078
    endloop
  endfacet
  facet normal 0 -1 0
    outer loop
      vertex 4.60627 0 6.03078
      vertex 19 0 18.2
      vertex -4.60627 0 6.03078
    endloop
  endfacet
  facet normal 0 -1 0
    outer loop
      vertex -4.60627 0 6.03078
      vertex -10.8395 0 6.82553
      vertex -10.6903 0 6.77705
    endloop
  endfacet
  facet normal -0 -1 0
    outer loop
      vertex 10.6903 0 6.77705
      vertex 19 0 18.2
      vertex 4.60627 0 6.03078
    endloop
  endfacet
  facet normal 0 -1 0
    outer loop
      vertex -4.60627 0 6.03078
      vertex -10.6903 0 6.77705
      vertex -10.2554 0 6.59691
    endloop
  endfacet
  facet normal 0 -1 0
    outer loop
      vertex 19 0 18.2
      vertex 10.8395 0 6.82553
      vertex 11.2973 0 6.93542
    endloop
  endfacet
  facet normal 0 -1 0
    outer loop
      vertex -4.60627 0 6.03078
      vertex -10.2554 0 6.59691
      vertex -10.1155 0 6.52565
    endloop
  endfacet
  facet normal 0 -1 0
    outer loop
      vertex 19 0 18.2
      vertex 10.6903 0 6.77705
      vertex 10.8395 0 6.82553
    endloop
  endfacet
  facet normal 0 -1 0
    outer loop
      vertex -4.60627 0 6.03078
      vertex -10.1155 0 6.52565
      vertex -9.71414 0 6.27968
    endloop
  endfacet
  facet normal 0 -1 0
    outer loop
      vertex 10.6903 0 6.77705
      vertex 4.60627 0 6.03078
      vertex 10.2554 0 6.59691
    endloop
  endfacet
  facet normal 0 -1 0
    outer loop
      vertex -4.60627 0 6.03078
      vertex -9.71414 0 6.27968
      vertex -9.58722 0 6.18747
    endloop
  endfacet
  facet normal 0 -1 0
    outer loop
      vertex 10.2554 0 6.59691
      vertex 4.60627 0 6.03078
      vertex 10.1155 0 6.52565
    endloop
  endfacet
  facet normal 0 -1 0
    outer loop
      vertex 10.1155 0 6.52565
      vertex 4.60627 0 6.03078
      vertex 9.71414 0 6.27968
    endloop
  endfacet
  facet normal 0 -1 0
    outer loop
      vertex -9.22925 0 5.88174
      vertex -4.60627 0 6.03078
      vertex -9.58722 0 6.18747
    endloop
  endfacet
  facet normal 0 -1 0
    outer loop
      vertex -9.11826 0 5.77075
      vertex -4.60627 0 6.03078
      vertex -9.22925 0 5.88174
    endloop
  endfacet
  facet normal 0 -1 0
    outer loop
      vertex -8.81253 0 5.41278
      vertex -4.60627 0 6.03078
      vertex -9.11826 0 5.77075
    endloop
  endfacet
  facet normal 0 -1 0
    outer loop
      vertex -8.72032 0 5.28586
      vertex -4.60627 0 6.03078
      vertex -8.81253 0 5.41278
    endloop
  endfacet
  facet normal 0 -1 0
    outer loop
      vertex -8.47435 0 4.88448
      vertex -4.60627 0 6.03078
      vertex -8.72032 0 5.28586
    endloop
  endfacet
  facet normal 0 -1 0
    outer loop
      vertex -8.40309 0 4.74464
      vertex -4.60627 0 6.03078
      vertex -8.47435 0 4.88448
    endloop
  endfacet
  facet normal 0 -1 0
    outer loop
      vertex -8.22295 0 4.30972
      vertex -4.60627 0 6.03078
      vertex -8.40309 0 4.74464
    endloop
  endfacet
  facet normal 0 -1 -0
    outer loop
      vertex -4.60627 0 6.03078
      vertex -8.22295 0 4.30972
      vertex -4.52742 0 5.84042
    endloop
  endfacet
  facet normal 0 -1 -0
    outer loop
      vertex -4.52742 0 5.84042
      vertex -8.22295 0 4.30972
      vertex -4.28499 0 5.09425
    endloop
  endfacet
  facet normal 0 -1 0
    outer loop
      vertex -8.17447 0 4.16049
      vertex -4.28499 0 5.09425
      vertex -8.22295 0 4.30972
    endloop
  endfacet
  facet normal 0 -1 -0
    outer loop
      vertex -4.28499 0 5.09425
      vertex -8.17447 0 4.16049
      vertex -4.17509 0 4.63651
    endloop
  endfacet
  facet normal 0 -1 0
    outer loop
      vertex -8.06458 0 3.70274
      vertex -4.17509 0 4.63651
      vertex -8.17447 0 4.16049
    endloop
  endfacet
  facet normal 0 -1 -0
    outer loop
      vertex -4.17509 0 4.63651
      vertex -8.06458 0 3.70274
      vertex -4.05237 0 3.86166
    endloop
  endfacet
  facet normal 0 -1 0
    outer loop
      vertex -8.04002 0 3.54778
      vertex -4.05237 0 3.86166
      vertex -8.06458 0 3.70274
    endloop
  endfacet
  facet normal 0 -1 0
    outer loop
      vertex -8.04002 0 3.54778
      vertex -4.01543 0 3.39236
      vertex -4.05237 0 3.86166
    endloop
  endfacet
  facet normal 0 -1 0
    outer loop
      vertex -8.00308 0 3.07848
      vertex -4.01543 0 3.39236
      vertex -8.04002 0 3.54778
    endloop
  endfacet
  facet normal 0 -1 0
    outer loop
      vertex -8 0 3
      vertex -4.01543 0 3.39236
      vertex -8.00308 0 3.07848
    endloop
  endfacet
  facet normal 0 -1 0
    outer loop
      vertex -8 0 3
      vertex -4 0 3
      vertex -4.01543 0 3.39236
    endloop
  endfacet
  facet normal 0 -1 0
    outer loop
      vertex -8 0 -5.47148
      vertex -4 0 3
      vertex -8 0 3
    endloop
  endfacet
  facet normal 0 -1 0
    outer loop
      vertex -8 0 -5.47148
      vertex -4 0 -5.47148
      vertex -4 0 3
    endloop
  endfacet
  facet normal 0 -1 0
    outer loop
      vertex -8.00308 0 -5.54996
      vertex -4 0 -5.47148
      vertex -8 0 -5.47148
    endloop
  endfacet
  facet normal 0 -1 0
    outer loop
      vertex -8.00308 0 -5.54996
      vertex -4.01543 0 -5.86385
      vertex -4 0 -5.47148
    endloop
  endfacet
  facet normal 0 -1 0
    outer loop
      vertex -8.04002 0 -6.01926
      vertex -4.01543 0 -5.86385
      vertex -8.00308 0 -5.54996
    endloop
  endfacet
  facet normal 0 -1 0
    outer loop
      vertex -4.05237 0 -6.33315
      vertex -8.04002 0 -6.01926
      vertex -8.06876 0 -6.19101
    endloop
  endfacet
  facet normal 0 -1 0
    outer loop
      vertex -8.04002 0 -6.01926
      vertex -4.05237 0 -6.33315
      vertex -4.01543 0 -5.86385
    endloop
  endfacet
  facet normal 0 -1 0
    outer loop
      vertex -4.196 0 -7.19191
      vertex -8.06876 0 -6.19101
      vertex -8.21243 0 -6.74693
    endloop
  endfacet
  facet normal 0 -1 0
    outer loop
      vertex -4.33968 0 -7.74783
      vertex -8.21243 0 -6.74693
      vertex -8.24083 0 -6.83844
    endloop
  endfacet
  facet normal 0 -1 0
    outer loop
      vertex -8.06876 0 -6.19101
      vertex -4.196 0 -7.19191
      vertex -4.05237 0 -6.33315
    endloop
  endfacet
  facet normal 0 -1 0
    outer loop
      vertex -8.21243 0 -6.74693
      vertex -4.33968 0 -7.74783
      vertex -4.196 0 -7.19191
    endloop
  endfacet
  facet normal 0 -1 0
    outer loop
      vertex -4.48166 0 -8.20541
      vertex -8.24083 0 -6.83844
      vertex -8.72058 0 -8.15776
    endloop
  endfacet
  facet normal 0 -1 0
    outer loop
      vertex -8.24083 0 -6.83844
      vertex -4.48166 0 -8.20541
      vertex -4.33968 0 -7.74783
    endloop
  endfacet
  facet normal 0 -1 0
    outer loop
      vertex -8.72058 0 -14.1933
      vertex -4.48166 0 -8.20541
      vertex -8.72058 0 -8.15776
    endloop
  endfacet
  facet normal 0 -1 0
    outer loop
      vertex -7.86528 0 -17.5104
      vertex -8.72058 0 -14.1933
      vertex -8.79807 0 -14.4191
    endloop
  endfacet
  facet normal 0 -1 0
    outer loop
      vertex -7.86528 0 -17.5104
      vertex -8.79807 0 -14.4191
      vertex -8.83112 0 -14.5149
    endloop
  endfacet
  facet normal 0 -1 0
    outer loop
      vertex -7.86528 0 -17.5104
      vertex -8.83112 0 -14.5149
      vertex -8.88455 0 -14.6284
    endloop
  endfacet
  facet normal 0 -1 0
    outer loop
      vertex -7.86528 0 -17.5104
      vertex -8.88455 0 -14.6284
      vertex -8.9107 0 -14.6704
    endloop
  endfacet
  facet normal 0 -1 0
    outer loop
      vertex -11.9253 0 -16.7818
      vertex -10.9318 0 -16.4852
      vertex -11.8493 0 -16.6445
    endloop
  endfacet
  facet normal 0 -1 0
    outer loop
      vertex -12.185 0 -17.1744
      vertex -10.9318 0 -16.4852
      vertex -11.9253 0 -16.7818
    endloop
  endfacet
  facet normal 0 -1 0
    outer loop
      vertex -8.8488 0 -19.3812
      vertex -10.9318 0 -16.4852
      vertex -12.185 0 -17.1744
    endloop
  endfacet
  facet normal 0 -1 0
    outer loop
      vertex -8.8488 0 -19.3812
      vertex -12.185 0 -17.1744
      vertex -12.2816 0 -17.2981
    endloop
  endfacet
  facet normal 0 -1 0
    outer loop
      vertex -8.72058 0 -14.1933
      vertex -7.86528 0 -17.5104
      vertex -4.48166 0 -8.20541
    endloop
  endfacet
  facet normal 0 -1 0
    outer loop
      vertex -9.89241 0 -15.8448
      vertex -7.86528 0 -17.5104
      vertex -8.9107 0 -14.6704
    endloop
  endfacet
  facet normal 0 -1 0
    outer loop
      vertex -10.1526 0 -16.1485
      vertex -7.86528 0 -17.5104
      vertex -9.89241 0 -15.8448
    endloop
  endfacet
  facet normal 0 -1 0
    outer loop
      vertex -8.20892 0 -18.3022
      vertex -10.1526 0 -16.1485
      vertex -10.5108 0 -16.3692
    endloop
  endfacet
  facet normal 0 -1 0
    outer loop
      vertex -10.9318 0 -16.4852
      vertex -8.8488 0 -19.3812
      vertex -10.5108 0 -16.3692
    endloop
  endfacet
  facet normal 0 -1 0
    outer loop
      vertex -9.33159 0 -19.9995
      vertex -12.2816 0 -17.2981
      vertex -12.5995 0 -17.6452
    endloop
  endfacet
  facet normal 0 -1 0
    outer loop
      vertex -9.64952 0 -20.3467
      vertex -12.5995 0 -17.6452
      vertex -12.7142 0 -17.7523
    endloop
  endfacet
  facet normal 0 -1 0
    outer loop
      vertex -10.1526 0 -16.1485
      vertex -8.01382 0 -17.8738
      vertex -7.86528 0 -17.5104
    endloop
  endfacet
  facet normal 0 -1 0
    outer loop
      vertex -10.2233 0 -20.8821
      vertex -12.7142 0 -17.7523
      vertex -13.0826 0 -18.0455
    endloop
  endfacet
  facet normal 0 -1 0
    outer loop
      vertex -10.5916 0 -21.1752
      vertex -13.0826 0 -18.0455
      vertex -13.2207 0 -18.1378
    endloop
  endfacet
  facet normal 0 -1 0
    outer loop
      vertex -10.1526 0 -16.1485
      vertex -8.20892 0 -18.3022
      vertex -8.01382 0 -17.8738
    endloop
  endfacet
  facet normal 0 -1 0
    outer loop
      vertex -11.282 0 -21.6366
      vertex -13.2207 0 -18.1378
      vertex -13.6806 0 -18.3926
    endloop
  endfacet
  facet normal 0 -1 0
    outer loop
      vertex -11.7419 0 -21.8914
      vertex -13.6806 0 -18.3926
      vertex -13.7591 0 -18.4317
    endloop
  endfacet
  facet normal 0 -1 0
    outer loop
      vertex -10.5108 0 -16.3692
      vertex -8.5891 0 -18.9885
      vertex -8.20892 0 -18.3022
    endloop
  endfacet
  facet normal 0 -1 0
    outer loop
      vertex -10.5108 0 -16.3692
      vertex -8.8488 0 -19.3812
      vertex -8.5891 0 -18.9885
    endloop
  endfacet
  facet normal 0 -1 0
    outer loop
      vertex -12.2816 0 -17.2981
      vertex -9.33159 0 -19.9995
      vertex -8.8488 0 -19.3812
    endloop
  endfacet
  facet normal 0 -1 0
    outer loop
      vertex -12.5995 0 -17.6452
      vertex -9.64952 0 -20.3467
      vertex -9.33159 0 -19.9995
    endloop
  endfacet
  facet normal 0 -1 0
    outer loop
      vertex -12.7142 0 -17.7523
      vertex -10.2233 0 -20.8821
      vertex -9.64952 0 -20.3467
    endloop
  endfacet
  facet normal 0 -1 0
    outer loop
      vertex -13.0826 0 -18.0455
      vertex -10.5916 0 -21.1752
      vertex -10.2233 0 -20.8821
    endloop
  endfacet
  facet normal 0 -1 0
    outer loop
      vertex -12.1345 0 -22.0869
      vertex -13.7591 0 -18.4317
      vertex -20.9321 0 -21.6197
    endloop
  endfacet
  facet normal 0 -1 0
    outer loop
      vertex -13.6806 0 -18.3926
      vertex -11.7419 0 -21.8914
      vertex -11.282 0 -21.6366
    endloop
  endfacet
  facet normal 0 -1 0
    outer loop
      vertex -19.3076 0 -25.2749
      vertex -20.9321 0 -21.6197
      vertex -21.0051 0 -21.6488
    endloop
  endfacet
  facet normal 0 -1 0
    outer loop
      vertex -19.6724 0 -25.4202
      vertex -21.0051 0 -21.6488
      vertex -21.4489 0 -21.8056
    endloop
  endfacet
  facet normal 0 -1 0
    outer loop
      vertex -20.1162 0 -25.5771
      vertex -21.4489 0 -21.8056
      vertex -21.6005 0 -21.8461
    endloop
  endfacet
  facet normal 0 -1 0
    outer loop
      vertex -13.2207 0 -18.1378
      vertex -11.282 0 -21.6366
      vertex -10.5916 0 -21.1752
    endloop
  endfacet
  facet normal 0 -1 0
    outer loop
      vertex -20.8742 0 -25.7796
      vertex -21.6005 0 -21.8461
      vertex -22.0635 0 -21.9316
    endloop
  endfacet
  facet normal 0 -1 0
    outer loop
      vertex -21.3371 0 -25.8651
      vertex -22.0635 0 -21.9316
      vertex -22.2208 0 -21.9479
    endloop
  endfacet
  facet normal 0 -1 0
    outer loop
      vertex -22.1236 0 -25.9467
      vertex -22.2208 0 -21.9479
      vertex -22.6988 0 -21.9595
    endloop
  endfacet
  facet normal 0 -1 0
    outer loop
      vertex -13.7591 0 -18.4317
      vertex -12.1345 0 -22.0869
      vertex -11.7419 0 -21.8914
    endloop
  endfacet
  facet normal 0 -1 0
    outer loop
      vertex -76 0 19.4
      vertex 19 0 18.2
      vertex 70 0 19.4
    endloop
  endfacet
  facet normal 0 -1 0
    outer loop
      vertex -12 0 7
      vertex -76 0 19.4
      vertex -47.6577 0 7
    endloop
  endfacet
  facet normal 0 -1 0
    outer loop
      vertex -76 0 19.4
      vertex -47.7706 0 6.99361
      vertex -47.6577 0 7
    endloop
  endfacet
  facet normal 0 -1 0
    outer loop
      vertex -76 0 19.4
      vertex -48.4436 0 6.91714
      vertex -47.7706 0 6.99361
    endloop
  endfacet
  facet normal 0 -1 0
    outer loop
      vertex -76 0 19.4
      vertex -48.6308 0 6.87744
      vertex -48.4436 0 6.91714
    endloop
  endfacet
  facet normal 0 -1 0
    outer loop
      vertex -55.0454 0 6.03078
      vertex -48.6308 0 6.87744
      vertex -76 0 19.4
    endloop
  endfacet
  facet normal 0 -1 0
    outer loop
      vertex -48.6308 0 6.87744
      vertex -55.0454 0 6.03078
      vertex -49.0798 0 6.73616
    endloop
  endfacet
  facet normal 0 -1 0
    outer loop
      vertex -49.0798 0 6.73616
      vertex -55.0454 0 6.03078
      vertex -49.2253 0 6.67747
    endloop
  endfacet
  facet normal 0 -1 0
    outer loop
      vertex -49.2253 0 6.67747
      vertex -55.0454 0 6.03078
      vertex -49.6468 0 6.4677
    endloop
  endfacet
  facet normal 0 -1 0
    outer loop
      vertex -49.6468 0 6.4677
      vertex -55.0454 0 6.03078
      vertex -49.7814 0 6.38696
    endloop
  endfacet
  facet normal 0 -1 0
    outer loop
      vertex -55.0454 0 6.03078
      vertex -76 0 19.4
      vertex -66 0 6.03078
    endloop
  endfacet
  facet normal 0 -1 0
    outer loop
      vertex -76 0 6
      vertex -66 0 6.03078
      vertex -76 0 19.4
    endloop
  endfacet
  facet normal 0 -1 -0
    outer loop
      vertex -66 0 6.03078
      vertex -76 0 6
      vertex -66 0 6
    endloop
  endfacet
  facet normal 0 -1 0
    outer loop
      vertex 43 0 18.2
      vertex 70 0 19.4
      vertex 19 0 18.2
    endloop
  endfacet
  facet normal 0 -1 0
    outer loop
      vertex 47.6577 0 7
      vertex 43 0 18.2
      vertex 43 0 7
    endloop
  endfacet
  facet normal 0 -1 0
    outer loop
      vertex 47.7706 0 6.99361
      vertex 43 0 18.2
      vertex 47.6577 0 7
    endloop
  endfacet
  facet normal 0 -1 0
    outer loop
      vertex 48.4436 0 6.91714
      vertex 43 0 18.2
      vertex 47.7706 0 6.99361
    endloop
  endfacet
  facet normal 0 -1 0
    outer loop
      vertex 48.6308 0 6.87744
      vertex 43 0 18.2
      vertex 48.4436 0 6.91714
    endloop
  endfacet
  facet normal 0 -1 0
    outer loop
      vertex 49.0798 0 6.73616
      vertex 43 0 18.2
      vertex 48.6308 0 6.87744
    endloop
  endfacet
  facet normal 0 -1 0
    outer loop
      vertex 49.2253 0 6.67747
      vertex 43 0 18.2
      vertex 49.0798 0 6.73616
    endloop
  endfacet
  facet normal 0 -1 0
    outer loop
      vertex 43 0 18.2
      vertex 49.2253 0 6.67747
      vertex 55.0454 0 6.03078
    endloop
  endfacet
  facet normal 0 -1 0
    outer loop
      vertex 55.0454 0 6.03078
      vertex 49.2253 0 6.67747
      vertex 49.6468 0 6.4677
    endloop
  endfacet
  facet normal 0 -1 0
    outer loop
      vertex 55.0454 0 6.03078
      vertex 49.6468 0 6.4677
      vertex 49.7814 0 6.38696
    endloop
  endfacet
  facet normal 0 -1 0
    outer loop
      vertex 55.0454 0 6.03078
      vertex 49.7814 0 6.38696
      vertex 50.1648 0 6.11383
    endloop
  endfacet
  facet normal 0 -1 0
    outer loop
      vertex 43 0 18.2
      vertex 55.0454 0 6.03078
      vertex 70 0 19.4
    endloop
  endfacet
  facet normal 0 -1 0
    outer loop
      vertex 66 0 6.03078
      vertex 70 0 19.4
      vertex 55.0454 0 6.03078
    endloop
  endfacet
  facet normal 0 -1 0
    outer loop
      vertex 70 0 6
      vertex 66 0 6.03078
      vertex 66 0 6
    endloop
  endfacet
  facet normal 0 -1 0
    outer loop
      vertex 66 0 6.03078
      vertex 70 0 6
      vertex 70 0 19.4
    endloop
  endfacet
  facet normal 0 -1 0
    outer loop
      vertex -76 0 19.4
      vertex -12 0 7
      vertex 19 0 18.2
    endloop
  endfacet
  facet normal 0 -1 0
    outer loop
      vertex -11.9215 0 6.99692
      vertex 19 0 18.2
      vertex -12 0 7
    endloop
  endfacet
  facet normal 0 -1 -0
    outer loop
      vertex 19 0 18.2
      vertex 12 0 7
      vertex 19 0 7
    endloop
  endfacet
  facet normal 0 -1 0
    outer loop
      vertex -49.7814 0 6.38696
      vertex -55.0454 0 6.03078
      vertex -50.1648 0 6.11383
    endloop
  endfacet
  facet normal 0 -1 0
    outer loop
      vertex -55.0454 0 6.03078
      vertex -50.285 0 6.01303
      vertex -50.1648 0 6.11383
    endloop
  endfacet
  facet normal 0 -1 0
    outer loop
      vertex -51.3666 0 4.49185
      vertex -55.0454 0 6.03078
      vertex -55.159 0 5.76349
    endloop
  endfacet
  facet normal 0 -1 0
    outer loop
      vertex -55.0454 0 6.03078
      vertex -50.621 0 5.68329
      vertex -50.285 0 6.01303
    endloop
  endfacet
  facet normal 0 -1 0
    outer loop
      vertex -55.0454 0 6.03078
      vertex -50.724 0 5.56494
      vertex -50.621 0 5.68329
    endloop
  endfacet
  facet normal 0 -1 0
    outer loop
      vertex -51.3666 0 4.49185
      vertex -55.159 0 5.76349
      vertex -55.3087 0 5.31715
    endloop
  endfacet
  facet normal 0 -1 0
    outer loop
      vertex -55.0454 0 6.03078
      vertex -51.0043 0 5.18671
      vertex -50.724 0 5.56494
    endloop
  endfacet
  facet normal 0 -1 0
    outer loop
      vertex -55.0454 0 6.03078
      vertex -51.0875 0 5.05368
      vertex -51.0043 0 5.18671
    endloop
  endfacet
  facet normal 0 -1 0
    outer loop
      vertex -51.5162 0 4.04552
      vertex -55.3087 0 5.31715
      vertex -55.4188 0 4.94028
    endloop
  endfacet
  facet normal 0 -1 0
    outer loop
      vertex -55.0454 0 6.03078
      vertex -51.3052 0 4.63625
      vertex -51.0875 0 5.05368
    endloop
  endfacet
  facet normal 0 -1 0
    outer loop
      vertex -55.0454 0 6.03078
      vertex -51.3666 0 4.49185
      vertex -51.3052 0 4.63625
    endloop
  endfacet
  facet normal 0 -1 0
    outer loop
      vertex -55.3087 0 5.31715
      vertex -51.5162 0 4.04552
      vertex -51.3666 0 4.49185
    endloop
  endfacet
  facet normal 0 -1 0
    outer loop
      vertex -55.4188 0 4.94028
      vertex -51.5382 0 3.97014
      vertex -51.5162 0 4.04552
    endloop
  endfacet
  facet normal 0 -1 0
    outer loop
      vertex -56.6388 0 0.0601959
      vertex -51.5382 0 3.97014
      vertex -55.4188 0 4.94028
    endloop
  endfacet
  facet normal 0 -1 0
    outer loop
      vertex -52.7583 0 -0.909943
      vertex -56.6388 0 0.0601959
      vertex -56.6912 0 -0.172821
    endloop
  endfacet
  facet normal 0 -1 0
    outer loop
      vertex -52.7687 0 -0.956543
      vertex -56.6912 0 -0.172821
      vertex -56.7473 0 -0.453629
    endloop
  endfacet
  facet normal 0 -1 0
    outer loop
      vertex -56.6388 0 0.0601959
      vertex -52.7583 0 -0.909943
      vertex -51.5382 0 3.97014
    endloop
  endfacet
  facet normal 0 -1 0
    outer loop
      vertex -56.6912 0 -0.172821
      vertex -52.7687 0 -0.956543
      vertex -52.7583 0 -0.909943
    endloop
  endfacet
  facet normal 0 -1 0
    outer loop
      vertex -52.8248 0 -1.23735
      vertex -56.7473 0 -0.453629
      vertex -56.8316 0 -1.07884
    endloop
  endfacet
  facet normal 0 -1 0
    outer loop
      vertex -56.7473 0 -0.453629
      vertex -52.8248 0 -1.23735
      vertex -52.7687 0 -0.956543
    endloop
  endfacet
  facet normal 0 -1 0
    outer loop
      vertex -56.8316 0 -1.07884
      vertex -52.8417 0 -1.3624
      vertex -52.8248 0 -1.23735
    endloop
  endfacet
  facet normal 0 -1 0
    outer loop
      vertex -56.865 0 -1.5484
      vertex -52.8417 0 -1.3624
      vertex -56.8316 0 -1.07884
    endloop
  endfacet
  facet normal 0 -1 0
    outer loop
      vertex -56.865 0 -1.5484
      vertex -52.8751 0 -1.83195
      vertex -52.8417 0 -1.3624
    endloop
  endfacet
  facet normal 0 -1 0
    outer loop
      vertex -56.865 0 -1.5484
      vertex -52.8739 0 -1.98888
      vertex -52.8751 0 -1.83195
    endloop
  endfacet
  facet normal 0 -1 0
    outer loop
      vertex -56.8591 0 -2.33298
      vertex -52.8739 0 -1.98888
      vertex -56.865 0 -1.5484
    endloop
  endfacet
  facet normal 0 -1 0
    outer loop
      vertex -56.8591 0 -2.33298
      vertex -52.8334 0 -2.45789
      vertex -52.8739 0 -1.98888
    endloop
  endfacet
  facet normal 0 -1 0
    outer loop
      vertex -56.8186 0 -2.80199
      vertex -52.8334 0 -2.45789
      vertex -56.8591 0 -2.33298
    endloop
  endfacet
  facet normal 0 -1 -0
    outer loop
      vertex -52.8334 0 -2.45789
      vertex -56.8186 0 -2.80199
      vertex -52.8077 0 -2.61266
    endloop
  endfacet
  facet normal 0 -1 0
    outer loop
      vertex -56.69 0 -3.57584
      vertex -52.8077 0 -2.61266
      vertex -56.8186 0 -2.80199
    endloop
  endfacet
  facet normal 0 -1 -0
    outer loop
      vertex -52.8077 0 -2.61266
      vertex -56.69 0 -3.57584
      vertex -52.6943 0 -3.06956
    endloop
  endfacet
  facet normal 0 -1 0
    outer loop
      vertex -56.5766 0 -4.03275
      vertex -52.6943 0 -3.06956
      vertex -56.69 0 -3.57584
    endloop
  endfacet
  facet normal 0 -1 -0
    outer loop
      vertex -52.6943 0 -3.06956
      vertex -56.5766 0 -4.03275
      vertex -52.6724 0 -3.14499
    endloop
  endfacet
  facet normal 0 -1 0
    outer loop
      vertex -56.4672 0 -4.4099
      vertex -52.6724 0 -3.14499
      vertex -56.5766 0 -4.03275
    endloop
  endfacet
  facet normal 0 -1 0
    outer loop
      vertex -56.4672 0 -4.4099
      vertex -49.245 0 -13.4272
      vertex -52.6724 0 -3.14499
    endloop
  endfacet
  facet normal 0 -1 0
    outer loop
      vertex -53.0398 0 -14.6921
      vertex -49.245 0 -13.4272
      vertex -56.4672 0 -4.4099
    endloop
  endfacet
  facet normal 0 -1 -0
    outer loop
      vertex -49.245 0 -13.4272
      vertex -53.0398 0 -14.6921
      vertex -49.2217 0 -13.4902
    endloop
  endfacet
  facet normal 0 -1 0
    outer loop
      vertex -52.9229 0 -15.0069
      vertex -49.2217 0 -13.4902
      vertex -53.0398 0 -14.6921
    endloop
  endfacet
  facet normal 0 -1 -0
    outer loop
      vertex -49.2217 0 -13.4902
      vertex -52.9229 0 -15.0069
      vertex -49.069 0 -13.8627
    endloop
  endfacet
  facet normal 0 -1 0
    outer loop
      vertex -52.7703 0 -15.3795
      vertex -49.069 0 -13.8627
      vertex -52.9229 0 -15.0069
    endloop
  endfacet
  facet normal 0 -1 -0
    outer loop
      vertex -49.069 0 -13.8627
      vertex -52.7703 0 -15.3795
      vertex -49.0042 0 -13.993
    endloop
  endfacet
  facet normal 0 -1 0
    outer loop
      vertex -52.446 0 -16.031
      vertex -49.0042 0 -13.993
      vertex -52.7703 0 -15.3795
    endloop
  endfacet
  facet normal 0 -1 -0
    outer loop
      vertex -49.0042 0 -13.993
      vertex -52.446 0 -16.031
      vertex -48.7643 0 -14.3981
    endloop
  endfacet
  facet normal 0 -1 0
    outer loop
      vertex -52.2062 0 -16.4361
      vertex -48.7643 0 -14.3981
      vertex -52.446 0 -16.031
    endloop
  endfacet
  facet normal 0 -1 -0
    outer loop
      vertex -48.7643 0 -14.3981
      vertex -52.2062 0 -16.4361
      vertex -48.674 0 -14.5264
    endloop
  endfacet
  facet normal 0 -1 0
    outer loop
      vertex -51.7547 0 -17.0778
      vertex -48.674 0 -14.5264
      vertex -52.2062 0 -16.4361
    endloop
  endfacet
  facet normal 0 -1 -0
    outer loop
      vertex -48.674 0 -14.5264
      vertex -51.7547 0 -17.0778
      vertex -48.3737 0 -14.889
    endloop
  endfacet
  facet normal 0 -1 0
    outer loop
      vertex -51.4544 0 -17.4403
      vertex -48.3737 0 -14.889
      vertex -51.7547 0 -17.0778
    endloop
  endfacet
  facet normal 0 -1 -0
    outer loop
      vertex -48.3737 0 -14.889
      vertex -51.4544 0 -17.4403
      vertex -48.2645 0 -15.0016
    endloop
  endfacet
  facet normal 0 -1 0
    outer loop
      vertex -50.9082 0 -18.0034
      vertex -48.2645 0 -15.0016
      vertex -51.4544 0 -17.4403
    endloop
  endfacet
  facet normal 0 -1 -0
    outer loop
      vertex -48.2645 0 -15.0016
      vertex -50.9082 0 -18.0034
      vertex -47.9112 0 -15.3127
    endloop
  endfacet
  facet normal 0 -1 0
    outer loop
      vertex -50.5549 0 -18.3145
      vertex -47.9112 0 -15.3127
      vertex -50.9082 0 -18.0034
    endloop
  endfacet
  facet normal 0 -1 -0
    outer loop
      vertex -47.9112 0 -15.3127
      vertex -50.5549 0 -18.3145
      vertex -47.8503 0 -15.3623
    endloop
  endfacet
  facet normal 0 -1 0
    outer loop
      vertex -50.2503 0 -18.5623
      vertex -47.8503 0 -15.3623
      vertex -50.5549 0 -18.3145
    endloop
  endfacet
  facet normal 0 -1 0
    outer loop
      vertex -50.2503 0 -18.5623
      vertex -41.3267 0 -20.255
      vertex -47.8503 0 -15.3623
    endloop
  endfacet
  facet normal 0 -1 0
    outer loop
      vertex -43.7267 0 -23.455
      vertex -41.3267 0 -20.255
      vertex -50.2503 0 -18.5623
    endloop
  endfacet
  facet normal 0 -1 -0
    outer loop
      vertex -41.3267 0 -20.255
      vertex -43.7267 0 -23.455
      vertex -41.279 0 -20.2887
    endloop
  endfacet
  facet normal 0 -1 0
    outer loop
      vertex -43.4882 0 -23.6232
      vertex -41.279 0 -20.2887
      vertex -43.7267 0 -23.455
    endloop
  endfacet
  facet normal 0 -1 -0
    outer loop
      vertex -41.279 0 -20.2887
      vertex -43.4882 0 -23.6232
      vertex -40.9871 0 -20.482
    endloop
  endfacet
  facet normal 0 -1 0
    outer loop
      vertex -43.1963 0 -23.8166
      vertex -40.9871 0 -20.482
      vertex -43.4882 0 -23.6232
    endloop
  endfacet
  facet normal 0 -1 -0
    outer loop
      vertex -40.9871 0 -20.482
      vertex -43.1963 0 -23.8166
      vertex -40.8681 0 -20.5496
    endloop
  endfacet
  facet normal 0 -1 0
    outer loop
      vertex -42.6015 0 -24.1545
      vertex -40.8681 0 -20.5496
      vertex -43.1963 0 -23.8166
    endloop
  endfacet
  facet normal 0 -1 -0
    outer loop
      vertex -40.8681 0 -20.5496
      vertex -42.6015 0 -24.1545
      vertex -40.4439 0 -20.7536
    endloop
  endfacet
  facet normal 0 -1 0
    outer loop
      vertex -42.1773 0 -24.3585
      vertex -40.4439 0 -20.7536
      vertex -42.6015 0 -24.1545
    endloop
  endfacet
  facet normal 0 -1 -0
    outer loop
      vertex -40.4439 0 -20.7536
      vertex -42.1773 0 -24.3585
      vertex -40.2976 0 -20.8103
    endloop
  endfacet
  facet normal 0 -1 0
    outer loop
      vertex -41.4456 0 -24.642
      vertex -40.2976 0 -20.8103
      vertex -42.1773 0 -24.3585
    endloop
  endfacet
  facet normal 0 -1 -0
    outer loop
      vertex -39.1485 0 -21.0488
      vertex -39.3704 0 -25.0427
      vertex -22.7785 0 -21.9583
    endloop
  endfacet
  facet normal 0 -1 0
    outer loop
      vertex -23.0004 0 -25.9521
      vertex -22.7785 0 -21.9583
      vertex -39.3704 0 -25.0427
    endloop
  endfacet
  facet normal 0 -1 -0
    outer loop
      vertex -40.2976 0 -20.8103
      vertex -41.4456 0 -24.642
      vertex -39.8466 0 -20.9454
    endloop
  endfacet
  facet normal 0 -1 0
    outer loop
      vertex -40.9947 0 -24.7771
      vertex -39.8466 0 -20.9454
      vertex -41.4456 0 -24.642
    endloop
  endfacet
  facet normal 0 -1 -0
    outer loop
      vertex -39.8466 0 -20.9454
      vertex -40.9947 0 -24.7771
      vertex -39.6932 0 -20.9785
    endloop
  endfacet
  facet normal 0 -1 0
    outer loop
      vertex -40.2278 0 -24.9426
      vertex -39.6932 0 -20.9785
      vertex -40.9947 0 -24.7771
    endloop
  endfacet
  facet normal 0 -1 -0
    outer loop
      vertex -39.6932 0 -20.9785
      vertex -40.2278 0 -24.9426
      vertex -39.2267 0 -21.0414
    endloop
  endfacet
  facet normal 0 -1 0
    outer loop
      vertex -39.7613 0 -25.0055
      vertex -39.2267 0 -21.0414
      vertex -40.2278 0 -24.9426
    endloop
  endfacet
  facet normal 0 -1 -0
    outer loop
      vertex -39.2267 0 -21.0414
      vertex -39.7613 0 -25.0055
      vertex -39.1485 0 -21.0488
    endloop
  endfacet
  facet normal 0 -1 0
    outer loop
      vertex -39.1485 0 -21.0488
      vertex -39.7613 0 -25.0055
      vertex -39.3704 0 -25.0427
    endloop
  endfacet
  facet normal 0 -1 -0
    outer loop
      vertex -22.7785 0 -21.9583
      vertex -23.0004 0 -25.9521
      vertex -22.6988 0 -21.9595
    endloop
  endfacet
  facet normal 0 -1 0
    outer loop
      vertex -22.6017 0 -25.9583
      vertex -22.6988 0 -21.9595
      vertex -23.0004 0 -25.9521
    endloop
  endfacet
  facet normal 0 -1 0
    outer loop
      vertex -20.9321 0 -21.6197
      vertex -19.3076 0 -25.2749
      vertex -12.1345 0 -22.0869
    endloop
  endfacet
  facet normal 0 -1 0
    outer loop
      vertex -21.0051 0 -21.6488
      vertex -19.6724 0 -25.4202
      vertex -19.3076 0 -25.2749
    endloop
  endfacet
  facet normal -0 -1 0
    outer loop
      vertex -22.1236 0 -25.9467
      vertex -22.6988 0 -21.9595
      vertex -22.6017 0 -25.9583
    endloop
  endfacet
  facet normal 0 -1 0
    outer loop
      vertex -21.4489 0 -21.8056
      vertex -20.1162 0 -25.5771
      vertex -19.6724 0 -25.4202
    endloop
  endfacet
  facet normal 0 -1 0
    outer loop
      vertex -21.6005 0 -21.8461
      vertex -20.8742 0 -25.7796
      vertex -20.1162 0 -25.5771
    endloop
  endfacet
  facet normal 0 -1 0
    outer loop
      vertex -22.0635 0 -21.9316
      vertex -21.3371 0 -25.8651
      vertex -20.8742 0 -25.7796
    endloop
  endfacet
  facet normal 0 -1 0
    outer loop
      vertex -22.2208 0 -21.9479
      vertex -22.1236 0 -25.9467
      vertex -21.3371 0 -25.8651
    endloop
  endfacet
  facet normal 0 -1 0
    outer loop
      vertex 9.71414 0 6.27968
      vertex 4.60627 0 6.03078
      vertex 9.58722 0 6.18747
    endloop
  endfacet
  facet normal 0 -1 0
    outer loop
      vertex 4.60627 0 6.03078
      vertex 9.22925 0 5.88174
      vertex 9.58722 0 6.18747
    endloop
  endfacet
  facet normal 0 -1 0
    outer loop
      vertex 8.22295 0 4.30972
      vertex 4.60627 0 6.03078
      vertex 4.52742 0 5.84042
    endloop
  endfacet
  facet normal 0 -1 0
    outer loop
      vertex 4.60627 0 6.03078
      vertex 9.11826 0 5.77075
      vertex 9.22925 0 5.88174
    endloop
  endfacet
  facet normal 0 -1 0
    outer loop
      vertex 4.60627 0 6.03078
      vertex 8.81253 0 5.41278
      vertex 9.11826 0 5.77075
    endloop
  endfacet
  facet normal 0 -1 0
    outer loop
      vertex 4.60627 0 6.03078
      vertex 8.72032 0 5.28586
      vertex 8.81253 0 5.41278
    endloop
  endfacet
  facet normal 0 -1 0
    outer loop
      vertex 8.22295 0 4.30972
      vertex 4.52742 0 5.84042
      vertex 4.28499 0 5.09425
    endloop
  endfacet
  facet normal 0 -1 0
    outer loop
      vertex 4.60627 0 6.03078
      vertex 8.47435 0 4.88448
      vertex 8.72032 0 5.28586
    endloop
  endfacet
  facet normal 0 -1 0
    outer loop
      vertex 4.60627 0 6.03078
      vertex 8.40309 0 4.74464
      vertex 8.47435 0 4.88448
    endloop
  endfacet
  facet normal 0 -1 0
    outer loop
      vertex 8.17447 0 4.16049
      vertex 4.28499 0 5.09425
      vertex 4.17509 0 4.63651
    endloop
  endfacet
  facet normal 0 -1 0
    outer loop
      vertex 4.60627 0 6.03078
      vertex 8.22295 0 4.30972
      vertex 8.40309 0 4.74464
    endloop
  endfacet
  facet normal 0 -1 0
    outer loop
      vertex 4.28499 0 5.09425
      vertex 8.17447 0 4.16049
      vertex 8.22295 0 4.30972
    endloop
  endfacet
  facet normal 0 -1 0
    outer loop
      vertex 8.06458 0 3.70274
      vertex 4.17509 0 4.63651
      vertex 4.05237 0 3.86166
    endloop
  endfacet
  facet normal 0 -1 0
    outer loop
      vertex 4.17509 0 4.63651
      vertex 8.06458 0 3.70274
      vertex 8.17447 0 4.16049
    endloop
  endfacet
  facet normal 0 -1 0
    outer loop
      vertex 4.05237 0 3.86166
      vertex 8.04002 0 3.54778
      vertex 8.06458 0 3.70274
    endloop
  endfacet
  facet normal 0 -1 0
    outer loop
      vertex 4.01543 0 3.39236
      vertex 8.04002 0 3.54778
      vertex 4.05237 0 3.86166
    endloop
  endfacet
  facet normal 0 -1 0
    outer loop
      vertex 4.01543 0 3.39236
      vertex 8.00308 0 3.07848
      vertex 8.04002 0 3.54778
    endloop
  endfacet
  facet normal 0 -1 0
    outer loop
      vertex 4 0 3
      vertex 8.00308 0 3.07848
      vertex 4.01543 0 3.39236
    endloop
  endfacet
  facet normal 0 -1 0
    outer loop
      vertex 4 0 3
      vertex 8 0 3
      vertex 8.00308 0 3.07848
    endloop
  endfacet
  facet normal 0 -1 0
    outer loop
      vertex 4 0 -5.47148
      vertex 8 0 3
      vertex 4 0 3
    endloop
  endfacet
  facet normal 0 -1 0
    outer loop
      vertex 4 0 -5.47148
      vertex 8 0 -5.47148
      vertex 8 0 3
    endloop
  endfacet
  facet normal 0 -1 0
    outer loop
      vertex 4 0 -5.47148
      vertex 8.00308 0 -5.54996
      vertex 8 0 -5.47148
    endloop
  endfacet
  facet normal 0 -1 0
    outer loop
      vertex 4.01543 0 -5.86385
      vertex 8.00308 0 -5.54996
      vertex 4 0 -5.47148
    endloop
  endfacet
  facet normal 0 -1 0
    outer loop
      vertex 4.01543 0 -5.86385
      vertex 8.04002 0 -6.01926
      vertex 8.00308 0 -5.54996
    endloop
  endfacet
  facet normal 0 -1 0
    outer loop
      vertex 4.05237 0 -6.33315
      vertex 8.04002 0 -6.01926
      vertex 4.01543 0 -5.86385
    endloop
  endfacet
  facet normal 0 -1 -0
    outer loop
      vertex 8.04002 0 -6.01926
      vertex 4.05237 0 -6.33315
      vertex 8.06876 0 -6.19101
    endloop
  endfacet
  facet normal 0 -1 0
    outer loop
      vertex 4.196 0 -7.19191
      vertex 8.06876 0 -6.19101
      vertex 4.05237 0 -6.33315
    endloop
  endfacet
  facet normal 0 -1 -0
    outer loop
      vertex 8.06876 0 -6.19101
      vertex 4.196 0 -7.19191
      vertex 8.21243 0 -6.74693
    endloop
  endfacet
  facet normal 0 -1 0
    outer loop
      vertex 4.33968 0 -7.74783
      vertex 8.21243 0 -6.74693
      vertex 4.196 0 -7.19191
    endloop
  endfacet
  facet normal 0 -1 -0
    outer loop
      vertex 8.21243 0 -6.74693
      vertex 4.33968 0 -7.74783
      vertex 8.24083 0 -6.83844
    endloop
  endfacet
  facet normal 0 -1 0
    outer loop
      vertex 4.48166 0 -8.20541
      vertex 8.24083 0 -6.83844
      vertex 4.33968 0 -7.74783
    endloop
  endfacet
  facet normal 0 -1 -0
    outer loop
      vertex 8.24083 0 -6.83844
      vertex 4.48166 0 -8.20541
      vertex 8.72058 0 -8.15776
    endloop
  endfacet
  facet normal 0 -1 0
    outer loop
      vertex 4.48166 0 -8.20541
      vertex 8.72058 0 -14.1933
      vertex 8.72058 0 -8.15776
    endloop
  endfacet
  facet normal 0 -1 0
    outer loop
      vertex 7.86528 0 -17.5104
      vertex 8.72058 0 -14.1933
      vertex 4.48166 0 -8.20541
    endloop
  endfacet
  facet normal 0 -1 -0
    outer loop
      vertex 8.72058 0 -14.1933
      vertex 7.86528 0 -17.5104
      vertex 8.79807 0 -14.4191
    endloop
  endfacet
  facet normal 0 -1 -0
    outer loop
      vertex 8.79807 0 -14.4191
      vertex 7.86528 0 -17.5104
      vertex 8.83112 0 -14.5149
    endloop
  endfacet
  facet normal 0 -1 -0
    outer loop
      vertex 8.83112 0 -14.5149
      vertex 7.86528 0 -17.5104
      vertex 8.88455 0 -14.6284
    endloop
  endfacet
  facet normal 0 -1 0
    outer loop
      vertex 10.9318 0 -16.4852
      vertex 11.8493 0 -16.6445
      vertex 11.7767 0 -16.4852
    endloop
  endfacet
  facet normal 0 -1 0
    outer loop
      vertex 10.9318 0 -16.4852
      vertex 11.9253 0 -16.7818
      vertex 11.8493 0 -16.6445
    endloop
  endfacet
  facet normal 0 -1 0
    outer loop
      vertex 8.8488 0 -19.3812
      vertex 10.9318 0 -16.4852
      vertex 10.5108 0 -16.3692
    endloop
  endfacet
  facet normal 0 -1 0
    outer loop
      vertex 10.9318 0 -16.4852
      vertex 12.185 0 -17.1744
      vertex 11.9253 0 -16.7818
    endloop
  endfacet
  facet normal 0 -1 -0
    outer loop
      vertex 10.9318 0 -16.4852
      vertex 8.8488 0 -19.3812
      vertex 12.185 0 -17.1744
    endloop
  endfacet
  facet normal 0 -1 -0
    outer loop
      vertex 8.88455 0 -14.6284
      vertex 7.86528 0 -17.5104
      vertex 8.9107 0 -14.6704
    endloop
  endfacet
  facet normal 0 -1 0
    outer loop
      vertex 7.86528 0 -17.5104
      vertex 9.89241 0 -15.8448
      vertex 8.9107 0 -14.6704
    endloop
  endfacet
  facet normal 0 -1 0
    outer loop
      vertex 7.86528 0 -17.5104
      vertex 10.1526 0 -16.1485
      vertex 9.89241 0 -15.8448
    endloop
  endfacet
  facet normal 0 -1 0
    outer loop
      vertex 8.01382 0 -17.8738
      vertex 10.1526 0 -16.1485
      vertex 7.86528 0 -17.5104
    endloop
  endfacet
  facet normal 0 -1 0
    outer loop
      vertex 8.20892 0 -18.3022
      vertex 10.1526 0 -16.1485
      vertex 8.01382 0 -17.8738
    endloop
  endfacet
  facet normal 0 -1 -0
    outer loop
      vertex 10.1526 0 -16.1485
      vertex 8.20892 0 -18.3022
      vertex 10.5108 0 -16.3692
    endloop
  endfacet
  facet normal 0 -1 0
    outer loop
      vertex 8.5891 0 -18.9885
      vertex 10.5108 0 -16.3692
      vertex 8.20892 0 -18.3022
    endloop
  endfacet
  facet normal 0 -1 0
    outer loop
      vertex 8.8488 0 -19.3812
      vertex 10.5108 0 -16.3692
      vertex 8.5891 0 -18.9885
    endloop
  endfacet
  facet normal 0 -1 -0
    outer loop
      vertex 12.185 0 -17.1744
      vertex 8.8488 0 -19.3812
      vertex 12.2816 0 -17.2981
    endloop
  endfacet
  facet normal 0 -1 0
    outer loop
      vertex 9.33159 0 -19.9995
      vertex 12.2816 0 -17.2981
      vertex 8.8488 0 -19.3812
    endloop
  endfacet
  facet normal 0 -1 -0
    outer loop
      vertex 12.2816 0 -17.2981
      vertex 9.33159 0 -19.9995
      vertex 12.5995 0 -17.6452
    endloop
  endfacet
  facet normal 0 -1 0
    outer loop
      vertex 9.64952 0 -20.3467
      vertex 12.5995 0 -17.6452
      vertex 9.33159 0 -19.9995
    endloop
  endfacet
  facet normal 0 -1 -0
    outer loop
      vertex 12.5995 0 -17.6452
      vertex 9.64952 0 -20.3467
      vertex 12.7142 0 -17.7523
    endloop
  endfacet
  facet normal 0 -1 0
    outer loop
      vertex 10.2233 0 -20.8821
      vertex 12.7142 0 -17.7523
      vertex 9.64952 0 -20.3467
    endloop
  endfacet
  facet normal 0 -1 -0
    outer loop
      vertex 12.7142 0 -17.7523
      vertex 10.2233 0 -20.8821
      vertex 13.0826 0 -18.0455
    endloop
  endfacet
  facet normal 0 -1 0
    outer loop
      vertex 10.5916 0 -21.1752
      vertex 13.0826 0 -18.0455
      vertex 10.2233 0 -20.8821
    endloop
  endfacet
  facet normal 0 -1 -0
    outer loop
      vertex 13.0826 0 -18.0455
      vertex 10.5916 0 -21.1752
      vertex 13.2207 0 -18.1378
    endloop
  endfacet
  facet normal 0 -1 0
    outer loop
      vertex 11.282 0 -21.6366
      vertex 13.2207 0 -18.1378
      vertex 10.5916 0 -21.1752
    endloop
  endfacet
  facet normal 0 -1 -0
    outer loop
      vertex 13.2207 0 -18.1378
      vertex 11.282 0 -21.6366
      vertex 13.6806 0 -18.3926
    endloop
  endfacet
  facet normal 0 -1 0
    outer loop
      vertex 11.7419 0 -21.8914
      vertex 13.6806 0 -18.3926
      vertex 11.282 0 -21.6366
    endloop
  endfacet
  facet normal 0 -1 -0
    outer loop
      vertex 13.6806 0 -18.3926
      vertex 11.7419 0 -21.8914
      vertex 13.7591 0 -18.4317
    endloop
  endfacet
  facet normal 0 -1 0
    outer loop
      vertex 12.1345 0 -22.0869
      vertex 13.7591 0 -18.4317
      vertex 11.7419 0 -21.8914
    endloop
  endfacet
  facet normal 0 -1 -0
    outer loop
      vertex 13.7591 0 -18.4317
      vertex 12.1345 0 -22.0869
      vertex 20.9321 0 -21.6197
    endloop
  endfacet
  facet normal 0 -1 0
    outer loop
      vertex 19.3076 0 -25.2749
      vertex 20.9321 0 -21.6197
      vertex 12.1345 0 -22.0869
    endloop
  endfacet
  facet normal 0 -1 -0
    outer loop
      vertex 20.9321 0 -21.6197
      vertex 19.3076 0 -25.2749
      vertex 21.0051 0 -21.6488
    endloop
  endfacet
  facet normal 0 -1 0
    outer loop
      vertex 19.6724 0 -25.4202
      vertex 21.0051 0 -21.6488
      vertex 19.3076 0 -25.2749
    endloop
  endfacet
  facet normal 0 -1 -0
    outer loop
      vertex 21.0051 0 -21.6488
      vertex 19.6724 0 -25.4202
      vertex 21.4489 0 -21.8056
    endloop
  endfacet
  facet normal 0 -1 0
    outer loop
      vertex 20.1162 0 -25.5771
      vertex 21.4489 0 -21.8056
      vertex 19.6724 0 -25.4202
    endloop
  endfacet
  facet normal 0 -1 -0
    outer loop
      vertex 21.4489 0 -21.8056
      vertex 20.1162 0 -25.5771
      vertex 21.6005 0 -21.8461
    endloop
  endfacet
  facet normal 0.576333 0 -0.817215
    outer loop
      vertex 43.4882 0 -23.6232
      vertex 43.7267 6 -23.455
      vertex 43.7267 0 -23.455
    endloop
  endfacet
  facet normal 0.576333 0 -0.817215
    outer loop
      vertex 43.7267 6 -23.455
      vertex 43.4882 0 -23.6232
      vertex 43.4882 6 -23.6232
    endloop
  endfacet
  facet normal 0.959877 -0 0.280422
    outer loop
      vertex 55.3087 0 5.31715
      vertex 55.4188 6 4.94028
      vertex 55.3087 6 5.31715
    endloop
  endfacet
  facet normal 0.959877 0 0.280422
    outer loop
      vertex 55.4188 6 4.94028
      vertex 55.3087 0 5.31715
      vertex 55.4188 0 4.94028
    endloop
  endfacet
  facet normal 0.925397 0 -0.379
    outer loop
      vertex 52.9229 0 -15.0069
      vertex 52.7703 6 -15.3795
      vertex 52.9229 6 -15.0069
    endloop
  endfacet
  facet normal 0.925397 0 -0.379
    outer loop
      vertex 52.7703 6 -15.3795
      vertex 52.9229 0 -15.0069
      vertex 52.7703 0 -15.3795
    endloop
  endfacet
  facet normal -1 0 0
    outer loop
      vertex 4 0 -5.47148
      vertex 4 6 3
      vertex 4 6 -5.47148
    endloop
  endfacet
  facet normal -1 -0 0
    outer loop
      vertex 4 6 3
      vertex 4 0 -5.47148
      vertex 4 0 3
    endloop
  endfacet
  facet normal -0.33332 0 -0.942814
    outer loop
      vertex 19.6724 0 -25.4202
      vertex 20.1162 6 -25.5771
      vertex 20.1162 0 -25.5771
    endloop
  endfacet
  facet normal -0.33332 0 -0.942814
    outer loop
      vertex 20.1162 6 -25.5771
      vertex 19.6724 0 -25.4202
      vertex 19.6724 6 -25.4202
    endloop
  endfacet
  facet normal 0.970143 -0 0.242532
    outer loop
      vertex 55.4188 0 4.94028
      vertex 56.6388 6 0.0601959
      vertex 55.4188 6 4.94028
    endloop
  endfacet
  facet normal 0.970143 0 0.242532
    outer loop
      vertex 56.6388 6 0.0601959
      vertex 55.4188 0 4.94028
      vertex 56.6388 0 0.0601959
    endloop
  endfacet
  facet normal -0.910068 0 -0.414459
    outer loop
      vertex 8.20892 0 -18.3022
      vertex 8.01382 6 -17.8738
      vertex 8.20892 6 -18.3022
    endloop
  endfacet
  facet normal -0.910068 -0 -0.414459
    outer loop
      vertex 8.01382 6 -17.8738
      vertex 8.20892 0 -18.3022
      vertex 8.01382 0 -17.8738
    endloop
  endfacet
  facet normal -0.103197 0 -0.994661
    outer loop
      vertex 21.3371 0 -25.8651
      vertex 22.1236 6 -25.9467
      vertex 22.1236 0 -25.9467
    endloop
  endfacet
  facet normal -0.103197 0 -0.994661
    outer loop
      vertex 22.1236 6 -25.9467
      vertex 21.3371 0 -25.8651
      vertex 21.3371 6 -25.8651
    endloop
  endfacet
  facet normal -0.445754 0 -0.895156
    outer loop
      vertex 11.7419 0 -21.8914
      vertex 12.1345 6 -22.0869
      vertex 12.1345 0 -22.0869
    endloop
  endfacet
  facet normal -0.445754 0 -0.895156
    outer loop
      vertex 12.1345 6 -22.0869
      vertex 11.7419 0 -21.8914
      vertex 11.7419 6 -21.8914
    endloop
  endfacet
  facet normal -0.9863 0 -0.164961
    outer loop
      vertex 4.196 0 -7.19191
      vertex 4.05237 6 -6.33315
      vertex 4.196 6 -7.19191
    endloop
  endfacet
  facet normal -0.9863 -0 -0.164961
    outer loop
      vertex 4.05237 6 -6.33315
      vertex 4.196 0 -7.19191
      vertex 4.05237 0 -6.33315
    endloop
  endfacet
  facet normal -0.834103 0 -0.551608
    outer loop
      vertex 8.8488 0 -19.3812
      vertex 8.5891 6 -18.9885
      vertex 8.8488 6 -19.3812
    endloop
  endfacet
  facet normal -0.834103 -0 -0.551608
    outer loop
      vertex 8.5891 6 -18.9885
      vertex 8.8488 0 -19.3812
      vertex 8.5891 0 -18.9885
    endloop
  endfacet
  facet normal 0.99748 -0 0.0709512
    outer loop
      vertex 56.8316 0 -1.07884
      vertex 56.865 6 -1.5484
      vertex 56.8316 6 -1.07884
    endloop
  endfacet
  facet normal 0.99748 0 0.0709512
    outer loop
      vertex 56.865 6 -1.5484
      vertex 56.8316 0 -1.07884
      vertex 56.865 0 -1.5484
    endloop
  endfacet
  facet normal -0.760422 -0.00024055 0.649429
    outer loop
      vertex 5.77086 6 8.01053
      vertex 5.85489 5.96922 8.10891
      vertex 6.07658 6 8.3685
    endloop
  endfacet
  facet normal -0.760385 0 0.649473
    outer loop
      vertex 5.85489 5.96922 8.10891
      vertex 5.77086 6 8.01053
      vertex 5.77086 5.93725 8.01053
    endloop
  endfacet
  facet normal -0.760436 0 0.649413
    outer loop
      vertex 6.07658 6 8.3685
      vertex 5.85489 5.96922 8.10891
      vertex 6.07658 5.96922 8.3685
    endloop
  endfacet
  facet normal -0.555645 0 -0.83142
    outer loop
      vertex 10.5916 0 -21.1752
      vertex 11.282 6 -21.6366
      vertex 11.282 0 -21.6366
    endloop
  endfacet
  facet normal -0.555645 0 -0.83142
    outer loop
      vertex 11.282 6 -21.6366
      vertex 10.5916 0 -21.1752
      vertex 10.5916 6 -21.1752
    endloop
  endfacet
  facet normal 0.0155487 0 -0.999879
    outer loop
      vertex 22.6017 0 -25.9583
      vertex 23.0004 6 -25.9521
      vertex 23.0004 0 -25.9521
    endloop
  endfacet
  facet normal 0.0155487 0 -0.999879
    outer loop
      vertex 23.0004 6 -25.9521
      vertex 22.6017 0 -25.9583
      vertex 22.6017 6 -25.9583
    endloop
  endfacet
  facet normal 0.960411 0 -0.278587
    outer loop
      vertex 56.5766 0 -4.03275
      vertex 56.4672 6 -4.4099
      vertex 56.5766 6 -4.03275
    endloop
  endfacet
  facet normal 0.960411 0 -0.278587
    outer loop
      vertex 56.4672 6 -4.4099
      vertex 56.5766 0 -4.03275
      vertex 56.4672 0 -4.4099
    endloop
  endfacet
  facet normal 0.948095 -0 0.317986
    outer loop
      vertex 55.159 0 5.76349
      vertex 55.3087 6 5.31715
      vertex 55.159 6 5.76349
    endloop
  endfacet
  facet normal 0.948095 0 0.317986
    outer loop
      vertex 55.3087 6 5.31715
      vertex 55.159 0 5.76349
      vertex 55.3087 0 5.31715
    endloop
  endfacet
  facet normal -0.891009 0 0.453986
    outer loop
      vertex 4.70757 6 6.27534
      vertex 5.0638 5.44377 6.97449
      vertex 5.0638 6 6.97449
    endloop
  endfacet
  facet normal -0.891006 9.6641e-06 0.453992
    outer loop
      vertex 4.70757 6 6.27534
      vertex 4.94036 5.26777 6.73223
      vertex 5.0638 5.44377 6.97449
    endloop
  endfacet
  facet normal -0.891012 0 0.45398
    outer loop
      vertex 4.94036 5.26777 6.73223
      vertex 4.70757 6 6.27534
      vertex 4.70757 4.63891 6.27534
    endloop
  endfacet
  facet normal 0.631072 0 -0.775724
    outer loop
      vertex 50.2503 0 -18.5623
      vertex 50.5549 6 -18.3145
      vertex 50.5549 0 -18.3145
    endloop
  endfacet
  facet normal 0.631072 0 -0.775724
    outer loop
      vertex 50.5549 6 -18.3145
      vertex 50.2503 0 -18.5623
      vertex 50.2503 6 -18.5623
    endloop
  endfacet
  facet normal -0.95508 0 -0.296347
    outer loop
      vertex 4.48166 0 -8.20541
      vertex 4.33968 6 -7.74783
      vertex 4.48166 6 -8.20541
    endloop
  endfacet
  facet normal -0.95508 -0 -0.296347
    outer loop
      vertex 4.33968 6 -7.74783
      vertex 4.48166 0 -8.20541
      vertex 4.33968 0 -7.74783
    endloop
  endfacet
  facet normal -0.453955 0 0.891024
    outer loop
      vertex 8.02551 6 9.9362
      vertex 8.72466 5.96922 10.2924
      vertex 8.72466 6 10.2924
    endloop
  endfacet
  facet normal -0.453955 0 0.891024
    outer loop
      vertex 8.72466 5.96922 10.2924
      vertex 8.02551 6 9.9362
      vertex 8.02551 5.96922 9.9362
    endloop
  endfacet
  facet normal 0 1 0
    outer loop
      vertex 22.4444 6 6.03694
      vertex 22.4444 6 6
      vertex 17.5307 6 6.03694
    endloop
  endfacet
  facet normal 0 1 -0
    outer loop
      vertex 15.0369 6 8.5307
      vertex 12 6 11
      vertex 15.0369 6 11
    endloop
  endfacet
  facet normal 0 1 0
    outer loop
      vertex 12 6 6
      vertex 12 6 11
      vertex 15.0369 6 8.5307
    endloop
  endfacet
  facet normal 0 1 0
    outer loop
      vertex 12 6 11
      vertex 12 6 6
      vertex 11.6076 6 10.9846
    endloop
  endfacet
  facet normal 0 1 0
    outer loop
      vertex 11.6076 6 10.9846
      vertex 12 6 6
      vertex 11.1383 6 10.9476
    endloop
  endfacet
  facet normal 0 1 -0
    outer loop
      vertex 11.5307 6 5.96306
      vertex 11.1383 6 10.9476
      vertex 12 6 6
    endloop
  endfacet
  facet normal 0 1 0
    outer loop
      vertex 11.1383 6 10.9476
      vertex 11.5307 6 5.96306
      vertex 10.3635 6 10.8249
    endloop
  endfacet
  facet normal 0 1 0
    outer loop
      vertex 10.3635 6 10.8249
      vertex 11.5307 6 5.96306
      vertex 9.90575 6 10.715
    endloop
  endfacet
  facet normal 0 1 -0
    outer loop
      vertex 11.073 6 5.85316
      vertex 9.90575 6 10.715
      vertex 11.5307 6 5.96306
    endloop
  endfacet
  facet normal 0 1 -0
    outer loop
      vertex 10.638 6 5.67302
      vertex 8.72466 6 10.2924
      vertex 11.073 6 5.85316
    endloop
  endfacet
  facet normal 0 1 0
    outer loop
      vertex 8.72466 6 10.2924
      vertex 10.638 6 5.67302
      vertex 8.02551 6 9.9362
    endloop
  endfacet
  facet normal 0 1 0
    outer loop
      vertex 9.90575 6 10.715
      vertex 11.073 6 5.85316
      vertex 9.15958 6 10.4726
    endloop
  endfacet
  facet normal 0 1 0
    outer loop
      vertex 8.02551 6 9.9362
      vertex 10.638 6 5.67302
      vertex 7.62413 6 9.69023
    endloop
  endfacet
  facet normal 0 1 -0
    outer loop
      vertex 10.2366 6 5.42705
      vertex 7.62413 6 9.69023
      vertex 10.638 6 5.67302
    endloop
  endfacet
  facet normal 0 1 0
    outer loop
      vertex 12 6 6
      vertex 15.0369 6 8.5307
      vertex 15.327 6 7.63803
    endloop
  endfacet
  facet normal 0 1 0
    outer loop
      vertex 7.62413 6 9.69023
      vertex 10.2366 6 5.42705
      vertex 6.98947 6 9.22914
    endloop
  endfacet
  facet normal 0 1 0
    outer loop
      vertex 6.98947 6 9.22914
      vertex 10.2366 6 5.42705
      vertex 6.6315 6 8.92342
    endloop
  endfacet
  facet normal 0 1 0
    outer loop
      vertex 12 6 6
      vertex 15.327 6 7.63803
      vertex 15.8787 6 6.87868
    endloop
  endfacet
  facet normal 0 1 0
    outer loop
      vertex 12 6 6
      vertex 15.8787 6 6.87868
      vertex 16.638 6 6.32698
    endloop
  endfacet
  facet normal 0 1 0
    outer loop
      vertex 9.15958 6 10.4726
      vertex 11.073 6 5.85316
      vertex 8.72466 6 10.2924
    endloop
  endfacet
  facet normal 0 1 0
    outer loop
      vertex 12 6 6
      vertex 16.638 6 6.32698
      vertex 17.5307 6 6.03694
    endloop
  endfacet
  facet normal 0 1 0
    outer loop
      vertex 12 6 6
      vertex 17.5307 6 6.03694
      vertex 22.4444 6 6
    endloop
  endfacet
  facet normal 0 1 -0
    outer loop
      vertex 9.87868 6 5.12132
      vertex 6.6315 6 8.92342
      vertex 10.2366 6 5.42705
    endloop
  endfacet
  facet normal 0 1 0
    outer loop
      vertex 6.6315 6 8.92342
      vertex 9.87868 6 5.12132
      vertex 6.07658 6 8.3685
    endloop
  endfacet
  facet normal 0 1 0
    outer loop
      vertex 6.07658 6 8.3685
      vertex 9.87868 6 5.12132
      vertex 5.77086 6 8.01053
    endloop
  endfacet
  facet normal 0 1 -0
    outer loop
      vertex 9.57295 6 4.76335
      vertex 5.77086 6 8.01053
      vertex 9.87868 6 5.12132
    endloop
  endfacet
  facet normal 0 1 0
    outer loop
      vertex 5.77086 6 8.01053
      vertex 9.57295 6 4.76335
      vertex 5.30977 6 7.37587
    endloop
  endfacet
  facet normal 0 1 0
    outer loop
      vertex 5.30977 6 7.37587
      vertex 9.57295 6 4.76335
      vertex 5.0638 6 6.97449
    endloop
  endfacet
  facet normal 0 1 -0
    outer loop
      vertex 9.32698 6 4.36197
      vertex 5.0638 6 6.97449
      vertex 9.57295 6 4.76335
    endloop
  endfacet
  facet normal 0 1 0
    outer loop
      vertex 5.0638 6 6.97449
      vertex 9.32698 6 4.36197
      vertex 4.70757 6 6.27534
    endloop
  endfacet
  facet normal 0 1 0
    outer loop
      vertex 4.70757 6 6.27534
      vertex 9.32698 6 4.36197
      vertex 4.52742 6 5.84042
    endloop
  endfacet
  facet normal 0 1 -0
    outer loop
      vertex 9.14684 6 3.92705
      vertex 4.52742 6 5.84042
      vertex 9.32698 6 4.36197
    endloop
  endfacet
  facet normal 0 1 0
    outer loop
      vertex 4.52742 6 5.84042
      vertex 9.14684 6 3.92705
      vertex 4.28499 6 5.09425
    endloop
  endfacet
  facet normal 0 1 0
    outer loop
      vertex 4.28499 6 5.09425
      vertex 9.14684 6 3.92705
      vertex 4.17509 6 4.63651
    endloop
  endfacet
  facet normal 0 1 -0
    outer loop
      vertex 9.03694 6 3.4693
      vertex 4.17509 6 4.63651
      vertex 9.14684 6 3.92705
    endloop
  endfacet
  facet normal 0 1 0
    outer loop
      vertex 4.17509 6 4.63651
      vertex 9.03694 6 3.4693
      vertex 4.05237 6 3.86166
    endloop
  endfacet
  facet normal 0 1 0
    outer loop
      vertex 9.03694 6 3.4693
      vertex 4.01543 6 3.39236
      vertex 4.05237 6 3.86166
    endloop
  endfacet
  facet normal 0 1 -0
    outer loop
      vertex 9 6 3
      vertex 4.01543 6 3.39236
      vertex 9.03694 6 3.4693
    endloop
  endfacet
  facet normal 0 1 0
    outer loop
      vertex 9 6 3
      vertex 4 6 3
      vertex 4.01543 6 3.39236
    endloop
  endfacet
  facet normal 0 1 -0
    outer loop
      vertex 9 6 -5.47148
      vertex 4 6 3
      vertex 9 6 3
    endloop
  endfacet
  facet normal 0 1 0
    outer loop
      vertex 9 6 -5.47148
      vertex 4 6 -5.47148
      vertex 4 6 3
    endloop
  endfacet
  facet normal 0 1 0
    outer loop
      vertex 9 6 -5.47148
      vertex 4.01543 6 -5.86385
      vertex 4 6 -5.47148
    endloop
  endfacet
  facet normal 0 1 0
    outer loop
      vertex 9.03694 6 -5.94078
      vertex 4.01543 6 -5.86385
      vertex 9 6 -5.47148
    endloop
  endfacet
  facet normal 0 1 0
    outer loop
      vertex 9.03694 6 -5.94078
      vertex 4.05237 6 -6.33315
      vertex 4.01543 6 -5.86385
    endloop
  endfacet
  facet normal 0 1 0
    outer loop
      vertex 4.196 6 -7.19191
      vertex 9.03694 6 -5.94078
      vertex 9.18062 6 -6.4967
    endloop
  endfacet
  facet normal 0 1 0
    outer loop
      vertex 9.03694 6 -5.94078
      vertex 4.196 6 -7.19191
      vertex 4.05237 6 -6.33315
    endloop
  endfacet
  facet normal 0 1 0
    outer loop
      vertex 9.18062 6 -6.4967
      vertex 4.33968 6 -7.74783
      vertex 4.196 6 -7.19191
    endloop
  endfacet
  facet normal 0 1 0
    outer loop
      vertex 9.18062 6 -6.4967
      vertex 4.48166 6 -8.20541
      vertex 4.33968 6 -7.74783
    endloop
  endfacet
  facet normal 0 1 0
    outer loop
      vertex 12.5642 6 -15.8017
      vertex 4.48166 6 -8.20541
      vertex 9.18062 6 -6.4967
    endloop
  endfacet
  facet normal 0 1 0
    outer loop
      vertex 8.01382 6 -17.8738
      vertex 12.5642 6 -15.8017
      vertex 12.7593 6 -16.2301
    endloop
  endfacet
  facet normal 0 1 0
    outer loop
      vertex 8.5891 6 -18.9885
      vertex 12.7593 6 -16.2301
      vertex 13.019 6 -16.6227
    endloop
  endfacet
  facet normal 0 1 0
    outer loop
      vertex 9.33159 6 -19.9995
      vertex 13.019 6 -16.6227
      vertex 13.337 6 -16.9699
    endloop
  endfacet
  facet normal 0 1 0
    outer loop
      vertex 12.5642 6 -15.8017
      vertex 7.86528 6 -17.5104
      vertex 4.48166 6 -8.20541
    endloop
  endfacet
  facet normal 0 1 0
    outer loop
      vertex 10.2233 6 -20.8821
      vertex 13.337 6 -16.9699
      vertex 13.7053 6 -17.263
    endloop
  endfacet
  facet normal 0 1 0
    outer loop
      vertex 11.282 6 -21.6366
      vertex 13.7053 6 -17.263
      vertex 14.1652 6 -17.5179
    endloop
  endfacet
  facet normal 0 1 0
    outer loop
      vertex 12.5642 6 -15.8017
      vertex 8.01382 6 -17.8738
      vertex 7.86528 6 -17.5104
    endloop
  endfacet
  facet normal 0 1 0
    outer loop
      vertex 12.7593 6 -16.2301
      vertex 8.20892 6 -18.3022
      vertex 8.01382 6 -17.8738
    endloop
  endfacet
  facet normal 0 1 0
    outer loop
      vertex 12.7593 6 -16.2301
      vertex 8.5891 6 -18.9885
      vertex 8.20892 6 -18.3022
    endloop
  endfacet
  facet normal 0 1 0
    outer loop
      vertex 13.019 6 -16.6227
      vertex 8.8488 6 -19.3812
      vertex 8.5891 6 -18.9885
    endloop
  endfacet
  facet normal 0 1 0
    outer loop
      vertex 13.019 6 -16.6227
      vertex 9.33159 6 -19.9995
      vertex 8.8488 6 -19.3812
    endloop
  endfacet
  facet normal 0 1 0
    outer loop
      vertex 13.337 6 -16.9699
      vertex 9.64952 6 -20.3467
      vertex 9.33159 6 -19.9995
    endloop
  endfacet
  facet normal 0 1 0
    outer loop
      vertex 12.1345 6 -22.0869
      vertex 14.1652 6 -17.5179
      vertex 21.3383 6 -20.7059
    endloop
  endfacet
  facet normal 0 1 0
    outer loop
      vertex 19.6724 6 -25.4202
      vertex 21.3383 6 -20.7059
      vertex 21.7821 6 -20.8627
    endloop
  endfacet
  facet normal -0 1 0
    outer loop
      vertex 11.7419 6 -21.8914
      vertex 14.1652 6 -17.5179
      vertex 12.1345 6 -22.0869
    endloop
  endfacet
  facet normal 0 1 0
    outer loop
      vertex 20.8742 6 -25.7796
      vertex 21.7821 6 -20.8627
      vertex 22.245 6 -20.9482
    endloop
  endfacet
  facet normal 0 1 0
    outer loop
      vertex 22.1236 6 -25.9467
      vertex 22.245 6 -20.9482
      vertex 22.7231 6 -20.9598
    endloop
  endfacet
  facet normal -0 1 0
    outer loop
      vertex 11.282 6 -21.6366
      vertex 14.1652 6 -17.5179
      vertex 11.7419 6 -21.8914
    endloop
  endfacet
  facet normal 0 1 0
    outer loop
      vertex 55.0428 6 6.03694
      vertex 47.6577 6 6
      vertex 25.5556 6 6.03694
    endloop
  endfacet
  facet normal 0 1 0
    outer loop
      vertex 55.0428 6 6.03694
      vertex 48.3307 6 5.92354
      vertex 47.6577 6 6
    endloop
  endfacet
  facet normal 0 1 0
    outer loop
      vertex 55.0428 6 6.03694
      vertex 48.7797 6 5.78226
      vertex 48.3307 6 5.92354
    endloop
  endfacet
  facet normal 0 1 0
    outer loop
      vertex 50.4184 6 4.17393
      vertex 55.0428 6 6.03694
      vertex 55.159 6 5.76349
    endloop
  endfacet
  facet normal 0 1 0
    outer loop
      vertex 55.0428 6 6.03694
      vertex 49.2012 6 5.57248
      vertex 48.7797 6 5.78226
    endloop
  endfacet
  facet normal 0 1 0
    outer loop
      vertex 50.4184 6 4.17393
      vertex 55.159 6 5.76349
      vertex 55.3087 6 5.31715
    endloop
  endfacet
  facet normal 0 1 0
    outer loop
      vertex 55.0428 6 6.03694
      vertex 49.5846 6 5.29935
      vertex 49.2012 6 5.57248
    endloop
  endfacet
  facet normal 0 1 0
    outer loop
      vertex 55.0428 6 6.03694
      vertex 49.9205 6 4.9696
      vertex 49.5846 6 5.29935
    endloop
  endfacet
  facet normal 0 1 0
    outer loop
      vertex 50.5681 6 3.7276
      vertex 55.3087 6 5.31715
      vertex 55.4188 6 4.94028
    endloop
  endfacet
  facet normal 0 1 0
    outer loop
      vertex 55.0428 6 6.03694
      vertex 50.2008 6 4.59137
      vertex 49.9205 6 4.9696
    endloop
  endfacet
  facet normal 0 1 0
    outer loop
      vertex 55.0428 6 6.03694
      vertex 50.4184 6 4.17393
      vertex 50.2008 6 4.59137
    endloop
  endfacet
  facet normal 0 1 0
    outer loop
      vertex 55.3087 6 5.31715
      vertex 50.5681 6 3.7276
      vertex 50.4184 6 4.17393
    endloop
  endfacet
  facet normal 0 1 0
    outer loop
      vertex 56.6388 6 0.0601959
      vertex 50.5681 6 3.7276
      vertex 55.4188 6 4.94028
    endloop
  endfacet
  facet normal 0 1 0
    outer loop
      vertex 51.7881 6 -1.15248
      vertex 56.6388 6 0.0601959
      vertex 56.6912 6 -0.172821
    endloop
  endfacet
  facet normal 0 1 0
    outer loop
      vertex 51.7881 6 -1.15248
      vertex 56.6912 6 -0.172821
      vertex 56.7473 6 -0.453629
    endloop
  endfacet
  facet normal 0 1 0
    outer loop
      vertex 51.8442 6 -1.43329
      vertex 56.7473 6 -0.453629
      vertex 56.8316 6 -1.07884
    endloop
  endfacet
  facet normal 0 1 0
    outer loop
      vertex 56.6388 6 0.0601959
      vertex 51.7881 6 -1.15248
      vertex 50.5681 6 3.7276
    endloop
  endfacet
  facet normal 0 1 0
    outer loop
      vertex 56.7473 6 -0.453629
      vertex 51.8442 6 -1.43329
      vertex 51.7881 6 -1.15248
    endloop
  endfacet
  facet normal 0 1 0
    outer loop
      vertex 56.865 6 -1.5484
      vertex 51.8442 6 -1.43329
      vertex 56.8316 6 -1.07884
    endloop
  endfacet
  facet normal 0 1 0
    outer loop
      vertex 56.865 6 -1.5484
      vertex 51.8776 6 -1.90285
      vertex 51.8442 6 -1.43329
    endloop
  endfacet
  facet normal 0 1 -0
    outer loop
      vertex 56.8591 6 -2.33298
      vertex 51.8776 6 -1.90285
      vertex 56.865 6 -1.5484
    endloop
  endfacet
  facet normal 0 1 0
    outer loop
      vertex 56.8591 6 -2.33298
      vertex 51.8371 6 -2.37186
      vertex 51.8776 6 -1.90285
    endloop
  endfacet
  facet normal 0 1 -0
    outer loop
      vertex 56.8186 6 -2.80199
      vertex 51.8371 6 -2.37186
      vertex 56.8591 6 -2.33298
    endloop
  endfacet
  facet normal 0 1 -0
    outer loop
      vertex 56.69 6 -3.57584
      vertex 51.8371 6 -2.37186
      vertex 56.8186 6 -2.80199
    endloop
  endfacet
  facet normal 0 1 0
    outer loop
      vertex 51.8371 6 -2.37186
      vertex 56.69 6 -3.57584
      vertex 51.7237 6 -2.82877
    endloop
  endfacet
  facet normal 0 1 -0
    outer loop
      vertex 56.5766 6 -4.03275
      vertex 51.7237 6 -2.82877
      vertex 56.69 6 -3.57584
    endloop
  endfacet
  facet normal 0 1 -0
    outer loop
      vertex 56.4672 6 -4.4099
      vertex 51.7237 6 -2.82877
      vertex 56.5766 6 -4.03275
    endloop
  endfacet
  facet normal 0 1 0
    outer loop
      vertex 56.4672 6 -4.4099
      vertex 48.2963 6 -13.111
      vertex 51.7237 6 -2.82877
    endloop
  endfacet
  facet normal 0 1 -0
    outer loop
      vertex 53.0398 6 -14.6921
      vertex 48.2963 6 -13.111
      vertex 56.4672 6 -4.4099
    endloop
  endfacet
  facet normal 0 1 -0
    outer loop
      vertex 52.9229 6 -15.0069
      vertex 48.2963 6 -13.111
      vertex 53.0398 6 -14.6921
    endloop
  endfacet
  facet normal 0 1 0
    outer loop
      vertex 48.2963 6 -13.111
      vertex 52.9229 6 -15.0069
      vertex 48.1437 6 -13.4835
    endloop
  endfacet
  facet normal 0 1 -0
    outer loop
      vertex 52.7703 6 -15.3795
      vertex 48.1437 6 -13.4835
      vertex 52.9229 6 -15.0069
    endloop
  endfacet
  facet normal 0 1 -0
    outer loop
      vertex 52.446 6 -16.031
      vertex 48.1437 6 -13.4835
      vertex 52.7703 6 -15.3795
    endloop
  endfacet
  facet normal 0 1 0
    outer loop
      vertex 48.1437 6 -13.4835
      vertex 52.446 6 -16.031
      vertex 47.9038 6 -13.8886
    endloop
  endfacet
  facet normal 0 1 -0
    outer loop
      vertex 52.2062 6 -16.4361
      vertex 47.9038 6 -13.8886
      vertex 52.446 6 -16.031
    endloop
  endfacet
  facet normal 0 1 -0
    outer loop
      vertex 51.7547 6 -17.0778
      vertex 47.9038 6 -13.8886
      vertex 52.2062 6 -16.4361
    endloop
  endfacet
  facet normal 0 1 0
    outer loop
      vertex 47.9038 6 -13.8886
      vertex 51.7547 6 -17.0778
      vertex 47.6036 6 -14.2512
    endloop
  endfacet
  facet normal 0 1 -0
    outer loop
      vertex 51.4544 6 -17.4403
      vertex 47.6036 6 -14.2512
      vertex 51.7547 6 -17.0778
    endloop
  endfacet
  facet normal 0 1 -0
    outer loop
      vertex 50.9082 6 -18.0034
      vertex 47.6036 6 -14.2512
      vertex 51.4544 6 -17.4403
    endloop
  endfacet
  facet normal 0 1 0
    outer loop
      vertex 47.6036 6 -14.2512
      vertex 50.9082 6 -18.0034
      vertex 47.2503 6 -14.5623
    endloop
  endfacet
  facet normal 0 1 -0
    outer loop
      vertex 50.5549 6 -18.3145
      vertex 47.2503 6 -14.5623
      vertex 50.9082 6 -18.0034
    endloop
  endfacet
  facet normal 0 1 -0
    outer loop
      vertex 50.2503 6 -18.5623
      vertex 47.2503 6 -14.5623
      vertex 50.5549 6 -18.3145
    endloop
  endfacet
  facet normal 0 1 0
    outer loop
      vertex 50.2503 6 -18.5623
      vertex 40.7267 6 -19.455
      vertex 47.2503 6 -14.5623
    endloop
  endfacet
  facet normal 0 1 -0
    outer loop
      vertex 43.7267 6 -23.455
      vertex 40.7267 6 -19.455
      vertex 50.2503 6 -18.5623
    endloop
  endfacet
  facet normal 0 1 -0
    outer loop
      vertex 43.4882 6 -23.6232
      vertex 40.7267 6 -19.455
      vertex 43.7267 6 -23.455
    endloop
  endfacet
  facet normal 0 1 0
    outer loop
      vertex 40.7267 6 -19.455
      vertex 43.4882 6 -23.6232
      vertex 40.4348 6 -19.6484
    endloop
  endfacet
  facet normal 0 1 -0
    outer loop
      vertex 43.1963 6 -23.8166
      vertex 40.4348 6 -19.6484
      vertex 43.4882 6 -23.6232
    endloop
  endfacet
  facet normal 0 1 0
    outer loop
      vertex 13.337 6 -16.9699
      vertex 10.2233 6 -20.8821
      vertex 9.64952 6 -20.3467
    endloop
  endfacet
  facet normal 0 1 -0
    outer loop
      vertex 23.0004 6 -25.9521
      vertex 22.7231 6 -20.9598
      vertex 39.0931 6 -20.0504
    endloop
  endfacet
  facet normal 0 1 0
    outer loop
      vertex 13.7053 6 -17.263
      vertex 10.5916 6 -21.1752
      vertex 10.2233 6 -20.8821
    endloop
  endfacet
  facet normal 0 1 0
    outer loop
      vertex 13.7053 6 -17.263
      vertex 11.282 6 -21.6366
      vertex 10.5916 6 -21.1752
    endloop
  endfacet
  facet normal 0 1 -0
    outer loop
      vertex 42.6015 6 -24.1545
      vertex 40.4348 6 -19.6484
      vertex 43.1963 6 -23.8166
    endloop
  endfacet
  facet normal 0 1 0
    outer loop
      vertex 40.4348 6 -19.6484
      vertex 42.6015 6 -24.1545
      vertex 40.0106 6 -19.8524
    endloop
  endfacet
  facet normal 0 1 -0
    outer loop
      vertex 42.1773 6 -24.3585
      vertex 40.0106 6 -19.8524
      vertex 42.6015 6 -24.1545
    endloop
  endfacet
  facet normal 0 1 -0
    outer loop
      vertex 41.4456 6 -24.642
      vertex 40.0106 6 -19.8524
      vertex 42.1773 6 -24.3585
    endloop
  endfacet
  facet normal 0 1 0
    outer loop
      vertex 40.0106 6 -19.8524
      vertex 41.4456 6 -24.642
      vertex 39.5596 6 -19.9875
    endloop
  endfacet
  facet normal 0 1 -0
    outer loop
      vertex 40.9947 6 -24.7771
      vertex 39.5596 6 -19.9875
      vertex 41.4456 6 -24.642
    endloop
  endfacet
  facet normal 0 1 -0
    outer loop
      vertex 40.2278 6 -24.9426
      vertex 39.5596 6 -19.9875
      vertex 40.9947 6 -24.7771
    endloop
  endfacet
  facet normal 0 1 0
    outer loop
      vertex 39.5596 6 -19.9875
      vertex 40.2278 6 -24.9426
      vertex 39.0931 6 -20.0504
    endloop
  endfacet
  facet normal 0 1 0
    outer loop
      vertex 39.0931 6 -20.0504
      vertex 40.2278 6 -24.9426
      vertex 39.7613 6 -25.0055
    endloop
  endfacet
  facet normal 0 1 0
    outer loop
      vertex 39.0931 6 -20.0504
      vertex 39.7613 6 -25.0055
      vertex 39.3704 6 -25.0427
    endloop
  endfacet
  facet normal 0 1 0
    outer loop
      vertex 23.0004 6 -25.9521
      vertex 39.0931 6 -20.0504
      vertex 39.3704 6 -25.0427
    endloop
  endfacet
  facet normal 0 1 0
    outer loop
      vertex 22.6017 6 -25.9583
      vertex 22.7231 6 -20.9598
      vertex 23.0004 6 -25.9521
    endloop
  endfacet
  facet normal 0 1 0
    outer loop
      vertex 21.3383 6 -20.7059
      vertex 19.3076 6 -25.2749
      vertex 12.1345 6 -22.0869
    endloop
  endfacet
  facet normal 0 1 0
    outer loop
      vertex 21.3383 6 -20.7059
      vertex 19.6724 6 -25.4202
      vertex 19.3076 6 -25.2749
    endloop
  endfacet
  facet normal -0 1 0
    outer loop
      vertex 22.1236 6 -25.9467
      vertex 22.7231 6 -20.9598
      vertex 22.6017 6 -25.9583
    endloop
  endfacet
  facet normal 0 1 0
    outer loop
      vertex 21.7821 6 -20.8627
      vertex 20.1162 6 -25.5771
      vertex 19.6724 6 -25.4202
    endloop
  endfacet
  facet normal 0 1 0
    outer loop
      vertex 21.7821 6 -20.8627
      vertex 20.8742 6 -25.7796
      vertex 20.1162 6 -25.5771
    endloop
  endfacet
  facet normal 0 1 0
    outer loop
      vertex 22.245 6 -20.9482
      vertex 21.3371 6 -25.8651
      vertex 20.8742 6 -25.7796
    endloop
  endfacet
  facet normal 0 1 0
    outer loop
      vertex 22.245 6 -20.9482
      vertex 22.1236 6 -25.9467
      vertex 21.3371 6 -25.8651
    endloop
  endfacet
  facet normal 0 1 0
    outer loop
      vertex 25.5556 6 6.03694
      vertex 47.6577 6 6
      vertex 25.5556 6 6
    endloop
  endfacet
  facet normal 0.975636 -0 0.219397
    outer loop
      vertex 56.6388 0 0.0601959
      vertex 56.6912 6 -0.172821
      vertex 56.6388 6 0.0601959
    endloop
  endfacet
  facet normal 0.975636 0 0.219397
    outer loop
      vertex 56.6912 6 -0.172821
      vertex 56.6388 0 0.0601959
      vertex 56.6912 0 -0.172821
    endloop
  endfacet
  facet normal 0.996292 0 -0.0860319
    outer loop
      vertex 56.8591 0 -2.33298
      vertex 56.8186 6 -2.80199
      vertex 56.8591 6 -2.33298
    endloop
  endfacet
  facet normal 0.996292 0 -0.0860319
    outer loop
      vertex 56.8186 6 -2.80199
      vertex 56.8591 0 -2.33298
      vertex 56.8186 0 -2.80199
    endloop
  endfacet
  facet normal -0.587771 0 0.809028
    outer loop
      vertex 6.98947 6 9.22914
      vertex 7.62413 5.96922 9.69023
      vertex 7.62413 6 9.69023
    endloop
  endfacet
  facet normal -0.587771 0 0.809028
    outer loop
      vertex 7.62413 5.96922 9.69023
      vertex 6.98947 6 9.22914
      vertex 6.98947 5.96922 9.22914
    endloop
  endfacet
  facet normal -0.522505 0 0.852636
    outer loop
      vertex 7.62413 6 9.69023
      vertex 8.02551 5.96922 9.9362
      vertex 8.02551 6 9.9362
    endloop
  endfacet
  facet normal -0.522505 0 0.852636
    outer loop
      vertex 8.02551 5.96922 9.9362
      vertex 7.62413 6 9.69023
      vertex 7.62413 5.96922 9.69023
    endloop
  endfacet
  facet normal -0.923879 0 0.382684
    outer loop
      vertex 4.52742 6 5.84042
      vertex 4.70757 4.63891 6.27534
      vertex 4.70757 6 6.27534
    endloop
  endfacet
  facet normal -0.923455 0.000383397 0.383708
    outer loop
      vertex 4.52742 6 5.84042
      vertex 4.70638 4.63498 6.27248
      vertex 4.70757 4.63891 6.27534
    endloop
  endfacet
  facet normal -0.923885 -1.56796e-06 0.38267
    outer loop
      vertex 4.52742 6 5.84042
      vertex 4.60627 3.89109 6.03078
      vertex 4.70638 4.63498 6.27248
    endloop
  endfacet
  facet normal -0.923879 0 0.382685
    outer loop
      vertex 4.52742 0 5.84042
      vertex 4.60627 3.89109 6.03078
      vertex 4.52742 6 5.84042
    endloop
  endfacet
  facet normal -0.923879 0 0.382685
    outer loop
      vertex 4.60627 3.89109 6.03078
      vertex 4.52742 0 5.84042
      vertex 4.60627 0 6.03078
    endloop
  endfacet
  facet normal 0.920351 -0 0.391094
    outer loop
      vertex 55.0428 3.91003 6.03694
      vertex 55.159 6 5.76349
      vertex 55.0428 6 6.03694
    endloop
  endfacet
  facet normal 0.921026 -0.000246003 0.389501
    outer loop
      vertex 55.0454 3.89109 6.03078
      vertex 55.159 6 5.76349
      vertex 55.0428 3.91003 6.03694
    endloop
  endfacet
  facet normal 0.920329 0 0.391146
    outer loop
      vertex 55.159 0 5.76349
      vertex 55.0454 3.89109 6.03078
      vertex 55.0454 0 6.03078
    endloop
  endfacet
  facet normal 0.920329 0 0.391146
    outer loop
      vertex 55.0454 3.89109 6.03078
      vertex 55.159 0 5.76349
      vertex 55.159 6 5.76349
    endloop
  endfacet
  facet normal -0.972367 0 0.233458
    outer loop
      vertex 4.17509 0 4.63651
      vertex 4.28499 6 5.09425
      vertex 4.17509 6 4.63651
    endloop
  endfacet
  facet normal -0.972367 0 0.233458
    outer loop
      vertex 4.28499 6 5.09425
      vertex 4.17509 0 4.63651
      vertex 4.28499 0 5.09425
    endloop
  endfacet
  facet normal -0.0155487 0 -0.999879
    outer loop
      vertex -23.0004 0 -25.9521
      vertex -22.6017 6 -25.9583
      vertex -22.6017 0 -25.9583
    endloop
  endfacet
  facet normal -0.0155487 0 -0.999879
    outer loop
      vertex -22.6017 6 -25.9583
      vertex -23.0004 0 -25.9521
      vertex -23.0004 6 -25.9521
    endloop
  endfacet
  facet normal 0.910068 0 -0.414459
    outer loop
      vertex -8.01382 0 -17.8738
      vertex -8.20892 6 -18.3022
      vertex -8.01382 6 -17.8738
    endloop
  endfacet
  facet normal 0.910068 0 -0.414459
    outer loop
      vertex -8.20892 6 -18.3022
      vertex -8.01382 0 -17.8738
      vertex -8.20892 0 -18.3022
    endloop
  endfacet
  facet normal -0.986471 0 -0.163934
    outer loop
      vertex -56.69 0 -3.57584
      vertex -56.8186 6 -2.80199
      vertex -56.69 6 -3.57584
    endloop
  endfacet
  facet normal -0.986471 -0 -0.163934
    outer loop
      vertex -56.8186 6 -2.80199
      vertex -56.69 0 -3.57584
      vertex -56.8186 0 -2.80199
    endloop
  endfacet
  facet normal 0.181633 0 -0.983366
    outer loop
      vertex -21.3371 0 -25.8651
      vertex -20.8742 6 -25.7796
      vertex -20.8742 0 -25.7796
    endloop
  endfacet
  facet normal 0.181633 0 -0.983366
    outer loop
      vertex -20.8742 6 -25.7796
      vertex -21.3371 0 -25.8651
      vertex -21.3371 6 -25.8651
    endloop
  endfacet
  facet normal 0.103197 0 -0.994661
    outer loop
      vertex -22.1236 0 -25.9467
      vertex -21.3371 6 -25.8651
      vertex -21.3371 0 -25.8651
    endloop
  endfacet
  facet normal 0.103197 0 -0.994661
    outer loop
      vertex -21.3371 6 -25.8651
      vertex -22.1236 0 -25.9467
      vertex -22.1236 6 -25.9467
    endloop
  endfacet
  facet normal 0.453955 0 0.891024
    outer loop
      vertex -8.72466 6 10.2924
      vertex -8.02551 5.96922 9.9362
      vertex -8.02551 6 9.9362
    endloop
  endfacet
  facet normal 0.453955 0 0.891024
    outer loop
      vertex -8.02551 5.96922 9.9362
      vertex -8.72466 6 10.2924
      vertex -8.72466 5.96922 10.2924
    endloop
  endfacet
  facet normal -0.210948 0 -0.977497
    outer loop
      vertex -40.9947 0 -24.7771
      vertex -40.2278 6 -24.9426
      vertex -40.2278 0 -24.9426
    endloop
  endfacet
  facet normal -0.210948 0 -0.977497
    outer loop
      vertex -40.2278 6 -24.9426
      vertex -40.9947 0 -24.7771
      vertex -40.9947 6 -24.7771
    endloop
  endfacet
  facet normal 0.308965 0 0.951073
    outer loop
      vertex -9.90575 6 10.715
      vertex -9.15958 5.96922 10.4726
      vertex -9.15958 6 10.4726
    endloop
  endfacet
  facet normal 0.308965 0 0.951073
    outer loop
      vertex -9.15958 5.96922 10.4726
      vertex -9.90575 6 10.715
      vertex -9.90575 5.96922 10.715
    endloop
  endfacet
  facet normal 0.649429 0 0.760422
    outer loop
      vertex -6.98947 6 9.22914
      vertex -6.6315 5.96922 8.92342
      vertex -6.6315 6 8.92342
    endloop
  endfacet
  facet normal 0.649429 0 0.760422
    outer loop
      vertex -6.6315 5.96922 8.92342
      vertex -6.98947 6 9.22914
      vertex -6.98947 5.96922 9.22914
    endloop
  endfacet
  facet normal -0.717796 0 -0.696253
    outer loop
      vertex -50.9082 0 -18.0034
      vertex -51.4544 6 -17.4403
      vertex -50.9082 6 -18.0034
    endloop
  endfacet
  facet normal -0.717796 -0 -0.696253
    outer loop
      vertex -51.4544 6 -17.4403
      vertex -50.9082 0 -18.0034
      vertex -51.4544 0 -17.4403
    endloop
  endfacet
  facet normal -0.445683 0 0.895191
    outer loop
      vertex -51.4292 6 10.0486
      vertex -51.0078 5.96922 10.2584
      vertex -51.0078 6 10.2584
    endloop
  endfacet
  facet normal -0.445683 0 0.895191
    outer loop
      vertex -51.0078 5.96922 10.2584
      vertex -51.4292 6 10.0486
      vertex -51.4292 5.96922 10.0486
    endloop
  endfacet
  facet normal -0.6 0 -0.8
    outer loop
      vertex -50.2503 0 -18.5623
      vertex -43.7267 6 -23.455
      vertex -43.7267 0 -23.455
    endloop
  endfacet
  facet normal -0.6 0 -0.8
    outer loop
      vertex -43.7267 6 -23.455
      vertex -50.2503 0 -18.5623
      vertex -50.2503 6 -18.5623
    endloop
  endfacet
  facet normal -0.552325 0 -0.833629
    outer loop
      vertex -43.4882 0 -23.6232
      vertex -43.1963 6 -23.8166
      vertex -43.1963 0 -23.8166
    endloop
  endfacet
  facet normal -0.552325 0 -0.833629
    outer loop
      vertex -43.1963 6 -23.8166
      vertex -43.4882 0 -23.6232
      vertex -43.4882 6 -23.6232
    endloop
  endfacet
  facet normal -0.300186 0 0.953881
    outer loop
      vertex -50.2803 6 10.5518
      vertex -49.8313 5.96922 10.6931
      vertex -49.8313 6 10.6931
    endloop
  endfacet
  facet normal -0.300186 0 0.953881
    outer loop
      vertex -49.8313 5.96922 10.6931
      vertex -50.2803 6 10.5518
      vertex -50.2803 5.96922 10.5518
    endloop
  endfacet
  facet normal 0.0242556 0 -0.999706
    outer loop
      vertex -22.6017 0 -25.9583
      vertex -22.1236 6 -25.9467
      vertex -22.1236 0 -25.9467
    endloop
  endfacet
  facet normal 0.0242556 0 -0.999706
    outer loop
      vertex -22.1236 6 -25.9467
      vertex -22.6017 0 -25.9583
      vertex -22.6017 6 -25.9583
    endloop
  endfacet
  facet normal -0.991032 0 0.133625
    outer loop
      vertex -56.8316 0 -1.07884
      vertex -56.7473 6 -0.453629
      vertex -56.8316 6 -1.07884
    endloop
  endfacet
  facet normal -0.991032 0 0.133625
    outer loop
      vertex -56.7473 6 -0.453629
      vertex -56.8316 0 -1.07884
      vertex -56.7473 0 -0.453629
    endloop
  endfacet
  facet normal -0.207416 0 0.978253
    outer loop
      vertex -49.8313 6 10.6931
      vertex -48.8951 5.96922 10.8916
      vertex -48.8951 6 10.8916
    endloop
  endfacet
  facet normal -0.207416 0 0.978253
    outer loop
      vertex -48.8951 5.96922 10.8916
      vertex -49.8313 6 10.6931
      vertex -49.8313 5.96922 10.6931
    endloop
  endfacet
  facet normal -0.847737 -0.00016109 0.530417
    outer loop
      vertex -54.3452 5.72752 7.36502
      vertex -54.2182 6 7.56808
      vertex -54.6344 6 6.90289
    endloop
  endfacet
  facet normal -0.847834 0 0.530262
    outer loop
      vertex -54.2182 6 7.56808
      vertex -54.3452 5.72752 7.36502
      vertex -54.2182 5.79349 7.56808
    endloop
  endfacet
  facet normal -0.847694 0 0.530485
    outer loop
      vertex -54.3452 5.72752 7.36502
      vertex -54.6344 6 6.90289
      vertex -54.6344 5.39176 6.90289
    endloop
  endfacet
  facet normal 0.923879 -0 0.382684
    outer loop
      vertex -4.70757 4.63891 6.27534
      vertex -4.52742 6 5.84042
      vertex -4.70757 6 6.27534
    endloop
  endfacet
  facet normal 0.923455 0.000383397 0.383708
    outer loop
      vertex -4.70638 4.63498 6.27248
      vertex -4.52742 6 5.84042
      vertex -4.70757 4.63891 6.27534
    endloop
  endfacet
  facet normal 0.923885 -1.56796e-06 0.38267
    outer loop
      vertex -4.60627 3.89109 6.03078
      vertex -4.52742 6 5.84042
      vertex -4.70638 4.63498 6.27248
    endloop
  endfacet
  facet normal 0.923879 0 0.382685
    outer loop
      vertex -4.52742 0 5.84042
      vertex -4.60627 3.89109 6.03078
      vertex -4.60627 0 6.03078
    endloop
  endfacet
  facet normal 0.923879 0 0.382685
    outer loop
      vertex -4.60627 3.89109 6.03078
      vertex -4.52742 0 5.84042
      vertex -4.52742 6 5.84042
    endloop
  endfacet
  facet normal -0.374027 0 0.927418
    outer loop
      vertex -51.0078 6 10.2584
      vertex -50.2803 5.96922 10.5518
      vertex -50.2803 6 10.5518
    endloop
  endfacet
  facet normal -0.374027 0 0.927418
    outer loop
      vertex -50.2803 5.96922 10.5518
      vertex -51.0078 6 10.2584
      vertex -51.0078 5.96922 10.2584
    endloop
  endfacet
  facet normal 0.788183 0 -0.615441
    outer loop
      vertex -8.8488 0 -19.3812
      vertex -9.33159 6 -19.9995
      vertex -8.8488 6 -19.3812
    endloop
  endfacet
  facet normal 0.788183 0 -0.615441
    outer loop
      vertex -9.33159 6 -19.9995
      vertex -8.8488 0 -19.3812
      vertex -9.33159 0 -19.9995
    endloop
  endfacet
  facet normal -0.948683 0 -0.316228
    outer loop
      vertex -53.0398 0 -14.6921
      vertex -56.4672 6 -4.4099
      vertex -53.0398 6 -14.6921
    endloop
  endfacet
  facet normal -0.948683 -0 -0.316228
    outer loop
      vertex -56.4672 6 -4.4099
      vertex -53.0398 0 -14.6921
      vertex -56.4672 0 -4.4099
    endloop
  endfacet
  facet normal -0.287017 0 -0.957926
    outer loop
      vertex -41.4456 0 -24.642
      vertex -40.9947 6 -24.7771
      vertex -40.9947 0 -24.7771
    endloop
  endfacet
  facet normal -0.287017 0 -0.957926
    outer loop
      vertex -40.9947 6 -24.7771
      vertex -41.4456 0 -24.642
      vertex -41.4456 6 -24.642
    endloop
  endfacet
  facet normal -0.0554673 0 -0.998461
    outer loop
      vertex -39.3704 0 -25.0427
      vertex -23.0004 6 -25.9521
      vertex -23.0004 0 -25.9521
    endloop
  endfacet
  facet normal -0.0554673 0 -0.998461
    outer loop
      vertex -23.0004 6 -25.9521
      vertex -39.3704 0 -25.0427
      vertex -39.3704 6 -25.0427
    endloop
  endfacet
  facet normal -0.642276 0 0.766474
    outer loop
      vertex -53.0869 6 8.86778
      vertex -52.4855 5.96922 9.37173
      vertex -52.4855 6 9.37173
    endloop
  endfacet
  facet normal -0.642276 0 0.766474
    outer loop
      vertex -52.4855 5.96922 9.37173
      vertex -53.0869 6 8.86778
      vertex -53.0869 5.96922 8.86778
    endloop
  endfacet
  facet normal 0.925657 0 -0.378363
    outer loop
      vertex -7.86528 0 -17.5104
      vertex -8.01382 6 -17.8738
      vertex -7.86528 6 -17.5104
    endloop
  endfacet
  facet normal 0.925657 0 -0.378363
    outer loop
      vertex -8.01382 6 -17.8738
      vertex -7.86528 0 -17.5104
      vertex -8.01382 0 -17.8738
    endloop
  endfacet
  facet normal -0.817846 0 -0.575437
    outer loop
      vertex -51.7547 0 -17.0778
      vertex -52.2062 6 -16.4361
      vertex -51.7547 6 -17.0778
    endloop
  endfacet
  facet normal -0.817846 -0 -0.575437
    outer loop
      vertex -52.2062 6 -16.4361
      vertex -51.7547 0 -17.0778
      vertex -52.2062 0 -16.4361
    endloop
  endfacet
  facet normal 0.0392155 0 0.999231
    outer loop
      vertex -12 6 11
      vertex -11.6076 5.96922 10.9846
      vertex -11.6076 6 10.9846
    endloop
  endfacet
  facet normal 0.0392155 0 0.999231
    outer loop
      vertex -11.6076 5.96922 10.9846
      vertex -12 6 11
      vertex -12 5.96922 11
    endloop
  endfacet
  facet normal 0.996916 0 -0.0784703
    outer loop
      vertex -4.01543 0 -5.86385
      vertex -4.05237 6 -6.33315
      vertex -4.01543 6 -5.86385
    endloop
  endfacet
  facet normal 0.996916 0 -0.0784703
    outer loop
      vertex -4.05237 6 -6.33315
      vertex -4.01543 0 -5.86385
      vertex -4.05237 0 -6.33315
    endloop
  endfacet
  facet normal 0.258099 0 -0.966118
    outer loop
      vertex -20.8742 0 -25.7796
      vertex -20.1162 6 -25.5771
      vertex -20.1162 0 -25.5771
    endloop
  endfacet
  facet normal 0.258099 0 -0.966118
    outer loop
      vertex -20.1162 6 -25.5771
      vertex -20.8742 0 -25.7796
      vertex -20.8742 6 -25.7796
    endloop
  endfacet
  facet normal -0.99748 0 0.0709512
    outer loop
      vertex -56.865 0 -1.5484
      vertex -56.8316 6 -1.07884
      vertex -56.865 6 -1.5484
    endloop
  endfacet
  facet normal -0.99748 0 0.0709512
    outer loop
      vertex -56.8316 6 -1.07884
      vertex -56.865 0 -1.5484
      vertex -56.8316 0 -1.07884
    endloop
  endfacet
  facet normal 0.891009 -0 0.453986
    outer loop
      vertex -5.0638 5.44377 6.97449
      vertex -4.70757 6 6.27534
      vertex -5.0638 6 6.97449
    endloop
  endfacet
  facet normal 0.891006 9.6641e-06 0.453992
    outer loop
      vertex -4.94036 5.26777 6.73223
      vertex -4.70757 6 6.27534
      vertex -5.0638 5.44377 6.97449
    endloop
  endfacet
  facet normal 0.891012 0 0.45398
    outer loop
      vertex -4.70757 6 6.27534
      vertex -4.94036 5.26777 6.73223
      vertex -4.70757 4.63891 6.27534
    endloop
  endfacet
  facet normal -0.948095 0 0.317986
    outer loop
      vertex -55.3087 0 5.31715
      vertex -55.159 6 5.76349
      vertex -55.3087 6 5.31715
    endloop
  endfacet
  facet normal -0.948095 0 0.317986
    outer loop
      vertex -55.159 6 5.76349
      vertex -55.3087 0 5.31715
      vertex -55.159 0 5.76349
    endloop
  endfacet
  facet normal 0.939794 0 -0.341742
    outer loop
      vertex -4.48166 0 -8.20541
      vertex -7.86528 6 -17.5104
      vertex -4.48166 6 -8.20541
    endloop
  endfacet
  facet normal 0.939794 0 -0.341742
    outer loop
      vertex -7.86528 6 -17.5104
      vertex -4.48166 0 -8.20541
      vertex -7.86528 0 -17.5104
    endloop
  endfacet
  facet normal -0.112797 0 0.993618
    outer loop
      vertex -48.8951 6 10.8916
      vertex -48.2221 5.96922 10.968
      vertex -48.2221 6 10.968
    endloop
  endfacet
  facet normal -0.112797 0 0.993618
    outer loop
      vertex -48.2221 5.96922 10.968
      vertex -48.8951 6 10.8916
      vertex -48.8951 5.96922 10.8916
    endloop
  endfacet
  facet normal -0.0566065 0 0.998397
    outer loop
      vertex -48.2221 6 10.968
      vertex -47.6577 5.96922 11
      vertex -47.6577 6 11
    endloop
  endfacet
  facet normal -0.0566065 0 0.998397
    outer loop
      vertex -47.6577 5.96922 11
      vertex -48.2221 6 10.968
      vertex -48.2221 5.96922 10.968
    endloop
  endfacet
  facet normal -0.970555 0 -0.240881
    outer loop
      vertex -56.5766 0 -4.03275
      vertex -56.69 6 -3.57584
      vertex -56.5766 6 -4.03275
    endloop
  endfacet
  facet normal -0.970555 -0 -0.240881
    outer loop
      vertex -56.69 6 -3.57584
      vertex -56.5766 0 -4.03275
      vertex -56.69 0 -3.57584
    endloop
  endfacet
  facet normal -0.895223 0 -0.445619
    outer loop
      vertex -52.446 0 -16.031
      vertex -52.7703 6 -15.3795
      vertex -52.446 6 -16.031
    endloop
  endfacet
  facet normal -0.895223 -0 -0.445619
    outer loop
      vertex -52.7703 6 -15.3795
      vertex -52.446 0 -16.031
      vertex -52.7703 0 -15.3795
    endloop
  endfacet
  facet normal -0 0 1
    outer loop
      vertex -47.6577 6 11
      vertex -12 5.96922 11
      vertex -12 6 11
    endloop
  endfacet
  facet normal 0 0 1
    outer loop
      vertex -12 5.96922 11
      vertex -47.6577 6 11
      vertex -47.6577 5.96922 11
    endloop
  endfacet
  facet normal 0.95508 0 -0.296347
    outer loop
      vertex -4.33968 0 -7.74783
      vertex -4.48166 6 -8.20541
      vertex -4.33968 6 -7.74783
    endloop
  endfacet
  facet normal 0.95508 0 -0.296347
    outer loop
      vertex -4.48166 6 -8.20541
      vertex -4.33968 0 -7.74783
      vertex -4.48166 0 -8.20541
    endloop
  endfacet
  facet normal -0.960411 0 -0.278587
    outer loop
      vertex -56.4672 0 -4.4099
      vertex -56.5766 6 -4.03275
      vertex -56.4672 6 -4.4099
    endloop
  endfacet
  facet normal -0.960411 -0 -0.278587
    outer loop
      vertex -56.5766 6 -4.03275
      vertex -56.4672 0 -4.4099
      vertex -56.5766 0 -4.03275
    endloop
  endfacet
  facet normal -0.999972 0 -0.00751973
    outer loop
      vertex -56.8591 0 -2.33298
      vertex -56.865 6 -1.5484
      vertex -56.8591 6 -2.33298
    endloop
  endfacet
  facet normal -0.999972 -0 -0.00751973
    outer loop
      vertex -56.865 6 -1.5484
      vertex -56.8591 0 -2.33298
      vertex -56.865 0 -1.5484
    endloop
  endfacet
  facet normal -0.770081 0 -0.637946
    outer loop
      vertex -51.4544 0 -17.4403
      vertex -51.7547 6 -17.0778
      vertex -51.4544 6 -17.4403
    endloop
  endfacet
  facet normal -0.770081 -0 -0.637946
    outer loop
      vertex -51.7547 6 -17.0778
      vertex -51.4544 0 -17.4403
      vertex -51.7547 0 -17.0778
    endloop
  endfacet
  facet normal 0.587771 0 0.809028
    outer loop
      vertex -7.62413 6 9.69023
      vertex -6.98947 5.96922 9.22914
      vertex -6.98947 6 9.22914
    endloop
  endfacet
  facet normal 0.587771 0 0.809028
    outer loop
      vertex -6.98947 5.96922 9.22914
      vertex -7.62413 6 9.69023
      vertex -7.62413 5.96922 9.69023
    endloop
  endfacet
  facet normal -0.133625 0 -0.991032
    outer loop
      vertex -40.2278 0 -24.9426
      vertex -39.7613 6 -25.0055
      vertex -39.7613 0 -25.0055
    endloop
  endfacet
  facet normal -0.133625 0 -0.991032
    outer loop
      vertex -39.7613 6 -25.0055
      vertex -40.2278 0 -24.9426
      vertex -40.2278 6 -24.9426
    endloop
  endfacet
  facet normal 0.760436 0 0.649413
    outer loop
      vertex -5.85489 5.96922 8.10891
      vertex -6.07658 6 8.3685
      vertex -6.07658 5.96922 8.3685
    endloop
  endfacet
  facet normal 0.760422 -0.00024055 0.649429
    outer loop
      vertex -6.07658 6 8.3685
      vertex -5.85489 5.96922 8.10891
      vertex -5.77086 6 8.01053
    endloop
  endfacet
  facet normal 0.760385 0 0.649473
    outer loop
      vertex -5.77086 6 8.01053
      vertex -5.85489 5.96922 8.10891
      vertex -5.77086 5.93725 8.01053
    endloop
  endfacet
  facet normal -0.514486 0 0.857499
    outer loop
      vertex -52.1021 6 9.64487
      vertex -51.4292 5.96922 10.0486
      vertex -51.4292 6 10.0486
    endloop
  endfacet
  facet normal -0.514486 0 0.857499
    outer loop
      vertex -51.4292 5.96922 10.0486
      vertex -52.1021 6 9.64487
      vertex -52.1021 5.96922 9.64487
    endloop
  endfacet
  facet normal 0.968186 0 -0.250232
    outer loop
      vertex -4.196 0 -7.19191
      vertex -4.33968 6 -7.74783
      vertex -4.196 6 -7.19191
    endloop
  endfacet
  facet normal 0.968186 0 -0.250232
    outer loop
      vertex -4.33968 6 -7.74783
      vertex -4.196 0 -7.19191
      vertex -4.33968 0 -7.74783
    endloop
  endfacet
  facet normal -0.980622 0 0.195909
    outer loop
      vertex -56.7473 0 -0.453629
      vertex -56.6912 6 -0.172821
      vertex -56.7473 6 -0.453629
    endloop
  endfacet
  facet normal -0.980622 0 0.195909
    outer loop
      vertex -56.6912 6 -0.172821
      vertex -56.7473 0 -0.453629
      vertex -56.6912 0 -0.172821
    endloop
  endfacet
  facet normal 0.370029 0 -0.92902
    outer loop
      vertex -19.6724 0 -25.4202
      vertex -19.3076 6 -25.2749
      vertex -19.3076 0 -25.2749
    endloop
  endfacet
  facet normal 0.370029 0 -0.92902
    outer loop
      vertex -19.3076 6 -25.2749
      vertex -19.6724 0 -25.4202
      vertex -19.6724 6 -25.4202
    endloop
  endfacet
  facet normal -0.493949 0 -0.869491
    outer loop
      vertex -43.1963 0 -23.8166
      vertex -42.6015 6 -24.1545
      vertex -42.6015 0 -24.1545
    endloop
  endfacet
  facet normal -0.493949 0 -0.869491
    outer loop
      vertex -42.6015 6 -24.1545
      vertex -43.1963 0 -23.8166
      vertex -43.1963 6 -23.8166
    endloop
  endfacet
  facet normal -0.860533 0 -0.509395
    outer loop
      vertex -52.2062 0 -16.4361
      vertex -52.446 6 -16.031
      vertex -52.2062 6 -16.4361
    endloop
  endfacet
  facet normal -0.860533 -0 -0.509395
    outer loop
      vertex -52.446 6 -16.031
      vertex -52.2062 0 -16.4361
      vertex -52.446 0 -16.031
    endloop
  endfacet
  facet normal -0.094737 0 -0.995502
    outer loop
      vertex -39.7613 0 -25.0055
      vertex -39.3704 6 -25.0427
      vertex -39.3704 0 -25.0427
    endloop
  endfacet
  facet normal -0.094737 0 -0.995502
    outer loop
      vertex -39.3704 6 -25.0427
      vertex -39.7613 0 -25.0055
      vertex -39.7613 6 -25.0055
    endloop
  endfacet
  facet normal 0.382775 0 0.923842
    outer loop
      vertex -9.15958 6 10.4726
      vertex -8.72466 5.96922 10.2924
      vertex -8.72466 6 10.2924
    endloop
  endfacet
  facet normal 0.382775 0 0.923842
    outer loop
      vertex -8.72466 5.96922 10.2924
      vertex -9.15958 6 10.4726
      vertex -9.15958 5.96922 10.4726
    endloop
  endfacet
  facet normal -0.754315 0.000226545 0.656513
    outer loop
      vertex -53.9379 6 7.94632
      vertex -53.7964 5.96922 8.10891
      vertex -53.4229 6 8.53804
    endloop
  endfacet
  facet normal -0.754336 0 0.656489
    outer loop
      vertex -53.7964 5.96922 8.10891
      vertex -53.9379 6 7.94632
      vertex -53.9379 5.91639 7.94632
    endloop
  endfacet
  facet normal -0.754306 0 0.656522
    outer loop
      vertex -53.4229 6 8.53804
      vertex -53.7964 5.96922 8.10891
      vertex -53.4229 5.96922 8.53804
    endloop
  endfacet
  facet normal -0.576333 0 -0.817215
    outer loop
      vertex -43.7267 0 -23.455
      vertex -43.4882 6 -23.6232
      vertex -43.4882 0 -23.6232
    endloop
  endfacet
  facet normal -0.576333 0 -0.817215
    outer loop
      vertex -43.4882 6 -23.6232
      vertex -43.7267 0 -23.455
      vertex -43.7267 6 -23.455
    endloop
  endfacet
  facet normal -0.925397 0 -0.379
    outer loop
      vertex -52.7703 0 -15.3795
      vertex -52.9229 6 -15.0069
      vertex -52.7703 6 -15.3795
    endloop
  endfacet
  facet normal -0.925397 -0 -0.379
    outer loop
      vertex -52.9229 6 -15.0069
      vertex -52.7703 0 -15.3795
      vertex -52.9229 0 -15.0069
    endloop
  endfacet
  facet normal 0.33332 0 -0.942814
    outer loop
      vertex -20.1162 0 -25.5771
      vertex -19.6724 6 -25.4202
      vertex -19.6724 0 -25.4202
    endloop
  endfacet
  facet normal 0.33332 0 -0.942814
    outer loop
      vertex -19.6724 6 -25.4202
      vertex -20.1162 0 -25.5771
      vertex -20.1162 6 -25.5771
    endloop
  endfacet
  facet normal 0.987689 -0 0.156429
    outer loop
      vertex -4.17509 0 4.63651
      vertex -4.05237 6 3.86166
      vertex -4.17509 6 4.63651
    endloop
  endfacet
  facet normal 0.987689 0 0.156429
    outer loop
      vertex -4.05237 6 3.86166
      vertex -4.17509 0 4.63651
      vertex -4.05237 0 3.86166
    endloop
  endfacet
  facet normal 0.809028 -0 0.587771
    outer loop
      vertex -5.77086 5.93725 8.01053
      vertex -5.30977 6 7.37587
      vertex -5.77086 6 8.01053
    endloop
  endfacet
  facet normal 0.809028 0 0.587771
    outer loop
      vertex -5.30977 6 7.37587
      vertex -5.77086 5.93725 8.01053
      vertex -5.30977 5.73104 7.37587
    endloop
  endfacet
  facet normal 0.233453 0 0.972368
    outer loop
      vertex -10.3635 6 10.8249
      vertex -9.90575 5.96922 10.715
      vertex -9.90575 6 10.715
    endloop
  endfacet
  facet normal 0.233453 0 0.972368
    outer loop
      vertex -9.90575 5.96922 10.715
      vertex -10.3635 6 10.8249
      vertex -10.3635 5.96922 10.8249
    endloop
  endfacet
  facet normal -0.920302 0 0.391208
    outer loop
      vertex -55.159 6 5.76349
      vertex -54.8521 4.92811 6.48546
      vertex -54.8521 6 6.48546
    endloop
  endfacet
  facet normal -0.92033 -5.28802e-05 0.391142
    outer loop
      vertex -55.159 6 5.76349
      vertex -54.9426 4.63498 6.27248
      vertex -54.8521 4.92811 6.48546
    endloop
  endfacet
  facet normal -0.920254 2.63546e-05 0.391322
    outer loop
      vertex -55.159 6 5.76349
      vertex -55.0454 3.89109 6.03078
      vertex -54.9426 4.63498 6.27248
    endloop
  endfacet
  facet normal -0.920329 0 0.391146
    outer loop
      vertex -55.159 0 5.76349
      vertex -55.0454 3.89109 6.03078
      vertex -55.159 6 5.76349
    endloop
  endfacet
  facet normal -0.920329 0 0.391146
    outer loop
      vertex -55.0454 3.89109 6.03078
      vertex -55.159 0 5.76349
      vertex -55.0454 0 6.03078
    endloop
  endfacet
  facet normal -0.886663 0 0.462416
    outer loop
      vertex -54.8521 6 6.48546
      vertex -54.6344 5.39176 6.90289
      vertex -54.6344 6 6.90289
    endloop
  endfacet
  facet normal -0.886668 -8.04821e-06 0.462407
    outer loop
      vertex -54.8521 6 6.48546
      vertex -54.7234 5.26777 6.73223
      vertex -54.6344 5.39176 6.90289
    endloop
  endfacet
  facet normal -0.886658 0 0.462426
    outer loop
      vertex -54.7234 5.26777 6.73223
      vertex -54.8521 6 6.48546
      vertex -54.8521 4.92811 6.48546
    endloop
  endfacet
  facet normal 0.406134 0 -0.913814
    outer loop
      vertex -19.3076 0 -25.2749
      vertex -12.1345 6 -22.0869
      vertex -12.1345 0 -22.0869
    endloop
  endfacet
  facet normal 0.406134 0 -0.913814
    outer loop
      vertex -12.1345 6 -22.0869
      vertex -19.3076 0 -25.2749
      vertex -19.3076 6 -25.2749
    endloop
  endfacet
  facet normal 0.972367 -0 0.233458
    outer loop
      vertex -4.28499 0 5.09425
      vertex -4.17509 6 4.63651
      vertex -4.28499 6 5.09425
    endloop
  endfacet
  facet normal 0.972367 0 0.233458
    outer loop
      vertex -4.17509 6 4.63651
      vertex -4.28499 0 5.09425
      vertex -4.17509 0 4.63651
    endloop
  endfacet
  facet normal -0.959877 0 0.280422
    outer loop
      vertex -55.4188 0 4.94028
      vertex -55.3087 6 5.31715
      vertex -55.4188 6 4.94028
    endloop
  endfacet
  facet normal -0.959877 0 0.280422
    outer loop
      vertex -55.3087 6 5.31715
      vertex -55.4188 0 4.94028
      vertex -55.3087 0 5.31715
    endloop
  endfacet
  facet normal -0.361284 0 -0.932456
    outer loop
      vertex -42.1773 0 -24.3585
      vertex -41.4456 6 -24.642
      vertex -41.4456 0 -24.642
    endloop
  endfacet
  facet normal -0.361284 0 -0.932456
    outer loop
      vertex -41.4456 6 -24.642
      vertex -42.1773 0 -24.3585
      vertex -42.1773 6 -24.3585
    endloop
  endfacet
  facet normal -0.975636 0 0.219397
    outer loop
      vertex -56.6912 0 -0.172821
      vertex -56.6388 6 0.0601959
      vertex -56.6912 6 -0.172821
    endloop
  endfacet
  facet normal -0.975636 0 0.219397
    outer loop
      vertex -56.6388 6 0.0601959
      vertex -56.6912 0 -0.172821
      vertex -56.6388 0 0.0601959
    endloop
  endfacet
  facet normal -0.580229 0 0.814453
    outer loop
      vertex -52.4855 6 9.37173
      vertex -52.1021 5.96922 9.64487
      vertex -52.1021 6 9.64487
    endloop
  endfacet
  facet normal -0.580229 0 0.814453
    outer loop
      vertex -52.1021 5.96922 9.64487
      vertex -52.4855 6 9.37173
      vertex -52.4855 5.96922 9.37173
    endloop
  endfacet
  facet normal 0.682231 0 -0.731137
    outer loop
      vertex -10.2233 0 -20.8821
      vertex -9.64952 6 -20.3467
      vertex -9.64952 0 -20.3467
    endloop
  endfacet
  facet normal 0.682231 0 -0.731137
    outer loop
      vertex -9.64952 6 -20.3467
      vertex -10.2233 0 -20.8821
      vertex -10.2233 6 -20.8821
    endloop
  endfacet
  facet normal -0.660863 0 -0.750507
    outer loop
      vertex -50.9082 0 -18.0034
      vertex -50.5549 6 -18.3145
      vertex -50.5549 0 -18.3145
    endloop
  endfacet
  facet normal -0.660863 0 -0.750507
    outer loop
      vertex -50.5549 6 -18.3145
      vertex -50.9082 0 -18.0034
      vertex -50.9082 6 -18.0034
    endloop
  endfacet
  facet normal -0.631072 0 -0.775724
    outer loop
      vertex -50.5549 0 -18.3145
      vertex -50.2503 6 -18.5623
      vertex -50.2503 0 -18.5623
    endloop
  endfacet
  facet normal -0.631072 0 -0.775724
    outer loop
      vertex -50.2503 6 -18.5623
      vertex -50.5549 0 -18.3145
      vertex -50.5549 6 -18.3145
    endloop
  endfacet
  facet normal 0.999228 0 -0.0392948
    outer loop
      vertex -4 0 -5.47148
      vertex -4.01543 6 -5.86385
      vertex -4 6 -5.47148
    endloop
  endfacet
  facet normal 0.999228 0 -0.0392948
    outer loop
      vertex -4.01543 6 -5.86385
      vertex -4 0 -5.47148
      vertex -4.01543 0 -5.86385
    endloop
  endfacet
  facet normal -0.996292 0 -0.0860319
    outer loop
      vertex -56.8186 0 -2.80199
      vertex -56.8591 6 -2.33298
      vertex -56.8186 6 -2.80199
    endloop
  endfacet
  facet normal -0.996292 -0 -0.0860319
    outer loop
      vertex -56.8591 6 -2.33298
      vertex -56.8186 0 -2.80199
      vertex -56.8591 0 -2.33298
    endloop
  endfacet
  facet normal 0.156414 0 0.987692
    outer loop
      vertex -11.1383 6 10.9476
      vertex -10.3635 5.96922 10.8249
      vertex -10.3635 6 10.8249
    endloop
  endfacet
  facet normal 0.156414 0 0.987692
    outer loop
      vertex -10.3635 5.96922 10.8249
      vertex -11.1383 6 10.9476
      vertex -11.1383 5.96922 10.9476
    endloop
  endfacet
  facet normal -0.93745 0 -0.348119
    outer loop
      vertex -52.9229 0 -15.0069
      vertex -53.0398 6 -14.6921
      vertex -52.9229 6 -15.0069
    endloop
  endfacet
  facet normal -0.93745 -0 -0.348119
    outer loop
      vertex -53.0398 6 -14.6921
      vertex -52.9229 0 -15.0069
      vertex -53.0398 0 -14.6921
    endloop
  endfacet
  facet normal 0.9863 0 -0.164961
    outer loop
      vertex -4.05237 0 -6.33315
      vertex -4.196 6 -7.19191
      vertex -4.05237 6 -6.33315
    endloop
  endfacet
  facet normal 0.9863 0 -0.164961
    outer loop
      vertex -4.196 6 -7.19191
      vertex -4.05237 0 -6.33315
      vertex -4.196 0 -7.19191
    endloop
  endfacet
  facet normal 0.707107 -0 0.707107
    outer loop
      vertex -6.6315 5.96922 8.92342
      vertex -6.07658 6 8.3685
      vertex -6.6315 6 8.92342
    endloop
  endfacet
  facet normal 0.707107 0 0.707107
    outer loop
      vertex -6.07658 6 8.3685
      vertex -6.6315 5.96922 8.92342
      vertex -6.07658 5.96922 8.3685
    endloop
  endfacet
  facet normal 1 -0 0
    outer loop
      vertex -4 0 3
      vertex -4 6 -5.47148
      vertex -4 6 3
    endloop
  endfacet
  facet normal 1 0 0
    outer loop
      vertex -4 6 -5.47148
      vertex -4 0 3
      vertex -4 0 -5.47148
    endloop
  endfacet
  facet normal -0.433394 0 -0.901205
    outer loop
      vertex -42.6015 0 -24.1545
      vertex -42.1773 6 -24.3585
      vertex -42.1773 0 -24.3585
    endloop
  endfacet
  facet normal -0.433394 0 -0.901205
    outer loop
      vertex -42.1773 6 -24.3585
      vertex -42.6015 0 -24.1545
      vertex -42.6015 6 -24.1545
    endloop
  endfacet
  facet normal -0.970143 0 0.242532
    outer loop
      vertex -56.6388 0 0.0601959
      vertex -55.4188 6 4.94028
      vertex -56.6388 6 0.0601959
    endloop
  endfacet
  facet normal -0.970143 0 0.242532
    outer loop
      vertex -55.4188 6 4.94028
      vertex -56.6388 0 0.0601959
      vertex -55.4188 0 4.94028
    endloop
  endfacet
  facet normal 0.445754 0 -0.895156
    outer loop
      vertex -12.1345 0 -22.0869
      vertex -11.7419 6 -21.8914
      vertex -11.7419 0 -21.8914
    endloop
  endfacet
  facet normal 0.445754 0 -0.895156
    outer loop
      vertex -11.7419 6 -21.8914
      vertex -12.1345 0 -22.0869
      vertex -12.1345 6 -22.0869
    endloop
  endfacet
  facet normal 0.73751 0 -0.675336
    outer loop
      vertex -9.33159 0 -19.9995
      vertex -9.64952 6 -20.3467
      vertex -9.33159 6 -19.9995
    endloop
  endfacet
  facet normal 0.73751 0 -0.675336
    outer loop
      vertex -9.64952 6 -20.3467
      vertex -9.33159 0 -19.9995
      vertex -9.64952 0 -20.3467
    endloop
  endfacet
  facet normal -0.700427 0 0.713724
    outer loop
      vertex -53.4229 6 8.53804
      vertex -53.0869 5.96922 8.86778
      vertex -53.0869 6 8.86778
    endloop
  endfacet
  facet normal -0.700427 0 0.713724
    outer loop
      vertex -53.0869 5.96922 8.86778
      vertex -53.4229 6 8.53804
      vertex -53.4229 5.96922 8.53804
    endloop
  endfacet
  facet normal 0.852601 0 0.522562
    outer loop
      vertex -5.30312 5.72752 7.36502
      vertex -5.30977 6 7.37587
      vertex -5.30977 5.73104 7.37587
    endloop
  endfacet
  facet normal 0.852636 3.1379e-06 0.522505
    outer loop
      vertex -5.30977 6 7.37587
      vertex -5.30312 5.72752 7.36502
      vertex -5.0638 6 6.97449
    endloop
  endfacet
  facet normal 0.852637 0 0.522503
    outer loop
      vertex -5.0638 6 6.97449
      vertex -5.30312 5.72752 7.36502
      vertex -5.0638 5.44377 6.97449
    endloop
  endfacet
  facet normal -0.803433 0 0.595395
    outer loop
      vertex -54.2182 6 7.56808
      vertex -53.9379 5.91639 7.94632
      vertex -53.9379 6 7.94632
    endloop
  endfacet
  facet normal -0.803433 0 0.595395
    outer loop
      vertex -53.9379 5.91639 7.94632
      vertex -54.2182 6 7.56808
      vertex -54.2182 5.79349 7.56808
    endloop
  endfacet
  facet normal 0.522505 0 0.852636
    outer loop
      vertex -8.02551 6 9.9362
      vertex -7.62413 5.96922 9.69023
      vertex -7.62413 6 9.69023
    endloop
  endfacet
  facet normal 0.522505 0 0.852636
    outer loop
      vertex -7.62413 5.96922 9.69023
      vertex -8.02551 6 9.9362
      vertex -8.02551 5.96922 9.9362
    endloop
  endfacet
  facet normal 0.834103 0 -0.551608
    outer loop
      vertex -8.5891 0 -18.9885
      vertex -8.8488 6 -19.3812
      vertex -8.5891 6 -18.9885
    endloop
  endfacet
  facet normal 0.834103 0 -0.551608
    outer loop
      vertex -8.8488 6 -19.3812
      vertex -8.5891 0 -18.9885
      vertex -8.8488 0 -19.3812
    endloop
  endfacet
  facet normal 0.999228 -0 0.0392958
    outer loop
      vertex -4.01543 0 3.39236
      vertex -4 6 3
      vertex -4.01543 6 3.39236
    endloop
  endfacet
  facet normal 0.999228 0 0.0392958
    outer loop
      vertex -4 6 3
      vertex -4.01543 0 3.39236
      vertex -4 0 3
    endloop
  endfacet
  facet normal 0.484625 0 -0.874722
    outer loop
      vertex -11.7419 0 -21.8914
      vertex -11.282 6 -21.6366
      vertex -11.282 0 -21.6366
    endloop
  endfacet
  facet normal 0.484625 0 -0.874722
    outer loop
      vertex -11.282 6 -21.6366
      vertex -11.7419 0 -21.8914
      vertex -11.7419 6 -21.8914
    endloop
  endfacet
  facet normal 0.874751 0 -0.484573
    outer loop
      vertex -8.20892 0 -18.3022
      vertex -8.5891 6 -18.9885
      vertex -8.20892 6 -18.3022
    endloop
  endfacet
  facet normal 0.874751 0 -0.484573
    outer loop
      vertex -8.5891 6 -18.9885
      vertex -8.20892 0 -18.3022
      vertex -8.5891 0 -18.9885
    endloop
  endfacet
  facet normal 0.996916 -0 0.0784703
    outer loop
      vertex -4.05237 0 3.86166
      vertex -4.01543 6 3.39236
      vertex -4.05237 6 3.86166
    endloop
  endfacet
  facet normal 0.996916 0 0.0784703
    outer loop
      vertex -4.01543 6 3.39236
      vertex -4.05237 0 3.86166
      vertex -4.01543 0 3.39236
    endloop
  endfacet
  facet normal 0.951062 -0 0.308999
    outer loop
      vertex -4.52742 0 5.84042
      vertex -4.28499 6 5.09425
      vertex -4.52742 6 5.84042
    endloop
  endfacet
  facet normal 0.951062 0 0.308999
    outer loop
      vertex -4.28499 6 5.09425
      vertex -4.52742 0 5.84042
      vertex -4.28499 0 5.09425
    endloop
  endfacet
  facet normal 0 1 0
    outer loop
      vertex -11.1383 6 10.9476
      vertex -11.5307 6 5.96306
      vertex -12 6 6
    endloop
  endfacet
  facet normal 0 1 0
    outer loop
      vertex -5.0638 6 6.97449
      vertex -11.073 6 5.85316
      vertex -11.5307 6 5.96306
    endloop
  endfacet
  facet normal 0 1 0
    outer loop
      vertex -9.32698 6 4.36197
      vertex -4.70757 6 6.27534
      vertex -4.52742 6 5.84042
    endloop
  endfacet
  facet normal 0 1 0
    outer loop
      vertex -5.0638 6 6.97449
      vertex -10.638 6 5.67302
      vertex -11.073 6 5.85316
    endloop
  endfacet
  facet normal 0 1 0
    outer loop
      vertex -5.0638 6 6.97449
      vertex -10.2366 6 5.42705
      vertex -10.638 6 5.67302
    endloop
  endfacet
  facet normal 0 1 0
    outer loop
      vertex -5.0638 6 6.97449
      vertex -9.87868 6 5.12132
      vertex -10.2366 6 5.42705
    endloop
  endfacet
  facet normal 0 1 0
    outer loop
      vertex -9.14684 6 3.92705
      vertex -4.52742 6 5.84042
      vertex -4.28499 6 5.09425
    endloop
  endfacet
  facet normal 0 1 0
    outer loop
      vertex -5.0638 6 6.97449
      vertex -9.57295 6 4.76335
      vertex -9.87868 6 5.12132
    endloop
  endfacet
  facet normal 0 1 0
    outer loop
      vertex -9.14684 6 3.92705
      vertex -4.28499 6 5.09425
      vertex -4.17509 6 4.63651
    endloop
  endfacet
  facet normal 0 1 0
    outer loop
      vertex -5.0638 6 6.97449
      vertex -9.32698 6 4.36197
      vertex -9.57295 6 4.76335
    endloop
  endfacet
  facet normal 0 1 0
    outer loop
      vertex -4.52742 6 5.84042
      vertex -9.14684 6 3.92705
      vertex -9.32698 6 4.36197
    endloop
  endfacet
  facet normal 0 1 0
    outer loop
      vertex -9.03694 6 3.4693
      vertex -4.17509 6 4.63651
      vertex -4.05237 6 3.86166
    endloop
  endfacet
  facet normal 0 1 0
    outer loop
      vertex -4.17509 6 4.63651
      vertex -9.03694 6 3.4693
      vertex -9.14684 6 3.92705
    endloop
  endfacet
  facet normal 0 1 0
    outer loop
      vertex -4.01543 6 3.39236
      vertex -9.03694 6 3.4693
      vertex -4.05237 6 3.86166
    endloop
  endfacet
  facet normal 0 1 0
    outer loop
      vertex -9 6 3
      vertex -4.01543 6 3.39236
      vertex -4 6 3
    endloop
  endfacet
  facet normal 0 1 0
    outer loop
      vertex -4.01543 6 3.39236
      vertex -9 6 3
      vertex -9.03694 6 3.4693
    endloop
  endfacet
  facet normal 0 1 -0
    outer loop
      vertex -4 6 -5.47148
      vertex -9 6 3
      vertex -4 6 3
    endloop
  endfacet
  facet normal 0 1 0
    outer loop
      vertex -4 6 -5.47148
      vertex -9 6 -5.47148
      vertex -9 6 3
    endloop
  endfacet
  facet normal 0 1 -0
    outer loop
      vertex -4.01543 6 -5.86385
      vertex -9 6 -5.47148
      vertex -4 6 -5.47148
    endloop
  endfacet
  facet normal 0 1 0
    outer loop
      vertex -4.01543 6 -5.86385
      vertex -9.03694 6 -5.94078
      vertex -9 6 -5.47148
    endloop
  endfacet
  facet normal 0 1 -0
    outer loop
      vertex -4.05237 6 -6.33315
      vertex -9.03694 6 -5.94078
      vertex -4.01543 6 -5.86385
    endloop
  endfacet
  facet normal 0 1 -0
    outer loop
      vertex -4.196 6 -7.19191
      vertex -9.03694 6 -5.94078
      vertex -4.05237 6 -6.33315
    endloop
  endfacet
  facet normal 0 1 0
    outer loop
      vertex -9.03694 6 -5.94078
      vertex -4.196 6 -7.19191
      vertex -9.18062 6 -6.4967
    endloop
  endfacet
  facet normal 0 1 -0
    outer loop
      vertex -4.33968 6 -7.74783
      vertex -9.18062 6 -6.4967
      vertex -4.196 6 -7.19191
    endloop
  endfacet
  facet normal 0 1 -0
    outer loop
      vertex -4.48166 6 -8.20541
      vertex -9.18062 6 -6.4967
      vertex -4.33968 6 -7.74783
    endloop
  endfacet
  facet normal 0 1 0
    outer loop
      vertex -4.48166 6 -8.20541
      vertex -12.5642 6 -15.8017
      vertex -9.18062 6 -6.4967
    endloop
  endfacet
  facet normal 0 1 -0
    outer loop
      vertex -7.86528 6 -17.5104
      vertex -12.5642 6 -15.8017
      vertex -4.48166 6 -8.20541
    endloop
  endfacet
  facet normal 0 1 -0
    outer loop
      vertex -8.01382 6 -17.8738
      vertex -12.5642 6 -15.8017
      vertex -7.86528 6 -17.5104
    endloop
  endfacet
  facet normal 0 1 0
    outer loop
      vertex -12.5642 6 -15.8017
      vertex -8.01382 6 -17.8738
      vertex -12.7593 6 -16.2301
    endloop
  endfacet
  facet normal 0 1 -0
    outer loop
      vertex -8.20892 6 -18.3022
      vertex -12.7593 6 -16.2301
      vertex -8.01382 6 -17.8738
    endloop
  endfacet
  facet normal 0 1 -0
    outer loop
      vertex -8.5891 6 -18.9885
      vertex -12.7593 6 -16.2301
      vertex -8.20892 6 -18.3022
    endloop
  endfacet
  facet normal 0 1 0
    outer loop
      vertex -12.7593 6 -16.2301
      vertex -8.5891 6 -18.9885
      vertex -13.019 6 -16.6227
    endloop
  endfacet
  facet normal 0 1 -0
    outer loop
      vertex -8.8488 6 -19.3812
      vertex -13.019 6 -16.6227
      vertex -8.5891 6 -18.9885
    endloop
  endfacet
  facet normal 0 1 -0
    outer loop
      vertex -9.33159 6 -19.9995
      vertex -13.019 6 -16.6227
      vertex -8.8488 6 -19.3812
    endloop
  endfacet
  facet normal 0 1 0
    outer loop
      vertex -13.019 6 -16.6227
      vertex -9.33159 6 -19.9995
      vertex -13.337 6 -16.9699
    endloop
  endfacet
  facet normal 0 1 -0
    outer loop
      vertex -9.64952 6 -20.3467
      vertex -13.337 6 -16.9699
      vertex -9.33159 6 -19.9995
    endloop
  endfacet
  facet normal 0 1 -0
    outer loop
      vertex -10.2233 6 -20.8821
      vertex -13.337 6 -16.9699
      vertex -9.64952 6 -20.3467
    endloop
  endfacet
  facet normal 0 1 0
    outer loop
      vertex -13.337 6 -16.9699
      vertex -10.2233 6 -20.8821
      vertex -13.7053 6 -17.263
    endloop
  endfacet
  facet normal 0 1 -0
    outer loop
      vertex -10.5916 6 -21.1752
      vertex -13.7053 6 -17.263
      vertex -10.2233 6 -20.8821
    endloop
  endfacet
  facet normal 0 1 0
    outer loop
      vertex -14.1652 6 -17.5179
      vertex -12.1345 6 -22.0869
      vertex -21.3383 6 -20.7059
    endloop
  endfacet
  facet normal 0 1 -0
    outer loop
      vertex -11.282 6 -21.6366
      vertex -13.7053 6 -17.263
      vertex -10.5916 6 -21.1752
    endloop
  endfacet
  facet normal 0 1 -0
    outer loop
      vertex -19.3076 6 -25.2749
      vertex -21.3383 6 -20.7059
      vertex -12.1345 6 -22.0869
    endloop
  endfacet
  facet normal 0 1 -0
    outer loop
      vertex -19.6724 6 -25.4202
      vertex -21.3383 6 -20.7059
      vertex -19.3076 6 -25.2749
    endloop
  endfacet
  facet normal 0 1 0
    outer loop
      vertex -13.7053 6 -17.263
      vertex -11.282 6 -21.6366
      vertex -14.1652 6 -17.5179
    endloop
  endfacet
  facet normal 0 1 0
    outer loop
      vertex -12 6 6
      vertex -12 6 11
      vertex -11.6076 6 10.9846
    endloop
  endfacet
  facet normal 0 1 0
    outer loop
      vertex -12 6 11
      vertex -12 6 6
      vertex -47.6577 6 11
    endloop
  endfacet
  facet normal 0 1 0
    outer loop
      vertex -12 6 6
      vertex -11.6076 6 10.9846
      vertex -11.1383 6 10.9476
    endloop
  endfacet
  facet normal 0 1 0
    outer loop
      vertex -47.6577 6 11
      vertex -12 6 6
      vertex -47.6577 6 6
    endloop
  endfacet
  facet normal 0 1 0
    outer loop
      vertex -11.5307 6 5.96306
      vertex -11.1383 6 10.9476
      vertex -10.3635 6 10.8249
    endloop
  endfacet
  facet normal 0 1 0
    outer loop
      vertex -11.5307 6 5.96306
      vertex -10.3635 6 10.8249
      vertex -9.90575 6 10.715
    endloop
  endfacet
  facet normal 0 1 0
    outer loop
      vertex -47.6577 6 11
      vertex -47.6577 6 6
      vertex -48.2221 6 10.968
    endloop
  endfacet
  facet normal 0 1 -0
    outer loop
      vertex -48.3307 6 5.92354
      vertex -48.8951 6 10.8916
      vertex -47.6577 6 6
    endloop
  endfacet
  facet normal 0 1 0
    outer loop
      vertex -11.5307 6 5.96306
      vertex -9.90575 6 10.715
      vertex -9.15958 6 10.4726
    endloop
  endfacet
  facet normal 0 1 0
    outer loop
      vertex -11.5307 6 5.96306
      vertex -9.15958 6 10.4726
      vertex -8.72466 6 10.2924
    endloop
  endfacet
  facet normal 0 1 0
    outer loop
      vertex -48.2221 6 10.968
      vertex -47.6577 6 6
      vertex -48.8951 6 10.8916
    endloop
  endfacet
  facet normal 0 1 0
    outer loop
      vertex -49.8313 6 10.6931
      vertex -48.3307 6 5.92354
      vertex -50.2803 6 10.5518
    endloop
  endfacet
  facet normal 0 1 0
    outer loop
      vertex -11.5307 6 5.96306
      vertex -8.72466 6 10.2924
      vertex -8.02551 6 9.9362
    endloop
  endfacet
  facet normal 0 1 0
    outer loop
      vertex -11.5307 6 5.96306
      vertex -8.02551 6 9.9362
      vertex -7.62413 6 9.69023
    endloop
  endfacet
  facet normal 0 1 0
    outer loop
      vertex -48.8951 6 10.8916
      vertex -48.3307 6 5.92354
      vertex -49.8313 6 10.6931
    endloop
  endfacet
  facet normal 0 1 0
    outer loop
      vertex -50.2803 6 10.5518
      vertex -48.7797 6 5.78226
      vertex -51.0078 6 10.2584
    endloop
  endfacet
  facet normal 0 1 0
    outer loop
      vertex -11.5307 6 5.96306
      vertex -7.62413 6 9.69023
      vertex -6.98947 6 9.22914
    endloop
  endfacet
  facet normal 0 1 0
    outer loop
      vertex -11.5307 6 5.96306
      vertex -6.98947 6 9.22914
      vertex -6.6315 6 8.92342
    endloop
  endfacet
  facet normal 0 1 -0
    outer loop
      vertex -48.7797 6 5.78226
      vertex -50.2803 6 10.5518
      vertex -48.3307 6 5.92354
    endloop
  endfacet
  facet normal 0 1 -0
    outer loop
      vertex -49.2012 6 5.57248
      vertex -51.4292 6 10.0486
      vertex -48.7797 6 5.78226
    endloop
  endfacet
  facet normal 0 1 0
    outer loop
      vertex -11.5307 6 5.96306
      vertex -6.6315 6 8.92342
      vertex -6.07658 6 8.3685
    endloop
  endfacet
  facet normal 0 1 0
    outer loop
      vertex -11.5307 6 5.96306
      vertex -6.07658 6 8.3685
      vertex -5.77086 6 8.01053
    endloop
  endfacet
  facet normal 0 1 0
    outer loop
      vertex -51.0078 6 10.2584
      vertex -48.7797 6 5.78226
      vertex -51.4292 6 10.0486
    endloop
  endfacet
  facet normal 0 1 0
    outer loop
      vertex -52.1021 6 9.64487
      vertex -49.2012 6 5.57248
      vertex -52.4855 6 9.37173
    endloop
  endfacet
  facet normal 0 1 0
    outer loop
      vertex -11.5307 6 5.96306
      vertex -5.77086 6 8.01053
      vertex -5.30977 6 7.37587
    endloop
  endfacet
  facet normal 0 1 0
    outer loop
      vertex -11.5307 6 5.96306
      vertex -5.30977 6 7.37587
      vertex -5.0638 6 6.97449
    endloop
  endfacet
  facet normal 0 1 0
    outer loop
      vertex -51.4292 6 10.0486
      vertex -49.2012 6 5.57248
      vertex -52.1021 6 9.64487
    endloop
  endfacet
  facet normal 0 1 0
    outer loop
      vertex -52.4855 6 9.37173
      vertex -49.5846 6 5.29935
      vertex -53.0869 6 8.86778
    endloop
  endfacet
  facet normal 0 1 0
    outer loop
      vertex -9.32698 6 4.36197
      vertex -5.0638 6 6.97449
      vertex -4.70757 6 6.27534
    endloop
  endfacet
  facet normal 0 1 -0
    outer loop
      vertex -49.5846 6 5.29935
      vertex -52.4855 6 9.37173
      vertex -49.2012 6 5.57248
    endloop
  endfacet
  facet normal 0 1 0
    outer loop
      vertex -53.0869 6 8.86778
      vertex -49.5846 6 5.29935
      vertex -53.4229 6 8.53804
    endloop
  endfacet
  facet normal 0 1 -0
    outer loop
      vertex -49.9205 6 4.9696
      vertex -53.4229 6 8.53804
      vertex -49.5846 6 5.29935
    endloop
  endfacet
  facet normal 0 1 0
    outer loop
      vertex -53.4229 6 8.53804
      vertex -49.9205 6 4.9696
      vertex -53.9379 6 7.94632
    endloop
  endfacet
  facet normal 0 1 0
    outer loop
      vertex -53.9379 6 7.94632
      vertex -49.9205 6 4.9696
      vertex -54.2182 6 7.56808
    endloop
  endfacet
  facet normal 0 1 -0
    outer loop
      vertex -50.2008 6 4.59137
      vertex -54.2182 6 7.56808
      vertex -49.9205 6 4.9696
    endloop
  endfacet
  facet normal 0 1 0
    outer loop
      vertex -54.2182 6 7.56808
      vertex -50.2008 6 4.59137
      vertex -54.6344 6 6.90289
    endloop
  endfacet
  facet normal 0 1 0
    outer loop
      vertex -54.6344 6 6.90289
      vertex -50.2008 6 4.59137
      vertex -54.8521 6 6.48546
    endloop
  endfacet
  facet normal 0 1 -0
    outer loop
      vertex -50.4184 6 4.17393
      vertex -54.8521 6 6.48546
      vertex -50.2008 6 4.59137
    endloop
  endfacet
  facet normal 0 1 0
    outer loop
      vertex -54.8521 6 6.48546
      vertex -50.4184 6 4.17393
      vertex -55.159 6 5.76349
    endloop
  endfacet
  facet normal 0 1 0
    outer loop
      vertex -55.159 6 5.76349
      vertex -50.4184 6 4.17393
      vertex -55.3087 6 5.31715
    endloop
  endfacet
  facet normal 0 1 -0
    outer loop
      vertex -50.5681 6 3.7276
      vertex -55.3087 6 5.31715
      vertex -50.4184 6 4.17393
    endloop
  endfacet
  facet normal 0 1 0
    outer loop
      vertex -55.3087 6 5.31715
      vertex -50.5681 6 3.7276
      vertex -55.4188 6 4.94028
    endloop
  endfacet
  facet normal 0 1 0
    outer loop
      vertex -50.5681 6 3.7276
      vertex -56.6388 6 0.0601959
      vertex -55.4188 6 4.94028
    endloop
  endfacet
  facet normal 0 1 -0
    outer loop
      vertex -51.7881 6 -1.15248
      vertex -56.6388 6 0.0601959
      vertex -50.5681 6 3.7276
    endloop
  endfacet
  facet normal 0 1 0
    outer loop
      vertex -56.6388 6 0.0601959
      vertex -51.7881 6 -1.15248
      vertex -56.6912 6 -0.172821
    endloop
  endfacet
  facet normal 0 1 0
    outer loop
      vertex -56.6912 6 -0.172821
      vertex -51.7881 6 -1.15248
      vertex -56.7473 6 -0.453629
    endloop
  endfacet
  facet normal 0 1 -0
    outer loop
      vertex -51.8442 6 -1.43329
      vertex -56.7473 6 -0.453629
      vertex -51.7881 6 -1.15248
    endloop
  endfacet
  facet normal 0 1 0
    outer loop
      vertex -56.7473 6 -0.453629
      vertex -51.8442 6 -1.43329
      vertex -56.8316 6 -1.07884
    endloop
  endfacet
  facet normal 0 1 0
    outer loop
      vertex -51.8442 6 -1.43329
      vertex -56.865 6 -1.5484
      vertex -56.8316 6 -1.07884
    endloop
  endfacet
  facet normal 0 1 -0
    outer loop
      vertex -51.8776 6 -1.90285
      vertex -56.865 6 -1.5484
      vertex -51.8442 6 -1.43329
    endloop
  endfacet
  facet normal 0 1 0
    outer loop
      vertex -51.8776 6 -1.90285
      vertex -56.8591 6 -2.33298
      vertex -56.865 6 -1.5484
    endloop
  endfacet
  facet normal 0 1 0
    outer loop
      vertex -51.8371 6 -2.37186
      vertex -56.8591 6 -2.33298
      vertex -51.8776 6 -1.90285
    endloop
  endfacet
  facet normal 0 1 0
    outer loop
      vertex -51.8371 6 -2.37186
      vertex -56.8186 6 -2.80199
      vertex -56.8591 6 -2.33298
    endloop
  endfacet
  facet normal 0 1 0
    outer loop
      vertex -56.69 6 -3.57584
      vertex -51.8371 6 -2.37186
      vertex -51.7237 6 -2.82877
    endloop
  endfacet
  facet normal 0 1 0
    outer loop
      vertex -51.8371 6 -2.37186
      vertex -56.69 6 -3.57584
      vertex -56.8186 6 -2.80199
    endloop
  endfacet
  facet normal 0 1 0
    outer loop
      vertex -51.7237 6 -2.82877
      vertex -56.5766 6 -4.03275
      vertex -56.69 6 -3.57584
    endloop
  endfacet
  facet normal 0 1 0
    outer loop
      vertex -51.7237 6 -2.82877
      vertex -56.4672 6 -4.4099
      vertex -56.5766 6 -4.03275
    endloop
  endfacet
  facet normal 0 1 0
    outer loop
      vertex -48.2963 6 -13.111
      vertex -56.4672 6 -4.4099
      vertex -51.7237 6 -2.82877
    endloop
  endfacet
  facet normal 0 1 0
    outer loop
      vertex -52.9229 6 -15.0069
      vertex -48.2963 6 -13.111
      vertex -48.1437 6 -13.4835
    endloop
  endfacet
  facet normal 0 1 0
    outer loop
      vertex -52.446 6 -16.031
      vertex -48.1437 6 -13.4835
      vertex -47.9038 6 -13.8886
    endloop
  endfacet
  facet normal 0 1 0
    outer loop
      vertex -51.7547 6 -17.0778
      vertex -47.9038 6 -13.8886
      vertex -47.6036 6 -14.2512
    endloop
  endfacet
  facet normal 0 1 0
    outer loop
      vertex -48.2963 6 -13.111
      vertex -53.0398 6 -14.6921
      vertex -56.4672 6 -4.4099
    endloop
  endfacet
  facet normal 0 1 0
    outer loop
      vertex -50.9082 6 -18.0034
      vertex -47.6036 6 -14.2512
      vertex -47.2503 6 -14.5623
    endloop
  endfacet
  facet normal 0 1 0
    outer loop
      vertex -48.2963 6 -13.111
      vertex -52.9229 6 -15.0069
      vertex -53.0398 6 -14.6921
    endloop
  endfacet
  facet normal 0 1 0
    outer loop
      vertex -48.1437 6 -13.4835
      vertex -52.7703 6 -15.3795
      vertex -52.9229 6 -15.0069
    endloop
  endfacet
  facet normal 0 1 0
    outer loop
      vertex -48.1437 6 -13.4835
      vertex -52.446 6 -16.031
      vertex -52.7703 6 -15.3795
    endloop
  endfacet
  facet normal 0 1 0
    outer loop
      vertex -47.9038 6 -13.8886
      vertex -52.2062 6 -16.4361
      vertex -52.446 6 -16.031
    endloop
  endfacet
  facet normal 0 1 0
    outer loop
      vertex -47.9038 6 -13.8886
      vertex -51.7547 6 -17.0778
      vertex -52.2062 6 -16.4361
    endloop
  endfacet
  facet normal 0 1 0
    outer loop
      vertex -47.6036 6 -14.2512
      vertex -51.4544 6 -17.4403
      vertex -51.7547 6 -17.0778
    endloop
  endfacet
  facet normal 0 1 0
    outer loop
      vertex -47.6036 6 -14.2512
      vertex -50.9082 6 -18.0034
      vertex -51.4544 6 -17.4403
    endloop
  endfacet
  facet normal 0 1 0
    outer loop
      vertex -47.2503 6 -14.5623
      vertex -50.5549 6 -18.3145
      vertex -50.9082 6 -18.0034
    endloop
  endfacet
  facet normal 0 1 0
    outer loop
      vertex -47.2503 6 -14.5623
      vertex -50.2503 6 -18.5623
      vertex -50.5549 6 -18.3145
    endloop
  endfacet
  facet normal 0 1 0
    outer loop
      vertex -40.7267 6 -19.455
      vertex -50.2503 6 -18.5623
      vertex -47.2503 6 -14.5623
    endloop
  endfacet
  facet normal 0 1 0
    outer loop
      vertex -43.4882 6 -23.6232
      vertex -40.7267 6 -19.455
      vertex -40.4348 6 -19.6484
    endloop
  endfacet
  facet normal 0 1 0
    outer loop
      vertex -42.6015 6 -24.1545
      vertex -40.4348 6 -19.6484
      vertex -40.0106 6 -19.8524
    endloop
  endfacet
  facet normal 0 1 0
    outer loop
      vertex -41.4456 6 -24.642
      vertex -40.0106 6 -19.8524
      vertex -39.5596 6 -19.9875
    endloop
  endfacet
  facet normal 0 1 0
    outer loop
      vertex -40.2278 6 -24.9426
      vertex -39.5596 6 -19.9875
      vertex -39.0931 6 -20.0504
    endloop
  endfacet
  facet normal 0 1 0
    outer loop
      vertex -14.1652 6 -17.5179
      vertex -11.282 6 -21.6366
      vertex -11.7419 6 -21.8914
    endloop
  endfacet
  facet normal 0 1 0
    outer loop
      vertex -21.3383 6 -20.7059
      vertex -19.6724 6 -25.4202
      vertex -21.7821 6 -20.8627
    endloop
  endfacet
  facet normal 0 1 0
    outer loop
      vertex -14.1652 6 -17.5179
      vertex -11.7419 6 -21.8914
      vertex -12.1345 6 -22.0869
    endloop
  endfacet
  facet normal 0 1 -0
    outer loop
      vertex -20.1162 6 -25.5771
      vertex -21.7821 6 -20.8627
      vertex -19.6724 6 -25.4202
    endloop
  endfacet
  facet normal 0 1 0
    outer loop
      vertex -40.7267 6 -19.455
      vertex -43.7267 6 -23.455
      vertex -50.2503 6 -18.5623
    endloop
  endfacet
  facet normal 0 1 -0
    outer loop
      vertex -20.8742 6 -25.7796
      vertex -21.7821 6 -20.8627
      vertex -20.1162 6 -25.5771
    endloop
  endfacet
  facet normal -0 1 0
    outer loop
      vertex -39.7613 6 -25.0055
      vertex -39.0931 6 -20.0504
      vertex -39.3704 6 -25.0427
    endloop
  endfacet
  facet normal 0 1 0
    outer loop
      vertex -40.7267 6 -19.455
      vertex -43.4882 6 -23.6232
      vertex -43.7267 6 -23.455
    endloop
  endfacet
  facet normal -0 1 0
    outer loop
      vertex -40.2278 6 -24.9426
      vertex -39.0931 6 -20.0504
      vertex -39.7613 6 -25.0055
    endloop
  endfacet
  facet normal 0 1 0
    outer loop
      vertex -40.4348 6 -19.6484
      vertex -43.1963 6 -23.8166
      vertex -43.4882 6 -23.6232
    endloop
  endfacet
  facet normal 0 1 0
    outer loop
      vertex -40.4348 6 -19.6484
      vertex -42.6015 6 -24.1545
      vertex -43.1963 6 -23.8166
    endloop
  endfacet
  facet normal 0 1 0
    outer loop
      vertex -40.0106 6 -19.8524
      vertex -42.1773 6 -24.3585
      vertex -42.6015 6 -24.1545
    endloop
  endfacet
  facet normal 0 1 0
    outer loop
      vertex -40.0106 6 -19.8524
      vertex -41.4456 6 -24.642
      vertex -42.1773 6 -24.3585
    endloop
  endfacet
  facet normal 0 1 0
    outer loop
      vertex -39.5596 6 -19.9875
      vertex -40.9947 6 -24.7771
      vertex -41.4456 6 -24.642
    endloop
  endfacet
  facet normal 0 1 0
    outer loop
      vertex -39.5596 6 -19.9875
      vertex -40.2278 6 -24.9426
      vertex -40.9947 6 -24.7771
    endloop
  endfacet
  facet normal 0 1 0
    outer loop
      vertex -22.7231 6 -20.9598
      vertex -23.0004 6 -25.9521
      vertex -39.0931 6 -20.0504
    endloop
  endfacet
  facet normal 0 1 0
    outer loop
      vertex -21.7821 6 -20.8627
      vertex -20.8742 6 -25.7796
      vertex -22.245 6 -20.9482
    endloop
  endfacet
  facet normal 0 1 -0
    outer loop
      vertex -21.3371 6 -25.8651
      vertex -22.245 6 -20.9482
      vertex -20.8742 6 -25.7796
    endloop
  endfacet
  facet normal 0 1 -0
    outer loop
      vertex -22.1236 6 -25.9467
      vertex -22.245 6 -20.9482
      vertex -21.3371 6 -25.8651
    endloop
  endfacet
  facet normal 0 1 0
    outer loop
      vertex -22.245 6 -20.9482
      vertex -22.1236 6 -25.9467
      vertex -22.7231 6 -20.9598
    endloop
  endfacet
  facet normal 0 1 0
    outer loop
      vertex -22.7231 6 -20.9598
      vertex -22.1236 6 -25.9467
      vertex -22.6017 6 -25.9583
    endloop
  endfacet
  facet normal 0 1 0
    outer loop
      vertex -39.0931 6 -20.0504
      vertex -23.0004 6 -25.9521
      vertex -39.3704 6 -25.0427
    endloop
  endfacet
  facet normal 0 1 0
    outer loop
      vertex -22.7231 6 -20.9598
      vertex -22.6017 6 -25.9583
      vertex -23.0004 6 -25.9521
    endloop
  endfacet
  facet normal 0.555645 0 -0.83142
    outer loop
      vertex -11.282 0 -21.6366
      vertex -10.5916 6 -21.1752
      vertex -10.5916 0 -21.1752
    endloop
  endfacet
  facet normal 0.555645 0 -0.83142
    outer loop
      vertex -10.5916 6 -21.1752
      vertex -11.282 0 -21.6366
      vertex -11.282 6 -21.6366
    endloop
  endfacet
  facet normal 0.0785969 0 0.996906
    outer loop
      vertex -11.6076 6 10.9846
      vertex -11.1383 5.96922 10.9476
      vertex -11.1383 6 10.9476
    endloop
  endfacet
  facet normal 0.0785969 0 0.996906
    outer loop
      vertex -11.1383 5.96922 10.9476
      vertex -11.6076 6 10.9846
      vertex -11.6076 5.96922 10.9846
    endloop
  endfacet
  facet normal 0.622698 0 -0.782462
    outer loop
      vertex -10.5916 0 -21.1752
      vertex -10.2233 6 -20.8821
      vertex -10.2233 0 -20.8821
    endloop
  endfacet
  facet normal 0.622698 0 -0.782462
    outer loop
      vertex -10.2233 6 -20.8821
      vertex -10.5916 0 -21.1752
      vertex -10.5916 6 -21.1752
    endloop
  endfacet
  facet normal 0 1 0
    outer loop
      vertex 11.1383 5.96922 10.9476
      vertex 15.0369 5.96922 19.4693
      vertex 11.6076 5.96922 10.9846
    endloop
  endfacet
  facet normal 0 1 0
    outer loop
      vertex 15.0369 5.96922 19.4693
      vertex -11.6076 5.96922 10.9846
      vertex -12 5.96922 11
    endloop
  endfacet
  facet normal 0 1 0
    outer loop
      vertex 10.3635 5.96922 10.8249
      vertex 15.0369 5.96922 19.4693
      vertex 11.1383 5.96922 10.9476
    endloop
  endfacet
  facet normal 0 1 0
    outer loop
      vertex 15.0369 5.96922 19.4693
      vertex -11.1383 5.96922 10.9476
      vertex -11.6076 5.96922 10.9846
    endloop
  endfacet
  facet normal 0 1 0
    outer loop
      vertex 9.90575 5.96922 10.715
      vertex 15.0369 5.96922 19.4693
      vertex 10.3635 5.96922 10.8249
    endloop
  endfacet
  facet normal 0 1 0
    outer loop
      vertex 15.0369 5.96922 19.4693
      vertex -10.3635 5.96922 10.8249
      vertex -11.1383 5.96922 10.9476
    endloop
  endfacet
  facet normal 0 1 0
    outer loop
      vertex 9.15958 5.96922 10.4726
      vertex 15.0369 5.96922 19.4693
      vertex 9.90575 5.96922 10.715
    endloop
  endfacet
  facet normal 0 1 0
    outer loop
      vertex 15.0369 5.96922 19.4693
      vertex -9.90575 5.96922 10.715
      vertex -10.3635 5.96922 10.8249
    endloop
  endfacet
  facet normal 0 1 0
    outer loop
      vertex 8.72466 5.96922 10.2924
      vertex 15.0369 5.96922 19.4693
      vertex 9.15958 5.96922 10.4726
    endloop
  endfacet
  facet normal 0 1 0
    outer loop
      vertex 15.0369 5.96922 19.4693
      vertex -9.15958 5.96922 10.4726
      vertex -9.90575 5.96922 10.715
    endloop
  endfacet
  facet normal 0 1 0
    outer loop
      vertex 8.02551 5.96922 9.9362
      vertex 15.0369 5.96922 19.4693
      vertex 8.72466 5.96922 10.2924
    endloop
  endfacet
  facet normal 0 1 0
    outer loop
      vertex 15.0369 5.96922 19.4693
      vertex -8.72466 5.96922 10.2924
      vertex -9.15958 5.96922 10.4726
    endloop
  endfacet
  facet normal 0 1 0
    outer loop
      vertex -8.02551 5.96922 9.9362
      vertex 15.0369 5.96922 19.4693
      vertex 8.02551 5.96922 9.9362
    endloop
  endfacet
  facet normal 0 1 0
    outer loop
      vertex 15.0369 5.96922 19.4693
      vertex -8.02551 5.96922 9.9362
      vertex -8.72466 5.96922 10.2924
    endloop
  endfacet
  facet normal 0 1 -0
    outer loop
      vertex 7.62413 5.96922 9.69023
      vertex -8.02551 5.96922 9.9362
      vertex 8.02551 5.96922 9.9362
    endloop
  endfacet
  facet normal 0 1 0
    outer loop
      vertex 7.62413 5.96922 9.69023
      vertex -7.62413 5.96922 9.69023
      vertex -8.02551 5.96922 9.9362
    endloop
  endfacet
  facet normal 0 1 -0
    outer loop
      vertex 6.98947 5.96922 9.22914
      vertex -7.62413 5.96922 9.69023
      vertex 7.62413 5.96922 9.69023
    endloop
  endfacet
  facet normal 0 1 0
    outer loop
      vertex 6.98947 5.96922 9.22914
      vertex -6.98947 5.96922 9.22914
      vertex -7.62413 5.96922 9.69023
    endloop
  endfacet
  facet normal 0 1 -0
    outer loop
      vertex 6.6315 5.96922 8.92342
      vertex -6.98947 5.96922 9.22914
      vertex 6.98947 5.96922 9.22914
    endloop
  endfacet
  facet normal 0 1 0
    outer loop
      vertex 6.6315 5.96922 8.92342
      vertex -6.6315 5.96922 8.92342
      vertex -6.98947 5.96922 9.22914
    endloop
  endfacet
  facet normal 0 1 -0
    outer loop
      vertex 6.07658 5.96922 8.3685
      vertex -6.6315 5.96922 8.92342
      vertex 6.6315 5.96922 8.92342
    endloop
  endfacet
  facet normal 0 1 0
    outer loop
      vertex 6.07658 5.96922 8.3685
      vertex -6.07658 5.96922 8.3685
      vertex -6.6315 5.96922 8.92342
    endloop
  endfacet
  facet normal 0 1 -0
    outer loop
      vertex 5.85489 5.96922 8.10891
      vertex -6.07658 5.96922 8.3685
      vertex 6.07658 5.96922 8.3685
    endloop
  endfacet
  facet normal 0 1 0
    outer loop
      vertex -6.07658 5.96922 8.3685
      vertex 5.85489 5.96922 8.10891
      vertex -5.85489 5.96922 8.10891
    endloop
  endfacet
  facet normal 0 1 0
    outer loop
      vertex -12 5.96922 11
      vertex 15.174 5.96922 19.8911
      vertex 15.0369 5.96922 19.4693
    endloop
  endfacet
  facet normal 0 1 0
    outer loop
      vertex 12 5.96922 11
      vertex 15.0369 5.96922 19.4693
      vertex 15.0369 5.96922 11
    endloop
  endfacet
  facet normal 0 1 0
    outer loop
      vertex 11.6076 5.96922 10.9846
      vertex 15.0369 5.96922 19.4693
      vertex 12 5.96922 11
    endloop
  endfacet
  facet normal 0 1 0
    outer loop
      vertex 15.174 5.96922 19.8911
      vertex -12 5.96922 11
      vertex -66 5.96922 19.8911
    endloop
  endfacet
  facet normal 0 1 -0
    outer loop
      vertex -47.6577 5.96922 11
      vertex -66 5.96922 19.8911
      vertex -12 5.96922 11
    endloop
  endfacet
  facet normal 0 1 -0
    outer loop
      vertex -48.2221 5.96922 10.968
      vertex -66 5.96922 19.8911
      vertex -47.6577 5.96922 11
    endloop
  endfacet
  facet normal 0 1 -0
    outer loop
      vertex -48.8951 5.96922 10.8916
      vertex -66 5.96922 19.8911
      vertex -48.2221 5.96922 10.968
    endloop
  endfacet
  facet normal 0 1 -0
    outer loop
      vertex -49.8313 5.96922 10.6931
      vertex -66 5.96922 19.8911
      vertex -48.8951 5.96922 10.8916
    endloop
  endfacet
  facet normal 0 1 -0
    outer loop
      vertex -50.2803 5.96922 10.5518
      vertex -66 5.96922 19.8911
      vertex -49.8313 5.96922 10.6931
    endloop
  endfacet
  facet normal 0 1 -0
    outer loop
      vertex -51.0078 5.96922 10.2584
      vertex -66 5.96922 19.8911
      vertex -50.2803 5.96922 10.5518
    endloop
  endfacet
  facet normal 0 1 -0
    outer loop
      vertex -51.4292 5.96922 10.0486
      vertex -66 5.96922 19.8911
      vertex -51.0078 5.96922 10.2584
    endloop
  endfacet
  facet normal 0 1 -0
    outer loop
      vertex -52.1021 5.96922 9.64487
      vertex -66 5.96922 19.8911
      vertex -51.4292 5.96922 10.0486
    endloop
  endfacet
  facet normal 0 1 -0
    outer loop
      vertex -52.4855 5.96922 9.37173
      vertex -66 5.96922 19.8911
      vertex -52.1021 5.96922 9.64487
    endloop
  endfacet
  facet normal 0 1 -0
    outer loop
      vertex -53.0869 5.96922 8.86778
      vertex -66 5.96922 19.8911
      vertex -52.4855 5.96922 9.37173
    endloop
  endfacet
  facet normal 0 1 -0
    outer loop
      vertex -53.4229 5.96922 8.53804
      vertex -66 5.96922 19.8911
      vertex -53.0869 5.96922 8.86778
    endloop
  endfacet
  facet normal 0 1 0
    outer loop
      vertex -66 5.96922 8.10891
      vertex -53.4229 5.96922 8.53804
      vertex -53.7964 5.96922 8.10891
    endloop
  endfacet
  facet normal 0 1 0
    outer loop
      vertex -53.4229 5.96922 8.53804
      vertex -66 5.96922 8.10891
      vertex -66 5.96922 19.8911
    endloop
  endfacet
  facet normal 0 0.95106 0.309007
    outer loop
      vertex 15.327 5.81622 20.362
      vertex -66 5.72752 20.635
      vertex 15.5253 5.72752 20.635
    endloop
  endfacet
  facet normal 4.21716e-09 0.951059 0.309008
    outer loop
      vertex 15.174 5.96922 19.8911
      vertex -66 5.72752 20.635
      vertex 15.327 5.81622 20.362
    endloop
  endfacet
  facet normal 0 0.951059 0.309008
    outer loop
      vertex -66 5.72752 20.635
      vertex 15.174 5.96922 19.8911
      vertex -66 5.96922 19.8911
    endloop
  endfacet
  facet normal 0 0.951054 -0.309024
    outer loop
      vertex -53.9379 5.91639 7.94632
      vertex -66 5.96922 8.10891
      vertex -53.7964 5.96922 8.10891
    endloop
  endfacet
  facet normal 2.23319e-08 0.951055 -0.309022
    outer loop
      vertex -54.2182 5.79349 7.56808
      vertex -66 5.96922 8.10891
      vertex -53.9379 5.91639 7.94632
    endloop
  endfacet
  facet normal 2.00126e-06 0.951067 -0.308983
    outer loop
      vertex -54.3452 5.72752 7.36502
      vertex -66 5.96922 8.10891
      vertex -54.2182 5.79349 7.56808
    endloop
  endfacet
  facet normal 0 0.951058 -0.309012
    outer loop
      vertex -66 5.96922 8.10891
      vertex -54.3452 5.72752 7.36502
      vertex -66 5.72752 7.36502
    endloop
  endfacet
  facet normal 0 0.951044 -0.309055
    outer loop
      vertex 5.77086 5.93725 8.01053
      vertex -5.85489 5.96922 8.10891
      vertex 5.85489 5.96922 8.10891
    endloop
  endfacet
  facet normal 0 0.951044 -0.309055
    outer loop
      vertex 5.77086 5.93725 8.01053
      vertex -5.77086 5.93725 8.01053
      vertex -5.85489 5.96922 8.10891
    endloop
  endfacet
  facet normal 0 0.951058 -0.309012
    outer loop
      vertex 5.30977 5.73104 7.37587
      vertex -5.77086 5.93725 8.01053
      vertex 5.77086 5.93725 8.01053
    endloop
  endfacet
  facet normal 0 0.951058 -0.309012
    outer loop
      vertex 5.30977 5.73104 7.37587
      vertex -5.30977 5.73104 7.37587
      vertex -5.77086 5.93725 8.01053
    endloop
  endfacet
  facet normal 0 0.951195 -0.30859
    outer loop
      vertex 5.30312 5.72752 7.36502
      vertex -5.30977 5.73104 7.37587
      vertex 5.30977 5.73104 7.37587
    endloop
  endfacet
  facet normal 0 0.951195 -0.30859
    outer loop
      vertex -5.30977 5.73104 7.37587
      vertex 5.30312 5.72752 7.36502
      vertex -5.30312 5.72752 7.36502
    endloop
  endfacet
  facet normal 0 0.809015 -0.587789
    outer loop
      vertex -54.6344 5.39176 6.90289
      vertex -66 5.72752 7.36502
      vertex -54.3452 5.72752 7.36502
    endloop
  endfacet
  facet normal 5.3215e-07 0.809021 -0.58778
    outer loop
      vertex -54.7234 5.26777 6.73223
      vertex -66 5.72752 7.36502
      vertex -54.6344 5.39176 6.90289
    endloop
  endfacet
  facet normal 0 0.809016 -0.587786
    outer loop
      vertex -66 5.72752 7.36502
      vertex -54.7234 5.26777 6.73223
      vertex -66 5.26777 6.73223
    endloop
  endfacet
  facet normal 0 0.809004 -0.587803
    outer loop
      vertex 5.0638 5.44377 6.97449
      vertex -5.30312 5.72752 7.36502
      vertex 5.30312 5.72752 7.36502
    endloop
  endfacet
  facet normal 0 0.809004 -0.587803
    outer loop
      vertex 5.0638 5.44377 6.97449
      vertex -5.0638 5.44377 6.97449
      vertex -5.30312 5.72752 7.36502
    endloop
  endfacet
  facet normal 0 0.809036 -0.587759
    outer loop
      vertex 4.94036 5.26777 6.73223
      vertex -5.0638 5.44377 6.97449
      vertex 5.0638 5.44377 6.97449
    endloop
  endfacet
  facet normal 0 0.809036 -0.587759
    outer loop
      vertex -5.0638 5.44377 6.97449
      vertex 4.94036 5.26777 6.73223
      vertex -4.94036 5.26777 6.73223
    endloop
  endfacet
  facet normal -0 0 1
    outer loop
      vertex -66 3.89109 21.9692
      vertex 66 2.5 21.9692
      vertex 66 3.89109 21.9692
    endloop
  endfacet
  facet normal 0 0 1
    outer loop
      vertex 66 2.5 21.9692
      vertex -66 3.89109 21.9692
      vertex -66 2.5 21.9692
    endloop
  endfacet
  facet normal 0 0.309012 -0.951058
    outer loop
      vertex -66 4.63498 6.27248
      vertex -55.0454 3.89109 6.03078
      vertex -66 3.89109 6.03078
    endloop
  endfacet
  facet normal 0 0.309012 -0.951058
    outer loop
      vertex -55.0454 3.89109 6.03078
      vertex -66 4.63498 6.27248
      vertex -54.9426 4.63498 6.27248
    endloop
  endfacet
  facet normal 0 0.30929 -0.950968
    outer loop
      vertex 55.0454 3.89109 6.03078
      vertex 66 3.91003 6.03694
      vertex 66 3.89109 6.03078
    endloop
  endfacet
  facet normal 0 0.30929 -0.950968
    outer loop
      vertex 66 3.91003 6.03694
      vertex 55.0454 3.89109 6.03078
      vertex 55.0428 3.91003 6.03694
    endloop
  endfacet
  facet normal 0 0.309012 -0.951058
    outer loop
      vertex -4.60627 3.89109 6.03078
      vertex 4.70638 4.63498 6.27248
      vertex 4.60627 3.89109 6.03078
    endloop
  endfacet
  facet normal 0 0.309012 -0.951058
    outer loop
      vertex 4.70638 4.63498 6.27248
      vertex -4.60627 3.89109 6.03078
      vertex -4.70638 4.63498 6.27248
    endloop
  endfacet
  facet normal 0 0 -1
    outer loop
      vertex -66 0 6.03078
      vertex -55.0454 3.89109 6.03078
      vertex -55.0454 0 6.03078
    endloop
  endfacet
  facet normal -0 0 -1
    outer loop
      vertex -55.0454 3.89109 6.03078
      vertex -66 0 6.03078
      vertex -66 3.89109 6.03078
    endloop
  endfacet
  facet normal 0 0 -1
    outer loop
      vertex 55.0454 0 6.03078
      vertex 66 3.89109 6.03078
      vertex 66 0 6.03078
    endloop
  endfacet
  facet normal -0 0 -1
    outer loop
      vertex 66 3.89109 6.03078
      vertex 55.0454 0 6.03078
      vertex 55.0454 3.89109 6.03078
    endloop
  endfacet
  facet normal 0 0 -1
    outer loop
      vertex -4.60627 0 6.03078
      vertex 4.60627 3.89109 6.03078
      vertex 4.60627 0 6.03078
    endloop
  endfacet
  facet normal -0 0 -1
    outer loop
      vertex 4.60627 3.89109 6.03078
      vertex -4.60627 0 6.03078
      vertex -4.60627 3.89109 6.03078
    endloop
  endfacet
  facet normal 0 0.809118 0.587646
    outer loop
      vertex 15.8787 5.37417 21.1213
      vertex -66 5.26777 21.2678
      vertex 16.0802 5.26777 21.2678
    endloop
  endfacet
  facet normal 4.75927e-07 0.808992 0.58782
    outer loop
      vertex 15.5253 5.72752 20.635
      vertex -66 5.26777 21.2678
      vertex 15.8787 5.37417 21.1213
    endloop
  endfacet
  facet normal 0 0.809021 0.58778
    outer loop
      vertex -66 5.26777 21.2678
      vertex 15.5253 5.72752 20.635
      vertex -66 5.72752 20.635
    endloop
  endfacet
  facet normal -0 0.306562 0.951851
    outer loop
      vertex 17.5307 3.91003 21.9631
      vertex 66 3.89109 21.9692
      vertex 66 3.91003 21.9631
    endloop
  endfacet
  facet normal 0 0.309012 0.951058
    outer loop
      vertex -66 3.89109 21.9692
      vertex 16.8058 4.63498 21.7275
      vertex -66 4.63498 21.7275
    endloop
  endfacet
  facet normal 0 0.306562 0.951851
    outer loop
      vertex 17.5307 3.91003 21.9631
      vertex -66 3.89109 21.9692
      vertex 66 3.89109 21.9692
    endloop
  endfacet
  facet normal -6.29149e-07 0.309075 0.951038
    outer loop
      vertex 16.8058 4.63498 21.7275
      vertex -66 3.89109 21.9692
      vertex 17.5307 3.91003 21.9631
    endloop
  endfacet
  facet normal 0 0.587786 -0.809016
    outer loop
      vertex -66 5.26777 6.73223
      vertex -54.9426 4.63498 6.27248
      vertex -66 4.63498 6.27248
    endloop
  endfacet
  facet normal 1.25003e-06 0.587801 -0.809006
    outer loop
      vertex -54.9426 4.63498 6.27248
      vertex -66 5.26777 6.73223
      vertex -54.8521 4.92811 6.48546
    endloop
  endfacet
  facet normal 0 0.587774 -0.809025
    outer loop
      vertex -54.8521 4.92811 6.48546
      vertex -66 5.26777 6.73223
      vertex -54.7234 5.26777 6.73223
    endloop
  endfacet
  facet normal 0 0.588416 -0.808558
    outer loop
      vertex -4.70638 4.63498 6.27248
      vertex 4.70757 4.63891 6.27534
      vertex 4.70638 4.63498 6.27248
    endloop
  endfacet
  facet normal 0 0.588416 -0.808558
    outer loop
      vertex -4.70757 4.63891 6.27534
      vertex 4.70757 4.63891 6.27534
      vertex -4.70638 4.63498 6.27248
    endloop
  endfacet
  facet normal 0 0.587782 -0.809019
    outer loop
      vertex 4.70757 4.63891 6.27534
      vertex -4.70757 4.63891 6.27534
      vertex 4.94036 5.26777 6.73223
    endloop
  endfacet
  facet normal 0 0.587782 -0.809019
    outer loop
      vertex 4.94036 5.26777 6.73223
      vertex -4.70757 4.63891 6.27534
      vertex -4.94036 5.26777 6.73223
    endloop
  endfacet
  facet normal 0 0.587744 0.809047
    outer loop
      vertex -66 4.63498 21.7275
      vertex 16.0802 5.26777 21.2678
      vertex -66 5.26777 21.2678
    endloop
  endfacet
  facet normal 1.67558e-07 0.58773 0.809057
    outer loop
      vertex 16.0802 5.26777 21.2678
      vertex -66 4.63498 21.7275
      vertex 16.638 4.70998 21.673
    endloop
  endfacet
  facet normal 0 0.587851 0.808969
    outer loop
      vertex 16.638 4.70998 21.673
      vertex -66 4.63498 21.7275
      vertex 16.8058 4.63498 21.7275
    endloop
  endfacet
  facet normal -1 0 0
    outer loop
      vertex 66 26 6
      vertex 66 25.9631 8.5307
      vertex 66 26 22
    endloop
  endfacet
  facet normal -1 0 0
    outer loop
      vertex 66 26 6
      vertex 66 25.673 7.63803
      vertex 66 25.9631 8.5307
    endloop
  endfacet
  facet normal -1 0 0
    outer loop
      vertex 66 26 6
      vertex 66 25.1213 6.87868
      vertex 66 25.673 7.63803
    endloop
  endfacet
  facet normal -1 0 0
    outer loop
      vertex 66 26 6
      vertex 66 24.362 6.32698
      vertex 66 25.1213 6.87868
    endloop
  endfacet
  facet normal -1 0 0
    outer loop
      vertex 66 26 6
      vertex 66 23.4693 6.03694
      vertex 66 24.362 6.32698
    endloop
  endfacet
  facet normal -1 0 0
    outer loop
      vertex 66 3.89109 6.03078
      vertex 66 23.4693 6.03694
      vertex 66 26 6
    endloop
  endfacet
  facet normal -1 -0 0
    outer loop
      vertex 66 23.4693 6.03694
      vertex 66 3.89109 6.03078
      vertex 66 3.91003 6.03694
    endloop
  endfacet
  facet normal -1 0 0
    outer loop
      vertex 66 0 6
      vertex 66 3.89109 6.03078
      vertex 66 26 6
    endloop
  endfacet
  facet normal -1 -0 0
    outer loop
      vertex 66 3.89109 6.03078
      vertex 66 0 6
      vertex 66 0 6.03078
    endloop
  endfacet
  facet normal -1 0 0
    outer loop
      vertex 66 25.9631 19.4693
      vertex 66 26 22
      vertex 66 25.9631 8.5307
    endloop
  endfacet
  facet normal -1 0 0
    outer loop
      vertex 66 25.673 20.362
      vertex 66 26 22
      vertex 66 25.9631 19.4693
    endloop
  endfacet
  facet normal -1 0 0
    outer loop
      vertex 66 25.1213 21.1213
      vertex 66 26 22
      vertex 66 25.673 20.362
    endloop
  endfacet
  facet normal -1 0 0
    outer loop
      vertex 66 24.362 21.673
      vertex 66 26 22
      vertex 66 25.1213 21.1213
    endloop
  endfacet
  facet normal -1 0 0
    outer loop
      vertex 66 23.4693 21.9631
      vertex 66 26 22
      vertex 66 24.362 21.673
    endloop
  endfacet
  facet normal -1 0 0
    outer loop
      vertex 66 3.89109 21.9692
      vertex 66 23.4693 21.9631
      vertex 66 3.91003 21.9631
    endloop
  endfacet
  facet normal -1 0 0
    outer loop
      vertex 66 23.4693 21.9631
      vertex 66 3.89109 21.9692
      vertex 66 26 22
    endloop
  endfacet
  facet normal -1 0 0
    outer loop
      vertex 66 2.5 22
      vertex 66 3.89109 21.9692
      vertex 66 2.5 21.9692
    endloop
  endfacet
  facet normal -1 0 0
    outer loop
      vertex 66 3.89109 21.9692
      vertex 66 2.5 22
      vertex 66 26 22
    endloop
  endfacet
  facet normal 1 0 0
    outer loop
      vertex -66 6 22
      vertex -66 5.96922 19.8911
      vertex -66 6 6
    endloop
  endfacet
  facet normal 1 0 0
    outer loop
      vertex -66 6 22
      vertex -66 5.72752 20.635
      vertex -66 5.96922 19.8911
    endloop
  endfacet
  facet normal 1 0 0
    outer loop
      vertex -66 6 22
      vertex -66 5.26777 21.2678
      vertex -66 5.72752 20.635
    endloop
  endfacet
  facet normal 1 0 0
    outer loop
      vertex -66 6 22
      vertex -66 4.63498 21.7275
      vertex -66 5.26777 21.2678
    endloop
  endfacet
  facet normal 1 0 0
    outer loop
      vertex -66 6 22
      vertex -66 3.89109 21.9692
      vertex -66 4.63498 21.7275
    endloop
  endfacet
  facet normal 1 -0 0
    outer loop
      vertex -66 2.5 22
      vertex -66 3.89109 21.9692
      vertex -66 6 22
    endloop
  endfacet
  facet normal 1 0 0
    outer loop
      vertex -66 3.89109 21.9692
      vertex -66 2.5 22
      vertex -66 2.5 21.9692
    endloop
  endfacet
  facet normal 1 -0 0
    outer loop
      vertex -66 5.96922 8.10891
      vertex -66 6 6
      vertex -66 5.96922 19.8911
    endloop
  endfacet
  facet normal 1 -0 0
    outer loop
      vertex -66 5.72752 7.36502
      vertex -66 6 6
      vertex -66 5.96922 8.10891
    endloop
  endfacet
  facet normal 1 -0 0
    outer loop
      vertex -66 5.26777 6.73223
      vertex -66 6 6
      vertex -66 5.72752 7.36502
    endloop
  endfacet
  facet normal 1 -0 0
    outer loop
      vertex -66 4.63498 6.27248
      vertex -66 6 6
      vertex -66 5.26777 6.73223
    endloop
  endfacet
  facet normal 1 -0 0
    outer loop
      vertex -66 3.89109 6.03078
      vertex -66 6 6
      vertex -66 4.63498 6.27248
    endloop
  endfacet
  facet normal 1 0 0
    outer loop
      vertex -66 0 6
      vertex -66 3.89109 6.03078
      vertex -66 0 6.03078
    endloop
  endfacet
  facet normal 1 0 0
    outer loop
      vertex -66 3.89109 6.03078
      vertex -66 0 6
      vertex -66 6 6
    endloop
  endfacet
  facet normal -0.43223 0.848436 0.305507
    outer loop
      vertex 17.0844 25.818 19.4693
      vertex 16.2584 25.3972 19.4693
      vertex 17.174 25.5422 20.362
    endloop
  endfacet
  facet normal -1 0 0
    outer loop
      vertex 15.0369 6 11
      vertex 15.0369 23 8.5307
      vertex 15.0369 6 8.5307
    endloop
  endfacet
  facet normal -1 0 0
    outer loop
      vertex 15.0369 23 8.5307
      vertex 15.0369 6 11
      vertex 15.0369 23 19.4693
    endloop
  endfacet
  facet normal -1 0 0
    outer loop
      vertex 15.0369 5.96922 19.4693
      vertex 15.0369 6 11
      vertex 15.0369 5.96922 11
    endloop
  endfacet
  facet normal -1 0 0
    outer loop
      vertex 15.0369 6 11
      vertex 15.0369 5.96922 19.4693
      vertex 15.0369 23 19.4693
    endloop
  endfacet
  facet normal -0.585238 0.0927427 0.80554
    outer loop
      vertex 16.7047 23.4209 21.673
      vertex 15.9825 23.6555 21.1213
      vertex 16.638 23 21.673
    endloop
  endfacet
  facet normal 0 1 -0
    outer loop
      vertex 66 25.9631 8.5307
      vertex 18 25.9631 19.4693
      vertex 66 25.9631 19.4693
    endloop
  endfacet
  facet normal 0 1 0
    outer loop
      vertex 18 25.9631 19.4693
      vertex 66 25.9631 8.5307
      vertex 18 25.9631 8.5307
    endloop
  endfacet
  facet normal -0.940422 0.149034 0.305608
    outer loop
      vertex 15.182 23.9156 19.4693
      vertex 15.0369 23 19.4693
      vertex 15.327 23 20.362
    endloop
  endfacet
  facet normal -0.802459 0.127071 -0.58302
    outer loop
      vertex 15.8787 23 6.87868
      vertex 15.327 23 7.63803
      vertex 15.9825 23.6555 6.87868
    endloop
  endfacet
  facet normal -0.432277 0.848388 -0.305574
    outer loop
      vertex 16.4288 25.1625 7.63803
      vertex 16.2584 25.3972 8.5307
      vertex 17.174 25.5422 7.63803
    endloop
  endfacet
  facet normal -0.156522 0.987674 0
    outer loop
      vertex 18 25.9631 8.5307
      vertex 17.0844 25.818 19.4693
      vertex 18 25.9631 19.4693
    endloop
  endfacet
  facet normal -0.156522 0.987674 0
    outer loop
      vertex 17.0844 25.818 19.4693
      vertex 18 25.9631 8.5307
      vertex 17.0844 25.818 8.5307
    endloop
  endfacet
  facet normal -0.587811 0 -0.808999
    outer loop
      vertex 15.8787 6 6.87868
      vertex 16.638 23 6.32698
      vertex 16.638 6 6.32698
    endloop
  endfacet
  facet normal -0.587811 0 -0.808999
    outer loop
      vertex 16.638 23 6.32698
      vertex 15.8787 6 6.87868
      vertex 15.8787 23 6.87868
    endloop
  endfacet
  facet normal -0.0927427 0.585238 -0.80554
    outer loop
      vertex 17.5791 24.2953 6.32698
      vertex 17.3445 25.0175 6.87868
      vertex 18 24.362 6.32698
    endloop
  endfacet
  facet normal -0.22096 0.22096 -0.949923
    outer loop
      vertex 17.6203 23.2758 6.03694
      vertex 17.1995 24.1019 6.32698
      vertex 17.7242 23.3797 6.03694
    endloop
  endfacet
  facet normal -0.22096 0.22096 -0.949923
    outer loop
      vertex 17.1995 24.1019 6.32698
      vertex 17.6203 23.2758 6.03694
      vertex 16.8981 23.8005 6.32698
    endloop
  endfacet
  facet normal -0.951024 0 0.309117
    outer loop
      vertex 15.174 5.96922 19.8911
      vertex 15.0369 23 19.4693
      vertex 15.0369 5.96922 19.4693
    endloop
  endfacet
  facet normal -0.951043 -1.56324e-06 0.30906
    outer loop
      vertex 15.0369 23 19.4693
      vertex 15.174 5.96922 19.8911
      vertex 15.327 23 20.362
    endloop
  endfacet
  facet normal -0.951059 0 0.309008
    outer loop
      vertex 15.327 23 20.362
      vertex 15.174 5.96922 19.8911
      vertex 15.327 5.81622 20.362
    endloop
  endfacet
  facet normal -0.141819 0.278528 0.9499
    outer loop
      vertex 17.855 23.4463 21.9631
      vertex 17.1995 24.1019 21.673
      vertex 17.7242 23.3797 21.9631
    endloop
  endfacet
  facet normal -0.585238 0.0927427 -0.80554
    outer loop
      vertex 16.638 23 6.32698
      vertex 15.9825 23.6555 6.87868
      vertex 16.7047 23.4209 6.32698
    endloop
  endfacet
  facet normal 0 0.95104 -0.309069
    outer loop
      vertex 66 25.673 7.63803
      vertex 18 25.9631 8.5307
      vertex 66 25.9631 8.5307
    endloop
  endfacet
  facet normal 0 0.95104 -0.309069
    outer loop
      vertex 18 25.9631 8.5307
      vertex 66 25.673 7.63803
      vertex 18 25.673 7.63803
    endloop
  endfacet
  facet normal -0.149034 0.940422 0.305608
    outer loop
      vertex 18 25.9631 19.4693
      vertex 17.0844 25.818 19.4693
      vertex 18 25.673 20.362
    endloop
  endfacet
  facet normal -0.278528 0.141819 0.9499
    outer loop
      vertex 17.6203 23.2758 21.9631
      vertex 16.8981 23.8005 21.673
      vertex 17.5537 23.145 21.9631
    endloop
  endfacet
  facet normal -0.308625 0.0489078 -0.949926
    outer loop
      vertex 17.5537 23.145 6.03694
      vertex 16.638 23 6.32698
      vertex 16.7047 23.4209 6.32698
    endloop
  endfacet
  facet normal -0.802459 0.127072 -0.58302
    outer loop
      vertex 15.9825 23.6555 6.87868
      vertex 15.327 23 7.63803
      vertex 15.4578 23.826 7.63803
    endloop
  endfacet
  facet normal -0.940419 0.149033 -0.305617
    outer loop
      vertex 15.327 23 7.63803
      vertex 15.0369 23 8.5307
      vertex 15.182 23.9156 8.5307
    endloop
  endfacet
  facet normal -0.309002 0 -0.951061
    outer loop
      vertex 16.638 6 6.32698
      vertex 17.5307 23 6.03694
      vertex 17.5307 6 6.03694
    endloop
  endfacet
  facet normal -0.309002 0 -0.951061
    outer loop
      vertex 17.5307 23 6.03694
      vertex 16.638 6 6.32698
      vertex 16.638 23 6.32698
    endloop
  endfacet
  facet normal -0.368847 0.723899 0.583028
    outer loop
      vertex 17.174 25.5422 20.362
      vertex 16.4288 25.1625 20.362
      vertex 16.7531 24.7162 21.1213
    endloop
  endfacet
  facet normal -0.574499 0.574499 -0.583011
    outer loop
      vertex 16.2838 24.2469 6.87868
      vertex 16.4288 25.1625 7.63803
      vertex 16.7531 24.7162 6.87868
    endloop
  endfacet
  facet normal -0.574499 0.574499 -0.583011
    outer loop
      vertex 16.4288 25.1625 7.63803
      vertex 16.2838 24.2469 6.87868
      vertex 15.8375 24.5712 7.63803
    endloop
  endfacet
  facet normal -0.723916 0.368855 -0.583003
    outer loop
      vertex 16.2838 24.2469 6.87868
      vertex 15.4578 23.826 7.63803
      vertex 15.8375 24.5712 7.63803
    endloop
  endfacet
  facet normal -0.432228 0.848433 -0.305517
    outer loop
      vertex 17.174 25.5422 7.63803
      vertex 16.2584 25.3972 8.5307
      vertex 17.0844 25.818 8.5307
    endloop
  endfacet
  facet normal -0.987674 0.156522 0
    outer loop
      vertex 15.0369 23 8.5307
      vertex 15.182 23.9156 19.4693
      vertex 15.182 23.9156 8.5307
    endloop
  endfacet
  facet normal -0.987674 0.156522 0
    outer loop
      vertex 15.182 23.9156 19.4693
      vertex 15.0369 23 8.5307
      vertex 15.0369 23 19.4693
    endloop
  endfacet
  facet normal -0.848433 0.432228 -0.305517
    outer loop
      vertex 15.4578 23.826 7.63803
      vertex 15.182 23.9156 8.5307
      vertex 15.6028 24.7416 8.5307
    endloop
  endfacet
  facet normal -0.0927427 0.585238 0.80554
    outer loop
      vertex 18 24.362 21.673
      vertex 17.3445 25.0175 21.1213
      vertex 17.5791 24.2953 21.673
    endloop
  endfacet
  facet normal -0.808999 0 0.587811
    outer loop
      vertex 15.327 5.81622 20.362
      vertex 15.8787 23 21.1213
      vertex 15.327 23 20.362
    endloop
  endfacet
  facet normal -0.809081 7.63595e-06 0.587697
    outer loop
      vertex 15.5253 5.72752 20.635
      vertex 15.8787 23 21.1213
      vertex 15.327 5.81622 20.362
    endloop
  endfacet
  facet normal -0.808952 0 0.587875
    outer loop
      vertex 15.8787 23 21.1213
      vertex 15.5253 5.72752 20.635
      vertex 15.8787 5.37417 21.1213
    endloop
  endfacet
  facet normal -0.95104 0 -0.309069
    outer loop
      vertex 15.327 6 7.63803
      vertex 15.0369 23 8.5307
      vertex 15.327 23 7.63803
    endloop
  endfacet
  facet normal -0.95104 -0 -0.309069
    outer loop
      vertex 15.0369 23 8.5307
      vertex 15.327 6 7.63803
      vertex 15.0369 6 8.5307
    endloop
  endfacet
  facet normal -0.148927 0.940471 0.305507
    outer loop
      vertex 18 25.673 20.362
      vertex 17.0844 25.818 19.4693
      vertex 17.174 25.5422 20.362
    endloop
  endfacet
  facet normal -0.0489644 0.308689 0.949902
    outer loop
      vertex 18 24.362 21.673
      vertex 17.855 23.4463 21.9631
      vertex 18 23.4693 21.9631
    endloop
  endfacet
  facet normal -0.432278 0.84839 0.305564
    outer loop
      vertex 17.174 25.5422 20.362
      vertex 16.2584 25.3972 19.4693
      vertex 16.4288 25.1625 20.362
    endloop
  endfacet
  facet normal -0.723901 0.368805 0.583053
    outer loop
      vertex 16.2838 24.2469 21.1213
      vertex 15.4578 23.826 20.362
      vertex 15.9825 23.6555 21.1213
    endloop
  endfacet
  facet normal 0 0.309031 0.951052
    outer loop
      vertex 40.8063 24.362 21.673
      vertex 18 24.362 21.673
      vertex 40.1078 23.6634 21.9
    endloop
  endfacet
  facet normal -9.3491e-07 0.30906 0.951043
    outer loop
      vertex 66 24.362 21.673
      vertex 42.1155 23.6634 21.9
      vertex 66 23.4693 21.9631
    endloop
  endfacet
  facet normal 0 0.309031 0.951052
    outer loop
      vertex 42.1155 23.6634 21.9
      vertex 66 24.362 21.673
      vertex 41.4169 24.362 21.673
    endloop
  endfacet
  facet normal -0 0.309164 0.951009
    outer loop
      vertex 40.1078 23.6634 21.9
      vertex 66 23.4693 21.9631
      vertex 42.1155 23.6634 21.9
    endloop
  endfacet
  facet normal 0 0.309164 0.951009
    outer loop
      vertex 40.1078 23.6634 21.9
      vertex 18 23.4693 21.9631
      vertex 66 23.4693 21.9631
    endloop
  endfacet
  facet normal 1.01004e-06 0.30906 0.951043
    outer loop
      vertex 18 23.4693 21.9631
      vertex 40.1078 23.6634 21.9
      vertex 18 24.362 21.673
    endloop
  endfacet
  facet normal 0 0.587811 0.808999
    outer loop
      vertex 66 25.1213 21.1213
      vertex 41.4169 24.362 21.673
      vertex 66 24.362 21.673
    endloop
  endfacet
  facet normal 2.22412e-06 0.587763 0.809033
    outer loop
      vertex 66 25.1213 21.1213
      vertex 41.1116 24.6673 21.4512
      vertex 41.4169 24.362 21.673
    endloop
  endfacet
  facet normal -0 0.587843 0.808975
    outer loop
      vertex 18 25.1213 21.1213
      vertex 41.1116 24.6673 21.4512
      vertex 66 25.1213 21.1213
    endloop
  endfacet
  facet normal -2.39182e-06 0.587764 0.809033
    outer loop
      vertex 18 25.1213 21.1213
      vertex 40.8063 24.362 21.673
      vertex 41.1116 24.6673 21.4512
    endloop
  endfacet
  facet normal 0 0.587811 0.808999
    outer loop
      vertex 40.8063 24.362 21.673
      vertex 18 25.1213 21.1213
      vertex 18 24.362 21.673
    endloop
  endfacet
  facet normal -0.308631 0.0489553 -0.949921
    outer loop
      vertex 17.5307 23 6.03694
      vertex 16.638 23 6.32698
      vertex 17.5537 23.145 6.03694
    endloop
  endfacet
  facet normal -0.707107 0.707107 0
    outer loop
      vertex 15.6028 24.7416 8.5307
      vertex 16.2584 25.3972 19.4693
      vertex 16.2584 25.3972 8.5307
    endloop
  endfacet
  facet normal -0.707107 0.707107 0
    outer loop
      vertex 16.2584 25.3972 19.4693
      vertex 15.6028 24.7416 8.5307
      vertex 15.6028 24.7416 19.4693
    endloop
  endfacet
  facet normal -0.368855 0.723916 -0.583003
    outer loop
      vertex 16.7531 24.7162 6.87868
      vertex 16.4288 25.1625 7.63803
      vertex 17.174 25.5422 7.63803
    endloop
  endfacet
  facet normal -0.149033 0.940419 -0.305617
    outer loop
      vertex 18 25.673 7.63803
      vertex 17.0844 25.818 8.5307
      vertex 18 25.9631 8.5307
    endloop
  endfacet
  facet normal -0.278421 0.141851 -0.949926
    outer loop
      vertex 17.5537 23.145 6.03694
      vertex 16.7047 23.4209 6.32698
      vertex 16.8981 23.8005 6.32698
    endloop
  endfacet
  facet normal -0.141793 0.278476 -0.949919
    outer loop
      vertex 17.7242 23.3797 6.03694
      vertex 17.1995 24.1019 6.32698
      vertex 17.855 23.4463 6.03694
    endloop
  endfacet
  facet normal -0.809017 0 -0.587785
    outer loop
      vertex 15.8787 6 6.87868
      vertex 15.327 23 7.63803
      vertex 15.8787 23 6.87868
    endloop
  endfacet
  facet normal -0.809017 -0 -0.587785
    outer loop
      vertex 15.327 23 7.63803
      vertex 15.8787 6 6.87868
      vertex 15.327 6 7.63803
    endloop
  endfacet
  facet normal -0.940468 0.148926 -0.305516
    outer loop
      vertex 15.327 23 7.63803
      vertex 15.182 23.9156 8.5307
      vertex 15.4578 23.826 7.63803
    endloop
  endfacet
  facet normal -0.848436 0.43223 0.305507
    outer loop
      vertex 15.6028 24.7416 19.4693
      vertex 15.182 23.9156 19.4693
      vertex 15.4578 23.826 20.362
    endloop
  endfacet
  facet normal -0.940471 0.148927 0.305507
    outer loop
      vertex 15.4578 23.826 20.362
      vertex 15.182 23.9156 19.4693
      vertex 15.327 23 20.362
    endloop
  endfacet
  facet normal -0.141878 0.278473 0.949907
    outer loop
      vertex 17.5791 24.2953 21.673
      vertex 17.1995 24.1019 21.673
      vertex 17.855 23.4463 21.9631
    endloop
  endfacet
  facet normal 0 0.951043 0.30906
    outer loop
      vertex 66 25.9631 19.4693
      vertex 18 25.673 20.362
      vertex 66 25.673 20.362
    endloop
  endfacet
  facet normal 0 0.951043 0.30906
    outer loop
      vertex 18 25.673 20.362
      vertex 66 25.9631 19.4693
      vertex 18 25.9631 19.4693
    endloop
  endfacet
  facet normal -0.127069 0.802441 0.583045
    outer loop
      vertex 18 25.673 20.362
      vertex 17.174 25.5422 20.362
      vertex 17.3445 25.0175 21.1213
    endloop
  endfacet
  facet normal -0.587723 0 0.809062
    outer loop
      vertex 16.638 23 21.673
      vertex 16.0802 5.26777 21.2678
      vertex 16.638 4.70998 21.673
    endloop
  endfacet
  facet normal -0.587811 0 0.808999
    outer loop
      vertex 15.8787 5.37417 21.1213
      vertex 16.638 23 21.673
      vertex 15.8787 23 21.1213
    endloop
  endfacet
  facet normal -0.588047 1.55647e-05 0.808827
    outer loop
      vertex 16.638 23 21.673
      vertex 15.8787 5.37417 21.1213
      vertex 16.0802 5.26777 21.2678
    endloop
  endfacet
  facet normal -0.368805 0.723901 0.583053
    outer loop
      vertex 17.174 25.5422 20.362
      vertex 16.7531 24.7162 21.1213
      vertex 17.3445 25.0175 21.1213
    endloop
  endfacet
  facet normal 0 0.808999 0.587811
    outer loop
      vertex 66 25.673 20.362
      vertex 18 25.1213 21.1213
      vertex 66 25.1213 21.1213
    endloop
  endfacet
  facet normal 0 0.808999 0.587811
    outer loop
      vertex 18 25.1213 21.1213
      vertex 66 25.673 20.362
      vertex 18 25.673 20.362
    endloop
  endfacet
  facet normal -0.453932 0.891036 0
    outer loop
      vertex 17.0844 25.818 8.5307
      vertex 16.2584 25.3972 19.4693
      vertex 17.0844 25.818 19.4693
    endloop
  endfacet
  facet normal -0.453932 0.891036 0
    outer loop
      vertex 16.2584 25.3972 19.4693
      vertex 17.0844 25.818 8.5307
      vertex 16.2584 25.3972 8.5307
    endloop
  endfacet
  facet normal -0.0489553 0.308631 -0.949921
    outer loop
      vertex 18 23.4693 6.03694
      vertex 17.855 23.4463 6.03694
      vertex 18 24.362 6.32698
    endloop
  endfacet
  facet normal -0.268988 0.527978 0.805534
    outer loop
      vertex 17.3445 25.0175 21.1213
      vertex 16.7531 24.7162 21.1213
      vertex 17.1995 24.1019 21.673
    endloop
  endfacet
  facet normal -0.574486 0.574486 0.583036
    outer loop
      vertex 16.4288 25.1625 20.362
      vertex 16.2838 24.2469 21.1213
      vertex 16.7531 24.7162 21.1213
    endloop
  endfacet
  facet normal -0.574486 0.574486 0.583036
    outer loop
      vertex 16.2838 24.2469 21.1213
      vertex 16.4288 25.1625 20.362
      vertex 15.8375 24.5712 20.362
    endloop
  endfacet
  facet normal -0.0926806 0.585281 -0.805517
    outer loop
      vertex 18 24.362 6.32698
      vertex 17.3445 25.0175 6.87868
      vertex 18 25.1213 6.87868
    endloop
  endfacet
  facet normal -0.418986 0.418986 -0.805544
    outer loop
      vertex 16.8981 23.8005 6.32698
      vertex 16.7531 24.7162 6.87868
      vertex 17.1995 24.1019 6.32698
    endloop
  endfacet
  facet normal -0.418986 0.418986 -0.805544
    outer loop
      vertex 16.7531 24.7162 6.87868
      vertex 16.8981 23.8005 6.32698
      vertex 16.2838 24.2469 6.87868
    endloop
  endfacet
  facet normal -0.278476 0.141793 -0.949919
    outer loop
      vertex 17.5537 23.145 6.03694
      vertex 16.8981 23.8005 6.32698
      vertex 17.6203 23.2758 6.03694
    endloop
  endfacet
  facet normal -0.527977 0.268996 -0.805532
    outer loop
      vertex 16.7047 23.4209 6.32698
      vertex 15.9825 23.6555 6.87868
      vertex 16.8981 23.8005 6.32698
    endloop
  endfacet
  facet normal 0 0.309002 -0.951061
    outer loop
      vertex 18 24.362 6.32698
      vertex 39.9137 23.4693 6.03694
      vertex 18 23.4693 6.03694
    endloop
  endfacet
  facet normal 0 0.309002 -0.951061
    outer loop
      vertex 39.9137 23.4693 6.03694
      vertex 18 24.362 6.32698
      vertex 40.8063 24.362 6.32698
    endloop
  endfacet
  facet normal 0 0.309002 -0.951061
    outer loop
      vertex 42.3096 23.4693 6.03694
      vertex 66 24.362 6.32698
      vertex 66 23.4693 6.03694
    endloop
  endfacet
  facet normal 0 0.309002 -0.951061
    outer loop
      vertex 66 24.362 6.32698
      vertex 42.3096 23.4693 6.03694
      vertex 41.4169 24.362 6.32698
    endloop
  endfacet
  facet normal -0.891036 0.453932 0
    outer loop
      vertex 15.182 23.9156 8.5307
      vertex 15.6028 24.7416 19.4693
      vertex 15.6028 24.7416 8.5307
    endloop
  endfacet
  facet normal -0.891036 0.453932 0
    outer loop
      vertex 15.6028 24.7416 19.4693
      vertex 15.182 23.9156 8.5307
      vertex 15.182 23.9156 19.4693
    endloop
  endfacet
  facet normal 0 0.809017 -0.587785
    outer loop
      vertex 66 25.1213 6.87868
      vertex 18 25.673 7.63803
      vertex 66 25.673 7.63803
    endloop
  endfacet
  facet normal 0 0.809017 -0.587785
    outer loop
      vertex 18 25.673 7.63803
      vertex 66 25.1213 6.87868
      vertex 18 25.1213 6.87868
    endloop
  endfacet
  facet normal -0.84839 0.432278 0.305564
    outer loop
      vertex 15.6028 24.7416 19.4693
      vertex 15.4578 23.826 20.362
      vertex 15.8375 24.5712 20.362
    endloop
  endfacet
  facet normal -0.585281 0.0926806 0.805517
    outer loop
      vertex 15.9825 23.6555 21.1213
      vertex 15.8787 23 21.1213
      vertex 16.638 23 21.673
    endloop
  endfacet
  facet normal -0.0926806 0.585281 0.805517
    outer loop
      vertex 18 25.1213 21.1213
      vertex 17.3445 25.0175 21.1213
      vertex 18 24.362 21.673
    endloop
  endfacet
  facet normal -0.127068 0.802441 0.583046
    outer loop
      vertex 18 25.673 20.362
      vertex 17.3445 25.0175 21.1213
      vertex 18 25.1213 21.1213
    endloop
  endfacet
  facet normal -0.268996 0.527977 0.805532
    outer loop
      vertex 17.3445 25.0175 21.1213
      vertex 17.1995 24.1019 21.673
      vertex 17.5791 24.2953 21.673
    endloop
  endfacet
  facet normal -0.0489169 0.308683 0.949906
    outer loop
      vertex 18 24.362 21.673
      vertex 17.5791 24.2953 21.673
      vertex 17.855 23.4463 21.9631
    endloop
  endfacet
  facet normal -0.308689 0.0489644 0.949902
    outer loop
      vertex 17.5537 23.145 21.9631
      vertex 16.638 23 21.673
      vertex 17.5307 23 21.9631
    endloop
  endfacet
  facet normal -0.127071 0.802459 -0.58302
    outer loop
      vertex 18 25.1213 6.87868
      vertex 17.3445 25.0175 6.87868
      vertex 18 25.673 7.63803
    endloop
  endfacet
  facet normal -0.268996 0.527977 -0.805532
    outer loop
      vertex 17.5791 24.2953 6.32698
      vertex 17.1995 24.1019 6.32698
      vertex 17.3445 25.0175 6.87868
    endloop
  endfacet
  facet normal 0 0.587811 -0.808999
    outer loop
      vertex 41.4169 24.362 6.32698
      vertex 66 25.1213 6.87868
      vertex 66 24.362 6.32698
    endloop
  endfacet
  facet normal 1.43013e-06 0.58778 -0.809021
    outer loop
      vertex 41.1116 24.6673 6.54879
      vertex 66 25.1213 6.87868
      vertex 41.4169 24.362 6.32698
    endloop
  endfacet
  facet normal 0 0.587811 -0.808999
    outer loop
      vertex 18 25.1213 6.87868
      vertex 40.8063 24.362 6.32698
      vertex 18 24.362 6.32698
    endloop
  endfacet
  facet normal -1.53796e-06 0.58778 -0.809021
    outer loop
      vertex 40.8063 24.362 6.32698
      vertex 18 25.1213 6.87868
      vertex 41.1116 24.6673 6.54879
    endloop
  endfacet
  facet normal 0 0.587832 -0.808983
    outer loop
      vertex 41.1116 24.6673 6.54879
      vertex 18 25.1213 6.87868
      vertex 66 25.1213 6.87868
    endloop
  endfacet
  facet normal -0.848388 0.432277 -0.305574
    outer loop
      vertex 15.8375 24.5712 7.63803
      vertex 15.4578 23.826 7.63803
      vertex 15.6028 24.7416 8.5307
    endloop
  endfacet
  facet normal -0.673291 0.673291 -0.305544
    outer loop
      vertex 16.4288 25.1625 7.63803
      vertex 15.6028 24.7416 8.5307
      vertex 16.2584 25.3972 8.5307
    endloop
  endfacet
  facet normal -0.673291 0.673291 -0.305544
    outer loop
      vertex 15.6028 24.7416 8.5307
      vertex 16.4288 25.1625 7.63803
      vertex 15.8375 24.5712 7.63803
    endloop
  endfacet
  facet normal -0.723917 0.368813 -0.583027
    outer loop
      vertex 15.9825 23.6555 6.87868
      vertex 15.4578 23.826 7.63803
      vertex 16.2838 24.2469 6.87868
    endloop
  endfacet
  facet normal -0.527978 0.268988 -0.805534
    outer loop
      vertex 16.8981 23.8005 6.32698
      vertex 15.9825 23.6555 6.87868
      vertex 16.2838 24.2469 6.87868
    endloop
  endfacet
  facet normal -0.723899 0.368847 0.583028
    outer loop
      vertex 15.8375 24.5712 20.362
      vertex 15.4578 23.826 20.362
      vertex 16.2838 24.2469 21.1213
    endloop
  endfacet
  facet normal -0.802441 0.127069 0.583045
    outer loop
      vertex 15.4578 23.826 20.362
      vertex 15.327 23 20.362
      vertex 15.9825 23.6555 21.1213
    endloop
  endfacet
  facet normal -0.673294 0.673294 0.305535
    outer loop
      vertex 15.6028 24.7416 19.4693
      vertex 16.4288 25.1625 20.362
      vertex 16.2584 25.3972 19.4693
    endloop
  endfacet
  facet normal -0.673294 0.673294 0.305535
    outer loop
      vertex 16.4288 25.1625 20.362
      vertex 15.6028 24.7416 19.4693
      vertex 15.8375 24.5712 20.362
    endloop
  endfacet
  facet normal -0.278473 0.141878 0.949907
    outer loop
      vertex 16.8981 23.8005 21.673
      vertex 16.7047 23.4209 21.673
      vertex 17.5537 23.145 21.9631
    endloop
  endfacet
  facet normal -0.368813 0.723917 -0.583027
    outer loop
      vertex 17.3445 25.0175 6.87868
      vertex 16.7531 24.7162 6.87868
      vertex 17.174 25.5422 7.63803
    endloop
  endfacet
  facet normal -0.268988 0.527978 -0.805534
    outer loop
      vertex 17.1995 24.1019 6.32698
      vertex 16.7531 24.7162 6.87868
      vertex 17.3445 25.0175 6.87868
    endloop
  endfacet
  facet normal -0.127072 0.802459 -0.58302
    outer loop
      vertex 17.3445 25.0175 6.87868
      vertex 17.174 25.5422 7.63803
      vertex 18 25.673 7.63803
    endloop
  endfacet
  facet normal -0.148926 0.940468 -0.305516
    outer loop
      vertex 17.174 25.5422 7.63803
      vertex 17.0844 25.818 8.5307
      vertex 18 25.673 7.63803
    endloop
  endfacet
  facet normal -0.0489078 0.308625 -0.949926
    outer loop
      vertex 17.855 23.4463 6.03694
      vertex 17.5791 24.2953 6.32698
      vertex 18 24.362 6.32698
    endloop
  endfacet
  facet normal -0.141851 0.278421 -0.949926
    outer loop
      vertex 17.855 23.4463 6.03694
      vertex 17.1995 24.1019 6.32698
      vertex 17.5791 24.2953 6.32698
    endloop
  endfacet
  facet normal -0.585281 0.0926806 -0.805517
    outer loop
      vertex 16.638 23 6.32698
      vertex 15.8787 23 6.87868
      vertex 15.9825 23.6555 6.87868
    endloop
  endfacet
  facet normal -0.418986 0.418986 0.805544
    outer loop
      vertex 16.7531 24.7162 21.1213
      vertex 16.8981 23.8005 21.673
      vertex 17.1995 24.1019 21.673
    endloop
  endfacet
  facet normal -0.418986 0.418986 0.805544
    outer loop
      vertex 16.8981 23.8005 21.673
      vertex 16.7531 24.7162 21.1213
      vertex 16.2838 24.2469 21.1213
    endloop
  endfacet
  facet normal -0.802441 0.127068 0.583046
    outer loop
      vertex 15.9825 23.6555 21.1213
      vertex 15.327 23 20.362
      vertex 15.8787 23 21.1213
    endloop
  endfacet
  facet normal -0.527977 0.268996 0.805532
    outer loop
      vertex 16.8981 23.8005 21.673
      vertex 15.9825 23.6555 21.1213
      vertex 16.7047 23.4209 21.673
    endloop
  endfacet
  facet normal -0.309095 0 0.951031
    outer loop
      vertex 17.5307 23 21.9631
      vertex 16.8058 4.63498 21.7275
      vertex 17.5307 3.91003 21.9631
    endloop
  endfacet
  facet normal -0.30906 0 0.951043
    outer loop
      vertex 16.638 4.70998 21.673
      vertex 17.5307 23 21.9631
      vertex 16.638 23 21.673
    endloop
  endfacet
  facet normal -0.30891 -8.07634e-06 0.951091
    outer loop
      vertex 17.5307 23 21.9631
      vertex 16.638 4.70998 21.673
      vertex 16.8058 4.63498 21.7275
    endloop
  endfacet
  facet normal -0 0 1
    outer loop
      vertex 18 23.4693 21.9631
      vertex 66 3.91003 21.9631
      vertex 66 23.4693 21.9631
    endloop
  endfacet
  facet normal 0 0 1
    outer loop
      vertex 17.5307 23 21.9631
      vertex 18 23.4693 21.9631
      vertex 17.855 23.4463 21.9631
    endloop
  endfacet
  facet normal 0 0 1
    outer loop
      vertex 17.5307 23 21.9631
      vertex 17.855 23.4463 21.9631
      vertex 17.7242 23.3797 21.9631
    endloop
  endfacet
  facet normal 0 0 1
    outer loop
      vertex 17.5307 23 21.9631
      vertex 17.7242 23.3797 21.9631
      vertex 17.6203 23.2758 21.9631
    endloop
  endfacet
  facet normal 0 0 1
    outer loop
      vertex 17.5307 23 21.9631
      vertex 17.6203 23.2758 21.9631
      vertex 17.5537 23.145 21.9631
    endloop
  endfacet
  facet normal 0 0 1
    outer loop
      vertex 18 23.4693 21.9631
      vertex 17.5307 23 21.9631
      vertex 17.5307 3.91003 21.9631
    endloop
  endfacet
  facet normal 0 0 1
    outer loop
      vertex 18 23.4693 21.9631
      vertex 17.5307 3.91003 21.9631
      vertex 66 3.91003 21.9631
    endloop
  endfacet
  facet normal -0.308683 0.0489169 0.949906
    outer loop
      vertex 16.7047 23.4209 21.673
      vertex 16.638 23 21.673
      vertex 17.5537 23.145 21.9631
    endloop
  endfacet
  facet normal -0.527978 0.268988 0.805534
    outer loop
      vertex 16.2838 24.2469 21.1213
      vertex 15.9825 23.6555 21.1213
      vertex 16.8981 23.8005 21.673
    endloop
  endfacet
  facet normal 0 0 -1
    outer loop
      vertex 22.4444 6 6.03694
      vertex 18 23.4693 6.03694
      vertex 39.9137 23.4693 6.03694
    endloop
  endfacet
  facet normal 0 0 -1
    outer loop
      vertex 17.5307 23 6.03694
      vertex 18 23.4693 6.03694
      vertex 22.4444 6 6.03694
    endloop
  endfacet
  facet normal 0 0 -1
    outer loop
      vertex 18 23.4693 6.03694
      vertex 17.5307 23 6.03694
      vertex 17.855 23.4463 6.03694
    endloop
  endfacet
  facet normal 0 0 -1
    outer loop
      vertex 17.855 23.4463 6.03694
      vertex 17.5307 23 6.03694
      vertex 17.7242 23.3797 6.03694
    endloop
  endfacet
  facet normal 0 0 -1
    outer loop
      vertex 17.7242 23.3797 6.03694
      vertex 17.5307 23 6.03694
      vertex 17.6203 23.2758 6.03694
    endloop
  endfacet
  facet normal 0 0 -1
    outer loop
      vertex 17.5307 23 6.03694
      vertex 22.4444 6 6.03694
      vertex 17.5307 6 6.03694
    endloop
  endfacet
  facet normal 0 0 -1
    outer loop
      vertex 17.6203 23.2758 6.03694
      vertex 17.5307 23 6.03694
      vertex 17.5537 23.145 6.03694
    endloop
  endfacet
  facet normal 0 0 -1
    outer loop
      vertex 55.0428 6 6.03694
      vertex 25.5556 6 6.03694
      vertex 42.6673 23.1116 6.03694
    endloop
  endfacet
  facet normal 0 0 -1
    outer loop
      vertex 55.0428 6 6.03694
      vertex 66 3.91003 6.03694
      vertex 55.0428 3.91003 6.03694
    endloop
  endfacet
  facet normal 0 0 -1
    outer loop
      vertex 66 3.91003 6.03694
      vertex 55.0428 6 6.03694
      vertex 66 23.4693 6.03694
    endloop
  endfacet
  facet normal 0 0 -1
    outer loop
      vertex 42.6673 23.1116 6.03694
      vertex 66 23.4693 6.03694
      vertex 55.0428 6 6.03694
    endloop
  endfacet
  facet normal -0 0 -1
    outer loop
      vertex 66 23.4693 6.03694
      vertex 42.6673 23.1116 6.03694
      vertex 42.3096 23.4693 6.03694
    endloop
  endfacet
  facet normal -0.221002 0.221002 0.949903
    outer loop
      vertex 17.1995 24.1019 21.673
      vertex 17.6203 23.2758 21.9631
      vertex 17.7242 23.3797 21.9631
    endloop
  endfacet
  facet normal -0.221002 0.221002 0.949903
    outer loop
      vertex 17.6203 23.2758 21.9631
      vertex 17.1995 24.1019 21.673
      vertex 16.8981 23.8005 21.673
    endloop
  endfacet
  facet normal 0.122086 -0.28766 0.949919
    outer loop
      vertex -9.83171 -3.62449 -3.63079
      vertex -10.075 -3.34462 -3.51477
      vertex -9.98861 -3.69108 -3.63079
    endloop
  endfacet
  facet normal 0.0272456 -0.311308 0.949918
    outer loop
      vertex -10.075 -3.34462 -3.51477
      vertex -10.1584 -3.70594 -3.63079
      vertex -9.98861 -3.69108 -3.63079
    endloop
  endfacet
  facet normal 0.231496 -0.545453 0.805538
    outer loop
      vertex -9.83171 -3.62449 -3.63079
      vertex -9.98861 -3.69108 -3.63079
      vertex -9.91513 -3.9858 -3.85147
    endloop
  endfacet
  facet normal -0.806535 -0.504005 0.308998
    outer loop
      vertex -12.8693 -1 -4.51228
      vertex -11.0271 -3.72907 -4.15521
      vertex -12.7325 -1 -4.15521
    endloop
  endfacet
  facet normal -0.806527 -0.503994 0.309037
    outer loop
      vertex -11.0271 -3.72907 -4.15521
      vertex -12.8693 -1 -4.51228
      vertex -11.1255 -3.79055 -4.51228
    endloop
  endfacet
  facet normal 0.163762 -0.262067 0.951054
    outer loop
      vertex -9.34249 -2.89774 -3.51477
      vertex -10.0209 -3.32167 -3.51477
      vertex -9.83171 -3.62449 -3.63079
    endloop
  endfacet
  facet normal 0.0829845 -0.948544 0.305577
    outer loop
      vertex -10.195 -4.22908 -4.15521
      vertex -10.2031 -4.34482 -4.51228
      vertex -9.83367 -4.3125 -4.51228
    endloop
  endfacet
  facet normal 0.122044 -0.287694 0.949914
    outer loop
      vertex -10.0209 -3.32167 -3.51477
      vertex -10.075 -3.34462 -3.51477
      vertex -9.83171 -3.62449 -3.63079
    endloop
  endfacet
  facet normal -0.848038 -0.529935 0
    outer loop
      vertex -11.1255 -3.79055 -15.4877
      vertex -12.8693 -1 -4.51228
      vertex -12.8693 -1 -15.4877
    endloop
  endfacet
  facet normal -0.848038 -0.529935 0
    outer loop
      vertex -12.8693 -1 -4.51228
      vertex -11.1255 -3.79055 -15.4877
      vertex -11.1255 -3.79055 -4.51228
    endloop
  endfacet
  facet normal 0.529923 -0.848046 0
    outer loop
      vertex -9.49233 -4.16761 -15.4877
      vertex -8.81389 -3.74367 -4.51228
      vertex -9.49233 -4.16761 -4.51228
    endloop
  endfacet
  facet normal 0.529923 -0.848046 0
    outer loop
      vertex -8.81389 -3.74367 -4.51228
      vertex -9.49233 -4.16761 -15.4877
      vertex -8.81389 -3.74367 -15.4877
    endloop
  endfacet
  facet normal 0.948551 0.0829895 0.305555
    outer loop
      vertex -8.29195 -2.45181 -4.51228
      vertex -8.37536 -2.81313 -4.15521
      vertex -8.25963 -2.82122 -4.51228
    endloop
  endfacet
  facet normal 0.051662 -0.590289 0.805537
    outer loop
      vertex -9.98861 -3.69108 -3.63079
      vertex -10.1584 -3.70594 -3.63079
      vertex -9.91513 -3.9858 -3.85147
    endloop
  endfacet
  facet normal -0.182779 -0.791597 -0.583066
    outer loop
      vertex -10.195 -4.22908 -15.8448
      vertex -10.5209 -4.15383 -15.8448
      vertex -10.1796 -4.00894 -16.1485
    endloop
  endfacet
  facet normal 0.204998 -0.235857 0.94992
    outer loop
      vertex -9.29816 -2.85921 -3.51477
      vertex -9.34249 -2.89774 -3.51477
      vertex -9.15327 -3.20055 -3.63079
    endloop
  endfacet
  facet normal 0.498498 0.31149 -0.808996
    outer loop
      vertex -8.97996 -2.44985 -16.3692
      vertex -10.1526 0 -16.1485
      vertex -8.72237 -2.28889 -16.1485
    endloop
  endfacet
  facet normal 0.498466 0.311477 -0.80902
    outer loop
      vertex -10.1526 0 -16.1485
      vertex -8.97996 -2.44985 -16.3692
      vertex -10.5108 0 -16.3692
    endloop
  endfacet
  facet normal -0.718706 -0.624559 0.305594
    outer loop
      vertex -11.0271 -3.72907 -4.15521
      vertex -11.1255 -3.79055 -4.51228
      vertex -10.8823 -4.07041 -4.51228
    endloop
  endfacet
  facet normal 0.791638 -0.182766 0.583014
    outer loop
      vertex -8.37536 -2.81313 -4.15521
      vertex -8.65522 -3.05641 -3.85147
      vertex -8.45061 -3.13907 -4.15521
    endloop
  endfacet
  facet normal 0.311481 -0.49847 0.809016
    outer loop
      vertex -9.15327 -3.20055 -3.63079
      vertex -9.83171 -3.62449 -3.63079
      vertex -8.99232 -3.45814 -3.85147
    endloop
  endfacet
  facet normal 0.85716 -0.515051 0
    outer loop
      vertex -8.53403 -3.50039 -4.51228
      vertex -8.34304 -3.18254 -15.4877
      vertex -8.34304 -3.18254 -4.51228
    endloop
  endfacet
  facet normal 0.85716 -0.515051 0
    outer loop
      vertex -8.34304 -3.18254 -15.4877
      vertex -8.53403 -3.50039 -4.51228
      vertex -8.53403 -3.50039 -15.4877
    endloop
  endfacet
  facet normal 0.372022 -0.876487 -0.305566
    outer loop
      vertex -9.83367 -4.3125 -15.4877
      vertex -9.86174 -4.19992 -15.8448
      vertex -9.55381 -4.06922 -15.8448
    endloop
  endfacet
  facet normal 0.428713 -0.686084 0.587787
    outer loop
      vertex -9.55381 -4.06922 -4.15521
      vertex -8.99232 -3.45814 -3.85147
      vertex -9.67075 -3.88207 -3.85147
    endloop
  endfacet
  facet normal 0.428718 -0.686086 0.587781
    outer loop
      vertex -8.99232 -3.45814 -3.85147
      vertex -9.55381 -4.06922 -4.15521
      vertex -8.87537 -3.64528 -4.15521
    endloop
  endfacet
  facet normal -0.447229 -0.388684 0.80555
    outer loop
      vertex -10.5824 -3.45117 -3.63079
      vertex -10.84 -3.61213 -3.85147
      vertex -10.4706 -3.57981 -3.63079
    endloop
  endfacet
  facet normal 0.507973 -0.30518 -0.805499
    outer loop
      vertex -8.79196 -3.28397 -16.1485
      vertex -9.02463 -3.08873 -16.3692
      vertex -8.93685 -2.94262 -16.3692
    endloop
  endfacet
  facet normal 0.231538 -0.545486 -0.805503
    outer loop
      vertex -9.67075 -3.88207 -16.1485
      vertex -9.91513 -3.9858 -16.1485
      vertex -9.83171 -3.62449 -16.3692
    endloop
  endfacet
  facet normal -0.718711 -0.624564 -0.305571
    outer loop
      vertex -10.8823 -4.07041 -15.4877
      vertex -11.1255 -3.79055 -15.4877
      vertex -11.0271 -3.72907 -15.8448
    endloop
  endfacet
  facet normal 0.0708163 -0.809336 -0.583062
    outer loop
      vertex -9.86174 -4.19992 -15.8448
      vertex -10.195 -4.22908 -15.8448
      vertex -9.91513 -3.9858 -16.1485
    endloop
  endfacet
  facet normal 0.0516484 -0.590297 0.805532
    outer loop
      vertex -10.1584 -3.70594 -3.63079
      vertex -10.1796 -4.00894 -3.85147
      vertex -9.91513 -3.9858 -3.85147
    endloop
  endfacet
  facet normal -0.0702828 -0.304485 0.949921
    outer loop
      vertex -10.1907 -3.33653 -3.51477
      vertex -10.3245 -3.6676 -3.63079
      vertex -10.1584 -3.70594 -3.63079
    endloop
  endfacet
  facet normal -0.182787 -0.791633 0.583015
    outer loop
      vertex -10.1796 -4.00894 -3.85147
      vertex -10.5209 -4.15383 -4.15521
      vertex -10.195 -4.22908 -4.15521
    endloop
  endfacet
  facet normal 0.92777 -0.214195 0.305553
    outer loop
      vertex -8.37536 -2.81313 -4.15521
      vertex -8.45061 -3.13907 -4.15521
      vertex -8.25963 -2.82122 -4.51228
    endloop
  endfacet
  facet normal 0.317444 -0.747875 0.58302
    outer loop
      vertex -9.67075 -3.88207 -3.85147
      vertex -9.91513 -3.9858 -3.85147
      vertex -9.55381 -4.06922 -4.15521
    endloop
  endfacet
  facet normal -0.235891 -0.204868 -0.949939
    outer loop
      vertex -10.2411 -3.30628 -16.4852
      vertex -10.5824 -3.45117 -16.3692
      vertex -10.2796 -3.26195 -16.4852
    endloop
  endfacet
  facet normal 0.163757 -0.262063 0.951055
    outer loop
      vertex -9.34249 -2.89774 -3.51477
      vertex -9.83171 -3.62449 -3.63079
      vertex -9.15327 -3.20055 -3.63079
    endloop
  endfacet
  facet normal 0.577394 -0.133277 -0.805514
    outer loop
      vertex -8.65522 -3.05641 -16.1485
      vertex -8.93685 -2.94262 -16.3692
      vertex -8.59551 -2.79773 -16.1485
    endloop
  endfacet
  facet normal 0.3115 -0.498504 -0.808988
    outer loop
      vertex -9.67075 -3.88207 -16.1485
      vertex -9.83171 -3.62449 -16.3692
      vertex -8.99232 -3.45814 -16.1485
    endloop
  endfacet
  facet normal -0.41855 -0.69641 0.582948
    outer loop
      vertex -10.4383 -3.94922 -3.85147
      vertex -10.6658 -3.81249 -3.85147
      vertex -10.5209 -4.15383 -4.15521
    endloop
  endfacet
  facet normal -0.235928 -0.2049 0.949923
    outer loop
      vertex -10.2796 -3.26195 -3.51477
      vertex -10.5824 -3.45117 -3.63079
      vertex -10.2411 -3.30628 -3.51477
    endloop
  endfacet
  facet normal 0.267874 -0.160937 0.949917
    outer loop
      vertex -9.26791 -2.80886 -3.51477
      vertex -9.29816 -2.85921 -3.51477
      vertex -8.93685 -2.94262 -3.63079
    endloop
  endfacet
  facet normal -0.262071 -0.163757 0.951053
    outer loop
      vertex -11.693 -1 -3.51477
      vertex -10.5824 -3.45117 -3.63079
      vertex -10.2796 -3.26195 -3.51477
    endloop
  endfacet
  facet normal -0.262034 -0.163741 0.951066
    outer loop
      vertex -10.5824 -3.45117 -3.63079
      vertex -11.693 -1 -3.51477
      vertex -12.1141 -1 -3.63079
    endloop
  endfacet
  facet normal 0.0272461 -0.311308 0.949918
    outer loop
      vertex -10.1335 -3.34974 -3.51477
      vertex -10.1584 -3.70594 -3.63079
      vertex -10.075 -3.34462 -3.51477
    endloop
  endfacet
  facet normal -0.0703196 -0.304487 0.949917
    outer loop
      vertex -10.1335 -3.34974 -3.51477
      vertex -10.1907 -3.33653 -3.51477
      vertex -10.1584 -3.70594 -3.63079
    endloop
  endfacet
  facet normal 0.50399 -0.806546 -0.308993
    outer loop
      vertex -8.81389 -3.74367 -15.4877
      vertex -9.55381 -4.06922 -15.8448
      vertex -8.87537 -3.64528 -15.8448
    endloop
  endfacet
  facet normal 0.0272419 -0.31126 -0.949934
    outer loop
      vertex -10.075 -3.34462 -16.4852
      vertex -10.1584 -3.70594 -16.3692
      vertex -10.1335 -3.34974 -16.4852
    endloop
  endfacet
  facet normal -0.214219 -0.92776 -0.305566
    outer loop
      vertex -10.195 -4.22908 -15.8448
      vertex -10.5644 -4.2614 -15.4877
      vertex -10.5209 -4.15383 -15.8448
    endloop
  endfacet
  facet normal -0.613196 -0.532876 -0.583125
    outer loop
      vertex -10.8077 -3.98154 -15.8448
      vertex -11.0271 -3.72907 -15.8448
      vertex -10.6658 -3.81249 -16.1485
    endloop
  endfacet
  facet normal 0.372042 -0.876477 0.30557
    outer loop
      vertex -9.55381 -4.06922 -4.15521
      vertex -9.83367 -4.3125 -4.51228
      vertex -9.49233 -4.16761 -4.51228
    endloop
  endfacet
  facet normal -0.160798 -0.267908 0.949931
    outer loop
      vertex -10.2411 -3.30628 -3.51477
      vertex -10.3245 -3.6676 -3.63079
      vertex -10.1907 -3.33653 -3.51477
    endloop
  endfacet
  facet normal 0.0708165 -0.809371 0.583013
    outer loop
      vertex -10.1796 -4.00894 -3.85147
      vertex -10.195 -4.22908 -4.15521
      vertex -9.91513 -3.9858 -3.85147
    endloop
  endfacet
  facet normal -0.514991 -0.857195 0
    outer loop
      vertex -10.8823 -4.07041 -15.4877
      vertex -10.5644 -4.2614 -4.51228
      vertex -10.8823 -4.07041 -4.51228
    endloop
  endfacet
  facet normal -0.514991 -0.857195 -0
    outer loop
      vertex -10.5644 -4.2614 -4.51228
      vertex -10.8823 -4.07041 -15.4877
      vertex -10.5644 -4.2614 -15.4877
    endloop
  endfacet
  facet normal -0.718707 -0.624567 -0.305575
    outer loop
      vertex -10.8823 -4.07041 -15.4877
      vertex -11.0271 -3.72907 -15.8448
      vertex -10.8077 -3.98154 -15.8448
    endloop
  endfacet
  facet normal -0.418531 -0.696379 -0.582999
    outer loop
      vertex -10.5209 -4.15383 -15.8448
      vertex -10.6658 -3.81249 -16.1485
      vertex -10.4383 -3.94922 -16.1485
    endloop
  endfacet
  facet normal -0.613137 -0.533082 -0.582998
    outer loop
      vertex -10.6658 -3.81249 -16.1485
      vertex -11.0271 -3.72907 -15.8448
      vertex -10.84 -3.61213 -16.1485
    endloop
  endfacet
  facet normal -0.0702718 -0.304438 -0.949937
    outer loop
      vertex -10.1584 -3.70594 -16.3692
      vertex -10.3245 -3.6676 -16.3692
      vertex -10.1907 -3.33653 -16.4852
    endloop
  endfacet
  facet normal 0.390731 -0.920505 0
    outer loop
      vertex -9.83367 -4.3125 -15.4877
      vertex -9.49233 -4.16761 -4.51228
      vertex -9.83367 -4.3125 -4.51228
    endloop
  endfacet
  facet normal 0.390731 -0.920505 0
    outer loop
      vertex -9.49233 -4.16761 -4.51228
      vertex -9.83367 -4.3125 -15.4877
      vertex -9.49233 -4.16761 -15.4877
    endloop
  endfacet
  facet normal 0.624682 -0.718611 0.305566
    outer loop
      vertex -8.62291 -3.42582 -4.15521
      vertex -8.81389 -3.74367 -4.51228
      vertex -8.53403 -3.50039 -4.51228
    endloop
  endfacet
  facet normal 0.79163 -0.182729 0.583036
    outer loop
      vertex -8.59551 -2.79773 -3.85147
      vertex -8.65522 -3.05641 -3.85147
      vertex -8.37536 -2.81313 -4.15521
    endloop
  endfacet
  facet normal 0.231524 -0.545454 0.805529
    outer loop
      vertex -9.83171 -3.62449 -3.63079
      vertex -9.91513 -3.9858 -3.85147
      vertex -9.67075 -3.88207 -3.85147
    endloop
  endfacet
  facet normal 0.317423 -0.747849 -0.583065
    outer loop
      vertex -9.86174 -4.19992 -15.8448
      vertex -9.91513 -3.9858 -16.1485
      vertex -9.55381 -4.06922 -15.8448
    endloop
  endfacet
  facet normal 0.590295 0.0516279 0.805535
    outer loop
      vertex -8.61864 -2.53327 -3.85147
      vertex -8.91336 -2.60675 -3.63079
      vertex -8.59551 -2.79773 -3.85147
    endloop
  endfacet
  facet normal 0.927769 -0.214174 0.305571
    outer loop
      vertex -8.25963 -2.82122 -4.51228
      vertex -8.45061 -3.13907 -4.15521
      vertex -8.34304 -3.18254 -4.51228
    endloop
  endfacet
  facet normal 0.0708133 -0.809335 -0.583063
    outer loop
      vertex -9.91513 -3.9858 -16.1485
      vertex -10.195 -4.22908 -15.8448
      vertex -10.1796 -4.00894 -16.1485
    endloop
  endfacet
  facet normal 0.577397 -0.133294 -0.805509
    outer loop
      vertex -8.59551 -2.79773 -16.1485
      vertex -8.93685 -2.94262 -16.3692
      vertex -8.89851 -2.77654 -16.3692
    endloop
  endfacet
  facet normal 0.0272414 -0.31126 -0.949934
    outer loop
      vertex -9.98861 -3.69108 -16.3692
      vertex -10.1584 -3.70594 -16.3692
      vertex -10.075 -3.34462 -16.4852
    endloop
  endfacet
  facet normal 0.304497 -0.0702972 0.949916
    outer loop
      vertex -9.2547 -2.75164 -3.51477
      vertex -9.26791 -2.80886 -3.51477
      vertex -8.89851 -2.77654 -3.63079
    endloop
  endfacet
  facet normal -0.21421 -0.927765 -0.305558
    outer loop
      vertex -10.2031 -4.34482 -15.4877
      vertex -10.5644 -4.2614 -15.4877
      vertex -10.195 -4.22908 -15.8448
    endloop
  endfacet
  facet normal -0.182744 -0.791625 -0.583039
    outer loop
      vertex -10.1796 -4.00894 -16.1485
      vertex -10.5209 -4.15383 -15.8448
      vertex -10.4383 -3.94922 -16.1485
    endloop
  endfacet
  facet normal -0.133291 -0.577399 -0.805508
    outer loop
      vertex -10.1796 -4.00894 -16.1485
      vertex -10.4383 -3.94922 -16.1485
      vertex -10.3245 -3.6676 -16.3692
    endloop
  endfacet
  facet normal -0.22497 -0.974366 0
    outer loop
      vertex -10.5644 -4.2614 -15.4877
      vertex -10.2031 -4.34482 -4.51228
      vertex -10.5644 -4.2614 -4.51228
    endloop
  endfacet
  facet normal -0.22497 -0.974366 -0
    outer loop
      vertex -10.2031 -4.34482 -4.51228
      vertex -10.5644 -4.2614 -15.4877
      vertex -10.2031 -4.34482 -15.4877
    endloop
  endfacet
  facet normal -0.447195 -0.388807 0.80551
    outer loop
      vertex -10.4706 -3.57981 -3.63079
      vertex -10.84 -3.61213 -3.85147
      vertex -10.6658 -3.81249 -3.85147
    endloop
  endfacet
  facet normal 0.50399 -0.806546 -0.308993
    outer loop
      vertex -9.49233 -4.16761 -15.4877
      vertex -9.55381 -4.06922 -15.8448
      vertex -8.81389 -3.74367 -15.4877
    endloop
  endfacet
  facet normal 0.372045 -0.876484 -0.305546
    outer loop
      vertex -9.49233 -4.16761 -15.4877
      vertex -9.83367 -4.3125 -15.4877
      vertex -9.55381 -4.06922 -15.8448
    endloop
  endfacet
  facet normal -0.686017 -0.42866 0.587904
    outer loop
      vertex -12.7325 -1 -4.15521
      vertex -10.84 -3.61213 -3.85147
      vertex -12.4722 -1 -3.85147
    endloop
  endfacet
  facet normal -0.68612 -0.428757 0.587713
    outer loop
      vertex -10.84 -3.61213 -3.85147
      vertex -12.7325 -1 -4.15521
      vertex -11.0271 -3.72907 -4.15521
    endloop
  endfacet
  facet normal 0.0871532 -0.996195 0
    outer loop
      vertex -10.2031 -4.34482 -15.4877
      vertex -9.83367 -4.3125 -4.51228
      vertex -10.2031 -4.34482 -4.51228
    endloop
  endfacet
  facet normal 0.0871532 -0.996195 0
    outer loop
      vertex -9.83367 -4.3125 -4.51228
      vertex -10.2031 -4.34482 -15.4877
      vertex -9.83367 -4.3125 -15.4877
    endloop
  endfacet
  facet normal -0.613223 -0.532899 0.583074
    outer loop
      vertex -10.6658 -3.81249 -3.85147
      vertex -11.0271 -3.72907 -4.15521
      vertex -10.8077 -3.98154 -4.15521
    endloop
  endfacet
  facet normal -0.718702 -0.624562 0.305598
    outer loop
      vertex -10.8077 -3.98154 -4.15521
      vertex -11.0271 -3.72907 -4.15521
      vertex -10.8823 -4.07041 -4.51228
    endloop
  endfacet
  facet normal -0.418367 -0.696429 0.583057
    outer loop
      vertex -10.6658 -3.81249 -3.85147
      vertex -10.8077 -3.98154 -4.15521
      vertex -10.5209 -4.15383 -4.15521
    endloop
  endfacet
  facet normal 0.816164 -0.49041 0.305572
    outer loop
      vertex -8.45061 -3.13907 -4.15521
      vertex -8.62291 -3.42582 -4.15521
      vertex -8.53403 -3.50039 -4.51228
    endloop
  endfacet
  facet normal -0.418349 -0.696398 -0.583107
    outer loop
      vertex -10.5209 -4.15383 -15.8448
      vertex -10.8077 -3.98154 -15.8448
      vertex -10.6658 -3.81249 -16.1485
    endloop
  endfacet
  facet normal -0.806542 -0.504009 -0.308975
    outer loop
      vertex -11.0271 -3.72907 -15.8448
      vertex -12.8693 -1 -15.4877
      vertex -12.7325 -1 -15.8448
    endloop
  endfacet
  facet normal -0.806533 -0.503998 -0.309013
    outer loop
      vertex -12.8693 -1 -15.4877
      vertex -11.0271 -3.72907 -15.8448
      vertex -11.1255 -3.79055 -15.4877
    endloop
  endfacet
  facet normal 0.791603 -0.182758 -0.583064
    outer loop
      vertex -8.45061 -3.13907 -15.8448
      vertex -8.65522 -3.05641 -16.1485
      vertex -8.37536 -2.81313 -15.8448
    endloop
  endfacet
  facet normal 0.816159 -0.490415 0.305578
    outer loop
      vertex -8.45061 -3.13907 -4.15521
      vertex -8.53403 -3.50039 -4.51228
      vertex -8.34304 -3.18254 -4.51228
    endloop
  endfacet
  facet normal 0.503986 -0.80654 0.309017
    outer loop
      vertex -8.87537 -3.64528 -4.15521
      vertex -9.55381 -4.06922 -4.15521
      vertex -8.81389 -3.74367 -4.51228
    endloop
  endfacet
  facet normal 0.624679 -0.718612 0.305569
    outer loop
      vertex -8.62291 -3.42582 -4.15521
      vertex -8.87537 -3.64528 -4.15521
      vertex -8.81389 -3.74367 -4.51228
    endloop
  endfacet
  facet normal 0.503986 -0.80654 0.309017
    outer loop
      vertex -8.81389 -3.74367 -4.51228
      vertex -9.55381 -4.06922 -4.15521
      vertex -9.49233 -4.16761 -4.51228
    endloop
  endfacet
  facet normal 0.388775 -0.447235 -0.805503
    outer loop
      vertex -8.99232 -3.45814 -16.1485
      vertex -9.02463 -3.08873 -16.3692
      vertex -8.79196 -3.28397 -16.1485
    endloop
  endfacet
  facet normal 0.31743 -0.747841 -0.583071
    outer loop
      vertex -9.55381 -4.06922 -15.8448
      vertex -9.91513 -3.9858 -16.1485
      vertex -9.67075 -3.88207 -16.1485
    endloop
  endfacet
  facet normal 0.809372 0.0708215 0.583011
    outer loop
      vertex -8.40452 -2.47988 -4.15521
      vertex -8.61864 -2.53327 -3.85147
      vertex -8.37536 -2.81313 -4.15521
    endloop
  endfacet
  facet normal 0.948547 0.0829997 0.305564
    outer loop
      vertex -8.29195 -2.45181 -4.51228
      vertex -8.40452 -2.47988 -4.15521
      vertex -8.37536 -2.81313 -4.15521
    endloop
  endfacet
  facet normal 0.287615 0.122085 -0.949933
    outer loop
      vertex -8.91336 -2.60675 -16.3692
      vertex -9.28277 -2.63906 -16.4852
      vertex -8.97996 -2.44985 -16.3692
    endloop
  endfacet
  facet normal 0.0516515 -0.590331 -0.805507
    outer loop
      vertex -9.91513 -3.9858 -16.1485
      vertex -10.1796 -4.00894 -16.1485
      vertex -10.1584 -3.70594 -16.3692
    endloop
  endfacet
  facet normal 0.507927 -0.305211 -0.805516
    outer loop
      vertex -8.79196 -3.28397 -16.1485
      vertex -8.93685 -2.94262 -16.3692
      vertex -8.65522 -3.05641 -16.1485
    endloop
  endfacet
  facet normal 0.122025 -0.287649 -0.94993
    outer loop
      vertex -9.83171 -3.62449 -16.3692
      vertex -10.075 -3.34462 -16.4852
      vertex -10.0209 -3.32167 -16.4852
    endloop
  endfacet
  facet normal 0.0829972 -0.948547 -0.305565
    outer loop
      vertex -9.83367 -4.3125 -15.4877
      vertex -10.195 -4.22908 -15.8448
      vertex -9.86174 -4.19992 -15.8448
    endloop
  endfacet
  facet normal 0.0829851 -0.948552 -0.305554
    outer loop
      vertex -9.83367 -4.3125 -15.4877
      vertex -10.2031 -4.34482 -15.4877
      vertex -10.195 -4.22908 -15.8448
    endloop
  endfacet
  facet normal -0.133277 -0.577396 -0.805513
    outer loop
      vertex -10.1796 -4.00894 -16.1485
      vertex -10.3245 -3.6676 -16.3692
      vertex -10.1584 -3.70594 -16.3692
    endloop
  endfacet
  facet normal 0.122067 -0.287615 -0.949935
    outer loop
      vertex -9.98861 -3.69108 -16.3692
      vertex -10.075 -3.34462 -16.4852
      vertex -9.83171 -3.62449 -16.3692
    endloop
  endfacet
  facet normal -0.305227 -0.507958 -0.805491
    outer loop
      vertex -10.3245 -3.6676 -16.3692
      vertex -10.6658 -3.81249 -16.1485
      vertex -10.4706 -3.57981 -16.3692
    endloop
  endfacet
  facet normal -0.305259 -0.507909 -0.805509
    outer loop
      vertex -10.4383 -3.94922 -16.1485
      vertex -10.6658 -3.81249 -16.1485
      vertex -10.3245 -3.6676 -16.3692
    endloop
  endfacet
  facet normal 0.816171 -0.490414 -0.305549
    outer loop
      vertex -8.53403 -3.50039 -15.4877
      vertex -8.62291 -3.42582 -15.8448
      vertex -8.45061 -3.13907 -15.8448
    endloop
  endfacet
  facet normal 0.428693 -0.686053 -0.587838
    outer loop
      vertex -8.99232 -3.45814 -16.1485
      vertex -9.55381 -4.06922 -15.8448
      vertex -9.67075 -3.88207 -16.1485
    endloop
  endfacet
  facet normal 0.428698 -0.686055 -0.587832
    outer loop
      vertex -9.55381 -4.06922 -15.8448
      vertex -8.99232 -3.45814 -16.1485
      vertex -8.87537 -3.64528 -15.8448
    endloop
  endfacet
  facet normal -0.613164 -0.533106 0.582947
    outer loop
      vertex -10.84 -3.61213 -3.85147
      vertex -11.0271 -3.72907 -4.15521
      vertex -10.6658 -3.81249 -3.85147
    endloop
  endfacet
  facet normal -0.214209 -0.927758 0.305581
    outer loop
      vertex -10.195 -4.22908 -4.15521
      vertex -10.5644 -4.2614 -4.51228
      vertex -10.2031 -4.34482 -4.51228
    endloop
  endfacet
  facet normal -0.133283 -0.577365 0.805534
    outer loop
      vertex -10.3245 -3.6676 -3.63079
      vertex -10.4383 -3.94922 -3.85147
      vertex -10.1796 -4.00894 -3.85147
    endloop
  endfacet
  facet normal -0.13327 -0.577363 0.805538
    outer loop
      vertex -10.1584 -3.70594 -3.63079
      vertex -10.3245 -3.6676 -3.63079
      vertex -10.1796 -4.00894 -3.85147
    endloop
  endfacet
  facet normal -0.754815 -0.655938 0
    outer loop
      vertex -10.8823 -4.07041 -15.4877
      vertex -11.1255 -3.79055 -4.51228
      vertex -11.1255 -3.79055 -15.4877
    endloop
  endfacet
  facet normal -0.754815 -0.655938 0
    outer loop
      vertex -11.1255 -3.79055 -4.51228
      vertex -10.8823 -4.07041 -15.4877
      vertex -10.8823 -4.07041 -4.51228
    endloop
  endfacet
  facet normal -0.498453 -0.311476 0.809029
    outer loop
      vertex -12.1141 -1 -3.63079
      vertex -10.84 -3.61213 -3.85147
      vertex -10.5824 -3.45117 -3.63079
    endloop
  endfacet
  facet normal -0.498529 -0.311508 0.808969
    outer loop
      vertex -10.84 -3.61213 -3.85147
      vertex -12.1141 -1 -3.63079
      vertex -12.4722 -1 -3.85147
    endloop
  endfacet
  facet normal -0.490322 -0.816208 -0.305596
    outer loop
      vertex -10.5644 -4.2614 -15.4877
      vertex -10.8077 -3.98154 -15.8448
      vertex -10.5209 -4.15383 -15.8448
    endloop
  endfacet
  facet normal -0.49036 -0.816197 -0.305562
    outer loop
      vertex -10.5644 -4.2614 -15.4877
      vertex -10.8823 -4.07041 -15.4877
      vertex -10.8077 -3.98154 -15.8448
    endloop
  endfacet
  facet normal -0.498482 -0.311494 -0.809004
    outer loop
      vertex -10.84 -3.61213 -16.1485
      vertex -12.1141 -1 -16.3692
      vertex -10.5824 -3.45117 -16.3692
    endloop
  endfacet
  facet normal -0.498559 -0.311527 -0.808944
    outer loop
      vertex -12.1141 -1 -16.3692
      vertex -10.84 -3.61213 -16.1485
      vertex -12.4722 -1 -16.1485
    endloop
  endfacet
  facet normal 0.927777 -0.214175 -0.305548
    outer loop
      vertex -8.34304 -3.18254 -15.4877
      vertex -8.45061 -3.13907 -15.8448
      vertex -8.25963 -2.82122 -15.4877
    endloop
  endfacet
  facet normal 0.927778 -0.214197 -0.305529
    outer loop
      vertex -8.25963 -2.82122 -15.4877
      vertex -8.45061 -3.13907 -15.8448
      vertex -8.37536 -2.81313 -15.8448
    endloop
  endfacet
  facet normal 0.747846 0.317432 -0.583064
    outer loop
      vertex -8.61864 -2.53327 -16.1485
      vertex -8.72237 -2.28889 -16.1485
      vertex -8.40452 -2.47988 -15.8448
    endloop
  endfacet
  facet normal 0.59033 0.0516308 -0.805509
    outer loop
      vertex -8.89851 -2.77654 -16.3692
      vertex -8.91336 -2.60675 -16.3692
      vertex -8.59551 -2.79773 -16.1485
    endloop
  endfacet
  facet normal 0.532997 -0.613144 -0.583068
    outer loop
      vertex -8.87537 -3.64528 -15.8448
      vertex -8.99232 -3.45814 -16.1485
      vertex -8.62291 -3.42582 -15.8448
    endloop
  endfacet
  facet normal 0.996195 0.0871579 0
    outer loop
      vertex -8.25963 -2.82122 -4.51228
      vertex -8.29195 -2.45181 -15.4877
      vertex -8.29195 -2.45181 -4.51228
    endloop
  endfacet
  facet normal 0.996195 0.0871579 0
    outer loop
      vertex -8.29195 -2.45181 -15.4877
      vertex -8.25963 -2.82122 -4.51228
      vertex -8.25963 -2.82122 -15.4877
    endloop
  endfacet
  facet normal 0.545472 0.231539 -0.805512
    outer loop
      vertex -8.91336 -2.60675 -16.3692
      vertex -8.97996 -2.44985 -16.3692
      vertex -8.72237 -2.28889 -16.1485
    endloop
  endfacet
  facet normal 0.204966 -0.23582 -0.949936
    outer loop
      vertex -9.15327 -3.20055 -16.3692
      vertex -9.34249 -2.89774 -16.4852
      vertex -9.29816 -2.85921 -16.4852
    endloop
  endfacet
  facet normal 0.051665 -0.590323 -0.805512
    outer loop
      vertex -9.91513 -3.9858 -16.1485
      vertex -10.1584 -3.70594 -16.3692
      vertex -9.98861 -3.69108 -16.3692
    endloop
  endfacet
  facet normal 0.231509 -0.545485 -0.805512
    outer loop
      vertex -9.91513 -3.9858 -16.1485
      vertex -9.98861 -3.69108 -16.3692
      vertex -9.83171 -3.62449 -16.3692
    endloop
  endfacet
  facet normal 0.31131 0.0272416 0.949918
    outer loop
      vertex -8.91336 -2.60675 -3.63079
      vertex -9.25982 -2.69313 -3.51477
      vertex -9.2547 -2.75164 -3.51477
    endloop
  endfacet
  facet normal 0.809359 0.0707876 0.583032
    outer loop
      vertex -8.37536 -2.81313 -4.15521
      vertex -8.61864 -2.53327 -3.85147
      vertex -8.59551 -2.79773 -3.85147
    endloop
  endfacet
  facet normal 0.388739 -0.447213 0.805533
    outer loop
      vertex -9.02463 -3.08873 -3.63079
      vertex -9.15327 -3.20055 -3.63079
      vertex -8.99232 -3.45814 -3.85147
    endloop
  endfacet
  facet normal 0.948555 0.0830003 -0.305541
    outer loop
      vertex -8.37536 -2.81313 -15.8448
      vertex -8.40452 -2.47988 -15.8448
      vertex -8.29195 -2.45181 -15.4877
    endloop
  endfacet
  facet normal 0.686083 0.428711 -0.58779
    outer loop
      vertex -8.53523 -2.17195 -15.8448
      vertex -10.1526 0 -16.1485
      vertex -9.89241 0 -15.8448
    endloop
  endfacet
  facet normal 0.686066 0.428693 -0.587823
    outer loop
      vertex -10.1526 0 -16.1485
      vertex -8.53523 -2.17195 -15.8448
      vertex -8.72237 -2.28889 -16.1485
    endloop
  endfacet
  facet normal 0.30445 -0.070283 -0.949932
    outer loop
      vertex -8.93685 -2.94262 -16.3692
      vertex -9.26791 -2.80886 -16.4852
      vertex -8.89851 -2.77654 -16.3692
    endloop
  endfacet
  facet normal 0.311315 0.0272279 0.949917
    outer loop
      vertex -8.91336 -2.60675 -3.63079
      vertex -9.2547 -2.75164 -3.51477
      vertex -8.89851 -2.77654 -3.63079
    endloop
  endfacet
  facet normal 0.590295 0.0516278 0.805535
    outer loop
      vertex -8.59551 -2.79773 -3.85147
      vertex -8.91336 -2.60675 -3.63079
      vertex -8.89851 -2.77654 -3.63079
    endloop
  endfacet
  facet normal -0.685985 -0.428641 -0.587955
    outer loop
      vertex -10.84 -3.61213 -16.1485
      vertex -12.7325 -1 -15.8448
      vertex -12.4722 -1 -16.1485
    endloop
  endfacet
  facet normal -0.686089 -0.428738 -0.587764
    outer loop
      vertex -12.7325 -1 -15.8448
      vertex -10.84 -3.61213 -16.1485
      vertex -11.0271 -3.72907 -15.8448
    endloop
  endfacet
  facet normal 0.0829965 -0.94854 0.305588
    outer loop
      vertex -9.86174 -4.19992 -4.15521
      vertex -10.195 -4.22908 -4.15521
      vertex -9.83367 -4.3125 -4.51228
    endloop
  endfacet
  facet normal 0.372019 -0.87648 0.305589
    outer loop
      vertex -9.55381 -4.06922 -4.15521
      vertex -9.86174 -4.19992 -4.15521
      vertex -9.83367 -4.3125 -4.51228
    endloop
  endfacet
  facet normal -0.160958 -0.267866 0.949916
    outer loop
      vertex -10.2411 -3.30628 -3.51477
      vertex -10.4706 -3.57981 -3.63079
      vertex -10.3245 -3.6676 -3.63079
    endloop
  endfacet
  facet normal -0.235881 -0.205002 0.949913
    outer loop
      vertex -10.2411 -3.30628 -3.51477
      vertex -10.5824 -3.45117 -3.63079
      vertex -10.4706 -3.57981 -3.63079
    endloop
  endfacet
  facet normal -0.490357 -0.816191 0.305586
    outer loop
      vertex -10.8077 -3.98154 -4.15521
      vertex -10.8823 -4.07041 -4.51228
      vertex -10.5644 -4.2614 -4.51228
    endloop
  endfacet
  facet normal -0.182752 -0.79166 0.582989
    outer loop
      vertex -10.4383 -3.94922 -3.85147
      vertex -10.5209 -4.15383 -4.15521
      vertex -10.1796 -4.00894 -3.85147
    endloop
  endfacet
  facet normal 0.816166 -0.490418 -0.305554
    outer loop
      vertex -8.34304 -3.18254 -15.4877
      vertex -8.53403 -3.50039 -15.4877
      vertex -8.45061 -3.13907 -15.8448
    endloop
  endfacet
  facet normal 0.948558 0.0829902 -0.305531
    outer loop
      vertex -8.25963 -2.82122 -15.4877
      vertex -8.37536 -2.81313 -15.8448
      vertex -8.29195 -2.45181 -15.4877
    endloop
  endfacet
  facet normal 0.59033 0.051631 -0.805509
    outer loop
      vertex -8.59551 -2.79773 -16.1485
      vertex -8.91336 -2.60675 -16.3692
      vertex -8.61864 -2.53327 -16.1485
    endloop
  endfacet
  facet normal 0.791595 -0.182721 -0.583087
    outer loop
      vertex -8.37536 -2.81313 -15.8448
      vertex -8.65522 -3.05641 -16.1485
      vertex -8.59551 -2.79773 -16.1485
    endloop
  endfacet
  facet normal 0.388761 -0.447239 -0.805507
    outer loop
      vertex -8.99232 -3.45814 -16.1485
      vertex -9.15327 -3.20055 -16.3692
      vertex -9.02463 -3.08873 -16.3692
    endloop
  endfacet
  facet normal 0.3115 -0.498499 -0.808991
    outer loop
      vertex -8.99232 -3.45814 -16.1485
      vertex -9.83171 -3.62449 -16.3692
      vertex -9.15327 -3.20055 -16.3692
    endloop
  endfacet
  facet normal 0.57736 -0.13327 0.80554
    outer loop
      vertex -8.59551 -2.79773 -3.85147
      vertex -8.93685 -2.94262 -3.63079
      vertex -8.65522 -3.05641 -3.85147
    endloop
  endfacet
  facet normal 0.545477 0.231534 -0.80551
    outer loop
      vertex -8.61864 -2.53327 -16.1485
      vertex -8.91336 -2.60675 -16.3692
      vertex -8.72237 -2.28889 -16.1485
    endloop
  endfacet
  facet normal 0.747846 0.317446 -0.583056
    outer loop
      vertex -8.40452 -2.47988 -15.8448
      vertex -8.72237 -2.28889 -16.1485
      vertex -8.53523 -2.17195 -15.8448
    endloop
  endfacet
  facet normal -0.447256 -0.388706 -0.805524
    outer loop
      vertex -10.4706 -3.57981 -16.3692
      vertex -10.84 -3.61213 -16.1485
      vertex -10.5824 -3.45117 -16.3692
    endloop
  endfacet
  facet normal -0.447221 -0.38883 -0.805484
    outer loop
      vertex -10.6658 -3.81249 -16.1485
      vertex -10.84 -3.61213 -16.1485
      vertex -10.4706 -3.57981 -16.3692
    endloop
  endfacet
  facet normal 0.317437 -0.747883 0.583014
    outer loop
      vertex -9.55381 -4.06922 -4.15521
      vertex -9.91513 -3.9858 -3.85147
      vertex -9.86174 -4.19992 -4.15521
    endloop
  endfacet
  facet normal 0.0708194 -0.809372 0.583011
    outer loop
      vertex -9.91513 -3.9858 -3.85147
      vertex -10.195 -4.22908 -4.15521
      vertex -9.86174 -4.19992 -4.15521
    endloop
  endfacet
  facet normal -0.490318 -0.816201 0.30562
    outer loop
      vertex -10.5209 -4.15383 -4.15521
      vertex -10.8077 -3.98154 -4.15521
      vertex -10.5644 -4.2614 -4.51228
    endloop
  endfacet
  facet normal -0.214217 -0.927753 0.30559
    outer loop
      vertex -10.5209 -4.15383 -4.15521
      vertex -10.5644 -4.2614 -4.51228
      vertex -10.195 -4.22908 -4.15521
    endloop
  endfacet
  facet normal -0.305241 -0.507879 0.805535
    outer loop
      vertex -10.3245 -3.6676 -3.63079
      vertex -10.6658 -3.81249 -3.85147
      vertex -10.4383 -3.94922 -3.85147
    endloop
  endfacet
  facet normal -0.305209 -0.507928 0.805517
    outer loop
      vertex -10.4706 -3.57981 -3.63079
      vertex -10.6658 -3.81249 -3.85147
      vertex -10.3245 -3.6676 -3.63079
    endloop
  endfacet
  facet normal 0.696379 -0.418435 -0.583068
    outer loop
      vertex -8.62291 -3.42582 -15.8448
      vertex -8.79196 -3.28397 -16.1485
      vertex -8.45061 -3.13907 -15.8448
    endloop
  endfacet
  facet normal 0.696377 -0.418451 -0.583059
    outer loop
      vertex -8.45061 -3.13907 -15.8448
      vertex -8.79196 -3.28397 -16.1485
      vertex -8.65522 -3.05641 -16.1485
    endloop
  endfacet
  facet normal 0.974374 -0.224932 0
    outer loop
      vertex -8.34304 -3.18254 -4.51228
      vertex -8.25963 -2.82122 -15.4877
      vertex -8.25963 -2.82122 -4.51228
    endloop
  endfacet
  facet normal 0.974374 -0.224932 0
    outer loop
      vertex -8.25963 -2.82122 -15.4877
      vertex -8.34304 -3.18254 -4.51228
      vertex -8.34304 -3.18254 -15.4877
    endloop
  endfacet
  facet normal 0.656061 -0.754708 0
    outer loop
      vertex -8.81389 -3.74367 -15.4877
      vertex -8.53403 -3.50039 -4.51228
      vertex -8.81389 -3.74367 -4.51228
    endloop
  endfacet
  facet normal 0.656061 -0.754708 0
    outer loop
      vertex -8.53403 -3.50039 -4.51228
      vertex -8.81389 -3.74367 -15.4877
      vertex -8.53403 -3.50039 -15.4877
    endloop
  endfacet
  facet normal 0.532997 -0.613144 -0.583068
    outer loop
      vertex -8.62291 -3.42582 -15.8448
      vertex -8.99232 -3.45814 -16.1485
      vertex -8.79196 -3.28397 -16.1485
    endloop
  endfacet
  facet normal 0.311481 -0.498474 0.809013
    outer loop
      vertex -8.99232 -3.45814 -3.85147
      vertex -9.83171 -3.62449 -3.63079
      vertex -9.67075 -3.88207 -3.85147
    endloop
  endfacet
  facet normal 0.267875 -0.160934 0.949917
    outer loop
      vertex -8.93685 -2.94262 -3.63079
      vertex -9.29816 -2.85921 -3.51477
      vertex -9.02463 -3.08873 -3.63079
    endloop
  endfacet
  facet normal 0.577363 -0.133286 0.805535
    outer loop
      vertex -8.89851 -2.77654 -3.63079
      vertex -8.93685 -2.94262 -3.63079
      vertex -8.59551 -2.79773 -3.85147
    endloop
  endfacet
  facet normal 0.205013 -0.235851 0.949918
    outer loop
      vertex -9.02463 -3.08873 -3.63079
      vertex -9.29816 -2.85921 -3.51477
      vertex -9.15327 -3.20055 -3.63079
    endloop
  endfacet
  facet normal 0.809335 0.0708184 -0.583062
    outer loop
      vertex -8.37536 -2.81313 -15.8448
      vertex -8.61864 -2.53327 -16.1485
      vertex -8.40452 -2.47988 -15.8448
    endloop
  endfacet
  facet normal 0.809323 0.0707844 -0.583083
    outer loop
      vertex -8.59551 -2.79773 -16.1485
      vertex -8.61864 -2.53327 -16.1485
      vertex -8.37536 -2.81313 -15.8448
    endloop
  endfacet
  facet normal 0.624687 -0.718616 -0.305543
    outer loop
      vertex -8.53403 -3.50039 -15.4877
      vertex -8.81389 -3.74367 -15.4877
      vertex -8.62291 -3.42582 -15.8448
    endloop
  endfacet
  facet normal 0.624684 -0.718618 -0.305546
    outer loop
      vertex -8.81389 -3.74367 -15.4877
      vertex -8.87537 -3.64528 -15.8448
      vertex -8.62291 -3.42582 -15.8448
    endloop
  endfacet
  facet normal 0.533021 -0.613171 0.583017
    outer loop
      vertex -8.62291 -3.42582 -4.15521
      vertex -8.99232 -3.45814 -3.85147
      vertex -8.87537 -3.64528 -4.15521
    endloop
  endfacet
  facet normal 0.507943 -0.305162 0.805524
    outer loop
      vertex -8.93685 -2.94262 -3.63079
      vertex -9.02463 -3.08873 -3.63079
      vertex -8.79196 -3.28397 -3.85147
    endloop
  endfacet
  facet normal 0.388752 -0.447209 0.805528
    outer loop
      vertex -8.79196 -3.28397 -3.85147
      vertex -9.02463 -3.08873 -3.63079
      vertex -8.99232 -3.45814 -3.85147
    endloop
  endfacet
  facet normal 0.533021 -0.613172 0.583017
    outer loop
      vertex -8.79196 -3.28397 -3.85147
      vertex -8.99232 -3.45814 -3.85147
      vertex -8.62291 -3.42582 -4.15521
    endloop
  endfacet
  facet normal 0.69641 -0.418453 0.583018
    outer loop
      vertex -8.45061 -3.13907 -4.15521
      vertex -8.79196 -3.28397 -3.85147
      vertex -8.62291 -3.42582 -4.15521
    endloop
  endfacet
  facet normal -0.160933 -0.267824 -0.949932
    outer loop
      vertex -10.3245 -3.6676 -16.3692
      vertex -10.4706 -3.57981 -16.3692
      vertex -10.2411 -3.30628 -16.4852
    endloop
  endfacet
  facet normal 0.507897 -0.305193 0.805542
    outer loop
      vertex -8.65522 -3.05641 -3.85147
      vertex -8.93685 -2.94262 -3.63079
      vertex -8.79196 -3.28397 -3.85147
    endloop
  endfacet
  facet normal 0.696409 -0.418469 0.583008
    outer loop
      vertex -8.65522 -3.05641 -3.85147
      vertex -8.79196 -3.28397 -3.85147
      vertex -8.45061 -3.13907 -4.15521
    endloop
  endfacet
  facet normal 0.304497 -0.0702939 0.949916
    outer loop
      vertex -8.89851 -2.77654 -3.63079
      vertex -9.26791 -2.80886 -3.51477
      vertex -8.93685 -2.94262 -3.63079
    endloop
  endfacet
  facet normal 0.311267 0.0272237 -0.949933
    outer loop
      vertex -8.89851 -2.77654 -16.3692
      vertex -9.2547 -2.75164 -16.4852
      vertex -8.91336 -2.60675 -16.3692
    endloop
  endfacet
  facet normal 0 0 -1
    outer loop
      vertex -9.26791 -2.80886 -16.4852
      vertex -9.25982 -2.69313 -16.4852
      vertex -9.2547 -2.75164 -16.4852
    endloop
  endfacet
  facet normal 0 0 -1
    outer loop
      vertex -9.26791 -2.80886 -16.4852
      vertex -9.28277 -2.63906 -16.4852
      vertex -9.25982 -2.69313 -16.4852
    endloop
  endfacet
  facet normal 0 0 -1
    outer loop
      vertex -9.29816 -2.85921 -16.4852
      vertex -9.28277 -2.63906 -16.4852
      vertex -9.26791 -2.80886 -16.4852
    endloop
  endfacet
  facet normal 0 0 -1
    outer loop
      vertex -9.34249 -2.89774 -16.4852
      vertex -9.28277 -2.63906 -16.4852
      vertex -9.29816 -2.85921 -16.4852
    endloop
  endfacet
  facet normal 0 0 -1
    outer loop
      vertex -10.0209 -3.32167 -16.4852
      vertex -9.28277 -2.63906 -16.4852
      vertex -9.34249 -2.89774 -16.4852
    endloop
  endfacet
  facet normal 0 0 -1
    outer loop
      vertex -10.2796 -3.26195 -16.4852
      vertex -10.0209 -3.32167 -16.4852
      vertex -10.075 -3.34462 -16.4852
    endloop
  endfacet
  facet normal 0 0 -1
    outer loop
      vertex -10.2796 -3.26195 -16.4852
      vertex -10.075 -3.34462 -16.4852
      vertex -10.1335 -3.34974 -16.4852
    endloop
  endfacet
  facet normal 0 0 -1
    outer loop
      vertex -10.2796 -3.26195 -16.4852
      vertex -10.1335 -3.34974 -16.4852
      vertex -10.1907 -3.33653 -16.4852
    endloop
  endfacet
  facet normal 0 0 -1
    outer loop
      vertex -10.2796 -3.26195 -16.4852
      vertex -10.1907 -3.33653 -16.4852
      vertex -10.2411 -3.30628 -16.4852
    endloop
  endfacet
  facet normal 0 0 -1
    outer loop
      vertex -10.0209 -3.32167 -16.4852
      vertex -10.2796 -3.26195 -16.4852
      vertex -9.28277 -2.63906 -16.4852
    endloop
  endfacet
  facet normal 0 0 -1
    outer loop
      vertex -11.7767 -0.866061 -16.4852
      vertex -9.28277 -2.63906 -16.4852
      vertex -10.2796 -3.26195 -16.4852
    endloop
  endfacet
  facet normal 0 0 -1
    outer loop
      vertex -9.28277 -2.63906 -16.4852
      vertex -11.7767 -0.866061 -16.4852
      vertex -10.9318 0 -16.4852
    endloop
  endfacet
  facet normal -0 0 -1
    outer loop
      vertex -10.9318 0 -16.4852
      vertex -11.7767 -0.866061 -16.4852
      vertex -11.7767 0 -16.4852
    endloop
  endfacet
  facet normal -0.160773 -0.267866 -0.949947
    outer loop
      vertex -10.1907 -3.33653 -16.4852
      vertex -10.3245 -3.6676 -16.3692
      vertex -10.2411 -3.30628 -16.4852
    endloop
  endfacet
  facet normal -0.0703086 -0.30444 -0.949933
    outer loop
      vertex -10.1584 -3.70594 -16.3692
      vertex -10.1907 -3.33653 -16.4852
      vertex -10.1335 -3.34974 -16.4852
    endloop
  endfacet
  facet normal -0.235844 -0.20497 -0.949929
    outer loop
      vertex -10.4706 -3.57981 -16.3692
      vertex -10.5824 -3.45117 -16.3692
      vertex -10.2411 -3.30628 -16.4852
    endloop
  endfacet
  facet normal 0.262026 0.163733 -0.95107
    outer loop
      vertex -9.28277 -2.63906 -16.4852
      vertex -10.5108 0 -16.3692
      vertex -8.97996 -2.44985 -16.3692
    endloop
  endfacet
  facet normal 0.26205 0.163743 -0.951061
    outer loop
      vertex -10.5108 0 -16.3692
      vertex -9.28277 -2.63906 -16.4852
      vertex -10.9318 0 -16.4852
    endloop
  endfacet
  facet normal 0.287615 0.122078 -0.949934
    outer loop
      vertex -9.25982 -2.69313 -16.4852
      vertex -9.28277 -2.63906 -16.4852
      vertex -8.91336 -2.60675 -16.3692
    endloop
  endfacet
  facet normal -0.261981 -0.163708 -0.951087
    outer loop
      vertex -10.5824 -3.45117 -16.3692
      vertex -12.1141 -1 -16.3692
      vertex -11.7674 -1 -16.4647
    endloop
  endfacet
  facet normal -0.26203 -0.163731 -0.951069
    outer loop
      vertex -11.7674 -1 -16.4647
      vertex -10.2796 -3.26195 -16.4852
      vertex -10.5824 -3.45117 -16.3692
    endloop
  endfacet
  facet normal -0.262074 -0.16376 -0.951052
    outer loop
      vertex -10.2796 -3.26195 -16.4852
      vertex -11.7674 -1 -16.4647
      vertex -11.7767 -0.866061 -16.4852
    endloop
  endfacet
  facet normal 0.311261 0.0272374 -0.949934
    outer loop
      vertex -9.2547 -2.75164 -16.4852
      vertex -9.25982 -2.69313 -16.4852
      vertex -8.91336 -2.60675 -16.3692
    endloop
  endfacet
  facet normal 0.163731 -0.262022 -0.951071
    outer loop
      vertex -9.15327 -3.20055 -16.3692
      vertex -9.83171 -3.62449 -16.3692
      vertex -9.34249 -2.89774 -16.4852
    endloop
  endfacet
  facet normal 0.30445 -0.0702863 -0.949932
    outer loop
      vertex -8.89851 -2.77654 -16.3692
      vertex -9.26791 -2.80886 -16.4852
      vertex -9.2547 -2.75164 -16.4852
    endloop
  endfacet
  facet normal 0.163737 -0.262026 -0.951069
    outer loop
      vertex -9.83171 -3.62449 -16.3692
      vertex -10.0209 -3.32167 -16.4852
      vertex -9.34249 -2.89774 -16.4852
    endloop
  endfacet
  facet normal 0.267832 -0.160912 -0.949933
    outer loop
      vertex -8.93685 -2.94262 -16.3692
      vertex -9.29816 -2.85921 -16.4852
      vertex -9.26791 -2.80886 -16.4852
    endloop
  endfacet
  facet normal 0.267833 -0.160909 -0.949933
    outer loop
      vertex -9.02463 -3.08873 -16.3692
      vertex -9.29816 -2.85921 -16.4852
      vertex -8.93685 -2.94262 -16.3692
    endloop
  endfacet
  facet normal 0.204981 -0.235814 -0.949934
    outer loop
      vertex -9.15327 -3.20055 -16.3692
      vertex -9.29816 -2.85921 -16.4852
      vertex -9.02463 -3.08873 -16.3692
    endloop
  endfacet
  facet normal -0.205013 -0.235851 0.949918
    outer loop
      vertex 9.29816 -2.85921 -3.51477
      vertex 9.02463 -3.08873 -3.63079
      vertex 9.15327 -3.20055 -3.63079
    endloop
  endfacet
  facet normal -0.816166 -0.490418 -0.305554
    outer loop
      vertex 8.53403 -3.50039 -15.4877
      vertex 8.34304 -3.18254 -15.4877
      vertex 8.45061 -3.13907 -15.8448
    endloop
  endfacet
  facet normal 0.754815 -0.655938 0
    outer loop
      vertex 10.8823 -4.07041 -4.51228
      vertex 11.1255 -3.79055 -15.4877
      vertex 11.1255 -3.79055 -4.51228
    endloop
  endfacet
  facet normal 0.754815 -0.655938 0
    outer loop
      vertex 11.1255 -3.79055 -15.4877
      vertex 10.8823 -4.07041 -4.51228
      vertex 10.8823 -4.07041 -15.4877
    endloop
  endfacet
  facet normal 0.160798 -0.267908 0.949931
    outer loop
      vertex 10.2411 -3.30628 -3.51477
      vertex 10.1907 -3.33653 -3.51477
      vertex 10.3245 -3.6676 -3.63079
    endloop
  endfacet
  facet normal -0.624682 -0.718611 0.305566
    outer loop
      vertex 8.62291 -3.42582 -4.15521
      vertex 8.53403 -3.50039 -4.51228
      vertex 8.81389 -3.74367 -4.51228
    endloop
  endfacet
  facet normal -0.79163 -0.182729 0.583036
    outer loop
      vertex 8.59551 -2.79773 -3.85147
      vertex 8.37536 -2.81313 -4.15521
      vertex 8.65522 -3.05641 -3.85147
    endloop
  endfacet
  facet normal -0.50399 -0.806546 -0.308993
    outer loop
      vertex 9.55381 -4.06922 -15.8448
      vertex 8.81389 -3.74367 -15.4877
      vertex 8.87537 -3.64528 -15.8448
    endloop
  endfacet
  facet normal -0.204998 -0.235857 0.94992
    outer loop
      vertex 9.29816 -2.85921 -3.51477
      vertex 9.15327 -3.20055 -3.63079
      vertex 9.34249 -2.89774 -3.51477
    endloop
  endfacet
  facet normal 0.498559 -0.311527 -0.808944
    outer loop
      vertex 10.84 -3.61213 -16.1485
      vertex 12.1141 -1 -16.3692
      vertex 12.4722 -1 -16.1485
    endloop
  endfacet
  facet normal 0.498482 -0.311494 -0.809004
    outer loop
      vertex 12.1141 -1 -16.3692
      vertex 10.84 -3.61213 -16.1485
      vertex 10.5824 -3.45117 -16.3692
    endloop
  endfacet
  facet normal -0.3115 -0.498504 -0.808988
    outer loop
      vertex 9.67075 -3.88207 -16.1485
      vertex 8.99232 -3.45814 -16.1485
      vertex 9.83171 -3.62449 -16.3692
    endloop
  endfacet
  facet normal -0.267833 -0.160909 -0.949933
    outer loop
      vertex 9.02463 -3.08873 -16.3692
      vertex 8.93685 -2.94262 -16.3692
      vertex 9.29816 -2.85921 -16.4852
    endloop
  endfacet
  facet normal -0.317437 -0.747883 0.583014
    outer loop
      vertex 9.91513 -3.9858 -3.85147
      vertex 9.55381 -4.06922 -4.15521
      vertex 9.86174 -4.19992 -4.15521
    endloop
  endfacet
  facet normal 0.262034 -0.163741 0.951066
    outer loop
      vertex 11.693 -1 -3.51477
      vertex 10.5824 -3.45117 -3.63079
      vertex 12.1141 -1 -3.63079
    endloop
  endfacet
  facet normal 0.262071 -0.163757 0.951053
    outer loop
      vertex 10.5824 -3.45117 -3.63079
      vertex 11.693 -1 -3.51477
      vertex 10.2796 -3.26195 -3.51477
    endloop
  endfacet
  facet normal 0.235928 -0.2049 0.949923
    outer loop
      vertex 10.2796 -3.26195 -3.51477
      vertex 10.2411 -3.30628 -3.51477
      vertex 10.5824 -3.45117 -3.63079
    endloop
  endfacet
  facet normal -0.388752 -0.447209 0.805528
    outer loop
      vertex 9.02463 -3.08873 -3.63079
      vertex 8.79196 -3.28397 -3.85147
      vertex 8.99232 -3.45814 -3.85147
    endloop
  endfacet
  facet normal -0.92777 -0.214195 0.305553
    outer loop
      vertex 8.37536 -2.81313 -4.15521
      vertex 8.25963 -2.82122 -4.51228
      vertex 8.45061 -3.13907 -4.15521
    endloop
  endfacet
  facet normal 0.806535 -0.504005 0.308998
    outer loop
      vertex 11.0271 -3.72907 -4.15521
      vertex 12.8693 -1 -4.51228
      vertex 12.7325 -1 -4.15521
    endloop
  endfacet
  facet normal 0.806527 -0.503994 0.309037
    outer loop
      vertex 12.8693 -1 -4.51228
      vertex 11.0271 -3.72907 -4.15521
      vertex 11.1255 -3.79055 -4.51228
    endloop
  endfacet
  facet normal 0.718706 -0.624559 0.305594
    outer loop
      vertex 11.0271 -3.72907 -4.15521
      vertex 10.8823 -4.07041 -4.51228
      vertex 11.1255 -3.79055 -4.51228
    endloop
  endfacet
  facet normal 0.514991 -0.857195 0
    outer loop
      vertex 10.5644 -4.2614 -15.4877
      vertex 10.8823 -4.07041 -4.51228
      vertex 10.5644 -4.2614 -4.51228
    endloop
  endfacet
  facet normal 0.514991 -0.857195 0
    outer loop
      vertex 10.8823 -4.07041 -4.51228
      vertex 10.5644 -4.2614 -15.4877
      vertex 10.8823 -4.07041 -15.4877
    endloop
  endfacet
  facet normal 0.718711 -0.624564 -0.305571
    outer loop
      vertex 11.1255 -3.79055 -15.4877
      vertex 10.8823 -4.07041 -15.4877
      vertex 11.0271 -3.72907 -15.8448
    endloop
  endfacet
  facet normal -0.267875 -0.160934 0.949917
    outer loop
      vertex 9.29816 -2.85921 -3.51477
      vertex 8.93685 -2.94262 -3.63079
      vertex 9.02463 -3.08873 -3.63079
    endloop
  endfacet
  facet normal -0.388739 -0.447213 0.805533
    outer loop
      vertex 9.02463 -3.08873 -3.63079
      vertex 8.99232 -3.45814 -3.85147
      vertex 9.15327 -3.20055 -3.63079
    endloop
  endfacet
  facet normal -0.533021 -0.613172 0.583017
    outer loop
      vertex 8.79196 -3.28397 -3.85147
      vertex 8.62291 -3.42582 -4.15521
      vertex 8.99232 -3.45814 -3.85147
    endloop
  endfacet
  facet normal 0.447221 -0.38883 -0.805484
    outer loop
      vertex 10.6658 -3.81249 -16.1485
      vertex 10.4706 -3.57981 -16.3692
      vertex 10.84 -3.61213 -16.1485
    endloop
  endfacet
  facet normal -0.948555 0.0830003 -0.305541
    outer loop
      vertex 8.37536 -2.81313 -15.8448
      vertex 8.29195 -2.45181 -15.4877
      vertex 8.40452 -2.47988 -15.8448
    endloop
  endfacet
  facet normal 0.718707 -0.624567 -0.305575
    outer loop
      vertex 10.8823 -4.07041 -15.4877
      vertex 10.8077 -3.98154 -15.8448
      vertex 11.0271 -3.72907 -15.8448
    endloop
  endfacet
  facet normal 0.133291 -0.577399 -0.805508
    outer loop
      vertex 10.4383 -3.94922 -16.1485
      vertex 10.1796 -4.00894 -16.1485
      vertex 10.3245 -3.6676 -16.3692
    endloop
  endfacet
  facet normal 0.214209 -0.927758 0.305581
    outer loop
      vertex 10.5644 -4.2614 -4.51228
      vertex 10.195 -4.22908 -4.15521
      vertex 10.2031 -4.34482 -4.51228
    endloop
  endfacet
  facet normal -0.624684 -0.718618 -0.305546
    outer loop
      vertex 8.81389 -3.74367 -15.4877
      vertex 8.62291 -3.42582 -15.8448
      vertex 8.87537 -3.64528 -15.8448
    endloop
  endfacet
  facet normal 0.490357 -0.816191 0.305586
    outer loop
      vertex 10.8077 -3.98154 -4.15521
      vertex 10.5644 -4.2614 -4.51228
      vertex 10.8823 -4.07041 -4.51228
    endloop
  endfacet
  facet normal 0.498529 -0.311508 0.808969
    outer loop
      vertex 12.1141 -1 -3.63079
      vertex 10.84 -3.61213 -3.85147
      vertex 12.4722 -1 -3.85147
    endloop
  endfacet
  facet normal 0.498453 -0.311476 0.809029
    outer loop
      vertex 10.84 -3.61213 -3.85147
      vertex 12.1141 -1 -3.63079
      vertex 10.5824 -3.45117 -3.63079
    endloop
  endfacet
  facet normal -0.311481 -0.49847 0.809016
    outer loop
      vertex 9.15327 -3.20055 -3.63079
      vertex 8.99232 -3.45814 -3.85147
      vertex 9.83171 -3.62449 -3.63079
    endloop
  endfacet
  facet normal -0.696409 -0.418469 0.583008
    outer loop
      vertex 8.65522 -3.05641 -3.85147
      vertex 8.45061 -3.13907 -4.15521
      vertex 8.79196 -3.28397 -3.85147
    endloop
  endfacet
  facet normal 0.235891 -0.204868 -0.949939
    outer loop
      vertex 10.5824 -3.45117 -16.3692
      vertex 10.2411 -3.30628 -16.4852
      vertex 10.2796 -3.26195 -16.4852
    endloop
  endfacet
  facet normal -0.791603 -0.182758 -0.583064
    outer loop
      vertex 8.45061 -3.13907 -15.8448
      vertex 8.37536 -2.81313 -15.8448
      vertex 8.65522 -3.05641 -16.1485
    endloop
  endfacet
  facet normal -0.791638 -0.182766 0.583014
    outer loop
      vertex 8.65522 -3.05641 -3.85147
      vertex 8.37536 -2.81313 -4.15521
      vertex 8.45061 -3.13907 -4.15521
    endloop
  endfacet
  facet normal -0.428698 -0.686055 -0.587832
    outer loop
      vertex 8.99232 -3.45814 -16.1485
      vertex 9.55381 -4.06922 -15.8448
      vertex 8.87537 -3.64528 -15.8448
    endloop
  endfacet
  facet normal -0.428693 -0.686053 -0.587838
    outer loop
      vertex 9.55381 -4.06922 -15.8448
      vertex 8.99232 -3.45814 -16.1485
      vertex 9.67075 -3.88207 -16.1485
    endloop
  endfacet
  facet normal -0.051665 -0.590323 -0.805512
    outer loop
      vertex 10.1584 -3.70594 -16.3692
      vertex 9.91513 -3.9858 -16.1485
      vertex 9.98861 -3.69108 -16.3692
    endloop
  endfacet
  facet normal -0.231524 -0.545454 0.805529
    outer loop
      vertex 9.83171 -3.62449 -3.63079
      vertex 9.67075 -3.88207 -3.85147
      vertex 9.91513 -3.9858 -3.85147
    endloop
  endfacet
  facet normal -0.656061 -0.754708 0
    outer loop
      vertex 8.53403 -3.50039 -15.4877
      vertex 8.81389 -3.74367 -4.51228
      vertex 8.53403 -3.50039 -4.51228
    endloop
  endfacet
  facet normal -0.656061 -0.754708 -0
    outer loop
      vertex 8.81389 -3.74367 -4.51228
      vertex 8.53403 -3.50039 -15.4877
      vertex 8.81389 -3.74367 -15.4877
    endloop
  endfacet
  facet normal 0.182752 -0.79166 0.582989
    outer loop
      vertex 10.4383 -3.94922 -3.85147
      vertex 10.1796 -4.00894 -3.85147
      vertex 10.5209 -4.15383 -4.15521
    endloop
  endfacet
  facet normal 0.305259 -0.507909 -0.805509
    outer loop
      vertex 10.4383 -3.94922 -16.1485
      vertex 10.3245 -3.6676 -16.3692
      vertex 10.6658 -3.81249 -16.1485
    endloop
  endfacet
  facet normal 0.718702 -0.624562 0.305598
    outer loop
      vertex 11.0271 -3.72907 -4.15521
      vertex 10.8077 -3.98154 -4.15521
      vertex 10.8823 -4.07041 -4.51228
    endloop
  endfacet
  facet normal 0.686017 -0.42866 0.587904
    outer loop
      vertex 10.84 -3.61213 -3.85147
      vertex 12.7325 -1 -4.15521
      vertex 12.4722 -1 -3.85147
    endloop
  endfacet
  facet normal 0.68612 -0.428757 0.587713
    outer loop
      vertex 12.7325 -1 -4.15521
      vertex 10.84 -3.61213 -3.85147
      vertex 11.0271 -3.72907 -4.15521
    endloop
  endfacet
  facet normal -0.696377 -0.418451 -0.583059
    outer loop
      vertex 8.79196 -3.28397 -16.1485
      vertex 8.45061 -3.13907 -15.8448
      vertex 8.65522 -3.05641 -16.1485
    endloop
  endfacet
  facet normal -0.163762 -0.262067 0.951054
    outer loop
      vertex 10.0209 -3.32167 -3.51477
      vertex 9.34249 -2.89774 -3.51477
      vertex 9.83171 -3.62449 -3.63079
    endloop
  endfacet
  facet normal -0.590295 0.0516278 0.805535
    outer loop
      vertex 8.91336 -2.60675 -3.63079
      vertex 8.59551 -2.79773 -3.85147
      vertex 8.89851 -2.77654 -3.63079
    endloop
  endfacet
  facet normal -0.507897 -0.305193 0.805542
    outer loop
      vertex 8.93685 -2.94262 -3.63079
      vertex 8.65522 -3.05641 -3.85147
      vertex 8.79196 -3.28397 -3.85147
    endloop
  endfacet
  facet normal -0.927769 -0.214174 0.305571
    outer loop
      vertex 8.45061 -3.13907 -4.15521
      vertex 8.25963 -2.82122 -4.51228
      vertex 8.34304 -3.18254 -4.51228
    endloop
  endfacet
  facet normal -0.0516515 -0.590331 -0.805507
    outer loop
      vertex 10.1796 -4.00894 -16.1485
      vertex 9.91513 -3.9858 -16.1485
      vertex 10.1584 -3.70594 -16.3692
    endloop
  endfacet
  facet normal -0.577397 -0.133294 -0.805509
    outer loop
      vertex 8.93685 -2.94262 -16.3692
      vertex 8.59551 -2.79773 -16.1485
      vertex 8.89851 -2.77654 -16.3692
    endloop
  endfacet
  facet normal -0.59033 0.051631 -0.805509
    outer loop
      vertex 8.91336 -2.60675 -16.3692
      vertex 8.59551 -2.79773 -16.1485
      vertex 8.61864 -2.53327 -16.1485
    endloop
  endfacet
  facet normal -0.498466 0.311477 -0.80902
    outer loop
      vertex 8.97996 -2.44985 -16.3692
      vertex 10.1526 0 -16.1485
      vertex 10.5108 0 -16.3692
    endloop
  endfacet
  facet normal -0.498498 0.31149 -0.808996
    outer loop
      vertex 10.1526 0 -16.1485
      vertex 8.97996 -2.44985 -16.3692
      vertex 8.72237 -2.28889 -16.1485
    endloop
  endfacet
  facet normal -0.696379 -0.418435 -0.583068
    outer loop
      vertex 8.62291 -3.42582 -15.8448
      vertex 8.45061 -3.13907 -15.8448
      vertex 8.79196 -3.28397 -16.1485
    endloop
  endfacet
  facet normal -0.816171 -0.490414 -0.305549
    outer loop
      vertex 8.53403 -3.50039 -15.4877
      vertex 8.45061 -3.13907 -15.8448
      vertex 8.62291 -3.42582 -15.8448
    endloop
  endfacet
  facet normal -0.974374 -0.224932 0
    outer loop
      vertex 8.34304 -3.18254 -15.4877
      vertex 8.25963 -2.82122 -4.51228
      vertex 8.25963 -2.82122 -15.4877
    endloop
  endfacet
  facet normal -0.974374 -0.224932 0
    outer loop
      vertex 8.25963 -2.82122 -4.51228
      vertex 8.34304 -3.18254 -15.4877
      vertex 8.34304 -3.18254 -4.51228
    endloop
  endfacet
  facet normal -0.816159 -0.490415 0.305578
    outer loop
      vertex 8.45061 -3.13907 -4.15521
      vertex 8.34304 -3.18254 -4.51228
      vertex 8.53403 -3.50039 -4.51228
    endloop
  endfacet
  facet normal -0.545472 0.231539 -0.805512
    outer loop
      vertex 8.91336 -2.60675 -16.3692
      vertex 8.72237 -2.28889 -16.1485
      vertex 8.97996 -2.44985 -16.3692
    endloop
  endfacet
  facet normal -0.503986 -0.80654 0.309017
    outer loop
      vertex 8.87537 -3.64528 -4.15521
      vertex 8.81389 -3.74367 -4.51228
      vertex 9.55381 -4.06922 -4.15521
    endloop
  endfacet
  facet normal 0.613137 -0.533082 -0.582998
    outer loop
      vertex 11.0271 -3.72907 -15.8448
      vertex 10.6658 -3.81249 -16.1485
      vertex 10.84 -3.61213 -16.1485
    endloop
  endfacet
  facet normal 0.447256 -0.388706 -0.805524
    outer loop
      vertex 10.84 -3.61213 -16.1485
      vertex 10.4706 -3.57981 -16.3692
      vertex 10.5824 -3.45117 -16.3692
    endloop
  endfacet
  facet normal -0.50399 -0.806546 -0.308993
    outer loop
      vertex 9.49233 -4.16761 -15.4877
      vertex 8.81389 -3.74367 -15.4877
      vertex 9.55381 -4.06922 -15.8448
    endloop
  endfacet
  facet normal -0.372019 -0.87648 0.305589
    outer loop
      vertex 9.86174 -4.19992 -4.15521
      vertex 9.55381 -4.06922 -4.15521
      vertex 9.83367 -4.3125 -4.51228
    endloop
  endfacet
  facet normal -0.372045 -0.876484 -0.305546
    outer loop
      vertex 9.83367 -4.3125 -15.4877
      vertex 9.49233 -4.16761 -15.4877
      vertex 9.55381 -4.06922 -15.8448
    endloop
  endfacet
  facet normal -0.163757 -0.262063 0.951055
    outer loop
      vertex 9.34249 -2.89774 -3.51477
      vertex 9.15327 -3.20055 -3.63079
      vertex 9.83171 -3.62449 -3.63079
    endloop
  endfacet
  facet normal -0.428718 -0.686086 0.587781
    outer loop
      vertex 9.55381 -4.06922 -4.15521
      vertex 8.99232 -3.45814 -3.85147
      vertex 8.87537 -3.64528 -4.15521
    endloop
  endfacet
  facet normal -0.428713 -0.686084 0.587787
    outer loop
      vertex 8.99232 -3.45814 -3.85147
      vertex 9.55381 -4.06922 -4.15521
      vertex 9.67075 -3.88207 -3.85147
    endloop
  endfacet
  facet normal -0.317444 -0.747875 0.58302
    outer loop
      vertex 9.67075 -3.88207 -3.85147
      vertex 9.55381 -4.06922 -4.15521
      vertex 9.91513 -3.9858 -3.85147
    endloop
  endfacet
  facet normal 0.490318 -0.816201 0.30562
    outer loop
      vertex 10.8077 -3.98154 -4.15521
      vertex 10.5209 -4.15383 -4.15521
      vertex 10.5644 -4.2614 -4.51228
    endloop
  endfacet
  facet normal -0.311315 0.0272279 0.949917
    outer loop
      vertex 8.91336 -2.60675 -3.63079
      vertex 8.89851 -2.77654 -3.63079
      vertex 9.2547 -2.75164 -3.51477
    endloop
  endfacet
  facet normal -0.507943 -0.305162 0.805524
    outer loop
      vertex 8.93685 -2.94262 -3.63079
      vertex 8.79196 -3.28397 -3.85147
      vertex 9.02463 -3.08873 -3.63079
    endloop
  endfacet
  facet normal 0.0703196 -0.304487 0.949917
    outer loop
      vertex 10.1907 -3.33653 -3.51477
      vertex 10.1335 -3.34974 -3.51477
      vertex 10.1584 -3.70594 -3.63079
    endloop
  endfacet
  facet normal -0.791595 -0.182721 -0.583087
    outer loop
      vertex 8.65522 -3.05641 -16.1485
      vertex 8.37536 -2.81313 -15.8448
      vertex 8.59551 -2.79773 -16.1485
    endloop
  endfacet
  facet normal -0.0708133 -0.809335 -0.583063
    outer loop
      vertex 10.195 -4.22908 -15.8448
      vertex 9.91513 -3.9858 -16.1485
      vertex 10.1796 -4.00894 -16.1485
    endloop
  endfacet
  facet normal 0.160933 -0.267824 -0.949932
    outer loop
      vertex 10.3245 -3.6676 -16.3692
      vertex 10.2411 -3.30628 -16.4852
      vertex 10.4706 -3.57981 -16.3692
    endloop
  endfacet
  facet normal -0.996195 0.0871579 0
    outer loop
      vertex 8.25963 -2.82122 -15.4877
      vertex 8.29195 -2.45181 -4.51228
      vertex 8.29195 -2.45181 -15.4877
    endloop
  endfacet
  facet normal -0.996195 0.0871579 0
    outer loop
      vertex 8.29195 -2.45181 -4.51228
      vertex 8.25963 -2.82122 -15.4877
      vertex 8.25963 -2.82122 -4.51228
    endloop
  endfacet
  facet normal -0.948558 0.0829902 -0.305531
    outer loop
      vertex 8.37536 -2.81313 -15.8448
      vertex 8.25963 -2.82122 -15.4877
      vertex 8.29195 -2.45181 -15.4877
    endloop
  endfacet
  facet normal -0.372042 -0.876477 0.30557
    outer loop
      vertex 9.55381 -4.06922 -4.15521
      vertex 9.49233 -4.16761 -4.51228
      vertex 9.83367 -4.3125 -4.51228
    endloop
  endfacet
  facet normal -0.503986 -0.80654 0.309017
    outer loop
      vertex 9.55381 -4.06922 -4.15521
      vertex 8.81389 -3.74367 -4.51228
      vertex 9.49233 -4.16761 -4.51228
    endloop
  endfacet
  facet normal -0.85716 -0.515051 0
    outer loop
      vertex 8.53403 -3.50039 -15.4877
      vertex 8.34304 -3.18254 -4.51228
      vertex 8.34304 -3.18254 -15.4877
    endloop
  endfacet
  facet normal -0.85716 -0.515051 0
    outer loop
      vertex 8.34304 -3.18254 -4.51228
      vertex 8.53403 -3.50039 -15.4877
      vertex 8.53403 -3.50039 -4.51228
    endloop
  endfacet
  facet normal -0.809323 0.0707844 -0.583083
    outer loop
      vertex 8.59551 -2.79773 -16.1485
      vertex 8.37536 -2.81313 -15.8448
      vertex 8.61864 -2.53327 -16.1485
    endloop
  endfacet
  facet normal -0.0829965 -0.94854 0.305588
    outer loop
      vertex 9.86174 -4.19992 -4.15521
      vertex 9.83367 -4.3125 -4.51228
      vertex 10.195 -4.22908 -4.15521
    endloop
  endfacet
  facet normal -0.0829845 -0.948544 0.305577
    outer loop
      vertex 10.195 -4.22908 -4.15521
      vertex 9.83367 -4.3125 -4.51228
      vertex 10.2031 -4.34482 -4.51228
    endloop
  endfacet
  facet normal -0.533021 -0.613171 0.583017
    outer loop
      vertex 8.99232 -3.45814 -3.85147
      vertex 8.62291 -3.42582 -4.15521
      vertex 8.87537 -3.64528 -4.15521
    endloop
  endfacet
  facet normal -0.624679 -0.718612 0.305569
    outer loop
      vertex 8.87537 -3.64528 -4.15521
      vertex 8.62291 -3.42582 -4.15521
      vertex 8.81389 -3.74367 -4.51228
    endloop
  endfacet
  facet normal -0.390731 -0.920505 0
    outer loop
      vertex 9.49233 -4.16761 -15.4877
      vertex 9.83367 -4.3125 -4.51228
      vertex 9.49233 -4.16761 -4.51228
    endloop
  endfacet
  facet normal -0.390731 -0.920505 -0
    outer loop
      vertex 9.83367 -4.3125 -4.51228
      vertex 9.49233 -4.16761 -15.4877
      vertex 9.83367 -4.3125 -15.4877
    endloop
  endfacet
  facet normal -0.624687 -0.718616 -0.305543
    outer loop
      vertex 8.81389 -3.74367 -15.4877
      vertex 8.53403 -3.50039 -15.4877
      vertex 8.62291 -3.42582 -15.8448
    endloop
  endfacet
  facet normal -0.388775 -0.447235 -0.805503
    outer loop
      vertex 8.99232 -3.45814 -16.1485
      vertex 8.79196 -3.28397 -16.1485
      vertex 9.02463 -3.08873 -16.3692
    endloop
  endfacet
  facet normal -0.532997 -0.613144 -0.583068
    outer loop
      vertex 8.99232 -3.45814 -16.1485
      vertex 8.62291 -3.42582 -15.8448
      vertex 8.79196 -3.28397 -16.1485
    endloop
  endfacet
  facet normal -0.0272419 -0.31126 -0.949934
    outer loop
      vertex 10.1584 -3.70594 -16.3692
      vertex 10.075 -3.34462 -16.4852
      vertex 10.1335 -3.34974 -16.4852
    endloop
  endfacet
  facet normal 0.21421 -0.927765 -0.305558
    outer loop
      vertex 10.2031 -4.34482 -15.4877
      vertex 10.195 -4.22908 -15.8448
      vertex 10.5644 -4.2614 -15.4877
    endloop
  endfacet
  facet normal 0.182779 -0.791597 -0.583066
    outer loop
      vertex 10.195 -4.22908 -15.8448
      vertex 10.1796 -4.00894 -16.1485
      vertex 10.5209 -4.15383 -15.8448
    endloop
  endfacet
  facet normal -0.577394 -0.133277 -0.805514
    outer loop
      vertex 8.65522 -3.05641 -16.1485
      vertex 8.59551 -2.79773 -16.1485
      vertex 8.93685 -2.94262 -16.3692
    endloop
  endfacet
  facet normal 0.685985 -0.428641 -0.587955
    outer loop
      vertex 12.7325 -1 -15.8448
      vertex 10.84 -3.61213 -16.1485
      vertex 12.4722 -1 -16.1485
    endloop
  endfacet
  facet normal 0.686089 -0.428738 -0.587764
    outer loop
      vertex 10.84 -3.61213 -16.1485
      vertex 12.7325 -1 -15.8448
      vertex 11.0271 -3.72907 -15.8448
    endloop
  endfacet
  facet normal 0.305227 -0.507958 -0.805491
    outer loop
      vertex 10.6658 -3.81249 -16.1485
      vertex 10.3245 -3.6676 -16.3692
      vertex 10.4706 -3.57981 -16.3692
    endloop
  endfacet
  facet normal -0.311481 -0.498474 0.809013
    outer loop
      vertex 9.83171 -3.62449 -3.63079
      vertex 8.99232 -3.45814 -3.85147
      vertex 9.67075 -3.88207 -3.85147
    endloop
  endfacet
  facet normal -0.0516484 -0.590297 0.805532
    outer loop
      vertex 10.1584 -3.70594 -3.63079
      vertex 9.91513 -3.9858 -3.85147
      vertex 10.1796 -4.00894 -3.85147
    endloop
  endfacet
  facet normal 0.848038 -0.529935 0
    outer loop
      vertex 11.1255 -3.79055 -4.51228
      vertex 12.8693 -1 -15.4877
      vertex 12.8693 -1 -4.51228
    endloop
  endfacet
  facet normal 0.848038 -0.529935 0
    outer loop
      vertex 12.8693 -1 -15.4877
      vertex 11.1255 -3.79055 -4.51228
      vertex 11.1255 -3.79055 -15.4877
    endloop
  endfacet
  facet normal 0.613223 -0.532899 0.583074
    outer loop
      vertex 11.0271 -3.72907 -4.15521
      vertex 10.6658 -3.81249 -3.85147
      vertex 10.8077 -3.98154 -4.15521
    endloop
  endfacet
  facet normal 0.418367 -0.696429 0.583057
    outer loop
      vertex 10.6658 -3.81249 -3.85147
      vertex 10.5209 -4.15383 -4.15521
      vertex 10.8077 -3.98154 -4.15521
    endloop
  endfacet
  facet normal -0.122086 -0.28766 0.949919
    outer loop
      vertex 10.075 -3.34462 -3.51477
      vertex 9.83171 -3.62449 -3.63079
      vertex 9.98861 -3.69108 -3.63079
    endloop
  endfacet
  facet normal -0.231496 -0.545453 0.805538
    outer loop
      vertex 9.98861 -3.69108 -3.63079
      vertex 9.83171 -3.62449 -3.63079
      vertex 9.91513 -3.9858 -3.85147
    endloop
  endfacet
  facet normal -0.388761 -0.447239 -0.805507
    outer loop
      vertex 9.15327 -3.20055 -16.3692
      vertex 8.99232 -3.45814 -16.1485
      vertex 9.02463 -3.08873 -16.3692
    endloop
  endfacet
  facet normal -0.31131 0.0272416 0.949918
    outer loop
      vertex 9.25982 -2.69313 -3.51477
      vertex 8.91336 -2.60675 -3.63079
      vertex 9.2547 -2.75164 -3.51477
    endloop
  endfacet
  facet normal -0.57736 -0.13327 0.80554
    outer loop
      vertex 8.93685 -2.94262 -3.63079
      vertex 8.59551 -2.79773 -3.85147
      vertex 8.65522 -3.05641 -3.85147
    endloop
  endfacet
  facet normal -0.809372 0.0708215 0.583011
    outer loop
      vertex 8.40452 -2.47988 -4.15521
      vertex 8.37536 -2.81313 -4.15521
      vertex 8.61864 -2.53327 -3.85147
    endloop
  endfacet
  facet normal -0.267874 -0.160937 0.949917
    outer loop
      vertex 9.26791 -2.80886 -3.51477
      vertex 8.93685 -2.94262 -3.63079
      vertex 9.29816 -2.85921 -3.51477
    endloop
  endfacet
  facet normal -0.577363 -0.133286 0.805535
    outer loop
      vertex 8.89851 -2.77654 -3.63079
      vertex 8.59551 -2.79773 -3.85147
      vertex 8.93685 -2.94262 -3.63079
    endloop
  endfacet
  facet normal 0.160958 -0.267866 0.949916
    outer loop
      vertex 10.4706 -3.57981 -3.63079
      vertex 10.2411 -3.30628 -3.51477
      vertex 10.3245 -3.6676 -3.63079
    endloop
  endfacet
  facet normal -0.122044 -0.287694 0.949914
    outer loop
      vertex 10.0209 -3.32167 -3.51477
      vertex 9.83171 -3.62449 -3.63079
      vertex 10.075 -3.34462 -3.51477
    endloop
  endfacet
  facet normal 0.235881 -0.205002 0.949913
    outer loop
      vertex 10.5824 -3.45117 -3.63079
      vertex 10.2411 -3.30628 -3.51477
      vertex 10.4706 -3.57981 -3.63079
    endloop
  endfacet
  facet normal 0.133277 -0.577396 -0.805513
    outer loop
      vertex 10.1796 -4.00894 -16.1485
      vertex 10.1584 -3.70594 -16.3692
      vertex 10.3245 -3.6676 -16.3692
    endloop
  endfacet
  facet normal -0.927777 -0.214175 -0.305548
    outer loop
      vertex 8.34304 -3.18254 -15.4877
      vertex 8.25963 -2.82122 -15.4877
      vertex 8.45061 -3.13907 -15.8448
    endloop
  endfacet
  facet normal -0.927778 -0.214197 -0.305529
    outer loop
      vertex 8.45061 -3.13907 -15.8448
      vertex 8.25963 -2.82122 -15.4877
      vertex 8.37536 -2.81313 -15.8448
    endloop
  endfacet
  facet normal -0.3115 -0.498499 -0.808991
    outer loop
      vertex 9.83171 -3.62449 -16.3692
      vertex 8.99232 -3.45814 -16.1485
      vertex 9.15327 -3.20055 -16.3692
    endloop
  endfacet
  facet normal -0.59033 0.0516308 -0.805509
    outer loop
      vertex 8.89851 -2.77654 -16.3692
      vertex 8.59551 -2.79773 -16.1485
      vertex 8.91336 -2.60675 -16.3692
    endloop
  endfacet
  facet normal -0.816164 -0.49041 0.305572
    outer loop
      vertex 8.62291 -3.42582 -4.15521
      vertex 8.45061 -3.13907 -4.15521
      vertex 8.53403 -3.50039 -4.51228
    endloop
  endfacet
  facet normal -0.69641 -0.418453 0.583018
    outer loop
      vertex 8.79196 -3.28397 -3.85147
      vertex 8.45061 -3.13907 -4.15521
      vertex 8.62291 -3.42582 -4.15521
    endloop
  endfacet
  facet normal -0.545477 0.231534 -0.80551
    outer loop
      vertex 8.91336 -2.60675 -16.3692
      vertex 8.61864 -2.53327 -16.1485
      vertex 8.72237 -2.28889 -16.1485
    endloop
  endfacet
  facet normal -0.809335 0.0708184 -0.583062
    outer loop
      vertex 8.61864 -2.53327 -16.1485
      vertex 8.37536 -2.81313 -15.8448
      vertex 8.40452 -2.47988 -15.8448
    endloop
  endfacet
  facet normal -0.686083 0.428711 -0.58779
    outer loop
      vertex 10.1526 0 -16.1485
      vertex 8.53523 -2.17195 -15.8448
      vertex 9.89241 0 -15.8448
    endloop
  endfacet
  facet normal -0.686066 0.428693 -0.587823
    outer loop
      vertex 8.53523 -2.17195 -15.8448
      vertex 10.1526 0 -16.1485
      vertex 8.72237 -2.28889 -16.1485
    endloop
  endfacet
  facet normal 0.214217 -0.927753 0.30559
    outer loop
      vertex 10.5209 -4.15383 -4.15521
      vertex 10.195 -4.22908 -4.15521
      vertex 10.5644 -4.2614 -4.51228
    endloop
  endfacet
  facet normal 0.182787 -0.791633 0.583015
    outer loop
      vertex 10.5209 -4.15383 -4.15521
      vertex 10.1796 -4.00894 -3.85147
      vertex 10.195 -4.22908 -4.15521
    endloop
  endfacet
  facet normal -0.529923 -0.848046 0
    outer loop
      vertex 8.81389 -3.74367 -15.4877
      vertex 9.49233 -4.16761 -4.51228
      vertex 8.81389 -3.74367 -4.51228
    endloop
  endfacet
  facet normal -0.529923 -0.848046 -0
    outer loop
      vertex 9.49233 -4.16761 -4.51228
      vertex 8.81389 -3.74367 -15.4877
      vertex 9.49233 -4.16761 -15.4877
    endloop
  endfacet
  facet normal -0.231538 -0.545486 -0.805503
    outer loop
      vertex 9.91513 -3.9858 -16.1485
      vertex 9.67075 -3.88207 -16.1485
      vertex 9.83171 -3.62449 -16.3692
    endloop
  endfacet
  facet normal -0.0871532 -0.996195 0
    outer loop
      vertex 9.83367 -4.3125 -15.4877
      vertex 10.2031 -4.34482 -4.51228
      vertex 9.83367 -4.3125 -4.51228
    endloop
  endfacet
  facet normal -0.0871532 -0.996195 -0
    outer loop
      vertex 10.2031 -4.34482 -4.51228
      vertex 9.83367 -4.3125 -15.4877
      vertex 10.2031 -4.34482 -15.4877
    endloop
  endfacet
  facet normal -0.507927 -0.305211 -0.805516
    outer loop
      vertex 8.79196 -3.28397 -16.1485
      vertex 8.65522 -3.05641 -16.1485
      vertex 8.93685 -2.94262 -16.3692
    endloop
  endfacet
  facet normal -0.507973 -0.30518 -0.805499
    outer loop
      vertex 9.02463 -3.08873 -16.3692
      vertex 8.79196 -3.28397 -16.1485
      vertex 8.93685 -2.94262 -16.3692
    endloop
  endfacet
  facet normal 0.235844 -0.20497 -0.949929
    outer loop
      vertex 10.4706 -3.57981 -16.3692
      vertex 10.2411 -3.30628 -16.4852
      vertex 10.5824 -3.45117 -16.3692
    endloop
  endfacet
  facet normal 0.182744 -0.791625 -0.583039
    outer loop
      vertex 10.5209 -4.15383 -15.8448
      vertex 10.1796 -4.00894 -16.1485
      vertex 10.4383 -3.94922 -16.1485
    endloop
  endfacet
  facet normal -0.231509 -0.545485 -0.805512
    outer loop
      vertex 9.91513 -3.9858 -16.1485
      vertex 9.83171 -3.62449 -16.3692
      vertex 9.98861 -3.69108 -16.3692
    endloop
  endfacet
  facet normal 0.418349 -0.696398 -0.583107
    outer loop
      vertex 10.8077 -3.98154 -15.8448
      vertex 10.5209 -4.15383 -15.8448
      vertex 10.6658 -3.81249 -16.1485
    endloop
  endfacet
  facet normal 0.214219 -0.92776 -0.305566
    outer loop
      vertex 10.5644 -4.2614 -15.4877
      vertex 10.195 -4.22908 -15.8448
      vertex 10.5209 -4.15383 -15.8448
    endloop
  endfacet
  facet normal 0.806542 -0.504009 -0.308975
    outer loop
      vertex 12.8693 -1 -15.4877
      vertex 11.0271 -3.72907 -15.8448
      vertex 12.7325 -1 -15.8448
    endloop
  endfacet
  facet normal 0.806533 -0.503998 -0.309013
    outer loop
      vertex 11.0271 -3.72907 -15.8448
      vertex 12.8693 -1 -15.4877
      vertex 11.1255 -3.79055 -15.4877
    endloop
  endfacet
  facet normal -0.0708194 -0.809372 0.583011
    outer loop
      vertex 9.91513 -3.9858 -3.85147
      vertex 9.86174 -4.19992 -4.15521
      vertex 10.195 -4.22908 -4.15521
    endloop
  endfacet
  facet normal -0.0708165 -0.809371 0.583013
    outer loop
      vertex 10.1796 -4.00894 -3.85147
      vertex 9.91513 -3.9858 -3.85147
      vertex 10.195 -4.22908 -4.15521
    endloop
  endfacet
  facet normal 0.133283 -0.577365 0.805534
    outer loop
      vertex 10.3245 -3.6676 -3.63079
      vertex 10.1796 -4.00894 -3.85147
      vertex 10.4383 -3.94922 -3.85147
    endloop
  endfacet
  facet normal 0.41855 -0.69641 0.582948
    outer loop
      vertex 10.6658 -3.81249 -3.85147
      vertex 10.4383 -3.94922 -3.85147
      vertex 10.5209 -4.15383 -4.15521
    endloop
  endfacet
  facet normal -0.0272461 -0.311308 0.949918
    outer loop
      vertex 10.1335 -3.34974 -3.51477
      vertex 10.075 -3.34462 -3.51477
      vertex 10.1584 -3.70594 -3.63079
    endloop
  endfacet
  facet normal -0.051662 -0.590289 0.805537
    outer loop
      vertex 9.98861 -3.69108 -3.63079
      vertex 9.91513 -3.9858 -3.85147
      vertex 10.1584 -3.70594 -3.63079
    endloop
  endfacet
  facet normal -0.0272456 -0.311308 0.949918
    outer loop
      vertex 10.075 -3.34462 -3.51477
      vertex 9.98861 -3.69108 -3.63079
      vertex 10.1584 -3.70594 -3.63079
    endloop
  endfacet
  facet normal -0.304497 -0.0702939 0.949916
    outer loop
      vertex 9.26791 -2.80886 -3.51477
      vertex 8.89851 -2.77654 -3.63079
      vertex 8.93685 -2.94262 -3.63079
    endloop
  endfacet
  facet normal -0.304497 -0.0702972 0.949916
    outer loop
      vertex 9.2547 -2.75164 -3.51477
      vertex 8.89851 -2.77654 -3.63079
      vertex 9.26791 -2.80886 -3.51477
    endloop
  endfacet
  facet normal -0.948547 0.0829997 0.305564
    outer loop
      vertex 8.40452 -2.47988 -4.15521
      vertex 8.29195 -2.45181 -4.51228
      vertex 8.37536 -2.81313 -4.15521
    endloop
  endfacet
  facet normal -0.948551 0.0829895 0.305555
    outer loop
      vertex 8.29195 -2.45181 -4.51228
      vertex 8.25963 -2.82122 -4.51228
      vertex 8.37536 -2.81313 -4.15521
    endloop
  endfacet
  facet normal -0.747846 0.317432 -0.583064
    outer loop
      vertex 8.61864 -2.53327 -16.1485
      vertex 8.40452 -2.47988 -15.8448
      vertex 8.72237 -2.28889 -16.1485
    endloop
  endfacet
  facet normal -0.747846 0.317446 -0.583056
    outer loop
      vertex 8.72237 -2.28889 -16.1485
      vertex 8.40452 -2.47988 -15.8448
      vertex 8.53523 -2.17195 -15.8448
    endloop
  endfacet
  facet normal -0.0829972 -0.948547 -0.305565
    outer loop
      vertex 10.195 -4.22908 -15.8448
      vertex 9.83367 -4.3125 -15.4877
      vertex 9.86174 -4.19992 -15.8448
    endloop
  endfacet
  facet normal -0.0829851 -0.948552 -0.305554
    outer loop
      vertex 10.2031 -4.34482 -15.4877
      vertex 9.83367 -4.3125 -15.4877
      vertex 10.195 -4.22908 -15.8448
    endloop
  endfacet
  facet normal -0.532997 -0.613144 -0.583068
    outer loop
      vertex 8.87537 -3.64528 -15.8448
      vertex 8.62291 -3.42582 -15.8448
      vertex 8.99232 -3.45814 -16.1485
    endloop
  endfacet
  facet normal -0.372022 -0.876487 -0.305566
    outer loop
      vertex 9.83367 -4.3125 -15.4877
      vertex 9.55381 -4.06922 -15.8448
      vertex 9.86174 -4.19992 -15.8448
    endloop
  endfacet
  facet normal -0.31743 -0.747841 -0.583071
    outer loop
      vertex 9.91513 -3.9858 -16.1485
      vertex 9.55381 -4.06922 -15.8448
      vertex 9.67075 -3.88207 -16.1485
    endloop
  endfacet
  facet normal 0.22497 -0.974366 0
    outer loop
      vertex 10.2031 -4.34482 -15.4877
      vertex 10.5644 -4.2614 -4.51228
      vertex 10.2031 -4.34482 -4.51228
    endloop
  endfacet
  facet normal 0.22497 -0.974366 0
    outer loop
      vertex 10.5644 -4.2614 -4.51228
      vertex 10.2031 -4.34482 -15.4877
      vertex 10.5644 -4.2614 -15.4877
    endloop
  endfacet
  facet normal 0.613196 -0.532876 -0.583125
    outer loop
      vertex 10.8077 -3.98154 -15.8448
      vertex 10.6658 -3.81249 -16.1485
      vertex 11.0271 -3.72907 -15.8448
    endloop
  endfacet
  facet normal 0.418531 -0.696379 -0.582999
    outer loop
      vertex 10.5209 -4.15383 -15.8448
      vertex 10.4383 -3.94922 -16.1485
      vertex 10.6658 -3.81249 -16.1485
    endloop
  endfacet
  facet normal 0.49036 -0.816197 -0.305562
    outer loop
      vertex 10.8823 -4.07041 -15.4877
      vertex 10.5644 -4.2614 -15.4877
      vertex 10.8077 -3.98154 -15.8448
    endloop
  endfacet
  facet normal 0.490322 -0.816208 -0.305596
    outer loop
      vertex 10.5644 -4.2614 -15.4877
      vertex 10.5209 -4.15383 -15.8448
      vertex 10.8077 -3.98154 -15.8448
    endloop
  endfacet
  facet normal 0.305241 -0.507879 0.805535
    outer loop
      vertex 10.6658 -3.81249 -3.85147
      vertex 10.3245 -3.6676 -3.63079
      vertex 10.4383 -3.94922 -3.85147
    endloop
  endfacet
  facet normal 0.305209 -0.507928 0.805517
    outer loop
      vertex 10.4706 -3.57981 -3.63079
      vertex 10.3245 -3.6676 -3.63079
      vertex 10.6658 -3.81249 -3.85147
    endloop
  endfacet
  facet normal 0.613164 -0.533106 0.582947
    outer loop
      vertex 10.84 -3.61213 -3.85147
      vertex 10.6658 -3.81249 -3.85147
      vertex 11.0271 -3.72907 -4.15521
    endloop
  endfacet
  facet normal 0.0702828 -0.304485 0.949921
    outer loop
      vertex 10.1907 -3.33653 -3.51477
      vertex 10.1584 -3.70594 -3.63079
      vertex 10.3245 -3.6676 -3.63079
    endloop
  endfacet
  facet normal 0.13327 -0.577363 0.805538
    outer loop
      vertex 10.3245 -3.6676 -3.63079
      vertex 10.1584 -3.70594 -3.63079
      vertex 10.1796 -4.00894 -3.85147
    endloop
  endfacet
  facet normal -0.809359 0.0707876 0.583032
    outer loop
      vertex 8.61864 -2.53327 -3.85147
      vertex 8.37536 -2.81313 -4.15521
      vertex 8.59551 -2.79773 -3.85147
    endloop
  endfacet
  facet normal -0.590295 0.0516279 0.805535
    outer loop
      vertex 8.61864 -2.53327 -3.85147
      vertex 8.59551 -2.79773 -3.85147
      vertex 8.91336 -2.60675 -3.63079
    endloop
  endfacet
  facet normal -0.317423 -0.747849 -0.583065
    outer loop
      vertex 9.86174 -4.19992 -15.8448
      vertex 9.55381 -4.06922 -15.8448
      vertex 9.91513 -3.9858 -16.1485
    endloop
  endfacet
  facet normal -0.0708163 -0.809336 -0.583062
    outer loop
      vertex 10.195 -4.22908 -15.8448
      vertex 9.86174 -4.19992 -15.8448
      vertex 9.91513 -3.9858 -16.1485
    endloop
  endfacet
  facet normal 0.447195 -0.388807 0.80551
    outer loop
      vertex 10.84 -3.61213 -3.85147
      vertex 10.4706 -3.57981 -3.63079
      vertex 10.6658 -3.81249 -3.85147
    endloop
  endfacet
  facet normal 0.447229 -0.388684 0.80555
    outer loop
      vertex 10.5824 -3.45117 -3.63079
      vertex 10.4706 -3.57981 -3.63079
      vertex 10.84 -3.61213 -3.85147
    endloop
  endfacet
  facet normal 0.261981 -0.163708 -0.951087
    outer loop
      vertex 12.1141 -1 -16.3692
      vertex 10.5824 -3.45117 -16.3692
      vertex 11.7674 -1 -16.4647
    endloop
  endfacet
  facet normal 0.26203 -0.163731 -0.951069
    outer loop
      vertex 10.2796 -3.26195 -16.4852
      vertex 11.7674 -1 -16.4647
      vertex 10.5824 -3.45117 -16.3692
    endloop
  endfacet
  facet normal 0.262074 -0.16376 -0.951052
    outer loop
      vertex 11.7674 -1 -16.4647
      vertex 10.2796 -3.26195 -16.4852
      vertex 11.7767 -0.866061 -16.4852
    endloop
  endfacet
  facet normal -0.26205 0.163743 -0.951061
    outer loop
      vertex 9.28277 -2.63906 -16.4852
      vertex 10.5108 0 -16.3692
      vertex 10.9318 0 -16.4852
    endloop
  endfacet
  facet normal -0.262026 0.163733 -0.95107
    outer loop
      vertex 10.5108 0 -16.3692
      vertex 9.28277 -2.63906 -16.4852
      vertex 8.97996 -2.44985 -16.3692
    endloop
  endfacet
  facet normal -0.311267 0.0272237 -0.949933
    outer loop
      vertex 9.2547 -2.75164 -16.4852
      vertex 8.89851 -2.77654 -16.3692
      vertex 8.91336 -2.60675 -16.3692
    endloop
  endfacet
  facet normal -0.163731 -0.262022 -0.951071
    outer loop
      vertex 9.83171 -3.62449 -16.3692
      vertex 9.15327 -3.20055 -16.3692
      vertex 9.34249 -2.89774 -16.4852
    endloop
  endfacet
  facet normal -0.122025 -0.287649 -0.94993
    outer loop
      vertex 10.075 -3.34462 -16.4852
      vertex 9.83171 -3.62449 -16.3692
      vertex 10.0209 -3.32167 -16.4852
    endloop
  endfacet
  facet normal -0.287615 0.122085 -0.949933
    outer loop
      vertex 9.28277 -2.63906 -16.4852
      vertex 8.91336 -2.60675 -16.3692
      vertex 8.97996 -2.44985 -16.3692
    endloop
  endfacet
  facet normal -0.204966 -0.23582 -0.949936
    outer loop
      vertex 9.34249 -2.89774 -16.4852
      vertex 9.15327 -3.20055 -16.3692
      vertex 9.29816 -2.85921 -16.4852
    endloop
  endfacet
  facet normal -0.204981 -0.235814 -0.949934
    outer loop
      vertex 9.15327 -3.20055 -16.3692
      vertex 9.02463 -3.08873 -16.3692
      vertex 9.29816 -2.85921 -16.4852
    endloop
  endfacet
  facet normal -0.267832 -0.160912 -0.949933
    outer loop
      vertex 9.29816 -2.85921 -16.4852
      vertex 8.93685 -2.94262 -16.3692
      vertex 9.26791 -2.80886 -16.4852
    endloop
  endfacet
  facet normal -0.30445 -0.070283 -0.949932
    outer loop
      vertex 8.93685 -2.94262 -16.3692
      vertex 8.89851 -2.77654 -16.3692
      vertex 9.26791 -2.80886 -16.4852
    endloop
  endfacet
  facet normal -0.30445 -0.0702863 -0.949932
    outer loop
      vertex 9.26791 -2.80886 -16.4852
      vertex 8.89851 -2.77654 -16.3692
      vertex 9.2547 -2.75164 -16.4852
    endloop
  endfacet
  facet normal -0.163737 -0.262026 -0.951069
    outer loop
      vertex 9.83171 -3.62449 -16.3692
      vertex 9.34249 -2.89774 -16.4852
      vertex 10.0209 -3.32167 -16.4852
    endloop
  endfacet
  facet normal 0.0703086 -0.30444 -0.949933
    outer loop
      vertex 10.1584 -3.70594 -16.3692
      vertex 10.1335 -3.34974 -16.4852
      vertex 10.1907 -3.33653 -16.4852
    endloop
  endfacet
  facet normal -0.287615 0.122078 -0.949934
    outer loop
      vertex 9.25982 -2.69313 -16.4852
      vertex 8.91336 -2.60675 -16.3692
      vertex 9.28277 -2.63906 -16.4852
    endloop
  endfacet
  facet normal -0.0272414 -0.31126 -0.949934
    outer loop
      vertex 10.1584 -3.70594 -16.3692
      vertex 9.98861 -3.69108 -16.3692
      vertex 10.075 -3.34462 -16.4852
    endloop
  endfacet
  facet normal -0.122067 -0.287615 -0.949935
    outer loop
      vertex 9.98861 -3.69108 -16.3692
      vertex 9.83171 -3.62449 -16.3692
      vertex 10.075 -3.34462 -16.4852
    endloop
  endfacet
  facet normal 0.160773 -0.267866 -0.949947
    outer loop
      vertex 10.3245 -3.6676 -16.3692
      vertex 10.1907 -3.33653 -16.4852
      vertex 10.2411 -3.30628 -16.4852
    endloop
  endfacet
  facet normal 0.0702718 -0.304438 -0.949937
    outer loop
      vertex 10.3245 -3.6676 -16.3692
      vertex 10.1584 -3.70594 -16.3692
      vertex 10.1907 -3.33653 -16.4852
    endloop
  endfacet
  facet normal 0 0 -1
    outer loop
      vertex 11.7767 -0.866061 -16.4852
      vertex 10.9318 0 -16.4852
      vertex 11.7767 0 -16.4852
    endloop
  endfacet
  facet normal 0 0 -1
    outer loop
      vertex 9.28277 -2.63906 -16.4852
      vertex 11.7767 -0.866061 -16.4852
      vertex 10.2796 -3.26195 -16.4852
    endloop
  endfacet
  facet normal 0 0 -1
    outer loop
      vertex 10.0209 -3.32167 -16.4852
      vertex 10.2796 -3.26195 -16.4852
      vertex 10.2411 -3.30628 -16.4852
    endloop
  endfacet
  facet normal 0 0 -1
    outer loop
      vertex 10.0209 -3.32167 -16.4852
      vertex 10.2411 -3.30628 -16.4852
      vertex 10.1907 -3.33653 -16.4852
    endloop
  endfacet
  facet normal 0 0 -1
    outer loop
      vertex 10.0209 -3.32167 -16.4852
      vertex 10.1907 -3.33653 -16.4852
      vertex 10.1335 -3.34974 -16.4852
    endloop
  endfacet
  facet normal 0 0 -1
    outer loop
      vertex 10.0209 -3.32167 -16.4852
      vertex 10.1335 -3.34974 -16.4852
      vertex 10.075 -3.34462 -16.4852
    endloop
  endfacet
  facet normal -0 0 -1
    outer loop
      vertex 10.2796 -3.26195 -16.4852
      vertex 10.0209 -3.32167 -16.4852
      vertex 9.28277 -2.63906 -16.4852
    endloop
  endfacet
  facet normal 0 0 -1
    outer loop
      vertex 9.28277 -2.63906 -16.4852
      vertex 10.0209 -3.32167 -16.4852
      vertex 9.34249 -2.89774 -16.4852
    endloop
  endfacet
  facet normal 0 0 -1
    outer loop
      vertex 9.28277 -2.63906 -16.4852
      vertex 9.34249 -2.89774 -16.4852
      vertex 9.29816 -2.85921 -16.4852
    endloop
  endfacet
  facet normal -0 0 -1
    outer loop
      vertex 11.7767 -0.866061 -16.4852
      vertex 9.28277 -2.63906 -16.4852
      vertex 10.9318 0 -16.4852
    endloop
  endfacet
  facet normal 0 0 -1
    outer loop
      vertex 9.26791 -2.80886 -16.4852
      vertex 9.28277 -2.63906 -16.4852
      vertex 9.29816 -2.85921 -16.4852
    endloop
  endfacet
  facet normal 0 0 -1
    outer loop
      vertex 9.26791 -2.80886 -16.4852
      vertex 9.25982 -2.69313 -16.4852
      vertex 9.28277 -2.63906 -16.4852
    endloop
  endfacet
  facet normal 0 -0 -1
    outer loop
      vertex 9.25982 -2.69313 -16.4852
      vertex 9.26791 -2.80886 -16.4852
      vertex 9.2547 -2.75164 -16.4852
    endloop
  endfacet
  facet normal -0.311261 0.0272374 -0.949934
    outer loop
      vertex 9.2547 -2.75164 -16.4852
      vertex 8.91336 -2.60675 -16.3692
      vertex 9.25982 -2.69313 -16.4852
    endloop
  endfacet
  facet normal 0.691842 0.432309 -0.578328
    outer loop
      vertex -8.53523 -2.17195 -15.8448
      vertex -9.89241 0 -15.8448
      vertex -8.9107 0 -14.6704
    endloop
  endfacet
  facet normal 0.306894 0.0459164 0.950635
    outer loop
      vertex -9.23671 -1 -3.60401
      vertex -9.25982 -2.69313 -3.51477
      vertex -8.91336 -2.60675 -3.63079
    endloop
  endfacet
  facet normal 0.306911 0.0459159 0.95063
    outer loop
      vertex -9.25982 -2.69313 -3.51477
      vertex -9.23671 -1 -3.60401
      vertex -9.51492 -1 -3.51419
    endloop
  endfacet
  facet normal -0.000129921 -0.000562564 1
    outer loop
      vertex -10.8407 -1 -3.51354
      vertex -10.1907 -3.33653 -3.51477
      vertex -10.1335 -3.34974 -3.51477
    endloop
  endfacet
  facet normal -0.000374532 -0.000630613 1
    outer loop
      vertex -10.1907 -3.33653 -3.51477
      vertex -10.8407 -1 -3.51354
      vertex -10.8674 -1 -3.51355
    endloop
  endfacet
  facet normal -0.00156373 -0.00097711 0.999998
    outer loop
      vertex -10.932 -1 -3.51358
      vertex -11.693 -1 -3.51477
      vertex -10.2796 -3.26195 -3.51477
    endloop
  endfacet
  facet normal 0.00035461 -0.000492798 1
    outer loop
      vertex -10.2631 -1 -3.51354
      vertex -10.0209 -3.32167 -3.51477
      vertex -10.2349 -1 -3.51355
    endloop
  endfacet
  facet normal 0.00021522 -0.000507339 1
    outer loop
      vertex -10.0209 -3.32167 -3.51477
      vertex -10.2631 -1 -3.51354
      vertex -10.075 -3.34462 -3.51477
    endloop
  endfacet
  facet normal 0.896399 0.319117 -0.307626
    outer loop
      vertex -8.29195 -2.45181 -15.4877
      vertex -8.79807 0 -14.4191
      vertex -8.72058 0 -14.1933
    endloop
  endfacet
  facet normal 0.896385 0.319127 -0.307656
    outer loop
      vertex -8.79807 0 -14.4191
      vertex -8.29195 -2.45181 -15.4877
      vertex -8.40452 -2.47988 -15.8448
    endloop
  endfacet
  facet normal 0.98506 0.172211 0
    outer loop
      vertex -8.54576 -1 -4.47853
      vertex -8.29195 -2.45181 -4.51228
      vertex -8.54576 -1 -7.67699
    endloop
  endfacet
  facet normal 0.985061 0.172208 0
    outer loop
      vertex -8.54576 -1 -7.67699
      vertex -8.72058 0 -14.1933
      vertex -8.72058 0 -8.15776
    endloop
  endfacet
  facet normal 0.98506 0.172211 -0
    outer loop
      vertex -8.29195 -2.45181 -15.4877
      vertex -8.54576 -1 -7.67699
      vertex -8.29195 -2.45181 -4.51228
    endloop
  endfacet
  facet normal 0.98506 0.17221 2.60981e-07
    outer loop
      vertex -8.54576 -1 -7.67699
      vertex -8.29195 -2.45181 -15.4877
      vertex -8.72058 0 -14.1933
    endloop
  endfacet
  facet normal 0.308592 0.0462676 0.950069
    outer loop
      vertex -9.16944 -1 -3.62586
      vertex -9.23671 -1 -3.60401
      vertex -8.91336 -2.60675 -3.63079
    endloop
  endfacet
  facet normal 0.000815993 -0.000366546 1
    outer loop
      vertex -9.76665 -1 -3.5137
      vertex -9.26791 -2.80886 -3.51477
      vertex -9.74214 -1 -3.51372
    endloop
  endfacet
  facet normal 0.000674869 -0.000405457 1
    outer loop
      vertex -9.26791 -2.80886 -3.51477
      vertex -9.76665 -1 -3.5137
      vertex -9.29816 -2.85921 -3.51477
    endloop
  endfacet
  facet normal 0.00357141 0.000195537 0.999994
    outer loop
      vertex -9.51772 -1 -3.51418
      vertex -9.25982 -2.69313 -3.51477
      vertex -9.51492 -1 -3.51419
    endloop
  endfacet
  facet normal 0.00537625 0.000470457 0.999985
    outer loop
      vertex -9.25982 -2.69313 -3.51477
      vertex -9.51772 -1 -3.51418
      vertex -9.2547 -2.75164 -3.51477
    endloop
  endfacet
  facet normal 0.93902 0.157051 0.305902
    outer loop
      vertex -8.54576 -1 -4.47853
      vertex -8.56528 -1 -4.41861
      vertex -8.29195 -2.45181 -4.51228
    endloop
  endfacet
  facet normal 4.55528e-05 -0.000520477 1
    outer loop
      vertex -10.2875 -1 -3.51354
      vertex -10.1335 -3.34974 -3.51477
      vertex -10.075 -3.34462 -3.51477
    endloop
  endfacet
  facet normal 0 -0.000523462 1
    outer loop
      vertex -10.1335 -3.34974 -3.51477
      vertex -10.2875 -1 -3.51354
      vertex -10.317 -1 -3.51354
    endloop
  endfacet
  facet normal 0.895685 0.31979 -0.309002
    outer loop
      vertex -8.40452 -2.47988 -15.8448
      vertex -8.83112 0 -14.5149
      vertex -8.79807 0 -14.4191
    endloop
  endfacet
  facet normal 0.00226317 3.00304e-06 0.999997
    outer loop
      vertex -9.51772 -1 -3.51418
      vertex -9.7033 -1 -3.51376
      vertex -9.2547 -2.75164 -3.51477
    endloop
  endfacet
  facet normal 0.00123457 -0.00026025 0.999999
    outer loop
      vertex -9.72785 -1 -3.51373
      vertex -9.2547 -2.75164 -3.51477
      vertex -9.71165 -1 -3.51375
    endloop
  endfacet
  facet normal 0.00118513 -0.000273603 0.999999
    outer loop
      vertex -9.2547 -2.75164 -3.51477
      vertex -9.72785 -1 -3.51373
      vertex -9.26791 -2.80886 -3.51477
    endloop
  endfacet
  facet normal 0.00069979 -0.000397012 1
    outer loop
      vertex -9.72785 -1 -3.51373
      vertex -9.74214 -1 -3.51372
      vertex -9.26791 -2.80886 -3.51477
    endloop
  endfacet
  facet normal 0.000444444 -0.000484517 1
    outer loop
      vertex -10.2124 -1 -3.51356
      vertex -10.2349 -1 -3.51355
      vertex -10.0209 -3.32167 -3.51477
    endloop
  endfacet
  facet normal 0.000330688 -0.000494177 1
    outer loop
      vertex -9.81593 -1 -3.51368
      vertex -9.29816 -2.85921 -3.51477
      vertex -9.78569 -1 -3.51369
    endloop
  endfacet
  facet normal 0.00041026 -0.000472017 1
    outer loop
      vertex -9.29816 -2.85921 -3.51477
      vertex -9.81593 -1 -3.51368
      vertex -9.34249 -2.89774 -3.51477
    endloop
  endfacet
  facet normal 0.799736 0.128573 0.586422
    outer loop
      vertex -8.87424 -1 -3.83909
      vertex -8.40452 -2.47988 -4.15521
      vertex -8.69706 -1 -4.08072
    endloop
  endfacet
  facet normal 0.799759 0.128587 0.586388
    outer loop
      vertex -8.40452 -2.47988 -4.15521
      vertex -8.87424 -1 -3.83909
      vertex -8.61864 -2.53327 -3.85147
    endloop
  endfacet
  facet normal 0.0011976 -0.000269892 0.999999
    outer loop
      vertex -9.7033 -1 -3.51376
      vertex -9.71165 -1 -3.51375
      vertex -9.2547 -2.75164 -3.51477
    endloop
  endfacet
  facet normal 0.80209 0.129207 0.583059
    outer loop
      vertex -8.6591 -1 -4.13294
      vertex -8.69706 -1 -4.08072
      vertex -8.40452 -2.47988 -4.15521
    endloop
  endfacet
  facet normal 0.938326 0.156774 0.308166
    outer loop
      vertex -8.6591 -1 -4.13294
      vertex -8.29195 -2.45181 -4.51228
      vertex -8.56528 -1 -4.41861
    endloop
  endfacet
  facet normal 0.938332 0.156782 0.308144
    outer loop
      vertex -8.29195 -2.45181 -4.51228
      vertex -8.6591 -1 -4.13294
      vertex -8.40452 -2.47988 -4.15521
    endloop
  endfacet
  facet normal 0 -0.000524605 1
    outer loop
      vertex -10.2631 -1 -3.51354
      vertex -10.2875 -1 -3.51354
      vertex -10.075 -3.34462 -3.51477
    endloop
  endfacet
  facet normal -0.000905542 -0.000786451 0.999999
    outer loop
      vertex -10.9189 -1 -3.51357
      vertex -10.2796 -3.26195 -3.51477
      vertex -10.2411 -3.30628 -3.51477
    endloop
  endfacet
  facet normal -0.000763358 -0.000746265 0.999999
    outer loop
      vertex -10.2796 -3.26195 -3.51477
      vertex -10.9189 -1 -3.51357
      vertex -10.932 -1 -3.51358
    endloop
  endfacet
  facet normal 0.582393 0.0903423 0.807872
    outer loop
      vertex -8.92981 -1 -3.79861
      vertex -8.91336 -2.60675 -3.63079
      vertex -8.61864 -2.53327 -3.85147
    endloop
  endfacet
  facet normal 0.582396 0.0903421 0.80787
    outer loop
      vertex -8.91336 -2.60675 -3.63079
      vertex -8.92981 -1 -3.79861
      vertex -9.16944 -1 -3.62586
    endloop
  endfacet
  facet normal 0.779143 0.396997 -0.485109
    outer loop
      vertex -8.53523 -2.17195 -15.8448
      vertex -8.9107 0 -14.6704
      vertex -8.88455 0 -14.6284
    endloop
  endfacet
  facet normal 0.844616 0.358519 -0.397602
    outer loop
      vertex -8.83112 0 -14.5149
      vertex -8.53523 -2.17195 -15.8448
      vertex -8.88455 0 -14.6284
    endloop
  endfacet
  facet normal 0.844613 0.358521 -0.397607
    outer loop
      vertex -8.53523 -2.17195 -15.8448
      vertex -8.83112 0 -14.5149
      vertex -8.40452 -2.47988 -15.8448
    endloop
  endfacet
  facet normal 0 -0.000522142 1
    outer loop
      vertex -10.8674 -1 -3.51355
      vertex -10.8858 -1 -3.51355
      vertex -10.1907 -3.33653 -3.51477
    endloop
  endfacet
  facet normal 0.58534 0.0910164 0.805663
    outer loop
      vertex -8.87463 -1 -3.8387
      vertex -8.92981 -1 -3.79861
      vertex -8.61864 -2.53327 -3.85147
    endloop
  endfacet
  facet normal 0.7027 0.111468 0.7027
    outer loop
      vertex -8.87424 -1 -3.83909
      vertex -8.87463 -1 -3.8387
      vertex -8.61864 -2.53327 -3.85147
    endloop
  endfacet
  facet normal -0.000826446 -0.000763205 0.999999
    outer loop
      vertex -10.9068 -1 -3.51356
      vertex -10.9189 -1 -3.51357
      vertex -10.2411 -3.30628 -3.51477
    endloop
  endfacet
  facet normal 0.000302671 -0.000498858 1
    outer loop
      vertex -10.2124 -1 -3.51356
      vertex -9.34249 -2.89774 -3.51477
      vertex -9.81593 -1 -3.51368
    endloop
  endfacet
  facet normal 0.000309713 -0.00049563 1
    outer loop
      vertex -9.34249 -2.89774 -3.51477
      vertex -10.2124 -1 -3.51356
      vertex -10.0209 -3.32167 -3.51477
    endloop
  endfacet
  facet normal 0 -0.000523462 1
    outer loop
      vertex -10.317 -1 -3.51354
      vertex -10.8176 -1 -3.51354
      vertex -10.1335 -3.34974 -3.51477
    endloop
  endfacet
  facet normal -0.000381509 -0.000635638 1
    outer loop
      vertex -10.8858 -1 -3.51355
      vertex -10.2411 -3.30628 -3.51477
      vertex -10.1907 -3.33653 -3.51477
    endloop
  endfacet
  facet normal -0.00047619 -0.000662105 1
    outer loop
      vertex -10.2411 -3.30628 -3.51477
      vertex -10.8858 -1 -3.51355
      vertex -10.9068 -1 -3.51356
    endloop
  endfacet
  facet normal 0.00052521 -0.000443169 1
    outer loop
      vertex -9.76665 -1 -3.5137
      vertex -9.78569 -1 -3.51369
      vertex -9.29816 -2.85921 -3.51477
    endloop
  endfacet
  facet normal 0 -0.000523462 1
    outer loop
      vertex -10.8176 -1 -3.51354
      vertex -10.8407 -1 -3.51354
      vertex -10.1335 -3.34974 -3.51477
    endloop
  endfacet
  facet normal -0.799736 0.128573 0.586422
    outer loop
      vertex 8.40452 -2.47988 -4.15521
      vertex 8.87424 -1 -3.83909
      vertex 8.69706 -1 -4.08072
    endloop
  endfacet
  facet normal -0.799759 0.128587 0.586388
    outer loop
      vertex 8.87424 -1 -3.83909
      vertex 8.40452 -2.47988 -4.15521
      vertex 8.61864 -2.53327 -3.85147
    endloop
  endfacet
  facet normal -0.93902 0.157051 0.305902
    outer loop
      vertex 8.54576 -1 -4.47853
      vertex 8.29195 -2.45181 -4.51228
      vertex 8.56528 -1 -4.41861
    endloop
  endfacet
  facet normal -0.80209 0.129207 0.583059
    outer loop
      vertex 8.6591 -1 -4.13294
      vertex 8.40452 -2.47988 -4.15521
      vertex 8.69706 -1 -4.08072
    endloop
  endfacet
  facet normal -0.00069979 -0.000397012 1
    outer loop
      vertex 9.72785 -1 -3.51373
      vertex 9.26791 -2.80886 -3.51477
      vertex 9.74214 -1 -3.51372
    endloop
  endfacet
  facet normal -0.00123457 -0.00026025 0.999999
    outer loop
      vertex 9.2547 -2.75164 -3.51477
      vertex 9.72785 -1 -3.51373
      vertex 9.71165 -1 -3.51375
    endloop
  endfacet
  facet normal -0.00118513 -0.000273603 0.999999
    outer loop
      vertex 9.72785 -1 -3.51373
      vertex 9.2547 -2.75164 -3.51477
      vertex 9.26791 -2.80886 -3.51477
    endloop
  endfacet
  facet normal -0.938326 0.156774 0.308166
    outer loop
      vertex 8.29195 -2.45181 -4.51228
      vertex 8.6591 -1 -4.13294
      vertex 8.56528 -1 -4.41861
    endloop
  endfacet
  facet normal -0.938332 0.156782 0.308144
    outer loop
      vertex 8.6591 -1 -4.13294
      vertex 8.29195 -2.45181 -4.51228
      vertex 8.40452 -2.47988 -4.15521
    endloop
  endfacet
  facet normal -0.895685 0.31979 -0.309002
    outer loop
      vertex 8.83112 0 -14.5149
      vertex 8.40452 -2.47988 -15.8448
      vertex 8.79807 0 -14.4191
    endloop
  endfacet
  facet normal 0.000763358 -0.000746265 0.999999
    outer loop
      vertex 10.9189 -1 -3.51357
      vertex 10.2796 -3.26195 -3.51477
      vertex 10.932 -1 -3.51358
    endloop
  endfacet
  facet normal 0.000905542 -0.000786451 0.999999
    outer loop
      vertex 10.2796 -3.26195 -3.51477
      vertex 10.9189 -1 -3.51357
      vertex 10.2411 -3.30628 -3.51477
    endloop
  endfacet
  facet normal -0.00357141 0.000195537 0.999994
    outer loop
      vertex 9.25982 -2.69313 -3.51477
      vertex 9.51772 -1 -3.51418
      vertex 9.51492 -1 -3.51419
    endloop
  endfacet
  facet normal -0.00537625 0.000470457 0.999985
    outer loop
      vertex 9.51772 -1 -3.51418
      vertex 9.25982 -2.69313 -3.51477
      vertex 9.2547 -2.75164 -3.51477
    endloop
  endfacet
  facet normal -0.985061 0.172208 0
    outer loop
      vertex 8.72058 0 -14.1933
      vertex 8.54576 -1 -7.67699
      vertex 8.72058 0 -8.15776
    endloop
  endfacet
  facet normal -0.98506 0.17221 2.60981e-07
    outer loop
      vertex 8.29195 -2.45181 -15.4877
      vertex 8.54576 -1 -7.67699
      vertex 8.72058 0 -14.1933
    endloop
  endfacet
  facet normal -0.98506 0.172211 0
    outer loop
      vertex 8.29195 -2.45181 -4.51228
      vertex 8.54576 -1 -7.67699
      vertex 8.29195 -2.45181 -15.4877
    endloop
  endfacet
  facet normal -0.98506 0.172211 0
    outer loop
      vertex 8.54576 -1 -7.67699
      vertex 8.29195 -2.45181 -4.51228
      vertex 8.54576 -1 -4.47853
    endloop
  endfacet
  facet normal 0.00156373 -0.00097711 0.999998
    outer loop
      vertex 10.932 -1 -3.51358
      vertex 10.2796 -3.26195 -3.51477
      vertex 11.693 -1 -3.51477
    endloop
  endfacet
  facet normal -0.58534 0.0910164 0.805663
    outer loop
      vertex 8.87463 -1 -3.8387
      vertex 8.61864 -2.53327 -3.85147
      vertex 8.92981 -1 -3.79861
    endloop
  endfacet
  facet normal -0.000444444 -0.000484517 1
    outer loop
      vertex 10.2124 -1 -3.51356
      vertex 10.0209 -3.32167 -3.51477
      vertex 10.2349 -1 -3.51355
    endloop
  endfacet
  facet normal -0.0011976 -0.000269892 0.999999
    outer loop
      vertex 9.7033 -1 -3.51376
      vertex 9.2547 -2.75164 -3.51477
      vertex 9.71165 -1 -3.51375
    endloop
  endfacet
  facet normal -0.00226317 3.00304e-06 0.999997
    outer loop
      vertex 9.51772 -1 -3.51418
      vertex 9.2547 -2.75164 -3.51477
      vertex 9.7033 -1 -3.51376
    endloop
  endfacet
  facet normal -0.306911 0.0459159 0.95063
    outer loop
      vertex 9.23671 -1 -3.60401
      vertex 9.25982 -2.69313 -3.51477
      vertex 9.51492 -1 -3.51419
    endloop
  endfacet
  facet normal -0.306894 0.0459164 0.950635
    outer loop
      vertex 9.25982 -2.69313 -3.51477
      vertex 9.23671 -1 -3.60401
      vertex 8.91336 -2.60675 -3.63079
    endloop
  endfacet
  facet normal -0.896399 0.319117 -0.307626
    outer loop
      vertex 8.79807 0 -14.4191
      vertex 8.29195 -2.45181 -15.4877
      vertex 8.72058 0 -14.1933
    endloop
  endfacet
  facet normal -0.896385 0.319127 -0.307656
    outer loop
      vertex 8.29195 -2.45181 -15.4877
      vertex 8.79807 0 -14.4191
      vertex 8.40452 -2.47988 -15.8448
    endloop
  endfacet
  facet normal 0.00047619 -0.000662105 1
    outer loop
      vertex 10.8858 -1 -3.51355
      vertex 10.2411 -3.30628 -3.51477
      vertex 10.9068 -1 -3.51356
    endloop
  endfacet
  facet normal 0.000381509 -0.000635638 1
    outer loop
      vertex 10.2411 -3.30628 -3.51477
      vertex 10.8858 -1 -3.51355
      vertex 10.1907 -3.33653 -3.51477
    endloop
  endfacet
  facet normal -0.000815993 -0.000366546 1
    outer loop
      vertex 9.26791 -2.80886 -3.51477
      vertex 9.76665 -1 -3.5137
      vertex 9.74214 -1 -3.51372
    endloop
  endfacet
  facet normal -0.000674869 -0.000405457 1
    outer loop
      vertex 9.76665 -1 -3.5137
      vertex 9.26791 -2.80886 -3.51477
      vertex 9.29816 -2.85921 -3.51477
    endloop
  endfacet
  facet normal 0.000826446 -0.000763205 0.999999
    outer loop
      vertex 10.9068 -1 -3.51356
      vertex 10.2411 -3.30628 -3.51477
      vertex 10.9189 -1 -3.51357
    endloop
  endfacet
  facet normal -0.00035461 -0.000492798 1
    outer loop
      vertex 10.0209 -3.32167 -3.51477
      vertex 10.2631 -1 -3.51354
      vertex 10.2349 -1 -3.51355
    endloop
  endfacet
  facet normal -0.00021522 -0.000507339 1
    outer loop
      vertex 10.2631 -1 -3.51354
      vertex 10.0209 -3.32167 -3.51477
      vertex 10.075 -3.34462 -3.51477
    endloop
  endfacet
  facet normal -0.000330688 -0.000494177 1
    outer loop
      vertex 9.29816 -2.85921 -3.51477
      vertex 9.81593 -1 -3.51368
      vertex 9.78569 -1 -3.51369
    endloop
  endfacet
  facet normal -0.00041026 -0.000472017 1
    outer loop
      vertex 9.81593 -1 -3.51368
      vertex 9.29816 -2.85921 -3.51477
      vertex 9.34249 -2.89774 -3.51477
    endloop
  endfacet
  facet normal -0.779143 0.396997 -0.485109
    outer loop
      vertex 8.9107 0 -14.6704
      vertex 8.53523 -2.17195 -15.8448
      vertex 8.88455 0 -14.6284
    endloop
  endfacet
  facet normal -0.691842 0.432309 -0.578328
    outer loop
      vertex 9.89241 0 -15.8448
      vertex 8.53523 -2.17195 -15.8448
      vertex 8.9107 0 -14.6704
    endloop
  endfacet
  facet normal -0.000302671 -0.000498858 1
    outer loop
      vertex 9.34249 -2.89774 -3.51477
      vertex 10.2124 -1 -3.51356
      vertex 9.81593 -1 -3.51368
    endloop
  endfacet
  facet normal -0.000309713 -0.00049563 1
    outer loop
      vertex 10.2124 -1 -3.51356
      vertex 9.34249 -2.89774 -3.51477
      vertex 10.0209 -3.32167 -3.51477
    endloop
  endfacet
  facet normal -0.582396 0.0903421 0.80787
    outer loop
      vertex 8.92981 -1 -3.79861
      vertex 8.91336 -2.60675 -3.63079
      vertex 9.16944 -1 -3.62586
    endloop
  endfacet
  facet normal -0.582393 0.0903423 0.807872
    outer loop
      vertex 8.91336 -2.60675 -3.63079
      vertex 8.92981 -1 -3.79861
      vertex 8.61864 -2.53327 -3.85147
    endloop
  endfacet
  facet normal -0.308592 0.0462676 0.950069
    outer loop
      vertex 9.16944 -1 -3.62586
      vertex 8.91336 -2.60675 -3.63079
      vertex 9.23671 -1 -3.60401
    endloop
  endfacet
  facet normal 0 -0.000522142 1
    outer loop
      vertex 10.8674 -1 -3.51355
      vertex 10.1907 -3.33653 -3.51477
      vertex 10.8858 -1 -3.51355
    endloop
  endfacet
  facet normal 0 -0.000523462 1
    outer loop
      vertex 10.2875 -1 -3.51354
      vertex 10.1335 -3.34974 -3.51477
      vertex 10.317 -1 -3.51354
    endloop
  endfacet
  facet normal -4.55528e-05 -0.000520477 1
    outer loop
      vertex 10.1335 -3.34974 -3.51477
      vertex 10.2875 -1 -3.51354
      vertex 10.075 -3.34462 -3.51477
    endloop
  endfacet
  facet normal 0 -0.000524605 1
    outer loop
      vertex 10.2631 -1 -3.51354
      vertex 10.075 -3.34462 -3.51477
      vertex 10.2875 -1 -3.51354
    endloop
  endfacet
  facet normal -0.844616 0.358519 -0.397602
    outer loop
      vertex 8.53523 -2.17195 -15.8448
      vertex 8.83112 0 -14.5149
      vertex 8.88455 0 -14.6284
    endloop
  endfacet
  facet normal -0.844613 0.358521 -0.397607
    outer loop
      vertex 8.83112 0 -14.5149
      vertex 8.53523 -2.17195 -15.8448
      vertex 8.40452 -2.47988 -15.8448
    endloop
  endfacet
  facet normal -0.00052521 -0.000443169 1
    outer loop
      vertex 9.76665 -1 -3.5137
      vertex 9.29816 -2.85921 -3.51477
      vertex 9.78569 -1 -3.51369
    endloop
  endfacet
  facet normal -0.7027 0.111468 0.7027
    outer loop
      vertex 8.87424 -1 -3.83909
      vertex 8.61864 -2.53327 -3.85147
      vertex 8.87463 -1 -3.8387
    endloop
  endfacet
  facet normal 0.000374532 -0.000630613 1
    outer loop
      vertex 10.8407 -1 -3.51354
      vertex 10.1907 -3.33653 -3.51477
      vertex 10.8674 -1 -3.51355
    endloop
  endfacet
  facet normal 0.000129921 -0.000562564 1
    outer loop
      vertex 10.1907 -3.33653 -3.51477
      vertex 10.8407 -1 -3.51354
      vertex 10.1335 -3.34974 -3.51477
    endloop
  endfacet
  facet normal 0 -0.000523462 1
    outer loop
      vertex 10.8176 -1 -3.51354
      vertex 10.1335 -3.34974 -3.51477
      vertex 10.8407 -1 -3.51354
    endloop
  endfacet
  facet normal 0 -0.000523462 1
    outer loop
      vertex 10.317 -1 -3.51354
      vertex 10.1335 -3.34974 -3.51477
      vertex 10.8176 -1 -3.51354
    endloop
  endfacet
  facet normal 1 0 0
    outer loop
      vertex 70 26 22
      vertex 70 24 18.2
      vertex 70 26 6
    endloop
  endfacet
  facet normal 1 -0 0
    outer loop
      vertex 70 2.5 22
      vertex 70 24 18.2
      vertex 70 26 22
    endloop
  endfacet
  facet normal 1 -0 0
    outer loop
      vertex 70 2.5 19.4
      vertex 70 24 18.2
      vertex 70 2.5 22
    endloop
  endfacet
  facet normal 1 0 0
    outer loop
      vertex 70 2.5 19.4
      vertex 70 2 18.2
      vertex 70 24 18.2
    endloop
  endfacet
  facet normal 1 0 0
    outer loop
      vertex 70 0 6
      vertex 70 2 18.2
      vertex 70 0 19.4
    endloop
  endfacet
  facet normal 1 -0 0
    outer loop
      vertex 70 0 19.4
      vertex 70 2 18.2
      vertex 70 2.5 19.4
    endloop
  endfacet
  facet normal 1 -0 0
    outer loop
      vertex 70 24 6.8
      vertex 70 26 6
      vertex 70 24 18.2
    endloop
  endfacet
  facet normal 1 -0 0
    outer loop
      vertex 70 2 6.8
      vertex 70 26 6
      vertex 70 24 6.8
    endloop
  endfacet
  facet normal 1 0 0
    outer loop
      vertex 70 2 6.8
      vertex 70 0 6
      vertex 70 26 6
    endloop
  endfacet
  facet normal 1 0 0
    outer loop
      vertex 70 2 18.2
      vertex 70 0 6
      vertex 70 2 6.8
    endloop
  endfacet
  facet normal -0 0 1
    outer loop
      vertex 66 26 22
      vertex 70 2.5 22
      vertex 70 26 22
    endloop
  endfacet
  facet normal 0 0 1
    outer loop
      vertex 70 2.5 22
      vertex 66 26 22
      vertex 66 2.5 22
    endloop
  endfacet
  facet normal 0 0 -1
    outer loop
      vertex 68.9801 2.09939 6
      vertex 70 0 6
      vertex 69.0462 1.93992 6
    endloop
  endfacet
  facet normal 0 0 -1
    outer loop
      vertex 70 26 6
      vertex 69.0865 24.2279 6
      vertex 69.1 24.4 6
    endloop
  endfacet
  facet normal 0 0 -1
    outer loop
      vertex 70 0 6
      vertex 68.9801 2.09939 6
      vertex 70 26 6
    endloop
  endfacet
  facet normal 0 0 -1
    outer loop
      vertex 70 26 6
      vertex 69.0462 24.0601 6
      vertex 69.0865 24.2279 6
    endloop
  endfacet
  facet normal 0 0 -1
    outer loop
      vertex 68.9801 23.9006 6
      vertex 70 26 6
      vertex 68.9801 2.09939 6
    endloop
  endfacet
  facet normal 0 0 -1
    outer loop
      vertex 70 26 6
      vertex 68.9801 23.9006 6
      vertex 69.0462 24.0601 6
    endloop
  endfacet
  facet normal 0 0 -1
    outer loop
      vertex 68.8899 2.24656 6
      vertex 68.9801 23.9006 6
      vertex 68.9801 2.09939 6
    endloop
  endfacet
  facet normal 0 0 -1
    outer loop
      vertex 68.8899 2.24656 6
      vertex 68.8899 23.7534 6
      vertex 68.9801 23.9006 6
    endloop
  endfacet
  facet normal 0 0 -1
    outer loop
      vertex 68.7778 2.37782 6
      vertex 68.8899 23.7534 6
      vertex 68.8899 2.24656 6
    endloop
  endfacet
  facet normal 0 0 -1
    outer loop
      vertex 68.7778 2.37782 6
      vertex 68.7778 23.6222 6
      vertex 68.8899 23.7534 6
    endloop
  endfacet
  facet normal 0 0 -1
    outer loop
      vertex 68.6466 2.48992 6
      vertex 68.7778 23.6222 6
      vertex 68.7778 2.37782 6
    endloop
  endfacet
  facet normal 0 0 -1
    outer loop
      vertex 68.6466 2.48992 6
      vertex 68.6466 23.5101 6
      vertex 68.7778 23.6222 6
    endloop
  endfacet
  facet normal 0 0 -1
    outer loop
      vertex 68.4994 2.58011 6
      vertex 68.6466 23.5101 6
      vertex 68.6466 2.48992 6
    endloop
  endfacet
  facet normal 0 0 -1
    outer loop
      vertex 68.4994 2.58011 6
      vertex 68.4994 23.4199 6
      vertex 68.6466 23.5101 6
    endloop
  endfacet
  facet normal 0 0 -1
    outer loop
      vertex 68.3399 2.64616 6
      vertex 68.4994 23.4199 6
      vertex 68.4994 2.58011 6
    endloop
  endfacet
  facet normal 0 0 -1
    outer loop
      vertex 68.3399 2.64616 6
      vertex 68.3399 23.3538 6
      vertex 68.4994 23.4199 6
    endloop
  endfacet
  facet normal 0 0 -1
    outer loop
      vertex 68.1721 2.68646 6
      vertex 68.3399 23.3538 6
      vertex 68.3399 2.64616 6
    endloop
  endfacet
  facet normal 0 0 -1
    outer loop
      vertex 68.1721 2.68646 6
      vertex 68.1721 23.3135 6
      vertex 68.3399 23.3538 6
    endloop
  endfacet
  facet normal 0 0 -1
    outer loop
      vertex 68 2.7 6
      vertex 68.1721 23.3135 6
      vertex 68.1721 2.68646 6
    endloop
  endfacet
  facet normal 0 0 -1
    outer loop
      vertex 68 2.7 6
      vertex 68 23.3 6
      vertex 68.1721 23.3135 6
    endloop
  endfacet
  facet normal 0 0 -1
    outer loop
      vertex 67.8279 2.68646 6
      vertex 68 23.3 6
      vertex 68 2.7 6
    endloop
  endfacet
  facet normal 0 0 -1
    outer loop
      vertex 67.8279 2.68646 6
      vertex 67.8279 23.3135 6
      vertex 68 23.3 6
    endloop
  endfacet
  facet normal 0 0 -1
    outer loop
      vertex 67.6601 2.64616 6
      vertex 67.8279 23.3135 6
      vertex 67.8279 2.68646 6
    endloop
  endfacet
  facet normal 0 0 -1
    outer loop
      vertex 67.6601 2.64616 6
      vertex 67.6601 23.3538 6
      vertex 67.8279 23.3135 6
    endloop
  endfacet
  facet normal 0 0 -1
    outer loop
      vertex 67.5006 2.58011 6
      vertex 67.6601 23.3538 6
      vertex 67.6601 2.64616 6
    endloop
  endfacet
  facet normal 0 0 -1
    outer loop
      vertex 67.5006 2.58011 6
      vertex 67.5006 23.4199 6
      vertex 67.6601 23.3538 6
    endloop
  endfacet
  facet normal 0 0 -1
    outer loop
      vertex 67.3534 2.48992 6
      vertex 67.5006 23.4199 6
      vertex 67.5006 2.58011 6
    endloop
  endfacet
  facet normal 0 0 -1
    outer loop
      vertex 67.3534 2.48992 6
      vertex 67.3534 23.5101 6
      vertex 67.5006 23.4199 6
    endloop
  endfacet
  facet normal 0 0 -1
    outer loop
      vertex 67.2222 2.37782 6
      vertex 67.3534 23.5101 6
      vertex 67.3534 2.48992 6
    endloop
  endfacet
  facet normal 0 0 -1
    outer loop
      vertex 67.2222 2.37782 6
      vertex 67.2222 23.6222 6
      vertex 67.3534 23.5101 6
    endloop
  endfacet
  facet normal 0 0 -1
    outer loop
      vertex 67.1101 2.24656 6
      vertex 67.2222 23.6222 6
      vertex 67.2222 2.37782 6
    endloop
  endfacet
  facet normal 0 0 -1
    outer loop
      vertex 67.1101 2.24656 6
      vertex 67.1101 23.7534 6
      vertex 67.2222 23.6222 6
    endloop
  endfacet
  facet normal 0 0 -1
    outer loop
      vertex 67.0199 2.09939 6
      vertex 67.1101 23.7534 6
      vertex 67.1101 2.24656 6
    endloop
  endfacet
  facet normal 0 0 -1
    outer loop
      vertex 67.0199 2.09939 6
      vertex 67.0199 23.9006 6
      vertex 67.1101 23.7534 6
    endloop
  endfacet
  facet normal 0 0 -1
    outer loop
      vertex 66 0 6
      vertex 67.0199 2.09939 6
      vertex 66.9538 1.93992 6
    endloop
  endfacet
  facet normal -0 0 -1
    outer loop
      vertex 67.0199 2.09939 6
      vertex 66 0 6
      vertex 67.0199 23.9006 6
    endloop
  endfacet
  facet normal 0 0 -1
    outer loop
      vertex 66 0 6
      vertex 66.9538 1.93992 6
      vertex 66.9135 1.77208 6
    endloop
  endfacet
  facet normal 0 0 -1
    outer loop
      vertex 66 26 6
      vertex 67.0199 23.9006 6
      vertex 66 0 6
    endloop
  endfacet
  facet normal 0 0 -1
    outer loop
      vertex 66 0 6
      vertex 66.9135 1.77208 6
      vertex 66.9 1.6 6
    endloop
  endfacet
  facet normal 0 0 -1
    outer loop
      vertex 67.0199 23.9006 6
      vertex 66 26 6
      vertex 66.9538 24.0601 6
    endloop
  endfacet
  facet normal 0 0 -1
    outer loop
      vertex 69.0865 1.77208 6
      vertex 70 0 6
      vertex 69.1 1.6 6
    endloop
  endfacet
  facet normal 0 0 -1
    outer loop
      vertex 70 0 6
      vertex 69.0865 1.42792 6
      vertex 69.1 1.6 6
    endloop
  endfacet
  facet normal 0 0 -1
    outer loop
      vertex 70 0 6
      vertex 69.0462 1.26008 6
      vertex 69.0865 1.42792 6
    endloop
  endfacet
  facet normal 0 0 -1
    outer loop
      vertex 70 0 6
      vertex 68.9801 1.10061 6
      vertex 69.0462 1.26008 6
    endloop
  endfacet
  facet normal 0 0 -1
    outer loop
      vertex 70 0 6
      vertex 68.8899 0.953436 6
      vertex 68.9801 1.10061 6
    endloop
  endfacet
  facet normal 0 0 -1
    outer loop
      vertex 70 0 6
      vertex 68.7778 0.822182 6
      vertex 68.8899 0.953436 6
    endloop
  endfacet
  facet normal 0 0 -1
    outer loop
      vertex 70 0 6
      vertex 68.6466 0.710081 6
      vertex 68.7778 0.822182 6
    endloop
  endfacet
  facet normal 0 0 -1
    outer loop
      vertex 70 0 6
      vertex 68.4994 0.619892 6
      vertex 68.6466 0.710081 6
    endloop
  endfacet
  facet normal 0 0 -1
    outer loop
      vertex 70 0 6
      vertex 68.3399 0.553838 6
      vertex 68.4994 0.619892 6
    endloop
  endfacet
  facet normal 0 0 -1
    outer loop
      vertex 70 0 6
      vertex 68.1721 0.513542 6
      vertex 68.3399 0.553838 6
    endloop
  endfacet
  facet normal 0 0 -1
    outer loop
      vertex 70 0 6
      vertex 68 0.5 6
      vertex 68.1721 0.513542 6
    endloop
  endfacet
  facet normal 0 0 -1
    outer loop
      vertex 66 0 6
      vertex 68 0.5 6
      vertex 70 0 6
    endloop
  endfacet
  facet normal 0 0 -1
    outer loop
      vertex 66.9538 24.0601 6
      vertex 66 26 6
      vertex 66.9135 24.2279 6
    endloop
  endfacet
  facet normal -0 0 -1
    outer loop
      vertex 66.9135 1.42792 6
      vertex 66 0 6
      vertex 66.9 1.6 6
    endloop
  endfacet
  facet normal -0 0 -1
    outer loop
      vertex 66.9538 1.26008 6
      vertex 66 0 6
      vertex 66.9135 1.42792 6
    endloop
  endfacet
  facet normal -0 0 -1
    outer loop
      vertex 67.0199 1.10061 6
      vertex 66 0 6
      vertex 66.9538 1.26008 6
    endloop
  endfacet
  facet normal -0 0 -1
    outer loop
      vertex 67.1101 0.953436 6
      vertex 66 0 6
      vertex 67.0199 1.10061 6
    endloop
  endfacet
  facet normal -0 0 -1
    outer loop
      vertex 67.2222 0.822182 6
      vertex 66 0 6
      vertex 67.1101 0.953436 6
    endloop
  endfacet
  facet normal -0 0 -1
    outer loop
      vertex 67.3534 0.710081 6
      vertex 66 0 6
      vertex 67.2222 0.822182 6
    endloop
  endfacet
  facet normal -0 0 -1
    outer loop
      vertex 67.5006 0.619892 6
      vertex 66 0 6
      vertex 67.3534 0.710081 6
    endloop
  endfacet
  facet normal -0 0 -1
    outer loop
      vertex 67.6601 0.553838 6
      vertex 66 0 6
      vertex 67.5006 0.619892 6
    endloop
  endfacet
  facet normal -0 0 -1
    outer loop
      vertex 67.8279 0.513542 6
      vertex 66 0 6
      vertex 67.6601 0.553838 6
    endloop
  endfacet
  facet normal -0 0 -1
    outer loop
      vertex 68 0.5 6
      vertex 66 0 6
      vertex 67.8279 0.513542 6
    endloop
  endfacet
  facet normal 0 0 -1
    outer loop
      vertex 69.0462 1.93992 6
      vertex 70 0 6
      vertex 69.0865 1.77208 6
    endloop
  endfacet
  facet normal 0 0 -1
    outer loop
      vertex 69.0865 24.5721 6
      vertex 70 26 6
      vertex 69.1 24.4 6
    endloop
  endfacet
  facet normal 0 0 -1
    outer loop
      vertex 69.0462 24.7399 6
      vertex 70 26 6
      vertex 69.0865 24.5721 6
    endloop
  endfacet
  facet normal 0 0 -1
    outer loop
      vertex 68.9801 24.8994 6
      vertex 70 26 6
      vertex 69.0462 24.7399 6
    endloop
  endfacet
  facet normal 0 0 -1
    outer loop
      vertex 68.8899 25.0466 6
      vertex 70 26 6
      vertex 68.9801 24.8994 6
    endloop
  endfacet
  facet normal 0 0 -1
    outer loop
      vertex 68.7778 25.1778 6
      vertex 70 26 6
      vertex 68.8899 25.0466 6
    endloop
  endfacet
  facet normal 0 0 -1
    outer loop
      vertex 68.6466 25.2899 6
      vertex 70 26 6
      vertex 68.7778 25.1778 6
    endloop
  endfacet
  facet normal 0 0 -1
    outer loop
      vertex 68.4994 25.3801 6
      vertex 70 26 6
      vertex 68.6466 25.2899 6
    endloop
  endfacet
  facet normal 0 0 -1
    outer loop
      vertex 68.3399 25.4462 6
      vertex 70 26 6
      vertex 68.4994 25.3801 6
    endloop
  endfacet
  facet normal 0 0 -1
    outer loop
      vertex 68.1721 25.4865 6
      vertex 70 26 6
      vertex 68.3399 25.4462 6
    endloop
  endfacet
  facet normal 0 0 -1
    outer loop
      vertex 68 25.5 6
      vertex 70 26 6
      vertex 68.1721 25.4865 6
    endloop
  endfacet
  facet normal 0 0 -1
    outer loop
      vertex 66 26 6
      vertex 68 25.5 6
      vertex 67.8279 25.4865 6
    endloop
  endfacet
  facet normal 0 0 -1
    outer loop
      vertex 68 25.5 6
      vertex 66 26 6
      vertex 70 26 6
    endloop
  endfacet
  facet normal 0 0 -1
    outer loop
      vertex 67.6601 25.4462 6
      vertex 66 26 6
      vertex 67.8279 25.4865 6
    endloop
  endfacet
  facet normal 0 0 -1
    outer loop
      vertex 67.5006 25.3801 6
      vertex 66 26 6
      vertex 67.6601 25.4462 6
    endloop
  endfacet
  facet normal 0 0 -1
    outer loop
      vertex 67.3534 25.2899 6
      vertex 66 26 6
      vertex 67.5006 25.3801 6
    endloop
  endfacet
  facet normal 0 0 -1
    outer loop
      vertex 67.2222 25.1778 6
      vertex 66 26 6
      vertex 67.3534 25.2899 6
    endloop
  endfacet
  facet normal 0 0 -1
    outer loop
      vertex 67.1101 25.0466 6
      vertex 66 26 6
      vertex 67.2222 25.1778 6
    endloop
  endfacet
  facet normal 0 0 -1
    outer loop
      vertex 67.0199 24.8994 6
      vertex 66 26 6
      vertex 67.1101 25.0466 6
    endloop
  endfacet
  facet normal 0 0 -1
    outer loop
      vertex 66.9538 24.7399 6
      vertex 66 26 6
      vertex 67.0199 24.8994 6
    endloop
  endfacet
  facet normal 0 0 -1
    outer loop
      vertex 66.9135 24.5721 6
      vertex 66 26 6
      vertex 66.9538 24.7399 6
    endloop
  endfacet
  facet normal 0 0 -1
    outer loop
      vertex 66.9 24.4 6
      vertex 66 26 6
      vertex 66.9135 24.5721 6
    endloop
  endfacet
  facet normal 0 0 -1
    outer loop
      vertex 66.9135 24.2279 6
      vertex 66 26 6
      vertex 66.9 24.4 6
    endloop
  endfacet
  facet normal 0 1 -0
    outer loop
      vertex 70 26 6
      vertex 66 26 22
      vertex 70 26 22
    endloop
  endfacet
  facet normal 0 1 0
    outer loop
      vertex 66 26 22
      vertex 70 26 6
      vertex 66 26 6
    endloop
  endfacet
  facet normal -0 0 1
    outer loop
      vertex -76 6 22
      vertex -66 2.5 22
      vertex -66 6 22
    endloop
  endfacet
  facet normal 0 0 1
    outer loop
      vertex -66 2.5 22
      vertex -76 6 22
      vertex -76 2.5 22
    endloop
  endfacet
  facet normal 0 0 -1
    outer loop
      vertex -66 0 6
      vertex -67.9 3 6
      vertex -66 6 6
    endloop
  endfacet
  facet normal 0 0 -1
    outer loop
      vertex -66 0 6
      vertex -67.9135 2.82792 6
      vertex -67.9 3 6
    endloop
  endfacet
  facet normal 0 0 -1
    outer loop
      vertex -66 0 6
      vertex -67.9538 2.66008 6
      vertex -67.9135 2.82792 6
    endloop
  endfacet
  facet normal 0 0 -1
    outer loop
      vertex -66 0 6
      vertex -68.0199 2.50061 6
      vertex -67.9538 2.66008 6
    endloop
  endfacet
  facet normal 0 0 -1
    outer loop
      vertex -66 0 6
      vertex -68.1101 2.35344 6
      vertex -68.0199 2.50061 6
    endloop
  endfacet
  facet normal 0 0 -1
    outer loop
      vertex -66 0 6
      vertex -68.2222 2.22218 6
      vertex -68.1101 2.35344 6
    endloop
  endfacet
  facet normal 0 0 -1
    outer loop
      vertex -66 0 6
      vertex -68.3534 2.11008 6
      vertex -68.2222 2.22218 6
    endloop
  endfacet
  facet normal 0 0 -1
    outer loop
      vertex -66 0 6
      vertex -68.5006 2.01989 6
      vertex -68.3534 2.11008 6
    endloop
  endfacet
  facet normal 0 0 -1
    outer loop
      vertex -66 0 6
      vertex -68.6601 1.95384 6
      vertex -68.5006 2.01989 6
    endloop
  endfacet
  facet normal 0 0 -1
    outer loop
      vertex -66 0 6
      vertex -68.8279 1.91354 6
      vertex -68.6601 1.95384 6
    endloop
  endfacet
  facet normal 0 0 -1
    outer loop
      vertex -66 0 6
      vertex -69 1.9 6
      vertex -68.8279 1.91354 6
    endloop
  endfacet
  facet normal 0 0 -1
    outer loop
      vertex -66 0 6
      vertex -69.1721 1.91354 6
      vertex -69 1.9 6
    endloop
  endfacet
  facet normal 0 0 -1
    outer loop
      vertex -66 0 6
      vertex -69.3399 1.95384 6
      vertex -69.1721 1.91354 6
    endloop
  endfacet
  facet normal 0 0 -1
    outer loop
      vertex -76 0 6
      vertex -69.3399 1.95384 6
      vertex -66 0 6
    endloop
  endfacet
  facet normal 0 0 -1
    outer loop
      vertex -70.0865 2.82792 6
      vertex -72.9 3 6
      vertex -70.1 3 6
    endloop
  endfacet
  facet normal 0 0 -1
    outer loop
      vertex -72.9135 2.82792 6
      vertex -70.0865 2.82792 6
      vertex -70.0462 2.66008 6
    endloop
  endfacet
  facet normal 0 0 -1
    outer loop
      vertex -72.9538 2.66008 6
      vertex -70.0462 2.66008 6
      vertex -69.9801 2.50061 6
    endloop
  endfacet
  facet normal 0 0 -1
    outer loop
      vertex -73.0199 2.50061 6
      vertex -69.9801 2.50061 6
      vertex -69.8899 2.35344 6
    endloop
  endfacet
  facet normal 0 0 -1
    outer loop
      vertex -73.1101 2.35344 6
      vertex -69.8899 2.35344 6
      vertex -69.7778 2.22218 6
    endloop
  endfacet
  facet normal 0 0 -1
    outer loop
      vertex -73.2222 2.22218 6
      vertex -69.7778 2.22218 6
      vertex -69.6466 2.11008 6
    endloop
  endfacet
  facet normal 0 0 -1
    outer loop
      vertex -73.3534 2.11008 6
      vertex -69.6466 2.11008 6
      vertex -69.4994 2.01989 6
    endloop
  endfacet
  facet normal -0 0 -1
    outer loop
      vertex -69.3399 1.95384 6
      vertex -76 0 6
      vertex -69.4994 2.01989 6
    endloop
  endfacet
  facet normal 0 0 -1
    outer loop
      vertex -70.0865 2.82792 6
      vertex -72.9135 2.82792 6
      vertex -72.9 3 6
    endloop
  endfacet
  facet normal 0 0 -1
    outer loop
      vertex -70.0462 2.66008 6
      vertex -72.9538 2.66008 6
      vertex -72.9135 2.82792 6
    endloop
  endfacet
  facet normal 0 0 -1
    outer loop
      vertex -69.9801 2.50061 6
      vertex -73.0199 2.50061 6
      vertex -72.9538 2.66008 6
    endloop
  endfacet
  facet normal 0 0 -1
    outer loop
      vertex -69.8899 2.35344 6
      vertex -73.1101 2.35344 6
      vertex -73.0199 2.50061 6
    endloop
  endfacet
  facet normal 0 0 -1
    outer loop
      vertex -69.7778 2.22218 6
      vertex -73.2222 2.22218 6
      vertex -73.1101 2.35344 6
    endloop
  endfacet
  facet normal 0 0 -1
    outer loop
      vertex -69.6466 2.11008 6
      vertex -73.3534 2.11008 6
      vertex -73.2222 2.22218 6
    endloop
  endfacet
  facet normal 0 0 -1
    outer loop
      vertex -69.4994 2.01989 6
      vertex -73.5006 2.01989 6
      vertex -73.3534 2.11008 6
    endloop
  endfacet
  facet normal -0 0 -1
    outer loop
      vertex -69.4994 2.01989 6
      vertex -76 0 6
      vertex -73.5006 2.01989 6
    endloop
  endfacet
  facet normal 0 0 -1
    outer loop
      vertex -73.5006 2.01989 6
      vertex -76 0 6
      vertex -73.6601 1.95384 6
    endloop
  endfacet
  facet normal 0 0 -1
    outer loop
      vertex -73.6601 1.95384 6
      vertex -76 0 6
      vertex -73.8279 1.91354 6
    endloop
  endfacet
  facet normal 0 0 -1
    outer loop
      vertex -73.8279 1.91354 6
      vertex -76 0 6
      vertex -74 1.9 6
    endloop
  endfacet
  facet normal -0 0 -1
    outer loop
      vertex -75.0865 2.82792 6
      vertex -76 0 6
      vertex -75.1 3 6
    endloop
  endfacet
  facet normal -0 0 -1
    outer loop
      vertex -75.0462 2.66008 6
      vertex -76 0 6
      vertex -75.0865 2.82792 6
    endloop
  endfacet
  facet normal -0 0 -1
    outer loop
      vertex -74.9801 2.50061 6
      vertex -76 0 6
      vertex -75.0462 2.66008 6
    endloop
  endfacet
  facet normal -0 0 -1
    outer loop
      vertex -74.8899 2.35344 6
      vertex -76 0 6
      vertex -74.9801 2.50061 6
    endloop
  endfacet
  facet normal -0 0 -1
    outer loop
      vertex -74.7778 2.22218 6
      vertex -76 0 6
      vertex -74.8899 2.35344 6
    endloop
  endfacet
  facet normal -0 0 -1
    outer loop
      vertex -74.6466 2.11008 6
      vertex -76 0 6
      vertex -74.7778 2.22218 6
    endloop
  endfacet
  facet normal -0 0 -1
    outer loop
      vertex -74.4994 2.01989 6
      vertex -76 0 6
      vertex -74.6466 2.11008 6
    endloop
  endfacet
  facet normal -0 0 -1
    outer loop
      vertex -74.3399 1.95384 6
      vertex -76 0 6
      vertex -74.4994 2.01989 6
    endloop
  endfacet
  facet normal -0 0 -1
    outer loop
      vertex -74.1721 1.91354 6
      vertex -76 0 6
      vertex -74.3399 1.95384 6
    endloop
  endfacet
  facet normal -0 0 -1
    outer loop
      vertex -74 1.9 6
      vertex -76 0 6
      vertex -74.1721 1.91354 6
    endloop
  endfacet
  facet normal 0 0 -1
    outer loop
      vertex -67.9135 3.17208 6
      vertex -66 6 6
      vertex -67.9 3 6
    endloop
  endfacet
  facet normal 0 0 -1
    outer loop
      vertex -67.9538 3.33992 6
      vertex -66 6 6
      vertex -67.9135 3.17208 6
    endloop
  endfacet
  facet normal 0 0 -1
    outer loop
      vertex -68.0199 3.49939 6
      vertex -66 6 6
      vertex -67.9538 3.33992 6
    endloop
  endfacet
  facet normal 0 0 -1
    outer loop
      vertex -68.1101 3.64656 6
      vertex -66 6 6
      vertex -68.0199 3.49939 6
    endloop
  endfacet
  facet normal 0 0 -1
    outer loop
      vertex -68.2222 3.77782 6
      vertex -66 6 6
      vertex -68.1101 3.64656 6
    endloop
  endfacet
  facet normal 0 0 -1
    outer loop
      vertex -68.3534 3.88992 6
      vertex -66 6 6
      vertex -68.2222 3.77782 6
    endloop
  endfacet
  facet normal 0 0 -1
    outer loop
      vertex -68.5006 3.98011 6
      vertex -66 6 6
      vertex -68.3534 3.88992 6
    endloop
  endfacet
  facet normal 0 0 -1
    outer loop
      vertex -68.6601 4.04616 6
      vertex -66 6 6
      vertex -68.5006 3.98011 6
    endloop
  endfacet
  facet normal 0 0 -1
    outer loop
      vertex -68.8279 4.08646 6
      vertex -66 6 6
      vertex -68.6601 4.04616 6
    endloop
  endfacet
  facet normal 0 0 -1
    outer loop
      vertex -69 4.1 6
      vertex -66 6 6
      vertex -68.8279 4.08646 6
    endloop
  endfacet
  facet normal 0 0 -1
    outer loop
      vertex -69.1721 4.08646 6
      vertex -66 6 6
      vertex -69 4.1 6
    endloop
  endfacet
  facet normal 0 0 -1
    outer loop
      vertex -69.3399 4.04616 6
      vertex -66 6 6
      vertex -69.1721 4.08646 6
    endloop
  endfacet
  facet normal 0 0 -1
    outer loop
      vertex -76 6 6
      vertex -69.3399 4.04616 6
      vertex -69.4994 3.98011 6
    endloop
  endfacet
  facet normal 0 0 -1
    outer loop
      vertex -72.9 3 6
      vertex -70.0865 3.17208 6
      vertex -70.1 3 6
    endloop
  endfacet
  facet normal 0 0 -1
    outer loop
      vertex -72.9135 3.17208 6
      vertex -70.0865 3.17208 6
      vertex -72.9 3 6
    endloop
  endfacet
  facet normal 0 0 -1
    outer loop
      vertex -70.0865 3.17208 6
      vertex -72.9135 3.17208 6
      vertex -70.0462 3.33992 6
    endloop
  endfacet
  facet normal 0 0 -1
    outer loop
      vertex -72.9538 3.33992 6
      vertex -70.0462 3.33992 6
      vertex -72.9135 3.17208 6
    endloop
  endfacet
  facet normal 0 0 -1
    outer loop
      vertex -70.0462 3.33992 6
      vertex -72.9538 3.33992 6
      vertex -69.9801 3.49939 6
    endloop
  endfacet
  facet normal 0 0 -1
    outer loop
      vertex -73.0199 3.49939 6
      vertex -69.9801 3.49939 6
      vertex -72.9538 3.33992 6
    endloop
  endfacet
  facet normal 0 0 -1
    outer loop
      vertex -69.9801 3.49939 6
      vertex -73.0199 3.49939 6
      vertex -69.8899 3.64656 6
    endloop
  endfacet
  facet normal 0 0 -1
    outer loop
      vertex -73.1101 3.64656 6
      vertex -69.8899 3.64656 6
      vertex -73.0199 3.49939 6
    endloop
  endfacet
  facet normal 0 0 -1
    outer loop
      vertex -69.8899 3.64656 6
      vertex -73.1101 3.64656 6
      vertex -69.7778 3.77782 6
    endloop
  endfacet
  facet normal 0 0 -1
    outer loop
      vertex -73.2222 3.77782 6
      vertex -69.7778 3.77782 6
      vertex -73.1101 3.64656 6
    endloop
  endfacet
  facet normal 0 0 -1
    outer loop
      vertex -69.7778 3.77782 6
      vertex -73.2222 3.77782 6
      vertex -69.6466 3.88992 6
    endloop
  endfacet
  facet normal 0 0 -1
    outer loop
      vertex -73.3534 3.88992 6
      vertex -69.6466 3.88992 6
      vertex -73.2222 3.77782 6
    endloop
  endfacet
  facet normal 0 0 -1
    outer loop
      vertex -69.6466 3.88992 6
      vertex -73.3534 3.88992 6
      vertex -69.4994 3.98011 6
    endloop
  endfacet
  facet normal 0 0 -1
    outer loop
      vertex -73.5006 3.98011 6
      vertex -69.4994 3.98011 6
      vertex -73.3534 3.88992 6
    endloop
  endfacet
  facet normal 0 0 -1
    outer loop
      vertex -76 6 6
      vertex -69.4994 3.98011 6
      vertex -73.5006 3.98011 6
    endloop
  endfacet
  facet normal 0 0 -1
    outer loop
      vertex -76 6 6
      vertex -73.5006 3.98011 6
      vertex -73.6601 4.04616 6
    endloop
  endfacet
  facet normal 0 0 -1
    outer loop
      vertex -76 6 6
      vertex -73.6601 4.04616 6
      vertex -73.8279 4.08646 6
    endloop
  endfacet
  facet normal 0 0 -1
    outer loop
      vertex -76 6 6
      vertex -73.8279 4.08646 6
      vertex -74 4.1 6
    endloop
  endfacet
  facet normal 0 0 -1
    outer loop
      vertex -76 6 6
      vertex -74 4.1 6
      vertex -74.1721 4.08646 6
    endloop
  endfacet
  facet normal 0 0 -1
    outer loop
      vertex -76 6 6
      vertex -75.1 3 6
      vertex -76 0 6
    endloop
  endfacet
  facet normal 0 0 -1
    outer loop
      vertex -75.1 3 6
      vertex -76 6 6
      vertex -75.0865 3.17208 6
    endloop
  endfacet
  facet normal 0 0 -1
    outer loop
      vertex -69.3399 4.04616 6
      vertex -76 6 6
      vertex -66 6 6
    endloop
  endfacet
  facet normal 0 0 -1
    outer loop
      vertex -74.3399 4.04616 6
      vertex -76 6 6
      vertex -74.1721 4.08646 6
    endloop
  endfacet
  facet normal 0 0 -1
    outer loop
      vertex -74.4994 3.98011 6
      vertex -76 6 6
      vertex -74.3399 4.04616 6
    endloop
  endfacet
  facet normal 0 0 -1
    outer loop
      vertex -74.6466 3.88992 6
      vertex -76 6 6
      vertex -74.4994 3.98011 6
    endloop
  endfacet
  facet normal 0 0 -1
    outer loop
      vertex -74.7778 3.77782 6
      vertex -76 6 6
      vertex -74.6466 3.88992 6
    endloop
  endfacet
  facet normal 0 0 -1
    outer loop
      vertex -74.8899 3.64656 6
      vertex -76 6 6
      vertex -74.7778 3.77782 6
    endloop
  endfacet
  facet normal 0 0 -1
    outer loop
      vertex -74.9801 3.49939 6
      vertex -76 6 6
      vertex -74.8899 3.64656 6
    endloop
  endfacet
  facet normal 0 0 -1
    outer loop
      vertex -75.0462 3.33992 6
      vertex -76 6 6
      vertex -74.9801 3.49939 6
    endloop
  endfacet
  facet normal 0 0 -1
    outer loop
      vertex -75.0865 3.17208 6
      vertex -76 6 6
      vertex -75.0462 3.33992 6
    endloop
  endfacet
  facet normal -1 0 0
    outer loop
      vertex -76 6 6
      vertex -76 2.5 19.4
      vertex -76 6 22
    endloop
  endfacet
  facet normal -1 0 0
    outer loop
      vertex -76 0 6
      vertex -76 2.5 19.4
      vertex -76 6 6
    endloop
  endfacet
  facet normal -1 -0 0
    outer loop
      vertex -76 2.5 19.4
      vertex -76 0 6
      vertex -76 0 19.4
    endloop
  endfacet
  facet normal -1 -0 0
    outer loop
      vertex -76 6 22
      vertex -76 2.5 19.4
      vertex -76 2.5 22
    endloop
  endfacet
  facet normal 0 1 -0
    outer loop
      vertex -66 6 6
      vertex -76 6 22
      vertex -66 6 22
    endloop
  endfacet
  facet normal 0 1 0
    outer loop
      vertex -76 6 22
      vertex -66 6 6
      vertex -76 6 6
    endloop
  endfacet
  facet normal -0.552325 0 0.833629
    outer loop
      vertex 40.4348 6 -19.6484
      vertex 40.7267 2.4 -19.455
      vertex 40.7267 6 -19.455
    endloop
  endfacet
  facet normal -0.552325 0 0.833629
    outer loop
      vertex 40.7267 2.4 -19.455
      vertex 40.4348 6 -19.6484
      vertex 40.4348 2.4 -19.6484
    endloop
  endfacet
  facet normal -0.433394 0 0.901205
    outer loop
      vertex 40.0106 6 -19.8524
      vertex 40.4348 2.4 -19.6484
      vertex 40.4348 6 -19.6484
    endloop
  endfacet
  facet normal -0.433394 0 0.901205
    outer loop
      vertex 40.4348 2.4 -19.6484
      vertex 40.0106 6 -19.8524
      vertex 40.0106 2.4 -19.8524
    endloop
  endfacet
  facet normal 0.382606 0 -0.923912
    outer loop
      vertex 10.638 2.4 5.67302
      vertex 11.073 6 5.85316
      vertex 11.073 2.4 5.85316
    endloop
  endfacet
  facet normal 0.382606 0 -0.923912
    outer loop
      vertex 11.073 6 5.85316
      vertex 10.638 2.4 5.67302
      vertex 10.638 6 5.67302
    endloop
  endfacet
  facet normal -0.996292 0 0.0860319
    outer loop
      vertex 51.8371 2.4 -2.37186
      vertex 51.8776 6 -1.90285
      vertex 51.8371 6 -2.37186
    endloop
  endfacet
  facet normal -0.996292 0 0.0860319
    outer loop
      vertex 51.8776 6 -1.90285
      vertex 51.8371 2.4 -2.37186
      vertex 51.8776 2.4 -1.90285
    endloop
  endfacet
  facet normal 0 0 -1
    outer loop
      vertex 19.8211 2.4 6
      vertex 12 2.4 6
      vertex 19.3327 2.88837 6
    endloop
  endfacet
  facet normal 0 0 -1
    outer loop
      vertex 12 6 6
      vertex 19.3327 2.88837 6
      vertex 12 2.4 6
    endloop
  endfacet
  facet normal 0 0 -1
    outer loop
      vertex 19.3327 2.88837 6
      vertex 12 6 6
      vertex 22.4444 6 6
    endloop
  endfacet
  facet normal 0 0 -1
    outer loop
      vertex 47.6577 2.4 6
      vertex 25.5556 6 6
      vertex 47.6577 6 6
    endloop
  endfacet
  facet normal 0 -0 -1
    outer loop
      vertex 25.5556 6 6
      vertex 47.6577 2.4 6
      vertex 21.9556 2.4 6
    endloop
  endfacet
  facet normal 0.923887 0 -0.382666
    outer loop
      vertex 9.32698 2.4 4.36197
      vertex 9.14684 6 3.92705
      vertex 9.32698 6 4.36197
    endloop
  endfacet
  facet normal 0.923887 0 -0.382666
    outer loop
      vertex 9.14684 6 3.92705
      vertex 9.32698 2.4 4.36197
      vertex 9.14684 2.4 3.92705
    endloop
  endfacet
  facet normal -0.286958 0 0.957943
    outer loop
      vertex 39.5596 6 -19.9875
      vertex 40.0106 2.4 -19.8524
      vertex 40.0106 6 -19.8524
    endloop
  endfacet
  facet normal -0.286958 0 0.957943
    outer loop
      vertex 40.0106 2.4 -19.8524
      vertex 39.5596 6 -19.9875
      vertex 39.5596 2.4 -19.9875
    endloop
  endfacet
  facet normal 0.910068 -0 0.414459
    outer loop
      vertex 12.5642 2.4 -15.8017
      vertex 12.7593 6 -16.2301
      vertex 12.5642 6 -15.8017
    endloop
  endfacet
  facet normal 0.910068 0 0.414459
    outer loop
      vertex 12.7593 6 -16.2301
      vertex 12.5642 2.4 -15.8017
      vertex 12.7593 2.4 -16.2301
    endloop
  endfacet
  facet normal -0.6 0 0.8
    outer loop
      vertex 40.7267 6 -19.455
      vertex 47.2503 2.4 -14.5623
      vertex 47.2503 6 -14.5623
    endloop
  endfacet
  facet normal -0.6 0 0.8
    outer loop
      vertex 47.2503 2.4 -14.5623
      vertex 40.7267 6 -19.455
      vertex 40.7267 2.4 -19.455
    endloop
  endfacet
  facet normal 0.852636 0 -0.522505
    outer loop
      vertex 9.57295 2.4 4.76335
      vertex 9.32698 6 4.36197
      vertex 9.57295 6 4.76335
    endloop
  endfacet
  facet normal 0.852636 0 -0.522505
    outer loop
      vertex 9.32698 6 4.36197
      vertex 9.57295 2.4 4.76335
      vertex 9.32698 2.4 4.36197
    endloop
  endfacet
  facet normal -0.770272 0 0.637716
    outer loop
      vertex 47.6036 2.4 -14.2512
      vertex 47.9038 6 -13.8886
      vertex 47.6036 6 -14.2512
    endloop
  endfacet
  facet normal -0.770272 0 0.637716
    outer loop
      vertex 47.9038 6 -13.8886
      vertex 47.6036 2.4 -14.2512
      vertex 47.9038 2.4 -13.8886
    endloop
  endfacet
  facet normal 0.484771 0 0.874641
    outer loop
      vertex 13.7053 6 -17.263
      vertex 14.1652 2.4 -17.5179
      vertex 14.1652 6 -17.5179
    endloop
  endfacet
  facet normal 0.484771 0 0.874641
    outer loop
      vertex 14.1652 2.4 -17.5179
      vertex 13.7053 6 -17.263
      vertex 13.7053 2.4 -17.263
    endloop
  endfacet
  facet normal -0.445565 0 -0.89525
    outer loop
      vertex 48.7797 2.4 5.78226
      vertex 49.2012 6 5.57248
      vertex 49.2012 2.4 5.57248
    endloop
  endfacet
  facet normal -0.445565 0 -0.89525
    outer loop
      vertex 49.2012 6 5.57248
      vertex 48.7797 2.4 5.78226
      vertex 48.7797 6 5.78226
    endloop
  endfacet
  facet normal 0.522486 0 -0.852648
    outer loop
      vertex 10.2366 2.4 5.42705
      vertex 10.638 6 5.67302
      vertex 10.638 2.4 5.67302
    endloop
  endfacet
  facet normal 0.522486 0 -0.852648
    outer loop
      vertex 10.638 6 5.67302
      vertex 10.2366 2.4 5.42705
      vertex 10.2366 6 5.42705
    endloop
  endfacet
  facet normal 0.181633 0 0.983366
    outer loop
      vertex 21.7821 6 -20.8627
      vertex 22.245 2.4 -20.9482
      vertex 22.245 6 -20.9482
    endloop
  endfacet
  facet normal 0.181633 0 0.983366
    outer loop
      vertex 22.245 2.4 -20.9482
      vertex 21.7821 6 -20.8627
      vertex 21.7821 2.4 -20.8627
    endloop
  endfacet
  facet normal -0.948684 0 0.316227
    outer loop
      vertex 48.2963 2.4 -13.111
      vertex 51.7237 6 -2.82877
      vertex 48.2963 6 -13.111
    endloop
  endfacet
  facet normal -0.948684 0 0.316227
    outer loop
      vertex 51.7237 6 -2.82877
      vertex 48.2963 2.4 -13.111
      vertex 51.7237 2.4 -2.82877
    endloop
  endfacet
  facet normal 0 1 0
    outer loop
      vertex 8.54576 -1 -4.47853
      vertex 10.317 -1 -3.51354
      vertex 10.8176 -1 -3.51354
    endloop
  endfacet
  facet normal 0 1 0
    outer loop
      vertex 12.8693 -1 -4.51228
      vertex 10.8176 -1 -3.51354
      vertex 10.8407 -1 -3.51354
    endloop
  endfacet
  facet normal 0 1 0
    outer loop
      vertex 10.317 -1 -3.51354
      vertex 8.54576 -1 -4.47853
      vertex 10.2875 -1 -3.51354
    endloop
  endfacet
  facet normal 0 1 0
    outer loop
      vertex 12.8693 -1 -4.51228
      vertex 10.8407 -1 -3.51354
      vertex 10.8674 -1 -3.51355
    endloop
  endfacet
  facet normal 0 1 0
    outer loop
      vertex 10.2875 -1 -3.51354
      vertex 8.54576 -1 -4.47853
      vertex 10.2631 -1 -3.51354
    endloop
  endfacet
  facet normal 0 1 0
    outer loop
      vertex 12.8693 -1 -4.51228
      vertex 10.8674 -1 -3.51355
      vertex 10.8858 -1 -3.51355
    endloop
  endfacet
  facet normal 0 1 0
    outer loop
      vertex 10.2631 -1 -3.51354
      vertex 8.54576 -1 -4.47853
      vertex 10.2349 -1 -3.51355
    endloop
  endfacet
  facet normal 0 1 0
    outer loop
      vertex 12.8693 -1 -4.51228
      vertex 10.8858 -1 -3.51355
      vertex 10.9068 -1 -3.51356
    endloop
  endfacet
  facet normal 0 1 0
    outer loop
      vertex 12.8693 -1 -4.51228
      vertex 10.9068 -1 -3.51356
      vertex 10.9189 -1 -3.51357
    endloop
  endfacet
  facet normal 0 1 0
    outer loop
      vertex 12.8693 -1 -4.51228
      vertex 10.9189 -1 -3.51357
      vertex 10.932 -1 -3.51358
    endloop
  endfacet
  facet normal 0 1 0
    outer loop
      vertex 10.2349 -1 -3.51355
      vertex 8.54576 -1 -4.47853
      vertex 10.2124 -1 -3.51356
    endloop
  endfacet
  facet normal 0 1 0
    outer loop
      vertex 10.2124 -1 -3.51356
      vertex 8.54576 -1 -4.47853
      vertex 9.81593 -1 -3.51368
    endloop
  endfacet
  facet normal -0 1 0
    outer loop
      vertex 8.56528 -1 -4.41861
      vertex 9.81593 -1 -3.51368
      vertex 8.54576 -1 -4.47853
    endloop
  endfacet
  facet normal 0 1 0
    outer loop
      vertex 9.81593 -1 -3.51368
      vertex 8.56528 -1 -4.41861
      vertex 9.78569 -1 -3.51369
    endloop
  endfacet
  facet normal 0 1 0
    outer loop
      vertex 9.78569 -1 -3.51369
      vertex 8.56528 -1 -4.41861
      vertex 9.76665 -1 -3.5137
    endloop
  endfacet
  facet normal 0 1 0
    outer loop
      vertex 9.76665 -1 -3.5137
      vertex 8.56528 -1 -4.41861
      vertex 9.74214 -1 -3.51372
    endloop
  endfacet
  facet normal 0 1 0
    outer loop
      vertex 9.74214 -1 -3.51372
      vertex 8.56528 -1 -4.41861
      vertex 9.72785 -1 -3.51373
    endloop
  endfacet
  facet normal 0 1 0
    outer loop
      vertex 9.72785 -1 -3.51373
      vertex 8.56528 -1 -4.41861
      vertex 9.71165 -1 -3.51375
    endloop
  endfacet
  facet normal 0 1 0
    outer loop
      vertex 9.71165 -1 -3.51375
      vertex 8.56528 -1 -4.41861
      vertex 9.7033 -1 -3.51376
    endloop
  endfacet
  facet normal 0 1 0
    outer loop
      vertex 12.8693 -1 -4.51228
      vertex 10.932 -1 -3.51358
      vertex 11.693 -1 -3.51477
    endloop
  endfacet
  facet normal -0 1 0
    outer loop
      vertex 9.23671 -1 -3.60401
      vertex 9.7033 -1 -3.51376
      vertex 8.56528 -1 -4.41861
    endloop
  endfacet
  facet normal 0 1 0
    outer loop
      vertex 9.7033 -1 -3.51376
      vertex 9.23671 -1 -3.60401
      vertex 9.51772 -1 -3.51418
    endloop
  endfacet
  facet normal 0 1 0
    outer loop
      vertex 12.8693 -1 -4.51228
      vertex 11.693 -1 -3.51477
      vertex 12.1141 -1 -3.63079
    endloop
  endfacet
  facet normal 0 1 0
    outer loop
      vertex 9.51772 -1 -3.51418
      vertex 9.23671 -1 -3.60401
      vertex 9.51492 -1 -3.51419
    endloop
  endfacet
  facet normal -0 1 0
    outer loop
      vertex 8.92981 -1 -3.79861
      vertex 9.23671 -1 -3.60401
      vertex 8.56528 -1 -4.41861
    endloop
  endfacet
  facet normal 0 1 0
    outer loop
      vertex 9.23671 -1 -3.60401
      vertex 8.92981 -1 -3.79861
      vertex 9.16944 -1 -3.62586
    endloop
  endfacet
  facet normal 0 1 0
    outer loop
      vertex 12.8693 -1 -4.51228
      vertex 12.1141 -1 -3.63079
      vertex 12.4722 -1 -3.85147
    endloop
  endfacet
  facet normal -0 1 0
    outer loop
      vertex 8.69706 -1 -4.08072
      vertex 8.92981 -1 -3.79861
      vertex 8.56528 -1 -4.41861
    endloop
  endfacet
  facet normal 0 1 0
    outer loop
      vertex 8.92981 -1 -3.79861
      vertex 8.87424 -1 -3.83909
      vertex 8.87463 -1 -3.8387
    endloop
  endfacet
  facet normal 0 1 0
    outer loop
      vertex 12.8693 -1 -4.51228
      vertex 12.4722 -1 -3.85147
      vertex 12.7325 -1 -4.15521
    endloop
  endfacet
  facet normal 0 1 0
    outer loop
      vertex 8.69706 -1 -4.08072
      vertex 8.56528 -1 -4.41861
      vertex 8.6591 -1 -4.13294
    endloop
  endfacet
  facet normal -0 1 0
    outer loop
      vertex 8.87424 -1 -3.83909
      vertex 8.92981 -1 -3.79861
      vertex 8.69706 -1 -4.08072
    endloop
  endfacet
  facet normal 0 1 0
    outer loop
      vertex 10.8176 -1 -3.51354
      vertex 12.8693 -1 -4.51228
      vertex 8.54576 -1 -7.67699
    endloop
  endfacet
  facet normal 0 1 0
    outer loop
      vertex 10.8176 -1 -3.51354
      vertex 8.54576 -1 -7.67699
      vertex 8.54576 -1 -4.47853
    endloop
  endfacet
  facet normal 0 1 -0
    outer loop
      vertex 12.8693 -1 -15.4877
      vertex 8.54576 -1 -7.67699
      vertex 12.8693 -1 -4.51228
    endloop
  endfacet
  facet normal 0 1 0
    outer loop
      vertex 11.6245 -1 -16.1434
      vertex 12.8693 -1 -15.4877
      vertex 12.7325 -1 -15.8448
    endloop
  endfacet
  facet normal 0 1 0
    outer loop
      vertex 12.8693 -1 -15.4877
      vertex 11.6245 -1 -16.1434
      vertex 8.54576 -1 -7.67699
    endloop
  endfacet
  facet normal 0 1 -0
    outer loop
      vertex 12.4722 -1 -16.1485
      vertex 11.6245 -1 -16.1434
      vertex 12.7325 -1 -15.8448
    endloop
  endfacet
  facet normal 0 1 -0
    outer loop
      vertex 12.1141 -1 -16.3692
      vertex 11.6245 -1 -16.1434
      vertex 12.4722 -1 -16.1485
    endloop
  endfacet
  facet normal 0 1 0
    outer loop
      vertex 11.6245 -1 -16.1434
      vertex 12.1141 -1 -16.3692
      vertex 11.6542 -1 -16.2161
    endloop
  endfacet
  facet normal 0 1 0
    outer loop
      vertex 11.6542 -1 -16.2161
      vertex 12.1141 -1 -16.3692
      vertex 11.7674 -1 -16.4647
    endloop
  endfacet
  facet normal -0.660863 0 0.750507
    outer loop
      vertex 47.2503 6 -14.5623
      vertex 47.6036 2.4 -14.2512
      vertex 47.6036 6 -14.2512
    endloop
  endfacet
  facet normal -0.660863 0 0.750507
    outer loop
      vertex 47.6036 2.4 -14.2512
      vertex 47.2503 6 -14.5623
      vertex 47.2503 2.4 -14.5623
    endloop
  endfacet
  facet normal 0.0242556 0 0.999706
    outer loop
      vertex 22.245 6 -20.9482
      vertex 22.7231 2.4 -20.9598
      vertex 22.7231 6 -20.9598
    endloop
  endfacet
  facet normal 0.0242556 0 0.999706
    outer loop
      vertex 22.7231 2.4 -20.9598
      vertex 22.245 6 -20.9482
      vertex 22.245 2.4 -20.9482
    endloop
  endfacet
  facet normal -0.970555 0 0.240881
    outer loop
      vertex 51.7237 2.4 -2.82877
      vertex 51.8371 6 -2.37186
      vertex 51.7237 6 -2.82877
    endloop
  endfacet
  facet normal -0.970555 0 0.240881
    outer loop
      vertex 51.8371 6 -2.37186
      vertex 51.7237 2.4 -2.82877
      vertex 51.8371 2.4 -2.37186
    endloop
  endfacet
  facet normal 0.233477 0 -0.972362
    outer loop
      vertex 11.073 2.4 5.85316
      vertex 11.5307 6 5.96306
      vertex 11.5307 2.4 5.96306
    endloop
  endfacet
  facet normal 0.233477 0 -0.972362
    outer loop
      vertex 11.5307 6 5.96306
      vertex 11.073 2.4 5.85316
      vertex 11.073 6 5.85316
    endloop
  endfacet
  facet normal 0.622698 0 0.782462
    outer loop
      vertex 13.337 6 -16.9699
      vertex 13.7053 2.4 -17.263
      vertex 13.7053 6 -17.263
    endloop
  endfacet
  facet normal 0.622698 0 0.782462
    outer loop
      vertex 13.7053 2.4 -17.263
      vertex 13.337 6 -16.9699
      vertex 13.337 2.4 -16.9699
    endloop
  endfacet
  facet normal -0.0554673 0 0.998461
    outer loop
      vertex 22.7231 6 -20.9598
      vertex 39.0931 2.4 -20.0504
      vertex 39.0931 6 -20.0504
    endloop
  endfacet
  facet normal -0.0554673 0 0.998461
    outer loop
      vertex 39.0931 2.4 -20.0504
      vertex 22.7231 6 -20.9598
      vertex 22.7231 2.4 -20.9598
    endloop
  endfacet
  facet normal -0.133625 0 0.991032
    outer loop
      vertex 39.0931 6 -20.0504
      vertex 39.5596 2.4 -19.9875
      vertex 39.5596 6 -19.9875
    endloop
  endfacet
  facet normal -0.133625 0 0.991032
    outer loop
      vertex 39.5596 2.4 -19.9875
      vertex 39.0931 6 -20.0504
      vertex 39.0931 2.4 -20.0504
    endloop
  endfacet
  facet normal 0.0784703 0 -0.996916
    outer loop
      vertex 11.5307 2.4 5.96306
      vertex 12 6 6
      vertex 12 2.4 6
    endloop
  endfacet
  facet normal 0.0784703 0 -0.996916
    outer loop
      vertex 12 6 6
      vertex 11.5307 2.4 5.96306
      vertex 11.5307 6 5.96306
    endloop
  endfacet
  facet normal 1 -0 0
    outer loop
      vertex 9 2.4 3
      vertex 9 6 -5.47148
      vertex 9 6 3
    endloop
  endfacet
  facet normal 1 0 0
    outer loop
      vertex 9 6 -5.47148
      vertex 9 2.4 3
      vertex 9 2.4 -5.47148
    endloop
  endfacet
  facet normal 0.760411 0 -0.649442
    outer loop
      vertex 9.87868 2.4 5.12132
      vertex 9.57295 6 4.76335
      vertex 9.87868 6 5.12132
    endloop
  endfacet
  facet normal 0.760411 0 -0.649442
    outer loop
      vertex 9.57295 6 4.76335
      vertex 9.87868 2.4 5.12132
      vertex 9.57295 2.4 4.76335
    endloop
  endfacet
  facet normal 0.939795 -0 0.341738
    outer loop
      vertex 9.18062 2.4 -6.4967
      vertex 12.5642 6 -15.8017
      vertex 9.18062 6 -6.4967
    endloop
  endfacet
  facet normal 0.939795 0 0.341738
    outer loop
      vertex 12.5642 6 -15.8017
      vertex 9.18062 2.4 -6.4967
      vertex 12.5642 2.4 -15.8017
    endloop
  endfacet
  facet normal -0.970143 0 -0.242532
    outer loop
      vertex 51.7881 2.4 -1.15248
      vertex 50.5681 6 3.7276
      vertex 51.7881 6 -1.15248
    endloop
  endfacet
  facet normal -0.970143 -0 -0.242532
    outer loop
      vertex 50.5681 6 3.7276
      vertex 51.7881 2.4 -1.15248
      vertex 50.5681 2.4 3.7276
    endloop
  endfacet
  facet normal 0.834039 -0 0.551706
    outer loop
      vertex 12.7593 2.4 -16.2301
      vertex 13.019 6 -16.6227
      vertex 12.7593 6 -16.2301
    endloop
  endfacet
  facet normal 0.834039 0 0.551706
    outer loop
      vertex 13.019 6 -16.6227
      vertex 12.7593 2.4 -16.2301
      vertex 13.019 2.4 -16.6227
    endloop
  endfacet
  facet normal 0.968186 -0 0.250232
    outer loop
      vertex 9.03694 2.4 -5.94078
      vertex 9.18062 6 -6.4967
      vertex 9.03694 6 -5.94078
    endloop
  endfacet
  facet normal 0.968186 0 0.250232
    outer loop
      vertex 9.18062 6 -6.4967
      vertex 9.03694 2.4 -5.94078
      vertex 9.18062 2.4 -6.4967
    endloop
  endfacet
  facet normal -0.112885 0 -0.993608
    outer loop
      vertex 47.6577 2.4 6
      vertex 48.3307 6 5.92354
      vertex 48.3307 2.4 5.92354
    endloop
  endfacet
  facet normal -0.112885 0 -0.993608
    outer loop
      vertex 48.3307 6 5.92354
      vertex 47.6577 2.4 6
      vertex 47.6577 6 6
    endloop
  endfacet
  facet normal 0.996916 0 -0.0784703
    outer loop
      vertex 9.03694 2.4 3.4693
      vertex 9 6 3
      vertex 9.03694 6 3.4693
    endloop
  endfacet
  facet normal 0.996916 0 -0.0784703
    outer loop
      vertex 9 6 3
      vertex 9.03694 2.4 3.4693
      vertex 9 2.4 3
    endloop
  endfacet
  facet normal 0.406134 0 0.913814
    outer loop
      vertex 14.1652 6 -17.5179
      vertex 21.3383 2.4 -20.7059
      vertex 21.3383 6 -20.7059
    endloop
  endfacet
  facet normal 0.406134 0 0.913814
    outer loop
      vertex 21.3383 2.4 -20.7059
      vertex 14.1652 6 -17.5179
      vertex 14.1652 2.4 -17.5179
    endloop
  endfacet
  facet normal -0.99748 0 -0.0709512
    outer loop
      vertex 51.8776 2.4 -1.90285
      vertex 51.8442 6 -1.43329
      vertex 51.8776 6 -1.90285
    endloop
  endfacet
  facet normal -0.99748 -0 -0.0709512
    outer loop
      vertex 51.8442 6 -1.43329
      vertex 51.8776 2.4 -1.90285
      vertex 51.8442 2.4 -1.43329
    endloop
  endfacet
  facet normal 0.649494 0 -0.760367
    outer loop
      vertex 9.87868 2.4 5.12132
      vertex 10.2366 6 5.42705
      vertex 10.2366 2.4 5.42705
    endloop
  endfacet
  facet normal 0.649494 0 -0.760367
    outer loop
      vertex 10.2366 6 5.42705
      vertex 9.87868 2.4 5.12132
      vertex 9.87868 6 5.12132
    endloop
  endfacet
  facet normal -0.803425 0 -0.595405
    outer loop
      vertex 50.2008 2.4 4.59137
      vertex 49.9205 6 4.9696
      vertex 50.2008 6 4.59137
    endloop
  endfacet
  facet normal -0.803425 -0 -0.595405
    outer loop
      vertex 49.9205 6 4.9696
      vertex 50.2008 2.4 4.59137
      vertex 49.9205 2.4 4.9696
    endloop
  endfacet
  facet normal -0.948093 0 -0.317992
    outer loop
      vertex 50.5681 2.4 3.7276
      vertex 50.4184 6 4.17393
      vertex 50.5681 6 3.7276
    endloop
  endfacet
  facet normal -0.948093 -0 -0.317992
    outer loop
      vertex 50.4184 6 4.17393
      vertex 50.5681 2.4 3.7276
      vertex 50.4184 2.4 4.17393
    endloop
  endfacet
  facet normal -0.580215 0 -0.814463
    outer loop
      vertex 49.2012 2.4 5.57248
      vertex 49.5846 6 5.29935
      vertex 49.5846 2.4 5.29935
    endloop
  endfacet
  facet normal -0.580215 0 -0.814463
    outer loop
      vertex 49.5846 6 5.29935
      vertex 49.2012 2.4 5.57248
      vertex 49.2012 6 5.57248
    endloop
  endfacet
  facet normal 0.996916 -0 0.0784703
    outer loop
      vertex 9 2.4 -5.47148
      vertex 9.03694 6 -5.94078
      vertex 9 6 -5.47148
    endloop
  endfacet
  facet normal 0.996916 0 0.0784703
    outer loop
      vertex 9.03694 6 -5.94078
      vertex 9 2.4 -5.47148
      vertex 9.03694 2.4 -5.94078
    endloop
  endfacet
  facet normal 0.737436 -0 0.675417
    outer loop
      vertex 13.019 2.4 -16.6227
      vertex 13.337 6 -16.9699
      vertex 13.019 6 -16.6227
    endloop
  endfacet
  facet normal 0.737436 0 0.675417
    outer loop
      vertex 13.337 6 -16.9699
      vertex 13.019 2.4 -16.6227
      vertex 13.337 2.4 -16.9699
    endloop
  endfacet
  facet normal -0.980622 0 -0.195908
    outer loop
      vertex 51.8442 2.4 -1.43329
      vertex 51.7881 6 -1.15248
      vertex 51.8442 6 -1.43329
    endloop
  endfacet
  facet normal -0.980622 -0 -0.195908
    outer loop
      vertex 51.7881 6 -1.15248
      vertex 51.8442 2.4 -1.43329
      vertex 51.7881 2.4 -1.15248
    endloop
  endfacet
  facet normal -0.300147 0 -0.953893
    outer loop
      vertex 48.3307 2.4 5.92354
      vertex 48.7797 6 5.78226
      vertex 48.7797 2.4 5.78226
    endloop
  endfacet
  facet normal -0.300147 0 -0.953893
    outer loop
      vertex 48.7797 6 5.78226
      vertex 48.3307 2.4 5.92354
      vertex 48.3307 6 5.92354
    endloop
  endfacet
  facet normal 0.333131 0 0.94288
    outer loop
      vertex 21.3383 6 -20.7059
      vertex 21.7821 2.4 -20.8627
      vertex 21.7821 6 -20.8627
    endloop
  endfacet
  facet normal 0.333131 0 0.94288
    outer loop
      vertex 21.7821 2.4 -20.8627
      vertex 21.3383 6 -20.7059
      vertex 21.3383 2.4 -20.7059
    endloop
  endfacet
  facet normal -0.925361 0 0.379087
    outer loop
      vertex 48.1437 2.4 -13.4835
      vertex 48.2963 6 -13.111
      vertex 48.1437 6 -13.4835
    endloop
  endfacet
  facet normal -0.925361 0 0.379087
    outer loop
      vertex 48.2963 6 -13.111
      vertex 48.1437 2.4 -13.4835
      vertex 48.2963 2.4 -13.111
    endloop
  endfacet
  facet normal -0.86044 0 0.509552
    outer loop
      vertex 47.9038 2.4 -13.8886
      vertex 48.1437 6 -13.4835
      vertex 47.9038 6 -13.8886
    endloop
  endfacet
  facet normal -0.86044 0 0.509552
    outer loop
      vertex 48.1437 6 -13.4835
      vertex 47.9038 2.4 -13.8886
      vertex 48.1437 2.4 -13.4835
    endloop
  endfacet
  facet normal -0.700544 0 -0.713609
    outer loop
      vertex 49.5846 2.4 5.29935
      vertex 49.9205 6 4.9696
      vertex 49.9205 2.4 4.9696
    endloop
  endfacet
  facet normal -0.700544 0 -0.713609
    outer loop
      vertex 49.9205 6 4.9696
      vertex 49.5846 2.4 5.29935
      vertex 49.5846 6 5.29935
    endloop
  endfacet
  facet normal 0.972368 0 -0.233453
    outer loop
      vertex 9.14684 2.4 3.92705
      vertex 9.03694 6 3.4693
      vertex 9.14684 6 3.92705
    endloop
  endfacet
  facet normal 0.972368 0 -0.233453
    outer loop
      vertex 9.03694 6 3.4693
      vertex 9.14684 2.4 3.92705
      vertex 9.03694 2.4 3.4693
    endloop
  endfacet
  facet normal -0.886754 0 -0.462241
    outer loop
      vertex 50.4184 2.4 4.17393
      vertex 50.2008 6 4.59137
      vertex 50.4184 6 4.17393
    endloop
  endfacet
  facet normal -0.886754 -0 -0.462241
    outer loop
      vertex 50.2008 6 4.59137
      vertex 50.4184 2.4 4.17393
      vertex 50.2008 2.4 4.59137
    endloop
  endfacet
  facet normal -0.36137 0 0.932423
    outer loop
      vertex 40.2976 2.4 -20.8103
      vertex 40.4439 0 -20.7536
      vertex 40.4439 2.4 -20.7536
    endloop
  endfacet
  facet normal -0.36137 0 0.932423
    outer loop
      vertex 40.4439 0 -20.7536
      vertex 40.2976 2.4 -20.8103
      vertex 40.2976 0 -20.8103
    endloop
  endfacet
  facet normal 0.939794 0 0.341741
    outer loop
      vertex 8.72058 0 -8.15776
      vertex 8.24083 2.4 -6.83844
      vertex 8.24083 0 -6.83844
    endloop
  endfacet
  facet normal 0.939792 -3.74304e-06 0.341747
    outer loop
      vertex 8.24083 2.4 -6.83844
      vertex 8.72058 0 -8.15776
      vertex 11.6245 2.4 -16.1434
    endloop
  endfacet
  facet normal 0.939792 7.55189e-06 0.341748
    outer loop
      vertex 11.6245 -1 -16.1434
      vertex 8.72058 0 -8.15776
      vertex 8.54576 -1 -7.67699
    endloop
  endfacet
  facet normal 0.939791 0 0.341748
    outer loop
      vertex 8.72058 0 -8.15776
      vertex 11.6245 -1 -16.1434
      vertex 11.6245 2.4 -16.1434
    endloop
  endfacet
  facet normal -0.286958 0 0.957943
    outer loop
      vertex 39.8466 2.4 -20.9454
      vertex 40.2976 0 -20.8103
      vertex 40.2976 2.4 -20.8103
    endloop
  endfacet
  facet normal -0.286958 0 0.957943
    outer loop
      vertex 40.2976 0 -20.8103
      vertex 39.8466 2.4 -20.9454
      vertex 39.8466 0 -20.9454
    endloop
  endfacet
  facet normal 0.951071 0 -0.308972
    outer loop
      vertex 8.22295 0 4.30972
      vertex 8.17447 2.4 4.16049
      vertex 8.22295 2.4 4.30972
    endloop
  endfacet
  facet normal 0.951071 0 -0.308972
    outer loop
      vertex 8.17447 2.4 4.16049
      vertex 8.22295 0 4.30972
      vertex 8.17447 0 4.16049
    endloop
  endfacet
  facet normal 0.622725 0 0.782441
    outer loop
      vertex 12.7142 2.4 -17.7523
      vertex 13.0826 0 -18.0455
      vertex 13.0826 2.4 -18.0455
    endloop
  endfacet
  facet normal 0.622725 0 0.782441
    outer loop
      vertex 13.0826 0 -18.0455
      vertex 12.7142 2.4 -17.7523
      vertex 12.7142 0 -17.7523
    endloop
  endfacet
  facet normal 0.682477 0 0.730907
    outer loop
      vertex 12.5995 2.4 -17.6452
      vertex 12.7142 0 -17.7523
      vertex 12.7142 2.4 -17.7523
    endloop
  endfacet
  facet normal 0.682477 0 0.730907
    outer loop
      vertex 12.7142 0 -17.7523
      vertex 12.5995 2.4 -17.6452
      vertex 12.5995 0 -17.6452
    endloop
  endfacet
  facet normal -0.112899 0 -0.993606
    outer loop
      vertex 47.7706 0 6.99361
      vertex 48.4436 2 6.91714
      vertex 48.4436 0 6.91714
    endloop
  endfacet
  facet normal -0.112899 0 -0.993606
    outer loop
      vertex 48.4436 2 6.91714
      vertex 47.7706 0 6.99361
      vertex 47.7706 2 6.99361
    endloop
  endfacet
  facet normal -0.210921 0 0.977503
    outer loop
      vertex 39.6932 2.4 -20.9785
      vertex 39.8466 0 -20.9454
      vertex 39.8466 2.4 -20.9454
    endloop
  endfacet
  facet normal -0.210921 0 0.977503
    outer loop
      vertex 39.8466 0 -20.9454
      vertex 39.6932 2.4 -20.9785
      vertex 39.6932 0 -20.9785
    endloop
  endfacet
  facet normal -0.817762 0 0.575557
    outer loop
      vertex 48.674 0 -14.5264
      vertex 48.7643 2.4 -14.3981
      vertex 48.674 2.4 -14.5264
    endloop
  endfacet
  facet normal -0.817762 0 0.575557
    outer loop
      vertex 48.7643 2.4 -14.3981
      vertex 48.674 0 -14.5264
      vertex 48.7643 0 -14.3981
    endloop
  endfacet
  facet normal -0.207459 0 -0.978244
    outer loop
      vertex 48.4436 0 6.91714
      vertex 48.6308 2 6.87744
      vertex 48.6308 0 6.87744
    endloop
  endfacet
  facet normal -0.207459 0 -0.978244
    outer loop
      vertex 48.6308 2 6.87744
      vertex 48.4436 0 6.91714
      vertex 48.4436 2 6.91714
    endloop
  endfacet
  facet normal -0.0565083 0 -0.998402
    outer loop
      vertex 47.6577 0 7
      vertex 47.7706 2 6.99361
      vertex 47.7706 0 6.99361
    endloop
  endfacet
  facet normal -0.0565083 0 -0.998402
    outer loop
      vertex 47.7706 2 6.99361
      vertex 47.6577 0 7
      vertex 47.6577 2 7
    endloop
  endfacet
  facet normal 0.834039 -0 0.551706
    outer loop
      vertex 11.9253 0 -16.7818
      vertex 12.185 2.4 -17.1744
      vertex 11.9253 2.4 -16.7818
    endloop
  endfacet
  facet normal 0.834039 0 0.551706
    outer loop
      vertex 12.185 2.4 -17.1744
      vertex 11.9253 0 -16.7818
      vertex 12.185 0 -17.1744
    endloop
  endfacet
  facet normal 0.103072 0 0.994674
    outer loop
      vertex 22.0635 2.4 -21.9316
      vertex 22.2208 0 -21.9479
      vertex 22.2208 2.4 -21.9479
    endloop
  endfacet
  facet normal 0.103072 0 0.994674
    outer loop
      vertex 22.2208 0 -21.9479
      vertex 22.0635 2.4 -21.9316
      vertex 22.0635 0 -21.9316
    endloop
  endfacet
  facet normal 0 0 -1
    outer loop
      vertex 12 0 7
      vertex 19 2.4 7
      vertex 19 0 7
    endloop
  endfacet
  facet normal -0 0 -1
    outer loop
      vertex 19 2.4 7
      vertex 12 0 7
      vertex 12 2.4 7
    endloop
  endfacet
  facet normal 0 0 -1
    outer loop
      vertex 43 0 7
      vertex 47.6577 2 7
      vertex 47.6577 0 7
    endloop
  endfacet
  facet normal -0 0 -1
    outer loop
      vertex 47.6577 2 7
      vertex 43 0 7
      vertex 43 2 7
    endloop
  endfacet
  facet normal -0.0554734 0 0.99846
    outer loop
      vertex 22.7785 2.4 -21.9583
      vertex 39.1485 0 -21.0488
      vertex 39.1485 2.4 -21.0488
    endloop
  endfacet
  facet normal -0.0554734 0 0.99846
    outer loop
      vertex 39.1485 0 -21.0488
      vertex 22.7785 2.4 -21.9583
      vertex 22.7785 0 -21.9583
    endloop
  endfacet
  facet normal 0 -1 0
    outer loop
      vertex 11.4522 2.4 6.95998
      vertex 11.5307 2.4 5.96306
      vertex 12 2.4 6
    endloop
  endfacet
  facet normal 0 -1 0
    outer loop
      vertex 10.2366 2.4 5.42705
      vertex 9.58722 2.4 6.18747
      vertex 9.22925 2.4 5.88174
    endloop
  endfacet
  facet normal 0 -1 0
    outer loop
      vertex 9.71414 2.4 6.27968
      vertex 11.073 2.4 5.85316
      vertex 11.5307 2.4 5.96306
    endloop
  endfacet
  facet normal 0 -1 0
    outer loop
      vertex 9.87868 2.4 5.12132
      vertex 9.22925 2.4 5.88174
      vertex 9.11826 2.4 5.77075
    endloop
  endfacet
  facet normal 0 -1 0
    outer loop
      vertex 9.71414 2.4 6.27968
      vertex 10.638 2.4 5.67302
      vertex 11.073 2.4 5.85316
    endloop
  endfacet
  facet normal 0 -1 0
    outer loop
      vertex 9.71414 2.4 6.27968
      vertex 10.2366 2.4 5.42705
      vertex 10.638 2.4 5.67302
    endloop
  endfacet
  facet normal 0 -1 0
    outer loop
      vertex 9.87868 2.4 5.12132
      vertex 9.11826 2.4 5.77075
      vertex 8.81253 2.4 5.41278
    endloop
  endfacet
  facet normal 0 -1 0
    outer loop
      vertex 9.57295 2.4 4.76335
      vertex 8.81253 2.4 5.41278
      vertex 8.72032 2.4 5.28586
    endloop
  endfacet
  facet normal 0 -1 0
    outer loop
      vertex 9.22925 2.4 5.88174
      vertex 9.87868 2.4 5.12132
      vertex 10.2366 2.4 5.42705
    endloop
  endfacet
  facet normal 0 -1 0
    outer loop
      vertex 9.57295 2.4 4.76335
      vertex 8.72032 2.4 5.28586
      vertex 8.47435 2.4 4.88448
    endloop
  endfacet
  facet normal 0 -1 0
    outer loop
      vertex 8.81253 2.4 5.41278
      vertex 9.57295 2.4 4.76335
      vertex 9.87868 2.4 5.12132
    endloop
  endfacet
  facet normal 0 -1 0
    outer loop
      vertex 9.32698 2.4 4.36197
      vertex 8.47435 2.4 4.88448
      vertex 8.40309 2.4 4.74464
    endloop
  endfacet
  facet normal 0 -1 0
    outer loop
      vertex 8.47435 2.4 4.88448
      vertex 9.32698 2.4 4.36197
      vertex 9.57295 2.4 4.76335
    endloop
  endfacet
  facet normal 0 -1 0
    outer loop
      vertex 8.22295 2.4 4.30972
      vertex 9.32698 2.4 4.36197
      vertex 8.40309 2.4 4.74464
    endloop
  endfacet
  facet normal 0 -1 0
    outer loop
      vertex 9.14684 2.4 3.92705
      vertex 8.22295 2.4 4.30972
      vertex 8.17447 2.4 4.16049
    endloop
  endfacet
  facet normal 0 -1 0
    outer loop
      vertex 8.22295 2.4 4.30972
      vertex 9.14684 2.4 3.92705
      vertex 9.32698 2.4 4.36197
    endloop
  endfacet
  facet normal 0 -1 0
    outer loop
      vertex 8.06458 2.4 3.70274
      vertex 9.14684 2.4 3.92705
      vertex 8.17447 2.4 4.16049
    endloop
  endfacet
  facet normal 0 -1 0
    outer loop
      vertex 9.03694 2.4 3.4693
      vertex 8.06458 2.4 3.70274
      vertex 8.04002 2.4 3.54778
    endloop
  endfacet
  facet normal 0 -1 0
    outer loop
      vertex 8.06458 2.4 3.70274
      vertex 9.03694 2.4 3.4693
      vertex 9.14684 2.4 3.92705
    endloop
  endfacet
  facet normal 0 -1 0
    outer loop
      vertex 8.00308 2.4 3.07848
      vertex 9.03694 2.4 3.4693
      vertex 8.04002 2.4 3.54778
    endloop
  endfacet
  facet normal 0 -1 0
    outer loop
      vertex 9 2.4 3
      vertex 8.00308 2.4 3.07848
      vertex 8 2.4 3
    endloop
  endfacet
  facet normal 0 -1 0
    outer loop
      vertex 8.00308 2.4 3.07848
      vertex 9 2.4 3
      vertex 9.03694 2.4 3.4693
    endloop
  endfacet
  facet normal 0 -1 0
    outer loop
      vertex 8 2.4 -5.47148
      vertex 9 2.4 3
      vertex 8 2.4 3
    endloop
  endfacet
  facet normal 0 -1 0
    outer loop
      vertex 8 2.4 -5.47148
      vertex 9 2.4 -5.47148
      vertex 9 2.4 3
    endloop
  endfacet
  facet normal 0 -1 0
    outer loop
      vertex 8.00308 2.4 -5.54996
      vertex 9 2.4 -5.47148
      vertex 8 2.4 -5.47148
    endloop
  endfacet
  facet normal 0 -1 0
    outer loop
      vertex 8.00308 2.4 -5.54996
      vertex 9.03694 2.4 -5.94078
      vertex 9 2.4 -5.47148
    endloop
  endfacet
  facet normal 0 -1 0
    outer loop
      vertex 8.04002 2.4 -6.01926
      vertex 9.03694 2.4 -5.94078
      vertex 8.00308 2.4 -5.54996
    endloop
  endfacet
  facet normal 0 -1 0
    outer loop
      vertex 8.06876 2.4 -6.19101
      vertex 9.03694 2.4 -5.94078
      vertex 8.04002 2.4 -6.01926
    endloop
  endfacet
  facet normal 0 -1 0
    outer loop
      vertex 8.06876 2.4 -6.19101
      vertex 9.18062 2.4 -6.4967
      vertex 9.03694 2.4 -5.94078
    endloop
  endfacet
  facet normal 0 -1 0
    outer loop
      vertex 8.21243 2.4 -6.74693
      vertex 9.18062 2.4 -6.4967
      vertex 8.06876 2.4 -6.19101
    endloop
  endfacet
  facet normal 0 -1 0
    outer loop
      vertex 8.24083 2.4 -6.83844
      vertex 9.18062 2.4 -6.4967
      vertex 8.21243 2.4 -6.74693
    endloop
  endfacet
  facet normal 0 -1 0
    outer loop
      vertex 8.24083 2.4 -6.83844
      vertex 12.5642 2.4 -15.8017
      vertex 9.18062 2.4 -6.4967
    endloop
  endfacet
  facet normal 0 -1 0
    outer loop
      vertex 11.6245 2.4 -16.1434
      vertex 12.5642 2.4 -15.8017
      vertex 8.24083 2.4 -6.83844
    endloop
  endfacet
  facet normal 0 -1 0
    outer loop
      vertex 11.6542 2.4 -16.2161
      vertex 12.5642 2.4 -15.8017
      vertex 11.6245 2.4 -16.1434
    endloop
  endfacet
  facet normal 0 -1 0
    outer loop
      vertex 11.6542 2.4 -16.2161
      vertex 12.7593 2.4 -16.2301
      vertex 12.5642 2.4 -15.8017
    endloop
  endfacet
  facet normal 0 -1 0
    outer loop
      vertex 11.8493 2.4 -16.6445
      vertex 12.7593 2.4 -16.2301
      vertex 11.6542 2.4 -16.2161
    endloop
  endfacet
  facet normal 0 -1 0
    outer loop
      vertex 11.9253 2.4 -16.7818
      vertex 12.7593 2.4 -16.2301
      vertex 11.8493 2.4 -16.6445
    endloop
  endfacet
  facet normal 0 -1 -0
    outer loop
      vertex 12.7593 2.4 -16.2301
      vertex 11.9253 2.4 -16.7818
      vertex 13.019 2.4 -16.6227
    endloop
  endfacet
  facet normal 0 -1 0
    outer loop
      vertex 12.185 2.4 -17.1744
      vertex 13.019 2.4 -16.6227
      vertex 11.9253 2.4 -16.7818
    endloop
  endfacet
  facet normal 0 -1 0
    outer loop
      vertex 12.2816 2.4 -17.2981
      vertex 13.019 2.4 -16.6227
      vertex 12.185 2.4 -17.1744
    endloop
  endfacet
  facet normal 0 -1 -0
    outer loop
      vertex 13.019 2.4 -16.6227
      vertex 12.2816 2.4 -17.2981
      vertex 13.337 2.4 -16.9699
    endloop
  endfacet
  facet normal 0 -1 0
    outer loop
      vertex 12.5995 2.4 -17.6452
      vertex 13.337 2.4 -16.9699
      vertex 12.2816 2.4 -17.2981
    endloop
  endfacet
  facet normal 0 -1 0
    outer loop
      vertex 12.7142 2.4 -17.7523
      vertex 13.337 2.4 -16.9699
      vertex 12.5995 2.4 -17.6452
    endloop
  endfacet
  facet normal 0 -1 -0
    outer loop
      vertex 13.337 2.4 -16.9699
      vertex 12.7142 2.4 -17.7523
      vertex 13.7053 2.4 -17.263
    endloop
  endfacet
  facet normal 0 -1 0
    outer loop
      vertex 13.0826 2.4 -18.0455
      vertex 13.7053 2.4 -17.263
      vertex 12.7142 2.4 -17.7523
    endloop
  endfacet
  facet normal 0 -1 0
    outer loop
      vertex 13.2207 2.4 -18.1378
      vertex 13.7053 2.4 -17.263
      vertex 13.0826 2.4 -18.0455
    endloop
  endfacet
  facet normal 0 -1 -0
    outer loop
      vertex 13.7053 2.4 -17.263
      vertex 13.2207 2.4 -18.1378
      vertex 14.1652 2.4 -17.5179
    endloop
  endfacet
  facet normal 0 -1 0
    outer loop
      vertex 13.6806 2.4 -18.3926
      vertex 14.1652 2.4 -17.5179
      vertex 13.2207 2.4 -18.1378
    endloop
  endfacet
  facet normal 0 -1 0
    outer loop
      vertex 13.7591 2.4 -18.4317
      vertex 14.1652 2.4 -17.5179
      vertex 13.6806 2.4 -18.3926
    endloop
  endfacet
  facet normal 0 -1 0
    outer loop
      vertex 13.7591 2.4 -18.4317
      vertex 21.3383 2.4 -20.7059
      vertex 14.1652 2.4 -17.5179
    endloop
  endfacet
  facet normal 0 -1 0
    outer loop
      vertex 20.9321 2.4 -21.6197
      vertex 21.3383 2.4 -20.7059
      vertex 13.7591 2.4 -18.4317
    endloop
  endfacet
  facet normal 0 -1 0
    outer loop
      vertex 39.0931 2.4 -20.0504
      vertex 39.2267 2.4 -21.0414
      vertex 39.6932 2.4 -20.9785
    endloop
  endfacet
  facet normal 0 -1 0
    outer loop
      vertex 39.0931 2.4 -20.0504
      vertex 39.1485 2.4 -21.0488
      vertex 39.2267 2.4 -21.0414
    endloop
  endfacet
  facet normal 0 -1 0
    outer loop
      vertex 21.0051 2.4 -21.6488
      vertex 21.3383 2.4 -20.7059
      vertex 20.9321 2.4 -21.6197
    endloop
  endfacet
  facet normal 0 -1 -0
    outer loop
      vertex 21.3383 2.4 -20.7059
      vertex 21.0051 2.4 -21.6488
      vertex 21.7821 2.4 -20.8627
    endloop
  endfacet
  facet normal 0 -1 0
    outer loop
      vertex 21.4489 2.4 -21.8056
      vertex 21.7821 2.4 -20.8627
      vertex 21.0051 2.4 -21.6488
    endloop
  endfacet
  facet normal 0 -1 0
    outer loop
      vertex 21.6005 2.4 -21.8461
      vertex 21.7821 2.4 -20.8627
      vertex 21.4489 2.4 -21.8056
    endloop
  endfacet
  facet normal 0 -1 -0
    outer loop
      vertex 21.7821 2.4 -20.8627
      vertex 21.6005 2.4 -21.8461
      vertex 22.245 2.4 -20.9482
    endloop
  endfacet
  facet normal 0 -1 0
    outer loop
      vertex 22.0635 2.4 -21.9316
      vertex 22.245 2.4 -20.9482
      vertex 21.6005 2.4 -21.8461
    endloop
  endfacet
  facet normal 0 -1 0
    outer loop
      vertex 22.2208 2.4 -21.9479
      vertex 22.245 2.4 -20.9482
      vertex 22.0635 2.4 -21.9316
    endloop
  endfacet
  facet normal 0 -1 -0
    outer loop
      vertex 22.245 2.4 -20.9482
      vertex 22.2208 2.4 -21.9479
      vertex 22.7231 2.4 -20.9598
    endloop
  endfacet
  facet normal 0 -1 0
    outer loop
      vertex 22.7231 2.4 -20.9598
      vertex 22.2208 2.4 -21.9479
      vertex 22.6988 2.4 -21.9595
    endloop
  endfacet
  facet normal 0 -1 0
    outer loop
      vertex 22.7231 2.4 -20.9598
      vertex 22.7785 2.4 -21.9583
      vertex 39.1485 2.4 -21.0488
    endloop
  endfacet
  facet normal 0 -1 -0
    outer loop
      vertex 22.7231 2.4 -20.9598
      vertex 22.6988 2.4 -21.9595
      vertex 22.7785 2.4 -21.9583
    endloop
  endfacet
  facet normal 0 -1 0
    outer loop
      vertex 12 2.4 6
      vertex 12 2.4 7
      vertex 11.9215 2.4 6.99692
    endloop
  endfacet
  facet normal 0 -1 0
    outer loop
      vertex 12 2.4 6
      vertex 11.9215 2.4 6.99692
      vertex 11.4522 2.4 6.95998
    endloop
  endfacet
  facet normal 0 -1 0
    outer loop
      vertex 11.5307 2.4 5.96306
      vertex 11.4522 2.4 6.95998
      vertex 11.2973 2.4 6.93542
    endloop
  endfacet
  facet normal 0 -1 0
    outer loop
      vertex 11.5307 2.4 5.96306
      vertex 11.2973 2.4 6.93542
      vertex 10.8395 2.4 6.82553
    endloop
  endfacet
  facet normal 0 -1 0
    outer loop
      vertex 12 2.4 7
      vertex 12 2.4 6
      vertex 19 2.4 6.8
    endloop
  endfacet
  facet normal 0 -1 0
    outer loop
      vertex 11.5307 2.4 5.96306
      vertex 10.8395 2.4 6.82553
      vertex 10.6903 2.4 6.77705
    endloop
  endfacet
  facet normal 0 -1 0
    outer loop
      vertex 12 2.4 7
      vertex 19 2.4 6.8
      vertex 19 2.4 7
    endloop
  endfacet
  facet normal 0 -1 0
    outer loop
      vertex 11.5307 2.4 5.96306
      vertex 10.6903 2.4 6.77705
      vertex 10.2554 2.4 6.59691
    endloop
  endfacet
  facet normal 0 -1 0
    outer loop
      vertex 11.5307 2.4 5.96306
      vertex 10.2554 2.4 6.59691
      vertex 10.1155 2.4 6.52565
    endloop
  endfacet
  facet normal 0 -1 0
    outer loop
      vertex 11.5307 2.4 5.96306
      vertex 10.1155 2.4 6.52565
      vertex 9.71414 2.4 6.27968
    endloop
  endfacet
  facet normal 0 -1 0
    outer loop
      vertex 10.2366 2.4 5.42705
      vertex 9.71414 2.4 6.27968
      vertex 9.58722 2.4 6.18747
    endloop
  endfacet
  facet normal 0 -1 0
    outer loop
      vertex 19.8211 2.4 6
      vertex 19 2.4 6.8
      vertex 12 2.4 6
    endloop
  endfacet
  facet normal 0 -1 0
    outer loop
      vertex 19 2.4 6.8
      vertex 19.8211 2.4 6
      vertex 19.8211 2.4 6.8
    endloop
  endfacet
  facet normal 0 -1 0
    outer loop
      vertex 47.6577 2.4 6
      vertex 48.8769 2.4 6.8
      vertex 21.9556 2.4 6.8
    endloop
  endfacet
  facet normal 0 -1 0
    outer loop
      vertex 48.3307 2.4 5.92354
      vertex 48.8769 2.4 6.8
      vertex 47.6577 2.4 6
    endloop
  endfacet
  facet normal 0 -1 0
    outer loop
      vertex 48.7797 2.4 5.78226
      vertex 48.8769 2.4 6.8
      vertex 48.3307 2.4 5.92354
    endloop
  endfacet
  facet normal 0 -1 -0
    outer loop
      vertex 48.8769 2.4 6.8
      vertex 48.7797 2.4 5.78226
      vertex 49.0798 2.4 6.73616
    endloop
  endfacet
  facet normal 0 -1 -0
    outer loop
      vertex 49.0798 2.4 6.73616
      vertex 48.7797 2.4 5.78226
      vertex 49.2253 2.4 6.67747
    endloop
  endfacet
  facet normal 0 -1 -0
    outer loop
      vertex 49.2253 2.4 6.67747
      vertex 48.7797 2.4 5.78226
      vertex 49.6468 2.4 6.4677
    endloop
  endfacet
  facet normal 0 -1 0
    outer loop
      vertex 47.6577 2.4 6
      vertex 21.9556 2.4 6.8
      vertex 21.9556 2.4 6
    endloop
  endfacet
  facet normal 0 -1 0
    outer loop
      vertex 49.2012 2.4 5.57248
      vertex 49.6468 2.4 6.4677
      vertex 48.7797 2.4 5.78226
    endloop
  endfacet
  facet normal 0 -1 -0
    outer loop
      vertex 49.6468 2.4 6.4677
      vertex 49.2012 2.4 5.57248
      vertex 49.7814 2.4 6.38696
    endloop
  endfacet
  facet normal 0 -1 -0
    outer loop
      vertex 49.7814 2.4 6.38696
      vertex 49.2012 2.4 5.57248
      vertex 50.1648 2.4 6.11383
    endloop
  endfacet
  facet normal 0 -1 0
    outer loop
      vertex 49.5846 2.4 5.29935
      vertex 50.1648 2.4 6.11383
      vertex 49.2012 2.4 5.57248
    endloop
  endfacet
  facet normal 0 -1 -0
    outer loop
      vertex 50.1648 2.4 6.11383
      vertex 49.5846 2.4 5.29935
      vertex 50.285 2.4 6.01303
    endloop
  endfacet
  facet normal 0 -1 -0
    outer loop
      vertex 50.285 2.4 6.01303
      vertex 49.5846 2.4 5.29935
      vertex 50.621 2.4 5.68329
    endloop
  endfacet
  facet normal 0 -1 0
    outer loop
      vertex 49.9205 2.4 4.9696
      vertex 50.621 2.4 5.68329
      vertex 49.5846 2.4 5.29935
    endloop
  endfacet
  facet normal 0 -1 -0
    outer loop
      vertex 50.621 2.4 5.68329
      vertex 49.9205 2.4 4.9696
      vertex 50.724 2.4 5.56494
    endloop
  endfacet
  facet normal 0 -1 -0
    outer loop
      vertex 50.724 2.4 5.56494
      vertex 49.9205 2.4 4.9696
      vertex 51.0043 2.4 5.18671
    endloop
  endfacet
  facet normal 0 -1 0
    outer loop
      vertex 50.2008 2.4 4.59137
      vertex 51.0043 2.4 5.18671
      vertex 49.9205 2.4 4.9696
    endloop
  endfacet
  facet normal 0 -1 -0
    outer loop
      vertex 51.0043 2.4 5.18671
      vertex 50.2008 2.4 4.59137
      vertex 51.0875 2.4 5.05368
    endloop
  endfacet
  facet normal 0 -1 -0
    outer loop
      vertex 51.0875 2.4 5.05368
      vertex 50.2008 2.4 4.59137
      vertex 51.3052 2.4 4.63625
    endloop
  endfacet
  facet normal 0 -1 0
    outer loop
      vertex 50.4184 2.4 4.17393
      vertex 51.3052 2.4 4.63625
      vertex 50.2008 2.4 4.59137
    endloop
  endfacet
  facet normal 0 -1 -0
    outer loop
      vertex 51.3052 2.4 4.63625
      vertex 50.4184 2.4 4.17393
      vertex 51.3666 2.4 4.49185
    endloop
  endfacet
  facet normal 0 -1 0
    outer loop
      vertex 50.4184 2.4 4.17393
      vertex 51.5162 2.4 4.04552
      vertex 51.3666 2.4 4.49185
    endloop
  endfacet
  facet normal 0 -1 0
    outer loop
      vertex 50.5681 2.4 3.7276
      vertex 51.5162 2.4 4.04552
      vertex 50.4184 2.4 4.17393
    endloop
  endfacet
  facet normal 0 -1 -0
    outer loop
      vertex 51.5162 2.4 4.04552
      vertex 50.5681 2.4 3.7276
      vertex 51.5382 2.4 3.97014
    endloop
  endfacet
  facet normal 0 -1 0
    outer loop
      vertex 50.5681 2.4 3.7276
      vertex 52.7583 2.4 -0.909943
      vertex 51.5382 2.4 3.97014
    endloop
  endfacet
  facet normal 0 -1 0
    outer loop
      vertex 51.7881 2.4 -1.15248
      vertex 52.7583 2.4 -0.909943
      vertex 50.5681 2.4 3.7276
    endloop
  endfacet
  facet normal 0 -1 -0
    outer loop
      vertex 52.7583 2.4 -0.909943
      vertex 51.7881 2.4 -1.15248
      vertex 52.7687 2.4 -0.956543
    endloop
  endfacet
  facet normal 0 -1 0
    outer loop
      vertex 51.7881 2.4 -1.15248
      vertex 52.8248 2.4 -1.23735
      vertex 52.7687 2.4 -0.956543
    endloop
  endfacet
  facet normal 0 -1 0
    outer loop
      vertex 51.8442 2.4 -1.43329
      vertex 52.8248 2.4 -1.23735
      vertex 51.7881 2.4 -1.15248
    endloop
  endfacet
  facet normal 0 -1 -0
    outer loop
      vertex 52.8248 2.4 -1.23735
      vertex 51.8442 2.4 -1.43329
      vertex 52.8417 2.4 -1.3624
    endloop
  endfacet
  facet normal 0 -1 0
    outer loop
      vertex 51.8442 2.4 -1.43329
      vertex 52.8751 2.4 -1.83195
      vertex 52.8417 2.4 -1.3624
    endloop
  endfacet
  facet normal 0 -1 0
    outer loop
      vertex 51.8776 2.4 -1.90285
      vertex 52.8751 2.4 -1.83195
      vertex 51.8442 2.4 -1.43329
    endloop
  endfacet
  facet normal 0 -1 0
    outer loop
      vertex 51.8776 2.4 -1.90285
      vertex 52.8739 2.4 -1.98888
      vertex 52.8751 2.4 -1.83195
    endloop
  endfacet
  facet normal 0 -1 0
    outer loop
      vertex 51.8371 2.4 -2.37186
      vertex 52.8739 2.4 -1.98888
      vertex 51.8776 2.4 -1.90285
    endloop
  endfacet
  facet normal 0 -1 0
    outer loop
      vertex 51.8371 2.4 -2.37186
      vertex 52.8334 2.4 -2.45789
      vertex 52.8739 2.4 -1.98888
    endloop
  endfacet
  facet normal 0 -1 0
    outer loop
      vertex 51.8371 2.4 -2.37186
      vertex 52.8077 2.4 -2.61266
      vertex 52.8334 2.4 -2.45789
    endloop
  endfacet
  facet normal 0 -1 0
    outer loop
      vertex 51.7237 2.4 -2.82877
      vertex 52.8077 2.4 -2.61266
      vertex 51.8371 2.4 -2.37186
    endloop
  endfacet
  facet normal 0 -1 0
    outer loop
      vertex 51.7237 2.4 -2.82877
      vertex 52.6943 2.4 -3.06956
      vertex 52.8077 2.4 -2.61266
    endloop
  endfacet
  facet normal 0 -1 0
    outer loop
      vertex 51.7237 2.4 -2.82877
      vertex 52.6724 2.4 -3.14499
      vertex 52.6943 2.4 -3.06956
    endloop
  endfacet
  facet normal 0 -1 0
    outer loop
      vertex 48.2963 2.4 -13.111
      vertex 52.6724 2.4 -3.14499
      vertex 51.7237 2.4 -2.82877
    endloop
  endfacet
  facet normal 0 -1 0
    outer loop
      vertex 48.2963 2.4 -13.111
      vertex 49.245 2.4 -13.4272
      vertex 52.6724 2.4 -3.14499
    endloop
  endfacet
  facet normal 0 -1 0
    outer loop
      vertex 49.2217 2.4 -13.4902
      vertex 48.2963 2.4 -13.111
      vertex 48.1437 2.4 -13.4835
    endloop
  endfacet
  facet normal 0 -1 0
    outer loop
      vertex 48.2963 2.4 -13.111
      vertex 49.2217 2.4 -13.4902
      vertex 49.245 2.4 -13.4272
    endloop
  endfacet
  facet normal 0 -1 0
    outer loop
      vertex 48.1437 2.4 -13.4835
      vertex 49.069 2.4 -13.8627
      vertex 49.2217 2.4 -13.4902
    endloop
  endfacet
  facet normal 0 -1 0
    outer loop
      vertex 49.0042 2.4 -13.993
      vertex 48.1437 2.4 -13.4835
      vertex 47.9038 2.4 -13.8886
    endloop
  endfacet
  facet normal 0 -1 0
    outer loop
      vertex 48.1437 2.4 -13.4835
      vertex 49.0042 2.4 -13.993
      vertex 49.069 2.4 -13.8627
    endloop
  endfacet
  facet normal 0 -1 0
    outer loop
      vertex 48.674 2.4 -14.5264
      vertex 47.9038 2.4 -13.8886
      vertex 47.6036 2.4 -14.2512
    endloop
  endfacet
  facet normal 0 -1 0
    outer loop
      vertex 47.9038 2.4 -13.8886
      vertex 48.7643 2.4 -14.3981
      vertex 49.0042 2.4 -13.993
    endloop
  endfacet
  facet normal 0 -1 0
    outer loop
      vertex 47.9038 2.4 -13.8886
      vertex 48.674 2.4 -14.5264
      vertex 48.7643 2.4 -14.3981
    endloop
  endfacet
  facet normal 0 -1 0
    outer loop
      vertex 48.2645 2.4 -15.0016
      vertex 47.6036 2.4 -14.2512
      vertex 47.2503 2.4 -14.5623
    endloop
  endfacet
  facet normal 0 -1 0
    outer loop
      vertex 47.6036 2.4 -14.2512
      vertex 48.3737 2.4 -14.889
      vertex 48.674 2.4 -14.5264
    endloop
  endfacet
  facet normal 0 -1 0
    outer loop
      vertex 47.6036 2.4 -14.2512
      vertex 48.2645 2.4 -15.0016
      vertex 48.3737 2.4 -14.889
    endloop
  endfacet
  facet normal 0 -1 0
    outer loop
      vertex 47.2503 2.4 -14.5623
      vertex 47.9112 2.4 -15.3127
      vertex 48.2645 2.4 -15.0016
    endloop
  endfacet
  facet normal 0 -1 0
    outer loop
      vertex 47.2503 2.4 -14.5623
      vertex 47.8503 2.4 -15.3623
      vertex 47.9112 2.4 -15.3127
    endloop
  endfacet
  facet normal 0 -1 0
    outer loop
      vertex 40.7267 2.4 -19.455
      vertex 47.8503 2.4 -15.3623
      vertex 47.2503 2.4 -14.5623
    endloop
  endfacet
  facet normal 0 -1 0
    outer loop
      vertex 41.279 2.4 -20.2887
      vertex 40.7267 2.4 -19.455
      vertex 40.4348 2.4 -19.6484
    endloop
  endfacet
  facet normal 0 -1 0
    outer loop
      vertex 40.7267 2.4 -19.455
      vertex 41.3267 2.4 -20.255
      vertex 47.8503 2.4 -15.3623
    endloop
  endfacet
  facet normal 0 -1 0
    outer loop
      vertex 40.8681 2.4 -20.5496
      vertex 40.4348 2.4 -19.6484
      vertex 40.0106 2.4 -19.8524
    endloop
  endfacet
  facet normal 0 -1 0
    outer loop
      vertex 40.2976 2.4 -20.8103
      vertex 40.0106 2.4 -19.8524
      vertex 39.5596 2.4 -19.9875
    endloop
  endfacet
  facet normal 0 -1 0
    outer loop
      vertex 39.6932 2.4 -20.9785
      vertex 39.5596 2.4 -19.9875
      vertex 39.0931 2.4 -20.0504
    endloop
  endfacet
  facet normal 0 -1 0
    outer loop
      vertex 40.7267 2.4 -19.455
      vertex 41.279 2.4 -20.2887
      vertex 41.3267 2.4 -20.255
    endloop
  endfacet
  facet normal 0 -1 0
    outer loop
      vertex 40.4348 2.4 -19.6484
      vertex 40.9871 2.4 -20.482
      vertex 41.279 2.4 -20.2887
    endloop
  endfacet
  facet normal 0 -1 0
    outer loop
      vertex 40.4348 2.4 -19.6484
      vertex 40.8681 2.4 -20.5496
      vertex 40.9871 2.4 -20.482
    endloop
  endfacet
  facet normal 0 -1 0
    outer loop
      vertex 40.0106 2.4 -19.8524
      vertex 40.4439 2.4 -20.7536
      vertex 40.8681 2.4 -20.5496
    endloop
  endfacet
  facet normal 0 -1 0
    outer loop
      vertex 40.0106 2.4 -19.8524
      vertex 40.2976 2.4 -20.8103
      vertex 40.4439 2.4 -20.7536
    endloop
  endfacet
  facet normal 0 -1 0
    outer loop
      vertex 39.5596 2.4 -19.9875
      vertex 39.8466 2.4 -20.9454
      vertex 40.2976 2.4 -20.8103
    endloop
  endfacet
  facet normal 0 -1 0
    outer loop
      vertex 39.1485 2.4 -21.0488
      vertex 39.0931 2.4 -20.0504
      vertex 22.7231 2.4 -20.9598
    endloop
  endfacet
  facet normal 0 -1 0
    outer loop
      vertex 39.5596 2.4 -19.9875
      vertex 39.6932 2.4 -20.9785
      vertex 39.8466 2.4 -20.9454
    endloop
  endfacet
  facet normal 0.737445 -0 0.675407
    outer loop
      vertex 12.2816 0 -17.2981
      vertex 12.5995 2.4 -17.6452
      vertex 12.2816 2.4 -17.2981
    endloop
  endfacet
  facet normal 0.737445 0 0.675407
    outer loop
      vertex 12.5995 2.4 -17.6452
      vertex 12.2816 0 -17.2981
      vertex 12.5995 0 -17.6452
    endloop
  endfacet
  facet normal -0.493934 0 0.869499
    outer loop
      vertex 40.8681 2.4 -20.5496
      vertex 40.9871 0 -20.482
      vertex 40.9871 2.4 -20.482
    endloop
  endfacet
  facet normal -0.493934 0 0.869499
    outer loop
      vertex 40.9871 0 -20.482
      vertex 40.8681 2.4 -20.5496
      vertex 40.8681 0 -20.5496
    endloop
  endfacet
  facet normal 0.96819 -0 0.250216
    outer loop
      vertex 8.06876 0 -6.19101
      vertex 8.21243 2.4 -6.74693
      vertex 8.06876 2.4 -6.19101
    endloop
  endfacet
  facet normal 0.96819 0 0.250216
    outer loop
      vertex 8.21243 2.4 -6.74693
      vertex 8.06876 0 -6.19101
      vertex 8.21243 0 -6.74693
    endloop
  endfacet
  facet normal -0.433394 0 0.901205
    outer loop
      vertex 40.4439 2.4 -20.7536
      vertex 40.8681 0 -20.5496
      vertex 40.8681 2.4 -20.5496
    endloop
  endfacet
  facet normal -0.433394 0 0.901205
    outer loop
      vertex 40.8681 0 -20.5496
      vertex 40.4439 2.4 -20.7536
      vertex 40.4439 0 -20.7536
    endloop
  endfacet
  facet normal 0.809025 0 -0.587774
    outer loop
      vertex 8.81253 0 5.41278
      vertex 8.72032 2.4 5.28586
      vertex 8.81253 2.4 5.41278
    endloop
  endfacet
  facet normal 0.809025 0 -0.587774
    outer loop
      vertex 8.72032 2.4 5.28586
      vertex 8.81253 0 5.41278
      vertex 8.72032 0 5.28586
    endloop
  endfacet
  facet normal -0.920262 0 -0.391303
    outer loop
      vertex 51.3666 0 4.49185
      vertex 51.3052 2.4 4.63625
      vertex 51.3666 2.4 4.49185
    endloop
  endfacet
  facet normal -0.920262 -0 -0.391303
    outer loop
      vertex 51.3052 2.4 4.63625
      vertex 51.3666 0 4.49185
      vertex 51.3052 0 4.63625
    endloop
  endfacet
  facet normal 0.233409 0 -0.972379
    outer loop
      vertex 10.8395 0 6.82553
      vertex 11.2973 2.4 6.93542
      vertex 11.2973 0 6.93542
    endloop
  endfacet
  facet normal 0.233409 0 -0.972379
    outer loop
      vertex 11.2973 2.4 6.93542
      vertex 10.8395 0 6.82553
      vertex 10.8395 2.4 6.82553
    endloop
  endfacet
  facet normal 0.852636 0 -0.522505
    outer loop
      vertex 8.72032 0 5.28586
      vertex 8.47435 2.4 4.88448
      vertex 8.72032 2.4 5.28586
    endloop
  endfacet
  facet normal 0.852636 0 -0.522505
    outer loop
      vertex 8.47435 2.4 4.88448
      vertex 8.72032 0 5.28586
      vertex 8.47435 0 4.88448
    endloop
  endfacet
  facet normal -0.970553 0 0.240886
    outer loop
      vertex 52.6943 0 -3.06956
      vertex 52.8077 2.4 -2.61266
      vertex 52.6943 2.4 -3.06956
    endloop
  endfacet
  facet normal -0.970553 0 0.240886
    outer loop
      vertex 52.8077 2.4 -2.61266
      vertex 52.6943 0 -3.06956
      vertex 52.8077 0 -2.61266
    endloop
  endfacet
  facet normal -0.700427 0 -0.713724
    outer loop
      vertex 50.285 0 6.01303
      vertex 50.621 2.4 5.68329
      vertex 50.621 0 5.68329
    endloop
  endfacet
  facet normal -0.700427 0 -0.713724
    outer loop
      vertex 50.621 2.4 5.68329
      vertex 50.285 0 6.01303
      vertex 50.285 2.4 6.01303
    endloop
  endfacet
  facet normal 0.406138 0 0.913812
    outer loop
      vertex 13.7591 2.4 -18.4317
      vertex 20.9321 0 -21.6197
      vertex 20.9321 2.4 -21.6197
    endloop
  endfacet
  facet normal 0.406138 0 0.913812
    outer loop
      vertex 20.9321 0 -21.6197
      vertex 13.7591 2.4 -18.4317
      vertex 13.7591 0 -18.4317
    endloop
  endfacet
  facet normal 0.999231 0 -0.0392155
    outer loop
      vertex 8.00308 0 3.07848
      vertex 8 2.4 3
      vertex 8.00308 2.4 3.07848
    endloop
  endfacet
  facet normal 0.999231 0 -0.0392155
    outer loop
      vertex 8 2.4 3
      vertex 8.00308 0 3.07848
      vertex 8 0 3
    endloop
  endfacet
  facet normal 0.987672 0 -0.156539
    outer loop
      vertex 8.06458 0 3.70274
      vertex 8.04002 2.4 3.54778
      vertex 8.06458 2.4 3.70274
    endloop
  endfacet
  facet normal 0.987672 0 -0.156539
    outer loop
      vertex 8.04002 2.4 3.54778
      vertex 8.06458 0 3.70274
      vertex 8.04002 0 3.54778
    endloop
  endfacet
  facet normal -0.925274 0 0.3793
    outer loop
      vertex 49.069 0 -13.8627
      vertex 49.2217 2.4 -13.4902
      vertex 49.069 2.4 -13.8627
    endloop
  endfacet
  facet normal -0.925274 0 0.3793
    outer loop
      vertex 49.2217 2.4 -13.4902
      vertex 49.069 0 -13.8627
      vertex 49.2217 0 -13.4902
    endloop
  endfacet
  facet normal -0.133625 0 0.991032
    outer loop
      vertex 39.2267 2.4 -21.0414
      vertex 39.6932 0 -20.9785
      vertex 39.6932 2.4 -20.9785
    endloop
  endfacet
  facet normal -0.133625 0 0.991032
    outer loop
      vertex 39.6932 0 -20.9785
      vertex 39.2267 2.4 -21.0414
      vertex 39.2267 0 -21.0414
    endloop
  endfacet
  facet normal -0.0942083 0 0.995553
    outer loop
      vertex 39.1485 2.4 -21.0488
      vertex 39.2267 0 -21.0414
      vertex 39.2267 2.4 -21.0414
    endloop
  endfacet
  facet normal -0.0942083 0 0.995553
    outer loop
      vertex 39.2267 0 -21.0414
      vertex 39.1485 2.4 -21.0488
      vertex 39.1485 0 -21.0488
    endloop
  endfacet
  facet normal -0.980622 0 -0.19591
    outer loop
      vertex 52.8248 0 -1.23735
      vertex 52.7687 2.4 -0.956543
      vertex 52.8248 2.4 -1.23735
    endloop
  endfacet
  facet normal -0.980622 -0 -0.19591
    outer loop
      vertex 52.7687 2.4 -0.956543
      vertex 52.8248 0 -1.23735
      vertex 52.7687 0 -0.956543
    endloop
  endfacet
  facet normal 0.382681 0 -0.923881
    outer loop
      vertex 10.2554 0 6.59691
      vertex 10.6903 2.4 6.77705
      vertex 10.6903 0 6.77705
    endloop
  endfacet
  facet normal 0.382681 0 -0.923881
    outer loop
      vertex 10.6903 2.4 6.77705
      vertex 10.2554 0 6.59691
      vertex 10.2554 2.4 6.59691
    endloop
  endfacet
  facet normal 0.587774 0 -0.809025
    outer loop
      vertex 9.58722 0 6.18747
      vertex 9.71414 2.4 6.27968
      vertex 9.71414 0 6.27968
    endloop
  endfacet
  facet normal 0.587774 0 -0.809025
    outer loop
      vertex 9.71414 2.4 6.27968
      vertex 9.58722 0 6.18747
      vertex 9.58722 2.4 6.18747
    endloop
  endfacet
  facet normal -0.300132 0 -0.953898
    outer loop
      vertex 49.0798 0 6.73616
      vertex 48.8769 2 6.8
      vertex 49.0798 2.4 6.73616
    endloop
  endfacet
  facet normal -0.300147 -1.6486e-06 -0.953893
    outer loop
      vertex 48.6308 0 6.87744
      vertex 48.8769 2 6.8
      vertex 49.0798 0 6.73616
    endloop
  endfacet
  facet normal -0.300159 0 -0.953889
    outer loop
      vertex 48.8769 2 6.8
      vertex 48.6308 0 6.87744
      vertex 48.6308 2 6.87744
    endloop
  endfacet
  facet normal -0.300132 0 -0.953898
    outer loop
      vertex 49.0798 2.4 6.73616
      vertex 48.8769 2 6.8
      vertex 48.8769 2.4 6.8
    endloop
  endfacet
  facet normal 0.999231 -0 0.0392155
    outer loop
      vertex 8 0 -5.47148
      vertex 8.00308 2.4 -5.54996
      vertex 8 2.4 -5.47148
    endloop
  endfacet
  facet normal 0.999231 0 0.0392155
    outer loop
      vertex 8.00308 2.4 -5.54996
      vertex 8 0 -5.47148
      vertex 8.00308 0 -5.54996
    endloop
  endfacet
  facet normal 0.760411 0 -0.649442
    outer loop
      vertex 9.11826 0 5.77075
      vertex 8.81253 2.4 5.41278
      vertex 9.11826 2.4 5.77075
    endloop
  endfacet
  facet normal 0.760411 0 -0.649442
    outer loop
      vertex 8.81253 2.4 5.41278
      vertex 9.11826 0 5.77075
      vertex 8.81253 0 5.41278
    endloop
  endfacet
  facet normal -0.948683 0 0.316227
    outer loop
      vertex 49.245 0 -13.4272
      vertex 52.6724 2.4 -3.14499
      vertex 49.245 2.4 -13.4272
    endloop
  endfacet
  facet normal -0.948683 0 0.316227
    outer loop
      vertex 52.6724 2.4 -3.14499
      vertex 49.245 0 -13.4272
      vertex 52.6724 0 -3.14499
    endloop
  endfacet
  facet normal 0.453876 0 -0.891065
    outer loop
      vertex 10.1155 0 6.52565
      vertex 10.2554 2.4 6.59691
      vertex 10.2554 0 6.59691
    endloop
  endfacet
  facet normal 0.453876 0 -0.891065
    outer loop
      vertex 10.2554 2.4 6.59691
      vertex 10.1155 0 6.52565
      vertex 10.1155 2.4 6.52565
    endloop
  endfacet
  facet normal 0.370293 0 0.928915
    outer loop
      vertex 20.9321 2.4 -21.6197
      vertex 21.0051 0 -21.6488
      vertex 21.0051 2.4 -21.6488
    endloop
  endfacet
  facet normal 0.370293 0 0.928915
    outer loop
      vertex 21.0051 0 -21.6488
      vertex 20.9321 2.4 -21.6197
      vertex 20.9321 0 -21.6197
    endloop
  endfacet
  facet normal -0.97599 0 -0.217817
    outer loop
      vertex 52.7687 0 -0.956543
      vertex 52.7583 2.4 -0.909943
      vertex 52.7687 2.4 -0.956543
    endloop
  endfacet
  facet normal -0.97599 -0 -0.217817
    outer loop
      vertex 52.7583 2.4 -0.909943
      vertex 52.7687 0 -0.956543
      vertex 52.7583 0 -0.909943
    endloop
  endfacet
  facet normal 0.156598 0 -0.987662
    outer loop
      vertex 11.2973 0 6.93542
      vertex 11.4522 2.4 6.95998
      vertex 11.4522 0 6.95998
    endloop
  endfacet
  facet normal 0.156598 0 -0.987662
    outer loop
      vertex 11.4522 2.4 6.95998
      vertex 11.2973 0 6.93542
      vertex 11.2973 2.4 6.93542
    endloop
  endfacet
  facet normal -0.642564 0 -0.766232
    outer loop
      vertex 50.1648 0 6.11383
      vertex 50.285 2.4 6.01303
      vertex 50.285 0 6.01303
    endloop
  endfacet
  facet normal -0.642564 0 -0.766232
    outer loop
      vertex 50.285 2.4 6.01303
      vertex 50.1648 0 6.11383
      vertex 50.1648 2.4 6.11383
    endloop
  endfacet
  facet normal -0.803425 0 -0.595405
    outer loop
      vertex 51.0043 0 5.18671
      vertex 50.724 2.4 5.56494
      vertex 51.0043 2.4 5.18671
    endloop
  endfacet
  facet normal -0.803425 -0 -0.595405
    outer loop
      vertex 50.724 2.4 5.56494
      vertex 51.0043 0 5.18671
      vertex 50.724 0 5.56494
    endloop
  endfacet
  facet normal -0.948157 0 -0.317801
    outer loop
      vertex 51.5162 0 4.04552
      vertex 51.3666 2.4 4.49185
      vertex 51.5162 2.4 4.04552
    endloop
  endfacet
  facet normal -0.948157 -0 -0.317801
    outer loop
      vertex 51.3666 2.4 4.49185
      vertex 51.5162 0 4.04552
      vertex 51.3666 0 4.49185
    endloop
  endfacet
  facet normal 0.309028 0 -0.951053
    outer loop
      vertex 10.6903 0 6.77705
      vertex 10.8395 2.4 6.82553
      vertex 10.8395 0 6.82553
    endloop
  endfacet
  facet normal 0.309028 0 -0.951053
    outer loop
      vertex 10.8395 2.4 6.82553
      vertex 10.6903 0 6.77705
      vertex 10.6903 2.4 6.77705
    endloop
  endfacet
  facet normal 0.0392055 0 -0.999231
    outer loop
      vertex 11.9215 0 6.99692
      vertex 12 2.4 7
      vertex 12 0 7
    endloop
  endfacet
  facet normal 0.0392055 0 -0.999231
    outer loop
      vertex 12 2.4 7
      vertex 11.9215 0 6.99692
      vertex 11.9215 2.4 6.99692
    endloop
  endfacet
  facet normal 0.0784703 0 -0.996916
    outer loop
      vertex 11.4522 0 6.95998
      vertex 11.9215 2.4 6.99692
      vertex 11.9215 0 6.99692
    endloop
  endfacet
  facet normal 0.0784703 0 -0.996916
    outer loop
      vertex 11.9215 2.4 6.99692
      vertex 11.4522 0 6.95998
      vertex 11.4522 2.4 6.95998
    endloop
  endfacet
  facet normal 0.555672 0 0.831401
    outer loop
      vertex 13.0826 2.4 -18.0455
      vertex 13.2207 0 -18.1378
      vertex 13.2207 2.4 -18.1378
    endloop
  endfacet
  facet normal 0.555672 0 0.831401
    outer loop
      vertex 13.2207 0 -18.1378
      vertex 13.0826 2.4 -18.0455
      vertex 13.0826 0 -18.0455
    endloop
  endfacet
  facet normal 0.874908 -0 0.48429
    outer loop
      vertex 11.8493 0 -16.6445
      vertex 11.9253 2.4 -16.7818
      vertex 11.8493 2.4 -16.6445
    endloop
  endfacet
  facet normal 0.874908 0 0.48429
    outer loop
      vertex 11.9253 2.4 -16.7818
      vertex 11.8493 0 -16.6445
      vertex 11.9253 0 -16.7818
    endloop
  endfacet
  facet normal 0.445845 0 0.89511
    outer loop
      vertex 13.6806 2.4 -18.3926
      vertex 13.7591 0 -18.4317
      vertex 13.7591 2.4 -18.4317
    endloop
  endfacet
  facet normal 0.445845 0 0.89511
    outer loop
      vertex 13.7591 0 -18.4317
      vertex 13.6806 2.4 -18.3926
      vertex 13.6806 0 -18.3926
    endloop
  endfacet
  facet normal -0.996292 0 0.0860319
    outer loop
      vertex 52.8334 0 -2.45789
      vertex 52.8739 2.4 -1.98888
      vertex 52.8334 2.4 -2.45789
    endloop
  endfacet
  facet normal -0.996292 0 0.0860319
    outer loop
      vertex 52.8739 2.4 -1.98888
      vertex 52.8334 0 -2.45789
      vertex 52.8739 0 -1.98888
    endloop
  endfacet
  facet normal 0.986287 -0 0.165041
    outer loop
      vertex 8.04002 0 -6.01926
      vertex 8.06876 2.4 -6.19101
      vertex 8.04002 2.4 -6.01926
    endloop
  endfacet
  facet normal 0.986287 0 0.165041
    outer loop
      vertex 8.06876 2.4 -6.19101
      vertex 8.04002 0 -6.01926
      vertex 8.06876 0 -6.19101
    endloop
  endfacet
  facet normal 0.996916 -0 0.0784703
    outer loop
      vertex 8.00308 0 -5.54996
      vertex 8.04002 2.4 -6.01926
      vertex 8.00308 2.4 -5.54996
    endloop
  endfacet
  facet normal 0.996916 0 0.0784703
    outer loop
      vertex 8.04002 2.4 -6.01926
      vertex 8.00308 0 -5.54996
      vertex 8.04002 0 -6.01926
    endloop
  endfacet
  facet normal 0.890986 0 -0.454031
    outer loop
      vertex 8.47435 0 4.88448
      vertex 8.40309 2.4 4.74464
      vertex 8.47435 2.4 4.88448
    endloop
  endfacet
  facet normal 0.890986 0 -0.454031
    outer loop
      vertex 8.40309 2.4 4.74464
      vertex 8.47435 0 4.88448
      vertex 8.40309 0 4.74464
    endloop
  endfacet
  facet normal -0.0150548 0 0.999887
    outer loop
      vertex 22.6988 2.4 -21.9595
      vertex 22.7785 0 -21.9583
      vertex 22.7785 2.4 -21.9583
    endloop
  endfacet
  facet normal -0.0150548 0 0.999887
    outer loop
      vertex 22.7785 0 -21.9583
      vertex 22.6988 2.4 -21.9595
      vertex 22.6988 0 -21.9595
    endloop
  endfacet
  facet normal 0.0242606 0 0.999706
    outer loop
      vertex 22.2208 2.4 -21.9479
      vertex 22.6988 0 -21.9595
      vertex 22.6988 2.4 -21.9595
    endloop
  endfacet
  facet normal 0.0242606 0 0.999706
    outer loop
      vertex 22.6988 0 -21.9595
      vertex 22.2208 2.4 -21.9479
      vertex 22.2208 0 -21.9479
    endloop
  endfacet
  facet normal -0.514402 0 -0.857549
    outer loop
      vertex 49.6468 0 6.4677
      vertex 49.7814 2.4 6.38696
      vertex 49.7814 0 6.38696
    endloop
  endfacet
  facet normal -0.514402 0 -0.857549
    outer loop
      vertex 49.7814 2.4 6.38696
      vertex 49.6468 0 6.4677
      vertex 49.6468 2.4 6.4677
    endloop
  endfacet
  facet normal -0.577019 0 0.816731
    outer loop
      vertex 41.279 2.4 -20.2887
      vertex 41.3267 0 -20.255
      vertex 41.3267 2.4 -20.255
    endloop
  endfacet
  facet normal -0.577019 0 0.816731
    outer loop
      vertex 41.3267 0 -20.255
      vertex 41.279 2.4 -20.2887
      vertex 41.279 0 -20.2887
    endloop
  endfacet
  facet normal -0.631503 0 0.775374
    outer loop
      vertex 47.8503 2.4 -15.3623
      vertex 47.9112 0 -15.3127
      vertex 47.9112 2.4 -15.3127
    endloop
  endfacet
  facet normal -0.631503 0 0.775374
    outer loop
      vertex 47.9112 0 -15.3127
      vertex 47.8503 2.4 -15.3623
      vertex 47.8503 0 -15.3623
    endloop
  endfacet
  facet normal -0.580215 0 -0.814463
    outer loop
      vertex 49.7814 0 6.38696
      vertex 50.1648 2.4 6.11383
      vertex 50.1648 0 6.11383
    endloop
  endfacet
  facet normal -0.580215 0 -0.814463
    outer loop
      vertex 50.1648 2.4 6.11383
      vertex 49.7814 0 6.38696
      vertex 49.7814 2.4 6.38696
    endloop
  endfacet
  facet normal 1 -0 0
    outer loop
      vertex 8 0 3
      vertex 8 2.4 -5.47148
      vertex 8 2.4 3
    endloop
  endfacet
  facet normal 1 0 0
    outer loop
      vertex 8 2.4 -5.47148
      vertex 8 0 3
      vertex 8 0 -5.47148
    endloop
  endfacet
  facet normal -0.374082 0 -0.927396
    outer loop
      vertex 49.0798 0 6.73616
      vertex 49.2253 2.4 6.67747
      vertex 49.2253 0 6.67747
    endloop
  endfacet
  facet normal -0.374082 0 -0.927396
    outer loop
      vertex 49.2253 2.4 6.67747
      vertex 49.0798 0 6.73616
      vertex 49.0798 2.4 6.73616
    endloop
  endfacet
  facet normal -0.959951 0 -0.280166
    outer loop
      vertex 51.5382 0 3.97014
      vertex 51.5162 2.4 4.04552
      vertex 51.5382 2.4 3.97014
    endloop
  endfacet
  facet normal -0.959951 -0 -0.280166
    outer loop
      vertex 51.5162 2.4 4.04552
      vertex 51.5382 0 3.97014
      vertex 51.5162 0 4.04552
    endloop
  endfacet
  facet normal 0.996916 0 -0.0784703
    outer loop
      vertex 8.04002 0 3.54778
      vertex 8.00308 2.4 3.07848
      vertex 8.04002 2.4 3.54778
    endloop
  endfacet
  facet normal 0.996916 0 -0.0784703
    outer loop
      vertex 8.00308 2.4 3.07848
      vertex 8.04002 0 3.54778
      vertex 8.00308 0 3.07848
    endloop
  endfacet
  facet normal 0.955063 -0 0.296402
    outer loop
      vertex 8.21243 0 -6.74693
      vertex 8.24083 2.4 -6.83844
      vertex 8.21243 2.4 -6.74693
    endloop
  endfacet
  facet normal 0.955063 0 0.296402
    outer loop
      vertex 8.24083 2.4 -6.83844
      vertex 8.21243 0 -6.74693
      vertex 8.24083 0 -6.83844
    endloop
  endfacet
  facet normal 0.78815 -0 0.615483
    outer loop
      vertex 12.185 0 -17.1744
      vertex 12.2816 2.4 -17.2981
      vertex 12.185 2.4 -17.1744
    endloop
  endfacet
  facet normal 0.78815 0 0.615483
    outer loop
      vertex 12.2816 2.4 -17.2981
      vertex 12.185 0 -17.1744
      vertex 12.2816 0 -17.2981
    endloop
  endfacet
  facet normal -0.86044 0 0.509552
    outer loop
      vertex 48.7643 0 -14.3981
      vertex 49.0042 2.4 -13.993
      vertex 48.7643 2.4 -14.3981
    endloop
  endfacet
  facet normal -0.86044 0 0.509552
    outer loop
      vertex 49.0042 2.4 -13.993
      vertex 48.7643 0 -14.3981
      vertex 49.0042 0 -13.993
    endloop
  endfacet
  facet normal -0.754331 0 -0.656494
    outer loop
      vertex 50.724 0 5.56494
      vertex 50.621 2.4 5.68329
      vertex 50.724 2.4 5.56494
    endloop
  endfacet
  facet normal -0.754331 -0 -0.656494
    outer loop
      vertex 50.621 2.4 5.68329
      vertex 50.724 0 5.56494
      vertex 50.621 0 5.68329
    endloop
  endfacet
  facet normal -0.886663 0 -0.462416
    outer loop
      vertex 51.3052 0 4.63625
      vertex 51.0875 2.4 5.05368
      vertex 51.3052 2.4 4.63625
    endloop
  endfacet
  facet normal -0.886663 -0 -0.462416
    outer loop
      vertex 51.0875 2.4 5.05368
      vertex 51.3052 0 4.63625
      vertex 51.0875 0 5.05368
    endloop
  endfacet
  facet normal 0.925729 -0 0.378187
    outer loop
      vertex 11.6245 -1 -16.1434
      vertex 11.6542 2.4 -16.2161
      vertex 11.6245 2.4 -16.1434
    endloop
  endfacet
  facet normal 0.925729 0 0.378187
    outer loop
      vertex 11.6542 2.4 -16.2161
      vertex 11.6245 -1 -16.1434
      vertex 11.6542 -1 -16.2161
    endloop
  endfacet
  facet normal 0.484625 0 0.874722
    outer loop
      vertex 13.2207 2.4 -18.1378
      vertex 13.6806 0 -18.3926
      vertex 13.6806 2.4 -18.3926
    endloop
  endfacet
  facet normal 0.484625 0 0.874722
    outer loop
      vertex 13.6806 0 -18.3926
      vertex 13.2207 2.4 -18.1378
      vertex 13.2207 0 -18.1378
    endloop
  endfacet
  facet normal 0.972373 0 -0.233433
    outer loop
      vertex 8.17447 0 4.16049
      vertex 8.06458 2.4 3.70274
      vertex 8.17447 2.4 4.16049
    endloop
  endfacet
  facet normal 0.972373 0 -0.233433
    outer loop
      vertex 8.06458 2.4 3.70274
      vertex 8.17447 0 4.16049
      vertex 8.06458 0 3.70274
    endloop
  endfacet
  facet normal -0.6 0 0.8
    outer loop
      vertex 41.3267 2.4 -20.255
      vertex 47.8503 0 -15.3623
      vertex 47.8503 2.4 -15.3623
    endloop
  endfacet
  facet normal -0.6 0 0.8
    outer loop
      vertex 47.8503 0 -15.3623
      vertex 41.3267 2.4 -20.255
      vertex 41.3267 0 -20.255
    endloop
  endfacet
  facet normal 0.333131 0 0.94288
    outer loop
      vertex 21.0051 2.4 -21.6488
      vertex 21.4489 0 -21.8056
      vertex 21.4489 2.4 -21.8056
    endloop
  endfacet
  facet normal 0.333131 0 0.94288
    outer loop
      vertex 21.4489 0 -21.8056
      vertex 21.0051 2.4 -21.6488
      vertex 21.0051 0 -21.6488
    endloop
  endfacet
  facet normal -0.93791 0 0.346878
    outer loop
      vertex 49.2217 0 -13.4902
      vertex 49.245 2.4 -13.4272
      vertex 49.2217 2.4 -13.4902
    endloop
  endfacet
  facet normal -0.93791 0 0.346878
    outer loop
      vertex 49.245 2.4 -13.4272
      vertex 49.2217 0 -13.4902
      vertex 49.245 0 -13.4272
    endloop
  endfacet
  facet normal -0.990991 0 -0.133928
    outer loop
      vertex 52.8417 0 -1.3624
      vertex 52.8248 2.4 -1.23735
      vertex 52.8417 2.4 -1.3624
    endloop
  endfacet
  facet normal -0.990991 -0 -0.133928
    outer loop
      vertex 52.8248 2.4 -1.23735
      vertex 52.8417 0 -1.3624
      vertex 52.8248 0 -1.23735
    endloop
  endfacet
  facet normal -0.552127 0 0.83376
    outer loop
      vertex 40.9871 2.4 -20.482
      vertex 41.279 0 -20.2887
      vertex 41.279 2.4 -20.2887
    endloop
  endfacet
  facet normal -0.552127 0 0.83376
    outer loop
      vertex 41.279 0 -20.2887
      vertex 40.9871 2.4 -20.482
      vertex 40.9871 0 -20.482
    endloop
  endfacet
  facet normal 0.258099 0 0.966118
    outer loop
      vertex 21.4489 2.4 -21.8056
      vertex 21.6005 0 -21.8461
      vertex 21.6005 2.4 -21.8461
    endloop
  endfacet
  facet normal 0.258099 0 0.966118
    outer loop
      vertex 21.6005 0 -21.8461
      vertex 21.4489 2.4 -21.8056
      vertex 21.4489 0 -21.8056
    endloop
  endfacet
  facet normal 0.522524 0 -0.852625
    outer loop
      vertex 9.71414 0 6.27968
      vertex 10.1155 2.4 6.52565
      vertex 10.1155 0 6.52565
    endloop
  endfacet
  facet normal 0.522524 0 -0.852625
    outer loop
      vertex 10.1155 2.4 6.52565
      vertex 9.71414 0 6.27968
      vertex 9.71414 2.4 6.27968
    endloop
  endfacet
  facet normal 0.923887 0 -0.382666
    outer loop
      vertex 8.40309 0 4.74464
      vertex 8.22295 2.4 4.30972
      vertex 8.40309 2.4 4.74464
    endloop
  endfacet
  facet normal 0.923887 0 -0.382666
    outer loop
      vertex 8.22295 2.4 4.30972
      vertex 8.40309 0 4.74464
      vertex 8.22295 0 4.30972
    endloop
  endfacet
  facet normal -0.895387 0 0.445288
    outer loop
      vertex 49.0042 0 -13.993
      vertex 49.069 2.4 -13.8627
      vertex 49.0042 2.4 -13.993
    endloop
  endfacet
  facet normal -0.895387 0 0.445288
    outer loop
      vertex 49.069 2.4 -13.8627
      vertex 49.0042 0 -13.993
      vertex 49.069 0 -13.8627
    endloop
  endfacet
  facet normal -0.717862 0 0.696186
    outer loop
      vertex 48.2645 0 -15.0016
      vertex 48.3737 2.4 -14.889
      vertex 48.2645 2.4 -15.0016
    endloop
  endfacet
  facet normal -0.717862 0 0.696186
    outer loop
      vertex 48.3737 2.4 -14.889
      vertex 48.2645 0 -15.0016
      vertex 48.3737 0 -14.889
    endloop
  endfacet
  facet normal 0.707107 0 -0.707107
    outer loop
      vertex 9.22925 0 5.88174
      vertex 9.11826 2.4 5.77075
      vertex 9.22925 2.4 5.88174
    endloop
  endfacet
  facet normal 0.707107 0 -0.707107
    outer loop
      vertex 9.11826 2.4 5.77075
      vertex 9.22925 0 5.88174
      vertex 9.11826 0 5.77075
    endloop
  endfacet
  facet normal -0.99748 0 -0.0709527
    outer loop
      vertex 52.8751 0 -1.83195
      vertex 52.8417 2.4 -1.3624
      vertex 52.8751 2.4 -1.83195
    endloop
  endfacet
  facet normal -0.99748 -0 -0.0709527
    outer loop
      vertex 52.8417 2.4 -1.3624
      vertex 52.8751 0 -1.83195
      vertex 52.8417 0 -1.3624
    endloop
  endfacet
  facet normal -0.445548 0 -0.895258
    outer loop
      vertex 49.2253 0 6.67747
      vertex 49.6468 2.4 6.4677
      vertex 49.6468 0 6.4677
    endloop
  endfacet
  facet normal -0.445548 0 -0.895258
    outer loop
      vertex 49.6468 2.4 6.4677
      vertex 49.2253 0 6.67747
      vertex 49.2253 2.4 6.67747
    endloop
  endfacet
  facet normal -0.960343 0 0.278822
    outer loop
      vertex 52.6724 0 -3.14499
      vertex 52.6943 2.4 -3.06956
      vertex 52.6724 2.4 -3.14499
    endloop
  endfacet
  facet normal -0.960343 0 0.278822
    outer loop
      vertex 52.6943 2.4 -3.06956
      vertex 52.6724 0 -3.14499
      vertex 52.6943 0 -3.06956
    endloop
  endfacet
  facet normal 0.910068 -1.9836e-05 0.414459
    outer loop
      vertex 11.6542 2.4 -16.2161
      vertex 11.7767 0 -16.4852
      vertex 11.8493 2.4 -16.6445
    endloop
  endfacet
  facet normal 0.910135 -0 0.414313
    outer loop
      vertex 11.6542 -1 -16.2161
      vertex 11.7767 0 -16.4852
      vertex 11.6542 2.4 -16.2161
    endloop
  endfacet
  facet normal 0.910135 0 0.414313
    outer loop
      vertex 11.7767 0 -16.4852
      vertex 11.6542 -1 -16.2161
      vertex 11.7767 -0.866061 -16.4852
    endloop
  endfacet
  facet normal 0.91009 0.000235605 0.41441
    outer loop
      vertex 11.7767 -0.866061 -16.4852
      vertex 11.6542 -1 -16.2161
      vertex 11.7674 -1 -16.4647
    endloop
  endfacet
  facet normal 0.909955 0 0.414707
    outer loop
      vertex 11.8493 2.4 -16.6445
      vertex 11.7767 0 -16.4852
      vertex 11.8493 0 -16.6445
    endloop
  endfacet
  facet normal -0.970139 0 -0.24255
    outer loop
      vertex 52.7583 0 -0.909943
      vertex 51.5382 2.4 3.97014
      vertex 52.7583 2.4 -0.909943
    endloop
  endfacet
  facet normal -0.970139 -0 -0.24255
    outer loop
      vertex 51.5382 2.4 3.97014
      vertex 52.7583 0 -0.909943
      vertex 51.5382 0 3.97014
    endloop
  endfacet
  facet normal 0.181595 0 0.983373
    outer loop
      vertex 21.6005 2.4 -21.8461
      vertex 22.0635 0 -21.9316
      vertex 22.0635 2.4 -21.9316
    endloop
  endfacet
  facet normal 0.181595 0 0.983373
    outer loop
      vertex 22.0635 0 -21.9316
      vertex 21.6005 2.4 -21.8461
      vertex 21.6005 0 -21.8461
    endloop
  endfacet
  facet normal -0.999971 0 0.0076465
    outer loop
      vertex 52.8739 0 -1.98888
      vertex 52.8751 2.4 -1.83195
      vertex 52.8739 2.4 -1.98888
    endloop
  endfacet
  facet normal -0.999971 0 0.0076465
    outer loop
      vertex 52.8751 2.4 -1.83195
      vertex 52.8739 0 -1.98888
      vertex 52.8751 0 -1.83195
    endloop
  endfacet
  facet normal -0.986492 0 0.16381
    outer loop
      vertex 52.8077 0 -2.61266
      vertex 52.8334 2.4 -2.45789
      vertex 52.8077 2.4 -2.61266
    endloop
  endfacet
  facet normal -0.986492 0 0.16381
    outer loop
      vertex 52.8334 2.4 -2.45789
      vertex 52.8077 0 -2.61266
      vertex 52.8334 0 -2.45789
    endloop
  endfacet
  facet normal -0.770168 0 0.637842
    outer loop
      vertex 48.3737 0 -14.889
      vertex 48.674 2.4 -14.5264
      vertex 48.3737 2.4 -14.889
    endloop
  endfacet
  facet normal -0.770168 0 0.637842
    outer loop
      vertex 48.674 2.4 -14.5264
      vertex 48.3737 0 -14.889
      vertex 48.674 0 -14.5264
    endloop
  endfacet
  facet normal -0.847837 0 -0.530257
    outer loop
      vertex 51.0875 0 5.05368
      vertex 51.0043 2.4 5.18671
      vertex 51.0875 2.4 5.05368
    endloop
  endfacet
  facet normal -0.847837 -0 -0.530257
    outer loop
      vertex 51.0043 2.4 5.18671
      vertex 51.0875 0 5.05368
      vertex 51.0043 0 5.18671
    endloop
  endfacet
  facet normal -0.660863 0 0.750507
    outer loop
      vertex 47.9112 2.4 -15.3127
      vertex 48.2645 0 -15.0016
      vertex 48.2645 2.4 -15.0016
    endloop
  endfacet
  facet normal -0.660863 0 0.750507
    outer loop
      vertex 48.2645 0 -15.0016
      vertex 47.9112 2.4 -15.3127
      vertex 47.9112 0 -15.3127
    endloop
  endfacet
  facet normal 0.649442 0 -0.760411
    outer loop
      vertex 9.22925 0 5.88174
      vertex 9.58722 2.4 6.18747
      vertex 9.58722 0 6.18747
    endloop
  endfacet
  facet normal 0.649442 0 -0.760411
    outer loop
      vertex 9.58722 2.4 6.18747
      vertex 9.22925 0 5.88174
      vertex 9.22925 2.4 5.88174
    endloop
  endfacet
  facet normal 0.0554673 0 0.998461
    outer loop
      vertex -39.0931 6 -20.0504
      vertex -22.7231 2.4 -20.9598
      vertex -22.7231 6 -20.9598
    endloop
  endfacet
  facet normal 0.0554673 0 0.998461
    outer loop
      vertex -22.7231 2.4 -20.9598
      vertex -39.0931 6 -20.0504
      vertex -39.0931 2.4 -20.0504
    endloop
  endfacet
  facet normal -0.333131 0 0.94288
    outer loop
      vertex -21.7821 6 -20.8627
      vertex -21.3383 2.4 -20.7059
      vertex -21.3383 6 -20.7059
    endloop
  endfacet
  facet normal -0.333131 0 0.94288
    outer loop
      vertex -21.3383 2.4 -20.7059
      vertex -21.7821 6 -20.8627
      vertex -21.7821 2.4 -20.8627
    endloop
  endfacet
  facet normal -0.181633 0 0.983366
    outer loop
      vertex -22.245 6 -20.9482
      vertex -21.7821 2.4 -20.8627
      vertex -21.7821 6 -20.8627
    endloop
  endfacet
  facet normal -0.181633 0 0.983366
    outer loop
      vertex -21.7821 2.4 -20.8627
      vertex -22.245 6 -20.9482
      vertex -22.245 2.4 -20.9482
    endloop
  endfacet
  facet normal -0.996916 0 0.0784703
    outer loop
      vertex -9.03694 2.4 -5.94078
      vertex -9 6 -5.47148
      vertex -9.03694 6 -5.94078
    endloop
  endfacet
  facet normal -0.996916 0 0.0784703
    outer loop
      vertex -9 6 -5.47148
      vertex -9.03694 2.4 -5.94078
      vertex -9 2.4 -5.47148
    endloop
  endfacet
  facet normal 0 0 -1
    outer loop
      vertex -47.6577 2.4 6
      vertex -12 6 6
      vertex -12 2.4 6
    endloop
  endfacet
  facet normal -0 0 -1
    outer loop
      vertex -12 6 6
      vertex -47.6577 2.4 6
      vertex -47.6577 6 6
    endloop
  endfacet
  facet normal -1 0 0
    outer loop
      vertex -9 2.4 -5.47148
      vertex -9 6 3
      vertex -9 6 -5.47148
    endloop
  endfacet
  facet normal -1 -0 0
    outer loop
      vertex -9 6 3
      vertex -9 2.4 -5.47148
      vertex -9 2.4 3
    endloop
  endfacet
  facet normal 0.996292 -0 0.0860319
    outer loop
      vertex -51.8776 2.4 -1.90285
      vertex -51.8371 6 -2.37186
      vertex -51.8776 6 -1.90285
    endloop
  endfacet
  facet normal 0.996292 0 0.0860319
    outer loop
      vertex -51.8371 6 -2.37186
      vertex -51.8776 2.4 -1.90285
      vertex -51.8371 2.4 -2.37186
    endloop
  endfacet
  facet normal 0.886754 0 -0.462241
    outer loop
      vertex -50.2008 2.4 4.59137
      vertex -50.4184 6 4.17393
      vertex -50.2008 6 4.59137
    endloop
  endfacet
  facet normal 0.886754 0 -0.462241
    outer loop
      vertex -50.4184 6 4.17393
      vertex -50.2008 2.4 4.59137
      vertex -50.4184 2.4 4.17393
    endloop
  endfacet
  facet normal -0.972368 0 -0.233453
    outer loop
      vertex -9.03694 2.4 3.4693
      vertex -9.14684 6 3.92705
      vertex -9.03694 6 3.4693
    endloop
  endfacet
  facet normal -0.972368 -0 -0.233453
    outer loop
      vertex -9.14684 6 3.92705
      vertex -9.03694 2.4 3.4693
      vertex -9.14684 2.4 3.92705
    endloop
  endfacet
  facet normal 0.660863 0 0.750507
    outer loop
      vertex -47.6036 6 -14.2512
      vertex -47.2503 2.4 -14.5623
      vertex -47.2503 6 -14.5623
    endloop
  endfacet
  facet normal 0.660863 0 0.750507
    outer loop
      vertex -47.2503 2.4 -14.5623
      vertex -47.6036 6 -14.2512
      vertex -47.6036 2.4 -14.2512
    endloop
  endfacet
  facet normal 0.948684 -0 0.316227
    outer loop
      vertex -51.7237 2.4 -2.82877
      vertex -48.2963 6 -13.111
      vertex -51.7237 6 -2.82877
    endloop
  endfacet
  facet normal 0.948684 0 0.316227
    outer loop
      vertex -48.2963 6 -13.111
      vertex -51.7237 2.4 -2.82877
      vertex -48.2963 2.4 -13.111
    endloop
  endfacet
  facet normal 0.552325 0 0.833629
    outer loop
      vertex -40.7267 6 -19.455
      vertex -40.4348 2.4 -19.6484
      vertex -40.4348 6 -19.6484
    endloop
  endfacet
  facet normal 0.552325 0 0.833629
    outer loop
      vertex -40.4348 2.4 -19.6484
      vertex -40.7267 6 -19.455
      vertex -40.7267 2.4 -19.455
    endloop
  endfacet
  facet normal -0.0242556 0 0.999706
    outer loop
      vertex -22.7231 6 -20.9598
      vertex -22.245 2.4 -20.9482
      vertex -22.245 6 -20.9482
    endloop
  endfacet
  facet normal -0.0242556 0 0.999706
    outer loop
      vertex -22.245 2.4 -20.9482
      vertex -22.7231 6 -20.9598
      vertex -22.7231 2.4 -20.9598
    endloop
  endfacet
  facet normal 0.970555 -0 0.240881
    outer loop
      vertex -51.8371 2.4 -2.37186
      vertex -51.7237 6 -2.82877
      vertex -51.8371 6 -2.37186
    endloop
  endfacet
  facet normal 0.970555 0 0.240881
    outer loop
      vertex -51.7237 6 -2.82877
      vertex -51.8371 2.4 -2.37186
      vertex -51.7237 2.4 -2.82877
    endloop
  endfacet
  facet normal 0.700544 0 -0.713609
    outer loop
      vertex -49.9205 2.4 4.9696
      vertex -49.5846 6 5.29935
      vertex -49.5846 2.4 5.29935
    endloop
  endfacet
  facet normal 0.700544 0 -0.713609
    outer loop
      vertex -49.5846 6 5.29935
      vertex -49.9205 2.4 4.9696
      vertex -49.9205 6 4.9696
    endloop
  endfacet
  facet normal 0.6 0 0.8
    outer loop
      vertex -47.2503 6 -14.5623
      vertex -40.7267 2.4 -19.455
      vertex -40.7267 6 -19.455
    endloop
  endfacet
  facet normal 0.6 0 0.8
    outer loop
      vertex -40.7267 2.4 -19.455
      vertex -47.2503 6 -14.5623
      vertex -47.2503 2.4 -14.5623
    endloop
  endfacet
  facet normal -0.406134 0 0.913814
    outer loop
      vertex -21.3383 6 -20.7059
      vertex -14.1652 2.4 -17.5179
      vertex -14.1652 6 -17.5179
    endloop
  endfacet
  facet normal -0.406134 0 0.913814
    outer loop
      vertex -14.1652 2.4 -17.5179
      vertex -21.3383 6 -20.7059
      vertex -21.3383 2.4 -20.7059
    endloop
  endfacet
  facet normal -0.522486 0 -0.852648
    outer loop
      vertex -10.638 2.4 5.67302
      vertex -10.2366 6 5.42705
      vertex -10.2366 2.4 5.42705
    endloop
  endfacet
  facet normal -0.522486 0 -0.852648
    outer loop
      vertex -10.2366 6 5.42705
      vertex -10.638 2.4 5.67302
      vertex -10.638 6 5.67302
    endloop
  endfacet
  facet normal -0.939795 0 0.341738
    outer loop
      vertex -12.5642 2.4 -15.8017
      vertex -9.18062 6 -6.4967
      vertex -12.5642 6 -15.8017
    endloop
  endfacet
  facet normal -0.939795 0 0.341738
    outer loop
      vertex -9.18062 6 -6.4967
      vertex -12.5642 2.4 -15.8017
      vertex -9.18062 2.4 -6.4967
    endloop
  endfacet
  facet normal 0.86044 -0 0.509552
    outer loop
      vertex -48.1437 2.4 -13.4835
      vertex -47.9038 6 -13.8886
      vertex -48.1437 6 -13.4835
    endloop
  endfacet
  facet normal 0.86044 0 0.509552
    outer loop
      vertex -47.9038 6 -13.8886
      vertex -48.1437 2.4 -13.4835
      vertex -47.9038 2.4 -13.8886
    endloop
  endfacet
  facet normal -0.834039 0 0.551706
    outer loop
      vertex -13.019 2.4 -16.6227
      vertex -12.7593 6 -16.2301
      vertex -13.019 6 -16.6227
    endloop
  endfacet
  facet normal -0.834039 0 0.551706
    outer loop
      vertex -12.7593 6 -16.2301
      vertex -13.019 2.4 -16.6227
      vertex -12.7593 2.4 -16.2301
    endloop
  endfacet
  facet normal 0.112885 0 -0.993608
    outer loop
      vertex -48.3307 2.4 5.92354
      vertex -47.6577 6 6
      vertex -47.6577 2.4 6
    endloop
  endfacet
  facet normal 0.112885 0 -0.993608
    outer loop
      vertex -47.6577 6 6
      vertex -48.3307 2.4 5.92354
      vertex -48.3307 6 5.92354
    endloop
  endfacet
  facet normal 0.286958 0 0.957943
    outer loop
      vertex -40.0106 6 -19.8524
      vertex -39.5596 2.4 -19.9875
      vertex -39.5596 6 -19.9875
    endloop
  endfacet
  facet normal 0.286958 0 0.957943
    outer loop
      vertex -39.5596 2.4 -19.9875
      vertex -40.0106 6 -19.8524
      vertex -40.0106 2.4 -19.8524
    endloop
  endfacet
  facet normal 0.133625 0 0.991032
    outer loop
      vertex -39.5596 6 -19.9875
      vertex -39.0931 2.4 -20.0504
      vertex -39.0931 6 -20.0504
    endloop
  endfacet
  facet normal 0.133625 0 0.991032
    outer loop
      vertex -39.0931 2.4 -20.0504
      vertex -39.5596 6 -19.9875
      vertex -39.5596 2.4 -19.9875
    endloop
  endfacet
  facet normal -0.968186 0 0.250232
    outer loop
      vertex -9.18062 2.4 -6.4967
      vertex -9.03694 6 -5.94078
      vertex -9.18062 6 -6.4967
    endloop
  endfacet
  facet normal -0.968186 0 0.250232
    outer loop
      vertex -9.03694 6 -5.94078
      vertex -9.18062 2.4 -6.4967
      vertex -9.03694 2.4 -5.94078
    endloop
  endfacet
  facet normal -0.910068 0 0.414459
    outer loop
      vertex -12.7593 2.4 -16.2301
      vertex -12.5642 6 -15.8017
      vertex -12.7593 6 -16.2301
    endloop
  endfacet
  facet normal -0.910068 0 0.414459
    outer loop
      vertex -12.5642 6 -15.8017
      vertex -12.7593 2.4 -16.2301
      vertex -12.5642 2.4 -15.8017
    endloop
  endfacet
  facet normal -0.484771 0 0.874641
    outer loop
      vertex -14.1652 6 -17.5179
      vertex -13.7053 2.4 -17.263
      vertex -13.7053 6 -17.263
    endloop
  endfacet
  facet normal -0.484771 0 0.874641
    outer loop
      vertex -13.7053 2.4 -17.263
      vertex -14.1652 6 -17.5179
      vertex -14.1652 2.4 -17.5179
    endloop
  endfacet
  facet normal -0.0784703 0 -0.996916
    outer loop
      vertex -12 2.4 6
      vertex -11.5307 6 5.96306
      vertex -11.5307 2.4 5.96306
    endloop
  endfacet
  facet normal -0.0784703 0 -0.996916
    outer loop
      vertex -11.5307 6 5.96306
      vertex -12 2.4 6
      vertex -12 6 6
    endloop
  endfacet
  facet normal 0.980622 0 -0.195908
    outer loop
      vertex -51.7881 2.4 -1.15248
      vertex -51.8442 6 -1.43329
      vertex -51.7881 6 -1.15248
    endloop
  endfacet
  facet normal 0.980622 0 -0.195908
    outer loop
      vertex -51.8442 6 -1.43329
      vertex -51.7881 2.4 -1.15248
      vertex -51.8442 2.4 -1.43329
    endloop
  endfacet
  facet normal 0.970143 0 -0.242532
    outer loop
      vertex -50.5681 2.4 3.7276
      vertex -51.7881 6 -1.15248
      vertex -50.5681 6 3.7276
    endloop
  endfacet
  facet normal 0.970143 0 -0.242532
    outer loop
      vertex -51.7881 6 -1.15248
      vertex -50.5681 2.4 3.7276
      vertex -51.7881 2.4 -1.15248
    endloop
  endfacet
  facet normal 0.948093 0 -0.317992
    outer loop
      vertex -50.4184 2.4 4.17393
      vertex -50.5681 6 3.7276
      vertex -50.4184 6 4.17393
    endloop
  endfacet
  facet normal 0.948093 0 -0.317992
    outer loop
      vertex -50.5681 6 3.7276
      vertex -50.4184 2.4 4.17393
      vertex -50.5681 2.4 3.7276
    endloop
  endfacet
  facet normal 0.445565 0 -0.89525
    outer loop
      vertex -49.2012 2.4 5.57248
      vertex -48.7797 6 5.78226
      vertex -48.7797 2.4 5.78226
    endloop
  endfacet
  facet normal 0.445565 0 -0.89525
    outer loop
      vertex -48.7797 6 5.78226
      vertex -49.2012 2.4 5.57248
      vertex -49.2012 6 5.57248
    endloop
  endfacet
  facet normal -0.760411 0 -0.649442
    outer loop
      vertex -9.57295 2.4 4.76335
      vertex -9.87868 6 5.12132
      vertex -9.57295 6 4.76335
    endloop
  endfacet
  facet normal -0.760411 -0 -0.649442
    outer loop
      vertex -9.87868 6 5.12132
      vertex -9.57295 2.4 4.76335
      vertex -9.87868 2.4 5.12132
    endloop
  endfacet
  facet normal 0.433394 0 0.901205
    outer loop
      vertex -40.4348 6 -19.6484
      vertex -40.0106 2.4 -19.8524
      vertex -40.0106 6 -19.8524
    endloop
  endfacet
  facet normal 0.433394 0 0.901205
    outer loop
      vertex -40.0106 2.4 -19.8524
      vertex -40.4348 6 -19.6484
      vertex -40.4348 2.4 -19.6484
    endloop
  endfacet
  facet normal 0.580215 0 -0.814463
    outer loop
      vertex -49.5846 2.4 5.29935
      vertex -49.2012 6 5.57248
      vertex -49.2012 2.4 5.57248
    endloop
  endfacet
  facet normal 0.580215 0 -0.814463
    outer loop
      vertex -49.2012 6 5.57248
      vertex -49.5846 2.4 5.29935
      vertex -49.5846 6 5.29935
    endloop
  endfacet
  facet normal 0.99748 0 -0.0709512
    outer loop
      vertex -51.8442 2.4 -1.43329
      vertex -51.8776 6 -1.90285
      vertex -51.8442 6 -1.43329
    endloop
  endfacet
  facet normal 0.99748 0 -0.0709512
    outer loop
      vertex -51.8776 6 -1.90285
      vertex -51.8442 2.4 -1.43329
      vertex -51.8776 2.4 -1.90285
    endloop
  endfacet
  facet normal 0.770272 -0 0.637716
    outer loop
      vertex -47.9038 2.4 -13.8886
      vertex -47.6036 6 -14.2512
      vertex -47.9038 6 -13.8886
    endloop
  endfacet
  facet normal 0.770272 0 0.637716
    outer loop
      vertex -47.6036 6 -14.2512
      vertex -47.9038 2.4 -13.8886
      vertex -47.6036 2.4 -14.2512
    endloop
  endfacet
  facet normal -0.622698 0 0.782462
    outer loop
      vertex -13.7053 6 -17.263
      vertex -13.337 2.4 -16.9699
      vertex -13.337 6 -16.9699
    endloop
  endfacet
  facet normal -0.622698 0 0.782462
    outer loop
      vertex -13.337 2.4 -16.9699
      vertex -13.7053 6 -17.263
      vertex -13.7053 2.4 -17.263
    endloop
  endfacet
  facet normal -0.649494 0 -0.760367
    outer loop
      vertex -10.2366 2.4 5.42705
      vertex -9.87868 6 5.12132
      vertex -9.87868 2.4 5.12132
    endloop
  endfacet
  facet normal -0.649494 0 -0.760367
    outer loop
      vertex -9.87868 6 5.12132
      vertex -10.2366 2.4 5.42705
      vertex -10.2366 6 5.42705
    endloop
  endfacet
  facet normal 0.925361 -0 0.379087
    outer loop
      vertex -48.2963 2.4 -13.111
      vertex -48.1437 6 -13.4835
      vertex -48.2963 6 -13.111
    endloop
  endfacet
  facet normal 0.925361 0 0.379087
    outer loop
      vertex -48.1437 6 -13.4835
      vertex -48.2963 2.4 -13.111
      vertex -48.1437 2.4 -13.4835
    endloop
  endfacet
  facet normal 0.300147 0 -0.953893
    outer loop
      vertex -48.7797 2.4 5.78226
      vertex -48.3307 6 5.92354
      vertex -48.3307 2.4 5.92354
    endloop
  endfacet
  facet normal 0.300147 0 -0.953893
    outer loop
      vertex -48.3307 6 5.92354
      vertex -48.7797 2.4 5.78226
      vertex -48.7797 6 5.78226
    endloop
  endfacet
  facet normal -0.233477 0 -0.972362
    outer loop
      vertex -11.5307 2.4 5.96306
      vertex -11.073 6 5.85316
      vertex -11.073 2.4 5.85316
    endloop
  endfacet
  facet normal -0.233477 0 -0.972362
    outer loop
      vertex -11.073 6 5.85316
      vertex -11.5307 2.4 5.96306
      vertex -11.5307 6 5.96306
    endloop
  endfacet
  facet normal -0.923887 0 -0.382666
    outer loop
      vertex -9.14684 2.4 3.92705
      vertex -9.32698 6 4.36197
      vertex -9.14684 6 3.92705
    endloop
  endfacet
  facet normal -0.923887 -0 -0.382666
    outer loop
      vertex -9.32698 6 4.36197
      vertex -9.14684 2.4 3.92705
      vertex -9.32698 2.4 4.36197
    endloop
  endfacet
  facet normal 0.803425 0 -0.595405
    outer loop
      vertex -49.9205 2.4 4.9696
      vertex -50.2008 6 4.59137
      vertex -49.9205 6 4.9696
    endloop
  endfacet
  facet normal 0.803425 0 -0.595405
    outer loop
      vertex -50.2008 6 4.59137
      vertex -49.9205 2.4 4.9696
      vertex -50.2008 2.4 4.59137
    endloop
  endfacet
  facet normal -0.382606 0 -0.923912
    outer loop
      vertex -11.073 2.4 5.85316
      vertex -10.638 6 5.67302
      vertex -10.638 2.4 5.67302
    endloop
  endfacet
  facet normal -0.382606 0 -0.923912
    outer loop
      vertex -10.638 6 5.67302
      vertex -11.073 2.4 5.85316
      vertex -11.073 6 5.85316
    endloop
  endfacet
  facet normal -0.737436 0 0.675417
    outer loop
      vertex -13.337 2.4 -16.9699
      vertex -13.019 6 -16.6227
      vertex -13.337 6 -16.9699
    endloop
  endfacet
  facet normal -0.737436 0 0.675417
    outer loop
      vertex -13.019 6 -16.6227
      vertex -13.337 2.4 -16.9699
      vertex -13.019 2.4 -16.6227
    endloop
  endfacet
  facet normal -0.852636 0 -0.522505
    outer loop
      vertex -9.32698 2.4 4.36197
      vertex -9.57295 6 4.76335
      vertex -9.32698 6 4.36197
    endloop
  endfacet
  facet normal -0.852636 -0 -0.522505
    outer loop
      vertex -9.57295 6 4.76335
      vertex -9.32698 2.4 4.36197
      vertex -9.57295 2.4 4.76335
    endloop
  endfacet
  facet normal -0.996916 0 -0.0784703
    outer loop
      vertex -9 2.4 3
      vertex -9.03694 6 3.4693
      vertex -9 6 3
    endloop
  endfacet
  facet normal -0.996916 -0 -0.0784703
    outer loop
      vertex -9.03694 6 3.4693
      vertex -9 2.4 3
      vertex -9.03694 2.4 3.4693
    endloop
  endfacet
  facet normal 0 1 0
    outer loop
      vertex -8.54576 -1 -4.47853
      vertex -10.317 -1 -3.51354
      vertex -10.2875 -1 -3.51354
    endloop
  endfacet
  facet normal 0 1 0
    outer loop
      vertex -10.317 -1 -3.51354
      vertex -8.54576 -1 -4.47853
      vertex -10.8176 -1 -3.51354
    endloop
  endfacet
  facet normal 0 1 0
    outer loop
      vertex -8.54576 -1 -4.47853
      vertex -10.2875 -1 -3.51354
      vertex -10.2631 -1 -3.51354
    endloop
  endfacet
  facet normal 0 1 -0
    outer loop
      vertex -8.54576 -1 -7.67699
      vertex -10.8176 -1 -3.51354
      vertex -8.54576 -1 -4.47853
    endloop
  endfacet
  facet normal 0 1 0
    outer loop
      vertex -8.54576 -1 -4.47853
      vertex -10.2631 -1 -3.51354
      vertex -10.2349 -1 -3.51355
    endloop
  endfacet
  facet normal -0 1 0
    outer loop
      vertex -12.8693 -1 -4.51228
      vertex -10.8176 -1 -3.51354
      vertex -8.54576 -1 -7.67699
    endloop
  endfacet
  facet normal 0 1 0
    outer loop
      vertex -8.54576 -1 -4.47853
      vertex -10.2349 -1 -3.51355
      vertex -10.2124 -1 -3.51356
    endloop
  endfacet
  facet normal 0 1 0
    outer loop
      vertex -10.8176 -1 -3.51354
      vertex -12.8693 -1 -4.51228
      vertex -10.8407 -1 -3.51354
    endloop
  endfacet
  facet normal 0 1 0
    outer loop
      vertex -10.8407 -1 -3.51354
      vertex -12.8693 -1 -4.51228
      vertex -10.8674 -1 -3.51355
    endloop
  endfacet
  facet normal 0 1 0
    outer loop
      vertex -10.8674 -1 -3.51355
      vertex -12.8693 -1 -4.51228
      vertex -10.8858 -1 -3.51355
    endloop
  endfacet
  facet normal 0 1 0
    outer loop
      vertex -8.54576 -1 -4.47853
      vertex -10.2124 -1 -3.51356
      vertex -9.81593 -1 -3.51368
    endloop
  endfacet
  facet normal 0 1 0
    outer loop
      vertex -8.56528 -1 -4.41861
      vertex -9.81593 -1 -3.51368
      vertex -9.78569 -1 -3.51369
    endloop
  endfacet
  facet normal 0 1 0
    outer loop
      vertex -8.56528 -1 -4.41861
      vertex -9.78569 -1 -3.51369
      vertex -9.76665 -1 -3.5137
    endloop
  endfacet
  facet normal 0 1 0
    outer loop
      vertex -8.56528 -1 -4.41861
      vertex -9.76665 -1 -3.5137
      vertex -9.74214 -1 -3.51372
    endloop
  endfacet
  facet normal 0 1 0
    outer loop
      vertex -8.56528 -1 -4.41861
      vertex -9.74214 -1 -3.51372
      vertex -9.72785 -1 -3.51373
    endloop
  endfacet
  facet normal 0 1 0
    outer loop
      vertex -8.56528 -1 -4.41861
      vertex -9.72785 -1 -3.51373
      vertex -9.71165 -1 -3.51375
    endloop
  endfacet
  facet normal 0 1 0
    outer loop
      vertex -8.56528 -1 -4.41861
      vertex -9.71165 -1 -3.51375
      vertex -9.7033 -1 -3.51376
    endloop
  endfacet
  facet normal 0 1 0
    outer loop
      vertex -9.23671 -1 -3.60401
      vertex -9.7033 -1 -3.51376
      vertex -9.51772 -1 -3.51418
    endloop
  endfacet
  facet normal 0 1 0
    outer loop
      vertex -9.23671 -1 -3.60401
      vertex -9.51772 -1 -3.51418
      vertex -9.51492 -1 -3.51419
    endloop
  endfacet
  facet normal 0 1 0
    outer loop
      vertex -10.8858 -1 -3.51355
      vertex -12.8693 -1 -4.51228
      vertex -10.9068 -1 -3.51356
    endloop
  endfacet
  facet normal 0 1 0
    outer loop
      vertex -9.7033 -1 -3.51376
      vertex -9.23671 -1 -3.60401
      vertex -8.56528 -1 -4.41861
    endloop
  endfacet
  facet normal 0 1 0
    outer loop
      vertex -8.92981 -1 -3.79861
      vertex -9.23671 -1 -3.60401
      vertex -9.16944 -1 -3.62586
    endloop
  endfacet
  facet normal 0 1 0
    outer loop
      vertex -10.9068 -1 -3.51356
      vertex -12.8693 -1 -4.51228
      vertex -10.9189 -1 -3.51357
    endloop
  endfacet
  facet normal 0 1 0
    outer loop
      vertex -9.23671 -1 -3.60401
      vertex -8.92981 -1 -3.79861
      vertex -8.56528 -1 -4.41861
    endloop
  endfacet
  facet normal 0 1 0
    outer loop
      vertex -8.87424 -1 -3.83909
      vertex -8.92981 -1 -3.79861
      vertex -8.87463 -1 -3.8387
    endloop
  endfacet
  facet normal 0 1 0
    outer loop
      vertex -8.92981 -1 -3.79861
      vertex -8.87424 -1 -3.83909
      vertex -8.69706 -1 -4.08072
    endloop
  endfacet
  facet normal 0 1 0
    outer loop
      vertex -10.932 -1 -3.51358
      vertex -12.8693 -1 -4.51228
      vertex -11.693 -1 -3.51477
    endloop
  endfacet
  facet normal 0 1 0
    outer loop
      vertex -8.92981 -1 -3.79861
      vertex -8.69706 -1 -4.08072
      vertex -8.56528 -1 -4.41861
    endloop
  endfacet
  facet normal 0 1 0
    outer loop
      vertex -8.56528 -1 -4.41861
      vertex -8.69706 -1 -4.08072
      vertex -8.6591 -1 -4.13294
    endloop
  endfacet
  facet normal 0 1 0
    outer loop
      vertex -9.81593 -1 -3.51368
      vertex -8.56528 -1 -4.41861
      vertex -8.54576 -1 -4.47853
    endloop
  endfacet
  facet normal 0 1 0
    outer loop
      vertex -11.693 -1 -3.51477
      vertex -12.8693 -1 -4.51228
      vertex -12.1141 -1 -3.63079
    endloop
  endfacet
  facet normal 0 1 0
    outer loop
      vertex -12.1141 -1 -3.63079
      vertex -12.8693 -1 -4.51228
      vertex -12.4722 -1 -3.85147
    endloop
  endfacet
  facet normal 0 1 0
    outer loop
      vertex -12.4722 -1 -3.85147
      vertex -12.8693 -1 -4.51228
      vertex -12.7325 -1 -4.15521
    endloop
  endfacet
  facet normal 0 1 0
    outer loop
      vertex -10.9189 -1 -3.51357
      vertex -12.8693 -1 -4.51228
      vertex -10.932 -1 -3.51358
    endloop
  endfacet
  facet normal 0 1 0
    outer loop
      vertex -8.54576 -1 -7.67699
      vertex -12.8693 -1 -15.4877
      vertex -12.8693 -1 -4.51228
    endloop
  endfacet
  facet normal 0 1 -0
    outer loop
      vertex -11.6245 -1 -16.1434
      vertex -12.8693 -1 -15.4877
      vertex -8.54576 -1 -7.67699
    endloop
  endfacet
  facet normal 0 1 0
    outer loop
      vertex -12.8693 -1 -15.4877
      vertex -11.6245 -1 -16.1434
      vertex -12.7325 -1 -15.8448
    endloop
  endfacet
  facet normal 0 1 0
    outer loop
      vertex -11.6245 -1 -16.1434
      vertex -12.4722 -1 -16.1485
      vertex -12.7325 -1 -15.8448
    endloop
  endfacet
  facet normal 0 1 0
    outer loop
      vertex -12.1141 -1 -16.3692
      vertex -11.6245 -1 -16.1434
      vertex -11.6542 -1 -16.2161
    endloop
  endfacet
  facet normal 0 1 0
    outer loop
      vertex -11.6245 -1 -16.1434
      vertex -12.1141 -1 -16.3692
      vertex -12.4722 -1 -16.1485
    endloop
  endfacet
  facet normal -0 1 0
    outer loop
      vertex -12.1141 -1 -16.3692
      vertex -11.6542 -1 -16.2161
      vertex -11.7674 -1 -16.4647
    endloop
  endfacet
  facet normal -0.181595 0 0.983373
    outer loop
      vertex -22.0635 2.4 -21.9316
      vertex -21.6005 0 -21.8461
      vertex -21.6005 2.4 -21.8461
    endloop
  endfacet
  facet normal -0.181595 0 0.983373
    outer loop
      vertex -21.6005 0 -21.8461
      vertex -22.0635 2.4 -21.9316
      vertex -22.0635 0 -21.9316
    endloop
  endfacet
  facet normal -0.103072 0 0.994674
    outer loop
      vertex -22.2208 2.4 -21.9479
      vertex -22.0635 0 -21.9316
      vertex -22.0635 2.4 -21.9316
    endloop
  endfacet
  facet normal -0.103072 0 0.994674
    outer loop
      vertex -22.0635 0 -21.9316
      vertex -22.2208 2.4 -21.9479
      vertex -22.2208 0 -21.9479
    endloop
  endfacet
  facet normal 0.493934 0 0.869499
    outer loop
      vertex -40.9871 2.4 -20.482
      vertex -40.8681 0 -20.5496
      vertex -40.8681 2.4 -20.5496
    endloop
  endfacet
  facet normal 0.493934 0 0.869499
    outer loop
      vertex -40.8681 0 -20.5496
      vertex -40.9871 2.4 -20.482
      vertex -40.9871 0 -20.482
    endloop
  endfacet
  facet normal 0.996292 -0 0.0860319
    outer loop
      vertex -52.8739 0 -1.98888
      vertex -52.8334 2.4 -2.45789
      vertex -52.8739 2.4 -1.98888
    endloop
  endfacet
  facet normal 0.996292 0 0.0860319
    outer loop
      vertex -52.8334 2.4 -2.45789
      vertex -52.8739 0 -1.98888
      vertex -52.8334 0 -2.45789
    endloop
  endfacet
  facet normal 0.552127 0 0.83376
    outer loop
      vertex -41.279 2.4 -20.2887
      vertex -40.9871 0 -20.482
      vertex -40.9871 2.4 -20.482
    endloop
  endfacet
  facet normal 0.552127 0 0.83376
    outer loop
      vertex -40.9871 0 -20.482
      vertex -41.279 2.4 -20.2887
      vertex -41.279 0 -20.2887
    endloop
  endfacet
  facet normal -0.939792 -3.74304e-06 0.341747
    outer loop
      vertex -11.6245 2.4 -16.1434
      vertex -8.72058 0 -8.15776
      vertex -8.24083 2.4 -6.83844
    endloop
  endfacet
  facet normal -0.939791 0 0.341748
    outer loop
      vertex -11.6245 -1 -16.1434
      vertex -8.72058 0 -8.15776
      vertex -11.6245 2.4 -16.1434
    endloop
  endfacet
  facet normal -0.939792 7.55189e-06 0.341748
    outer loop
      vertex -8.72058 0 -8.15776
      vertex -11.6245 -1 -16.1434
      vertex -8.54576 -1 -7.67699
    endloop
  endfacet
  facet normal -0.939794 0 0.341741
    outer loop
      vertex -8.24083 2.4 -6.83844
      vertex -8.72058 0 -8.15776
      vertex -8.24083 0 -6.83844
    endloop
  endfacet
  facet normal 0.97599 0 -0.217817
    outer loop
      vertex -52.7583 0 -0.909943
      vertex -52.7687 2.4 -0.956543
      vertex -52.7583 2.4 -0.909943
    endloop
  endfacet
  facet normal 0.97599 0 -0.217817
    outer loop
      vertex -52.7687 2.4 -0.956543
      vertex -52.7583 0 -0.909943
      vertex -52.7687 0 -0.956543
    endloop
  endfacet
  facet normal 0.374082 0 -0.927396
    outer loop
      vertex -49.2253 0 6.67747
      vertex -49.0798 2.4 6.73616
      vertex -49.0798 0 6.73616
    endloop
  endfacet
  facet normal 0.374082 0 -0.927396
    outer loop
      vertex -49.0798 2.4 6.73616
      vertex -49.2253 0 6.67747
      vertex -49.2253 2.4 6.67747
    endloop
  endfacet
  facet normal 0.0565083 0 -0.998402
    outer loop
      vertex -47.7706 0 6.99361
      vertex -47.6577 2.4 7
      vertex -47.6577 0 7
    endloop
  endfacet
  facet normal 0.0565083 0 -0.998402
    outer loop
      vertex -47.6577 2.4 7
      vertex -47.7706 0 6.99361
      vertex -47.7706 2.4 6.99361
    endloop
  endfacet
  facet normal -0.0242606 0 0.999706
    outer loop
      vertex -22.6988 2.4 -21.9595
      vertex -22.2208 0 -21.9479
      vertex -22.2208 2.4 -21.9479
    endloop
  endfacet
  facet normal -0.0242606 0 0.999706
    outer loop
      vertex -22.2208 0 -21.9479
      vertex -22.6988 2.4 -21.9595
      vertex -22.6988 0 -21.9595
    endloop
  endfacet
  facet normal -0.996916 0 -0.0784703
    outer loop
      vertex -8.00308 0 3.07848
      vertex -8.04002 2.4 3.54778
      vertex -8.00308 2.4 3.07848
    endloop
  endfacet
  facet normal -0.996916 -0 -0.0784703
    outer loop
      vertex -8.04002 2.4 3.54778
      vertex -8.00308 0 3.07848
      vertex -8.04002 0 3.54778
    endloop
  endfacet
  facet normal 0.577019 0 0.816731
    outer loop
      vertex -41.3267 2.4 -20.255
      vertex -41.279 0 -20.2887
      vertex -41.279 2.4 -20.2887
    endloop
  endfacet
  facet normal 0.577019 0 0.816731
    outer loop
      vertex -41.279 0 -20.2887
      vertex -41.3267 2.4 -20.255
      vertex -41.3267 0 -20.255
    endloop
  endfacet
  facet normal 0 0 -1
    outer loop
      vertex -47.6577 0 7
      vertex -12 2.4 7
      vertex -12 0 7
    endloop
  endfacet
  facet normal -0 0 -1
    outer loop
      vertex -12 2.4 7
      vertex -47.6577 0 7
      vertex -47.6577 2.4 7
    endloop
  endfacet
  facet normal 0.980622 0 -0.19591
    outer loop
      vertex -52.7687 0 -0.956543
      vertex -52.8248 2.4 -1.23735
      vertex -52.7687 2.4 -0.956543
    endloop
  endfacet
  facet normal 0.980622 0 -0.19591
    outer loop
      vertex -52.8248 2.4 -1.23735
      vertex -52.7687 0 -0.956543
      vertex -52.8248 0 -1.23735
    endloop
  endfacet
  facet normal 0.631503 0 0.775374
    outer loop
      vertex -47.9112 2.4 -15.3127
      vertex -47.8503 0 -15.3623
      vertex -47.8503 2.4 -15.3623
    endloop
  endfacet
  facet normal 0.631503 0 0.775374
    outer loop
      vertex -47.8503 0 -15.3623
      vertex -47.9112 2.4 -15.3127
      vertex -47.9112 0 -15.3127
    endloop
  endfacet
  facet normal 0.0554734 0 0.99846
    outer loop
      vertex -39.1485 2.4 -21.0488
      vertex -22.7785 0 -21.9583
      vertex -22.7785 2.4 -21.9583
    endloop
  endfacet
  facet normal 0.0554734 0 0.99846
    outer loop
      vertex -22.7785 0 -21.9583
      vertex -39.1485 2.4 -21.0488
      vertex -39.1485 0 -21.0488
    endloop
  endfacet
  facet normal 0.6 0 0.8
    outer loop
      vertex -47.8503 2.4 -15.3623
      vertex -41.3267 0 -20.255
      vertex -41.3267 2.4 -20.255
    endloop
  endfacet
  facet normal 0.6 0 0.8
    outer loop
      vertex -41.3267 0 -20.255
      vertex -47.8503 2.4 -15.3623
      vertex -47.8503 0 -15.3623
    endloop
  endfacet
  facet normal -0.333131 0 0.94288
    outer loop
      vertex -21.4489 2.4 -21.8056
      vertex -21.0051 0 -21.6488
      vertex -21.0051 2.4 -21.6488
    endloop
  endfacet
  facet normal -0.333131 0 0.94288
    outer loop
      vertex -21.0051 0 -21.6488
      vertex -21.4489 2.4 -21.8056
      vertex -21.4489 0 -21.8056
    endloop
  endfacet
  facet normal -0.707107 0 -0.707107
    outer loop
      vertex -9.11826 0 5.77075
      vertex -9.22925 2.4 5.88174
      vertex -9.11826 2.4 5.77075
    endloop
  endfacet
  facet normal -0.707107 -0 -0.707107
    outer loop
      vertex -9.22925 2.4 5.88174
      vertex -9.11826 0 5.77075
      vertex -9.22925 0 5.88174
    endloop
  endfacet
  facet normal -0.406138 0 0.913812
    outer loop
      vertex -20.9321 2.4 -21.6197
      vertex -13.7591 0 -18.4317
      vertex -13.7591 2.4 -18.4317
    endloop
  endfacet
  facet normal -0.406138 0 0.913812
    outer loop
      vertex -13.7591 0 -18.4317
      vertex -20.9321 2.4 -21.6197
      vertex -20.9321 0 -21.6197
    endloop
  endfacet
  facet normal 0.514402 0 -0.857549
    outer loop
      vertex -49.7814 0 6.38696
      vertex -49.6468 2.4 6.4677
      vertex -49.6468 0 6.4677
    endloop
  endfacet
  facet normal 0.514402 0 -0.857549
    outer loop
      vertex -49.6468 2.4 6.4677
      vertex -49.7814 0 6.38696
      vertex -49.7814 2.4 6.38696
    endloop
  endfacet
  facet normal 0.36137 0 0.932423
    outer loop
      vertex -40.4439 2.4 -20.7536
      vertex -40.2976 0 -20.8103
      vertex -40.2976 2.4 -20.8103
    endloop
  endfacet
  facet normal 0.36137 0 0.932423
    outer loop
      vertex -40.2976 0 -20.8103
      vertex -40.4439 2.4 -20.7536
      vertex -40.4439 0 -20.7536
    endloop
  endfacet
  facet normal 0.970553 -0 0.240886
    outer loop
      vertex -52.8077 0 -2.61266
      vertex -52.6943 2.4 -3.06956
      vertex -52.8077 2.4 -2.61266
    endloop
  endfacet
  facet normal 0.970553 0 0.240886
    outer loop
      vertex -52.6943 2.4 -3.06956
      vertex -52.8077 0 -2.61266
      vertex -52.6943 0 -3.06956
    endloop
  endfacet
  facet normal -0.999231 0 0.0392155
    outer loop
      vertex -8.00308 0 -5.54996
      vertex -8 2.4 -5.47148
      vertex -8.00308 2.4 -5.54996
    endloop
  endfacet
  facet normal -0.999231 0 0.0392155
    outer loop
      vertex -8 2.4 -5.47148
      vertex -8.00308 0 -5.54996
      vertex -8 0 -5.47148
    endloop
  endfacet
  facet normal 0.112899 0 -0.993606
    outer loop
      vertex -48.4436 0 6.91714
      vertex -47.7706 2.4 6.99361
      vertex -47.7706 0 6.99361
    endloop
  endfacet
  facet normal 0.112899 0 -0.993606
    outer loop
      vertex -47.7706 2.4 6.99361
      vertex -48.4436 0 6.91714
      vertex -48.4436 2.4 6.91714
    endloop
  endfacet
  facet normal 0.210921 0 0.977503
    outer loop
      vertex -39.8466 2.4 -20.9454
      vertex -39.6932 0 -20.9785
      vertex -39.6932 2.4 -20.9785
    endloop
  endfacet
  facet normal 0.210921 0 0.977503
    outer loop
      vertex -39.6932 0 -20.9785
      vertex -39.8466 2.4 -20.9454
      vertex -39.8466 0 -20.9454
    endloop
  endfacet
  facet normal 0.0150548 0 0.999887
    outer loop
      vertex -22.7785 2.4 -21.9583
      vertex -22.6988 0 -21.9595
      vertex -22.6988 2.4 -21.9595
    endloop
  endfacet
  facet normal 0.0150548 0 0.999887
    outer loop
      vertex -22.6988 0 -21.9595
      vertex -22.7785 2.4 -21.9583
      vertex -22.7785 0 -21.9583
    endloop
  endfacet
  facet normal 0.433394 0 0.901205
    outer loop
      vertex -40.8681 2.4 -20.5496
      vertex -40.4439 0 -20.7536
      vertex -40.4439 2.4 -20.7536
    endloop
  endfacet
  facet normal 0.433394 0 0.901205
    outer loop
      vertex -40.4439 0 -20.7536
      vertex -40.8681 2.4 -20.5496
      vertex -40.8681 0 -20.5496
    endloop
  endfacet
  facet normal 0.717862 -0 0.696186
    outer loop
      vertex -48.3737 0 -14.889
      vertex -48.2645 2.4 -15.0016
      vertex -48.3737 2.4 -14.889
    endloop
  endfacet
  facet normal 0.717862 0 0.696186
    outer loop
      vertex -48.2645 2.4 -15.0016
      vertex -48.3737 0 -14.889
      vertex -48.2645 0 -15.0016
    endloop
  endfacet
  facet normal 0.970139 0 -0.24255
    outer loop
      vertex -51.5382 0 3.97014
      vertex -52.7583 2.4 -0.909943
      vertex -51.5382 2.4 3.97014
    endloop
  endfacet
  facet normal 0.970139 0 -0.24255
    outer loop
      vertex -52.7583 2.4 -0.909943
      vertex -51.5382 0 3.97014
      vertex -52.7583 0 -0.909943
    endloop
  endfacet
  facet normal 0.948683 -0 0.316227
    outer loop
      vertex -52.6724 0 -3.14499
      vertex -49.245 2.4 -13.4272
      vertex -52.6724 2.4 -3.14499
    endloop
  endfacet
  facet normal 0.948683 0 0.316227
    outer loop
      vertex -49.245 2.4 -13.4272
      vertex -52.6724 0 -3.14499
      vertex -49.245 0 -13.4272
    endloop
  endfacet
  facet normal -0.951071 0 -0.308972
    outer loop
      vertex -8.17447 0 4.16049
      vertex -8.22295 2.4 4.30972
      vertex -8.17447 2.4 4.16049
    endloop
  endfacet
  facet normal -0.951071 -0 -0.308972
    outer loop
      vertex -8.22295 2.4 4.30972
      vertex -8.17447 0 4.16049
      vertex -8.22295 0 4.30972
    endloop
  endfacet
  facet normal 0.0942083 0 0.995553
    outer loop
      vertex -39.2267 2.4 -21.0414
      vertex -39.1485 0 -21.0488
      vertex -39.1485 2.4 -21.0488
    endloop
  endfacet
  facet normal 0.0942083 0 0.995553
    outer loop
      vertex -39.1485 0 -21.0488
      vertex -39.2267 2.4 -21.0414
      vertex -39.2267 0 -21.0414
    endloop
  endfacet
  facet normal -0.0392055 0 -0.999231
    outer loop
      vertex -12 0 7
      vertex -11.9215 2.4 6.99692
      vertex -11.9215 0 6.99692
    endloop
  endfacet
  facet normal -0.0392055 0 -0.999231
    outer loop
      vertex -11.9215 2.4 6.99692
      vertex -12 0 7
      vertex -12 2.4 7
    endloop
  endfacet
  facet normal 0.133625 0 0.991032
    outer loop
      vertex -39.6932 2.4 -20.9785
      vertex -39.2267 0 -21.0414
      vertex -39.2267 2.4 -21.0414
    endloop
  endfacet
  facet normal 0.133625 0 0.991032
    outer loop
      vertex -39.2267 0 -21.0414
      vertex -39.6932 2.4 -20.9785
      vertex -39.6932 0 -20.9785
    endloop
  endfacet
  facet normal 0.920262 0 -0.391303
    outer loop
      vertex -51.3052 0 4.63625
      vertex -51.3666 2.4 4.49185
      vertex -51.3052 2.4 4.63625
    endloop
  endfacet
  facet normal 0.920262 0 -0.391303
    outer loop
      vertex -51.3666 2.4 4.49185
      vertex -51.3052 0 4.63625
      vertex -51.3666 0 4.49185
    endloop
  endfacet
  facet normal -0.999231 0 -0.0392155
    outer loop
      vertex -8 0 3
      vertex -8.00308 2.4 3.07848
      vertex -8 2.4 3
    endloop
  endfacet
  facet normal -0.999231 -0 -0.0392155
    outer loop
      vertex -8.00308 2.4 3.07848
      vertex -8 0 3
      vertex -8.00308 0 3.07848
    endloop
  endfacet
  facet normal -0.453876 0 -0.891065
    outer loop
      vertex -10.2554 0 6.59691
      vertex -10.1155 2.4 6.52565
      vertex -10.1155 0 6.52565
    endloop
  endfacet
  facet normal -0.453876 0 -0.891065
    outer loop
      vertex -10.1155 2.4 6.52565
      vertex -10.2554 0 6.59691
      vertex -10.2554 2.4 6.59691
    endloop
  endfacet
  facet normal 0.99748 0 -0.0709527
    outer loop
      vertex -52.8417 0 -1.3624
      vertex -52.8751 2.4 -1.83195
      vertex -52.8417 2.4 -1.3624
    endloop
  endfacet
  facet normal 0.99748 0 -0.0709527
    outer loop
      vertex -52.8751 2.4 -1.83195
      vertex -52.8417 0 -1.3624
      vertex -52.8751 0 -1.83195
    endloop
  endfacet
  facet normal -0.0784703 0 -0.996916
    outer loop
      vertex -11.9215 0 6.99692
      vertex -11.4522 2.4 6.95998
      vertex -11.4522 0 6.95998
    endloop
  endfacet
  facet normal -0.0784703 0 -0.996916
    outer loop
      vertex -11.4522 2.4 6.95998
      vertex -11.9215 0 6.99692
      vertex -11.9215 2.4 6.99692
    endloop
  endfacet
  facet normal 0.886663 0 -0.462416
    outer loop
      vertex -51.0875 0 5.05368
      vertex -51.3052 2.4 4.63625
      vertex -51.0875 2.4 5.05368
    endloop
  endfacet
  facet normal 0.886663 0 -0.462416
    outer loop
      vertex -51.3052 2.4 4.63625
      vertex -51.0875 0 5.05368
      vertex -51.3052 0 4.63625
    endloop
  endfacet
  facet normal -0.78815 0 0.615483
    outer loop
      vertex -12.2816 0 -17.2981
      vertex -12.185 2.4 -17.1744
      vertex -12.2816 2.4 -17.2981
    endloop
  endfacet
  facet normal -0.78815 0 0.615483
    outer loop
      vertex -12.185 2.4 -17.1744
      vertex -12.2816 0 -17.2981
      vertex -12.185 0 -17.1744
    endloop
  endfacet
  facet normal 0.642564 0 -0.766232
    outer loop
      vertex -50.285 0 6.01303
      vertex -50.1648 2.4 6.11383
      vertex -50.1648 0 6.11383
    endloop
  endfacet
  facet normal 0.642564 0 -0.766232
    outer loop
      vertex -50.1648 2.4 6.11383
      vertex -50.285 0 6.01303
      vertex -50.285 2.4 6.01303
    endloop
  endfacet
  facet normal -0.925729 0 0.378187
    outer loop
      vertex -11.6542 -1 -16.2161
      vertex -11.6245 2.4 -16.1434
      vertex -11.6542 2.4 -16.2161
    endloop
  endfacet
  facet normal -0.925729 0 0.378187
    outer loop
      vertex -11.6245 2.4 -16.1434
      vertex -11.6542 -1 -16.2161
      vertex -11.6245 -1 -16.1434
    endloop
  endfacet
  facet normal -0.587774 0 -0.809025
    outer loop
      vertex -9.71414 0 6.27968
      vertex -9.58722 2.4 6.18747
      vertex -9.58722 0 6.18747
    endloop
  endfacet
  facet normal -0.587774 0 -0.809025
    outer loop
      vertex -9.58722 2.4 6.18747
      vertex -9.71414 0 6.27968
      vertex -9.71414 2.4 6.27968
    endloop
  endfacet
  facet normal 0.986492 -0 0.16381
    outer loop
      vertex -52.8334 0 -2.45789
      vertex -52.8077 2.4 -2.61266
      vertex -52.8334 2.4 -2.45789
    endloop
  endfacet
  facet normal 0.986492 0 0.16381
    outer loop
      vertex -52.8077 2.4 -2.61266
      vertex -52.8334 0 -2.45789
      vertex -52.8077 0 -2.61266
    endloop
  endfacet
  facet normal 0.817762 -0 0.575557
    outer loop
      vertex -48.7643 0 -14.3981
      vertex -48.674 2.4 -14.5264
      vertex -48.7643 2.4 -14.3981
    endloop
  endfacet
  facet normal 0.817762 0 0.575557
    outer loop
      vertex -48.674 2.4 -14.5264
      vertex -48.7643 0 -14.3981
      vertex -48.674 0 -14.5264
    endloop
  endfacet
  facet normal -0.909955 0 0.414707
    outer loop
      vertex -11.7767 0 -16.4852
      vertex -11.8493 2.4 -16.6445
      vertex -11.8493 0 -16.6445
    endloop
  endfacet
  facet normal -0.910068 -1.9836e-05 0.414459
    outer loop
      vertex -11.8493 2.4 -16.6445
      vertex -11.7767 0 -16.4852
      vertex -11.6542 2.4 -16.2161
    endloop
  endfacet
  facet normal -0.910135 0 0.414313
    outer loop
      vertex -11.6542 -1 -16.2161
      vertex -11.7767 0 -16.4852
      vertex -11.7767 -0.866061 -16.4852
    endloop
  endfacet
  facet normal -0.91009 0.000235605 0.41441
    outer loop
      vertex -11.6542 -1 -16.2161
      vertex -11.7767 -0.866061 -16.4852
      vertex -11.7674 -1 -16.4647
    endloop
  endfacet
  facet normal -0.910135 0 0.414313
    outer loop
      vertex -11.7767 0 -16.4852
      vertex -11.6542 -1 -16.2161
      vertex -11.6542 2.4 -16.2161
    endloop
  endfacet
  facet normal 0.660863 0 0.750507
    outer loop
      vertex -48.2645 2.4 -15.0016
      vertex -47.9112 0 -15.3127
      vertex -47.9112 2.4 -15.3127
    endloop
  endfacet
  facet normal 0.660863 0 0.750507
    outer loop
      vertex -47.9112 0 -15.3127
      vertex -48.2645 2.4 -15.0016
      vertex -48.2645 0 -15.0016
    endloop
  endfacet
  facet normal -0.370293 0 0.928915
    outer loop
      vertex -21.0051 2.4 -21.6488
      vertex -20.9321 0 -21.6197
      vertex -20.9321 2.4 -21.6197
    endloop
  endfacet
  facet normal -0.370293 0 0.928915
    outer loop
      vertex -20.9321 0 -21.6197
      vertex -21.0051 2.4 -21.6488
      vertex -21.0051 0 -21.6488
    endloop
  endfacet
  facet normal 0.847837 0 -0.530257
    outer loop
      vertex -51.0043 0 5.18671
      vertex -51.0875 2.4 5.05368
      vertex -51.0043 2.4 5.18671
    endloop
  endfacet
  facet normal 0.847837 0 -0.530257
    outer loop
      vertex -51.0875 2.4 5.05368
      vertex -51.0043 0 5.18671
      vertex -51.0875 0 5.05368
    endloop
  endfacet
  facet normal -0.649442 0 -0.760411
    outer loop
      vertex -9.58722 0 6.18747
      vertex -9.22925 2.4 5.88174
      vertex -9.22925 0 5.88174
    endloop
  endfacet
  facet normal -0.649442 0 -0.760411
    outer loop
      vertex -9.22925 2.4 5.88174
      vertex -9.58722 0 6.18747
      vertex -9.58722 2.4 6.18747
    endloop
  endfacet
  facet normal -0.96819 0 0.250216
    outer loop
      vertex -8.21243 0 -6.74693
      vertex -8.06876 2.4 -6.19101
      vertex -8.21243 2.4 -6.74693
    endloop
  endfacet
  facet normal -0.96819 0 0.250216
    outer loop
      vertex -8.06876 2.4 -6.19101
      vertex -8.21243 0 -6.74693
      vertex -8.06876 0 -6.19101
    endloop
  endfacet
  facet normal -0.622725 0 0.782441
    outer loop
      vertex -13.0826 2.4 -18.0455
      vertex -12.7142 0 -17.7523
      vertex -12.7142 2.4 -17.7523
    endloop
  endfacet
  facet normal -0.622725 0 0.782441
    outer loop
      vertex -12.7142 0 -17.7523
      vertex -13.0826 2.4 -18.0455
      vertex -13.0826 0 -18.0455
    endloop
  endfacet
  facet normal 0.960343 -0 0.278822
    outer loop
      vertex -52.6943 0 -3.06956
      vertex -52.6724 2.4 -3.14499
      vertex -52.6943 2.4 -3.06956
    endloop
  endfacet
  facet normal 0.960343 0 0.278822
    outer loop
      vertex -52.6724 2.4 -3.14499
      vertex -52.6943 0 -3.06956
      vertex -52.6724 0 -3.14499
    endloop
  endfacet
  facet normal 0.895387 -0 0.445288
    outer loop
      vertex -49.069 0 -13.8627
      vertex -49.0042 2.4 -13.993
      vertex -49.069 2.4 -13.8627
    endloop
  endfacet
  facet normal 0.895387 0 0.445288
    outer loop
      vertex -49.0042 2.4 -13.993
      vertex -49.069 0 -13.8627
      vertex -49.0042 0 -13.993
    endloop
  endfacet
  facet normal 0.286958 0 0.957943
    outer loop
      vertex -40.2976 2.4 -20.8103
      vertex -39.8466 0 -20.9454
      vertex -39.8466 2.4 -20.9454
    endloop
  endfacet
  facet normal 0.286958 0 0.957943
    outer loop
      vertex -39.8466 0 -20.9454
      vertex -40.2976 2.4 -20.8103
      vertex -40.2976 0 -20.8103
    endloop
  endfacet
  facet normal 0.999971 -0 0.0076465
    outer loop
      vertex -52.8751 0 -1.83195
      vertex -52.8739 2.4 -1.98888
      vertex -52.8751 2.4 -1.83195
    endloop
  endfacet
  facet normal 0.999971 0 0.0076465
    outer loop
      vertex -52.8739 2.4 -1.98888
      vertex -52.8751 0 -1.83195
      vertex -52.8739 0 -1.98888
    endloop
  endfacet
  facet normal -0.156598 0 -0.987662
    outer loop
      vertex -11.4522 0 6.95998
      vertex -11.2973 2.4 6.93542
      vertex -11.2973 0 6.93542
    endloop
  endfacet
  facet normal -0.156598 0 -0.987662
    outer loop
      vertex -11.2973 2.4 6.93542
      vertex -11.4522 0 6.95998
      vertex -11.4522 2.4 6.95998
    endloop
  endfacet
  facet normal 0.700427 0 -0.713724
    outer loop
      vertex -50.621 0 5.68329
      vertex -50.285 2.4 6.01303
      vertex -50.285 0 6.01303
    endloop
  endfacet
  facet normal 0.700427 0 -0.713724
    outer loop
      vertex -50.285 2.4 6.01303
      vertex -50.621 0 5.68329
      vertex -50.621 2.4 5.68329
    endloop
  endfacet
  facet normal -1 0 0
    outer loop
      vertex -8 0 -5.47148
      vertex -8 2.4 3
      vertex -8 2.4 -5.47148
    endloop
  endfacet
  facet normal -1 -0 0
    outer loop
      vertex -8 2.4 3
      vertex -8 0 -5.47148
      vertex -8 0 3
    endloop
  endfacet
  facet normal 0.770168 -0 0.637842
    outer loop
      vertex -48.674 0 -14.5264
      vertex -48.3737 2.4 -14.889
      vertex -48.674 2.4 -14.5264
    endloop
  endfacet
  facet normal 0.770168 0 0.637842
    outer loop
      vertex -48.3737 2.4 -14.889
      vertex -48.674 0 -14.5264
      vertex -48.3737 0 -14.889
    endloop
  endfacet
  facet normal -0.996916 0 0.0784703
    outer loop
      vertex -8.04002 0 -6.01926
      vertex -8.00308 2.4 -5.54996
      vertex -8.04002 2.4 -6.01926
    endloop
  endfacet
  facet normal -0.996916 0 0.0784703
    outer loop
      vertex -8.00308 2.4 -5.54996
      vertex -8.04002 0 -6.01926
      vertex -8.00308 0 -5.54996
    endloop
  endfacet
  facet normal 0.803425 0 -0.595405
    outer loop
      vertex -50.724 0 5.56494
      vertex -51.0043 2.4 5.18671
      vertex -50.724 2.4 5.56494
    endloop
  endfacet
  facet normal 0.803425 0 -0.595405
    outer loop
      vertex -51.0043 2.4 5.18671
      vertex -50.724 0 5.56494
      vertex -51.0043 0 5.18671
    endloop
  endfacet
  facet normal -0.852636 0 -0.522505
    outer loop
      vertex -8.47435 0 4.88448
      vertex -8.72032 2.4 5.28586
      vertex -8.47435 2.4 4.88448
    endloop
  endfacet
  facet normal -0.852636 -0 -0.522505
    outer loop
      vertex -8.72032 2.4 5.28586
      vertex -8.47435 0 4.88448
      vertex -8.72032 0 5.28586
    endloop
  endfacet
  facet normal -0.834039 0 0.551706
    outer loop
      vertex -12.185 0 -17.1744
      vertex -11.9253 2.4 -16.7818
      vertex -12.185 2.4 -17.1744
    endloop
  endfacet
  facet normal -0.834039 0 0.551706
    outer loop
      vertex -11.9253 2.4 -16.7818
      vertex -12.185 0 -17.1744
      vertex -11.9253 0 -16.7818
    endloop
  endfacet
  facet normal 0.990991 0 -0.133928
    outer loop
      vertex -52.8248 0 -1.23735
      vertex -52.8417 2.4 -1.3624
      vertex -52.8248 2.4 -1.23735
    endloop
  endfacet
  facet normal 0.990991 0 -0.133928
    outer loop
      vertex -52.8417 2.4 -1.3624
      vertex -52.8248 0 -1.23735
      vertex -52.8417 0 -1.3624
    endloop
  endfacet
  facet normal -0.258099 0 0.966118
    outer loop
      vertex -21.6005 2.4 -21.8461
      vertex -21.4489 0 -21.8056
      vertex -21.4489 2.4 -21.8056
    endloop
  endfacet
  facet normal -0.258099 0 0.966118
    outer loop
      vertex -21.4489 0 -21.8056
      vertex -21.6005 2.4 -21.8461
      vertex -21.6005 0 -21.8461
    endloop
  endfacet
  facet normal -0.484625 0 0.874722
    outer loop
      vertex -13.6806 2.4 -18.3926
      vertex -13.2207 0 -18.1378
      vertex -13.2207 2.4 -18.1378
    endloop
  endfacet
  facet normal -0.484625 0 0.874722
    outer loop
      vertex -13.2207 0 -18.1378
      vertex -13.6806 2.4 -18.3926
      vertex -13.6806 0 -18.3926
    endloop
  endfacet
  facet normal -0.555672 0 0.831401
    outer loop
      vertex -13.2207 2.4 -18.1378
      vertex -13.0826 0 -18.0455
      vertex -13.0826 2.4 -18.0455
    endloop
  endfacet
  facet normal -0.555672 0 0.831401
    outer loop
      vertex -13.0826 0 -18.0455
      vertex -13.2207 2.4 -18.1378
      vertex -13.2207 0 -18.1378
    endloop
  endfacet
  facet normal -0.737445 0 0.675407
    outer loop
      vertex -12.5995 0 -17.6452
      vertex -12.2816 2.4 -17.2981
      vertex -12.5995 2.4 -17.6452
    endloop
  endfacet
  facet normal -0.737445 0 0.675407
    outer loop
      vertex -12.2816 2.4 -17.2981
      vertex -12.5995 0 -17.6452
      vertex -12.2816 0 -17.2981
    endloop
  endfacet
  facet normal -0.986287 0 0.165041
    outer loop
      vertex -8.06876 0 -6.19101
      vertex -8.04002 2.4 -6.01926
      vertex -8.06876 2.4 -6.19101
    endloop
  endfacet
  facet normal -0.986287 0 0.165041
    outer loop
      vertex -8.04002 2.4 -6.01926
      vertex -8.06876 0 -6.19101
      vertex -8.04002 0 -6.01926
    endloop
  endfacet
  facet normal -0.309028 0 -0.951053
    outer loop
      vertex -10.8395 0 6.82553
      vertex -10.6903 2.4 6.77705
      vertex -10.6903 0 6.77705
    endloop
  endfacet
  facet normal -0.309028 0 -0.951053
    outer loop
      vertex -10.6903 2.4 6.77705
      vertex -10.8395 0 6.82553
      vertex -10.8395 2.4 6.82553
    endloop
  endfacet
  facet normal -0.809025 0 -0.587774
    outer loop
      vertex -8.72032 0 5.28586
      vertex -8.81253 2.4 5.41278
      vertex -8.72032 2.4 5.28586
    endloop
  endfacet
  facet normal -0.809025 -0 -0.587774
    outer loop
      vertex -8.81253 2.4 5.41278
      vertex -8.72032 0 5.28586
      vertex -8.81253 0 5.41278
    endloop
  endfacet
  facet normal 0.580215 0 -0.814463
    outer loop
      vertex -50.1648 0 6.11383
      vertex -49.7814 2.4 6.38696
      vertex -49.7814 0 6.38696
    endloop
  endfacet
  facet normal 0.580215 0 -0.814463
    outer loop
      vertex -49.7814 2.4 6.38696
      vertex -50.1648 0 6.11383
      vertex -50.1648 2.4 6.11383
    endloop
  endfacet
  facet normal 0.300147 0 -0.953893
    outer loop
      vertex -49.0798 0 6.73616
      vertex -48.6308 2.4 6.87744
      vertex -48.6308 0 6.87744
    endloop
  endfacet
  facet normal 0.300147 0 -0.953893
    outer loop
      vertex -48.6308 2.4 6.87744
      vertex -49.0798 0 6.73616
      vertex -49.0798 2.4 6.73616
    endloop
  endfacet
  facet normal 0.93791 -0 0.346878
    outer loop
      vertex -49.245 0 -13.4272
      vertex -49.2217 2.4 -13.4902
      vertex -49.245 2.4 -13.4272
    endloop
  endfacet
  facet normal 0.93791 0 0.346878
    outer loop
      vertex -49.2217 2.4 -13.4902
      vertex -49.245 0 -13.4272
      vertex -49.2217 0 -13.4902
    endloop
  endfacet
  facet normal 0.207459 0 -0.978244
    outer loop
      vertex -48.6308 0 6.87744
      vertex -48.4436 2.4 6.91714
      vertex -48.4436 0 6.91714
    endloop
  endfacet
  facet normal 0.207459 0 -0.978244
    outer loop
      vertex -48.4436 2.4 6.91714
      vertex -48.6308 0 6.87744
      vertex -48.6308 2.4 6.87744
    endloop
  endfacet
  facet normal -0.682477 0 0.730907
    outer loop
      vertex -12.7142 2.4 -17.7523
      vertex -12.5995 0 -17.6452
      vertex -12.5995 2.4 -17.6452
    endloop
  endfacet
  facet normal -0.682477 0 0.730907
    outer loop
      vertex -12.5995 0 -17.6452
      vertex -12.7142 2.4 -17.7523
      vertex -12.7142 0 -17.7523
    endloop
  endfacet
  facet normal -0.382681 0 -0.923881
    outer loop
      vertex -10.6903 0 6.77705
      vertex -10.2554 2.4 6.59691
      vertex -10.2554 0 6.59691
    endloop
  endfacet
  facet normal -0.382681 0 -0.923881
    outer loop
      vertex -10.2554 2.4 6.59691
      vertex -10.6903 0 6.77705
      vertex -10.6903 2.4 6.77705
    endloop
  endfacet
  facet normal -0.987672 0 -0.156539
    outer loop
      vertex -8.04002 0 3.54778
      vertex -8.06458 2.4 3.70274
      vertex -8.04002 2.4 3.54778
    endloop
  endfacet
  facet normal -0.987672 -0 -0.156539
    outer loop
      vertex -8.06458 2.4 3.70274
      vertex -8.04002 0 3.54778
      vertex -8.06458 0 3.70274
    endloop
  endfacet
  facet normal -0.972373 0 -0.233433
    outer loop
      vertex -8.06458 0 3.70274
      vertex -8.17447 2.4 4.16049
      vertex -8.06458 2.4 3.70274
    endloop
  endfacet
  facet normal -0.972373 -0 -0.233433
    outer loop
      vertex -8.17447 2.4 4.16049
      vertex -8.06458 0 3.70274
      vertex -8.17447 0 4.16049
    endloop
  endfacet
  facet normal -0.445845 0 0.89511
    outer loop
      vertex -13.7591 2.4 -18.4317
      vertex -13.6806 0 -18.3926
      vertex -13.6806 2.4 -18.3926
    endloop
  endfacet
  facet normal -0.445845 0 0.89511
    outer loop
      vertex -13.6806 0 -18.3926
      vertex -13.7591 2.4 -18.4317
      vertex -13.7591 0 -18.4317
    endloop
  endfacet
  facet normal -0.522524 0 -0.852625
    outer loop
      vertex -10.1155 0 6.52565
      vertex -9.71414 2.4 6.27968
      vertex -9.71414 0 6.27968
    endloop
  endfacet
  facet normal -0.522524 0 -0.852625
    outer loop
      vertex -9.71414 2.4 6.27968
      vertex -10.1155 0 6.52565
      vertex -10.1155 2.4 6.52565
    endloop
  endfacet
  facet normal -0.890986 0 -0.454031
    outer loop
      vertex -8.40309 0 4.74464
      vertex -8.47435 2.4 4.88448
      vertex -8.40309 2.4 4.74464
    endloop
  endfacet
  facet normal -0.890986 -0 -0.454031
    outer loop
      vertex -8.47435 2.4 4.88448
      vertex -8.40309 0 4.74464
      vertex -8.47435 0 4.88448
    endloop
  endfacet
  facet normal 0.925274 -0 0.3793
    outer loop
      vertex -49.2217 0 -13.4902
      vertex -49.069 2.4 -13.8627
      vertex -49.2217 2.4 -13.4902
    endloop
  endfacet
  facet normal 0.925274 0 0.3793
    outer loop
      vertex -49.069 2.4 -13.8627
      vertex -49.2217 0 -13.4902
      vertex -49.069 0 -13.8627
    endloop
  endfacet
  facet normal -0.955063 0 0.296402
    outer loop
      vertex -8.24083 0 -6.83844
      vertex -8.21243 2.4 -6.74693
      vertex -8.24083 2.4 -6.83844
    endloop
  endfacet
  facet normal -0.955063 0 0.296402
    outer loop
      vertex -8.21243 2.4 -6.74693
      vertex -8.24083 0 -6.83844
      vertex -8.21243 0 -6.74693
    endloop
  endfacet
  facet normal 0.445548 0 -0.895258
    outer loop
      vertex -49.6468 0 6.4677
      vertex -49.2253 2.4 6.67747
      vertex -49.2253 0 6.67747
    endloop
  endfacet
  facet normal 0.445548 0 -0.895258
    outer loop
      vertex -49.2253 2.4 6.67747
      vertex -49.6468 0 6.4677
      vertex -49.6468 2.4 6.4677
    endloop
  endfacet
  facet normal 0.754331 0 -0.656494
    outer loop
      vertex -50.621 0 5.68329
      vertex -50.724 2.4 5.56494
      vertex -50.621 2.4 5.68329
    endloop
  endfacet
  facet normal 0.754331 0 -0.656494
    outer loop
      vertex -50.724 2.4 5.56494
      vertex -50.621 0 5.68329
      vertex -50.724 0 5.56494
    endloop
  endfacet
  facet normal -0.760411 0 -0.649442
    outer loop
      vertex -8.81253 0 5.41278
      vertex -9.11826 2.4 5.77075
      vertex -8.81253 2.4 5.41278
    endloop
  endfacet
  facet normal -0.760411 -0 -0.649442
    outer loop
      vertex -9.11826 2.4 5.77075
      vertex -8.81253 0 5.41278
      vertex -9.11826 0 5.77075
    endloop
  endfacet
  facet normal -0.874908 0 0.48429
    outer loop
      vertex -11.9253 0 -16.7818
      vertex -11.8493 2.4 -16.6445
      vertex -11.9253 2.4 -16.7818
    endloop
  endfacet
  facet normal -0.874908 0 0.48429
    outer loop
      vertex -11.8493 2.4 -16.6445
      vertex -11.9253 0 -16.7818
      vertex -11.8493 0 -16.6445
    endloop
  endfacet
  facet normal -0.923887 0 -0.382666
    outer loop
      vertex -8.22295 0 4.30972
      vertex -8.40309 2.4 4.74464
      vertex -8.22295 2.4 4.30972
    endloop
  endfacet
  facet normal -0.923887 -0 -0.382666
    outer loop
      vertex -8.40309 2.4 4.74464
      vertex -8.22295 0 4.30972
      vertex -8.40309 0 4.74464
    endloop
  endfacet
  facet normal 0 -1 0
    outer loop
      vertex -48.4436 2.4 6.91714
      vertex -48.3307 2.4 5.92354
      vertex -47.6577 2.4 6
    endloop
  endfacet
  facet normal 0 -1 0
    outer loop
      vertex -50.1648 2.4 6.11383
      vertex -48.7797 2.4 5.78226
      vertex -48.3307 2.4 5.92354
    endloop
  endfacet
  facet normal 0 -1 0
    outer loop
      vertex -49.5846 2.4 5.29935
      vertex -50.285 2.4 6.01303
      vertex -50.621 2.4 5.68329
    endloop
  endfacet
  facet normal 0 -1 0
    outer loop
      vertex -50.1648 2.4 6.11383
      vertex -49.2012 2.4 5.57248
      vertex -48.7797 2.4 5.78226
    endloop
  endfacet
  facet normal 0 -1 0
    outer loop
      vertex -49.9205 2.4 4.9696
      vertex -50.621 2.4 5.68329
      vertex -50.724 2.4 5.56494
    endloop
  endfacet
  facet normal 0 -1 0
    outer loop
      vertex -50.1648 2.4 6.11383
      vertex -49.5846 2.4 5.29935
      vertex -49.2012 2.4 5.57248
    endloop
  endfacet
  facet normal 0 -1 0
    outer loop
      vertex -49.9205 2.4 4.9696
      vertex -50.724 2.4 5.56494
      vertex -51.0043 2.4 5.18671
    endloop
  endfacet
  facet normal 0 -1 0
    outer loop
      vertex -50.2008 2.4 4.59137
      vertex -51.0043 2.4 5.18671
      vertex -51.0875 2.4 5.05368
    endloop
  endfacet
  facet normal 0 -1 0
    outer loop
      vertex -50.621 2.4 5.68329
      vertex -49.9205 2.4 4.9696
      vertex -49.5846 2.4 5.29935
    endloop
  endfacet
  facet normal 0 -1 0
    outer loop
      vertex -50.2008 2.4 4.59137
      vertex -51.0875 2.4 5.05368
      vertex -51.3052 2.4 4.63625
    endloop
  endfacet
  facet normal 0 -1 0
    outer loop
      vertex -51.0043 2.4 5.18671
      vertex -50.2008 2.4 4.59137
      vertex -49.9205 2.4 4.9696
    endloop
  endfacet
  facet normal 0 -1 0
    outer loop
      vertex -50.4184 2.4 4.17393
      vertex -51.3052 2.4 4.63625
      vertex -51.3666 2.4 4.49185
    endloop
  endfacet
  facet normal 0 -1 0
    outer loop
      vertex -51.3052 2.4 4.63625
      vertex -50.4184 2.4 4.17393
      vertex -50.2008 2.4 4.59137
    endloop
  endfacet
  facet normal 0 -1 0
    outer loop
      vertex -51.5162 2.4 4.04552
      vertex -50.4184 2.4 4.17393
      vertex -51.3666 2.4 4.49185
    endloop
  endfacet
  facet normal 0 -1 0
    outer loop
      vertex -50.5681 2.4 3.7276
      vertex -51.5162 2.4 4.04552
      vertex -51.5382 2.4 3.97014
    endloop
  endfacet
  facet normal 0 -1 0
    outer loop
      vertex -51.5162 2.4 4.04552
      vertex -50.5681 2.4 3.7276
      vertex -50.4184 2.4 4.17393
    endloop
  endfacet
  facet normal 0 -1 0
    outer loop
      vertex -52.7583 2.4 -0.909943
      vertex -50.5681 2.4 3.7276
      vertex -51.5382 2.4 3.97014
    endloop
  endfacet
  facet normal 0 -1 0
    outer loop
      vertex -51.7881 2.4 -1.15248
      vertex -52.7583 2.4 -0.909943
      vertex -52.7687 2.4 -0.956543
    endloop
  endfacet
  facet normal 0 -1 0
    outer loop
      vertex -52.7583 2.4 -0.909943
      vertex -51.7881 2.4 -1.15248
      vertex -50.5681 2.4 3.7276
    endloop
  endfacet
  facet normal 0 -1 0
    outer loop
      vertex -52.8248 2.4 -1.23735
      vertex -51.7881 2.4 -1.15248
      vertex -52.7687 2.4 -0.956543
    endloop
  endfacet
  facet normal 0 -1 0
    outer loop
      vertex -51.8442 2.4 -1.43329
      vertex -52.8248 2.4 -1.23735
      vertex -52.8417 2.4 -1.3624
    endloop
  endfacet
  facet normal 0 -1 0
    outer loop
      vertex -52.8248 2.4 -1.23735
      vertex -51.8442 2.4 -1.43329
      vertex -51.7881 2.4 -1.15248
    endloop
  endfacet
  facet normal 0 -1 0
    outer loop
      vertex -52.8751 2.4 -1.83195
      vertex -51.8442 2.4 -1.43329
      vertex -52.8417 2.4 -1.3624
    endloop
  endfacet
  facet normal 0 -1 0
    outer loop
      vertex -52.8751 2.4 -1.83195
      vertex -51.8776 2.4 -1.90285
      vertex -51.8442 2.4 -1.43329
    endloop
  endfacet
  facet normal 0 -1 0
    outer loop
      vertex -52.8739 2.4 -1.98888
      vertex -51.8776 2.4 -1.90285
      vertex -52.8751 2.4 -1.83195
    endloop
  endfacet
  facet normal 0 -1 0
    outer loop
      vertex -52.8739 2.4 -1.98888
      vertex -51.8371 2.4 -2.37186
      vertex -51.8776 2.4 -1.90285
    endloop
  endfacet
  facet normal 0 -1 0
    outer loop
      vertex -52.8334 2.4 -2.45789
      vertex -51.8371 2.4 -2.37186
      vertex -52.8739 2.4 -1.98888
    endloop
  endfacet
  facet normal 0 -1 0
    outer loop
      vertex -52.8077 2.4 -2.61266
      vertex -51.8371 2.4 -2.37186
      vertex -52.8334 2.4 -2.45789
    endloop
  endfacet
  facet normal 0 -1 0
    outer loop
      vertex -52.8077 2.4 -2.61266
      vertex -51.7237 2.4 -2.82877
      vertex -51.8371 2.4 -2.37186
    endloop
  endfacet
  facet normal 0 -1 0
    outer loop
      vertex -52.6943 2.4 -3.06956
      vertex -51.7237 2.4 -2.82877
      vertex -52.8077 2.4 -2.61266
    endloop
  endfacet
  facet normal 0 -1 0
    outer loop
      vertex -52.6724 2.4 -3.14499
      vertex -51.7237 2.4 -2.82877
      vertex -52.6943 2.4 -3.06956
    endloop
  endfacet
  facet normal 0 -1 0
    outer loop
      vertex -52.6724 2.4 -3.14499
      vertex -48.2963 2.4 -13.111
      vertex -51.7237 2.4 -2.82877
    endloop
  endfacet
  facet normal 0 -1 0
    outer loop
      vertex -49.245 2.4 -13.4272
      vertex -48.2963 2.4 -13.111
      vertex -52.6724 2.4 -3.14499
    endloop
  endfacet
  facet normal 0 -1 0
    outer loop
      vertex -49.2217 2.4 -13.4902
      vertex -48.2963 2.4 -13.111
      vertex -49.245 2.4 -13.4272
    endloop
  endfacet
  facet normal 0 -1 -0
    outer loop
      vertex -48.2963 2.4 -13.111
      vertex -49.2217 2.4 -13.4902
      vertex -48.1437 2.4 -13.4835
    endloop
  endfacet
  facet normal 0 -1 0
    outer loop
      vertex -49.069 2.4 -13.8627
      vertex -48.1437 2.4 -13.4835
      vertex -49.2217 2.4 -13.4902
    endloop
  endfacet
  facet normal 0 -1 0
    outer loop
      vertex -49.0042 2.4 -13.993
      vertex -48.1437 2.4 -13.4835
      vertex -49.069 2.4 -13.8627
    endloop
  endfacet
  facet normal 0 -1 -0
    outer loop
      vertex -48.1437 2.4 -13.4835
      vertex -49.0042 2.4 -13.993
      vertex -47.9038 2.4 -13.8886
    endloop
  endfacet
  facet normal 0 -1 0
    outer loop
      vertex -48.7643 2.4 -14.3981
      vertex -47.9038 2.4 -13.8886
      vertex -49.0042 2.4 -13.993
    endloop
  endfacet
  facet normal 0 -1 0
    outer loop
      vertex -48.674 2.4 -14.5264
      vertex -47.9038 2.4 -13.8886
      vertex -48.7643 2.4 -14.3981
    endloop
  endfacet
  facet normal 0 -1 -0
    outer loop
      vertex -47.9038 2.4 -13.8886
      vertex -48.674 2.4 -14.5264
      vertex -47.6036 2.4 -14.2512
    endloop
  endfacet
  facet normal 0 -1 0
    outer loop
      vertex -48.3737 2.4 -14.889
      vertex -47.6036 2.4 -14.2512
      vertex -48.674 2.4 -14.5264
    endloop
  endfacet
  facet normal 0 -1 0
    outer loop
      vertex -48.2645 2.4 -15.0016
      vertex -47.6036 2.4 -14.2512
      vertex -48.3737 2.4 -14.889
    endloop
  endfacet
  facet normal 0 -1 -0
    outer loop
      vertex -47.6036 2.4 -14.2512
      vertex -48.2645 2.4 -15.0016
      vertex -47.2503 2.4 -14.5623
    endloop
  endfacet
  facet normal 0 -1 0
    outer loop
      vertex -47.9112 2.4 -15.3127
      vertex -47.2503 2.4 -14.5623
      vertex -48.2645 2.4 -15.0016
    endloop
  endfacet
  facet normal 0 -1 0
    outer loop
      vertex -47.8503 2.4 -15.3623
      vertex -47.2503 2.4 -14.5623
      vertex -47.9112 2.4 -15.3127
    endloop
  endfacet
  facet normal 0 -1 0
    outer loop
      vertex -47.8503 2.4 -15.3623
      vertex -40.7267 2.4 -19.455
      vertex -47.2503 2.4 -14.5623
    endloop
  endfacet
  facet normal 0 -1 0
    outer loop
      vertex -41.3267 2.4 -20.255
      vertex -40.7267 2.4 -19.455
      vertex -47.8503 2.4 -15.3623
    endloop
  endfacet
  facet normal 0 -1 0
    outer loop
      vertex -41.279 2.4 -20.2887
      vertex -40.7267 2.4 -19.455
      vertex -41.3267 2.4 -20.255
    endloop
  endfacet
  facet normal 0 -1 -0
    outer loop
      vertex -40.7267 2.4 -19.455
      vertex -41.279 2.4 -20.2887
      vertex -40.4348 2.4 -19.6484
    endloop
  endfacet
  facet normal 0 -1 0
    outer loop
      vertex -40.9871 2.4 -20.482
      vertex -40.4348 2.4 -19.6484
      vertex -41.279 2.4 -20.2887
    endloop
  endfacet
  facet normal 0 -1 0
    outer loop
      vertex -40.8681 2.4 -20.5496
      vertex -40.4348 2.4 -19.6484
      vertex -40.9871 2.4 -20.482
    endloop
  endfacet
  facet normal 0 -1 -0
    outer loop
      vertex -40.4348 2.4 -19.6484
      vertex -40.8681 2.4 -20.5496
      vertex -40.0106 2.4 -19.8524
    endloop
  endfacet
  facet normal 0 -1 0
    outer loop
      vertex -40.4439 2.4 -20.7536
      vertex -40.0106 2.4 -19.8524
      vertex -40.8681 2.4 -20.5496
    endloop
  endfacet
  facet normal 0 -1 0
    outer loop
      vertex -40.2976 2.4 -20.8103
      vertex -40.0106 2.4 -19.8524
      vertex -40.4439 2.4 -20.7536
    endloop
  endfacet
  facet normal 0 -1 -0
    outer loop
      vertex -40.0106 2.4 -19.8524
      vertex -40.2976 2.4 -20.8103
      vertex -39.5596 2.4 -19.9875
    endloop
  endfacet
  facet normal 0 -1 0
    outer loop
      vertex -39.8466 2.4 -20.9454
      vertex -39.5596 2.4 -19.9875
      vertex -40.2976 2.4 -20.8103
    endloop
  endfacet
  facet normal 0 -1 0
    outer loop
      vertex -39.6932 2.4 -20.9785
      vertex -39.5596 2.4 -19.9875
      vertex -39.8466 2.4 -20.9454
    endloop
  endfacet
  facet normal 0 -1 -0
    outer loop
      vertex -39.5596 2.4 -19.9875
      vertex -39.6932 2.4 -20.9785
      vertex -39.0931 2.4 -20.0504
    endloop
  endfacet
  facet normal 0 -1 0
    outer loop
      vertex -39.0931 2.4 -20.0504
      vertex -39.6932 2.4 -20.9785
      vertex -39.2267 2.4 -21.0414
    endloop
  endfacet
  facet normal 0 -1 0
    outer loop
      vertex -12 2.4 6
      vertex -12 2.4 7
      vertex -47.6577 2.4 7
    endloop
  endfacet
  facet normal 0 -1 0
    outer loop
      vertex -47.6577 2.4 6
      vertex -47.6577 2.4 7
      vertex -47.7706 2.4 6.99361
    endloop
  endfacet
  facet normal 0 -1 0
    outer loop
      vertex -12 2.4 6
      vertex -47.6577 2.4 7
      vertex -47.6577 2.4 6
    endloop
  endfacet
  facet normal 0 -1 -0
    outer loop
      vertex -11.9215 2.4 6.99692
      vertex -12 2.4 6
      vertex -11.4522 2.4 6.95998
    endloop
  endfacet
  facet normal 0 -1 0
    outer loop
      vertex -47.6577 2.4 6
      vertex -47.7706 2.4 6.99361
      vertex -48.4436 2.4 6.91714
    endloop
  endfacet
  facet normal 0 -1 0
    outer loop
      vertex -48.3307 2.4 5.92354
      vertex -48.4436 2.4 6.91714
      vertex -48.6308 2.4 6.87744
    endloop
  endfacet
  facet normal 0 -1 0
    outer loop
      vertex -12 2.4 7
      vertex -12 2.4 6
      vertex -11.9215 2.4 6.99692
    endloop
  endfacet
  facet normal 0 -1 -0
    outer loop
      vertex -11.4522 2.4 6.95998
      vertex -11.5307 2.4 5.96306
      vertex -11.2973 2.4 6.93542
    endloop
  endfacet
  facet normal 0 -1 0
    outer loop
      vertex -48.3307 2.4 5.92354
      vertex -48.6308 2.4 6.87744
      vertex -49.0798 2.4 6.73616
    endloop
  endfacet
  facet normal 0 -1 0
    outer loop
      vertex -48.3307 2.4 5.92354
      vertex -49.0798 2.4 6.73616
      vertex -49.2253 2.4 6.67747
    endloop
  endfacet
  facet normal 0 -1 0
    outer loop
      vertex -11.5307 2.4 5.96306
      vertex -11.4522 2.4 6.95998
      vertex -12 2.4 6
    endloop
  endfacet
  facet normal 0 -1 0
    outer loop
      vertex -11.073 2.4 5.85316
      vertex -10.8395 2.4 6.82553
      vertex -11.5307 2.4 5.96306
    endloop
  endfacet
  facet normal 0 -1 0
    outer loop
      vertex -48.3307 2.4 5.92354
      vertex -49.2253 2.4 6.67747
      vertex -49.6468 2.4 6.4677
    endloop
  endfacet
  facet normal 0 -1 0
    outer loop
      vertex -48.3307 2.4 5.92354
      vertex -49.6468 2.4 6.4677
      vertex -49.7814 2.4 6.38696
    endloop
  endfacet
  facet normal 0 -1 -0
    outer loop
      vertex -11.2973 2.4 6.93542
      vertex -11.5307 2.4 5.96306
      vertex -10.8395 2.4 6.82553
    endloop
  endfacet
  facet normal 0 -1 -0
    outer loop
      vertex -10.6903 2.4 6.77705
      vertex -11.073 2.4 5.85316
      vertex -10.2554 2.4 6.59691
    endloop
  endfacet
  facet normal 0 -1 0
    outer loop
      vertex -48.3307 2.4 5.92354
      vertex -49.7814 2.4 6.38696
      vertex -50.1648 2.4 6.11383
    endloop
  endfacet
  facet normal 0 -1 0
    outer loop
      vertex -49.5846 2.4 5.29935
      vertex -50.1648 2.4 6.11383
      vertex -50.285 2.4 6.01303
    endloop
  endfacet
  facet normal 0 -1 -0
    outer loop
      vertex -10.8395 2.4 6.82553
      vertex -11.073 2.4 5.85316
      vertex -10.6903 2.4 6.77705
    endloop
  endfacet
  facet normal 0 -1 0
    outer loop
      vertex -10.638 2.4 5.67302
      vertex -10.2554 2.4 6.59691
      vertex -11.073 2.4 5.85316
    endloop
  endfacet
  facet normal 0 -1 -0
    outer loop
      vertex -10.2554 2.4 6.59691
      vertex -10.638 2.4 5.67302
      vertex -10.1155 2.4 6.52565
    endloop
  endfacet
  facet normal 0 -1 -0
    outer loop
      vertex -10.1155 2.4 6.52565
      vertex -10.638 2.4 5.67302
      vertex -9.71414 2.4 6.27968
    endloop
  endfacet
  facet normal 0 -1 0
    outer loop
      vertex -10.2366 2.4 5.42705
      vertex -9.71414 2.4 6.27968
      vertex -10.638 2.4 5.67302
    endloop
  endfacet
  facet normal 0 -1 -0
    outer loop
      vertex -9.71414 2.4 6.27968
      vertex -10.2366 2.4 5.42705
      vertex -9.58722 2.4 6.18747
    endloop
  endfacet
  facet normal 0 -1 -0
    outer loop
      vertex -9.58722 2.4 6.18747
      vertex -10.2366 2.4 5.42705
      vertex -9.22925 2.4 5.88174
    endloop
  endfacet
  facet normal 0 -1 0
    outer loop
      vertex -9.87868 2.4 5.12132
      vertex -9.22925 2.4 5.88174
      vertex -10.2366 2.4 5.42705
    endloop
  endfacet
  facet normal 0 -1 -0
    outer loop
      vertex -9.22925 2.4 5.88174
      vertex -9.87868 2.4 5.12132
      vertex -9.11826 2.4 5.77075
    endloop
  endfacet
  facet normal 0 -1 -0
    outer loop
      vertex -9.11826 2.4 5.77075
      vertex -9.87868 2.4 5.12132
      vertex -8.81253 2.4 5.41278
    endloop
  endfacet
  facet normal 0 -1 0
    outer loop
      vertex -9.57295 2.4 4.76335
      vertex -8.81253 2.4 5.41278
      vertex -9.87868 2.4 5.12132
    endloop
  endfacet
  facet normal 0 -1 -0
    outer loop
      vertex -8.81253 2.4 5.41278
      vertex -9.57295 2.4 4.76335
      vertex -8.72032 2.4 5.28586
    endloop
  endfacet
  facet normal 0 -1 -0
    outer loop
      vertex -8.72032 2.4 5.28586
      vertex -9.57295 2.4 4.76335
      vertex -8.47435 2.4 4.88448
    endloop
  endfacet
  facet normal 0 -1 0
    outer loop
      vertex -9.32698 2.4 4.36197
      vertex -8.47435 2.4 4.88448
      vertex -9.57295 2.4 4.76335
    endloop
  endfacet
  facet normal 0 -1 -0
    outer loop
      vertex -8.47435 2.4 4.88448
      vertex -9.32698 2.4 4.36197
      vertex -8.40309 2.4 4.74464
    endloop
  endfacet
  facet normal 0 -1 0
    outer loop
      vertex -9.32698 2.4 4.36197
      vertex -8.22295 2.4 4.30972
      vertex -8.40309 2.4 4.74464
    endloop
  endfacet
  facet normal 0 -1 0
    outer loop
      vertex -9.14684 2.4 3.92705
      vertex -8.22295 2.4 4.30972
      vertex -9.32698 2.4 4.36197
    endloop
  endfacet
  facet normal 0 -1 -0
    outer loop
      vertex -8.22295 2.4 4.30972
      vertex -9.14684 2.4 3.92705
      vertex -8.17447 2.4 4.16049
    endloop
  endfacet
  facet normal 0 -1 0
    outer loop
      vertex -9.14684 2.4 3.92705
      vertex -8.06458 2.4 3.70274
      vertex -8.17447 2.4 4.16049
    endloop
  endfacet
  facet normal 0 -1 0
    outer loop
      vertex -9.03694 2.4 3.4693
      vertex -8.06458 2.4 3.70274
      vertex -9.14684 2.4 3.92705
    endloop
  endfacet
  facet normal 0 -1 -0
    outer loop
      vertex -8.06458 2.4 3.70274
      vertex -9.03694 2.4 3.4693
      vertex -8.04002 2.4 3.54778
    endloop
  endfacet
  facet normal 0 -1 0
    outer loop
      vertex -9.03694 2.4 3.4693
      vertex -8.00308 2.4 3.07848
      vertex -8.04002 2.4 3.54778
    endloop
  endfacet
  facet normal 0 -1 0
    outer loop
      vertex -9 2.4 3
      vertex -8.00308 2.4 3.07848
      vertex -9.03694 2.4 3.4693
    endloop
  endfacet
  facet normal 0 -1 0
    outer loop
      vertex -9 2.4 3
      vertex -8 2.4 3
      vertex -8.00308 2.4 3.07848
    endloop
  endfacet
  facet normal 0 -1 0
    outer loop
      vertex -9 2.4 -5.47148
      vertex -8 2.4 3
      vertex -9 2.4 3
    endloop
  endfacet
  facet normal 0 -1 0
    outer loop
      vertex -9 2.4 -5.47148
      vertex -8 2.4 -5.47148
      vertex -8 2.4 3
    endloop
  endfacet
  facet normal 0 -1 0
    outer loop
      vertex -9 2.4 -5.47148
      vertex -8.00308 2.4 -5.54996
      vertex -8 2.4 -5.47148
    endloop
  endfacet
  facet normal 0 -1 0
    outer loop
      vertex -9.03694 2.4 -5.94078
      vertex -8.00308 2.4 -5.54996
      vertex -9 2.4 -5.47148
    endloop
  endfacet
  facet normal 0 -1 0
    outer loop
      vertex -9.03694 2.4 -5.94078
      vertex -8.04002 2.4 -6.01926
      vertex -8.00308 2.4 -5.54996
    endloop
  endfacet
  facet normal 0 -1 0
    outer loop
      vertex -9.03694 2.4 -5.94078
      vertex -8.06876 2.4 -6.19101
      vertex -8.04002 2.4 -6.01926
    endloop
  endfacet
  facet normal 0 -1 0
    outer loop
      vertex -9.18062 2.4 -6.4967
      vertex -8.06876 2.4 -6.19101
      vertex -9.03694 2.4 -5.94078
    endloop
  endfacet
  facet normal 0 -1 0
    outer loop
      vertex -9.18062 2.4 -6.4967
      vertex -8.21243 2.4 -6.74693
      vertex -8.06876 2.4 -6.19101
    endloop
  endfacet
  facet normal 0 -1 0
    outer loop
      vertex -9.18062 2.4 -6.4967
      vertex -8.24083 2.4 -6.83844
      vertex -8.21243 2.4 -6.74693
    endloop
  endfacet
  facet normal 0 -1 0
    outer loop
      vertex -12.5642 2.4 -15.8017
      vertex -8.24083 2.4 -6.83844
      vertex -9.18062 2.4 -6.4967
    endloop
  endfacet
  facet normal 0 -1 0
    outer loop
      vertex -12.5642 2.4 -15.8017
      vertex -11.6245 2.4 -16.1434
      vertex -8.24083 2.4 -6.83844
    endloop
  endfacet
  facet normal 0 -1 0
    outer loop
      vertex -12.5642 2.4 -15.8017
      vertex -11.6542 2.4 -16.2161
      vertex -11.6245 2.4 -16.1434
    endloop
  endfacet
  facet normal 0 -1 0
    outer loop
      vertex -12.7593 2.4 -16.2301
      vertex -11.6542 2.4 -16.2161
      vertex -12.5642 2.4 -15.8017
    endloop
  endfacet
  facet normal 0 -1 0
    outer loop
      vertex -11.9253 2.4 -16.7818
      vertex -12.7593 2.4 -16.2301
      vertex -13.019 2.4 -16.6227
    endloop
  endfacet
  facet normal 0 -1 0
    outer loop
      vertex -12.7593 2.4 -16.2301
      vertex -11.8493 2.4 -16.6445
      vertex -11.6542 2.4 -16.2161
    endloop
  endfacet
  facet normal 0 -1 0
    outer loop
      vertex -12.7593 2.4 -16.2301
      vertex -11.9253 2.4 -16.7818
      vertex -11.8493 2.4 -16.6445
    endloop
  endfacet
  facet normal 0 -1 0
    outer loop
      vertex -12.2816 2.4 -17.2981
      vertex -13.019 2.4 -16.6227
      vertex -13.337 2.4 -16.9699
    endloop
  endfacet
  facet normal 0 -1 0
    outer loop
      vertex -13.019 2.4 -16.6227
      vertex -12.185 2.4 -17.1744
      vertex -11.9253 2.4 -16.7818
    endloop
  endfacet
  facet normal 0 -1 0
    outer loop
      vertex -12.7142 2.4 -17.7523
      vertex -13.337 2.4 -16.9699
      vertex -13.7053 2.4 -17.263
    endloop
  endfacet
  facet normal 0 -1 0
    outer loop
      vertex -13.019 2.4 -16.6227
      vertex -12.2816 2.4 -17.2981
      vertex -12.185 2.4 -17.1744
    endloop
  endfacet
  facet normal 0 -1 0
    outer loop
      vertex -13.2207 2.4 -18.1378
      vertex -13.7053 2.4 -17.263
      vertex -14.1652 2.4 -17.5179
    endloop
  endfacet
  facet normal 0 -1 0
    outer loop
      vertex -13.337 2.4 -16.9699
      vertex -12.5995 2.4 -17.6452
      vertex -12.2816 2.4 -17.2981
    endloop
  endfacet
  facet normal 0 -1 0
    outer loop
      vertex -13.337 2.4 -16.9699
      vertex -12.7142 2.4 -17.7523
      vertex -12.5995 2.4 -17.6452
    endloop
  endfacet
  facet normal 0 -1 0
    outer loop
      vertex -13.7053 2.4 -17.263
      vertex -13.0826 2.4 -18.0455
      vertex -12.7142 2.4 -17.7523
    endloop
  endfacet
  facet normal 0 -1 0
    outer loop
      vertex -13.7053 2.4 -17.263
      vertex -13.2207 2.4 -18.1378
      vertex -13.0826 2.4 -18.0455
    endloop
  endfacet
  facet normal 0 -1 0
    outer loop
      vertex -14.1652 2.4 -17.5179
      vertex -13.6806 2.4 -18.3926
      vertex -13.2207 2.4 -18.1378
    endloop
  endfacet
  facet normal 0 -1 0
    outer loop
      vertex -14.1652 2.4 -17.5179
      vertex -13.7591 2.4 -18.4317
      vertex -13.6806 2.4 -18.3926
    endloop
  endfacet
  facet normal 0 -1 0
    outer loop
      vertex -21.3383 2.4 -20.7059
      vertex -13.7591 2.4 -18.4317
      vertex -14.1652 2.4 -17.5179
    endloop
  endfacet
  facet normal 0 -1 0
    outer loop
      vertex -21.0051 2.4 -21.6488
      vertex -21.3383 2.4 -20.7059
      vertex -21.7821 2.4 -20.8627
    endloop
  endfacet
  facet normal 0 -1 0
    outer loop
      vertex -39.0931 2.4 -20.0504
      vertex -39.2267 2.4 -21.0414
      vertex -39.1485 2.4 -21.0488
    endloop
  endfacet
  facet normal 0 -1 -0
    outer loop
      vertex -39.0931 2.4 -20.0504
      vertex -39.1485 2.4 -21.0488
      vertex -22.7231 2.4 -20.9598
    endloop
  endfacet
  facet normal 0 -1 0
    outer loop
      vertex -21.3383 2.4 -20.7059
      vertex -20.9321 2.4 -21.6197
      vertex -13.7591 2.4 -18.4317
    endloop
  endfacet
  facet normal 0 -1 0
    outer loop
      vertex -21.6005 2.4 -21.8461
      vertex -21.7821 2.4 -20.8627
      vertex -22.245 2.4 -20.9482
    endloop
  endfacet
  facet normal 0 -1 0
    outer loop
      vertex -22.2208 2.4 -21.9479
      vertex -22.245 2.4 -20.9482
      vertex -22.7231 2.4 -20.9598
    endloop
  endfacet
  facet normal 0 -1 0
    outer loop
      vertex -22.7785 2.4 -21.9583
      vertex -22.7231 2.4 -20.9598
      vertex -39.1485 2.4 -21.0488
    endloop
  endfacet
  facet normal 0 -1 0
    outer loop
      vertex -22.6988 2.4 -21.9595
      vertex -22.7231 2.4 -20.9598
      vertex -22.7785 2.4 -21.9583
    endloop
  endfacet
  facet normal 0 -1 0
    outer loop
      vertex -21.3383 2.4 -20.7059
      vertex -21.0051 2.4 -21.6488
      vertex -20.9321 2.4 -21.6197
    endloop
  endfacet
  facet normal -0 -1 0
    outer loop
      vertex -22.2208 2.4 -21.9479
      vertex -22.7231 2.4 -20.9598
      vertex -22.6988 2.4 -21.9595
    endloop
  endfacet
  facet normal 0 -1 0
    outer loop
      vertex -21.7821 2.4 -20.8627
      vertex -21.4489 2.4 -21.8056
      vertex -21.0051 2.4 -21.6488
    endloop
  endfacet
  facet normal 0 -1 0
    outer loop
      vertex -21.7821 2.4 -20.8627
      vertex -21.6005 2.4 -21.8461
      vertex -21.4489 2.4 -21.8056
    endloop
  endfacet
  facet normal 0 -1 0
    outer loop
      vertex -22.245 2.4 -20.9482
      vertex -22.0635 2.4 -21.9316
      vertex -21.6005 2.4 -21.8461
    endloop
  endfacet
  facet normal 0 -1 0
    outer loop
      vertex -22.245 2.4 -20.9482
      vertex -22.2208 2.4 -21.9479
      vertex -22.0635 2.4 -21.9316
    endloop
  endfacet
  facet normal -0.233409 0 -0.972379
    outer loop
      vertex -11.2973 0 6.93542
      vertex -10.8395 2.4 6.82553
      vertex -10.8395 0 6.82553
    endloop
  endfacet
  facet normal -0.233409 0 -0.972379
    outer loop
      vertex -10.8395 2.4 6.82553
      vertex -11.2973 0 6.93542
      vertex -11.2973 2.4 6.93542
    endloop
  endfacet
  facet normal 0.948157 0 -0.317801
    outer loop
      vertex -51.3666 0 4.49185
      vertex -51.5162 2.4 4.04552
      vertex -51.3666 2.4 4.49185
    endloop
  endfacet
  facet normal 0.948157 0 -0.317801
    outer loop
      vertex -51.5162 2.4 4.04552
      vertex -51.3666 0 4.49185
      vertex -51.5162 0 4.04552
    endloop
  endfacet
  facet normal 0.959951 0 -0.280166
    outer loop
      vertex -51.5162 0 4.04552
      vertex -51.5382 2.4 3.97014
      vertex -51.5162 2.4 4.04552
    endloop
  endfacet
  facet normal 0.959951 0 -0.280166
    outer loop
      vertex -51.5382 2.4 3.97014
      vertex -51.5162 0 4.04552
      vertex -51.5382 0 3.97014
    endloop
  endfacet
  facet normal 0.86044 -0 0.509552
    outer loop
      vertex -49.0042 0 -13.993
      vertex -48.7643 2.4 -14.3981
      vertex -49.0042 2.4 -13.993
    endloop
  endfacet
  facet normal 0.86044 0 0.509552
    outer loop
      vertex -48.7643 2.4 -14.3981
      vertex -49.0042 0 -13.993
      vertex -48.7643 0 -14.3981
    endloop
  endfacet
  facet normal -0.382599 -0.923914 0
    outer loop
      vertex 68.3399 2.64616 6
      vertex 68.4994 2.58011 6.8
      vertex 68.3399 2.64616 6.8
    endloop
  endfacet
  facet normal -0.382599 -0.923914 -0
    outer loop
      vertex 68.4994 2.58011 6.8
      vertex 68.3399 2.64616 6
      vertex 68.4994 2.58011 6
    endloop
  endfacet
  facet normal -0.76041 0.649443 0
    outer loop
      vertex 68.7778 0.822182 6
      vertex 68.8899 0.953436 14
      vertex 68.8899 0.953436 6
    endloop
  endfacet
  facet normal -0.76041 0.649443 0
    outer loop
      vertex 68.8899 0.953436 14
      vertex 68.7778 0.822182 6
      vertex 68.7778 0.822182 14
    endloop
  endfacet
  facet normal 0.382619 0.923906 -0
    outer loop
      vertex 67.6601 0.553838 6
      vertex 67.5006 0.619892 14
      vertex 67.6601 0.553838 14
    endloop
  endfacet
  facet normal 0.382619 0.923906 0
    outer loop
      vertex 67.5006 0.619892 14
      vertex 67.6601 0.553838 6
      vertex 67.5006 0.619892 6
    endloop
  endfacet
  facet normal 0.522434 0.85268 -0
    outer loop
      vertex 67.5006 0.619892 6
      vertex 67.3534 0.710081 14
      vertex 67.5006 0.619892 14
    endloop
  endfacet
  facet normal 0.522434 0.85268 0
    outer loop
      vertex 67.3534 0.710081 14
      vertex 67.5006 0.619892 6
      vertex 67.3534 0.710081 6
    endloop
  endfacet
  facet normal 0.0784328 -0.996919 0
    outer loop
      vertex 67.8279 2.68646 6
      vertex 68 2.7 6.8
      vertex 67.8279 2.68646 6.8
    endloop
  endfacet
  facet normal 0.0784328 -0.996919 0
    outer loop
      vertex 68 2.7 6.8
      vertex 67.8279 2.68646 6
      vertex 68 2.7 6
    endloop
  endfacet
  facet normal -0.923777 -0.382932 0
    outer loop
      vertex 68.9801 2.09939 6
      vertex 69.0213 2 6.8
      vertex 68.9801 2.09939 6.8
    endloop
  endfacet
  facet normal -0.923787 -0.382908 3.51192e-06
    outer loop
      vertex 69.0462 1.93992 6
      vertex 69.0213 2 6.8
      vertex 68.9801 2.09939 6
    endloop
  endfacet
  facet normal -0.923803 -0.382868 -0
    outer loop
      vertex 69.0462 1.93992 14
      vertex 69.0213 2 6.8
      vertex 69.0462 1.93992 6
    endloop
  endfacet
  facet normal -0.923803 -0.382868 0
    outer loop
      vertex 69.0213 2 6.8
      vertex 69.0462 1.93992 14
      vertex 69.0213 2 14
    endloop
  endfacet
  facet normal 0.996937 -0.0782116 0
    outer loop
      vertex 66.9 1.6 14
      vertex 66.9135 1.77208 6
      vertex 66.9135 1.77208 14
    endloop
  endfacet
  facet normal 0.996937 -0.0782116 0
    outer loop
      vertex 66.9135 1.77208 6
      vertex 66.9 1.6 14
      vertex 66.9 1.6 6
    endloop
  endfacet
  facet normal 0.649601 0.760275 -0
    outer loop
      vertex 67.3534 0.710081 6
      vertex 67.2222 0.822182 14
      vertex 67.3534 0.710081 14
    endloop
  endfacet
  facet normal 0.649601 0.760275 0
    outer loop
      vertex 67.2222 0.822182 14
      vertex 67.3534 0.710081 6
      vertex 67.2222 0.822182 6
    endloop
  endfacet
  facet normal -0.996937 -0.0782116 0
    outer loop
      vertex 69.1 1.6 6
      vertex 69.0865 1.77208 14
      vertex 69.0865 1.77208 6
    endloop
  endfacet
  facet normal -0.996937 -0.0782116 0
    outer loop
      vertex 69.0865 1.77208 14
      vertex 69.1 1.6 6
      vertex 69.1 1.6 14
    endloop
  endfacet
  facet normal -0.649598 -0.760278 0
    outer loop
      vertex 68.6466 2.48992 6
      vertex 68.7778 2.37782 6.8
      vertex 68.6466 2.48992 6.8
    endloop
  endfacet
  facet normal -0.649598 -0.760278 -0
    outer loop
      vertex 68.7778 2.37782 6.8
      vertex 68.6466 2.48992 6
      vertex 68.7778 2.37782 6
    endloop
  endfacet
  facet normal 0.972363 -0.233474 0
    outer loop
      vertex 66.9135 1.77208 14
      vertex 66.9538 1.93992 6
      vertex 66.9538 1.93992 14
    endloop
  endfacet
  facet normal 0.972363 -0.233474 0
    outer loop
      vertex 66.9538 1.93992 6
      vertex 66.9135 1.77208 14
      vertex 66.9135 1.77208 6
    endloop
  endfacet
  facet normal -0.382619 0.923906 0
    outer loop
      vertex 68.4994 0.619892 6
      vertex 68.3399 0.553838 14
      vertex 68.4994 0.619892 14
    endloop
  endfacet
  facet normal -0.382619 0.923906 0
    outer loop
      vertex 68.3399 0.553838 14
      vertex 68.4994 0.619892 6
      vertex 68.3399 0.553838 6
    endloop
  endfacet
  facet normal -0.972363 -0.233474 0
    outer loop
      vertex 69.0865 1.77208 6
      vertex 69.0462 1.93992 14
      vertex 69.0462 1.93992 6
    endloop
  endfacet
  facet normal -0.972363 -0.233474 0
    outer loop
      vertex 69.0462 1.93992 14
      vertex 69.0865 1.77208 6
      vertex 69.0865 1.77208 14
    endloop
  endfacet
  facet normal 0.233526 -0.97235 0
    outer loop
      vertex 67.6601 2.64616 6
      vertex 67.8279 2.68646 6.8
      vertex 67.6601 2.64616 6.8
    endloop
  endfacet
  facet normal 0.233526 -0.97235 0
    outer loop
      vertex 67.8279 2.68646 6.8
      vertex 67.6601 2.64616 6
      vertex 67.8279 2.68646 6
    endloop
  endfacet
  facet normal 0.852604 -0.522558 0
    outer loop
      vertex 67.0199 2.09939 6.8
      vertex 67.1101 2.24656 6
      vertex 67.1101 2.24656 6.8
    endloop
  endfacet
  facet normal 0.852604 -0.522558 0
    outer loop
      vertex 67.1101 2.24656 6
      vertex 67.0199 2.09939 6.8
      vertex 67.0199 2.09939 6
    endloop
  endfacet
  facet normal 0.76041 0.649443 0
    outer loop
      vertex 67.2222 0.822182 14
      vertex 67.1101 0.953436 6
      vertex 67.1101 0.953436 14
    endloop
  endfacet
  facet normal 0.76041 0.649443 0
    outer loop
      vertex 67.1101 0.953436 6
      vertex 67.2222 0.822182 14
      vertex 67.2222 0.822182 6
    endloop
  endfacet
  facet normal 0.522438 -0.852677 0
    outer loop
      vertex 67.3534 2.48992 6
      vertex 67.5006 2.58011 6.8
      vertex 67.3534 2.48992 6.8
    endloop
  endfacet
  facet normal 0.522438 -0.852677 0
    outer loop
      vertex 67.5006 2.58011 6.8
      vertex 67.3534 2.48992 6
      vertex 67.5006 2.58011 6
    endloop
  endfacet
  facet normal 0.649598 -0.760278 0
    outer loop
      vertex 67.2222 2.37782 6
      vertex 67.3534 2.48992 6.8
      vertex 67.2222 2.37782 6.8
    endloop
  endfacet
  facet normal 0.649598 -0.760278 0
    outer loop
      vertex 67.3534 2.48992 6.8
      vertex 67.2222 2.37782 6
      vertex 67.3534 2.48992 6
    endloop
  endfacet
  facet normal -0.522434 0.85268 0
    outer loop
      vertex 68.6466 0.710081 6
      vertex 68.4994 0.619892 14
      vertex 68.6466 0.710081 14
    endloop
  endfacet
  facet normal -0.522434 0.85268 0
    outer loop
      vertex 68.4994 0.619892 14
      vertex 68.6466 0.710081 6
      vertex 68.4994 0.619892 6
    endloop
  endfacet
  facet normal -0.760425 -0.649426 0
    outer loop
      vertex 68.8899 2.24656 6
      vertex 68.7778 2.37782 6.8
      vertex 68.7778 2.37782 6
    endloop
  endfacet
  facet normal -0.760425 -0.649426 0
    outer loop
      vertex 68.7778 2.37782 6.8
      vertex 68.8899 2.24656 6
      vertex 68.8899 2.24656 6.8
    endloop
  endfacet
  facet normal 0.996937 0.0782116 0
    outer loop
      vertex 66.9135 1.42792 14
      vertex 66.9 1.6 6
      vertex 66.9 1.6 14
    endloop
  endfacet
  facet normal 0.996937 0.0782116 0
    outer loop
      vertex 66.9 1.6 6
      vertex 66.9135 1.42792 14
      vertex 66.9135 1.42792 6
    endloop
  endfacet
  facet normal -0.85261 0.522548 0
    outer loop
      vertex 68.8899 0.953436 6
      vertex 68.9801 1.10061 14
      vertex 68.9801 1.10061 6
    endloop
  endfacet
  facet normal -0.85261 0.522548 0
    outer loop
      vertex 68.9801 1.10061 14
      vertex 68.8899 0.953436 6
      vertex 68.8899 0.953436 14
    endloop
  endfacet
  facet normal -0.649601 0.760275 0
    outer loop
      vertex 68.7778 0.822182 6
      vertex 68.6466 0.710081 14
      vertex 68.7778 0.822182 14
    endloop
  endfacet
  facet normal -0.649601 0.760275 0
    outer loop
      vertex 68.6466 0.710081 14
      vertex 68.7778 0.822182 6
      vertex 68.6466 0.710081 6
    endloop
  endfacet
  facet normal -0.852604 -0.522558 0
    outer loop
      vertex 68.9801 2.09939 6
      vertex 68.8899 2.24656 6.8
      vertex 68.8899 2.24656 6
    endloop
  endfacet
  facet normal -0.852604 -0.522558 0
    outer loop
      vertex 68.8899 2.24656 6.8
      vertex 68.9801 2.09939 6
      vertex 68.9801 2.09939 6.8
    endloop
  endfacet
  facet normal 0.382599 -0.923914 0
    outer loop
      vertex 67.5006 2.58011 6
      vertex 67.6601 2.64616 6.8
      vertex 67.5006 2.58011 6.8
    endloop
  endfacet
  facet normal 0.382599 -0.923914 0
    outer loop
      vertex 67.6601 2.64616 6.8
      vertex 67.5006 2.58011 6
      vertex 67.6601 2.64616 6
    endloop
  endfacet
  facet normal -0.996937 0.0782116 0
    outer loop
      vertex 69.0865 1.42792 6
      vertex 69.1 1.6 14
      vertex 69.1 1.6 6
    endloop
  endfacet
  facet normal -0.996937 0.0782116 0
    outer loop
      vertex 69.1 1.6 14
      vertex 69.0865 1.42792 6
      vertex 69.0865 1.42792 14
    endloop
  endfacet
  facet normal -0.522438 -0.852677 0
    outer loop
      vertex 68.4994 2.58011 6
      vertex 68.6466 2.48992 6.8
      vertex 68.4994 2.58011 6.8
    endloop
  endfacet
  facet normal -0.522438 -0.852677 -0
    outer loop
      vertex 68.6466 2.48992 6.8
      vertex 68.4994 2.58011 6
      vertex 68.6466 2.48992 6
    endloop
  endfacet
  facet normal -0.972363 0.233474 0
    outer loop
      vertex 69.0462 1.26008 6
      vertex 69.0865 1.42792 14
      vertex 69.0865 1.42792 6
    endloop
  endfacet
  facet normal -0.972363 0.233474 0
    outer loop
      vertex 69.0865 1.42792 14
      vertex 69.0462 1.26008 6
      vertex 69.0462 1.26008 14
    endloop
  endfacet
  facet normal -0.0784328 -0.996919 0
    outer loop
      vertex 68 2.7 6
      vertex 68.1721 2.68646 6.8
      vertex 68 2.7 6.8
    endloop
  endfacet
  facet normal -0.0784328 -0.996919 -0
    outer loop
      vertex 68.1721 2.68646 6.8
      vertex 68 2.7 6
      vertex 68.1721 2.68646 6
    endloop
  endfacet
  facet normal -0.233504 0.972356 0
    outer loop
      vertex 68.3399 0.553838 6
      vertex 68.1721 0.513542 14
      vertex 68.3399 0.553838 14
    endloop
  endfacet
  facet normal -0.233504 0.972356 0
    outer loop
      vertex 68.1721 0.513542 14
      vertex 68.3399 0.553838 6
      vertex 68.1721 0.513542 6
    endloop
  endfacet
  facet normal 0.972363 0.233474 0
    outer loop
      vertex 66.9538 1.26008 14
      vertex 66.9135 1.42792 6
      vertex 66.9135 1.42792 14
    endloop
  endfacet
  facet normal 0.972363 0.233474 0
    outer loop
      vertex 66.9135 1.42792 6
      vertex 66.9538 1.26008 14
      vertex 66.9538 1.26008 6
    endloop
  endfacet
  facet normal -0.233526 -0.97235 0
    outer loop
      vertex 68.1721 2.68646 6
      vertex 68.3399 2.64616 6.8
      vertex 68.1721 2.68646 6.8
    endloop
  endfacet
  facet normal -0.233526 -0.97235 -0
    outer loop
      vertex 68.3399 2.64616 6.8
      vertex 68.1721 2.68646 6
      vertex 68.3399 2.64616 6
    endloop
  endfacet
  facet normal 0.233504 0.972356 -0
    outer loop
      vertex 67.8279 0.513542 6
      vertex 67.6601 0.553838 14
      vertex 67.8279 0.513542 14
    endloop
  endfacet
  facet normal 0.233504 0.972356 0
    outer loop
      vertex 67.6601 0.553838 14
      vertex 67.8279 0.513542 6
      vertex 67.6601 0.553838 6
    endloop
  endfacet
  facet normal 0.760425 -0.649426 0
    outer loop
      vertex 67.1101 2.24656 6.8
      vertex 67.2222 2.37782 6
      vertex 67.2222 2.37782 6.8
    endloop
  endfacet
  facet normal 0.760425 -0.649426 0
    outer loop
      vertex 67.2222 2.37782 6
      vertex 67.1101 2.24656 6.8
      vertex 67.1101 2.24656 6
    endloop
  endfacet
  facet normal 0.85261 0.522548 0
    outer loop
      vertex 67.1101 0.953436 14
      vertex 67.0199 1.10061 6
      vertex 67.0199 1.10061 14
    endloop
  endfacet
  facet normal 0.85261 0.522548 0
    outer loop
      vertex 67.0199 1.10061 6
      vertex 67.1101 0.953436 14
      vertex 67.1101 0.953436 6
    endloop
  endfacet
  facet normal 0.0784443 0.996918 -0
    outer loop
      vertex 68 0.5 6
      vertex 67.8279 0.513542 14
      vertex 68 0.5 14
    endloop
  endfacet
  facet normal 0.0784443 0.996918 0
    outer loop
      vertex 67.8279 0.513542 14
      vertex 68 0.5 6
      vertex 67.8279 0.513542 6
    endloop
  endfacet
  facet normal 0.923787 0.382908 0
    outer loop
      vertex 67.0199 1.10061 14
      vertex 66.9538 1.26008 6
      vertex 66.9538 1.26008 14
    endloop
  endfacet
  facet normal 0.923787 0.382908 0
    outer loop
      vertex 66.9538 1.26008 6
      vertex 67.0199 1.10061 14
      vertex 67.0199 1.10061 6
    endloop
  endfacet
  facet normal -0.0784443 0.996918 0
    outer loop
      vertex 68.1721 0.513542 6
      vertex 68 0.5 14
      vertex 68.1721 0.513542 14
    endloop
  endfacet
  facet normal -0.0784443 0.996918 0
    outer loop
      vertex 68 0.5 14
      vertex 68.1721 0.513542 6
      vertex 68 0.5 6
    endloop
  endfacet
  facet normal -0.923787 0.382908 0
    outer loop
      vertex 68.9801 1.10061 6
      vertex 69.0462 1.26008 14
      vertex 69.0462 1.26008 6
    endloop
  endfacet
  facet normal -0.923787 0.382908 0
    outer loop
      vertex 69.0462 1.26008 14
      vertex 68.9801 1.10061 6
      vertex 68.9801 1.10061 14
    endloop
  endfacet
  facet normal 0 0 -1
    outer loop
      vertex 69.0865 1.42792 14
      vertex 69.0865 1.77208 14
      vertex 69.1 1.6 14
    endloop
  endfacet
  facet normal 0 0 -1
    outer loop
      vertex 69.0462 1.26008 14
      vertex 69.0865 1.77208 14
      vertex 69.0865 1.42792 14
    endloop
  endfacet
  facet normal 0 0 -1
    outer loop
      vertex 69.0213 2 14
      vertex 69.0865 1.77208 14
      vertex 69.0462 1.26008 14
    endloop
  endfacet
  facet normal 0 0 -1
    outer loop
      vertex 69.0865 1.77208 14
      vertex 69.0213 2 14
      vertex 69.0462 1.93992 14
    endloop
  endfacet
  facet normal 0 0 -1
    outer loop
      vertex 68.9801 1.10061 14
      vertex 69.0213 2 14
      vertex 69.0462 1.26008 14
    endloop
  endfacet
  facet normal 0 0 -1
    outer loop
      vertex 68.8899 0.953436 14
      vertex 69.0213 2 14
      vertex 68.9801 1.10061 14
    endloop
  endfacet
  facet normal 0 0 -1
    outer loop
      vertex 68.7778 0.822182 14
      vertex 69.0213 2 14
      vertex 68.8899 0.953436 14
    endloop
  endfacet
  facet normal 0 0 -1
    outer loop
      vertex 68.6466 0.710081 14
      vertex 69.0213 2 14
      vertex 68.7778 0.822182 14
    endloop
  endfacet
  facet normal 0 0 -1
    outer loop
      vertex 68.4994 0.619892 14
      vertex 69.0213 2 14
      vertex 68.6466 0.710081 14
    endloop
  endfacet
  facet normal 0 0 -1
    outer loop
      vertex 68.3399 0.553838 14
      vertex 69.0213 2 14
      vertex 68.4994 0.619892 14
    endloop
  endfacet
  facet normal 0 0 -1
    outer loop
      vertex 68.1721 0.513542 14
      vertex 69.0213 2 14
      vertex 68.3399 0.553838 14
    endloop
  endfacet
  facet normal 0 0 -1
    outer loop
      vertex 68 0.5 14
      vertex 69.0213 2 14
      vertex 68.1721 0.513542 14
    endloop
  endfacet
  facet normal 0 0 -1
    outer loop
      vertex 67.8279 0.513542 14
      vertex 69.0213 2 14
      vertex 68 0.5 14
    endloop
  endfacet
  facet normal 0 0 -1
    outer loop
      vertex 67.6601 0.553838 14
      vertex 69.0213 2 14
      vertex 67.8279 0.513542 14
    endloop
  endfacet
  facet normal 0 0 -1
    outer loop
      vertex 67.5006 0.619892 14
      vertex 69.0213 2 14
      vertex 67.6601 0.553838 14
    endloop
  endfacet
  facet normal 0 0 -1
    outer loop
      vertex 67.3534 0.710081 14
      vertex 69.0213 2 14
      vertex 67.5006 0.619892 14
    endloop
  endfacet
  facet normal 0 0 -1
    outer loop
      vertex 67.2222 0.822182 14
      vertex 69.0213 2 14
      vertex 67.3534 0.710081 14
    endloop
  endfacet
  facet normal 0 0 -1
    outer loop
      vertex 67.1101 0.953436 14
      vertex 69.0213 2 14
      vertex 67.2222 0.822182 14
    endloop
  endfacet
  facet normal 0 0 -1
    outer loop
      vertex 67.0199 1.10061 14
      vertex 69.0213 2 14
      vertex 67.1101 0.953436 14
    endloop
  endfacet
  facet normal 0 0 -1
    outer loop
      vertex 67.0199 1.10061 14
      vertex 66.9787 2 14
      vertex 69.0213 2 14
    endloop
  endfacet
  facet normal 0 0 -1
    outer loop
      vertex 66.9538 1.26008 14
      vertex 66.9787 2 14
      vertex 67.0199 1.10061 14
    endloop
  endfacet
  facet normal 0 0 -1
    outer loop
      vertex 66.9135 1.42792 14
      vertex 66.9787 2 14
      vertex 66.9538 1.26008 14
    endloop
  endfacet
  facet normal 0 0 -1
    outer loop
      vertex 66.9135 1.77208 14
      vertex 66.9787 2 14
      vertex 66.9135 1.42792 14
    endloop
  endfacet
  facet normal 0 0 -1
    outer loop
      vertex 66.9787 2 14
      vertex 66.9135 1.77208 14
      vertex 66.9538 1.93992 14
    endloop
  endfacet
  facet normal 0 -0 -1
    outer loop
      vertex 66.9135 1.77208 14
      vertex 66.9135 1.42792 14
      vertex 66.9 1.6 14
    endloop
  endfacet
  facet normal 0.923803 -0.382868 0
    outer loop
      vertex 66.9787 2 14
      vertex 66.9538 1.93992 14
      vertex 66.9787 2 6.8
    endloop
  endfacet
  facet normal 0.923777 -0.382932 0
    outer loop
      vertex 66.9787 2 6.8
      vertex 67.0199 2.09939 6
      vertex 67.0199 2.09939 6.8
    endloop
  endfacet
  facet normal 0.923787 -0.382908 3.51192e-06
    outer loop
      vertex 66.9787 2 6.8
      vertex 66.9538 1.93992 6
      vertex 67.0199 2.09939 6
    endloop
  endfacet
  facet normal 0.923803 -0.382868 0
    outer loop
      vertex 66.9538 1.93992 6
      vertex 66.9787 2 6.8
      vertex 66.9538 1.93992 14
    endloop
  endfacet
  facet normal -0.760278 0.649598 0
    outer loop
      vertex 68.7778 23.6222 6
      vertex 68.8899 23.7534 6.8
      vertex 68.8899 23.7534 6
    endloop
  endfacet
  facet normal -0.760278 0.649598 0
    outer loop
      vertex 68.8899 23.7534 6.8
      vertex 68.7778 23.6222 6
      vertex 68.7778 23.6222 6.8
    endloop
  endfacet
  facet normal -0.97235 -0.233526 0
    outer loop
      vertex 69.0865 24.5721 6
      vertex 69.0462 24.7399 14
      vertex 69.0462 24.7399 6
    endloop
  endfacet
  facet normal -0.97235 -0.233526 0
    outer loop
      vertex 69.0462 24.7399 14
      vertex 69.0865 24.5721 6
      vertex 69.0865 24.5721 14
    endloop
  endfacet
  facet normal 0.522481 0.852651 -0
    outer loop
      vertex 67.5006 23.4199 6
      vertex 67.3534 23.5101 6.8
      vertex 67.5006 23.4199 6.8
    endloop
  endfacet
  facet normal 0.522481 0.852651 0
    outer loop
      vertex 67.3534 23.5101 6.8
      vertex 67.5006 23.4199 6
      vertex 67.3534 23.5101 6
    endloop
  endfacet
  facet normal -0.0782025 -0.996937 0
    outer loop
      vertex 68 25.5 6
      vertex 68.1721 25.4865 14
      vertex 68 25.5 14
    endloop
  endfacet
  facet normal -0.0782025 -0.996937 -0
    outer loop
      vertex 68.1721 25.4865 14
      vertex 68 25.5 6
      vertex 68.1721 25.4865 6
    endloop
  endfacet
  facet normal 0.649598 -0.760278 0
    outer loop
      vertex 67.2222 25.1778 6
      vertex 67.3534 25.2899 14
      vertex 67.2222 25.1778 14
    endloop
  endfacet
  facet normal 0.649598 -0.760278 0
    outer loop
      vertex 67.3534 25.2899 14
      vertex 67.2222 25.1778 6
      vertex 67.3534 25.2899 6
    endloop
  endfacet
  facet normal -0.852651 0.522481 0
    outer loop
      vertex 68.8899 23.7534 6
      vertex 68.9801 23.9006 6.8
      vertex 68.9801 23.9006 6
    endloop
  endfacet
  facet normal -0.852651 0.522481 0
    outer loop
      vertex 68.9801 23.9006 6.8
      vertex 68.8899 23.7534 6
      vertex 68.8899 23.7534 6.8
    endloop
  endfacet
  facet normal 0.233526 0.97235 -0
    outer loop
      vertex 67.8279 23.3135 6
      vertex 67.6601 23.3538 6.8
      vertex 67.8279 23.3135 6.8
    endloop
  endfacet
  facet normal 0.233526 0.97235 0
    outer loop
      vertex 67.6601 23.3538 6.8
      vertex 67.8279 23.3135 6
      vertex 67.6601 23.3538 6
    endloop
  endfacet
  facet normal 0.0782025 -0.996937 0
    outer loop
      vertex 67.8279 25.4865 6
      vertex 68 25.5 14
      vertex 67.8279 25.4865 14
    endloop
  endfacet
  facet normal 0.0782025 -0.996937 0
    outer loop
      vertex 68 25.5 14
      vertex 67.8279 25.4865 6
      vertex 68 25.5 6
    endloop
  endfacet
  facet normal -0.233526 -0.97235 0
    outer loop
      vertex 68.1721 25.4865 6
      vertex 68.3399 25.4462 14
      vertex 68.1721 25.4865 14
    endloop
  endfacet
  facet normal -0.233526 -0.97235 -0
    outer loop
      vertex 68.3399 25.4462 14
      vertex 68.1721 25.4865 6
      vertex 68.3399 25.4462 6
    endloop
  endfacet
  facet normal -0.996937 -0.0782025 0
    outer loop
      vertex 69.1 24.4 6
      vertex 69.0865 24.5721 14
      vertex 69.0865 24.5721 6
    endloop
  endfacet
  facet normal -0.996937 -0.0782025 0
    outer loop
      vertex 69.0865 24.5721 14
      vertex 69.1 24.4 6
      vertex 69.1 24.4 14
    endloop
  endfacet
  facet normal -0.0782025 0.996937 0
    outer loop
      vertex 68.1721 23.3135 6
      vertex 68 23.3 6.8
      vertex 68.1721 23.3135 6.8
    endloop
  endfacet
  facet normal -0.0782025 0.996937 0
    outer loop
      vertex 68 23.3 6.8
      vertex 68.1721 23.3135 6
      vertex 68 23.3 6
    endloop
  endfacet
  facet normal -0.522481 0.852651 0
    outer loop
      vertex 68.6466 23.5101 6
      vertex 68.4994 23.4199 6.8
      vertex 68.6466 23.5101 6.8
    endloop
  endfacet
  facet normal -0.522481 0.852651 0
    outer loop
      vertex 68.4994 23.4199 6.8
      vertex 68.6466 23.5101 6
      vertex 68.4994 23.4199 6
    endloop
  endfacet
  facet normal 0.923812 -0.382846 0
    outer loop
      vertex 66.9538 24.7399 14
      vertex 67.0199 24.8994 6
      vertex 67.0199 24.8994 14
    endloop
  endfacet
  facet normal 0.923812 -0.382846 0
    outer loop
      vertex 67.0199 24.8994 6
      vertex 66.9538 24.7399 14
      vertex 66.9538 24.7399 6
    endloop
  endfacet
  facet normal 0.852651 0.522481 0
    outer loop
      vertex 67.1101 23.7534 6.8
      vertex 67.0199 23.9006 6
      vertex 67.0199 23.9006 6.8
    endloop
  endfacet
  facet normal 0.852651 0.522481 0
    outer loop
      vertex 67.0199 23.9006 6
      vertex 67.1101 23.7534 6.8
      vertex 67.1101 23.7534 6
    endloop
  endfacet
  facet normal -0.923812 -0.382846 0
    outer loop
      vertex 69.0462 24.7399 6
      vertex 68.9801 24.8994 14
      vertex 68.9801 24.8994 6
    endloop
  endfacet
  facet normal -0.923812 -0.382846 0
    outer loop
      vertex 68.9801 24.8994 14
      vertex 69.0462 24.7399 6
      vertex 69.0462 24.7399 14
    endloop
  endfacet
  facet normal -0.522481 -0.852651 0
    outer loop
      vertex 68.4994 25.3801 6
      vertex 68.6466 25.2899 14
      vertex 68.4994 25.3801 14
    endloop
  endfacet
  facet normal -0.522481 -0.852651 -0
    outer loop
      vertex 68.6466 25.2899 14
      vertex 68.4994 25.3801 6
      vertex 68.6466 25.2899 6
    endloop
  endfacet
  facet normal 0.97235 0.233526 0
    outer loop
      vertex 66.9538 24.0601 14
      vertex 66.9135 24.2279 6
      vertex 66.9135 24.2279 14
    endloop
  endfacet
  facet normal 0.97235 0.233526 0
    outer loop
      vertex 66.9135 24.2279 6
      vertex 66.9538 24.0601 14
      vertex 66.9538 24.0601 6
    endloop
  endfacet
  facet normal -0.923848 0.382759 0
    outer loop
      vertex 69.0462 24.0601 6
      vertex 69.0213 24 6.8
      vertex 69.0462 24.0601 14
    endloop
  endfacet
  facet normal -0.923812 0.382846 7.6743e-06
    outer loop
      vertex 68.9801 23.9006 6
      vertex 69.0213 24 6.8
      vertex 69.0462 24.0601 6
    endloop
  endfacet
  facet normal -0.92379 0.382899 0
    outer loop
      vertex 69.0213 24 6.8
      vertex 68.9801 23.9006 6
      vertex 68.9801 23.9006 6.8
    endloop
  endfacet
  facet normal -0.923848 0.382759 0
    outer loop
      vertex 69.0462 24.0601 14
      vertex 69.0213 24 6.8
      vertex 69.0213 24 14
    endloop
  endfacet
  facet normal -0.996937 0.0782025 0
    outer loop
      vertex 69.0865 24.2279 6
      vertex 69.1 24.4 14
      vertex 69.1 24.4 6
    endloop
  endfacet
  facet normal -0.996937 0.0782025 0
    outer loop
      vertex 69.1 24.4 14
      vertex 69.0865 24.2279 6
      vertex 69.0865 24.2279 14
    endloop
  endfacet
  facet normal -0.760278 -0.649598 0
    outer loop
      vertex 68.8899 25.0466 6
      vertex 68.7778 25.1778 14
      vertex 68.7778 25.1778 6
    endloop
  endfacet
  facet normal -0.760278 -0.649598 0
    outer loop
      vertex 68.7778 25.1778 14
      vertex 68.8899 25.0466 6
      vertex 68.8899 25.0466 14
    endloop
  endfacet
  facet normal -0.382846 -0.923812 0
    outer loop
      vertex 68.3399 25.4462 6
      vertex 68.4994 25.3801 14
      vertex 68.3399 25.4462 14
    endloop
  endfacet
  facet normal -0.382846 -0.923812 -0
    outer loop
      vertex 68.4994 25.3801 14
      vertex 68.3399 25.4462 6
      vertex 68.4994 25.3801 6
    endloop
  endfacet
  facet normal -0.382846 0.923812 0
    outer loop
      vertex 68.4994 23.4199 6
      vertex 68.3399 23.3538 6.8
      vertex 68.4994 23.4199 6.8
    endloop
  endfacet
  facet normal -0.382846 0.923812 0
    outer loop
      vertex 68.3399 23.3538 6.8
      vertex 68.4994 23.4199 6
      vertex 68.3399 23.3538 6
    endloop
  endfacet
  facet normal -0.852651 -0.522481 0
    outer loop
      vertex 68.9801 24.8994 6
      vertex 68.8899 25.0466 14
      vertex 68.8899 25.0466 6
    endloop
  endfacet
  facet normal -0.852651 -0.522481 0
    outer loop
      vertex 68.8899 25.0466 14
      vertex 68.9801 24.8994 6
      vertex 68.9801 24.8994 14
    endloop
  endfacet
  facet normal -0.649598 -0.760278 0
    outer loop
      vertex 68.6466 25.2899 6
      vertex 68.7778 25.1778 14
      vertex 68.6466 25.2899 14
    endloop
  endfacet
  facet normal -0.649598 -0.760278 -0
    outer loop
      vertex 68.7778 25.1778 14
      vertex 68.6466 25.2899 6
      vertex 68.7778 25.1778 6
    endloop
  endfacet
  facet normal 0.382846 -0.923812 0
    outer loop
      vertex 67.5006 25.3801 6
      vertex 67.6601 25.4462 14
      vertex 67.5006 25.3801 14
    endloop
  endfacet
  facet normal 0.382846 -0.923812 0
    outer loop
      vertex 67.6601 25.4462 14
      vertex 67.5006 25.3801 6
      vertex 67.6601 25.4462 6
    endloop
  endfacet
  facet normal 0.97235 -0.233526 0
    outer loop
      vertex 66.9135 24.5721 14
      vertex 66.9538 24.7399 6
      vertex 66.9538 24.7399 14
    endloop
  endfacet
  facet normal 0.97235 -0.233526 0
    outer loop
      vertex 66.9538 24.7399 6
      vertex 66.9135 24.5721 14
      vertex 66.9135 24.5721 6
    endloop
  endfacet
  facet normal 0.852651 -0.522481 0
    outer loop
      vertex 67.0199 24.8994 14
      vertex 67.1101 25.0466 6
      vertex 67.1101 25.0466 14
    endloop
  endfacet
  facet normal 0.852651 -0.522481 0
    outer loop
      vertex 67.1101 25.0466 6
      vertex 67.0199 24.8994 14
      vertex 67.0199 24.8994 6
    endloop
  endfacet
  facet normal 0.996937 -0.0782025 0
    outer loop
      vertex 66.9 24.4 14
      vertex 66.9135 24.5721 6
      vertex 66.9135 24.5721 14
    endloop
  endfacet
  facet normal 0.996937 -0.0782025 0
    outer loop
      vertex 66.9135 24.5721 6
      vertex 66.9 24.4 14
      vertex 66.9 24.4 6
    endloop
  endfacet
  facet normal 0 0 -1
    outer loop
      vertex 69.0865 24.2279 14
      vertex 69.0865 24.5721 14
      vertex 69.1 24.4 14
    endloop
  endfacet
  facet normal 0 0 -1
    outer loop
      vertex 69.0213 24 14
      vertex 69.0865 24.2279 14
      vertex 69.0462 24.0601 14
    endloop
  endfacet
  facet normal -0 0 -1
    outer loop
      vertex 69.0865 24.2279 14
      vertex 69.0213 24 14
      vertex 69.0865 24.5721 14
    endloop
  endfacet
  facet normal -0 0 -1
    outer loop
      vertex 69.0865 24.5721 14
      vertex 69.0213 24 14
      vertex 69.0462 24.7399 14
    endloop
  endfacet
  facet normal 0 0 -1
    outer loop
      vertex 69.0213 24 14
      vertex 68.9801 24.8994 14
      vertex 69.0462 24.7399 14
    endloop
  endfacet
  facet normal 0 0 -1
    outer loop
      vertex 69.0213 24 14
      vertex 68.8899 25.0466 14
      vertex 68.9801 24.8994 14
    endloop
  endfacet
  facet normal 0 0 -1
    outer loop
      vertex 69.0213 24 14
      vertex 68.7778 25.1778 14
      vertex 68.8899 25.0466 14
    endloop
  endfacet
  facet normal 0 0 -1
    outer loop
      vertex 69.0213 24 14
      vertex 68.6466 25.2899 14
      vertex 68.7778 25.1778 14
    endloop
  endfacet
  facet normal 0 0 -1
    outer loop
      vertex 69.0213 24 14
      vertex 68.4994 25.3801 14
      vertex 68.6466 25.2899 14
    endloop
  endfacet
  facet normal 0 0 -1
    outer loop
      vertex 69.0213 24 14
      vertex 68.3399 25.4462 14
      vertex 68.4994 25.3801 14
    endloop
  endfacet
  facet normal 0 0 -1
    outer loop
      vertex 69.0213 24 14
      vertex 68.1721 25.4865 14
      vertex 68.3399 25.4462 14
    endloop
  endfacet
  facet normal 0 0 -1
    outer loop
      vertex 69.0213 24 14
      vertex 68 25.5 14
      vertex 68.1721 25.4865 14
    endloop
  endfacet
  facet normal 0 0 -1
    outer loop
      vertex 69.0213 24 14
      vertex 67.8279 25.4865 14
      vertex 68 25.5 14
    endloop
  endfacet
  facet normal 0 0 -1
    outer loop
      vertex 69.0213 24 14
      vertex 67.6601 25.4462 14
      vertex 67.8279 25.4865 14
    endloop
  endfacet
  facet normal 0 0 -1
    outer loop
      vertex 69.0213 24 14
      vertex 67.5006 25.3801 14
      vertex 67.6601 25.4462 14
    endloop
  endfacet
  facet normal 0 0 -1
    outer loop
      vertex 69.0213 24 14
      vertex 67.3534 25.2899 14
      vertex 67.5006 25.3801 14
    endloop
  endfacet
  facet normal 0 0 -1
    outer loop
      vertex 69.0213 24 14
      vertex 67.2222 25.1778 14
      vertex 67.3534 25.2899 14
    endloop
  endfacet
  facet normal 0 0 -1
    outer loop
      vertex 69.0213 24 14
      vertex 67.1101 25.0466 14
      vertex 67.2222 25.1778 14
    endloop
  endfacet
  facet normal 0 0 -1
    outer loop
      vertex 69.0213 24 14
      vertex 67.0199 24.8994 14
      vertex 67.1101 25.0466 14
    endloop
  endfacet
  facet normal 0 0 -1
    outer loop
      vertex 66.9787 24 14
      vertex 67.0199 24.8994 14
      vertex 69.0213 24 14
    endloop
  endfacet
  facet normal 0 0 -1
    outer loop
      vertex 66.9135 24.2279 14
      vertex 66.9787 24 14
      vertex 66.9538 24.0601 14
    endloop
  endfacet
  facet normal 0 0 -1
    outer loop
      vertex 66.9787 24 14
      vertex 66.9538 24.7399 14
      vertex 67.0199 24.8994 14
    endloop
  endfacet
  facet normal 0 0 -1
    outer loop
      vertex 66.9787 24 14
      vertex 66.9135 24.2279 14
      vertex 66.9538 24.7399 14
    endloop
  endfacet
  facet normal 0 0 -1
    outer loop
      vertex 66.9135 24.2279 14
      vertex 66.9135 24.5721 14
      vertex 66.9538 24.7399 14
    endloop
  endfacet
  facet normal 0 -0 -1
    outer loop
      vertex 66.9135 24.5721 14
      vertex 66.9135 24.2279 14
      vertex 66.9 24.4 14
    endloop
  endfacet
  facet normal 0.522481 -0.852651 0
    outer loop
      vertex 67.3534 25.2899 6
      vertex 67.5006 25.3801 14
      vertex 67.3534 25.2899 14
    endloop
  endfacet
  facet normal 0.522481 -0.852651 0
    outer loop
      vertex 67.5006 25.3801 14
      vertex 67.3534 25.2899 6
      vertex 67.5006 25.3801 6
    endloop
  endfacet
  facet normal -0.233526 0.97235 0
    outer loop
      vertex 68.3399 23.3538 6
      vertex 68.1721 23.3135 6.8
      vertex 68.3399 23.3538 6.8
    endloop
  endfacet
  facet normal -0.233526 0.97235 0
    outer loop
      vertex 68.1721 23.3135 6.8
      vertex 68.3399 23.3538 6
      vertex 68.1721 23.3135 6
    endloop
  endfacet
  facet normal 0.760278 0.649598 0
    outer loop
      vertex 67.2222 23.6222 6.8
      vertex 67.1101 23.7534 6
      vertex 67.1101 23.7534 6.8
    endloop
  endfacet
  facet normal 0.760278 0.649598 0
    outer loop
      vertex 67.1101 23.7534 6
      vertex 67.2222 23.6222 6.8
      vertex 67.2222 23.6222 6
    endloop
  endfacet
  facet normal 0.996937 0.0782025 0
    outer loop
      vertex 66.9135 24.2279 14
      vertex 66.9 24.4 6
      vertex 66.9 24.4 14
    endloop
  endfacet
  facet normal 0.996937 0.0782025 0
    outer loop
      vertex 66.9 24.4 6
      vertex 66.9135 24.2279 14
      vertex 66.9135 24.2279 6
    endloop
  endfacet
  facet normal -0.649598 0.760278 0
    outer loop
      vertex 68.7778 23.6222 6
      vertex 68.6466 23.5101 6.8
      vertex 68.7778 23.6222 6.8
    endloop
  endfacet
  facet normal -0.649598 0.760278 0
    outer loop
      vertex 68.6466 23.5101 6.8
      vertex 68.7778 23.6222 6
      vertex 68.6466 23.5101 6
    endloop
  endfacet
  facet normal 0.649598 0.760278 -0
    outer loop
      vertex 67.3534 23.5101 6
      vertex 67.2222 23.6222 6.8
      vertex 67.3534 23.5101 6.8
    endloop
  endfacet
  facet normal 0.649598 0.760278 0
    outer loop
      vertex 67.2222 23.6222 6.8
      vertex 67.3534 23.5101 6
      vertex 67.2222 23.6222 6
    endloop
  endfacet
  facet normal -0.97235 0.233526 0
    outer loop
      vertex 69.0462 24.0601 6
      vertex 69.0865 24.2279 14
      vertex 69.0865 24.2279 6
    endloop
  endfacet
  facet normal -0.97235 0.233526 0
    outer loop
      vertex 69.0865 24.2279 14
      vertex 69.0462 24.0601 6
      vertex 69.0462 24.0601 14
    endloop
  endfacet
  facet normal 0.233526 -0.97235 0
    outer loop
      vertex 67.6601 25.4462 6
      vertex 67.8279 25.4865 14
      vertex 67.6601 25.4462 14
    endloop
  endfacet
  facet normal 0.233526 -0.97235 0
    outer loop
      vertex 67.8279 25.4865 14
      vertex 67.6601 25.4462 6
      vertex 67.8279 25.4865 6
    endloop
  endfacet
  facet normal 0.923848 0.382759 -0
    outer loop
      vertex 66.9787 24 6.8
      vertex 66.9538 24.0601 14
      vertex 66.9787 24 14
    endloop
  endfacet
  facet normal 0.923848 0.382759 0
    outer loop
      vertex 66.9538 24.0601 14
      vertex 66.9787 24 6.8
      vertex 66.9538 24.0601 6
    endloop
  endfacet
  facet normal 0.92379 0.382899 -0
    outer loop
      vertex 67.0199 23.9006 6
      vertex 66.9787 24 6.8
      vertex 67.0199 23.9006 6.8
    endloop
  endfacet
  facet normal 0.923812 0.382846 7.6743e-06
    outer loop
      vertex 66.9787 24 6.8
      vertex 67.0199 23.9006 6
      vertex 66.9538 24.0601 6
    endloop
  endfacet
  facet normal 0.0782025 0.996937 -0
    outer loop
      vertex 68 23.3 6
      vertex 67.8279 23.3135 6.8
      vertex 68 23.3 6.8
    endloop
  endfacet
  facet normal 0.0782025 0.996937 0
    outer loop
      vertex 67.8279 23.3135 6.8
      vertex 68 23.3 6
      vertex 67.8279 23.3135 6
    endloop
  endfacet
  facet normal 0.382846 0.923812 -0
    outer loop
      vertex 67.6601 23.3538 6
      vertex 67.5006 23.4199 6.8
      vertex 67.6601 23.3538 6.8
    endloop
  endfacet
  facet normal 0.382846 0.923812 0
    outer loop
      vertex 67.5006 23.4199 6.8
      vertex 67.6601 23.3538 6
      vertex 67.5006 23.4199 6
    endloop
  endfacet
  facet normal 0.760278 -0.649598 0
    outer loop
      vertex 67.1101 25.0466 14
      vertex 67.2222 25.1778 6
      vertex 67.2222 25.1778 14
    endloop
  endfacet
  facet normal 0.760278 -0.649598 0
    outer loop
      vertex 67.2222 25.1778 6
      vertex 67.1101 25.0466 14
      vertex 67.1101 25.0466 6
    endloop
  endfacet
  facet normal -0.649598 -0.760278 0
    outer loop
      vertex -68.3534 3.88992 6
      vertex -68.2222 3.77782 14
      vertex -68.3534 3.88992 14
    endloop
  endfacet
  facet normal -0.649598 -0.760278 -0
    outer loop
      vertex -68.2222 3.77782 14
      vertex -68.3534 3.88992 6
      vertex -68.2222 3.77782 6
    endloop
  endfacet
  facet normal 0.760425 -0.649426 0
    outer loop
      vertex -69.8899 3.64656 14
      vertex -69.7778 3.77782 6
      vertex -69.7778 3.77782 14
    endloop
  endfacet
  facet normal 0.760425 -0.649426 0
    outer loop
      vertex -69.7778 3.77782 6
      vertex -69.8899 3.64656 14
      vertex -69.8899 3.64656 6
    endloop
  endfacet
  facet normal 0.996937 -0.0782116 0
    outer loop
      vertex -70.1 3 14
      vertex -70.0865 3.17208 6
      vertex -70.0865 3.17208 14
    endloop
  endfacet
  facet normal 0.996937 -0.0782116 0
    outer loop
      vertex -70.0865 3.17208 6
      vertex -70.1 3 14
      vertex -70.1 3 6
    endloop
  endfacet
  facet normal -0.923787 -0.382908 0
    outer loop
      vertex -67.9538 3.33992 6
      vertex -68.0199 3.49939 14
      vertex -68.0199 3.49939 6
    endloop
  endfacet
  facet normal -0.923787 -0.382908 0
    outer loop
      vertex -68.0199 3.49939 14
      vertex -67.9538 3.33992 6
      vertex -67.9538 3.33992 14
    endloop
  endfacet
  facet normal 0.972363 -0.233474 0
    outer loop
      vertex -70.0865 3.17208 14
      vertex -70.0462 3.33992 6
      vertex -70.0462 3.33992 14
    endloop
  endfacet
  facet normal 0.972363 -0.233474 0
    outer loop
      vertex -70.0462 3.33992 6
      vertex -70.0865 3.17208 14
      vertex -70.0865 3.17208 6
    endloop
  endfacet
  facet normal 0.996937 0.0782116 0
    outer loop
      vertex -70.0865 2.82792 14
      vertex -70.1 3 6
      vertex -70.1 3 14
    endloop
  endfacet
  facet normal 0.996937 0.0782116 0
    outer loop
      vertex -70.1 3 6
      vertex -70.0865 2.82792 14
      vertex -70.0865 2.82792 6
    endloop
  endfacet
  facet normal -0.0784328 -0.996919 0
    outer loop
      vertex -69 4.1 6
      vertex -68.8279 4.08646 14
      vertex -69 4.1 14
    endloop
  endfacet
  facet normal -0.0784328 -0.996919 -0
    outer loop
      vertex -68.8279 4.08646 14
      vertex -69 4.1 6
      vertex -68.8279 4.08646 6
    endloop
  endfacet
  facet normal -0.996937 -0.0782116 0
    outer loop
      vertex -67.9 3 6
      vertex -67.9135 3.17208 14
      vertex -67.9135 3.17208 6
    endloop
  endfacet
  facet normal -0.996937 -0.0782116 0
    outer loop
      vertex -67.9135 3.17208 14
      vertex -67.9 3 6
      vertex -67.9 3 14
    endloop
  endfacet
  facet normal 0.972363 0.233474 0
    outer loop
      vertex -70.0462 2.66008 14
      vertex -70.0865 2.82792 6
      vertex -70.0865 2.82792 14
    endloop
  endfacet
  facet normal 0.972363 0.233474 0
    outer loop
      vertex -70.0865 2.82792 6
      vertex -70.0462 2.66008 14
      vertex -70.0462 2.66008 6
    endloop
  endfacet
  facet normal 0.382599 0.923914 -0
    outer loop
      vertex -69.3399 1.95384 6
      vertex -69.4994 2.01989 14
      vertex -69.3399 1.95384 14
    endloop
  endfacet
  facet normal 0.382599 0.923914 0
    outer loop
      vertex -69.4994 2.01989 14
      vertex -69.3399 1.95384 6
      vertex -69.4994 2.01989 6
    endloop
  endfacet
  facet normal 0.0784328 0.996919 -0
    outer loop
      vertex -69 1.9 6
      vertex -69.1721 1.91354 14
      vertex -69 1.9 14
    endloop
  endfacet
  facet normal 0.0784328 0.996919 0
    outer loop
      vertex -69.1721 1.91354 14
      vertex -69 1.9 6
      vertex -69.1721 1.91354 6
    endloop
  endfacet
  facet normal 0.760425 0.649426 0
    outer loop
      vertex -69.7778 2.22218 14
      vertex -69.8899 2.35344 6
      vertex -69.8899 2.35344 14
    endloop
  endfacet
  facet normal 0.760425 0.649426 0
    outer loop
      vertex -69.8899 2.35344 6
      vertex -69.7778 2.22218 14
      vertex -69.7778 2.22218 6
    endloop
  endfacet
  facet normal -0.649598 0.760278 0
    outer loop
      vertex -68.2222 2.22218 6
      vertex -68.3534 2.11008 14
      vertex -68.2222 2.22218 14
    endloop
  endfacet
  facet normal -0.649598 0.760278 0
    outer loop
      vertex -68.3534 2.11008 14
      vertex -68.2222 2.22218 6
      vertex -68.3534 2.11008 6
    endloop
  endfacet
  facet normal 0.233526 -0.97235 0
    outer loop
      vertex -69.3399 4.04616 6
      vertex -69.1721 4.08646 14
      vertex -69.3399 4.04616 14
    endloop
  endfacet
  facet normal 0.233526 -0.97235 0
    outer loop
      vertex -69.1721 4.08646 14
      vertex -69.3399 4.04616 6
      vertex -69.1721 4.08646 6
    endloop
  endfacet
  facet normal -0.522438 0.852677 0
    outer loop
      vertex -68.3534 2.11008 6
      vertex -68.5006 2.01989 14
      vertex -68.3534 2.11008 14
    endloop
  endfacet
  facet normal -0.522438 0.852677 0
    outer loop
      vertex -68.5006 2.01989 14
      vertex -68.3534 2.11008 6
      vertex -68.5006 2.01989 6
    endloop
  endfacet
  facet normal -0.972363 -0.233474 0
    outer loop
      vertex -67.9135 3.17208 6
      vertex -67.9538 3.33992 14
      vertex -67.9538 3.33992 6
    endloop
  endfacet
  facet normal -0.972363 -0.233474 0
    outer loop
      vertex -67.9538 3.33992 14
      vertex -67.9135 3.17208 6
      vertex -67.9135 3.17208 14
    endloop
  endfacet
  facet normal -0.852604 -0.522558 0
    outer loop
      vertex -68.0199 3.49939 6
      vertex -68.1101 3.64656 14
      vertex -68.1101 3.64656 6
    endloop
  endfacet
  facet normal -0.852604 -0.522558 0
    outer loop
      vertex -68.1101 3.64656 14
      vertex -68.0199 3.49939 6
      vertex -68.0199 3.49939 14
    endloop
  endfacet
  facet normal 0.923787 0.382908 0
    outer loop
      vertex -69.9801 2.50061 14
      vertex -70.0462 2.66008 6
      vertex -70.0462 2.66008 14
    endloop
  endfacet
  facet normal 0.923787 0.382908 0
    outer loop
      vertex -70.0462 2.66008 6
      vertex -69.9801 2.50061 14
      vertex -69.9801 2.50061 6
    endloop
  endfacet
  facet normal -0.382599 -0.923914 0
    outer loop
      vertex -68.6601 4.04616 6
      vertex -68.5006 3.98011 14
      vertex -68.6601 4.04616 14
    endloop
  endfacet
  facet normal -0.382599 -0.923914 -0
    outer loop
      vertex -68.5006 3.98011 14
      vertex -68.6601 4.04616 6
      vertex -68.5006 3.98011 6
    endloop
  endfacet
  facet normal -0.760425 0.649426 0
    outer loop
      vertex -68.2222 2.22218 6
      vertex -68.1101 2.35344 14
      vertex -68.1101 2.35344 6
    endloop
  endfacet
  facet normal -0.760425 0.649426 0
    outer loop
      vertex -68.1101 2.35344 14
      vertex -68.2222 2.22218 6
      vertex -68.2222 2.22218 14
    endloop
  endfacet
  facet normal -0.233526 0.97235 0
    outer loop
      vertex -68.6601 1.95384 6
      vertex -68.8279 1.91354 14
      vertex -68.6601 1.95384 14
    endloop
  endfacet
  facet normal -0.233526 0.97235 0
    outer loop
      vertex -68.8279 1.91354 14
      vertex -68.6601 1.95384 6
      vertex -68.8279 1.91354 6
    endloop
  endfacet
  facet normal 0.649598 0.760278 -0
    outer loop
      vertex -69.6466 2.11008 6
      vertex -69.7778 2.22218 14
      vertex -69.6466 2.11008 14
    endloop
  endfacet
  facet normal 0.649598 0.760278 0
    outer loop
      vertex -69.7778 2.22218 14
      vertex -69.6466 2.11008 6
      vertex -69.7778 2.22218 6
    endloop
  endfacet
  facet normal 0 0 -1
    outer loop
      vertex -67.9135 2.82792 14
      vertex -67.9135 3.17208 14
      vertex -67.9 3 14
    endloop
  endfacet
  facet normal 0 0 -1
    outer loop
      vertex -67.9538 2.66008 14
      vertex -67.9135 3.17208 14
      vertex -67.9135 2.82792 14
    endloop
  endfacet
  facet normal 0 0 -1
    outer loop
      vertex -67.9538 2.66008 14
      vertex -67.9538 3.33992 14
      vertex -67.9135 3.17208 14
    endloop
  endfacet
  facet normal 0 0 -1
    outer loop
      vertex -68.0199 2.50061 14
      vertex -67.9538 3.33992 14
      vertex -67.9538 2.66008 14
    endloop
  endfacet
  facet normal 0 0 -1
    outer loop
      vertex -68.0199 2.50061 14
      vertex -68.0199 3.49939 14
      vertex -67.9538 3.33992 14
    endloop
  endfacet
  facet normal 0 0 -1
    outer loop
      vertex -68.1101 2.35344 14
      vertex -68.0199 3.49939 14
      vertex -68.0199 2.50061 14
    endloop
  endfacet
  facet normal 0 0 -1
    outer loop
      vertex -68.1101 2.35344 14
      vertex -68.1101 3.64656 14
      vertex -68.0199 3.49939 14
    endloop
  endfacet
  facet normal 0 0 -1
    outer loop
      vertex -68.2222 2.22218 14
      vertex -68.1101 3.64656 14
      vertex -68.1101 2.35344 14
    endloop
  endfacet
  facet normal 0 0 -1
    outer loop
      vertex -68.2222 2.22218 14
      vertex -68.2222 3.77782 14
      vertex -68.1101 3.64656 14
    endloop
  endfacet
  facet normal 0 0 -1
    outer loop
      vertex -68.3534 2.11008 14
      vertex -68.2222 3.77782 14
      vertex -68.2222 2.22218 14
    endloop
  endfacet
  facet normal 0 0 -1
    outer loop
      vertex -68.3534 2.11008 14
      vertex -68.3534 3.88992 14
      vertex -68.2222 3.77782 14
    endloop
  endfacet
  facet normal 0 0 -1
    outer loop
      vertex -68.5006 2.01989 14
      vertex -68.3534 3.88992 14
      vertex -68.3534 2.11008 14
    endloop
  endfacet
  facet normal 0 0 -1
    outer loop
      vertex -68.5006 2.01989 14
      vertex -68.5006 3.98011 14
      vertex -68.3534 3.88992 14
    endloop
  endfacet
  facet normal 0 0 -1
    outer loop
      vertex -68.6601 1.95384 14
      vertex -68.5006 3.98011 14
      vertex -68.5006 2.01989 14
    endloop
  endfacet
  facet normal 0 0 -1
    outer loop
      vertex -68.6601 1.95384 14
      vertex -68.6601 4.04616 14
      vertex -68.5006 3.98011 14
    endloop
  endfacet
  facet normal 0 0 -1
    outer loop
      vertex -68.8279 1.91354 14
      vertex -68.6601 4.04616 14
      vertex -68.6601 1.95384 14
    endloop
  endfacet
  facet normal 0 0 -1
    outer loop
      vertex -68.8279 1.91354 14
      vertex -68.8279 4.08646 14
      vertex -68.6601 4.04616 14
    endloop
  endfacet
  facet normal 0 0 -1
    outer loop
      vertex -69 1.9 14
      vertex -68.8279 4.08646 14
      vertex -68.8279 1.91354 14
    endloop
  endfacet
  facet normal 0 0 -1
    outer loop
      vertex -69 1.9 14
      vertex -69 4.1 14
      vertex -68.8279 4.08646 14
    endloop
  endfacet
  facet normal 0 0 -1
    outer loop
      vertex -69.1721 1.91354 14
      vertex -69 4.1 14
      vertex -69 1.9 14
    endloop
  endfacet
  facet normal 0 0 -1
    outer loop
      vertex -69.1721 1.91354 14
      vertex -69.1721 4.08646 14
      vertex -69 4.1 14
    endloop
  endfacet
  facet normal 0 0 -1
    outer loop
      vertex -69.3399 1.95384 14
      vertex -69.1721 4.08646 14
      vertex -69.1721 1.91354 14
    endloop
  endfacet
  facet normal 0 0 -1
    outer loop
      vertex -69.3399 1.95384 14
      vertex -69.3399 4.04616 14
      vertex -69.1721 4.08646 14
    endloop
  endfacet
  facet normal 0 0 -1
    outer loop
      vertex -69.4994 2.01989 14
      vertex -69.3399 4.04616 14
      vertex -69.3399 1.95384 14
    endloop
  endfacet
  facet normal 0 0 -1
    outer loop
      vertex -69.4994 2.01989 14
      vertex -69.4994 3.98011 14
      vertex -69.3399 4.04616 14
    endloop
  endfacet
  facet normal 0 0 -1
    outer loop
      vertex -69.6466 2.11008 14
      vertex -69.4994 3.98011 14
      vertex -69.4994 2.01989 14
    endloop
  endfacet
  facet normal 0 0 -1
    outer loop
      vertex -69.6466 2.11008 14
      vertex -69.6466 3.88992 14
      vertex -69.4994 3.98011 14
    endloop
  endfacet
  facet normal 0 0 -1
    outer loop
      vertex -69.7778 2.22218 14
      vertex -69.6466 3.88992 14
      vertex -69.6466 2.11008 14
    endloop
  endfacet
  facet normal 0 0 -1
    outer loop
      vertex -69.7778 2.22218 14
      vertex -69.7778 3.77782 14
      vertex -69.6466 3.88992 14
    endloop
  endfacet
  facet normal 0 0 -1
    outer loop
      vertex -69.8899 2.35344 14
      vertex -69.7778 3.77782 14
      vertex -69.7778 2.22218 14
    endloop
  endfacet
  facet normal 0 0 -1
    outer loop
      vertex -69.8899 2.35344 14
      vertex -69.8899 3.64656 14
      vertex -69.7778 3.77782 14
    endloop
  endfacet
  facet normal 0 0 -1
    outer loop
      vertex -69.9801 2.50061 14
      vertex -69.8899 3.64656 14
      vertex -69.8899 2.35344 14
    endloop
  endfacet
  facet normal 0 0 -1
    outer loop
      vertex -69.9801 2.50061 14
      vertex -69.9801 3.49939 14
      vertex -69.8899 3.64656 14
    endloop
  endfacet
  facet normal 0 0 -1
    outer loop
      vertex -70.0462 2.66008 14
      vertex -69.9801 3.49939 14
      vertex -69.9801 2.50061 14
    endloop
  endfacet
  facet normal 0 0 -1
    outer loop
      vertex -70.0462 2.66008 14
      vertex -70.0462 3.33992 14
      vertex -69.9801 3.49939 14
    endloop
  endfacet
  facet normal 0 0 -1
    outer loop
      vertex -70.0865 2.82792 14
      vertex -70.0462 3.33992 14
      vertex -70.0462 2.66008 14
    endloop
  endfacet
  facet normal 0 0 -1
    outer loop
      vertex -70.0865 2.82792 14
      vertex -70.0865 3.17208 14
      vertex -70.0462 3.33992 14
    endloop
  endfacet
  facet normal 0 -0 -1
    outer loop
      vertex -70.0865 3.17208 14
      vertex -70.0865 2.82792 14
      vertex -70.1 3 14
    endloop
  endfacet
  facet normal 0.233526 0.97235 -0
    outer loop
      vertex -69.1721 1.91354 6
      vertex -69.3399 1.95384 14
      vertex -69.1721 1.91354 14
    endloop
  endfacet
  facet normal 0.233526 0.97235 0
    outer loop
      vertex -69.3399 1.95384 14
      vertex -69.1721 1.91354 6
      vertex -69.3399 1.95384 6
    endloop
  endfacet
  facet normal -0.760425 -0.649426 0
    outer loop
      vertex -68.1101 3.64656 6
      vertex -68.2222 3.77782 14
      vertex -68.2222 3.77782 6
    endloop
  endfacet
  facet normal -0.760425 -0.649426 0
    outer loop
      vertex -68.2222 3.77782 14
      vertex -68.1101 3.64656 6
      vertex -68.1101 3.64656 14
    endloop
  endfacet
  facet normal -0.522438 -0.852677 0
    outer loop
      vertex -68.5006 3.98011 6
      vertex -68.3534 3.88992 14
      vertex -68.5006 3.98011 14
    endloop
  endfacet
  facet normal -0.522438 -0.852677 -0
    outer loop
      vertex -68.3534 3.88992 14
      vertex -68.5006 3.98011 6
      vertex -68.3534 3.88992 6
    endloop
  endfacet
  facet normal -0.382599 0.923914 0
    outer loop
      vertex -68.5006 2.01989 6
      vertex -68.6601 1.95384 14
      vertex -68.5006 2.01989 14
    endloop
  endfacet
  facet normal -0.382599 0.923914 0
    outer loop
      vertex -68.6601 1.95384 14
      vertex -68.5006 2.01989 6
      vertex -68.6601 1.95384 6
    endloop
  endfacet
  facet normal 0.649598 -0.760278 0
    outer loop
      vertex -69.7778 3.77782 6
      vertex -69.6466 3.88992 14
      vertex -69.7778 3.77782 14
    endloop
  endfacet
  facet normal 0.649598 -0.760278 0
    outer loop
      vertex -69.6466 3.88992 14
      vertex -69.7778 3.77782 6
      vertex -69.6466 3.88992 6
    endloop
  endfacet
  facet normal -0.0784328 0.996919 0
    outer loop
      vertex -68.8279 1.91354 6
      vertex -69 1.9 14
      vertex -68.8279 1.91354 14
    endloop
  endfacet
  facet normal -0.0784328 0.996919 0
    outer loop
      vertex -69 1.9 14
      vertex -68.8279 1.91354 6
      vertex -69 1.9 6
    endloop
  endfacet
  facet normal 0.852604 -0.522558 0
    outer loop
      vertex -69.9801 3.49939 14
      vertex -69.8899 3.64656 6
      vertex -69.8899 3.64656 14
    endloop
  endfacet
  facet normal 0.852604 -0.522558 0
    outer loop
      vertex -69.8899 3.64656 6
      vertex -69.9801 3.49939 14
      vertex -69.9801 3.49939 6
    endloop
  endfacet
  facet normal -0.996937 0.0782116 0
    outer loop
      vertex -67.9135 2.82792 6
      vertex -67.9 3 14
      vertex -67.9 3 6
    endloop
  endfacet
  facet normal -0.996937 0.0782116 0
    outer loop
      vertex -67.9 3 14
      vertex -67.9135 2.82792 6
      vertex -67.9135 2.82792 14
    endloop
  endfacet
  facet normal -0.852604 0.522558 0
    outer loop
      vertex -68.1101 2.35344 6
      vertex -68.0199 2.50061 14
      vertex -68.0199 2.50061 6
    endloop
  endfacet
  facet normal -0.852604 0.522558 0
    outer loop
      vertex -68.0199 2.50061 14
      vertex -68.1101 2.35344 6
      vertex -68.1101 2.35344 14
    endloop
  endfacet
  facet normal 0.0784328 -0.996919 0
    outer loop
      vertex -69.1721 4.08646 6
      vertex -69 4.1 14
      vertex -69.1721 4.08646 14
    endloop
  endfacet
  facet normal 0.0784328 -0.996919 0
    outer loop
      vertex -69 4.1 14
      vertex -69.1721 4.08646 6
      vertex -69 4.1 6
    endloop
  endfacet
  facet normal -0.972363 0.233474 0
    outer loop
      vertex -67.9538 2.66008 6
      vertex -67.9135 2.82792 14
      vertex -67.9135 2.82792 6
    endloop
  endfacet
  facet normal -0.972363 0.233474 0
    outer loop
      vertex -67.9135 2.82792 14
      vertex -67.9538 2.66008 6
      vertex -67.9538 2.66008 14
    endloop
  endfacet
  facet normal -0.923787 0.382908 0
    outer loop
      vertex -68.0199 2.50061 6
      vertex -67.9538 2.66008 14
      vertex -67.9538 2.66008 6
    endloop
  endfacet
  facet normal -0.923787 0.382908 0
    outer loop
      vertex -67.9538 2.66008 14
      vertex -68.0199 2.50061 6
      vertex -68.0199 2.50061 14
    endloop
  endfacet
  facet normal 0.852604 0.522558 0
    outer loop
      vertex -69.8899 2.35344 14
      vertex -69.9801 2.50061 6
      vertex -69.9801 2.50061 14
    endloop
  endfacet
  facet normal 0.852604 0.522558 0
    outer loop
      vertex -69.9801 2.50061 6
      vertex -69.8899 2.35344 14
      vertex -69.8899 2.35344 6
    endloop
  endfacet
  facet normal 0.382599 -0.923914 0
    outer loop
      vertex -69.4994 3.98011 6
      vertex -69.3399 4.04616 14
      vertex -69.4994 3.98011 14
    endloop
  endfacet
  facet normal 0.382599 -0.923914 0
    outer loop
      vertex -69.3399 4.04616 14
      vertex -69.4994 3.98011 6
      vertex -69.3399 4.04616 6
    endloop
  endfacet
  facet normal 0.522438 0.852677 -0
    outer loop
      vertex -69.4994 2.01989 6
      vertex -69.6466 2.11008 14
      vertex -69.4994 2.01989 14
    endloop
  endfacet
  facet normal 0.522438 0.852677 0
    outer loop
      vertex -69.6466 2.11008 14
      vertex -69.4994 2.01989 6
      vertex -69.6466 2.11008 6
    endloop
  endfacet
  facet normal 0.522438 -0.852677 0
    outer loop
      vertex -69.6466 3.88992 6
      vertex -69.4994 3.98011 14
      vertex -69.6466 3.88992 14
    endloop
  endfacet
  facet normal 0.522438 -0.852677 0
    outer loop
      vertex -69.4994 3.98011 14
      vertex -69.6466 3.88992 6
      vertex -69.4994 3.98011 6
    endloop
  endfacet
  facet normal 0.923787 -0.382908 0
    outer loop
      vertex -70.0462 3.33992 14
      vertex -69.9801 3.49939 6
      vertex -69.9801 3.49939 14
    endloop
  endfacet
  facet normal 0.923787 -0.382908 0
    outer loop
      vertex -69.9801 3.49939 6
      vertex -70.0462 3.33992 14
      vertex -70.0462 3.33992 6
    endloop
  endfacet
  facet normal -0.233526 -0.97235 0
    outer loop
      vertex -68.8279 4.08646 6
      vertex -68.6601 4.04616 14
      vertex -68.8279 4.08646 14
    endloop
  endfacet
  facet normal -0.233526 -0.97235 -0
    outer loop
      vertex -68.6601 4.04616 14
      vertex -68.8279 4.08646 6
      vertex -68.6601 4.04616 6
    endloop
  endfacet
  facet normal 0.233526 0.97235 -0
    outer loop
      vertex -74.1721 1.91354 6
      vertex -74.3399 1.95384 14
      vertex -74.1721 1.91354 14
    endloop
  endfacet
  facet normal 0.233526 0.97235 0
    outer loop
      vertex -74.3399 1.95384 14
      vertex -74.1721 1.91354 6
      vertex -74.3399 1.95384 6
    endloop
  endfacet
  facet normal -0.649598 -0.760278 0
    outer loop
      vertex -73.3534 3.88992 6
      vertex -73.2222 3.77782 14
      vertex -73.3534 3.88992 14
    endloop
  endfacet
  facet normal -0.649598 -0.760278 -0
    outer loop
      vertex -73.2222 3.77782 14
      vertex -73.3534 3.88992 6
      vertex -73.2222 3.77782 6
    endloop
  endfacet
  facet normal 0.649598 -0.760278 0
    outer loop
      vertex -74.7778 3.77782 6
      vertex -74.6466 3.88992 14
      vertex -74.7778 3.77782 14
    endloop
  endfacet
  facet normal 0.649598 -0.760278 0
    outer loop
      vertex -74.6466 3.88992 14
      vertex -74.7778 3.77782 6
      vertex -74.6466 3.88992 6
    endloop
  endfacet
  facet normal -0.0784328 0.996919 0
    outer loop
      vertex -73.8279 1.91354 6
      vertex -74 1.9 14
      vertex -73.8279 1.91354 14
    endloop
  endfacet
  facet normal -0.0784328 0.996919 0
    outer loop
      vertex -74 1.9 14
      vertex -73.8279 1.91354 6
      vertex -74 1.9 6
    endloop
  endfacet
  facet normal -0.522438 0.852677 0
    outer loop
      vertex -73.3534 2.11008 6
      vertex -73.5006 2.01989 14
      vertex -73.3534 2.11008 14
    endloop
  endfacet
  facet normal -0.522438 0.852677 0
    outer loop
      vertex -73.5006 2.01989 14
      vertex -73.3534 2.11008 6
      vertex -73.5006 2.01989 6
    endloop
  endfacet
  facet normal 0.522438 0.852677 -0
    outer loop
      vertex -74.4994 2.01989 6
      vertex -74.6466 2.11008 14
      vertex -74.4994 2.01989 14
    endloop
  endfacet
  facet normal 0.522438 0.852677 0
    outer loop
      vertex -74.6466 2.11008 14
      vertex -74.4994 2.01989 6
      vertex -74.6466 2.11008 6
    endloop
  endfacet
  facet normal -0.382599 -0.923914 0
    outer loop
      vertex -73.6601 4.04616 6
      vertex -73.5006 3.98011 14
      vertex -73.6601 4.04616 14
    endloop
  endfacet
  facet normal -0.382599 -0.923914 -0
    outer loop
      vertex -73.5006 3.98011 14
      vertex -73.6601 4.04616 6
      vertex -73.5006 3.98011 6
    endloop
  endfacet
  facet normal -0.923787 0.382908 0
    outer loop
      vertex -73.0199 2.50061 6
      vertex -72.9538 2.66008 14
      vertex -72.9538 2.66008 6
    endloop
  endfacet
  facet normal -0.923787 0.382908 0
    outer loop
      vertex -72.9538 2.66008 14
      vertex -73.0199 2.50061 6
      vertex -73.0199 2.50061 14
    endloop
  endfacet
  facet normal -0.996937 -0.0782116 0
    outer loop
      vertex -72.9 3 6
      vertex -72.9135 3.17208 14
      vertex -72.9135 3.17208 6
    endloop
  endfacet
  facet normal -0.996937 -0.0782116 0
    outer loop
      vertex -72.9135 3.17208 14
      vertex -72.9 3 6
      vertex -72.9 3 14
    endloop
  endfacet
  facet normal -0.923787 -0.382908 0
    outer loop
      vertex -72.9538 3.33992 6
      vertex -73.0199 3.49939 14
      vertex -73.0199 3.49939 6
    endloop
  endfacet
  facet normal -0.923787 -0.382908 0
    outer loop
      vertex -73.0199 3.49939 14
      vertex -72.9538 3.33992 6
      vertex -72.9538 3.33992 14
    endloop
  endfacet
  facet normal 0.0784328 -0.996919 0
    outer loop
      vertex -74.1721 4.08646 6
      vertex -74 4.1 14
      vertex -74.1721 4.08646 14
    endloop
  endfacet
  facet normal 0.0784328 -0.996919 0
    outer loop
      vertex -74 4.1 14
      vertex -74.1721 4.08646 6
      vertex -74 4.1 6
    endloop
  endfacet
  facet normal -0.382599 0.923914 0
    outer loop
      vertex -73.5006 2.01989 6
      vertex -73.6601 1.95384 14
      vertex -73.5006 2.01989 14
    endloop
  endfacet
  facet normal -0.382599 0.923914 0
    outer loop
      vertex -73.6601 1.95384 14
      vertex -73.5006 2.01989 6
      vertex -73.6601 1.95384 6
    endloop
  endfacet
  facet normal -0.972363 -0.233474 0
    outer loop
      vertex -72.9135 3.17208 6
      vertex -72.9538 3.33992 14
      vertex -72.9538 3.33992 6
    endloop
  endfacet
  facet normal -0.972363 -0.233474 0
    outer loop
      vertex -72.9538 3.33992 14
      vertex -72.9135 3.17208 6
      vertex -72.9135 3.17208 14
    endloop
  endfacet
  facet normal 0 0 -1
    outer loop
      vertex -72.9135 2.82792 14
      vertex -72.9135 3.17208 14
      vertex -72.9 3 14
    endloop
  endfacet
  facet normal 0 0 -1
    outer loop
      vertex -72.9538 2.66008 14
      vertex -72.9135 3.17208 14
      vertex -72.9135 2.82792 14
    endloop
  endfacet
  facet normal 0 0 -1
    outer loop
      vertex -72.9538 2.66008 14
      vertex -72.9538 3.33992 14
      vertex -72.9135 3.17208 14
    endloop
  endfacet
  facet normal 0 0 -1
    outer loop
      vertex -73.0199 2.50061 14
      vertex -72.9538 3.33992 14
      vertex -72.9538 2.66008 14
    endloop
  endfacet
  facet normal 0 0 -1
    outer loop
      vertex -73.0199 2.50061 14
      vertex -73.0199 3.49939 14
      vertex -72.9538 3.33992 14
    endloop
  endfacet
  facet normal 0 0 -1
    outer loop
      vertex -73.1101 2.35344 14
      vertex -73.0199 3.49939 14
      vertex -73.0199 2.50061 14
    endloop
  endfacet
  facet normal 0 0 -1
    outer loop
      vertex -73.1101 2.35344 14
      vertex -73.1101 3.64656 14
      vertex -73.0199 3.49939 14
    endloop
  endfacet
  facet normal 0 0 -1
    outer loop
      vertex -73.2222 2.22218 14
      vertex -73.1101 3.64656 14
      vertex -73.1101 2.35344 14
    endloop
  endfacet
  facet normal 0 0 -1
    outer loop
      vertex -73.2222 2.22218 14
      vertex -73.2222 3.77782 14
      vertex -73.1101 3.64656 14
    endloop
  endfacet
  facet normal 0 0 -1
    outer loop
      vertex -73.3534 2.11008 14
      vertex -73.2222 3.77782 14
      vertex -73.2222 2.22218 14
    endloop
  endfacet
  facet normal 0 0 -1
    outer loop
      vertex -73.3534 2.11008 14
      vertex -73.3534 3.88992 14
      vertex -73.2222 3.77782 14
    endloop
  endfacet
  facet normal 0 0 -1
    outer loop
      vertex -73.5006 2.01989 14
      vertex -73.3534 3.88992 14
      vertex -73.3534 2.11008 14
    endloop
  endfacet
  facet normal 0 0 -1
    outer loop
      vertex -73.5006 2.01989 14
      vertex -73.5006 3.98011 14
      vertex -73.3534 3.88992 14
    endloop
  endfacet
  facet normal 0 0 -1
    outer loop
      vertex -73.6601 1.95384 14
      vertex -73.5006 3.98011 14
      vertex -73.5006 2.01989 14
    endloop
  endfacet
  facet normal 0 0 -1
    outer loop
      vertex -73.6601 1.95384 14
      vertex -73.6601 4.04616 14
      vertex -73.5006 3.98011 14
    endloop
  endfacet
  facet normal 0 0 -1
    outer loop
      vertex -73.8279 1.91354 14
      vertex -73.6601 4.04616 14
      vertex -73.6601 1.95384 14
    endloop
  endfacet
  facet normal 0 0 -1
    outer loop
      vertex -73.8279 1.91354 14
      vertex -73.8279 4.08646 14
      vertex -73.6601 4.04616 14
    endloop
  endfacet
  facet normal 0 0 -1
    outer loop
      vertex -74 1.9 14
      vertex -73.8279 4.08646 14
      vertex -73.8279 1.91354 14
    endloop
  endfacet
  facet normal 0 0 -1
    outer loop
      vertex -74 1.9 14
      vertex -74 4.1 14
      vertex -73.8279 4.08646 14
    endloop
  endfacet
  facet normal 0 0 -1
    outer loop
      vertex -74.1721 1.91354 14
      vertex -74 4.1 14
      vertex -74 1.9 14
    endloop
  endfacet
  facet normal 0 0 -1
    outer loop
      vertex -74.1721 1.91354 14
      vertex -74.1721 4.08646 14
      vertex -74 4.1 14
    endloop
  endfacet
  facet normal 0 0 -1
    outer loop
      vertex -74.3399 1.95384 14
      vertex -74.1721 4.08646 14
      vertex -74.1721 1.91354 14
    endloop
  endfacet
  facet normal 0 0 -1
    outer loop
      vertex -74.3399 1.95384 14
      vertex -74.3399 4.04616 14
      vertex -74.1721 4.08646 14
    endloop
  endfacet
  facet normal 0 0 -1
    outer loop
      vertex -74.4994 2.01989 14
      vertex -74.3399 4.04616 14
      vertex -74.3399 1.95384 14
    endloop
  endfacet
  facet normal 0 0 -1
    outer loop
      vertex -74.4994 2.01989 14
      vertex -74.4994 3.98011 14
      vertex -74.3399 4.04616 14
    endloop
  endfacet
  facet normal 0 0 -1
    outer loop
      vertex -74.6466 2.11008 14
      vertex -74.4994 3.98011 14
      vertex -74.4994 2.01989 14
    endloop
  endfacet
  facet normal 0 0 -1
    outer loop
      vertex -74.6466 2.11008 14
      vertex -74.6466 3.88992 14
      vertex -74.4994 3.98011 14
    endloop
  endfacet
  facet normal 0 0 -1
    outer loop
      vertex -74.7778 2.22218 14
      vertex -74.6466 3.88992 14
      vertex -74.6466 2.11008 14
    endloop
  endfacet
  facet normal 0 0 -1
    outer loop
      vertex -74.7778 2.22218 14
      vertex -74.7778 3.77782 14
      vertex -74.6466 3.88992 14
    endloop
  endfacet
  facet normal 0 0 -1
    outer loop
      vertex -74.8899 2.35344 14
      vertex -74.7778 3.77782 14
      vertex -74.7778 2.22218 14
    endloop
  endfacet
  facet normal 0 0 -1
    outer loop
      vertex -74.8899 2.35344 14
      vertex -74.8899 3.64656 14
      vertex -74.7778 3.77782 14
    endloop
  endfacet
  facet normal 0 0 -1
    outer loop
      vertex -74.9801 2.50061 14
      vertex -74.8899 3.64656 14
      vertex -74.8899 2.35344 14
    endloop
  endfacet
  facet normal 0 0 -1
    outer loop
      vertex -74.9801 2.50061 14
      vertex -74.9801 3.49939 14
      vertex -74.8899 3.64656 14
    endloop
  endfacet
  facet normal 0 0 -1
    outer loop
      vertex -75.0462 2.66008 14
      vertex -74.9801 3.49939 14
      vertex -74.9801 2.50061 14
    endloop
  endfacet
  facet normal 0 0 -1
    outer loop
      vertex -75.0462 2.66008 14
      vertex -75.0462 3.33992 14
      vertex -74.9801 3.49939 14
    endloop
  endfacet
  facet normal 0 0 -1
    outer loop
      vertex -75.0865 2.82792 14
      vertex -75.0462 3.33992 14
      vertex -75.0462 2.66008 14
    endloop
  endfacet
  facet normal 0 0 -1
    outer loop
      vertex -75.0865 2.82792 14
      vertex -75.0865 3.17208 14
      vertex -75.0462 3.33992 14
    endloop
  endfacet
  facet normal 0 -0 -1
    outer loop
      vertex -75.0865 3.17208 14
      vertex -75.0865 2.82792 14
      vertex -75.1 3 14
    endloop
  endfacet
  facet normal 0.972363 0.233474 0
    outer loop
      vertex -75.0462 2.66008 14
      vertex -75.0865 2.82792 6
      vertex -75.0865 2.82792 14
    endloop
  endfacet
  facet normal 0.972363 0.233474 0
    outer loop
      vertex -75.0865 2.82792 6
      vertex -75.0462 2.66008 14
      vertex -75.0462 2.66008 6
    endloop
  endfacet
  facet normal 0.923787 0.382908 0
    outer loop
      vertex -74.9801 2.50061 14
      vertex -75.0462 2.66008 6
      vertex -75.0462 2.66008 14
    endloop
  endfacet
  facet normal 0.923787 0.382908 0
    outer loop
      vertex -75.0462 2.66008 6
      vertex -74.9801 2.50061 14
      vertex -74.9801 2.50061 6
    endloop
  endfacet
  facet normal -0.0784328 -0.996919 0
    outer loop
      vertex -74 4.1 6
      vertex -73.8279 4.08646 14
      vertex -74 4.1 14
    endloop
  endfacet
  facet normal -0.0784328 -0.996919 -0
    outer loop
      vertex -73.8279 4.08646 14
      vertex -74 4.1 6
      vertex -73.8279 4.08646 6
    endloop
  endfacet
  facet normal -0.996937 0.0782116 0
    outer loop
      vertex -72.9135 2.82792 6
      vertex -72.9 3 14
      vertex -72.9 3 6
    endloop
  endfacet
  facet normal -0.996937 0.0782116 0
    outer loop
      vertex -72.9 3 14
      vertex -72.9135 2.82792 6
      vertex -72.9135 2.82792 14
    endloop
  endfacet
  facet normal 0.382599 0.923914 -0
    outer loop
      vertex -74.3399 1.95384 6
      vertex -74.4994 2.01989 14
      vertex -74.3399 1.95384 14
    endloop
  endfacet
  facet normal 0.382599 0.923914 0
    outer loop
      vertex -74.4994 2.01989 14
      vertex -74.3399 1.95384 6
      vertex -74.4994 2.01989 6
    endloop
  endfacet
  facet normal 0.996937 -0.0782116 0
    outer loop
      vertex -75.1 3 14
      vertex -75.0865 3.17208 6
      vertex -75.0865 3.17208 14
    endloop
  endfacet
  facet normal 0.996937 -0.0782116 0
    outer loop
      vertex -75.0865 3.17208 6
      vertex -75.1 3 14
      vertex -75.1 3 6
    endloop
  endfacet
  facet normal 0.649598 0.760278 -0
    outer loop
      vertex -74.6466 2.11008 6
      vertex -74.7778 2.22218 14
      vertex -74.6466 2.11008 14
    endloop
  endfacet
  facet normal 0.649598 0.760278 0
    outer loop
      vertex -74.7778 2.22218 14
      vertex -74.6466 2.11008 6
      vertex -74.7778 2.22218 6
    endloop
  endfacet
  facet normal 0.233526 -0.97235 0
    outer loop
      vertex -74.3399 4.04616 6
      vertex -74.1721 4.08646 14
      vertex -74.3399 4.04616 14
    endloop
  endfacet
  facet normal 0.233526 -0.97235 0
    outer loop
      vertex -74.1721 4.08646 14
      vertex -74.3399 4.04616 6
      vertex -74.1721 4.08646 6
    endloop
  endfacet
  facet normal 0.760425 -0.649426 0
    outer loop
      vertex -74.8899 3.64656 14
      vertex -74.7778 3.77782 6
      vertex -74.7778 3.77782 14
    endloop
  endfacet
  facet normal 0.760425 -0.649426 0
    outer loop
      vertex -74.7778 3.77782 6
      vertex -74.8899 3.64656 14
      vertex -74.8899 3.64656 6
    endloop
  endfacet
  facet normal 0.923787 -0.382908 0
    outer loop
      vertex -75.0462 3.33992 14
      vertex -74.9801 3.49939 6
      vertex -74.9801 3.49939 14
    endloop
  endfacet
  facet normal 0.923787 -0.382908 0
    outer loop
      vertex -74.9801 3.49939 6
      vertex -75.0462 3.33992 14
      vertex -75.0462 3.33992 6
    endloop
  endfacet
  facet normal -0.760425 -0.649426 0
    outer loop
      vertex -73.1101 3.64656 6
      vertex -73.2222 3.77782 14
      vertex -73.2222 3.77782 6
    endloop
  endfacet
  facet normal -0.760425 -0.649426 0
    outer loop
      vertex -73.2222 3.77782 14
      vertex -73.1101 3.64656 6
      vertex -73.1101 3.64656 14
    endloop
  endfacet
  facet normal -0.972363 0.233474 0
    outer loop
      vertex -72.9538 2.66008 6
      vertex -72.9135 2.82792 14
      vertex -72.9135 2.82792 6
    endloop
  endfacet
  facet normal -0.972363 0.233474 0
    outer loop
      vertex -72.9135 2.82792 14
      vertex -72.9538 2.66008 6
      vertex -72.9538 2.66008 14
    endloop
  endfacet
  facet normal 0.972363 -0.233474 0
    outer loop
      vertex -75.0865 3.17208 14
      vertex -75.0462 3.33992 6
      vertex -75.0462 3.33992 14
    endloop
  endfacet
  facet normal 0.972363 -0.233474 0
    outer loop
      vertex -75.0462 3.33992 6
      vertex -75.0865 3.17208 14
      vertex -75.0865 3.17208 6
    endloop
  endfacet
  facet normal -0.649598 0.760278 0
    outer loop
      vertex -73.2222 2.22218 6
      vertex -73.3534 2.11008 14
      vertex -73.2222 2.22218 14
    endloop
  endfacet
  facet normal -0.649598 0.760278 0
    outer loop
      vertex -73.3534 2.11008 14
      vertex -73.2222 2.22218 6
      vertex -73.3534 2.11008 6
    endloop
  endfacet
  facet normal -0.522438 -0.852677 0
    outer loop
      vertex -73.5006 3.98011 6
      vertex -73.3534 3.88992 14
      vertex -73.5006 3.98011 14
    endloop
  endfacet
  facet normal -0.522438 -0.852677 -0
    outer loop
      vertex -73.3534 3.88992 14
      vertex -73.5006 3.98011 6
      vertex -73.3534 3.88992 6
    endloop
  endfacet
  facet normal -0.760425 0.649426 0
    outer loop
      vertex -73.2222 2.22218 6
      vertex -73.1101 2.35344 14
      vertex -73.1101 2.35344 6
    endloop
  endfacet
  facet normal -0.760425 0.649426 0
    outer loop
      vertex -73.1101 2.35344 14
      vertex -73.2222 2.22218 6
      vertex -73.2222 2.22218 14
    endloop
  endfacet
  facet normal 0.852604 0.522558 0
    outer loop
      vertex -74.8899 2.35344 14
      vertex -74.9801 2.50061 6
      vertex -74.9801 2.50061 14
    endloop
  endfacet
  facet normal 0.852604 0.522558 0
    outer loop
      vertex -74.9801 2.50061 6
      vertex -74.8899 2.35344 14
      vertex -74.8899 2.35344 6
    endloop
  endfacet
  facet normal 0.382599 -0.923914 0
    outer loop
      vertex -74.4994 3.98011 6
      vertex -74.3399 4.04616 14
      vertex -74.4994 3.98011 14
    endloop
  endfacet
  facet normal 0.382599 -0.923914 0
    outer loop
      vertex -74.3399 4.04616 14
      vertex -74.4994 3.98011 6
      vertex -74.3399 4.04616 6
    endloop
  endfacet
  facet normal 0.852604 -0.522558 0
    outer loop
      vertex -74.9801 3.49939 14
      vertex -74.8899 3.64656 6
      vertex -74.8899 3.64656 14
    endloop
  endfacet
  facet normal 0.852604 -0.522558 0
    outer loop
      vertex -74.8899 3.64656 6
      vertex -74.9801 3.49939 14
      vertex -74.9801 3.49939 6
    endloop
  endfacet
  facet normal 0.760425 0.649426 0
    outer loop
      vertex -74.7778 2.22218 14
      vertex -74.8899 2.35344 6
      vertex -74.8899 2.35344 14
    endloop
  endfacet
  facet normal 0.760425 0.649426 0
    outer loop
      vertex -74.8899 2.35344 6
      vertex -74.7778 2.22218 14
      vertex -74.7778 2.22218 6
    endloop
  endfacet
  facet normal -0.233526 0.97235 0
    outer loop
      vertex -73.6601 1.95384 6
      vertex -73.8279 1.91354 14
      vertex -73.6601 1.95384 14
    endloop
  endfacet
  facet normal -0.233526 0.97235 0
    outer loop
      vertex -73.8279 1.91354 14
      vertex -73.6601 1.95384 6
      vertex -73.8279 1.91354 6
    endloop
  endfacet
  facet normal 0.522438 -0.852677 0
    outer loop
      vertex -74.6466 3.88992 6
      vertex -74.4994 3.98011 14
      vertex -74.6466 3.88992 14
    endloop
  endfacet
  facet normal 0.522438 -0.852677 0
    outer loop
      vertex -74.4994 3.98011 14
      vertex -74.6466 3.88992 6
      vertex -74.4994 3.98011 6
    endloop
  endfacet
  facet normal -0.852604 -0.522558 0
    outer loop
      vertex -73.0199 3.49939 6
      vertex -73.1101 3.64656 14
      vertex -73.1101 3.64656 6
    endloop
  endfacet
  facet normal -0.852604 -0.522558 0
    outer loop
      vertex -73.1101 3.64656 14
      vertex -73.0199 3.49939 6
      vertex -73.0199 3.49939 14
    endloop
  endfacet
  facet normal 0.996937 0.0782116 0
    outer loop
      vertex -75.0865 2.82792 14
      vertex -75.1 3 6
      vertex -75.1 3 14
    endloop
  endfacet
  facet normal 0.996937 0.0782116 0
    outer loop
      vertex -75.1 3 6
      vertex -75.0865 2.82792 14
      vertex -75.0865 2.82792 6
    endloop
  endfacet
  facet normal -0.852604 0.522558 0
    outer loop
      vertex -73.1101 2.35344 6
      vertex -73.0199 2.50061 14
      vertex -73.0199 2.50061 6
    endloop
  endfacet
  facet normal -0.852604 0.522558 0
    outer loop
      vertex -73.0199 2.50061 14
      vertex -73.1101 2.35344 6
      vertex -73.1101 2.35344 14
    endloop
  endfacet
  facet normal 0.0784328 0.996919 -0
    outer loop
      vertex -74 1.9 6
      vertex -74.1721 1.91354 14
      vertex -74 1.9 14
    endloop
  endfacet
  facet normal 0.0784328 0.996919 0
    outer loop
      vertex -74.1721 1.91354 14
      vertex -74 1.9 6
      vertex -74.1721 1.91354 6
    endloop
  endfacet
  facet normal -0.233526 -0.97235 0
    outer loop
      vertex -73.8279 4.08646 6
      vertex -73.6601 4.04616 14
      vertex -73.8279 4.08646 14
    endloop
  endfacet
  facet normal -0.233526 -0.97235 -0
    outer loop
      vertex -73.6601 4.04616 14
      vertex -73.8279 4.08646 6
      vertex -73.6601 4.04616 6
    endloop
  endfacet
  facet normal 0 0 -1
    outer loop
      vertex 29 24 18.2
      vertex 40.4444 24 18.2
      vertex 29 12.5556 18.2
    endloop
  endfacet
  facet normal 0 0 -1
    outer loop
      vertex 29 3 18.2
      vertex 43 2 18.2
      vertex 43 0 18.2
    endloop
  endfacet
  facet normal 0 0 -1
    outer loop
      vertex 43 2 18.2
      vertex 29 3 18.2
      vertex 29 9.44437 18.2
    endloop
  endfacet
  facet normal 0 0 -1
    outer loop
      vertex 19 0 18.2
      vertex 29 3 18.2
      vertex 43 0 18.2
    endloop
  endfacet
  facet normal -0 0 -1
    outer loop
      vertex 29 3 18.2
      vertex 20.8884 1.33274 18.2
      vertex 22.5556 3 18.2
    endloop
  endfacet
  facet normal -0 0 -1
    outer loop
      vertex 20.8884 1.33274 18.2
      vertex 19 0 18.2
      vertex 19.3327 2.88837 18.2
    endloop
  endfacet
  facet normal 0 0 -1
    outer loop
      vertex 29 3 18.2
      vertex 19 0 18.2
      vertex 20.8884 1.33274 18.2
    endloop
  endfacet
  facet normal 0 0 -1
    outer loop
      vertex 42.6673 23.1116 18.2
      vertex 70 2 18.2
      vertex 43 2 18.2
    endloop
  endfacet
  facet normal 0 0 -1
    outer loop
      vertex 70 2 18.2
      vertex 42.6673 23.1116 18.2
      vertex 70 24 18.2
    endloop
  endfacet
  facet normal -0 0 -1
    outer loop
      vertex 70 24 18.2
      vertex 42.6673 23.1116 18.2
      vertex 41.7789 24 18.2
    endloop
  endfacet
  facet normal 0 0 -1
    outer loop
      vertex 43 2 18.2
      vertex 29 9.44437 18.2
      vertex 42.6673 23.1116 18.2
    endloop
  endfacet
  facet normal 0 0 -1
    outer loop
      vertex 19.3327 2.88837 18.2
      vertex 19 3 18.2
      vertex 19.4444 3 18.2
    endloop
  endfacet
  facet normal 0 0 -1
    outer loop
      vertex 19 3 18.2
      vertex 19.3327 2.88837 18.2
      vertex 19 0 18.2
    endloop
  endfacet
  facet normal 0 0 1
    outer loop
      vertex 68.9801 23.9006 6.8
      vertex 70 24 6.8
      vertex 69.0213 24 6.8
    endloop
  endfacet
  facet normal 0 0 1
    outer loop
      vertex 68.8899 23.7534 6.8
      vertex 70 24 6.8
      vertex 68.9801 23.9006 6.8
    endloop
  endfacet
  facet normal 0 0 1
    outer loop
      vertex 68.7778 23.6222 6.8
      vertex 70 24 6.8
      vertex 68.8899 23.7534 6.8
    endloop
  endfacet
  facet normal 0 0 1
    outer loop
      vertex 70 2 6.8
      vertex 68.9801 2.09939 6.8
      vertex 69.0213 2 6.8
    endloop
  endfacet
  facet normal 0 0 1
    outer loop
      vertex 68.6466 23.5101 6.8
      vertex 70 24 6.8
      vertex 68.7778 23.6222 6.8
    endloop
  endfacet
  facet normal 0 0 1
    outer loop
      vertex 70 2 6.8
      vertex 68.8899 2.24656 6.8
      vertex 68.9801 2.09939 6.8
    endloop
  endfacet
  facet normal 0 0 1
    outer loop
      vertex 68.4994 23.4199 6.8
      vertex 70 24 6.8
      vertex 68.6466 23.5101 6.8
    endloop
  endfacet
  facet normal 0 0 1
    outer loop
      vertex 70 2 6.8
      vertex 68.7778 2.37782 6.8
      vertex 68.8899 2.24656 6.8
    endloop
  endfacet
  facet normal 0 0 1
    outer loop
      vertex 70 24 6.8
      vertex 68.4994 23.4199 6.8
      vertex 70 2 6.8
    endloop
  endfacet
  facet normal 0 0 1
    outer loop
      vertex 70 2 6.8
      vertex 68.6466 2.48992 6.8
      vertex 68.7778 2.37782 6.8
    endloop
  endfacet
  facet normal -0 0 1
    outer loop
      vertex 68.4994 2.58011 6.8
      vertex 70 2 6.8
      vertex 68.4994 23.4199 6.8
    endloop
  endfacet
  facet normal 0 0 1
    outer loop
      vertex 70 2 6.8
      vertex 68.4994 2.58011 6.8
      vertex 68.6466 2.48992 6.8
    endloop
  endfacet
  facet normal -0 0 1
    outer loop
      vertex 68.3399 23.3538 6.8
      vertex 68.4994 2.58011 6.8
      vertex 68.4994 23.4199 6.8
    endloop
  endfacet
  facet normal 0 0 1
    outer loop
      vertex 68.3399 23.3538 6.8
      vertex 68.3399 2.64616 6.8
      vertex 68.4994 2.58011 6.8
    endloop
  endfacet
  facet normal -0 0 1
    outer loop
      vertex 68.1721 23.3135 6.8
      vertex 68.3399 2.64616 6.8
      vertex 68.3399 23.3538 6.8
    endloop
  endfacet
  facet normal 0 0 1
    outer loop
      vertex 68.1721 23.3135 6.8
      vertex 68.1721 2.68646 6.8
      vertex 68.3399 2.64616 6.8
    endloop
  endfacet
  facet normal -0 0 1
    outer loop
      vertex 68 23.3 6.8
      vertex 68.1721 2.68646 6.8
      vertex 68.1721 23.3135 6.8
    endloop
  endfacet
  facet normal 0 0 1
    outer loop
      vertex 68 23.3 6.8
      vertex 68 2.7 6.8
      vertex 68.1721 2.68646 6.8
    endloop
  endfacet
  facet normal 0 0 1
    outer loop
      vertex 67.8279 23.3135 6.8
      vertex 68 2.7 6.8
      vertex 68 23.3 6.8
    endloop
  endfacet
  facet normal 0 0 1
    outer loop
      vertex 67.8279 23.3135 6.8
      vertex 67.8279 2.68646 6.8
      vertex 68 2.7 6.8
    endloop
  endfacet
  facet normal 0 0 1
    outer loop
      vertex 67.6601 23.3538 6.8
      vertex 67.8279 2.68646 6.8
      vertex 67.8279 23.3135 6.8
    endloop
  endfacet
  facet normal 0 0 1
    outer loop
      vertex 67.6601 23.3538 6.8
      vertex 67.6601 2.64616 6.8
      vertex 67.8279 2.68646 6.8
    endloop
  endfacet
  facet normal 0 0 1
    outer loop
      vertex 67.5006 23.4199 6.8
      vertex 67.6601 2.64616 6.8
      vertex 67.6601 23.3538 6.8
    endloop
  endfacet
  facet normal 0 0 1
    outer loop
      vertex 67.5006 23.4199 6.8
      vertex 67.5006 2.58011 6.8
      vertex 67.6601 2.64616 6.8
    endloop
  endfacet
  facet normal 0 0 1
    outer loop
      vertex 67.3534 23.5101 6.8
      vertex 67.5006 2.58011 6.8
      vertex 67.5006 23.4199 6.8
    endloop
  endfacet
  facet normal 0 0 1
    outer loop
      vertex 67.3534 23.5101 6.8
      vertex 67.3534 2.48992 6.8
      vertex 67.5006 2.58011 6.8
    endloop
  endfacet
  facet normal 0 0 1
    outer loop
      vertex 67.2222 23.6222 6.8
      vertex 67.3534 2.48992 6.8
      vertex 67.3534 23.5101 6.8
    endloop
  endfacet
  facet normal 0 0 1
    outer loop
      vertex 67.2222 23.6222 6.8
      vertex 67.2222 2.37782 6.8
      vertex 67.3534 2.48992 6.8
    endloop
  endfacet
  facet normal 0 0 1
    outer loop
      vertex 48.8769 2.4 6.8
      vertex 67.2222 23.6222 6.8
      vertex 67.1101 23.7534 6.8
    endloop
  endfacet
  facet normal 0 0 1
    outer loop
      vertex 67.2222 23.6222 6.8
      vertex 48.8769 2.4 6.8
      vertex 67.2222 2.37782 6.8
    endloop
  endfacet
  facet normal 0 0 1
    outer loop
      vertex 42.6673 23.1116 6.8
      vertex 67.1101 23.7534 6.8
      vertex 67.0199 23.9006 6.8
    endloop
  endfacet
  facet normal 0 0 1
    outer loop
      vertex 67.2222 2.37782 6.8
      vertex 48.8769 2.4 6.8
      vertex 67.1101 2.24656 6.8
    endloop
  endfacet
  facet normal 0 0 1
    outer loop
      vertex 42.6673 23.1116 6.8
      vertex 67.0199 23.9006 6.8
      vertex 66.9787 24 6.8
    endloop
  endfacet
  facet normal 0 0 1
    outer loop
      vertex 67.1101 2.24656 6.8
      vertex 48.8769 2.4 6.8
      vertex 67.0199 2.09939 6.8
    endloop
  endfacet
  facet normal 0 0 1
    outer loop
      vertex 67.0199 2.09939 6.8
      vertex 48.8769 2.4 6.8
      vertex 66.9787 2 6.8
    endloop
  endfacet
  facet normal 0 0 1
    outer loop
      vertex 67.1101 23.7534 6.8
      vertex 42.6673 23.1116 6.8
      vertex 48.8769 2.4 6.8
    endloop
  endfacet
  facet normal 0 -0 1
    outer loop
      vertex 42.6673 23.1116 6.8
      vertex 66.9787 24 6.8
      vertex 41.7789 24 6.8
    endloop
  endfacet
  facet normal 0 0 1
    outer loop
      vertex 66.9787 2 6.8
      vertex 48.8769 2.4 6.8
      vertex 48.8769 2 6.8
    endloop
  endfacet
  facet normal -0 0 1
    outer loop
      vertex 29 9.44437 6.8
      vertex 48.8769 2.4 6.8
      vertex 42.6673 23.1116 6.8
    endloop
  endfacet
  facet normal -0 0 1
    outer loop
      vertex 29 3 6.8
      vertex 48.8769 2.4 6.8
      vertex 29 9.44437 6.8
    endloop
  endfacet
  facet normal 0 0 1
    outer loop
      vertex 21.9556 2.4 6.8
      vertex 29 3 6.8
      vertex 22.5556 3 6.8
    endloop
  endfacet
  facet normal 0 0 1
    outer loop
      vertex 29 3 6.8
      vertex 21.9556 2.4 6.8
      vertex 48.8769 2.4 6.8
    endloop
  endfacet
  facet normal 0 0 1
    outer loop
      vertex 40.4444 24 6.8
      vertex 29 24 6.8
      vertex 29 12.5556 6.8
    endloop
  endfacet
  facet normal 0 0 1
    outer loop
      vertex 19.4444 3 6.8
      vertex 19 3 6.8
      vertex 19.3327 2.88837 6.8
    endloop
  endfacet
  facet normal 0 0 1
    outer loop
      vertex 19 2.4 6.8
      vertex 19.3327 2.88837 6.8
      vertex 19 3 6.8
    endloop
  endfacet
  facet normal 0 0 1
    outer loop
      vertex 19.3327 2.88837 6.8
      vertex 19 2.4 6.8
      vertex 19.8211 2.4 6.8
    endloop
  endfacet
  facet normal 1 -0 0
    outer loop
      vertex 29 12.5556 18.2
      vertex 29 24 6.8
      vertex 29 24 18.2
    endloop
  endfacet
  facet normal 1 0 0
    outer loop
      vertex 29 24 6.8
      vertex 29 12.5556 18.2
      vertex 29 12.5556 6.8
    endloop
  endfacet
  facet normal 1 -0 0
    outer loop
      vertex 29 3 18.2
      vertex 29 9.44437 6.8
      vertex 29 9.44437 18.2
    endloop
  endfacet
  facet normal 1 0 0
    outer loop
      vertex 29 9.44437 6.8
      vertex 29 3 18.2
      vertex 29 3 6.8
    endloop
  endfacet
  facet normal 0 -1 0
    outer loop
      vertex 29 24 6.8
      vertex 40.4444 24 18.2
      vertex 29 24 18.2
    endloop
  endfacet
  facet normal 0 -1 -0
    outer loop
      vertex 40.4444 24 18.2
      vertex 29 24 6.8
      vertex 40.4444 24 6.8
    endloop
  endfacet
  facet normal 0 -1 0
    outer loop
      vertex 41.7789 24 18.2
      vertex 66.9787 24 14
      vertex 70 24 18.2
    endloop
  endfacet
  facet normal 0 -1 0
    outer loop
      vertex 41.7789 24 6.8
      vertex 66.9787 24 14
      vertex 41.7789 24 18.2
    endloop
  endfacet
  facet normal 0 -1 -0
    outer loop
      vertex 66.9787 24 14
      vertex 41.7789 24 6.8
      vertex 66.9787 24 6.8
    endloop
  endfacet
  facet normal 0 -1 0
    outer loop
      vertex 69.0213 24 14
      vertex 70 24 18.2
      vertex 66.9787 24 14
    endloop
  endfacet
  facet normal 0 -1 0
    outer loop
      vertex 70 24 6.8
      vertex 69.0213 24 14
      vertex 69.0213 24 6.8
    endloop
  endfacet
  facet normal 0 -1 0
    outer loop
      vertex 69.0213 24 14
      vertex 70 24 6.8
      vertex 70 24 18.2
    endloop
  endfacet
  facet normal 0 1 0
    outer loop
      vertex 43 2 18.2
      vertex 47.7706 2 6.99361
      vertex 47.6577 2 7
    endloop
  endfacet
  facet normal 0 1 0
    outer loop
      vertex 43 2 18.2
      vertex 48.4436 2 6.91714
      vertex 47.7706 2 6.99361
    endloop
  endfacet
  facet normal 0 1 0
    outer loop
      vertex 43 2 18.2
      vertex 48.6308 2 6.87744
      vertex 48.4436 2 6.91714
    endloop
  endfacet
  facet normal 0 1 0
    outer loop
      vertex 48.8769 2 6.8
      vertex 66.9787 2 14
      vertex 66.9787 2 6.8
    endloop
  endfacet
  facet normal 0 1 0
    outer loop
      vertex 43 2 18.2
      vertex 48.8769 2 6.8
      vertex 48.6308 2 6.87744
    endloop
  endfacet
  facet normal 0 1 0
    outer loop
      vertex 66.9787 2 14
      vertex 70 2 18.2
      vertex 69.0213 2 14
    endloop
  endfacet
  facet normal 0 1 -0
    outer loop
      vertex 70 2 6.8
      vertex 69.0213 2 14
      vertex 70 2 18.2
    endloop
  endfacet
  facet normal 0 1 0
    outer loop
      vertex 69.0213 2 14
      vertex 70 2 6.8
      vertex 69.0213 2 6.8
    endloop
  endfacet
  facet normal 0 1 0
    outer loop
      vertex 70 2 18.2
      vertex 66.9787 2 14
      vertex 43 2 18.2
    endloop
  endfacet
  facet normal 0 1 -0
    outer loop
      vertex 48.8769 2 6.8
      vertex 43 2 18.2
      vertex 66.9787 2 14
    endloop
  endfacet
  facet normal 0 1 0
    outer loop
      vertex 43 2 18.2
      vertex 47.6577 2 7
      vertex 43 2 7
    endloop
  endfacet
  facet normal 0 0 -1
    outer loop
      vertex 42.6673 23.1116 21.9
      vertex 40.1078 23.6634 21.9
      vertex 42.1155 23.6634 21.9
    endloop
  endfacet
  facet normal 0 0 -1
    outer loop
      vertex 22.0556 2.5 21.9
      vertex 40.1078 23.6634 21.9
      vertex 42.6673 23.1116 21.9
    endloop
  endfacet
  facet normal 0 0 -1
    outer loop
      vertex 19.3327 2.88837 21.9
      vertex 22.0556 2.5 21.9
      vertex 19.7211 2.5 21.9
    endloop
  endfacet
  facet normal 0 0 -1
    outer loop
      vertex 22.0556 2.5 21.9
      vertex 19.3327 2.88837 21.9
      vertex 40.1078 23.6634 21.9
    endloop
  endfacet
  facet normal 0.707095 0.707119 0
    outer loop
      vertex 20.8884 1.33274 19.4
      vertex 20.8884 1.33274 18.2
      vertex 19.7211 2.5 19.4
    endloop
  endfacet
  facet normal 0.707079 0.707134 -0
    outer loop
      vertex 19.7211 2.5 19.4
      vertex 19.3327 2.88837 21.9
      vertex 19.7211 2.5 21.9
    endloop
  endfacet
  facet normal 0.707079 0.707134 0
    outer loop
      vertex 19.7211 2.5 19.4
      vertex 19.3327 2.88837 18.2
      vertex 19.3327 2.88837 21.9
    endloop
  endfacet
  facet normal 0.707091 0.707123 -7.37978e-06
    outer loop
      vertex 19.3327 2.88837 18.2
      vertex 19.7211 2.5 19.4
      vertex 20.8884 1.33274 18.2
    endloop
  endfacet
  facet normal 0.707085 0.707128 0
    outer loop
      vertex 19.8211 2.4 6.8
      vertex 19.3327 2.88837 6
      vertex 19.3327 2.88837 6.8
    endloop
  endfacet
  facet normal 0.707085 0.707128 0
    outer loop
      vertex 19.3327 2.88837 6
      vertex 19.8211 2.4 6.8
      vertex 19.8211 2.4 6
    endloop
  endfacet
  facet normal 0.707198 -0.707015 0.000252092
    outer loop
      vertex 40.1078 23.6634 21.9
      vertex 41.1116 24.6673 21.4512
      vertex 40.8063 24.362 21.673
    endloop
  endfacet
  facet normal 0.70716 -0.707054 0
    outer loop
      vertex 41.1116 24.6673 21.4512
      vertex 40.4444 24 18.2
      vertex 41.1116 24.6673 6.54879
    endloop
  endfacet
  facet normal 0.70716 -0.707054 0
    outer loop
      vertex 40.4444 24 6.8
      vertex 41.1116 24.6673 6.54879
      vertex 40.4444 24 18.2
    endloop
  endfacet
  facet normal 0.707143 -0.70707 6.67977e-06
    outer loop
      vertex 41.1116 24.6673 21.4512
      vertex 40.1078 23.6634 21.9
      vertex 40.4444 24 18.2
    endloop
  endfacet
  facet normal 0.707107 -0.707107 6.67426e-16
    outer loop
      vertex 40.1078 23.6634 21.9
      vertex 29 12.5556 18.2
      vertex 40.4444 24 18.2
    endloop
  endfacet
  facet normal 0.707107 -0.707107 0
    outer loop
      vertex 29 12.5556 18.2
      vertex 22.4444 6 6.03694
      vertex 29 12.5556 6.8
    endloop
  endfacet
  facet normal 0.707107 -0.707107 0
    outer loop
      vertex 19.4444 3 6.8
      vertex 22.4444 6 6.03694
      vertex 19.4444 3 18.2
    endloop
  endfacet
  facet normal 0.707107 -0.707107 0
    outer loop
      vertex 29 12.5556 18.2
      vertex 19.4444 3 18.2
      vertex 22.4444 6 6.03694
    endloop
  endfacet
  facet normal 0.707106 -0.707108 7.15265e-06
    outer loop
      vertex 19.3327 2.88837 21.9
      vertex 29 12.5556 18.2
      vertex 40.1078 23.6634 21.9
    endloop
  endfacet
  facet normal 0.707107 -0.707107 1.33777e-05
    outer loop
      vertex 29 12.5556 18.2
      vertex 19.3327 2.88837 21.9
      vertex 19.4444 3 18.2
    endloop
  endfacet
  facet normal 0.706885 -0.707328 0
    outer loop
      vertex 19.4444 3 18.2
      vertex 19.3327 2.88837 21.9
      vertex 19.3327 2.88837 18.2
    endloop
  endfacet
  facet normal 0.707142 -0.707072 -9.60759e-05
    outer loop
      vertex 41.1116 24.6673 6.54879
      vertex 40.4444 24 6.8
      vertex 40.8063 24.362 6.32698
    endloop
  endfacet
  facet normal 0.707158 -0.707056 -7.11772e-05
    outer loop
      vertex 40.4444 24 6.8
      vertex 39.9137 23.4693 6.03694
      vertex 40.8063 24.362 6.32698
    endloop
  endfacet
  facet normal 0.707107 -0.707107 -2.30135e-15
    outer loop
      vertex 29 12.5556 6.8
      vertex 39.9137 23.4693 6.03694
      vertex 40.4444 24 6.8
    endloop
  endfacet
  facet normal 0.707107 -0.707107 0
    outer loop
      vertex 39.9137 23.4693 6.03694
      vertex 29 12.5556 6.8
      vertex 22.4444 6 6.03694
    endloop
  endfacet
  facet normal 0.707099 -0.707114 -5.97505e-05
    outer loop
      vertex 19.3327 2.88837 6
      vertex 22.4444 6 6.03694
      vertex 19.4444 3 6.8
    endloop
  endfacet
  facet normal 0.706885 -0.707328 0
    outer loop
      vertex 19.3327 2.88837 6
      vertex 19.4444 3 6.8
      vertex 19.3327 2.88837 6.8
    endloop
  endfacet
  facet normal 0.707099 -0.707115 0
    outer loop
      vertex 22.4444 6 6.03694
      vertex 19.3327 2.88837 6
      vertex 22.4444 6 6
    endloop
  endfacet
  facet normal -0.70712 0.707094 -1.0603e-05
    outer loop
      vertex 20.8884 1.33274 18.2
      vertex 22.0556 2.5 19.4
      vertex 22.5556 3 18.2
    endloop
  endfacet
  facet normal -0.707125 0.707089 0
    outer loop
      vertex 22.0556 2.5 19.4
      vertex 20.8884 1.33274 18.2
      vertex 20.8884 1.33274 19.4
    endloop
  endfacet
  facet normal -0.707107 0.707107 0
    outer loop
      vertex 25.5556 6 6
      vertex 22.5556 3 6.8
      vertex 25.5556 6 6.03694
    endloop
  endfacet
  facet normal -0.707107 0.707107 -1.63551e-15
    outer loop
      vertex 21.9556 2.4 6
      vertex 22.5556 3 6.8
      vertex 25.5556 6 6
    endloop
  endfacet
  facet normal -0.707107 0.707107 0
    outer loop
      vertex 22.5556 3 6.8
      vertex 21.9556 2.4 6
      vertex 21.9556 2.4 6.8
    endloop
  endfacet
  facet normal -0.707105 0.707109 0
    outer loop
      vertex 42.6673 23.1116 6.03694
      vertex 29 9.44437 6.8
      vertex 42.6673 23.1116 6.8
    endloop
  endfacet
  facet normal -0.707104 0.70711 0
    outer loop
      vertex 29 9.44437 6.8
      vertex 25.5556 6 6.03694
      vertex 29 9.44437 18.2
    endloop
  endfacet
  facet normal -0.707105 0.707109 9.14729e-06
    outer loop
      vertex 25.5556 6 6.03694
      vertex 29 9.44437 6.8
      vertex 42.6673 23.1116 6.03694
    endloop
  endfacet
  facet normal -0.707105 0.707109 0
    outer loop
      vertex 29 9.44437 18.2
      vertex 42.6673 23.1116 21.9
      vertex 42.6673 23.1116 18.2
    endloop
  endfacet
  facet normal -0.707107 0.707107 0
    outer loop
      vertex 22.5556 3 18.2
      vertex 25.5556 6 6.03694
      vertex 22.5556 3 6.8
    endloop
  endfacet
  facet normal -0.707105 0.707108 8.11901e-07
    outer loop
      vertex 25.5556 6 6.03694
      vertex 22.5556 3 18.2
      vertex 29 9.44437 18.2
    endloop
  endfacet
  facet normal -0.707105 0.707108 1.37156e-06
    outer loop
      vertex 22.0556 2.5 19.4
      vertex 29 9.44437 18.2
      vertex 22.5556 3 18.2
    endloop
  endfacet
  facet normal -0.707105 0.707108 0
    outer loop
      vertex 29 9.44437 18.2
      vertex 22.0556 2.5 19.4
      vertex 22.0556 2.5 21.9
    endloop
  endfacet
  facet normal -0.707105 0.707108 7.05492e-07
    outer loop
      vertex 29 9.44437 18.2
      vertex 22.0556 2.5 21.9
      vertex 42.6673 23.1116 21.9
    endloop
  endfacet
  facet normal -0.707107 -0.707107 1.1529e-14
    outer loop
      vertex 41.7789 24 6.8
      vertex 41.1116 24.6673 6.54879
      vertex 41.4169 24.362 6.32698
    endloop
  endfacet
  facet normal -0.707107 -0.707107 0
    outer loop
      vertex 41.1116 24.6673 6.54879
      vertex 41.7789 24 18.2
      vertex 41.1116 24.6673 21.4512
    endloop
  endfacet
  facet normal -0.707107 -0.707107 0
    outer loop
      vertex 41.1116 24.6673 6.54879
      vertex 41.7789 24 6.8
      vertex 41.7789 24 18.2
    endloop
  endfacet
  facet normal -0.707107 -0.707107 8.18905e-16
    outer loop
      vertex 42.3096 23.4693 6.03694
      vertex 41.7789 24 6.8
      vertex 41.4169 24.362 6.32698
    endloop
  endfacet
  facet normal -0.707107 -0.707107 -0
    outer loop
      vertex 42.6673 23.1116 6.8
      vertex 42.3096 23.4693 6.03694
      vertex 42.6673 23.1116 6.03694
    endloop
  endfacet
  facet normal -0.707107 -0.707107 -5.26914e-15
    outer loop
      vertex 42.3096 23.4693 6.03694
      vertex 42.6673 23.1116 6.8
      vertex 41.7789 24 6.8
    endloop
  endfacet
  facet normal -0.707107 -0.707107 1.63078e-16
    outer loop
      vertex 42.6673 23.1116 18.2
      vertex 41.1116 24.6673 21.4512
      vertex 41.7789 24 18.2
    endloop
  endfacet
  facet normal -0.707107 -0.707107 -7.13304e-16
    outer loop
      vertex 42.1155 23.6634 21.9
      vertex 41.1116 24.6673 21.4512
      vertex 42.6673 23.1116 18.2
    endloop
  endfacet
  facet normal -0.707107 -0.707107 -4.12476e-14
    outer loop
      vertex 41.1116 24.6673 21.4512
      vertex 42.1155 23.6634 21.9
      vertex 41.4169 24.362 21.673
    endloop
  endfacet
  facet normal -0.707107 -0.707107 0
    outer loop
      vertex 42.1155 23.6634 21.9
      vertex 42.6673 23.1116 18.2
      vertex 42.6673 23.1116 21.9
    endloop
  endfacet
  facet normal -1 0 0
    outer loop
      vertex 43 0 7
      vertex 43 2 18.2
      vertex 43 2 7
    endloop
  endfacet
  facet normal -1 -0 0
    outer loop
      vertex 43 2 18.2
      vertex 43 0 7
      vertex 43 0 18.2
    endloop
  endfacet
  facet normal 1 0 0
    outer loop
      vertex 19 3 18.2
      vertex 19 2.4 7
      vertex 19 3 6.8
    endloop
  endfacet
  facet normal 1 -0 0
    outer loop
      vertex 19 0 18.2
      vertex 19 2.4 7
      vertex 19 3 18.2
    endloop
  endfacet
  facet normal 1 0 0
    outer loop
      vertex 19 2.4 7
      vertex 19 0 18.2
      vertex 19 0 7
    endloop
  endfacet
  facet normal 1 0 0
    outer loop
      vertex 19 3 6.8
      vertex 19 2.4 7
      vertex 19 2.4 6.8
    endloop
  endfacet
  facet normal 0 -1 0
    outer loop
      vertex 19 3 6.8
      vertex 19.4444 3 18.2
      vertex 19 3 18.2
    endloop
  endfacet
  facet normal 0 -1 -0
    outer loop
      vertex 19.4444 3 18.2
      vertex 19 3 6.8
      vertex 19.4444 3 6.8
    endloop
  endfacet
  facet normal 0 -1 0
    outer loop
      vertex 22.5556 3 6.8
      vertex 29 3 18.2
      vertex 22.5556 3 18.2
    endloop
  endfacet
  facet normal 0 -1 -0
    outer loop
      vertex 29 3 18.2
      vertex 22.5556 3 6.8
      vertex 29 3 6.8
    endloop
  endfacet
  facet normal -0 0 1
    outer loop
      vertex 22.0556 2.5 19.4
      vertex 70 0 19.4
      vertex 70 2.5 19.4
    endloop
  endfacet
  facet normal -0 0 1
    outer loop
      vertex 20.8884 1.33274 19.4
      vertex 70 0 19.4
      vertex 22.0556 2.5 19.4
    endloop
  endfacet
  facet normal 0 0 1
    outer loop
      vertex -76 0 19.4
      vertex 19.7211 2.5 19.4
      vertex -76 2.5 19.4
    endloop
  endfacet
  facet normal 0 0 1
    outer loop
      vertex 19.7211 2.5 19.4
      vertex -76 0 19.4
      vertex 20.8884 1.33274 19.4
    endloop
  endfacet
  facet normal 0 0 1
    outer loop
      vertex 20.8884 1.33274 19.4
      vertex -76 0 19.4
      vertex 70 0 19.4
    endloop
  endfacet
  facet normal 0 -1 0
    outer loop
      vertex -76 2.5 22
      vertex -66 2.5 21.9692
      vertex -66 2.5 22
    endloop
  endfacet
  facet normal 0 -1 0
    outer loop
      vertex -66 2.5 21.9692
      vertex 19.7211 2.5 21.9
      vertex 66 2.5 21.9692
    endloop
  endfacet
  facet normal 0 -1 0
    outer loop
      vertex -76 2.5 19.4
      vertex -66 2.5 21.9692
      vertex -76 2.5 22
    endloop
  endfacet
  facet normal 0 -1 0
    outer loop
      vertex 19.7211 2.5 19.4
      vertex -66 2.5 21.9692
      vertex -76 2.5 19.4
    endloop
  endfacet
  facet normal 0 -1 0
    outer loop
      vertex -66 2.5 21.9692
      vertex 19.7211 2.5 19.4
      vertex 19.7211 2.5 21.9
    endloop
  endfacet
  facet normal 0 -1 0
    outer loop
      vertex 66 2.5 21.9692
      vertex 70 2.5 22
      vertex 66 2.5 22
    endloop
  endfacet
  facet normal 0 -1 0
    outer loop
      vertex 22.0556 2.5 21.9
      vertex 66 2.5 21.9692
      vertex 19.7211 2.5 21.9
    endloop
  endfacet
  facet normal 0 -1 0
    outer loop
      vertex 22.0556 2.5 19.4
      vertex 66 2.5 21.9692
      vertex 22.0556 2.5 21.9
    endloop
  endfacet
  facet normal 0 -1 0
    outer loop
      vertex 70 2.5 19.4
      vertex 66 2.5 21.9692
      vertex 22.0556 2.5 19.4
    endloop
  endfacet
  facet normal 0 -1 0
    outer loop
      vertex 66 2.5 21.9692
      vertex 70 2.5 19.4
      vertex 70 2.5 22
    endloop
  endfacet
endsolid OpenSCAD_Model
