solid OpenSCAD_Model
  facet normal 0.0653644 -0.997861 0
    outer loop
      vertex 70.4107 -9.5624 38.0021
      vertex 70.6 -9.55 40.3979
      vertex 70.4107 -9.5624 40.3979
    endloop
  endfacet
  facet normal 0.0653644 -0.997861 0
    outer loop
      vertex 70.6 -9.55 40.3979
      vertex 70.4107 -9.5624 38.0021
      vertex 70.6 -9.55 38.0021
    endloop
  endfacet
  facet normal -0.980783 -0.195102 0
    outer loop
      vertex 72.0376 -10.8107 38.0021
      vertex 72.0006 -10.6247 40.3979
      vertex 72.0006 -10.6247 38.0021
    endloop
  endfacet
  facet normal -0.980783 -0.195102 0
    outer loop
      vertex 72.0006 -10.6247 40.3979
      vertex 72.0376 -10.8107 38.0021
      vertex 72.0376 -10.8107 40.3979
    endloop
  endfacet
  facet normal 0.442314 -0.89686 0
    outer loop
      vertex 69.875 -9.74426 38.0021
      vertex 70.0451 -9.66037 40.3979
      vertex 69.875 -9.74426 40.3979
    endloop
  endfacet
  facet normal 0.442314 -0.89686 0
    outer loop
      vertex 70.0451 -9.66037 40.3979
      vertex 69.875 -9.74426 38.0021
      vertex 70.0451 -9.66037 38.0021
    endloop
  endfacet
  facet normal 0.997861 -0.0653644 0
    outer loop
      vertex 69.15 -11 40.3979
      vertex 69.1624 -10.8107 38.0021
      vertex 69.1624 -10.8107 40.3979
    endloop
  endfacet
  facet normal 0.997861 -0.0653644 0
    outer loop
      vertex 69.1624 -10.8107 38.0021
      vertex 69.15 -11 40.3979
      vertex 69.15 -11 38.0021
    endloop
  endfacet
  facet normal 0.980783 0.195102 0
    outer loop
      vertex 69.1994 -11.3753 40.3979
      vertex 69.1624 -11.1893 38.0021
      vertex 69.1624 -11.1893 40.3979
    endloop
  endfacet
  facet normal 0.980783 0.195102 0
    outer loop
      vertex 69.1624 -11.1893 38.0021
      vertex 69.1994 -11.3753 40.3979
      vertex 69.1994 -11.3753 38.0021
    endloop
  endfacet
  facet normal -0.946876 -0.3216 0
    outer loop
      vertex 72.0006 -10.6247 38.0021
      vertex 71.9396 -10.4451 40.3979
      vertex 71.9396 -10.4451 38.0021
    endloop
  endfacet
  facet normal -0.946876 -0.3216 0
    outer loop
      vertex 71.9396 -10.4451 40.3979
      vertex 72.0006 -10.6247 38.0021
      vertex 72.0006 -10.6247 40.3979
    endloop
  endfacet
  facet normal -0.5556 -0.83145 0
    outer loop
      vertex 71.325 -9.74426 38.0021
      vertex 71.4827 -9.84964 40.3979
      vertex 71.325 -9.74426 40.3979
    endloop
  endfacet
  facet normal -0.5556 -0.83145 -0
    outer loop
      vertex 71.4827 -9.84964 40.3979
      vertex 71.325 -9.74426 38.0021
      vertex 71.4827 -9.84964 38.0021
    endloop
  endfacet
  facet normal -0.751727 0.659474 0
    outer loop
      vertex 71.6253 -12.0253 38.0021
      vertex 71.7504 -11.8827 40.3979
      vertex 71.7504 -11.8827 38.0021
    endloop
  endfacet
  facet normal -0.751727 0.659474 0
    outer loop
      vertex 71.7504 -11.8827 40.3979
      vertex 71.6253 -12.0253 38.0021
      vertex 71.6253 -12.0253 40.3979
    endloop
  endfacet
  facet normal -0.896839 -0.442356 0
    outer loop
      vertex 71.9396 -10.4451 38.0021
      vertex 71.8557 -10.275 40.3979
      vertex 71.8557 -10.275 38.0021
    endloop
  endfacet
  facet normal -0.896839 -0.442356 0
    outer loop
      vertex 71.8557 -10.275 40.3979
      vertex 71.9396 -10.4451 38.0021
      vertex 71.9396 -10.4451 40.3979
    endloop
  endfacet
  facet normal 0.896839 0.442356 0
    outer loop
      vertex 69.3443 -11.725 40.3979
      vertex 69.2604 -11.5549 38.0021
      vertex 69.2604 -11.5549 40.3979
    endloop
  endfacet
  facet normal 0.896839 0.442356 0
    outer loop
      vertex 69.2604 -11.5549 38.0021
      vertex 69.3443 -11.725 40.3979
      vertex 69.3443 -11.725 38.0021
    endloop
  endfacet
  facet normal 0.946876 0.3216 0
    outer loop
      vertex 69.2604 -11.5549 40.3979
      vertex 69.1994 -11.3753 38.0021
      vertex 69.1994 -11.3753 40.3979
    endloop
  endfacet
  facet normal 0.946876 0.3216 0
    outer loop
      vertex 69.1994 -11.3753 38.0021
      vertex 69.2604 -11.5549 40.3979
      vertex 69.2604 -11.5549 38.0021
    endloop
  endfacet
  facet normal 0.5556 -0.83145 0
    outer loop
      vertex 69.7173 -9.84964 38.0021
      vertex 69.875 -9.74426 40.3979
      vertex 69.7173 -9.84964 40.3979
    endloop
  endfacet
  facet normal 0.5556 -0.83145 0
    outer loop
      vertex 69.875 -9.74426 40.3979
      vertex 69.7173 -9.84964 38.0021
      vertex 69.875 -9.74426 38.0021
    endloop
  endfacet
  facet normal -0.997861 -0.0653644 0
    outer loop
      vertex 72.05 -11 38.0021
      vertex 72.0376 -10.8107 40.3979
      vertex 72.0376 -10.8107 38.0021
    endloop
  endfacet
  facet normal -0.997861 -0.0653644 0
    outer loop
      vertex 72.0376 -10.8107 40.3979
      vertex 72.05 -11 38.0021
      vertex 72.05 -11 40.3979
    endloop
  endfacet
  facet normal -0.659325 -0.751858 0
    outer loop
      vertex 71.4827 -9.84964 38.0021
      vertex 71.6253 -9.97469 40.3979
      vertex 71.4827 -9.84964 40.3979
    endloop
  endfacet
  facet normal -0.659325 -0.751858 -0
    outer loop
      vertex 71.6253 -9.97469 40.3979
      vertex 71.4827 -9.84964 38.0021
      vertex 71.6253 -9.97469 38.0021
    endloop
  endfacet
  facet normal -0.896839 0.442356 0
    outer loop
      vertex 71.8557 -11.725 38.0021
      vertex 71.9396 -11.5549 40.3979
      vertex 71.9396 -11.5549 38.0021
    endloop
  endfacet
  facet normal -0.896839 0.442356 0
    outer loop
      vertex 71.9396 -11.5549 40.3979
      vertex 71.8557 -11.725 38.0021
      vertex 71.8557 -11.725 40.3979
    endloop
  endfacet
  facet normal -0.555309 0.831644 0
    outer loop
      vertex 71.4827 -12.1504 38.0021
      vertex 71.325 -12.2557 40.3979
      vertex 71.4827 -12.1504 40.3979
    endloop
  endfacet
  facet normal -0.555309 0.831644 0
    outer loop
      vertex 71.325 -12.2557 40.3979
      vertex 71.4827 -12.1504 38.0021
      vertex 71.325 -12.2557 38.0021
    endloop
  endfacet
  facet normal 0.3216 0.946876 -0
    outer loop
      vertex 70.2247 -12.4006 38.0021
      vertex 70.0451 -12.3396 40.3979
      vertex 70.2247 -12.4006 40.3979
    endloop
  endfacet
  facet normal 0.3216 0.946876 0
    outer loop
      vertex 70.0451 -12.3396 40.3979
      vertex 70.2247 -12.4006 38.0021
      vertex 70.0451 -12.3396 38.0021
    endloop
  endfacet
  facet normal -0.831644 -0.555309 0
    outer loop
      vertex 71.8557 -10.275 38.0021
      vertex 71.7504 -10.1173 40.3979
      vertex 71.7504 -10.1173 38.0021
    endloop
  endfacet
  facet normal -0.831644 -0.555309 0
    outer loop
      vertex 71.7504 -10.1173 40.3979
      vertex 71.8557 -10.275 38.0021
      vertex 71.8557 -10.275 40.3979
    endloop
  endfacet
  facet normal -0.75175 -0.659448 0
    outer loop
      vertex 71.7504 -10.1173 38.0021
      vertex 71.6253 -9.97469 40.3979
      vertex 71.6253 -9.97469 38.0021
    endloop
  endfacet
  facet normal -0.75175 -0.659448 0
    outer loop
      vertex 71.6253 -9.97469 40.3979
      vertex 71.7504 -10.1173 38.0021
      vertex 71.7504 -10.1173 40.3979
    endloop
  endfacet
  facet normal -0.980783 0.195102 0
    outer loop
      vertex 72.0006 -11.3753 38.0021
      vertex 72.0376 -11.1893 40.3979
      vertex 72.0376 -11.1893 38.0021
    endloop
  endfacet
  facet normal -0.980783 0.195102 0
    outer loop
      vertex 72.0376 -11.1893 40.3979
      vertex 72.0006 -11.3753 38.0021
      vertex 72.0006 -11.3753 40.3979
    endloop
  endfacet
  facet normal -0.0653644 0.997861 0
    outer loop
      vertex 70.7893 -12.4376 38.0021
      vertex 70.6 -12.45 40.3979
      vertex 70.7893 -12.4376 40.3979
    endloop
  endfacet
  facet normal -0.0653644 0.997861 0
    outer loop
      vertex 70.6 -12.45 40.3979
      vertex 70.7893 -12.4376 38.0021
      vertex 70.6 -12.45 38.0021
    endloop
  endfacet
  facet normal 0.195102 0.980783 -0
    outer loop
      vertex 70.4107 -12.4376 38.0021
      vertex 70.2247 -12.4006 40.3979
      vertex 70.4107 -12.4376 40.3979
    endloop
  endfacet
  facet normal 0.195102 0.980783 0
    outer loop
      vertex 70.2247 -12.4006 40.3979
      vertex 70.4107 -12.4376 38.0021
      vertex 70.2247 -12.4006 38.0021
    endloop
  endfacet
  facet normal -0.442314 -0.89686 0
    outer loop
      vertex 71.1549 -9.66037 38.0021
      vertex 71.325 -9.74426 40.3979
      vertex 71.1549 -9.66037 40.3979
    endloop
  endfacet
  facet normal -0.442314 -0.89686 -0
    outer loop
      vertex 71.325 -9.74426 40.3979
      vertex 71.1549 -9.66037 38.0021
      vertex 71.325 -9.74426 38.0021
    endloop
  endfacet
  facet normal -0.3216 0.946876 0
    outer loop
      vertex 71.1549 -12.3396 38.0021
      vertex 70.9753 -12.4006 40.3979
      vertex 71.1549 -12.3396 40.3979
    endloop
  endfacet
  facet normal -0.3216 0.946876 0
    outer loop
      vertex 70.9753 -12.4006 40.3979
      vertex 71.1549 -12.3396 38.0021
      vertex 70.9753 -12.4006 38.0021
    endloop
  endfacet
  facet normal -0.442356 0.896839 0
    outer loop
      vertex 71.325 -12.2557 38.0021
      vertex 71.1549 -12.3396 40.3979
      vertex 71.325 -12.2557 40.3979
    endloop
  endfacet
  facet normal -0.442356 0.896839 0
    outer loop
      vertex 71.1549 -12.3396 40.3979
      vertex 71.325 -12.2557 38.0021
      vertex 71.1549 -12.3396 38.0021
    endloop
  endfacet
  facet normal 0.442356 0.896839 -0
    outer loop
      vertex 70.0451 -12.3396 38.0021
      vertex 69.875 -12.2557 40.3979
      vertex 70.0451 -12.3396 40.3979
    endloop
  endfacet
  facet normal 0.442356 0.896839 0
    outer loop
      vertex 69.875 -12.2557 40.3979
      vertex 70.0451 -12.3396 38.0021
      vertex 69.875 -12.2557 38.0021
    endloop
  endfacet
  facet normal -0.997861 0.0653644 0
    outer loop
      vertex 72.0376 -11.1893 38.0021
      vertex 72.05 -11 40.3979
      vertex 72.05 -11 38.0021
    endloop
  endfacet
  facet normal -0.997861 0.0653644 0
    outer loop
      vertex 72.05 -11 40.3979
      vertex 72.0376 -11.1893 38.0021
      vertex 72.0376 -11.1893 40.3979
    endloop
  endfacet
  facet normal 0.997861 0.0653644 0
    outer loop
      vertex 69.1624 -11.1893 40.3979
      vertex 69.15 -11 38.0021
      vertex 69.15 -11 40.3979
    endloop
  endfacet
  facet normal 0.997861 0.0653644 0
    outer loop
      vertex 69.15 -11 38.0021
      vertex 69.1624 -11.1893 40.3979
      vertex 69.1624 -11.1893 38.0021
    endloop
  endfacet
  facet normal -0.0653644 -0.997861 0
    outer loop
      vertex 70.6 -9.55 38.0021
      vertex 70.7893 -9.5624 40.3979
      vertex 70.6 -9.55 40.3979
    endloop
  endfacet
  facet normal -0.0653644 -0.997861 -0
    outer loop
      vertex 70.7893 -9.5624 40.3979
      vertex 70.6 -9.55 38.0021
      vertex 70.7893 -9.5624 38.0021
    endloop
  endfacet
  facet normal -0.195153 -0.980773 0
    outer loop
      vertex 70.7893 -9.5624 38.0021
      vertex 70.9753 -9.59941 40.3979
      vertex 70.7893 -9.5624 40.3979
    endloop
  endfacet
  facet normal -0.195153 -0.980773 -0
    outer loop
      vertex 70.9753 -9.59941 40.3979
      vertex 70.7893 -9.5624 38.0021
      vertex 70.9753 -9.59941 38.0021
    endloop
  endfacet
  facet normal -0.321411 -0.94694 0
    outer loop
      vertex 70.9753 -9.59941 38.0021
      vertex 71.1549 -9.66037 40.3979
      vertex 70.9753 -9.59941 40.3979
    endloop
  endfacet
  facet normal -0.321411 -0.94694 -0
    outer loop
      vertex 71.1549 -9.66037 40.3979
      vertex 70.9753 -9.59941 38.0021
      vertex 71.1549 -9.66037 38.0021
    endloop
  endfacet
  facet normal 0.980783 -0.195102 0
    outer loop
      vertex 69.1624 -10.8107 40.3979
      vertex 69.1994 -10.6247 38.0021
      vertex 69.1994 -10.6247 40.3979
    endloop
  endfacet
  facet normal 0.980783 -0.195102 0
    outer loop
      vertex 69.1994 -10.6247 38.0021
      vertex 69.1624 -10.8107 40.3979
      vertex 69.1624 -10.8107 38.0021
    endloop
  endfacet
  facet normal 0.321411 -0.94694 0
    outer loop
      vertex 70.0451 -9.66037 38.0021
      vertex 70.2247 -9.59941 40.3979
      vertex 70.0451 -9.66037 40.3979
    endloop
  endfacet
  facet normal 0.321411 -0.94694 0
    outer loop
      vertex 70.2247 -9.59941 40.3979
      vertex 70.0451 -9.66037 38.0021
      vertex 70.2247 -9.59941 38.0021
    endloop
  endfacet
  facet normal 0.751727 0.659474 0
    outer loop
      vertex 69.5747 -12.0253 40.3979
      vertex 69.4496 -11.8827 38.0021
      vertex 69.4496 -11.8827 40.3979
    endloop
  endfacet
  facet normal 0.751727 0.659474 0
    outer loop
      vertex 69.4496 -11.8827 38.0021
      vertex 69.5747 -12.0253 40.3979
      vertex 69.5747 -12.0253 38.0021
    endloop
  endfacet
  facet normal 0.659325 -0.751858 0
    outer loop
      vertex 69.5747 -9.97469 38.0021
      vertex 69.7173 -9.84964 40.3979
      vertex 69.5747 -9.97469 40.3979
    endloop
  endfacet
  facet normal 0.659325 -0.751858 0
    outer loop
      vertex 69.7173 -9.84964 40.3979
      vertex 69.5747 -9.97469 38.0021
      vertex 69.7173 -9.84964 38.0021
    endloop
  endfacet
  facet normal -0.659474 0.751727 0
    outer loop
      vertex 71.6253 -12.0253 38.0021
      vertex 71.4827 -12.1504 40.3979
      vertex 71.6253 -12.0253 40.3979
    endloop
  endfacet
  facet normal -0.659474 0.751727 0
    outer loop
      vertex 71.4827 -12.1504 40.3979
      vertex 71.6253 -12.0253 38.0021
      vertex 71.4827 -12.1504 38.0021
    endloop
  endfacet
  facet normal 0.75175 -0.659448 0
    outer loop
      vertex 69.4496 -10.1173 40.3979
      vertex 69.5747 -9.97469 38.0021
      vertex 69.5747 -9.97469 40.3979
    endloop
  endfacet
  facet normal 0.75175 -0.659448 0
    outer loop
      vertex 69.5747 -9.97469 38.0021
      vertex 69.4496 -10.1173 40.3979
      vertex 69.4496 -10.1173 38.0021
    endloop
  endfacet
  facet normal -0.946876 0.3216 0
    outer loop
      vertex 71.9396 -11.5549 38.0021
      vertex 72.0006 -11.3753 40.3979
      vertex 72.0006 -11.3753 38.0021
    endloop
  endfacet
  facet normal -0.946876 0.3216 0
    outer loop
      vertex 72.0006 -11.3753 40.3979
      vertex 71.9396 -11.5549 38.0021
      vertex 71.9396 -11.5549 40.3979
    endloop
  endfacet
  facet normal -0.831644 0.555309 0
    outer loop
      vertex 71.7504 -11.8827 38.0021
      vertex 71.8557 -11.725 40.3979
      vertex 71.8557 -11.725 38.0021
    endloop
  endfacet
  facet normal -0.831644 0.555309 0
    outer loop
      vertex 71.8557 -11.725 40.3979
      vertex 71.7504 -11.8827 38.0021
      vertex 71.7504 -11.8827 40.3979
    endloop
  endfacet
  facet normal -0.195102 0.980783 0
    outer loop
      vertex 70.9753 -12.4006 38.0021
      vertex 70.7893 -12.4376 40.3979
      vertex 70.9753 -12.4006 40.3979
    endloop
  endfacet
  facet normal -0.195102 0.980783 0
    outer loop
      vertex 70.7893 -12.4376 40.3979
      vertex 70.9753 -12.4006 38.0021
      vertex 70.7893 -12.4376 38.0021
    endloop
  endfacet
  facet normal 0.555309 0.831644 -0
    outer loop
      vertex 69.875 -12.2557 38.0021
      vertex 69.7173 -12.1504 40.3979
      vertex 69.875 -12.2557 40.3979
    endloop
  endfacet
  facet normal 0.555309 0.831644 0
    outer loop
      vertex 69.7173 -12.1504 40.3979
      vertex 69.875 -12.2557 38.0021
      vertex 69.7173 -12.1504 38.0021
    endloop
  endfacet
  facet normal 0.946876 -0.3216 0
    outer loop
      vertex 69.1994 -10.6247 40.3979
      vertex 69.2604 -10.4451 38.0021
      vertex 69.2604 -10.4451 40.3979
    endloop
  endfacet
  facet normal 0.946876 -0.3216 0
    outer loop
      vertex 69.2604 -10.4451 38.0021
      vertex 69.1994 -10.6247 40.3979
      vertex 69.1994 -10.6247 38.0021
    endloop
  endfacet
  facet normal 0.195153 -0.980773 0
    outer loop
      vertex 70.2247 -9.59941 38.0021
      vertex 70.4107 -9.5624 40.3979
      vertex 70.2247 -9.59941 40.3979
    endloop
  endfacet
  facet normal 0.195153 -0.980773 0
    outer loop
      vertex 70.4107 -9.5624 40.3979
      vertex 70.2247 -9.59941 38.0021
      vertex 70.4107 -9.5624 38.0021
    endloop
  endfacet
  facet normal 0.896839 -0.442356 0
    outer loop
      vertex 69.2604 -10.4451 40.3979
      vertex 69.3443 -10.275 38.0021
      vertex 69.3443 -10.275 40.3979
    endloop
  endfacet
  facet normal 0.896839 -0.442356 0
    outer loop
      vertex 69.3443 -10.275 38.0021
      vertex 69.2604 -10.4451 40.3979
      vertex 69.2604 -10.4451 38.0021
    endloop
  endfacet
  facet normal 0.659474 0.751727 -0
    outer loop
      vertex 69.7173 -12.1504 38.0021
      vertex 69.5747 -12.0253 40.3979
      vertex 69.7173 -12.1504 40.3979
    endloop
  endfacet
  facet normal 0.659474 0.751727 0
    outer loop
      vertex 69.5747 -12.0253 40.3979
      vertex 69.7173 -12.1504 38.0021
      vertex 69.5747 -12.0253 38.0021
    endloop
  endfacet
  facet normal 0.0653644 0.997861 -0
    outer loop
      vertex 70.6 -12.45 38.0021
      vertex 70.4107 -12.4376 40.3979
      vertex 70.6 -12.45 40.3979
    endloop
  endfacet
  facet normal 0.0653644 0.997861 0
    outer loop
      vertex 70.4107 -12.4376 40.3979
      vertex 70.6 -12.45 38.0021
      vertex 70.4107 -12.4376 38.0021
    endloop
  endfacet
  facet normal 0.831644 0.555309 0
    outer loop
      vertex 69.4496 -11.8827 40.3979
      vertex 69.3443 -11.725 38.0021
      vertex 69.3443 -11.725 40.3979
    endloop
  endfacet
  facet normal 0.831644 0.555309 0
    outer loop
      vertex 69.3443 -11.725 38.0021
      vertex 69.4496 -11.8827 40.3979
      vertex 69.4496 -11.8827 38.0021
    endloop
  endfacet
  facet normal 0.831644 -0.555309 0
    outer loop
      vertex 69.3443 -10.275 40.3979
      vertex 69.4496 -10.1173 38.0021
      vertex 69.4496 -10.1173 40.3979
    endloop
  endfacet
  facet normal 0.831644 -0.555309 0
    outer loop
      vertex 69.4496 -10.1173 38.0021
      vertex 69.3443 -10.275 40.3979
      vertex 69.3443 -10.275 38.0021
    endloop
  endfacet
  facet normal -0.555309 0.831644 0
    outer loop
      vertex 92.2827 -12.1504 38.0021
      vertex 92.125 -12.2557 40.3979
      vertex 92.2827 -12.1504 40.3979
    endloop
  endfacet
  facet normal -0.555309 0.831644 0
    outer loop
      vertex 92.125 -12.2557 40.3979
      vertex 92.2827 -12.1504 38.0021
      vertex 92.125 -12.2557 38.0021
    endloop
  endfacet
  facet normal -0.980783 -0.195102 0
    outer loop
      vertex 92.8376 -10.8107 38.0021
      vertex 92.8006 -10.6247 40.3979
      vertex 92.8006 -10.6247 38.0021
    endloop
  endfacet
  facet normal -0.980783 -0.195102 0
    outer loop
      vertex 92.8006 -10.6247 40.3979
      vertex 92.8376 -10.8107 38.0021
      vertex 92.8376 -10.8107 40.3979
    endloop
  endfacet
  facet normal -0.997861 -0.0653644 0
    outer loop
      vertex 92.85 -11 38.0021
      vertex 92.8376 -10.8107 40.3979
      vertex 92.8376 -10.8107 38.0021
    endloop
  endfacet
  facet normal -0.997861 -0.0653644 0
    outer loop
      vertex 92.8376 -10.8107 40.3979
      vertex 92.85 -11 38.0021
      vertex 92.85 -11 40.3979
    endloop
  endfacet
  facet normal -0.946876 -0.3216 0
    outer loop
      vertex 92.8006 -10.6247 38.0021
      vertex 92.7396 -10.4451 40.3979
      vertex 92.7396 -10.4451 38.0021
    endloop
  endfacet
  facet normal -0.946876 -0.3216 0
    outer loop
      vertex 92.7396 -10.4451 40.3979
      vertex 92.8006 -10.6247 38.0021
      vertex 92.8006 -10.6247 40.3979
    endloop
  endfacet
  facet normal 0.751727 0.659474 0
    outer loop
      vertex 90.3747 -12.0253 40.3979
      vertex 90.2496 -11.8827 38.0021
      vertex 90.2496 -11.8827 40.3979
    endloop
  endfacet
  facet normal 0.751727 0.659474 0
    outer loop
      vertex 90.2496 -11.8827 38.0021
      vertex 90.3747 -12.0253 40.3979
      vertex 90.3747 -12.0253 38.0021
    endloop
  endfacet
  facet normal -0.980783 0.195102 0
    outer loop
      vertex 92.8006 -11.3753 38.0021
      vertex 92.8376 -11.1893 40.3979
      vertex 92.8376 -11.1893 38.0021
    endloop
  endfacet
  facet normal -0.980783 0.195102 0
    outer loop
      vertex 92.8376 -11.1893 40.3979
      vertex 92.8006 -11.3753 38.0021
      vertex 92.8006 -11.3753 40.3979
    endloop
  endfacet
  facet normal -0.5556 -0.83145 0
    outer loop
      vertex 92.125 -9.74426 38.0021
      vertex 92.2827 -9.84964 40.3979
      vertex 92.125 -9.74426 40.3979
    endloop
  endfacet
  facet normal -0.5556 -0.83145 -0
    outer loop
      vertex 92.2827 -9.84964 40.3979
      vertex 92.125 -9.74426 38.0021
      vertex 92.2827 -9.84964 38.0021
    endloop
  endfacet
  facet normal 0.831644 -0.555309 0
    outer loop
      vertex 90.1443 -10.275 40.3979
      vertex 90.2496 -10.1173 38.0021
      vertex 90.2496 -10.1173 40.3979
    endloop
  endfacet
  facet normal 0.831644 -0.555309 0
    outer loop
      vertex 90.2496 -10.1173 38.0021
      vertex 90.1443 -10.275 40.3979
      vertex 90.1443 -10.275 38.0021
    endloop
  endfacet
  facet normal -0.0653644 0.997861 0
    outer loop
      vertex 91.5893 -12.4376 38.0021
      vertex 91.4 -12.45 40.3979
      vertex 91.5893 -12.4376 40.3979
    endloop
  endfacet
  facet normal -0.0653644 0.997861 0
    outer loop
      vertex 91.4 -12.45 40.3979
      vertex 91.5893 -12.4376 38.0021
      vertex 91.4 -12.45 38.0021
    endloop
  endfacet
  facet normal 0.75175 -0.659448 0
    outer loop
      vertex 90.2496 -10.1173 40.3979
      vertex 90.3747 -9.97469 38.0021
      vertex 90.3747 -9.97469 40.3979
    endloop
  endfacet
  facet normal 0.75175 -0.659448 0
    outer loop
      vertex 90.3747 -9.97469 38.0021
      vertex 90.2496 -10.1173 40.3979
      vertex 90.2496 -10.1173 38.0021
    endloop
  endfacet
  facet normal -0.442356 0.896839 0
    outer loop
      vertex 92.125 -12.2557 38.0021
      vertex 91.9549 -12.3396 40.3979
      vertex 92.125 -12.2557 40.3979
    endloop
  endfacet
  facet normal -0.442356 0.896839 0
    outer loop
      vertex 91.9549 -12.3396 40.3979
      vertex 92.125 -12.2557 38.0021
      vertex 91.9549 -12.3396 38.0021
    endloop
  endfacet
  facet normal 0.831644 0.555309 0
    outer loop
      vertex 90.2496 -11.8827 40.3979
      vertex 90.1443 -11.725 38.0021
      vertex 90.1443 -11.725 40.3979
    endloop
  endfacet
  facet normal 0.831644 0.555309 0
    outer loop
      vertex 90.1443 -11.725 38.0021
      vertex 90.2496 -11.8827 40.3979
      vertex 90.2496 -11.8827 38.0021
    endloop
  endfacet
  facet normal -0.946876 0.3216 0
    outer loop
      vertex 92.7396 -11.5549 38.0021
      vertex 92.8006 -11.3753 40.3979
      vertex 92.8006 -11.3753 38.0021
    endloop
  endfacet
  facet normal -0.946876 0.3216 0
    outer loop
      vertex 92.8006 -11.3753 40.3979
      vertex 92.7396 -11.5549 38.0021
      vertex 92.7396 -11.5549 40.3979
    endloop
  endfacet
  facet normal -0.3216 0.946876 0
    outer loop
      vertex 91.9549 -12.3396 38.0021
      vertex 91.7753 -12.4006 40.3979
      vertex 91.9549 -12.3396 40.3979
    endloop
  endfacet
  facet normal -0.3216 0.946876 0
    outer loop
      vertex 91.7753 -12.4006 40.3979
      vertex 91.9549 -12.3396 38.0021
      vertex 91.7753 -12.4006 38.0021
    endloop
  endfacet
  facet normal 0.321411 -0.94694 0
    outer loop
      vertex 90.8451 -9.66037 38.0021
      vertex 91.0247 -9.59941 40.3979
      vertex 90.8451 -9.66037 40.3979
    endloop
  endfacet
  facet normal 0.321411 -0.94694 0
    outer loop
      vertex 91.0247 -9.59941 40.3979
      vertex 90.8451 -9.66037 38.0021
      vertex 91.0247 -9.59941 38.0021
    endloop
  endfacet
  facet normal -0.896839 0.442356 0
    outer loop
      vertex 92.6557 -11.725 38.0021
      vertex 92.7396 -11.5549 40.3979
      vertex 92.7396 -11.5549 38.0021
    endloop
  endfacet
  facet normal -0.896839 0.442356 0
    outer loop
      vertex 92.7396 -11.5549 40.3979
      vertex 92.6557 -11.725 38.0021
      vertex 92.6557 -11.725 40.3979
    endloop
  endfacet
  facet normal 0.5556 -0.83145 0
    outer loop
      vertex 90.5173 -9.84964 38.0021
      vertex 90.675 -9.74426 40.3979
      vertex 90.5173 -9.84964 40.3979
    endloop
  endfacet
  facet normal 0.5556 -0.83145 0
    outer loop
      vertex 90.675 -9.74426 40.3979
      vertex 90.5173 -9.84964 38.0021
      vertex 90.675 -9.74426 38.0021
    endloop
  endfacet
  facet normal -0.751727 0.659474 0
    outer loop
      vertex 92.4253 -12.0253 38.0021
      vertex 92.5504 -11.8827 40.3979
      vertex 92.5504 -11.8827 38.0021
    endloop
  endfacet
  facet normal -0.751727 0.659474 0
    outer loop
      vertex 92.5504 -11.8827 40.3979
      vertex 92.4253 -12.0253 38.0021
      vertex 92.4253 -12.0253 40.3979
    endloop
  endfacet
  facet normal -0.659325 -0.751858 0
    outer loop
      vertex 92.2827 -9.84964 38.0021
      vertex 92.4253 -9.97469 40.3979
      vertex 92.2827 -9.84964 40.3979
    endloop
  endfacet
  facet normal -0.659325 -0.751858 -0
    outer loop
      vertex 92.4253 -9.97469 40.3979
      vertex 92.2827 -9.84964 38.0021
      vertex 92.4253 -9.97469 38.0021
    endloop
  endfacet
  facet normal -0.896839 -0.442356 0
    outer loop
      vertex 92.7396 -10.4451 38.0021
      vertex 92.6557 -10.275 40.3979
      vertex 92.6557 -10.275 38.0021
    endloop
  endfacet
  facet normal -0.896839 -0.442356 0
    outer loop
      vertex 92.6557 -10.275 40.3979
      vertex 92.7396 -10.4451 38.0021
      vertex 92.7396 -10.4451 40.3979
    endloop
  endfacet
  facet normal 0.442314 -0.89686 0
    outer loop
      vertex 90.675 -9.74426 38.0021
      vertex 90.8451 -9.66037 40.3979
      vertex 90.675 -9.74426 40.3979
    endloop
  endfacet
  facet normal 0.442314 -0.89686 0
    outer loop
      vertex 90.8451 -9.66037 40.3979
      vertex 90.675 -9.74426 38.0021
      vertex 90.8451 -9.66037 38.0021
    endloop
  endfacet
  facet normal 0.980783 0.195102 0
    outer loop
      vertex 89.9994 -11.3753 40.3979
      vertex 89.9624 -11.1893 38.0021
      vertex 89.9624 -11.1893 40.3979
    endloop
  endfacet
  facet normal 0.980783 0.195102 0
    outer loop
      vertex 89.9624 -11.1893 38.0021
      vertex 89.9994 -11.3753 40.3979
      vertex 89.9994 -11.3753 38.0021
    endloop
  endfacet
  facet normal -0.831644 0.555309 0
    outer loop
      vertex 92.5504 -11.8827 38.0021
      vertex 92.6557 -11.725 40.3979
      vertex 92.6557 -11.725 38.0021
    endloop
  endfacet
  facet normal -0.831644 0.555309 0
    outer loop
      vertex 92.6557 -11.725 40.3979
      vertex 92.5504 -11.8827 38.0021
      vertex 92.5504 -11.8827 40.3979
    endloop
  endfacet
  facet normal 0.896839 -0.442356 0
    outer loop
      vertex 90.0604 -10.4451 40.3979
      vertex 90.1443 -10.275 38.0021
      vertex 90.1443 -10.275 40.3979
    endloop
  endfacet
  facet normal 0.896839 -0.442356 0
    outer loop
      vertex 90.1443 -10.275 38.0021
      vertex 90.0604 -10.4451 40.3979
      vertex 90.0604 -10.4451 38.0021
    endloop
  endfacet
  facet normal -0.997861 0.0653644 0
    outer loop
      vertex 92.8376 -11.1893 38.0021
      vertex 92.85 -11 40.3979
      vertex 92.85 -11 38.0021
    endloop
  endfacet
  facet normal -0.997861 0.0653644 0
    outer loop
      vertex 92.85 -11 40.3979
      vertex 92.8376 -11.1893 38.0021
      vertex 92.8376 -11.1893 40.3979
    endloop
  endfacet
  facet normal -0.442314 -0.89686 0
    outer loop
      vertex 91.9549 -9.66037 38.0021
      vertex 92.125 -9.74426 40.3979
      vertex 91.9549 -9.66037 40.3979
    endloop
  endfacet
  facet normal -0.442314 -0.89686 -0
    outer loop
      vertex 92.125 -9.74426 40.3979
      vertex 91.9549 -9.66037 38.0021
      vertex 92.125 -9.74426 38.0021
    endloop
  endfacet
  facet normal 0.195153 -0.980773 0
    outer loop
      vertex 91.0247 -9.59941 38.0021
      vertex 91.2107 -9.5624 40.3979
      vertex 91.0247 -9.59941 40.3979
    endloop
  endfacet
  facet normal 0.195153 -0.980773 0
    outer loop
      vertex 91.2107 -9.5624 40.3979
      vertex 91.0247 -9.59941 38.0021
      vertex 91.2107 -9.5624 38.0021
    endloop
  endfacet
  facet normal -0.75175 -0.659448 0
    outer loop
      vertex 92.5504 -10.1173 38.0021
      vertex 92.4253 -9.97469 40.3979
      vertex 92.4253 -9.97469 38.0021
    endloop
  endfacet
  facet normal -0.75175 -0.659448 0
    outer loop
      vertex 92.4253 -9.97469 40.3979
      vertex 92.5504 -10.1173 38.0021
      vertex 92.5504 -10.1173 40.3979
    endloop
  endfacet
  facet normal -0.195102 0.980783 0
    outer loop
      vertex 91.7753 -12.4006 38.0021
      vertex 91.5893 -12.4376 40.3979
      vertex 91.7753 -12.4006 40.3979
    endloop
  endfacet
  facet normal -0.195102 0.980783 0
    outer loop
      vertex 91.5893 -12.4376 40.3979
      vertex 91.7753 -12.4006 38.0021
      vertex 91.5893 -12.4376 38.0021
    endloop
  endfacet
  facet normal 0.946876 -0.3216 0
    outer loop
      vertex 89.9994 -10.6247 40.3979
      vertex 90.0604 -10.4451 38.0021
      vertex 90.0604 -10.4451 40.3979
    endloop
  endfacet
  facet normal 0.946876 -0.3216 0
    outer loop
      vertex 90.0604 -10.4451 38.0021
      vertex 89.9994 -10.6247 40.3979
      vertex 89.9994 -10.6247 38.0021
    endloop
  endfacet
  facet normal -0.195153 -0.980773 0
    outer loop
      vertex 91.5893 -9.5624 38.0021
      vertex 91.7753 -9.59941 40.3979
      vertex 91.5893 -9.5624 40.3979
    endloop
  endfacet
  facet normal -0.195153 -0.980773 -0
    outer loop
      vertex 91.7753 -9.59941 40.3979
      vertex 91.5893 -9.5624 38.0021
      vertex 91.7753 -9.59941 38.0021
    endloop
  endfacet
  facet normal -0.659474 0.751727 0
    outer loop
      vertex 92.4253 -12.0253 38.0021
      vertex 92.2827 -12.1504 40.3979
      vertex 92.4253 -12.0253 40.3979
    endloop
  endfacet
  facet normal -0.659474 0.751727 0
    outer loop
      vertex 92.2827 -12.1504 40.3979
      vertex 92.4253 -12.0253 38.0021
      vertex 92.2827 -12.1504 38.0021
    endloop
  endfacet
  facet normal 0.442356 0.896839 -0
    outer loop
      vertex 90.8451 -12.3396 38.0021
      vertex 90.675 -12.2557 40.3979
      vertex 90.8451 -12.3396 40.3979
    endloop
  endfacet
  facet normal 0.442356 0.896839 0
    outer loop
      vertex 90.675 -12.2557 40.3979
      vertex 90.8451 -12.3396 38.0021
      vertex 90.675 -12.2557 38.0021
    endloop
  endfacet
  facet normal -0.831644 -0.555309 0
    outer loop
      vertex 92.6557 -10.275 38.0021
      vertex 92.5504 -10.1173 40.3979
      vertex 92.5504 -10.1173 38.0021
    endloop
  endfacet
  facet normal -0.831644 -0.555309 0
    outer loop
      vertex 92.5504 -10.1173 40.3979
      vertex 92.6557 -10.275 38.0021
      vertex 92.6557 -10.275 40.3979
    endloop
  endfacet
  facet normal 0.896839 0.442356 0
    outer loop
      vertex 90.1443 -11.725 40.3979
      vertex 90.0604 -11.5549 38.0021
      vertex 90.0604 -11.5549 40.3979
    endloop
  endfacet
  facet normal 0.896839 0.442356 0
    outer loop
      vertex 90.0604 -11.5549 38.0021
      vertex 90.1443 -11.725 40.3979
      vertex 90.1443 -11.725 38.0021
    endloop
  endfacet
  facet normal 0.997861 -0.0653644 0
    outer loop
      vertex 89.95 -11 40.3979
      vertex 89.9624 -10.8107 38.0021
      vertex 89.9624 -10.8107 40.3979
    endloop
  endfacet
  facet normal 0.997861 -0.0653644 0
    outer loop
      vertex 89.9624 -10.8107 38.0021
      vertex 89.95 -11 40.3979
      vertex 89.95 -11 38.0021
    endloop
  endfacet
  facet normal 0.659325 -0.751858 0
    outer loop
      vertex 90.3747 -9.97469 38.0021
      vertex 90.5173 -9.84964 40.3979
      vertex 90.3747 -9.97469 40.3979
    endloop
  endfacet
  facet normal 0.659325 -0.751858 0
    outer loop
      vertex 90.5173 -9.84964 40.3979
      vertex 90.3747 -9.97469 38.0021
      vertex 90.5173 -9.84964 38.0021
    endloop
  endfacet
  facet normal 0.195102 0.980783 -0
    outer loop
      vertex 91.2107 -12.4376 38.0021
      vertex 91.0247 -12.4006 40.3979
      vertex 91.2107 -12.4376 40.3979
    endloop
  endfacet
  facet normal 0.195102 0.980783 0
    outer loop
      vertex 91.0247 -12.4006 40.3979
      vertex 91.2107 -12.4376 38.0021
      vertex 91.0247 -12.4006 38.0021
    endloop
  endfacet
  facet normal 0.997861 0.0653644 0
    outer loop
      vertex 89.9624 -11.1893 40.3979
      vertex 89.95 -11 38.0021
      vertex 89.95 -11 40.3979
    endloop
  endfacet
  facet normal 0.997861 0.0653644 0
    outer loop
      vertex 89.95 -11 38.0021
      vertex 89.9624 -11.1893 40.3979
      vertex 89.9624 -11.1893 38.0021
    endloop
  endfacet
  facet normal 0.946876 0.3216 0
    outer loop
      vertex 90.0604 -11.5549 40.3979
      vertex 89.9994 -11.3753 38.0021
      vertex 89.9994 -11.3753 40.3979
    endloop
  endfacet
  facet normal 0.946876 0.3216 0
    outer loop
      vertex 89.9994 -11.3753 38.0021
      vertex 90.0604 -11.5549 40.3979
      vertex 90.0604 -11.5549 38.0021
    endloop
  endfacet
  facet normal 0.659474 0.751727 -0
    outer loop
      vertex 90.5173 -12.1504 38.0021
      vertex 90.3747 -12.0253 40.3979
      vertex 90.5173 -12.1504 40.3979
    endloop
  endfacet
  facet normal 0.659474 0.751727 0
    outer loop
      vertex 90.3747 -12.0253 40.3979
      vertex 90.5173 -12.1504 38.0021
      vertex 90.3747 -12.0253 38.0021
    endloop
  endfacet
  facet normal -0.321411 -0.94694 0
    outer loop
      vertex 91.7753 -9.59941 38.0021
      vertex 91.9549 -9.66037 40.3979
      vertex 91.7753 -9.59941 40.3979
    endloop
  endfacet
  facet normal -0.321411 -0.94694 -0
    outer loop
      vertex 91.9549 -9.66037 40.3979
      vertex 91.7753 -9.59941 38.0021
      vertex 91.9549 -9.66037 38.0021
    endloop
  endfacet
  facet normal 0.980783 -0.195102 0
    outer loop
      vertex 89.9624 -10.8107 40.3979
      vertex 89.9994 -10.6247 38.0021
      vertex 89.9994 -10.6247 40.3979
    endloop
  endfacet
  facet normal 0.980783 -0.195102 0
    outer loop
      vertex 89.9994 -10.6247 38.0021
      vertex 89.9624 -10.8107 40.3979
      vertex 89.9624 -10.8107 38.0021
    endloop
  endfacet
  facet normal 0.0653644 -0.997861 0
    outer loop
      vertex 91.2107 -9.5624 38.0021
      vertex 91.4 -9.55 40.3979
      vertex 91.2107 -9.5624 40.3979
    endloop
  endfacet
  facet normal 0.0653644 -0.997861 0
    outer loop
      vertex 91.4 -9.55 40.3979
      vertex 91.2107 -9.5624 38.0021
      vertex 91.4 -9.55 38.0021
    endloop
  endfacet
  facet normal 0.3216 0.946876 -0
    outer loop
      vertex 91.0247 -12.4006 38.0021
      vertex 90.8451 -12.3396 40.3979
      vertex 91.0247 -12.4006 40.3979
    endloop
  endfacet
  facet normal 0.3216 0.946876 0
    outer loop
      vertex 90.8451 -12.3396 40.3979
      vertex 91.0247 -12.4006 38.0021
      vertex 90.8451 -12.3396 38.0021
    endloop
  endfacet
  facet normal 0.555309 0.831644 -0
    outer loop
      vertex 90.675 -12.2557 38.0021
      vertex 90.5173 -12.1504 40.3979
      vertex 90.675 -12.2557 40.3979
    endloop
  endfacet
  facet normal 0.555309 0.831644 0
    outer loop
      vertex 90.5173 -12.1504 40.3979
      vertex 90.675 -12.2557 38.0021
      vertex 90.5173 -12.1504 38.0021
    endloop
  endfacet
  facet normal -0.0653644 -0.997861 0
    outer loop
      vertex 91.4 -9.55 38.0021
      vertex 91.5893 -9.5624 40.3979
      vertex 91.4 -9.55 40.3979
    endloop
  endfacet
  facet normal -0.0653644 -0.997861 -0
    outer loop
      vertex 91.5893 -9.5624 40.3979
      vertex 91.4 -9.55 38.0021
      vertex 91.5893 -9.5624 38.0021
    endloop
  endfacet
  facet normal 0.0653644 0.997861 -0
    outer loop
      vertex 91.4 -12.45 38.0021
      vertex 91.2107 -12.4376 40.3979
      vertex 91.4 -12.45 40.3979
    endloop
  endfacet
  facet normal 0.0653644 0.997861 0
    outer loop
      vertex 91.2107 -12.4376 40.3979
      vertex 91.4 -12.45 38.0021
      vertex 91.2107 -12.4376 38.0021
    endloop
  endfacet
  facet normal 0.896839 0.442356 0
    outer loop
      vertex 69.3443 23.675 40.3979
      vertex 69.2604 23.8451 38.0021
      vertex 69.2604 23.8451 40.3979
    endloop
  endfacet
  facet normal 0.896839 0.442356 0
    outer loop
      vertex 69.2604 23.8451 38.0021
      vertex 69.3443 23.675 40.3979
      vertex 69.3443 23.675 38.0021
    endloop
  endfacet
  facet normal -0.3216 0.946876 0
    outer loop
      vertex 71.1549 23.0604 38.0021
      vertex 70.9753 22.9994 40.3979
      vertex 71.1549 23.0604 40.3979
    endloop
  endfacet
  facet normal -0.3216 0.946876 0
    outer loop
      vertex 70.9753 22.9994 40.3979
      vertex 71.1549 23.0604 38.0021
      vertex 70.9753 22.9994 38.0021
    endloop
  endfacet
  facet normal 0.980783 -0.195102 0
    outer loop
      vertex 69.1624 24.5893 40.3979
      vertex 69.1994 24.7753 38.0021
      vertex 69.1994 24.7753 40.3979
    endloop
  endfacet
  facet normal 0.980783 -0.195102 0
    outer loop
      vertex 69.1994 24.7753 38.0021
      vertex 69.1624 24.5893 40.3979
      vertex 69.1624 24.5893 38.0021
    endloop
  endfacet
  facet normal -0.3216 -0.946876 0
    outer loop
      vertex 70.9753 25.8006 38.0021
      vertex 71.1549 25.7396 40.3979
      vertex 70.9753 25.8006 40.3979
    endloop
  endfacet
  facet normal -0.3216 -0.946876 -0
    outer loop
      vertex 71.1549 25.7396 40.3979
      vertex 70.9753 25.8006 38.0021
      vertex 71.1549 25.7396 38.0021
    endloop
  endfacet
  facet normal -0.831644 -0.555309 0
    outer loop
      vertex 71.8557 25.125 38.0021
      vertex 71.7504 25.2827 40.3979
      vertex 71.7504 25.2827 38.0021
    endloop
  endfacet
  facet normal -0.831644 -0.555309 0
    outer loop
      vertex 71.7504 25.2827 40.3979
      vertex 71.8557 25.125 38.0021
      vertex 71.8557 25.125 40.3979
    endloop
  endfacet
  facet normal -0.555309 0.831644 0
    outer loop
      vertex 71.4827 23.2496 38.0021
      vertex 71.325 23.1443 40.3979
      vertex 71.4827 23.2496 40.3979
    endloop
  endfacet
  facet normal -0.555309 0.831644 0
    outer loop
      vertex 71.325 23.1443 40.3979
      vertex 71.4827 23.2496 38.0021
      vertex 71.325 23.1443 38.0021
    endloop
  endfacet
  facet normal 0.751727 -0.659474 0
    outer loop
      vertex 69.4496 25.2827 40.3979
      vertex 69.5747 25.4253 38.0021
      vertex 69.5747 25.4253 40.3979
    endloop
  endfacet
  facet normal 0.751727 -0.659474 0
    outer loop
      vertex 69.5747 25.4253 38.0021
      vertex 69.4496 25.2827 40.3979
      vertex 69.4496 25.2827 38.0021
    endloop
  endfacet
  facet normal -0.751727 0.659474 0
    outer loop
      vertex 71.6253 23.3747 38.0021
      vertex 71.7504 23.5173 40.3979
      vertex 71.7504 23.5173 38.0021
    endloop
  endfacet
  facet normal -0.751727 0.659474 0
    outer loop
      vertex 71.7504 23.5173 40.3979
      vertex 71.6253 23.3747 38.0021
      vertex 71.6253 23.3747 40.3979
    endloop
  endfacet
  facet normal 0.896839 -0.442356 0
    outer loop
      vertex 69.2604 24.9549 40.3979
      vertex 69.3443 25.125 38.0021
      vertex 69.3443 25.125 40.3979
    endloop
  endfacet
  facet normal 0.896839 -0.442356 0
    outer loop
      vertex 69.3443 25.125 38.0021
      vertex 69.2604 24.9549 40.3979
      vertex 69.2604 24.9549 38.0021
    endloop
  endfacet
  facet normal 0.195102 -0.980783 0
    outer loop
      vertex 70.2247 25.8006 38.0021
      vertex 70.4107 25.8376 40.3979
      vertex 70.2247 25.8006 40.3979
    endloop
  endfacet
  facet normal 0.195102 -0.980783 0
    outer loop
      vertex 70.4107 25.8376 40.3979
      vertex 70.2247 25.8006 38.0021
      vertex 70.4107 25.8376 38.0021
    endloop
  endfacet
  facet normal -0.980783 -0.195102 0
    outer loop
      vertex 72.0376 24.5893 38.0021
      vertex 72.0006 24.7753 40.3979
      vertex 72.0006 24.7753 38.0021
    endloop
  endfacet
  facet normal -0.980783 -0.195102 0
    outer loop
      vertex 72.0006 24.7753 40.3979
      vertex 72.0376 24.5893 38.0021
      vertex 72.0376 24.5893 40.3979
    endloop
  endfacet
  facet normal -0.555309 -0.831644 0
    outer loop
      vertex 71.325 25.6557 38.0021
      vertex 71.4827 25.5504 40.3979
      vertex 71.325 25.6557 40.3979
    endloop
  endfacet
  facet normal -0.555309 -0.831644 -0
    outer loop
      vertex 71.4827 25.5504 40.3979
      vertex 71.325 25.6557 38.0021
      vertex 71.4827 25.5504 38.0021
    endloop
  endfacet
  facet normal -0.896839 0.442356 0
    outer loop
      vertex 71.8557 23.675 38.0021
      vertex 71.9396 23.8451 40.3979
      vertex 71.9396 23.8451 38.0021
    endloop
  endfacet
  facet normal -0.896839 0.442356 0
    outer loop
      vertex 71.9396 23.8451 40.3979
      vertex 71.8557 23.675 38.0021
      vertex 71.8557 23.675 40.3979
    endloop
  endfacet
  facet normal -0.442356 0.896839 0
    outer loop
      vertex 71.325 23.1443 38.0021
      vertex 71.1549 23.0604 40.3979
      vertex 71.325 23.1443 40.3979
    endloop
  endfacet
  facet normal -0.442356 0.896839 0
    outer loop
      vertex 71.1549 23.0604 40.3979
      vertex 71.325 23.1443 38.0021
      vertex 71.1549 23.0604 38.0021
    endloop
  endfacet
  facet normal 0.442356 -0.896839 0
    outer loop
      vertex 69.875 25.6557 38.0021
      vertex 70.0451 25.7396 40.3979
      vertex 69.875 25.6557 40.3979
    endloop
  endfacet
  facet normal 0.442356 -0.896839 0
    outer loop
      vertex 70.0451 25.7396 40.3979
      vertex 69.875 25.6557 38.0021
      vertex 70.0451 25.7396 38.0021
    endloop
  endfacet
  facet normal -0.946876 -0.3216 0
    outer loop
      vertex 72.0006 24.7753 38.0021
      vertex 71.9396 24.9549 40.3979
      vertex 71.9396 24.9549 38.0021
    endloop
  endfacet
  facet normal -0.946876 -0.3216 0
    outer loop
      vertex 71.9396 24.9549 40.3979
      vertex 72.0006 24.7753 38.0021
      vertex 72.0006 24.7753 40.3979
    endloop
  endfacet
  facet normal 0.997861 -0.0653644 0
    outer loop
      vertex 69.15 24.4 40.3979
      vertex 69.1624 24.5893 38.0021
      vertex 69.1624 24.5893 40.3979
    endloop
  endfacet
  facet normal 0.997861 -0.0653644 0
    outer loop
      vertex 69.1624 24.5893 38.0021
      vertex 69.15 24.4 40.3979
      vertex 69.15 24.4 38.0021
    endloop
  endfacet
  facet normal -0.997861 -0.0653644 0
    outer loop
      vertex 72.05 24.4 38.0021
      vertex 72.0376 24.5893 40.3979
      vertex 72.0376 24.5893 38.0021
    endloop
  endfacet
  facet normal -0.997861 -0.0653644 0
    outer loop
      vertex 72.0376 24.5893 40.3979
      vertex 72.05 24.4 38.0021
      vertex 72.05 24.4 40.3979
    endloop
  endfacet
  facet normal 0.659474 -0.751727 0
    outer loop
      vertex 69.5747 25.4253 38.0021
      vertex 69.7173 25.5504 40.3979
      vertex 69.5747 25.4253 40.3979
    endloop
  endfacet
  facet normal 0.659474 -0.751727 0
    outer loop
      vertex 69.7173 25.5504 40.3979
      vertex 69.5747 25.4253 38.0021
      vertex 69.7173 25.5504 38.0021
    endloop
  endfacet
  facet normal -0.751727 -0.659474 0
    outer loop
      vertex 71.7504 25.2827 38.0021
      vertex 71.6253 25.4253 40.3979
      vertex 71.6253 25.4253 38.0021
    endloop
  endfacet
  facet normal -0.751727 -0.659474 0
    outer loop
      vertex 71.6253 25.4253 40.3979
      vertex 71.7504 25.2827 38.0021
      vertex 71.7504 25.2827 40.3979
    endloop
  endfacet
  facet normal -0.659474 -0.751727 0
    outer loop
      vertex 71.4827 25.5504 38.0021
      vertex 71.6253 25.4253 40.3979
      vertex 71.4827 25.5504 40.3979
    endloop
  endfacet
  facet normal -0.659474 -0.751727 -0
    outer loop
      vertex 71.6253 25.4253 40.3979
      vertex 71.4827 25.5504 38.0021
      vertex 71.6253 25.4253 38.0021
    endloop
  endfacet
  facet normal -0.997861 0.0653644 0
    outer loop
      vertex 72.0376 24.2107 38.0021
      vertex 72.05 24.4 40.3979
      vertex 72.05 24.4 38.0021
    endloop
  endfacet
  facet normal -0.997861 0.0653644 0
    outer loop
      vertex 72.05 24.4 40.3979
      vertex 72.0376 24.2107 38.0021
      vertex 72.0376 24.2107 40.3979
    endloop
  endfacet
  facet normal 0.997861 0.0653644 0
    outer loop
      vertex 69.1624 24.2107 40.3979
      vertex 69.15 24.4 38.0021
      vertex 69.15 24.4 40.3979
    endloop
  endfacet
  facet normal 0.997861 0.0653644 0
    outer loop
      vertex 69.15 24.4 38.0021
      vertex 69.1624 24.2107 40.3979
      vertex 69.1624 24.2107 38.0021
    endloop
  endfacet
  facet normal -0.980783 0.195102 0
    outer loop
      vertex 72.0006 24.0247 38.0021
      vertex 72.0376 24.2107 40.3979
      vertex 72.0376 24.2107 38.0021
    endloop
  endfacet
  facet normal -0.980783 0.195102 0
    outer loop
      vertex 72.0376 24.2107 40.3979
      vertex 72.0006 24.0247 38.0021
      vertex 72.0006 24.0247 40.3979
    endloop
  endfacet
  facet normal -0.659474 0.751727 0
    outer loop
      vertex 71.6253 23.3747 38.0021
      vertex 71.4827 23.2496 40.3979
      vertex 71.6253 23.3747 40.3979
    endloop
  endfacet
  facet normal -0.659474 0.751727 0
    outer loop
      vertex 71.4827 23.2496 40.3979
      vertex 71.6253 23.3747 38.0021
      vertex 71.4827 23.2496 38.0021
    endloop
  endfacet
  facet normal 0.831644 -0.555309 0
    outer loop
      vertex 69.3443 25.125 40.3979
      vertex 69.4496 25.2827 38.0021
      vertex 69.4496 25.2827 40.3979
    endloop
  endfacet
  facet normal 0.831644 -0.555309 0
    outer loop
      vertex 69.4496 25.2827 38.0021
      vertex 69.3443 25.125 40.3979
      vertex 69.3443 25.125 38.0021
    endloop
  endfacet
  facet normal -0.0653644 0.997861 0
    outer loop
      vertex 70.7893 22.9624 38.0021
      vertex 70.6 22.95 40.3979
      vertex 70.7893 22.9624 40.3979
    endloop
  endfacet
  facet normal -0.0653644 0.997861 0
    outer loop
      vertex 70.6 22.95 40.3979
      vertex 70.7893 22.9624 38.0021
      vertex 70.6 22.95 38.0021
    endloop
  endfacet
  facet normal 0.946876 -0.3216 0
    outer loop
      vertex 69.1994 24.7753 40.3979
      vertex 69.2604 24.9549 38.0021
      vertex 69.2604 24.9549 40.3979
    endloop
  endfacet
  facet normal 0.946876 -0.3216 0
    outer loop
      vertex 69.2604 24.9549 38.0021
      vertex 69.1994 24.7753 40.3979
      vertex 69.1994 24.7753 38.0021
    endloop
  endfacet
  facet normal -0.442356 -0.896839 0
    outer loop
      vertex 71.1549 25.7396 38.0021
      vertex 71.325 25.6557 40.3979
      vertex 71.1549 25.7396 40.3979
    endloop
  endfacet
  facet normal -0.442356 -0.896839 -0
    outer loop
      vertex 71.325 25.6557 40.3979
      vertex 71.1549 25.7396 38.0021
      vertex 71.325 25.6557 38.0021
    endloop
  endfacet
  facet normal -0.0653644 -0.997861 0
    outer loop
      vertex 70.6 25.85 38.0021
      vertex 70.7893 25.8376 40.3979
      vertex 70.6 25.85 40.3979
    endloop
  endfacet
  facet normal -0.0653644 -0.997861 -0
    outer loop
      vertex 70.7893 25.8376 40.3979
      vertex 70.6 25.85 38.0021
      vertex 70.7893 25.8376 38.0021
    endloop
  endfacet
  facet normal 0.831644 0.555309 0
    outer loop
      vertex 69.4496 23.5173 40.3979
      vertex 69.3443 23.675 38.0021
      vertex 69.3443 23.675 40.3979
    endloop
  endfacet
  facet normal 0.831644 0.555309 0
    outer loop
      vertex 69.3443 23.675 38.0021
      vertex 69.4496 23.5173 40.3979
      vertex 69.4496 23.5173 38.0021
    endloop
  endfacet
  facet normal -0.831644 0.555309 0
    outer loop
      vertex 71.7504 23.5173 38.0021
      vertex 71.8557 23.675 40.3979
      vertex 71.8557 23.675 38.0021
    endloop
  endfacet
  facet normal -0.831644 0.555309 0
    outer loop
      vertex 71.8557 23.675 40.3979
      vertex 71.7504 23.5173 38.0021
      vertex 71.7504 23.5173 40.3979
    endloop
  endfacet
  facet normal 0.3216 -0.946876 0
    outer loop
      vertex 70.0451 25.7396 38.0021
      vertex 70.2247 25.8006 40.3979
      vertex 70.0451 25.7396 40.3979
    endloop
  endfacet
  facet normal 0.3216 -0.946876 0
    outer loop
      vertex 70.2247 25.8006 40.3979
      vertex 70.0451 25.7396 38.0021
      vertex 70.2247 25.8006 38.0021
    endloop
  endfacet
  facet normal -0.195102 0.980783 0
    outer loop
      vertex 70.9753 22.9994 38.0021
      vertex 70.7893 22.9624 40.3979
      vertex 70.9753 22.9994 40.3979
    endloop
  endfacet
  facet normal -0.195102 0.980783 0
    outer loop
      vertex 70.7893 22.9624 40.3979
      vertex 70.9753 22.9994 38.0021
      vertex 70.7893 22.9624 38.0021
    endloop
  endfacet
  facet normal 0.980783 0.195102 0
    outer loop
      vertex 69.1994 24.0247 40.3979
      vertex 69.1624 24.2107 38.0021
      vertex 69.1624 24.2107 40.3979
    endloop
  endfacet
  facet normal 0.980783 0.195102 0
    outer loop
      vertex 69.1624 24.2107 38.0021
      vertex 69.1994 24.0247 40.3979
      vertex 69.1994 24.0247 38.0021
    endloop
  endfacet
  facet normal 0.442356 0.896839 -0
    outer loop
      vertex 70.0451 23.0604 38.0021
      vertex 69.875 23.1443 40.3979
      vertex 70.0451 23.0604 40.3979
    endloop
  endfacet
  facet normal 0.442356 0.896839 0
    outer loop
      vertex 69.875 23.1443 40.3979
      vertex 70.0451 23.0604 38.0021
      vertex 69.875 23.1443 38.0021
    endloop
  endfacet
  facet normal 0.195102 0.980783 -0
    outer loop
      vertex 70.4107 22.9624 38.0021
      vertex 70.2247 22.9994 40.3979
      vertex 70.4107 22.9624 40.3979
    endloop
  endfacet
  facet normal 0.195102 0.980783 0
    outer loop
      vertex 70.2247 22.9994 40.3979
      vertex 70.4107 22.9624 38.0021
      vertex 70.2247 22.9994 38.0021
    endloop
  endfacet
  facet normal 0.555309 -0.831644 0
    outer loop
      vertex 69.7173 25.5504 38.0021
      vertex 69.875 25.6557 40.3979
      vertex 69.7173 25.5504 40.3979
    endloop
  endfacet
  facet normal 0.555309 -0.831644 0
    outer loop
      vertex 69.875 25.6557 40.3979
      vertex 69.7173 25.5504 38.0021
      vertex 69.875 25.6557 38.0021
    endloop
  endfacet
  facet normal -0.896839 -0.442356 0
    outer loop
      vertex 71.9396 24.9549 38.0021
      vertex 71.8557 25.125 40.3979
      vertex 71.8557 25.125 38.0021
    endloop
  endfacet
  facet normal -0.896839 -0.442356 0
    outer loop
      vertex 71.8557 25.125 40.3979
      vertex 71.9396 24.9549 38.0021
      vertex 71.9396 24.9549 40.3979
    endloop
  endfacet
  facet normal -0.195102 -0.980783 0
    outer loop
      vertex 70.7893 25.8376 38.0021
      vertex 70.9753 25.8006 40.3979
      vertex 70.7893 25.8376 40.3979
    endloop
  endfacet
  facet normal -0.195102 -0.980783 -0
    outer loop
      vertex 70.9753 25.8006 40.3979
      vertex 70.7893 25.8376 38.0021
      vertex 70.9753 25.8006 38.0021
    endloop
  endfacet
  facet normal 0.3216 0.946876 -0
    outer loop
      vertex 70.2247 22.9994 38.0021
      vertex 70.0451 23.0604 40.3979
      vertex 70.2247 22.9994 40.3979
    endloop
  endfacet
  facet normal 0.3216 0.946876 0
    outer loop
      vertex 70.0451 23.0604 40.3979
      vertex 70.2247 22.9994 38.0021
      vertex 70.0451 23.0604 38.0021
    endloop
  endfacet
  facet normal 0.0653644 0.997861 -0
    outer loop
      vertex 70.6 22.95 38.0021
      vertex 70.4107 22.9624 40.3979
      vertex 70.6 22.95 40.3979
    endloop
  endfacet
  facet normal 0.0653644 0.997861 0
    outer loop
      vertex 70.4107 22.9624 40.3979
      vertex 70.6 22.95 38.0021
      vertex 70.4107 22.9624 38.0021
    endloop
  endfacet
  facet normal -0.946876 0.3216 0
    outer loop
      vertex 71.9396 23.8451 38.0021
      vertex 72.0006 24.0247 40.3979
      vertex 72.0006 24.0247 38.0021
    endloop
  endfacet
  facet normal -0.946876 0.3216 0
    outer loop
      vertex 72.0006 24.0247 40.3979
      vertex 71.9396 23.8451 38.0021
      vertex 71.9396 23.8451 40.3979
    endloop
  endfacet
  facet normal 0.751727 0.659474 0
    outer loop
      vertex 69.5747 23.3747 40.3979
      vertex 69.4496 23.5173 38.0021
      vertex 69.4496 23.5173 40.3979
    endloop
  endfacet
  facet normal 0.751727 0.659474 0
    outer loop
      vertex 69.4496 23.5173 38.0021
      vertex 69.5747 23.3747 40.3979
      vertex 69.5747 23.3747 38.0021
    endloop
  endfacet
  facet normal 0.555309 0.831644 -0
    outer loop
      vertex 69.875 23.1443 38.0021
      vertex 69.7173 23.2496 40.3979
      vertex 69.875 23.1443 40.3979
    endloop
  endfacet
  facet normal 0.555309 0.831644 0
    outer loop
      vertex 69.7173 23.2496 40.3979
      vertex 69.875 23.1443 38.0021
      vertex 69.7173 23.2496 38.0021
    endloop
  endfacet
  facet normal 0.946876 0.3216 0
    outer loop
      vertex 69.2604 23.8451 40.3979
      vertex 69.1994 24.0247 38.0021
      vertex 69.1994 24.0247 40.3979
    endloop
  endfacet
  facet normal 0.946876 0.3216 0
    outer loop
      vertex 69.1994 24.0247 38.0021
      vertex 69.2604 23.8451 40.3979
      vertex 69.2604 23.8451 38.0021
    endloop
  endfacet
  facet normal 0.0653644 -0.997861 0
    outer loop
      vertex 70.4107 25.8376 38.0021
      vertex 70.6 25.85 40.3979
      vertex 70.4107 25.8376 40.3979
    endloop
  endfacet
  facet normal 0.0653644 -0.997861 0
    outer loop
      vertex 70.6 25.85 40.3979
      vertex 70.4107 25.8376 38.0021
      vertex 70.6 25.85 38.0021
    endloop
  endfacet
  facet normal 0.659474 0.751727 -0
    outer loop
      vertex 69.7173 23.2496 38.0021
      vertex 69.5747 23.3747 40.3979
      vertex 69.7173 23.2496 40.3979
    endloop
  endfacet
  facet normal 0.659474 0.751727 0
    outer loop
      vertex 69.5747 23.3747 40.3979
      vertex 69.7173 23.2496 38.0021
      vertex 69.5747 23.3747 38.0021
    endloop
  endfacet
  facet normal 0.0653644 -0.997861 0
    outer loop
      vertex 91.2107 25.8376 38.0021
      vertex 91.4 25.85 40.3979
      vertex 91.2107 25.8376 40.3979
    endloop
  endfacet
  facet normal 0.0653644 -0.997861 0
    outer loop
      vertex 91.4 25.85 40.3979
      vertex 91.2107 25.8376 38.0021
      vertex 91.4 25.85 38.0021
    endloop
  endfacet
  facet normal -0.980783 0.195102 0
    outer loop
      vertex 92.8006 24.0247 38.0021
      vertex 92.8376 24.2107 40.3979
      vertex 92.8376 24.2107 38.0021
    endloop
  endfacet
  facet normal -0.980783 0.195102 0
    outer loop
      vertex 92.8376 24.2107 40.3979
      vertex 92.8006 24.0247 38.0021
      vertex 92.8006 24.0247 40.3979
    endloop
  endfacet
  facet normal -0.659474 -0.751727 0
    outer loop
      vertex 92.2827 25.5504 38.0021
      vertex 92.4253 25.4253 40.3979
      vertex 92.2827 25.5504 40.3979
    endloop
  endfacet
  facet normal -0.659474 -0.751727 -0
    outer loop
      vertex 92.4253 25.4253 40.3979
      vertex 92.2827 25.5504 38.0021
      vertex 92.4253 25.4253 38.0021
    endloop
  endfacet
  facet normal 0.3216 0.946876 -0
    outer loop
      vertex 91.0247 22.9994 38.0021
      vertex 90.8451 23.0604 40.3979
      vertex 91.0247 22.9994 40.3979
    endloop
  endfacet
  facet normal 0.3216 0.946876 0
    outer loop
      vertex 90.8451 23.0604 40.3979
      vertex 91.0247 22.9994 38.0021
      vertex 90.8451 23.0604 38.0021
    endloop
  endfacet
  facet normal 0.980783 0.195102 0
    outer loop
      vertex 89.9994 24.0247 40.3979
      vertex 89.9624 24.2107 38.0021
      vertex 89.9624 24.2107 40.3979
    endloop
  endfacet
  facet normal 0.980783 0.195102 0
    outer loop
      vertex 89.9624 24.2107 38.0021
      vertex 89.9994 24.0247 40.3979
      vertex 89.9994 24.0247 38.0021
    endloop
  endfacet
  facet normal -0.442356 -0.896839 0
    outer loop
      vertex 91.9549 25.7396 38.0021
      vertex 92.125 25.6557 40.3979
      vertex 91.9549 25.7396 40.3979
    endloop
  endfacet
  facet normal -0.442356 -0.896839 -0
    outer loop
      vertex 92.125 25.6557 40.3979
      vertex 91.9549 25.7396 38.0021
      vertex 92.125 25.6557 38.0021
    endloop
  endfacet
  facet normal 0.997861 0.0653644 0
    outer loop
      vertex 89.9624 24.2107 40.3979
      vertex 89.95 24.4 38.0021
      vertex 89.95 24.4 40.3979
    endloop
  endfacet
  facet normal 0.997861 0.0653644 0
    outer loop
      vertex 89.95 24.4 38.0021
      vertex 89.9624 24.2107 40.3979
      vertex 89.9624 24.2107 38.0021
    endloop
  endfacet
  facet normal -0.896839 -0.442356 0
    outer loop
      vertex 92.7396 24.9549 38.0021
      vertex 92.6557 25.125 40.3979
      vertex 92.6557 25.125 38.0021
    endloop
  endfacet
  facet normal -0.896839 -0.442356 0
    outer loop
      vertex 92.6557 25.125 40.3979
      vertex 92.7396 24.9549 38.0021
      vertex 92.7396 24.9549 40.3979
    endloop
  endfacet
  facet normal 0.831644 -0.555309 0
    outer loop
      vertex 90.1443 25.125 40.3979
      vertex 90.2496 25.2827 38.0021
      vertex 90.2496 25.2827 40.3979
    endloop
  endfacet
  facet normal 0.831644 -0.555309 0
    outer loop
      vertex 90.2496 25.2827 38.0021
      vertex 90.1443 25.125 40.3979
      vertex 90.1443 25.125 38.0021
    endloop
  endfacet
  facet normal 0.946876 0.3216 0
    outer loop
      vertex 90.0604 23.8451 40.3979
      vertex 89.9994 24.0247 38.0021
      vertex 89.9994 24.0247 40.3979
    endloop
  endfacet
  facet normal 0.946876 0.3216 0
    outer loop
      vertex 89.9994 24.0247 38.0021
      vertex 90.0604 23.8451 40.3979
      vertex 90.0604 23.8451 38.0021
    endloop
  endfacet
  facet normal 0.195102 -0.980783 0
    outer loop
      vertex 91.0247 25.8006 38.0021
      vertex 91.2107 25.8376 40.3979
      vertex 91.0247 25.8006 40.3979
    endloop
  endfacet
  facet normal 0.195102 -0.980783 0
    outer loop
      vertex 91.2107 25.8376 40.3979
      vertex 91.0247 25.8006 38.0021
      vertex 91.2107 25.8376 38.0021
    endloop
  endfacet
  facet normal -0.980783 -0.195102 0
    outer loop
      vertex 92.8376 24.5893 38.0021
      vertex 92.8006 24.7753 40.3979
      vertex 92.8006 24.7753 38.0021
    endloop
  endfacet
  facet normal -0.980783 -0.195102 0
    outer loop
      vertex 92.8006 24.7753 40.3979
      vertex 92.8376 24.5893 38.0021
      vertex 92.8376 24.5893 40.3979
    endloop
  endfacet
  facet normal -0.751727 -0.659474 0
    outer loop
      vertex 92.5504 25.2827 38.0021
      vertex 92.4253 25.4253 40.3979
      vertex 92.4253 25.4253 38.0021
    endloop
  endfacet
  facet normal -0.751727 -0.659474 0
    outer loop
      vertex 92.4253 25.4253 40.3979
      vertex 92.5504 25.2827 38.0021
      vertex 92.5504 25.2827 40.3979
    endloop
  endfacet
  facet normal -0.997861 -0.0653644 0
    outer loop
      vertex 92.85 24.4 38.0021
      vertex 92.8376 24.5893 40.3979
      vertex 92.8376 24.5893 38.0021
    endloop
  endfacet
  facet normal -0.997861 -0.0653644 0
    outer loop
      vertex 92.8376 24.5893 40.3979
      vertex 92.85 24.4 38.0021
      vertex 92.85 24.4 40.3979
    endloop
  endfacet
  facet normal -0.946876 -0.3216 0
    outer loop
      vertex 92.8006 24.7753 38.0021
      vertex 92.7396 24.9549 40.3979
      vertex 92.7396 24.9549 38.0021
    endloop
  endfacet
  facet normal -0.946876 -0.3216 0
    outer loop
      vertex 92.7396 24.9549 40.3979
      vertex 92.8006 24.7753 38.0021
      vertex 92.8006 24.7753 40.3979
    endloop
  endfacet
  facet normal 0.195102 0.980783 -0
    outer loop
      vertex 91.2107 22.9624 38.0021
      vertex 91.0247 22.9994 40.3979
      vertex 91.2107 22.9624 40.3979
    endloop
  endfacet
  facet normal 0.195102 0.980783 0
    outer loop
      vertex 91.0247 22.9994 40.3979
      vertex 91.2107 22.9624 38.0021
      vertex 91.0247 22.9994 38.0021
    endloop
  endfacet
  facet normal 0.997861 -0.0653644 0
    outer loop
      vertex 89.95 24.4 40.3979
      vertex 89.9624 24.5893 38.0021
      vertex 89.9624 24.5893 40.3979
    endloop
  endfacet
  facet normal 0.997861 -0.0653644 0
    outer loop
      vertex 89.9624 24.5893 38.0021
      vertex 89.95 24.4 40.3979
      vertex 89.95 24.4 38.0021
    endloop
  endfacet
  facet normal -0.997861 0.0653644 0
    outer loop
      vertex 92.8376 24.2107 38.0021
      vertex 92.85 24.4 40.3979
      vertex 92.85 24.4 38.0021
    endloop
  endfacet
  facet normal -0.997861 0.0653644 0
    outer loop
      vertex 92.85 24.4 40.3979
      vertex 92.8376 24.2107 38.0021
      vertex 92.8376 24.2107 40.3979
    endloop
  endfacet
  facet normal -0.195102 0.980783 0
    outer loop
      vertex 91.7753 22.9994 38.0021
      vertex 91.5893 22.9624 40.3979
      vertex 91.7753 22.9994 40.3979
    endloop
  endfacet
  facet normal -0.195102 0.980783 0
    outer loop
      vertex 91.5893 22.9624 40.3979
      vertex 91.7753 22.9994 38.0021
      vertex 91.5893 22.9624 38.0021
    endloop
  endfacet
  facet normal -0.659474 0.751727 0
    outer loop
      vertex 92.4253 23.3747 38.0021
      vertex 92.2827 23.2496 40.3979
      vertex 92.4253 23.3747 40.3979
    endloop
  endfacet
  facet normal -0.659474 0.751727 0
    outer loop
      vertex 92.2827 23.2496 40.3979
      vertex 92.4253 23.3747 38.0021
      vertex 92.2827 23.2496 38.0021
    endloop
  endfacet
  facet normal -0.896839 0.442356 0
    outer loop
      vertex 92.6557 23.675 38.0021
      vertex 92.7396 23.8451 40.3979
      vertex 92.7396 23.8451 38.0021
    endloop
  endfacet
  facet normal -0.896839 0.442356 0
    outer loop
      vertex 92.7396 23.8451 40.3979
      vertex 92.6557 23.675 38.0021
      vertex 92.6557 23.675 40.3979
    endloop
  endfacet
  facet normal -0.555309 -0.831644 0
    outer loop
      vertex 92.125 25.6557 38.0021
      vertex 92.2827 25.5504 40.3979
      vertex 92.125 25.6557 40.3979
    endloop
  endfacet
  facet normal -0.555309 -0.831644 -0
    outer loop
      vertex 92.2827 25.5504 40.3979
      vertex 92.125 25.6557 38.0021
      vertex 92.2827 25.5504 38.0021
    endloop
  endfacet
  facet normal 0.3216 -0.946876 0
    outer loop
      vertex 90.8451 25.7396 38.0021
      vertex 91.0247 25.8006 40.3979
      vertex 90.8451 25.7396 40.3979
    endloop
  endfacet
  facet normal 0.3216 -0.946876 0
    outer loop
      vertex 91.0247 25.8006 40.3979
      vertex 90.8451 25.7396 38.0021
      vertex 91.0247 25.8006 38.0021
    endloop
  endfacet
  facet normal 0.0653644 0.997861 -0
    outer loop
      vertex 91.4 22.95 38.0021
      vertex 91.2107 22.9624 40.3979
      vertex 91.4 22.95 40.3979
    endloop
  endfacet
  facet normal 0.0653644 0.997861 0
    outer loop
      vertex 91.2107 22.9624 40.3979
      vertex 91.4 22.95 38.0021
      vertex 91.2107 22.9624 38.0021
    endloop
  endfacet
  facet normal -0.831644 0.555309 0
    outer loop
      vertex 92.5504 23.5173 38.0021
      vertex 92.6557 23.675 40.3979
      vertex 92.6557 23.675 38.0021
    endloop
  endfacet
  facet normal -0.831644 0.555309 0
    outer loop
      vertex 92.6557 23.675 40.3979
      vertex 92.5504 23.5173 38.0021
      vertex 92.5504 23.5173 40.3979
    endloop
  endfacet
  facet normal 0.442356 -0.896839 0
    outer loop
      vertex 90.675 25.6557 38.0021
      vertex 90.8451 25.7396 40.3979
      vertex 90.675 25.6557 40.3979
    endloop
  endfacet
  facet normal 0.442356 -0.896839 0
    outer loop
      vertex 90.8451 25.7396 40.3979
      vertex 90.675 25.6557 38.0021
      vertex 90.8451 25.7396 38.0021
    endloop
  endfacet
  facet normal -0.3216 0.946876 0
    outer loop
      vertex 91.9549 23.0604 38.0021
      vertex 91.7753 22.9994 40.3979
      vertex 91.9549 23.0604 40.3979
    endloop
  endfacet
  facet normal -0.3216 0.946876 0
    outer loop
      vertex 91.7753 22.9994 40.3979
      vertex 91.9549 23.0604 38.0021
      vertex 91.7753 22.9994 38.0021
    endloop
  endfacet
  facet normal -0.831644 -0.555309 0
    outer loop
      vertex 92.6557 25.125 38.0021
      vertex 92.5504 25.2827 40.3979
      vertex 92.5504 25.2827 38.0021
    endloop
  endfacet
  facet normal -0.831644 -0.555309 0
    outer loop
      vertex 92.5504 25.2827 40.3979
      vertex 92.6557 25.125 38.0021
      vertex 92.6557 25.125 40.3979
    endloop
  endfacet
  facet normal -0.0653644 0.997861 0
    outer loop
      vertex 91.5893 22.9624 38.0021
      vertex 91.4 22.95 40.3979
      vertex 91.5893 22.9624 40.3979
    endloop
  endfacet
  facet normal -0.0653644 0.997861 0
    outer loop
      vertex 91.4 22.95 40.3979
      vertex 91.5893 22.9624 38.0021
      vertex 91.4 22.95 38.0021
    endloop
  endfacet
  facet normal 0.896839 -0.442356 0
    outer loop
      vertex 90.0604 24.9549 40.3979
      vertex 90.1443 25.125 38.0021
      vertex 90.1443 25.125 40.3979
    endloop
  endfacet
  facet normal 0.896839 -0.442356 0
    outer loop
      vertex 90.1443 25.125 38.0021
      vertex 90.0604 24.9549 40.3979
      vertex 90.0604 24.9549 38.0021
    endloop
  endfacet
  facet normal -0.946876 0.3216 0
    outer loop
      vertex 92.7396 23.8451 38.0021
      vertex 92.8006 24.0247 40.3979
      vertex 92.8006 24.0247 38.0021
    endloop
  endfacet
  facet normal -0.946876 0.3216 0
    outer loop
      vertex 92.8006 24.0247 40.3979
      vertex 92.7396 23.8451 38.0021
      vertex 92.7396 23.8451 40.3979
    endloop
  endfacet
  facet normal -0.751727 0.659474 0
    outer loop
      vertex 92.4253 23.3747 38.0021
      vertex 92.5504 23.5173 40.3979
      vertex 92.5504 23.5173 38.0021
    endloop
  endfacet
  facet normal -0.751727 0.659474 0
    outer loop
      vertex 92.5504 23.5173 40.3979
      vertex 92.4253 23.3747 38.0021
      vertex 92.4253 23.3747 40.3979
    endloop
  endfacet
  facet normal -0.442356 0.896839 0
    outer loop
      vertex 92.125 23.1443 38.0021
      vertex 91.9549 23.0604 40.3979
      vertex 92.125 23.1443 40.3979
    endloop
  endfacet
  facet normal -0.442356 0.896839 0
    outer loop
      vertex 91.9549 23.0604 40.3979
      vertex 92.125 23.1443 38.0021
      vertex 91.9549 23.0604 38.0021
    endloop
  endfacet
  facet normal 0.751727 -0.659474 0
    outer loop
      vertex 90.2496 25.2827 40.3979
      vertex 90.3747 25.4253 38.0021
      vertex 90.3747 25.4253 40.3979
    endloop
  endfacet
  facet normal 0.751727 -0.659474 0
    outer loop
      vertex 90.3747 25.4253 38.0021
      vertex 90.2496 25.2827 40.3979
      vertex 90.2496 25.2827 38.0021
    endloop
  endfacet
  facet normal -0.195102 -0.980783 0
    outer loop
      vertex 91.5893 25.8376 38.0021
      vertex 91.7753 25.8006 40.3979
      vertex 91.5893 25.8376 40.3979
    endloop
  endfacet
  facet normal -0.195102 -0.980783 -0
    outer loop
      vertex 91.7753 25.8006 40.3979
      vertex 91.5893 25.8376 38.0021
      vertex 91.7753 25.8006 38.0021
    endloop
  endfacet
  facet normal 0.896839 0.442356 0
    outer loop
      vertex 90.1443 23.675 40.3979
      vertex 90.0604 23.8451 38.0021
      vertex 90.0604 23.8451 40.3979
    endloop
  endfacet
  facet normal 0.896839 0.442356 0
    outer loop
      vertex 90.0604 23.8451 38.0021
      vertex 90.1443 23.675 40.3979
      vertex 90.1443 23.675 38.0021
    endloop
  endfacet
  facet normal -0.555309 0.831644 0
    outer loop
      vertex 92.2827 23.2496 38.0021
      vertex 92.125 23.1443 40.3979
      vertex 92.2827 23.2496 40.3979
    endloop
  endfacet
  facet normal -0.555309 0.831644 0
    outer loop
      vertex 92.125 23.1443 40.3979
      vertex 92.2827 23.2496 38.0021
      vertex 92.125 23.1443 38.0021
    endloop
  endfacet
  facet normal -0.0653644 -0.997861 0
    outer loop
      vertex 91.4 25.85 38.0021
      vertex 91.5893 25.8376 40.3979
      vertex 91.4 25.85 40.3979
    endloop
  endfacet
  facet normal -0.0653644 -0.997861 -0
    outer loop
      vertex 91.5893 25.8376 40.3979
      vertex 91.4 25.85 38.0021
      vertex 91.5893 25.8376 38.0021
    endloop
  endfacet
  facet normal -0.3216 -0.946876 0
    outer loop
      vertex 91.7753 25.8006 38.0021
      vertex 91.9549 25.7396 40.3979
      vertex 91.7753 25.8006 40.3979
    endloop
  endfacet
  facet normal -0.3216 -0.946876 -0
    outer loop
      vertex 91.9549 25.7396 40.3979
      vertex 91.7753 25.8006 38.0021
      vertex 91.9549 25.7396 38.0021
    endloop
  endfacet
  facet normal 0.555309 -0.831644 0
    outer loop
      vertex 90.5173 25.5504 38.0021
      vertex 90.675 25.6557 40.3979
      vertex 90.5173 25.5504 40.3979
    endloop
  endfacet
  facet normal 0.555309 -0.831644 0
    outer loop
      vertex 90.675 25.6557 40.3979
      vertex 90.5173 25.5504 38.0021
      vertex 90.675 25.6557 38.0021
    endloop
  endfacet
  facet normal 0.659474 -0.751727 0
    outer loop
      vertex 90.3747 25.4253 38.0021
      vertex 90.5173 25.5504 40.3979
      vertex 90.3747 25.4253 40.3979
    endloop
  endfacet
  facet normal 0.659474 -0.751727 0
    outer loop
      vertex 90.5173 25.5504 40.3979
      vertex 90.3747 25.4253 38.0021
      vertex 90.5173 25.5504 38.0021
    endloop
  endfacet
  facet normal 0.751727 0.659474 0
    outer loop
      vertex 90.3747 23.3747 40.3979
      vertex 90.2496 23.5173 38.0021
      vertex 90.2496 23.5173 40.3979
    endloop
  endfacet
  facet normal 0.751727 0.659474 0
    outer loop
      vertex 90.2496 23.5173 38.0021
      vertex 90.3747 23.3747 40.3979
      vertex 90.3747 23.3747 38.0021
    endloop
  endfacet
  facet normal 0.555309 0.831644 -0
    outer loop
      vertex 90.675 23.1443 38.0021
      vertex 90.5173 23.2496 40.3979
      vertex 90.675 23.1443 40.3979
    endloop
  endfacet
  facet normal 0.555309 0.831644 0
    outer loop
      vertex 90.5173 23.2496 40.3979
      vertex 90.675 23.1443 38.0021
      vertex 90.5173 23.2496 38.0021
    endloop
  endfacet
  facet normal 0.442356 0.896839 -0
    outer loop
      vertex 90.8451 23.0604 38.0021
      vertex 90.675 23.1443 40.3979
      vertex 90.8451 23.0604 40.3979
    endloop
  endfacet
  facet normal 0.442356 0.896839 0
    outer loop
      vertex 90.675 23.1443 40.3979
      vertex 90.8451 23.0604 38.0021
      vertex 90.675 23.1443 38.0021
    endloop
  endfacet
  facet normal 0.659474 0.751727 -0
    outer loop
      vertex 90.5173 23.2496 38.0021
      vertex 90.3747 23.3747 40.3979
      vertex 90.5173 23.2496 40.3979
    endloop
  endfacet
  facet normal 0.659474 0.751727 0
    outer loop
      vertex 90.3747 23.3747 40.3979
      vertex 90.5173 23.2496 38.0021
      vertex 90.3747 23.3747 38.0021
    endloop
  endfacet
  facet normal 0.946876 -0.3216 0
    outer loop
      vertex 89.9994 24.7753 40.3979
      vertex 90.0604 24.9549 38.0021
      vertex 90.0604 24.9549 40.3979
    endloop
  endfacet
  facet normal 0.946876 -0.3216 0
    outer loop
      vertex 90.0604 24.9549 38.0021
      vertex 89.9994 24.7753 40.3979
      vertex 89.9994 24.7753 38.0021
    endloop
  endfacet
  facet normal 0.831644 0.555309 0
    outer loop
      vertex 90.2496 23.5173 40.3979
      vertex 90.1443 23.675 38.0021
      vertex 90.1443 23.675 40.3979
    endloop
  endfacet
  facet normal 0.831644 0.555309 0
    outer loop
      vertex 90.1443 23.675 38.0021
      vertex 90.2496 23.5173 40.3979
      vertex 90.2496 23.5173 38.0021
    endloop
  endfacet
  facet normal 0.980783 -0.195102 0
    outer loop
      vertex 89.9624 24.5893 40.3979
      vertex 89.9994 24.7753 38.0021
      vertex 89.9994 24.7753 40.3979
    endloop
  endfacet
  facet normal 0.980783 -0.195102 0
    outer loop
      vertex 89.9994 24.7753 38.0021
      vertex 89.9624 24.5893 40.3979
      vertex 89.9624 24.5893 38.0021
    endloop
  endfacet
  facet normal 0.376187 0.330353 0.86565
    outer loop
      vertex 93.6408 26.5382 40.2315
      vertex 93.5127 26.5127 40.2969
      vertex 93.5509 26.4692 40.2969
    endloop
  endfacet
  facet normal 0.0604486 0.922401 -0.381473
    outer loop
      vertex 93.3236 27.1388 38.6786
      vertex 93.2 27.0969 38.5577
      vertex 93.2 27.1469 38.6786
    endloop
  endfacet
  facet normal -0.745149 -0.653999 0.13053
    outer loop
      vertex 68.1065 -13.4935 39.5951
      vertex 68.0083 -13.4075 39.4654
      vertex 68.0944 -13.5056 39.4654
    endloop
  endfacet
  facet normal 0.0631687 0.963908 0.258632
    outer loop
      vertex 93.328 27.1724 39.5951
      vertex 93.2 27.1469 39.7214
      vertex 93.3236 27.1388 39.7214
    endloop
  endfacet
  facet normal 0.670505 -0.227583 -0.706136
    outer loop
      vertex 93.8946 -13.0877 38.3407
      vertex 93.8092 -13.0523 38.2482
      vertex 93.9262 -12.9946 38.3407
    endloop
  endfacet
  facet normal -0.457976 0.402616 -0.792565
    outer loop
      vertex 68.3592 26.5382 38.1685
      vertex 68.3338 26.6662 38.2482
      vertex 68.4072 26.5928 38.1685
    endloop
  endfacet
  facet normal 0.232716 0.114815 0.965744
    outer loop
      vertex 93.4784 26.3607 40.3469
      vertex 93.3689 26.2975 40.3808
      vertex 93.497 26.323 40.3469
    endloop
  endfacet
  facet normal 0 -0.79288 -0.609378
    outer loop
      vertex 68.8 -13.5518 38.3407
      vertex 93.2 -13.6315 38.4444
      vertex 68.8 -13.6315 38.4444
    endloop
  endfacet
  facet normal 0 -0.79288 -0.609378
    outer loop
      vertex 93.2 -13.6315 38.4444
      vertex 68.8 -13.5518 38.3407
      vertex 93.2 -13.5518 38.3407
    endloop
  endfacet
  facet normal 0.608883 0.0403122 0.792235
    outer loop
      vertex 93.8593 26.2 40.1518
      vertex 93.7508 26.2725 40.2315
      vertex 93.7556 26.2 40.2315
    endloop
  endfacet
  facet normal 0.34363 0.169537 -0.923675
    outer loop
      vertex 93.497 26.323 38.0531
      vertex 93.4784 26.3607 38.0531
      vertex 93.583 26.4211 38.1031
    endloop
  endfacet
  facet normal 0.288069 0.252516 0.923716
    outer loop
      vertex 93.5509 26.4692 40.2969
      vertex 93.4273 26.4273 40.3469
      vertex 93.455 26.3957 40.3469
    endloop
  endfacet
  facet normal -0.362744 -0.123121 0.923719
    outer loop
      vertex 68.4895 -12.8832 40.3469
      vertex 68.3728 -12.9145 40.2969
      vertex 68.3914 -12.9693 40.2969
    endloop
  endfacet
  facet normal 0.118752 0.598002 0.792648
    outer loop
      vertex 93.3707 26.8369 40.1518
      vertex 93.2861 26.8537 40.1518
      vertex 93.3438 26.7366 40.2315
    endloop
  endfacet
  facet normal 0.169728 0.343434 0.923713
    outer loop
      vertex 93.3693 26.6086 40.2969
      vertex 93.323 26.497 40.3469
      vertex 93.4211 26.583 40.2969
    endloop
  endfacet
  facet normal 0.70636 0.0459421 -0.70636
    outer loop
      vertex 93.8593 26.2 38.2482
      vertex 93.8537 26.2861 38.2482
      vertex 93.9518 26.2 38.3407
    endloop
  endfacet
  facet normal -0.745175 0.653961 0.130575
    outer loop
      vertex 68.1065 26.8935 39.5951
      vertex 68.0083 26.8075 39.4654
      vertex 68.0219 26.7971 39.5951
    endloop
  endfacet
  facet normal -0.751579 -0.659643 0
    outer loop
      vertex 68.0944 -13.5056 38.9346
      vertex 68.0083 -13.4075 39.4654
      vertex 68.0083 -13.4075 38.9346
    endloop
  endfacet
  facet normal -0.751579 -0.659643 0
    outer loop
      vertex 68.0083 -13.4075 39.4654
      vertex 68.0944 -13.5056 38.9346
      vertex 68.0944 -13.5056 39.4654
    endloop
  endfacet
  facet normal 0.7919 0.0516632 -0.608461
    outer loop
      vertex 93.9518 26.2 38.3407
      vertex 93.9454 26.2981 38.3407
      vertex 94.0244 26.3085 38.4444
    endloop
  endfacet
  facet normal 0.254603 0.0506733 0.965717
    outer loop
      vertex 93.5105 26.2832 40.3469
      vertex 93.3934 26.2255 40.3808
      vertex 93.5187 26.242 40.3469
    endloop
  endfacet
  facet normal 0.330634 0.376096 0.865582
    outer loop
      vertex 93.5382 26.6408 40.2315
      vertex 93.5127 26.5127 40.2969
      vertex 93.5928 26.5928 40.2315
    endloop
  endfacet
  facet normal 0.0427814 0.123761 0.991389
    outer loop
      vertex 93.2747 26.3802 40.3808
      vertex 93.2169 26.2632 40.3979
      vertex 93.225 26.2604 40.3979
    endloop
  endfacet
  facet normal 0.947606 -0.187961 0.25829
    outer loop
      vertex 94.1388 -12.9236 39.7214
      vertex 94.1147 -13.0451 39.7214
      vertex 94.1474 -13.0538 39.5951
    endloop
  endfacet
  facet normal 0.024493 0.128589 0.991396
    outer loop
      vertex 93.2255 26.3934 40.3808
      vertex 93.2085 26.2648 40.3979
      vertex 93.2169 26.2632 40.3979
    endloop
  endfacet
  facet normal -0.392977 0.588746 -0.706362
    outer loop
      vertex 68.3986 26.7231 38.2482
      vertex 68.3423 26.7965 38.3407
      vertex 68.4241 26.8511 38.3407
    endloop
  endfacet
  facet normal 0 0.499921 -0.866071
    outer loop
      vertex 68.8 26.6423 38.1031
      vertex 93.2 26.7556 38.1685
      vertex 93.2 26.6423 38.1031
    endloop
  endfacet
  facet normal 0 0.499921 -0.866071
    outer loop
      vertex 93.2 26.7556 38.1685
      vertex 68.8 26.6423 38.1031
      vertex 68.8 26.7556 38.1685
    endloop
  endfacet
  facet normal -0.0606476 0.922316 0.381647
    outer loop
      vertex 68.8 27.0969 39.8423
      vertex 68.6764 27.1388 39.7214
      vertex 68.6829 27.0892 39.8423
    endloop
  endfacet
  facet normal -0.875046 0.296933 0.382264
    outer loop
      vertex 67.9714 26.5432 39.8423
      vertex 67.9251 26.5624 39.7214
      vertex 67.9337 26.4321 39.8423
    endloop
  endfacet
  facet normal -0.194496 -0.980903 0
    outer loop
      vertex 68.5417 -13.7639 38.9346
      vertex 68.6698 -13.7893 39.4654
      vertex 68.5417 -13.7639 39.4654
    endloop
  endfacet
  facet normal -0.194496 -0.980903 -0
    outer loop
      vertex 68.6698 -13.7893 39.4654
      vertex 68.5417 -13.7639 38.9346
      vertex 68.6698 -13.7893 38.9346
    endloop
  endfacet
  facet normal -0.972497 -0.193263 -0.129995
    outer loop
      vertex 67.8526 -13.0538 38.8049
      vertex 67.8107 -12.9302 38.9346
      vertex 67.8276 -12.928 38.8049
    endloop
  endfacet
  facet normal -0.382172 0 -0.924091
    outer loop
      vertex 68.3577 -12.8 38.1031
      vertex 68.4786 26.2 38.0531
      vertex 68.4786 -12.8 38.0531
    endloop
  endfacet
  facet normal -0.382172 0 -0.924091
    outer loop
      vertex 68.4786 26.2 38.0531
      vertex 68.3577 -12.8 38.1031
      vertex 68.3577 26.2 38.1031
    endloop
  endfacet
  facet normal -0.297015 -0.875288 0.381646
    outer loop
      vertex 68.4568 -13.6286 39.8423
      vertex 68.4376 -13.6748 39.7214
      vertex 68.5679 -13.6663 39.8423
    endloop
  endfacet
  facet normal -0.0631687 -0.963908 0.258632
    outer loop
      vertex 68.6764 -13.7388 39.7214
      vertex 68.672 -13.7724 39.5951
      vertex 68.8 -13.7469 39.7214
    endloop
  endfacet
  facet normal -0.989301 0.0653456 -0.130432
    outer loop
      vertex 67.8192 26.2 38.8049
      vertex 67.8021 26.2 38.9346
      vertex 67.8107 26.3302 38.9346
    endloop
  endfacet
  facet normal -0.259197 -0.0166627 -0.965681
    outer loop
      vertex 68.4813 -12.842 38.0531
      vertex 68.4786 -12.8 38.0531
      vertex 68.6049 -12.8 38.0192
    endloop
  endfacet
  facet normal 0.382172 0 0.924091
    outer loop
      vertex 93.5214 26.2 40.3469
      vertex 93.6423 -12.8 40.2969
      vertex 93.6423 26.2 40.2969
    endloop
  endfacet
  facet normal 0.382172 0 0.924091
    outer loop
      vertex 93.6423 -12.8 40.2969
      vertex 93.5214 26.2 40.3469
      vertex 93.5214 -12.8 40.3469
    endloop
  endfacet
  facet normal 0.448927 0.221864 0.865587
    outer loop
      vertex 93.7133 26.4126 40.2315
      vertex 93.583 26.4211 40.2969
      vertex 93.6086 26.3693 40.2969
    endloop
  endfacet
  facet normal 0.914853 -0.31041 0.258244
    outer loop
      vertex 94.1147 -13.0451 39.7214
      vertex 94.0749 -13.1624 39.7214
      vertex 94.1474 -13.0538 39.5951
    endloop
  endfacet
  facet normal -0.0649283 0.989383 -0.130019
    outer loop
      vertex 68.672 27.1724 38.8049
      vertex 68.6698 27.1893 38.9346
      vertex 68.8 27.1808 38.8049
    endloop
  endfacet
  facet normal 0.382056 0.0245608 0.923813
    outer loop
      vertex 93.6423 26.2 40.2969
      vertex 93.5187 26.242 40.3469
      vertex 93.5214 26.2 40.3469
    endloop
  endfacet
  facet normal 1 -0 0
    outer loop
      vertex 94.1979 -12.8 39.4654
      vertex 94.1979 26.2 38.9346
      vertex 94.1979 26.2 39.4654
    endloop
  endfacet
  facet normal 1 0 0
    outer loop
      vertex 94.1979 26.2 38.9346
      vertex 94.1979 -12.8 39.4654
      vertex 94.1979 -12.8 38.9346
    endloop
  endfacet
  facet normal 0.0606476 0.922316 0.381647
    outer loop
      vertex 93.3236 27.1388 39.7214
      vertex 93.2 27.0969 39.8423
      vertex 93.3171 27.0892 39.8423
    endloop
  endfacet
  facet normal -0 0.382172 0.924091
    outer loop
      vertex 68.8 26.6423 40.2969
      vertex 93.2 26.5214 40.3469
      vertex 93.2 26.6423 40.2969
    endloop
  endfacet
  facet normal 0 0.382172 0.924091
    outer loop
      vertex 93.2 26.5214 40.3469
      vertex 68.8 26.6423 40.2969
      vertex 68.8 26.5214 40.3469
    endloop
  endfacet
  facet normal -0.0606476 0.922316 -0.381647
    outer loop
      vertex 68.6829 27.0892 38.5577
      vertex 68.6764 27.1388 38.6786
      vertex 68.8 27.0969 38.5577
    endloop
  endfacet
  facet normal 0.245812 0.0833786 0.965725
    outer loop
      vertex 93.497 26.323 40.3469
      vertex 93.3802 26.2747 40.3808
      vertex 93.5105 26.2832 40.3469
    endloop
  endfacet
  facet normal 0.362794 0.123058 0.923708
    outer loop
      vertex 93.6086 26.3693 40.2969
      vertex 93.497 26.323 40.3469
      vertex 93.5105 26.2832 40.3469
    endloop
  endfacet
  facet normal -0 0.259233 0.965815
    outer loop
      vertex 68.8 26.5214 40.3469
      vertex 93.2 26.3951 40.3808
      vertex 93.2 26.5214 40.3469
    endloop
  endfacet
  facet normal 0 0.259233 0.965815
    outer loop
      vertex 93.2 26.3951 40.3808
      vertex 68.8 26.5214 40.3469
      vertex 68.8 26.3951 40.3808
    endloop
  endfacet
  facet normal -0.947606 -0.187961 0.25829
    outer loop
      vertex 67.8612 -12.9236 39.7214
      vertex 67.8526 -13.0538 39.5951
      vertex 67.8853 -13.0451 39.7214
    endloop
  endfacet
  facet normal 0 -0.707107 -0.707107
    outer loop
      vertex 68.8 -13.5518 38.3407
      vertex 93.2 -13.4593 38.2482
      vertex 93.2 -13.5518 38.3407
    endloop
  endfacet
  facet normal -0 -0.707107 -0.707107
    outer loop
      vertex 93.2 -13.4593 38.2482
      vertex 68.8 -13.5518 38.3407
      vertex 68.8 -13.4593 38.2482
    endloop
  endfacet
  facet normal -0.875046 -0.296933 0.382264
    outer loop
      vertex 67.9337 -13.0321 39.8423
      vertex 67.9251 -13.1624 39.7214
      vertex 67.9714 -13.1432 39.8423
    endloop
  endfacet
  facet normal -0.711762 -0.351039 -0.608413
    outer loop
      vertex 68.1489 -13.1759 38.3407
      vertex 68.0318 -13.1182 38.4444
      vertex 68.1054 -13.0877 38.3407
    endloop
  endfacet
  facet normal 0.024493 -0.128589 -0.991396
    outer loop
      vertex 93.2255 -12.9934 38.0192
      vertex 93.2085 -12.8648 38.0021
      vertex 93.2169 -12.8632 38.0021
    endloop
  endfacet
  facet normal 0 -0.866071 -0.499921
    outer loop
      vertex 68.8 -13.6315 38.4444
      vertex 93.2 -13.6969 38.5577
      vertex 68.8 -13.6969 38.5577
    endloop
  endfacet
  facet normal 0 -0.866071 -0.499921
    outer loop
      vertex 93.2 -13.6969 38.5577
      vertex 68.8 -13.6315 38.4444
      vertex 93.2 -13.6315 38.4444
    endloop
  endfacet
  facet normal 0.11746 0.0579672 0.991384
    outer loop
      vertex 93.3802 26.2747 40.3808
      vertex 93.2566 26.2327 40.3979
      vertex 93.2604 26.225 40.3979
    endloop
  endfacet
  facet normal 0.119116 -0.598096 -0.792523
    outer loop
      vertex 93.2861 -13.4537 38.2482
      vertex 93.2725 -13.3508 38.1685
      vertex 93.3438 -13.3366 38.1685
    endloop
  endfacet
  facet normal -0.550506 -0.82462 0.130175
    outer loop
      vertex 68.3096 -13.6494 39.5951
      vertex 68.1925 -13.5917 39.4654
      vertex 68.3011 -13.6642 39.4654
    endloop
  endfacet
  facet normal 0.711762 0.351039 -0.608413
    outer loop
      vertex 93.8946 26.4877 38.3407
      vertex 93.8511 26.5759 38.3407
      vertex 93.9682 26.5182 38.4444
    endloop
  endfacet
  facet normal -0.79288 0 0.609378
    outer loop
      vertex 67.9685 -12.8 39.9556
      vertex 68.0482 26.2 40.0593
      vertex 67.9685 26.2 39.9556
    endloop
  endfacet
  facet normal -0.79288 0 0.609378
    outer loop
      vertex 68.0482 26.2 40.0593
      vertex 67.9685 -12.8 39.9556
      vertex 68.0482 -12.8 40.0593
    endloop
  endfacet
  facet normal -0.864784 -0.0568645 0.498915
    outer loop
      vertex 67.9756 -12.9085 39.9556
      vertex 67.9031 -12.8 39.8423
      vertex 67.9108 -12.9171 39.8423
    endloop
  endfacet
  facet normal -0.571402 -0.651096 0.499573
    outer loop
      vertex 68.2121 -13.3879 39.9556
      vertex 68.1658 -13.4342 39.8423
      vertex 68.2938 -13.4596 39.9556
    endloop
  endfacet
  facet normal 0.946829 -0.321738 0
    outer loop
      vertex 94.1219 -13.1819 39.4654
      vertex 94.1639 -13.0583 38.9346
      vertex 94.1639 -13.0583 39.4654
    endloop
  endfacet
  facet normal 0.946829 -0.321738 0
    outer loop
      vertex 94.1639 -13.0583 38.9346
      vertex 94.1219 -13.1819 39.4654
      vertex 94.1219 -13.1819 38.9346
    endloop
  endfacet
  facet normal 0.0577381 -0.117538 -0.991388
    outer loop
      vertex 93.2747 -12.9802 38.0192
      vertex 93.2327 -12.8566 38.0021
      vertex 93.2975 -12.969 38.0192
    endloop
  endfacet
  facet normal -0.609378 0 -0.79288
    outer loop
      vertex 68.1407 -12.8 38.2482
      vertex 68.2444 26.2 38.1685
      vertex 68.2444 -12.8 38.1685
    endloop
  endfacet
  facet normal -0.609378 0 -0.79288
    outer loop
      vertex 68.2444 26.2 38.1685
      vertex 68.1407 -12.8 38.2482
      vertex 68.1407 26.2 38.2482
    endloop
  endfacet
  facet normal 0.362744 0.123121 0.923719
    outer loop
      vertex 93.6086 26.3693 40.2969
      vertex 93.5105 26.2832 40.3469
      vertex 93.6272 26.3145 40.2969
    endloop
  endfacet
  facet normal 0.416435 0.277912 0.865648
    outer loop
      vertex 93.6408 26.5382 40.2315
      vertex 93.5509 26.4692 40.2969
      vertex 93.583 26.4211 40.2969
    endloop
  endfacet
  facet normal 0.507249 0.338446 0.792561
    outer loop
      vertex 93.771 26.5297 40.1518
      vertex 93.6408 26.5382 40.2315
      vertex 93.6811 26.4778 40.2315
    endloop
  endfacet
  facet normal 0.474144 0.160932 0.865615
    outer loop
      vertex 93.7133 26.4126 40.2315
      vertex 93.6086 26.3693 40.2969
      vertex 93.6272 26.3145 40.2969
    endloop
  endfacet
  facet normal 0.402358 0.458221 0.792554
    outer loop
      vertex 93.6014 26.7231 40.1518
      vertex 93.5928 26.5928 40.2315
      vertex 93.6662 26.6662 40.1518
    endloop
  endfacet
  facet normal 0.438511 -0.889181 0.130634
    outer loop
      vertex 93.6989 -13.6642 39.4654
      vertex 93.5753 -13.7061 39.5951
      vertex 93.5819 -13.7219 39.4654
    endloop
  endfacet
  facet normal 0.889181 0.438511 0.130634
    outer loop
      vertex 94.1219 26.5819 39.4654
      vertex 94.0642 26.6989 39.4654
      vertex 94.1061 26.5753 39.5951
    endloop
  endfacet
  facet normal 0.382229 0.0251728 0.923725
    outer loop
      vertex 93.6385 26.2577 40.2969
      vertex 93.5187 26.242 40.3469
      vertex 93.6423 26.2 40.2969
    endloop
  endfacet
  facet normal -0.889425 0.438144 0.130206
    outer loop
      vertex 67.9358 26.6989 39.4654
      vertex 67.8939 26.5753 39.5951
      vertex 67.9506 26.6904 39.5951
    endloop
  endfacet
  facet normal -0.155401 0.778463 0.608149
    outer loop
      vertex 68.6915 27.0244 39.9556
      vertex 68.5848 27.0031 39.9556
      vertex 68.6054 26.9262 40.0593
    endloop
  endfacet
  facet normal 0.84994 -0.169249 0.498956
    outer loop
      vertex 94.0892 -12.9171 39.8423
      vertex 94.0244 -12.9085 39.9556
      vertex 94.0663 -13.0321 39.8423
    endloop
  endfacet
  facet normal 0.318983 0.938721 0.130587
    outer loop
      vertex 93.5819 27.1219 39.4654
      vertex 93.4583 27.1639 39.4654
      vertex 93.5753 27.1061 39.5951
    endloop
  endfacet
  facet normal 0.130707 -0.00871377 0.991383
    outer loop
      vertex 93.3951 -12.8 40.3808
      vertex 93.2654 -12.8 40.3979
      vertex 93.3934 -12.8255 40.3808
    endloop
  endfacet
  facet normal 0.232614 0.115287 0.965712
    outer loop
      vertex 93.497 26.323 40.3469
      vertex 93.3689 26.2975 40.3808
      vertex 93.3802 26.2747 40.3808
    endloop
  endfacet
  facet normal 0.318439 0.212899 0.923727
    outer loop
      vertex 93.5509 26.4692 40.2969
      vertex 93.455 26.3957 40.3469
      vertex 93.4784 26.3607 40.3469
    endloop
  endfacet
  facet normal -0.117387 0.0581789 0.991381
    outer loop
      vertex 68.6311 26.2975 40.3808
      vertex 68.6198 26.2747 40.3808
      vertex 68.7434 26.2327 40.3979
    endloop
  endfacet
  facet normal -0.252853 0.287935 0.923666
    outer loop
      vertex 68.5308 26.5509 40.2969
      vertex 68.4873 26.5127 40.2969
      vertex 68.5727 26.4273 40.3469
    endloop
  endfacet
  facet normal -0.694521 0.137919 0.70613
    outer loop
      vertex 68.1631 26.3707 40.1518
      vertex 68.0738 26.3946 40.0593
      vertex 68.1463 26.2861 40.1518
    endloop
  endfacet
  facet normal -0.791815 0.0518146 0.60856
    outer loop
      vertex 67.9756 26.3085 39.9556
      vertex 67.9685 26.2 39.9556
      vertex 68.0482 26.2 40.0593
    endloop
  endfacet
  facet normal -0.187961 0.947606 0.25829
    outer loop
      vertex 68.6764 27.1388 39.7214
      vertex 68.5462 27.1474 39.5951
      vertex 68.5549 27.1147 39.7214
    endloop
  endfacet
  facet normal -0.0604486 0.922401 0.381473
    outer loop
      vertex 68.8 27.1469 39.7214
      vertex 68.6764 27.1388 39.7214
      vertex 68.8 27.0969 39.8423
    endloop
  endfacet
  facet normal -0.914853 0.31041 -0.258244
    outer loop
      vertex 67.8853 26.4451 38.6786
      vertex 67.8526 26.4538 38.8049
      vertex 67.9251 26.5624 38.6786
    endloop
  endfacet
  facet normal -0.828695 0.408753 0.382341
    outer loop
      vertex 67.9799 26.6735 39.7214
      vertex 67.9251 26.5624 39.7214
      vertex 68.0233 26.6484 39.8423
    endloop
  endfacet
  facet normal -0.653961 -0.745175 0.130575
    outer loop
      vertex 68.2029 -13.5781 39.5951
      vertex 68.1065 -13.4935 39.5951
      vertex 68.1925 -13.5917 39.4654
    endloop
  endfacet
  facet normal -0.651666 -0.571131 -0.499139
    outer loop
      vertex 68.1658 -13.4342 38.5577
      vertex 68.0885 -13.346 38.5577
      vertex 68.1404 -13.3062 38.4444
    endloop
  endfacet
  facet normal 0.130712 0 0.99142
    outer loop
      vertex 93.2654 26.2 40.3979
      vertex 93.3951 -12.8 40.3808
      vertex 93.3951 26.2 40.3808
    endloop
  endfacet
  facet normal 0.130712 0 0.99142
    outer loop
      vertex 93.3951 -12.8 40.3808
      vertex 93.2654 26.2 40.3979
      vertex 93.2654 -12.8 40.3979
    endloop
  endfacet
  facet normal -0.922316 0.0606476 0.381647
    outer loop
      vertex 67.9108 26.3171 39.8423
      vertex 67.8612 26.3236 39.7214
      vertex 67.9031 26.2 39.8423
    endloop
  endfacet
  facet normal -0.980903 -0.194496 0
    outer loop
      vertex 67.8361 -13.0583 38.9346
      vertex 67.8107 -12.9302 39.4654
      vertex 67.8107 -12.9302 38.9346
    endloop
  endfacet
  facet normal -0.980903 -0.194496 0
    outer loop
      vertex 67.8107 -12.9302 39.4654
      vertex 67.8361 -13.0583 38.9346
      vertex 67.8361 -13.0583 39.4654
    endloop
  endfacet
  facet normal -0.245812 0.0833786 -0.965725
    outer loop
      vertex 68.6198 26.2747 38.0192
      vertex 68.4895 26.2832 38.0531
      vertex 68.503 26.323 38.0531
    endloop
  endfacet
  facet normal -0.376187 0.330353 -0.86565
    outer loop
      vertex 68.4491 26.4692 38.1031
      vertex 68.3592 26.5382 38.1685
      vertex 68.4873 26.5127 38.1031
    endloop
  endfacet
  facet normal -0.287935 -0.252853 -0.923666
    outer loop
      vertex 68.4873 -13.1127 38.1031
      vertex 68.4491 -13.0692 38.1031
      vertex 68.5727 -13.0273 38.0531
    endloop
  endfacet
  facet normal -0.531906 -0.46706 -0.70635
    outer loop
      vertex 68.3338 -13.2662 38.2482
      vertex 68.2035 -13.2577 38.3407
      vertex 68.2769 -13.2014 38.2482
    endloop
  endfacet
  facet normal -0.0459421 -0.70636 -0.70636
    outer loop
      vertex 68.8 -13.5518 38.3407
      vertex 68.7139 -13.4537 38.2482
      vertex 68.8 -13.4593 38.2482
    endloop
  endfacet
  facet normal -0.119116 -0.598096 -0.792523
    outer loop
      vertex 68.7139 -13.4537 38.2482
      vertex 68.6562 -13.3366 38.1685
      vertex 68.7275 -13.3508 38.1685
    endloop
  endfacet
  facet normal 0.123129 0.362766 -0.92371
    outer loop
      vertex 93.323 26.497 38.0531
      vertex 93.3145 26.6272 38.1031
      vertex 93.3693 26.6086 38.1031
    endloop
  endfacet
  facet normal -0.245819 0.0832941 -0.96573
    outer loop
      vertex 68.6116 26.2505 38.0192
      vertex 68.4895 26.2832 38.0531
      vertex 68.6198 26.2747 38.0192
    endloop
  endfacet
  facet normal 0.820802 0.278116 -0.498935
    outer loop
      vertex 94.0031 26.4152 38.4444
      vertex 93.9682 26.5182 38.4444
      vertex 94.0286 26.5432 38.5577
    endloop
  endfacet
  facet normal 0.922316 0.0606476 -0.381647
    outer loop
      vertex 94.0969 26.2 38.5577
      vertex 94.0892 26.3171 38.5577
      vertex 94.1388 26.3236 38.6786
    endloop
  endfacet
  facet normal 0.653999 -0.745149 -0.13053
    outer loop
      vertex 93.9056 -13.5056 38.9346
      vertex 93.8075 -13.5917 38.9346
      vertex 93.8935 -13.4935 38.8049
    endloop
  endfacet
  facet normal -0.0649283 -0.989383 -0.130019
    outer loop
      vertex 68.8 -13.7808 38.8049
      vertex 68.6698 -13.7893 38.9346
      vertex 68.672 -13.7724 38.8049
    endloop
  endfacet
  facet normal -0.659643 -0.751579 0
    outer loop
      vertex 68.0944 -13.5056 38.9346
      vertex 68.1925 -13.5917 39.4654
      vertex 68.0944 -13.5056 39.4654
    endloop
  endfacet
  facet normal -0.659643 -0.751579 -0
    outer loop
      vertex 68.1925 -13.5917 39.4654
      vertex 68.0944 -13.5056 38.9346
      vertex 68.1925 -13.5917 38.9346
    endloop
  endfacet
  facet normal 0.0653456 -0.989301 -0.130432
    outer loop
      vertex 93.3302 -13.7893 38.9346
      vertex 93.2 -13.7979 38.9346
      vertex 93.2 -13.7808 38.8049
    endloop
  endfacet
  facet normal -0.55084 -0.824328 0.130606
    outer loop
      vertex 68.2029 -13.5781 39.5951
      vertex 68.1925 -13.5917 39.4654
      vertex 68.3096 -13.6494 39.5951
    endloop
  endfacet
  facet normal -0.119116 -0.598096 0.792523
    outer loop
      vertex 68.7275 -13.3508 40.2315
      vertex 68.6562 -13.3366 40.2315
      vertex 68.7139 -13.4537 40.1518
    endloop
  endfacet
  facet normal -0.408156 -0.828997 0.382326
    outer loop
      vertex 68.3516 -13.5767 39.8423
      vertex 68.3265 -13.6201 39.7214
      vertex 68.4376 -13.6748 39.7214
    endloop
  endfacet
  facet normal -0.768336 -0.513274 0.382374
    outer loop
      vertex 68.0233 -13.2484 39.8423
      vertex 67.9799 -13.2735 39.7214
      vertex 68.0885 -13.346 39.8423
    endloop
  endfacet
  facet normal -0.221864 0.448927 -0.865587
    outer loop
      vertex 68.6307 26.6086 38.1031
      vertex 68.5789 26.583 38.1031
      vertex 68.5874 26.7133 38.1685
    endloop
  endfacet
  facet normal 0.0518146 0.791815 -0.60856
    outer loop
      vertex 93.3085 27.0244 38.4444
      vertex 93.2 26.9518 38.3407
      vertex 93.2 27.0315 38.4444
    endloop
  endfacet
  facet normal -0.25475 0.751841 -0.608143
    outer loop
      vertex 68.6054 26.9262 38.3407
      vertex 68.4818 26.9682 38.4444
      vertex 68.5848 27.0031 38.4444
    endloop
  endfacet
  facet normal -0.160659 0.474391 -0.86553
    outer loop
      vertex 68.6855 26.6272 38.1031
      vertex 68.5874 26.7133 38.1685
      vertex 68.6562 26.7366 38.1685
    endloop
  endfacet
  facet normal 0.343434 0.169728 0.923713
    outer loop
      vertex 93.583 26.4211 40.2969
      vertex 93.497 26.323 40.3469
      vertex 93.6086 26.3693 40.2969
    endloop
  endfacet
  facet normal -0.123761 0.0427814 0.991389
    outer loop
      vertex 68.7396 26.225 40.3979
      vertex 68.6198 26.2747 40.3808
      vertex 68.7368 26.2169 40.3979
    endloop
  endfacet
  facet normal 0.546751 0.270021 0.79256
    outer loop
      vertex 93.771 26.5297 40.1518
      vertex 93.6811 26.4778 40.2315
      vertex 93.7133 26.4126 40.2315
    endloop
  endfacet
  facet normal 0.474391 0.160659 0.86553
    outer loop
      vertex 93.7133 26.4126 40.2315
      vertex 93.6272 26.3145 40.2969
      vertex 93.7366 26.3438 40.2315
    endloop
  endfacet
  facet normal 0.318711 0.212695 0.92368
    outer loop
      vertex 93.5509 26.4692 40.2969
      vertex 93.4784 26.3607 40.3469
      vertex 93.583 26.4211 40.2969
    endloop
  endfacet
  facet normal 0.34363 0.169537 0.923675
    outer loop
      vertex 93.583 26.4211 40.2969
      vertex 93.4784 26.3607 40.3469
      vertex 93.497 26.323 40.3469
    endloop
  endfacet
  facet normal 0.319081 0.938701 -0.130489
    outer loop
      vertex 93.5753 27.1061 38.8049
      vertex 93.4538 27.1474 38.8049
      vertex 93.4583 27.1639 38.9346
    endloop
  endfacet
  facet normal -0.27843 0.820519 -0.499225
    outer loop
      vertex 68.5848 27.0031 38.4444
      vertex 68.4568 27.0286 38.5577
      vertex 68.5679 27.0663 38.5577
    endloop
  endfacet
  facet normal 0.997826 -0.0659086 0
    outer loop
      vertex 94.1893 -12.9302 39.4654
      vertex 94.1979 -12.8 38.9346
      vertex 94.1979 -12.8 39.4654
    endloop
  endfacet
  facet normal 0.997826 -0.0659086 0
    outer loop
      vertex 94.1979 -12.8 38.9346
      vertex 94.1893 -12.9302 39.4654
      vertex 94.1893 -12.9302 38.9346
    endloop
  endfacet
  facet normal 0.989301 -0.0653456 0.130432
    outer loop
      vertex 94.1979 -12.8 39.4654
      vertex 94.1808 -12.8 39.5951
      vertex 94.1893 -12.9302 39.4654
    endloop
  endfacet
  facet normal 0.778323 -0.154858 -0.608467
    outer loop
      vertex 94.0244 -12.9085 38.4444
      vertex 93.9262 -12.9946 38.3407
      vertex 93.9454 -12.8981 38.3407
    endloop
  endfacet
  facet normal 0.408156 0.828997 -0.382326
    outer loop
      vertex 93.6484 26.9767 38.5577
      vertex 93.5624 27.0748 38.6786
      vertex 93.6735 27.0201 38.6786
    endloop
  endfacet
  facet normal 0.828695 -0.408753 0.382341
    outer loop
      vertex 94.0749 -13.1624 39.7214
      vertex 93.9767 -13.2484 39.8423
      vertex 94.0201 -13.2735 39.7214
    endloop
  endfacet
  facet normal 0.499734 -0.0329114 0.865554
    outer loop
      vertex 93.6423 -12.8 40.2969
      vertex 93.6385 -12.8577 40.2969
      vertex 93.7508 -12.8725 40.2315
    endloop
  endfacet
  facet normal -0.997826 0.0659086 0
    outer loop
      vertex 67.8021 26.2 38.9346
      vertex 67.8107 26.3302 39.4654
      vertex 67.8107 26.3302 38.9346
    endloop
  endfacet
  facet normal -0.997826 0.0659086 0
    outer loop
      vertex 67.8107 26.3302 39.4654
      vertex 67.8021 26.2 38.9346
      vertex 67.8021 26.2 39.4654
    endloop
  endfacet
  facet normal 0.0833023 0.245843 0.965723
    outer loop
      vertex 93.323 26.497 40.3469
      vertex 93.2505 26.3884 40.3808
      vertex 93.2747 26.3802 40.3808
    endloop
  endfacet
  facet normal 0.376096 0.330634 0.865582
    outer loop
      vertex 93.5928 26.5928 40.2315
      vertex 93.5127 26.5127 40.2969
      vertex 93.6408 26.5382 40.2315
    endloop
  endfacet
  facet normal 0.457976 0.402616 0.792565
    outer loop
      vertex 93.6662 26.6662 40.1518
      vertex 93.5928 26.5928 40.2315
      vertex 93.6408 26.5382 40.2315
    endloop
  endfacet
  facet normal 0.989301 0.0653456 -0.130432
    outer loop
      vertex 94.1979 26.2 38.9346
      vertex 94.1808 26.2 38.8049
      vertex 94.1893 26.3302 38.9346
    endloop
  endfacet
  facet normal 0.653961 0.745175 0.130575
    outer loop
      vertex 93.8075 26.9917 39.4654
      vertex 93.7971 26.9781 39.5951
      vertex 93.8935 26.8935 39.5951
    endloop
  endfacet
  facet normal 0.0245608 0.382056 0.923813
    outer loop
      vertex 93.2 26.6423 40.2969
      vertex 93.2 26.5214 40.3469
      vertex 93.242 26.5187 40.3469
    endloop
  endfacet
  facet normal 0.00871377 0.130707 0.991383
    outer loop
      vertex 93.2 26.3951 40.3808
      vertex 93.2 26.2654 40.3979
      vertex 93.2255 26.3934 40.3808
    endloop
  endfacet
  facet normal 0.130707 0.00871377 0.991383
    outer loop
      vertex 93.3934 26.2255 40.3808
      vertex 93.2654 26.2 40.3979
      vertex 93.3951 26.2 40.3808
    endloop
  endfacet
  facet normal 0.254496 0.0508992 0.965733
    outer loop
      vertex 93.5105 26.2832 40.3469
      vertex 93.3884 26.2505 40.3808
      vertex 93.3934 26.2255 40.3808
    endloop
  endfacet
  facet normal 0.338549 0.507404 0.792417
    outer loop
      vertex 93.6014 26.7231 40.1518
      vertex 93.4778 26.6811 40.2315
      vertex 93.5382 26.6408 40.2315
    endloop
  endfacet
  facet normal 0.330353 0.376187 0.86565
    outer loop
      vertex 93.5382 26.6408 40.2315
      vertex 93.4692 26.5509 40.2969
      vertex 93.5127 26.5127 40.2969
    endloop
  endfacet
  facet normal 0.227583 -0.670505 0.706136
    outer loop
      vertex 93.4523 -13.4092 40.1518
      vertex 93.3946 -13.5262 40.0593
      vertex 93.4877 -13.4946 40.0593
    endloop
  endfacet
  facet normal 0.375722 0.0747796 0.92371
    outer loop
      vertex 93.6385 26.2577 40.2969
      vertex 93.5105 26.2832 40.3469
      vertex 93.5187 26.242 40.3469
    endloop
  endfacet
  facet normal 0.319081 0.938701 0.130489
    outer loop
      vertex 93.4583 27.1639 39.4654
      vertex 93.4538 27.1474 39.5951
      vertex 93.5753 27.1061 39.5951
    endloop
  endfacet
  facet normal -0.024493 0.128589 0.991396
    outer loop
      vertex 68.7915 26.2648 40.3979
      vertex 68.7745 26.3934 40.3808
      vertex 68.7831 26.2632 40.3979
    endloop
  endfacet
  facet normal -0.402739 0.458115 -0.792421
    outer loop
      vertex 68.4072 26.5928 38.1685
      vertex 68.3986 26.7231 38.2482
      vertex 68.4618 26.6408 38.1685
    endloop
  endfacet
  facet normal -0.965815 0 -0.259233
    outer loop
      vertex 67.8531 -12.8 38.6786
      vertex 67.8192 26.2 38.8049
      vertex 67.8531 26.2 38.6786
    endloop
  endfacet
  facet normal -0.965815 -0 -0.259233
    outer loop
      vertex 67.8192 26.2 38.8049
      vertex 67.8531 -12.8 38.6786
      vertex 67.8192 -12.8 38.8049
    endloop
  endfacet
  facet normal -0.448927 0.221864 -0.865587
    outer loop
      vertex 68.3914 26.3693 38.1031
      vertex 68.2867 26.4126 38.1685
      vertex 68.417 26.4211 38.1031
    endloop
  endfacet
  facet normal -0.670509 0.227612 -0.706123
    outer loop
      vertex 68.1631 26.3707 38.2482
      vertex 68.0738 26.3946 38.3407
      vertex 68.1908 26.4523 38.2482
    endloop
  endfacet
  facet normal -0.791815 -0.0518146 0.60856
    outer loop
      vertex 68.0482 -12.8 40.0593
      vertex 67.9685 -12.8 39.9556
      vertex 67.9756 -12.9085 39.9556
    endloop
  endfacet
  facet normal -0.70636 -0.0459421 0.70636
    outer loop
      vertex 68.1407 -12.8 40.1518
      vertex 68.0482 -12.8 40.0593
      vertex 68.1463 -12.8861 40.1518
    endloop
  endfacet
  facet normal -0.924091 0 -0.382172
    outer loop
      vertex 67.9031 -12.8 38.5577
      vertex 67.8531 26.2 38.6786
      vertex 67.9031 26.2 38.5577
    endloop
  endfacet
  facet normal -0.924091 -0 -0.382172
    outer loop
      vertex 67.8531 26.2 38.6786
      vertex 67.9031 -12.8 38.5577
      vertex 67.8531 -12.8 38.6786
    endloop
  endfacet
  facet normal -0.963902 0.0632561 -0.258634
    outer loop
      vertex 67.8612 26.3236 38.6786
      vertex 67.8192 26.2 38.8049
      vertex 67.8276 26.328 38.8049
    endloop
  endfacet
  facet normal -0.188286 -0.947453 0.258613
    outer loop
      vertex 68.6764 -13.7388 39.7214
      vertex 68.5462 -13.7474 39.5951
      vertex 68.672 -13.7724 39.5951
    endloop
  endfacet
  facet normal -0.441242 -0.660039 0.607991
    outer loop
      vertex 68.3423 -13.3965 40.0593
      vertex 68.2938 -13.4596 39.9556
      vertex 68.3843 -13.5201 39.9556
    endloop
  endfacet
  facet normal -0.70636 -0.0459421 -0.70636
    outer loop
      vertex 68.1463 -12.8861 38.2482
      vertex 68.0482 -12.8 38.3407
      vertex 68.1407 -12.8 38.2482
    endloop
  endfacet
  facet normal -0.375722 -0.0747796 -0.92371
    outer loop
      vertex 68.4895 -12.8832 38.0531
      vertex 68.3615 -12.8577 38.1031
      vertex 68.4813 -12.842 38.0531
    endloop
  endfacet
  facet normal -0.889181 -0.438511 -0.130634
    outer loop
      vertex 67.9358 -13.2989 38.9346
      vertex 67.8781 -13.1819 38.9346
      vertex 67.8939 -13.1753 38.8049
    endloop
  endfacet
  facet normal -0.947453 -0.188286 -0.258613
    outer loop
      vertex 67.8526 -13.0538 38.8049
      vertex 67.8276 -12.928 38.8049
      vertex 67.8612 -12.9236 38.6786
    endloop
  endfacet
  facet normal 0.0330801 -0.499647 -0.865597
    outer loop
      vertex 93.2725 -13.3508 38.1685
      vertex 93.2 -13.3556 38.1685
      vertex 93.2 -13.2423 38.1031
    endloop
  endfacet
  facet normal -0.179792 -0.90642 -0.3822
    outer loop
      vertex 68.6764 -13.7388 38.6786
      vertex 68.5549 -13.7147 38.6786
      vertex 68.5679 -13.6663 38.5577
    endloop
  endfacet
  facet normal 0.588746 -0.392977 -0.706362
    outer loop
      vertex 93.7965 -13.2577 38.3407
      vertex 93.7231 -13.2014 38.2482
      vertex 93.8511 -13.1759 38.3407
    endloop
  endfacet
  facet normal -0.351118 -0.711726 -0.60841
    outer loop
      vertex 68.4818 -13.5682 38.4444
      vertex 68.3843 -13.5201 38.4444
      vertex 68.5123 -13.4946 38.3407
    endloop
  endfacet
  facet normal -0.0579672 -0.11746 -0.991384
    outer loop
      vertex 68.775 -12.8604 38.0021
      vertex 68.7253 -12.9802 38.0192
      vertex 68.7673 -12.8566 38.0021
    endloop
  endfacet
  facet normal -0.259197 0.0166627 -0.965681
    outer loop
      vertex 68.6049 26.2 38.0192
      vertex 68.4786 26.2 38.0531
      vertex 68.4813 26.242 38.0531
    endloop
  endfacet
  facet normal -0.507249 0.338446 -0.792561
    outer loop
      vertex 68.3189 26.4778 38.1685
      vertex 68.229 26.5297 38.2482
      vertex 68.3592 26.5382 38.1685
    endloop
  endfacet
  facet normal 0.160659 0.474391 -0.86553
    outer loop
      vertex 93.4126 26.7133 38.1685
      vertex 93.3145 26.6272 38.1031
      vertex 93.3438 26.7366 38.1685
    endloop
  endfacet
  facet normal 0.922401 0.0604486 -0.381473
    outer loop
      vertex 94.1469 26.2 38.6786
      vertex 94.0969 26.2 38.5577
      vertex 94.1388 26.3236 38.6786
    endloop
  endfacet
  facet normal 0.802905 -0.537089 -0.258608
    outer loop
      vertex 93.9781 -13.3971 38.8049
      vertex 93.9512 -13.3765 38.6786
      vertex 94.0201 -13.2735 38.6786
    endloop
  endfacet
  facet normal 0.245812 -0.0833786 -0.965725
    outer loop
      vertex 93.497 -12.923 38.0531
      vertex 93.3802 -12.8747 38.0192
      vertex 93.5105 -12.8832 38.0531
    endloop
  endfacet
  facet normal 0.55084 -0.824328 0.130606
    outer loop
      vertex 93.7971 -13.5781 39.5951
      vertex 93.6904 -13.6494 39.5951
      vertex 93.8075 -13.5917 39.4654
    endloop
  endfacet
  facet normal 0.922401 -0.0604486 -0.381473
    outer loop
      vertex 94.1388 -12.9236 38.6786
      vertex 94.0969 -12.8 38.5577
      vertex 94.1469 -12.8 38.6786
    endloop
  endfacet
  facet normal -0.0632547 -0.963881 0.258714
    outer loop
      vertex 68.8 -13.7469 39.7214
      vertex 68.672 -13.7724 39.5951
      vertex 68.8 -13.7808 39.5951
    endloop
  endfacet
  facet normal 0 -1 0
    outer loop
      vertex 68.8 -13.7979 38.9346
      vertex 93.2 -13.7979 39.4654
      vertex 68.8 -13.7979 39.4654
    endloop
  endfacet
  facet normal 0 -1 -0
    outer loop
      vertex 93.2 -13.7979 39.4654
      vertex 68.8 -13.7979 38.9346
      vertex 93.2 -13.7979 38.9346
    endloop
  endfacet
  facet normal -0.11746 0.0579672 0.991384
    outer loop
      vertex 68.7434 26.2327 40.3979
      vertex 68.6198 26.2747 40.3808
      vertex 68.7396 26.225 40.3979
    endloop
  endfacet
  facet normal -0.259233 0 0.965815
    outer loop
      vertex 68.4786 26.2 40.3469
      vertex 68.6049 -12.8 40.3808
      vertex 68.6049 26.2 40.3808
    endloop
  endfacet
  facet normal -0.259233 0 0.965815
    outer loop
      vertex 68.6049 -12.8 40.3808
      vertex 68.4786 26.2 40.3469
      vertex 68.4786 -12.8 40.3469
    endloop
  endfacet
  facet normal -0.259197 -0.0166627 0.965681
    outer loop
      vertex 68.6049 -12.8 40.3808
      vertex 68.4786 -12.8 40.3469
      vertex 68.4813 -12.842 40.3469
    endloop
  endfacet
  facet normal -0.864683 -0.056583 0.49912
    outer loop
      vertex 67.9685 -12.8 39.9556
      vertex 67.9031 -12.8 39.8423
      vertex 67.9756 -12.9085 39.9556
    endloop
  endfacet
  facet normal 0.670505 -0.227583 0.706136
    outer loop
      vertex 93.9262 -12.9946 40.0593
      vertex 93.8092 -13.0523 40.1518
      vertex 93.8946 -13.0877 40.0593
    endloop
  endfacet
  facet normal 0.216334 0.143207 0.965759
    outer loop
      vertex 93.4784 26.3607 40.3469
      vertex 93.3548 26.3188 40.3808
      vertex 93.3689 26.2975 40.3808
    endloop
  endfacet
  facet normal -0.707107 0 -0.707107
    outer loop
      vertex 68.0482 -12.8 38.3407
      vertex 68.1407 26.2 38.2482
      vertex 68.1407 -12.8 38.2482
    endloop
  endfacet
  facet normal -0.707107 0 -0.707107
    outer loop
      vertex 68.1407 26.2 38.2482
      vertex 68.0482 -12.8 38.3407
      vertex 68.0482 26.2 38.3407
    endloop
  endfacet
  facet normal -0.318711 0.212695 -0.92368
    outer loop
      vertex 68.5216 26.3607 38.0531
      vertex 68.417 26.4211 38.1031
      vertex 68.4491 26.4692 38.1031
    endloop
  endfacet
  facet normal -0.376096 0.330634 -0.865582
    outer loop
      vertex 68.4873 26.5127 38.1031
      vertex 68.3592 26.5382 38.1685
      vertex 68.4072 26.5928 38.1685
    endloop
  endfacet
  facet normal -0.338549 0.507404 -0.792417
    outer loop
      vertex 68.4618 26.6408 38.1685
      vertex 68.3986 26.7231 38.2482
      vertex 68.5222 26.6811 38.1685
    endloop
  endfacet
  facet normal 0 0.866071 -0.499921
    outer loop
      vertex 93.2 27.0315 38.4444
      vertex 68.8 27.0969 38.5577
      vertex 93.2 27.0969 38.5577
    endloop
  endfacet
  facet normal 0 0.866071 -0.499921
    outer loop
      vertex 68.8 27.0969 38.5577
      vertex 93.2 27.0315 38.4444
      vertex 68.8 27.0315 38.4444
    endloop
  endfacet
  facet normal -0.195315 0.17121 -0.965681
    outer loop
      vertex 68.6452 26.3188 38.0192
      vertex 68.545 26.3957 38.0531
      vertex 68.5727 26.4273 38.0531
    endloop
  endfacet
  facet normal -0.072264 0.109165 -0.991393
    outer loop
      vertex 68.7602 26.2519 38.0021
      vertex 68.7025 26.369 38.0192
      vertex 68.7673 26.2566 38.0021
    endloop
  endfacet
  facet normal -0.824376 0.550872 -0.130171
    outer loop
      vertex 67.9506 26.6904 38.8049
      vertex 67.9358 26.6989 38.9346
      vertex 68.0219 26.7971 38.8049
    endloop
  endfacet
  facet normal -0.440622 0.660126 -0.608346
    outer loop
      vertex 68.4241 26.8511 38.3407
      vertex 68.3423 26.7965 38.3407
      vertex 68.3843 26.9201 38.4444
    endloop
  endfacet
  facet normal -0.227612 0.670509 -0.706123
    outer loop
      vertex 68.6293 26.8369 38.2482
      vertex 68.5477 26.8092 38.2482
      vertex 68.6054 26.9262 38.3407
    endloop
  endfacet
  facet normal 0.259003 0.0172669 0.965722
    outer loop
      vertex 93.5187 26.242 40.3469
      vertex 93.3934 26.2255 40.3808
      vertex 93.3951 26.2 40.3808
    endloop
  endfacet
  facet normal 0.259233 0 0.965815
    outer loop
      vertex 93.3951 26.2 40.3808
      vertex 93.5214 -12.8 40.3469
      vertex 93.5214 26.2 40.3469
    endloop
  endfacet
  facet normal 0.259233 0 0.965815
    outer loop
      vertex 93.5214 -12.8 40.3469
      vertex 93.3951 26.2 40.3808
      vertex 93.3951 -12.8 40.3808
    endloop
  endfacet
  facet normal 0.499734 0.0329114 0.865554
    outer loop
      vertex 93.7508 26.2725 40.2315
      vertex 93.6385 26.2577 40.2969
      vertex 93.6423 26.2 40.2969
    endloop
  endfacet
  facet normal 0.711761 0.351136 0.608358
    outer loop
      vertex 93.9201 26.6157 39.9556
      vertex 93.8511 26.5759 40.0593
      vertex 93.9682 26.5182 39.9556
    endloop
  endfacet
  facet normal 0.866541 0.427421 -0.257718
    outer loop
      vertex 94.0749 26.5624 38.6786
      vertex 94.0201 26.6735 38.6786
      vertex 94.1061 26.5753 38.8049
    endloop
  endfacet
  facet normal 0.938721 0.318983 -0.130587
    outer loop
      vertex 94.1639 26.4583 38.9346
      vertex 94.1061 26.5753 38.8049
      vertex 94.1219 26.5819 38.9346
    endloop
  endfacet
  facet normal -0.0631687 0.963908 0.258632
    outer loop
      vertex 68.8 27.1469 39.7214
      vertex 68.672 27.1724 39.5951
      vertex 68.6764 27.1388 39.7214
    endloop
  endfacet
  facet normal 0.187961 0.947606 -0.25829
    outer loop
      vertex 93.4451 27.1147 38.6786
      vertex 93.3236 27.1388 38.6786
      vertex 93.4538 27.1474 38.8049
    endloop
  endfacet
  facet normal 0.25475 0.751841 -0.608143
    outer loop
      vertex 93.5182 26.9682 38.4444
      vertex 93.3946 26.9262 38.3407
      vertex 93.4152 27.0031 38.4444
    endloop
  endfacet
  facet normal 0 -0.866071 0.499921
    outer loop
      vertex 68.8 -13.6969 39.8423
      vertex 93.2 -13.6315 39.9556
      vertex 68.8 -13.6315 39.9556
    endloop
  endfacet
  facet normal 0 -0.866071 0.499921
    outer loop
      vertex 93.2 -13.6315 39.9556
      vertex 68.8 -13.6969 39.8423
      vertex 93.2 -13.6969 39.8423
    endloop
  endfacet
  facet normal 0.609378 0 0.79288
    outer loop
      vertex 93.7556 26.2 40.2315
      vertex 93.8593 -12.8 40.1518
      vertex 93.8593 26.2 40.1518
    endloop
  endfacet
  facet normal 0.609378 0 0.79288
    outer loop
      vertex 93.8593 -12.8 40.1518
      vertex 93.7556 26.2 40.2315
      vertex 93.7556 -12.8 40.2315
    endloop
  endfacet
  facet normal 0.802905 -0.537089 0.258608
    outer loop
      vertex 94.0201 -13.2735 39.7214
      vertex 93.9512 -13.3765 39.7214
      vertex 93.9781 -13.3971 39.5951
    endloop
  endfacet
  facet normal 0.536764 0.803264 -0.258171
    outer loop
      vertex 93.7971 26.9781 38.8049
      vertex 93.6735 27.0201 38.6786
      vertex 93.6904 27.0494 38.8049
    endloop
  endfacet
  facet normal 0.99142 0 -0.130712
    outer loop
      vertex 94.1979 -12.8 38.9346
      vertex 94.1808 26.2 38.8049
      vertex 94.1979 26.2 38.9346
    endloop
  endfacet
  facet normal 0.99142 0 -0.130712
    outer loop
      vertex 94.1808 26.2 38.8049
      vertex 94.1979 -12.8 38.9346
      vertex 94.1808 -12.8 38.8049
    endloop
  endfacet
  facet normal 0.383423 0.777209 -0.498932
    outer loop
      vertex 93.6157 26.9201 38.4444
      vertex 93.5182 26.9682 38.4444
      vertex 93.5432 27.0286 38.5577
    endloop
  endfacet
  facet normal -0.144086 -0.216129 0.965675
    outer loop
      vertex 68.6812 -12.9548 40.3808
      vertex 68.6043 -13.055 40.3469
      vertex 68.7025 -12.969 40.3808
    endloop
  endfacet
  facet normal 0.382229 -0.0251728 0.923725
    outer loop
      vertex 93.6423 -12.8 40.2969
      vertex 93.5187 -12.842 40.3469
      vertex 93.6385 -12.8577 40.2969
    endloop
  endfacet
  facet normal 0.171143 0.195239 0.965708
    outer loop
      vertex 93.3957 26.455 40.3469
      vertex 93.338 26.3379 40.3808
      vertex 93.4273 26.4273 40.3469
    endloop
  endfacet
  facet normal -0.0403122 0.608883 0.792235
    outer loop
      vertex 68.8 26.8593 40.1518
      vertex 68.7275 26.7508 40.2315
      vertex 68.8 26.7556 40.2315
    endloop
  endfacet
  facet normal -0.297015 0.875288 -0.381646
    outer loop
      vertex 68.4568 27.0286 38.5577
      vertex 68.4376 27.0748 38.6786
      vertex 68.5679 27.0663 38.5577
    endloop
  endfacet
  facet normal -0.426716 0.866694 0.25837
    outer loop
      vertex 68.4247 27.1061 39.5951
      vertex 68.3265 27.0201 39.7214
      vertex 68.4376 27.0748 39.7214
    endloop
  endfacet
  facet normal -0.989301 -0.0653456 0.130432
    outer loop
      vertex 67.8192 -12.8 39.5951
      vertex 67.8021 -12.8 39.4654
      vertex 67.8107 -12.9302 39.4654
    endloop
  endfacet
  facet normal -0.179792 0.90642 0.3822
    outer loop
      vertex 68.6764 27.1388 39.7214
      vertex 68.5549 27.1147 39.7214
      vertex 68.5679 27.0663 39.8423
    endloop
  endfacet
  facet normal -0.726567 0.636819 0.257996
    outer loop
      vertex 68.1065 26.8935 39.5951
      vertex 68.0488 26.7765 39.7214
      vertex 68.1304 26.8696 39.7214
    endloop
  endfacet
  facet normal 0.221713 0.448935 0.865622
    outer loop
      vertex 93.4778 26.6811 40.2315
      vertex 93.4126 26.7133 40.2315
      vertex 93.4211 26.583 40.2969
    endloop
  endfacet
  facet normal -0.221864 0.448927 0.865587
    outer loop
      vertex 68.5874 26.7133 40.2315
      vertex 68.5789 26.583 40.2969
      vertex 68.6307 26.6086 40.2969
    endloop
  endfacet
  facet normal 0.41648 0.277883 0.865636
    outer loop
      vertex 93.6408 26.5382 40.2315
      vertex 93.583 26.4211 40.2969
      vertex 93.6811 26.4778 40.2315
    endloop
  endfacet
  facet normal 0.448935 0.221713 0.865622
    outer loop
      vertex 93.6811 26.4778 40.2315
      vertex 93.583 26.4211 40.2969
      vertex 93.7133 26.4126 40.2315
    endloop
  endfacet
  facet normal 0.577427 0.195553 0.792677
    outer loop
      vertex 93.8369 26.3707 40.1518
      vertex 93.7133 26.4126 40.2315
      vertex 93.7366 26.3438 40.2315
    endloop
  endfacet
  facet normal 0.513274 0.768336 0.382374
    outer loop
      vertex 93.6735 27.0201 39.7214
      vertex 93.6484 26.9767 39.8423
      vertex 93.746 26.9115 39.8423
    endloop
  endfacet
  facet normal 0.0420562 0.124117 0.991376
    outer loop
      vertex 93.2505 26.3884 40.3808
      vertex 93.2169 26.2632 40.3979
      vertex 93.2747 26.3802 40.3808
    endloop
  endfacet
  facet normal 0.215922 0.144359 0.96568
    outer loop
      vertex 93.455 26.3957 40.3469
      vertex 93.3548 26.3188 40.3808
      vertex 93.4784 26.3607 40.3469
    endloop
  endfacet
  facet normal 0.0166627 0.259197 0.965681
    outer loop
      vertex 93.2 26.5214 40.3469
      vertex 93.2 26.3951 40.3808
      vertex 93.242 26.5187 40.3469
    endloop
  endfacet
  facet normal 0.128506 0.0257012 0.991376
    outer loop
      vertex 93.3884 26.2505 40.3808
      vertex 93.2632 26.2169 40.3979
      vertex 93.3934 26.2255 40.3808
    endloop
  endfacet
  facet normal 0.123048 0.362765 0.923721
    outer loop
      vertex 93.3145 26.6272 40.2969
      vertex 93.2832 26.5105 40.3469
      vertex 93.323 26.497 40.3469
    endloop
  endfacet
  facet normal 0.313195 0.63503 0.706148
    outer loop
      vertex 93.4877 26.8946 40.0593
      vertex 93.4523 26.8092 40.1518
      vertex 93.5759 26.8511 40.0593
    endloop
  endfacet
  facet normal 0.221864 0.448927 0.865587
    outer loop
      vertex 93.4126 26.7133 40.2315
      vertex 93.3693 26.6086 40.2969
      vertex 93.4211 26.583 40.2969
    endloop
  endfacet
  facet normal -0.130707 -0.00871377 0.991383
    outer loop
      vertex 68.7346 -12.8 40.3979
      vertex 68.6049 -12.8 40.3808
      vertex 68.6066 -12.8255 40.3808
    endloop
  endfacet
  facet normal -0.864784 0.0568645 0.498915
    outer loop
      vertex 67.9108 26.3171 39.8423
      vertex 67.9031 26.2 39.8423
      vertex 67.9756 26.3085 39.9556
    endloop
  endfacet
  facet normal -0.824376 0.550872 0.130171
    outer loop
      vertex 68.0219 26.7971 39.5951
      vertex 67.9358 26.6989 39.4654
      vertex 67.9506 26.6904 39.5951
    endloop
  endfacet
  facet normal -0.965815 0 0.259233
    outer loop
      vertex 67.8192 -12.8 39.5951
      vertex 67.8531 26.2 39.7214
      vertex 67.8192 26.2 39.5951
    endloop
  endfacet
  facet normal -0.965815 0 0.259233
    outer loop
      vertex 67.8531 26.2 39.7214
      vertex 67.8192 -12.8 39.5951
      vertex 67.8531 -12.8 39.7214
    endloop
  endfacet
  facet normal -0.670505 0.227583 -0.706136
    outer loop
      vertex 68.1908 26.4523 38.2482
      vertex 68.0738 26.3946 38.3407
      vertex 68.1054 26.4877 38.3407
    endloop
  endfacet
  facet normal -0.523598 0.596624 -0.608182
    outer loop
      vertex 68.2684 26.7316 38.3407
      vertex 68.2121 26.7879 38.4444
      vertex 68.2938 26.8596 38.4444
    endloop
  endfacet
  facet normal -0.914853 0.31041 0.258244
    outer loop
      vertex 67.9251 26.5624 39.7214
      vertex 67.8526 26.4538 39.5951
      vertex 67.8853 26.4451 39.7214
    endloop
  endfacet
  facet normal -0.802905 0.537089 -0.258608
    outer loop
      vertex 68.0488 26.7765 38.6786
      vertex 67.9799 26.6735 38.6786
      vertex 68.0219 26.7971 38.8049
    endloop
  endfacet
  facet normal -0.922316 0.0606476 -0.381647
    outer loop
      vertex 67.9031 26.2 38.5577
      vertex 67.8612 26.3236 38.6786
      vertex 67.9108 26.3171 38.5577
    endloop
  endfacet
  facet normal -0.598096 0.119116 -0.792523
    outer loop
      vertex 68.2492 26.2725 38.1685
      vertex 68.1463 26.2861 38.2482
      vertex 68.2634 26.3438 38.1685
    endloop
  endfacet
  facet normal -0.598096 -0.119116 -0.792523
    outer loop
      vertex 68.2634 -12.9438 38.1685
      vertex 68.1463 -12.8861 38.2482
      vertex 68.2492 -12.8725 38.1685
    endloop
  endfacet
  facet normal -0.227583 -0.670505 0.706136
    outer loop
      vertex 68.5477 -13.4092 40.1518
      vertex 68.5123 -13.4946 40.0593
      vertex 68.6054 -13.5262 40.0593
    endloop
  endfacet
  facet normal -0.938721 -0.318983 -0.130587
    outer loop
      vertex 67.8781 -13.1819 38.9346
      vertex 67.8361 -13.0583 38.9346
      vertex 67.8939 -13.1753 38.8049
    endloop
  endfacet
  facet normal -0.922316 -0.0606476 0.381647
    outer loop
      vertex 67.9031 -12.8 39.8423
      vertex 67.8612 -12.9236 39.7214
      vertex 67.9108 -12.9171 39.8423
    endloop
  endfacet
  facet normal -0.997826 -0.0659086 0
    outer loop
      vertex 67.8107 -12.9302 38.9346
      vertex 67.8021 -12.8 39.4654
      vertex 67.8021 -12.8 38.9346
    endloop
  endfacet
  facet normal -0.997826 -0.0659086 0
    outer loop
      vertex 67.8021 -12.8 39.4654
      vertex 67.8107 -12.9302 38.9346
      vertex 67.8107 -12.9302 39.4654
    endloop
  endfacet
  facet normal -0.922401 -0.0604486 -0.381473
    outer loop
      vertex 67.8612 -12.9236 38.6786
      vertex 67.8531 -12.8 38.6786
      vertex 67.9031 -12.8 38.5577
    endloop
  endfacet
  facet normal -1 0 0
    outer loop
      vertex 67.8021 -12.8 38.9346
      vertex 67.8021 26.2 39.4654
      vertex 67.8021 26.2 38.9346
    endloop
  endfacet
  facet normal -1 -0 0
    outer loop
      vertex 67.8021 26.2 39.4654
      vertex 67.8021 -12.8 38.9346
      vertex 67.8021 -12.8 39.4654
    endloop
  endfacet
  facet normal -0.914807 -0.310959 -0.257746
    outer loop
      vertex 67.8939 -13.1753 38.8049
      vertex 67.8526 -13.0538 38.8049
      vertex 67.9251 -13.1624 38.6786
    endloop
  endfacet
  facet normal -0.653961 -0.745175 -0.130575
    outer loop
      vertex 68.1925 -13.5917 38.9346
      vertex 68.1065 -13.4935 38.8049
      vertex 68.2029 -13.5781 38.8049
    endloop
  endfacet
  facet normal -0.513864 -0.768185 -0.381884
    outer loop
      vertex 68.3265 -13.6201 38.6786
      vertex 68.2235 -13.5512 38.6786
      vertex 68.254 -13.5115 38.5577
    endloop
  endfacet
  facet normal -0.536764 -0.803264 0.258171
    outer loop
      vertex 68.3265 -13.6201 39.7214
      vertex 68.2029 -13.5781 39.5951
      vertex 68.3096 -13.6494 39.5951
    endloop
  endfacet
  facet normal -0.193263 -0.972497 0.129995
    outer loop
      vertex 68.672 -13.7724 39.5951
      vertex 68.5462 -13.7474 39.5951
      vertex 68.6698 -13.7893 39.4654
    endloop
  endfacet
  facet normal -0.499647 -0.0330801 -0.865597
    outer loop
      vertex 68.2492 -12.8725 38.1685
      vertex 68.2444 -12.8 38.1685
      vertex 68.3577 -12.8 38.1031
    endloop
  endfacet
  facet normal -0.128589 -0.024493 -0.991396
    outer loop
      vertex 68.7368 -12.8169 38.0021
      vertex 68.6066 -12.8255 38.0192
      vertex 68.7352 -12.8085 38.0021
    endloop
  endfacet
  facet normal -0.588706 -0.393292 -0.70622
    outer loop
      vertex 68.2769 -13.2014 38.2482
      vertex 68.1489 -13.1759 38.3407
      vertex 68.229 -13.1297 38.2482
    endloop
  endfacet
  facet normal -0.694411 -0.13806 -0.70621
    outer loop
      vertex 68.1631 -12.9706 38.2482
      vertex 68.0738 -12.9946 38.3407
      vertex 68.1463 -12.8861 38.2482
    endloop
  endfacet
  facet normal -0.596624 -0.523598 -0.608182
    outer loop
      vertex 68.2121 -13.3879 38.4444
      vertex 68.1404 -13.3062 38.4444
      vertex 68.2684 -13.3316 38.3407
    endloop
  endfacet
  facet normal -0.550506 -0.82462 -0.130175
    outer loop
      vertex 68.3011 -13.6642 38.9346
      vertex 68.1925 -13.5917 38.9346
      vertex 68.3096 -13.6494 38.8049
    endloop
  endfacet
  facet normal -0.438511 -0.889181 0.130634
    outer loop
      vertex 68.4247 -13.7061 39.5951
      vertex 68.3011 -13.6642 39.4654
      vertex 68.4181 -13.7219 39.4654
    endloop
  endfacet
  facet normal -0.392977 -0.588746 -0.706362
    outer loop
      vertex 68.4241 -13.4511 38.3407
      vertex 68.3423 -13.3965 38.3407
      vertex 68.3986 -13.3231 38.2482
    endloop
  endfacet
  facet normal -0.313327 -0.634857 -0.706246
    outer loop
      vertex 68.5477 -13.4092 38.2482
      vertex 68.4241 -13.4511 38.3407
      vertex 68.4703 -13.371 38.2482
    endloop
  endfacet
  facet normal -0.351059 -0.711802 -0.608355
    outer loop
      vertex 68.5123 -13.4946 38.3407
      vertex 68.3843 -13.5201 38.4444
      vertex 68.4241 -13.4511 38.3407
    endloop
  endfacet
  facet normal -0.123048 -0.362765 -0.923721
    outer loop
      vertex 68.6855 -13.2272 38.1031
      vertex 68.677 -13.097 38.0531
      vertex 68.7168 -13.1105 38.0531
    endloop
  endfacet
  facet normal 0.0978451 0.0871433 -0.991379
    outer loop
      vertex 93.2519 26.2398 38.0021
      vertex 93.2462 26.2462 38.0021
      vertex 93.3548 26.3188 38.0192
    endloop
  endfacet
  facet normal -0.0245608 -0.382056 -0.923813
    outer loop
      vertex 68.8 -13.2423 38.1031
      vertex 68.758 -13.1187 38.0531
      vertex 68.8 -13.1214 38.0531
    endloop
  endfacet
  facet normal -0.194942 0.171468 -0.96571
    outer loop
      vertex 68.6452 26.3188 38.0192
      vertex 68.5727 26.4273 38.0531
      vertex 68.662 26.3379 38.0192
    endloop
  endfacet
  facet normal -0.160659 -0.474391 -0.86553
    outer loop
      vertex 68.6562 -13.3366 38.1685
      vertex 68.5874 -13.3133 38.1685
      vertex 68.6855 -13.2272 38.1031
    endloop
  endfacet
  facet normal -0.169537 0.34363 -0.923675
    outer loop
      vertex 68.6393 26.4784 38.0531
      vertex 68.5789 26.583 38.1031
      vertex 68.677 26.497 38.0531
    endloop
  endfacet
  facet normal 0 0.382172 -0.924091
    outer loop
      vertex 68.8 26.5214 38.0531
      vertex 93.2 26.6423 38.1031
      vertex 93.2 26.5214 38.0531
    endloop
  endfacet
  facet normal 0 0.382172 -0.924091
    outer loop
      vertex 93.2 26.6423 38.1031
      vertex 68.8 26.5214 38.0531
      vertex 68.8 26.6423 38.1031
    endloop
  endfacet
  facet normal 0.130712 0 -0.99142
    outer loop
      vertex 93.2654 -12.8 38.0021
      vertex 93.3951 26.2 38.0192
      vertex 93.3951 -12.8 38.0192
    endloop
  endfacet
  facet normal 0.130712 0 -0.99142
    outer loop
      vertex 93.3951 26.2 38.0192
      vertex 93.2654 -12.8 38.0021
      vertex 93.2654 26.2 38.0021
    endloop
  endfacet
  facet normal 0.513274 -0.768336 -0.382374
    outer loop
      vertex 93.6735 -13.6201 38.6786
      vertex 93.6484 -13.5767 38.5577
      vertex 93.746 -13.5115 38.5577
    endloop
  endfacet
  facet normal 0.114891 -0.23287 -0.965697
    outer loop
      vertex 93.323 -13.097 38.0531
      vertex 93.2975 -12.969 38.0192
      vertex 93.3607 -13.0784 38.0531
    endloop
  endfacet
  facet normal 0.171631 -0.194989 -0.965672
    outer loop
      vertex 93.3957 -13.055 38.0531
      vertex 93.3188 -12.9548 38.0192
      vertex 93.338 -12.9379 38.0192
    endloop
  endfacet
  facet normal 0.634857 -0.313327 -0.706246
    outer loop
      vertex 93.8511 -13.1759 38.3407
      vertex 93.771 -13.1297 38.2482
      vertex 93.8092 -13.0523 38.2482
    endloop
  endfacet
  facet normal 0.849685 -0.169618 -0.499264
    outer loop
      vertex 94.0663 -13.0321 38.5577
      vertex 94.0031 -13.0152 38.4444
      vertex 94.0244 -12.9085 38.4444
    endloop
  endfacet
  facet normal 0.866541 -0.427421 0.257718
    outer loop
      vertex 94.0749 -13.1624 39.7214
      vertex 94.0201 -13.2735 39.7214
      vertex 94.1061 -13.1753 39.5951
    endloop
  endfacet
  facet normal 0.192835 -0.972526 -0.130412
    outer loop
      vertex 93.4583 -13.7639 38.9346
      vertex 93.3302 -13.7893 38.9346
      vertex 93.4538 -13.7474 38.8049
    endloop
  endfacet
  facet normal 0.55523 -0.831697 0
    outer loop
      vertex 93.6989 -13.6642 38.9346
      vertex 93.8075 -13.5917 39.4654
      vertex 93.6989 -13.6642 39.4654
    endloop
  endfacet
  facet normal 0.55523 -0.831697 0
    outer loop
      vertex 93.8075 -13.5917 39.4654
      vertex 93.6989 -13.6642 38.9346
      vertex 93.8075 -13.5917 38.9346
    endloop
  endfacet
  facet normal 0.720533 -0.48134 -0.499144
    outer loop
      vertex 93.9115 -13.346 38.5577
      vertex 93.8596 -13.3062 38.4444
      vertex 93.9767 -13.2484 38.5577
    endloop
  endfacet
  facet normal 0.438511 -0.889181 -0.130634
    outer loop
      vertex 93.5819 -13.7219 38.9346
      vertex 93.5753 -13.7061 38.8049
      vertex 93.6989 -13.6642 38.9346
    endloop
  endfacet
  facet normal 0.63503 -0.313195 0.706148
    outer loop
      vertex 93.8946 -13.0877 40.0593
      vertex 93.8092 -13.0523 40.1518
      vertex 93.8511 -13.1759 40.0593
    endloop
  endfacet
  facet normal 0.0649283 -0.989383 -0.130019
    outer loop
      vertex 93.3302 -13.7893 38.9346
      vertex 93.2 -13.7808 38.8049
      vertex 93.328 -13.7724 38.8049
    endloop
  endfacet
  facet normal 0.0632547 -0.963881 -0.258714
    outer loop
      vertex 93.328 -13.7724 38.8049
      vertex 93.2 -13.7808 38.8049
      vertex 93.2 -13.7469 38.6786
    endloop
  endfacet
  facet normal 0 -0.965815 -0.259233
    outer loop
      vertex 68.8 -13.7469 38.6786
      vertex 93.2 -13.7808 38.8049
      vertex 68.8 -13.7808 38.8049
    endloop
  endfacet
  facet normal 0 -0.965815 -0.259233
    outer loop
      vertex 93.2 -13.7808 38.8049
      vertex 68.8 -13.7469 38.6786
      vertex 93.2 -13.7469 38.6786
    endloop
  endfacet
  facet normal -0.297581 -0.874843 -0.382225
    outer loop
      vertex 68.5549 -13.7147 38.6786
      vertex 68.4376 -13.6748 38.6786
      vertex 68.5679 -13.6663 38.5577
    endloop
  endfacet
  facet normal -0.537089 -0.802905 0.258608
    outer loop
      vertex 68.2235 -13.5512 39.7214
      vertex 68.2029 -13.5781 39.5951
      vertex 68.3265 -13.6201 39.7214
    endloop
  endfacet
  facet normal -0.319081 -0.938701 0.130489
    outer loop
      vertex 68.5462 -13.7474 39.5951
      vertex 68.4247 -13.7061 39.5951
      vertex 68.5417 -13.7639 39.4654
    endloop
  endfacet
  facet normal -0.474144 -0.160932 0.865615
    outer loop
      vertex 68.3728 -12.9145 40.2969
      vertex 68.2867 -13.0126 40.2315
      vertex 68.3914 -12.9693 40.2969
    endloop
  endfacet
  facet normal -0.720533 -0.48134 0.499144
    outer loop
      vertex 68.1404 -13.3062 39.9556
      vertex 68.0233 -13.2484 39.8423
      vertex 68.0885 -13.346 39.8423
    endloop
  endfacet
  facet normal -0.537089 0.802905 0.258608
    outer loop
      vertex 68.3265 27.0201 39.7214
      vertex 68.2029 26.9781 39.5951
      vertex 68.2235 26.9512 39.7214
    endloop
  endfacet
  facet normal -0.499921 0 0.866071
    outer loop
      vertex 68.2444 26.2 40.2315
      vertex 68.3577 -12.8 40.2969
      vertex 68.3577 26.2 40.2969
    endloop
  endfacet
  facet normal -0.499921 0 0.866071
    outer loop
      vertex 68.3577 -12.8 40.2969
      vertex 68.2444 26.2 40.2315
      vertex 68.2444 -12.8 40.2315
    endloop
  endfacet
  facet normal -0.382056 -0.0245608 0.923813
    outer loop
      vertex 68.4786 -12.8 40.3469
      vertex 68.3577 -12.8 40.2969
      vertex 68.4813 -12.842 40.3469
    endloop
  endfacet
  facet normal 0.109234 0.0723098 0.991382
    outer loop
      vertex 93.3548 26.3188 40.3808
      vertex 93.2519 26.2398 40.3979
      vertex 93.2566 26.2327 40.3979
    endloop
  endfacet
  facet normal -0.0460866 -0.706421 0.70629
    outer loop
      vertex 68.7139 -13.4537 40.1518
      vertex 68.7019 -13.5454 40.0593
      vertex 68.8 -13.5518 40.0593
    endloop
  endfacet
  facet normal -0.507194 -0.338837 0.792429
    outer loop
      vertex 68.3592 -13.1382 40.2315
      vertex 68.229 -13.1297 40.1518
      vertex 68.2769 -13.2014 40.1518
    endloop
  endfacet
  facet normal 0.438144 -0.889425 0.130206
    outer loop
      vertex 93.6904 -13.6494 39.5951
      vertex 93.5753 -13.7061 39.5951
      vertex 93.6989 -13.6642 39.4654
    endloop
  endfacet
  facet normal -0.0606476 -0.922316 0.381647
    outer loop
      vertex 68.6829 -13.6892 39.8423
      vertex 68.6764 -13.7388 39.7214
      vertex 68.8 -13.6969 39.8423
    endloop
  endfacet
  facet normal 0.193263 -0.972497 0.129995
    outer loop
      vertex 93.4538 -13.7474 39.5951
      vertex 93.328 -13.7724 39.5951
      vertex 93.3302 -13.7893 39.4654
    endloop
  endfacet
  facet normal -0.330634 0.376096 -0.865582
    outer loop
      vertex 68.4873 26.5127 38.1031
      vertex 68.4072 26.5928 38.1685
      vertex 68.4618 26.6408 38.1685
    endloop
  endfacet
  facet normal -0.00871377 0.130707 -0.991383
    outer loop
      vertex 68.8 26.2654 38.0021
      vertex 68.7745 26.3934 38.0192
      vertex 68.8 26.3951 38.0192
    endloop
  endfacet
  facet normal -0.171143 0.195239 -0.965708
    outer loop
      vertex 68.662 26.3379 38.0192
      vertex 68.5727 26.4273 38.0531
      vertex 68.6043 26.455 38.0531
    endloop
  endfacet
  facet normal -0.277872 0.416464 -0.865647
    outer loop
      vertex 68.5308 26.5509 38.1031
      vertex 68.4618 26.6408 38.1685
      vertex 68.5222 26.6811 38.1685
    endloop
  endfacet
  facet normal -0.11746 0.0579672 -0.991384
    outer loop
      vertex 68.7396 26.225 38.0021
      vertex 68.6198 26.2747 38.0192
      vertex 68.7434 26.2327 38.0021
    endloop
  endfacet
  facet normal -0.252516 0.288069 -0.923716
    outer loop
      vertex 68.5727 26.4273 38.0531
      vertex 68.5308 26.5509 38.1031
      vertex 68.6043 26.455 38.0531
    endloop
  endfacet
  facet normal -0.313327 0.634857 -0.706246
    outer loop
      vertex 68.4703 26.771 38.2482
      vertex 68.4241 26.8511 38.3407
      vertex 68.5477 26.8092 38.2482
    endloop
  endfacet
  facet normal -0.196034 0.577486 -0.792515
    outer loop
      vertex 68.5874 26.7133 38.1685
      vertex 68.5477 26.8092 38.2482
      vertex 68.6293 26.8369 38.2482
    endloop
  endfacet
  facet normal 0.531906 0.46706 -0.70635
    outer loop
      vertex 93.7231 26.6014 38.2482
      vertex 93.6662 26.6662 38.2482
      vertex 93.7965 26.6577 38.3407
    endloop
  endfacet
  facet normal 0.056583 0.864683 -0.49912
    outer loop
      vertex 93.3085 27.0244 38.4444
      vertex 93.2 27.0315 38.4444
      vertex 93.2 27.0969 38.5577
    endloop
  endfacet
  facet normal -0.169618 0.849685 -0.499264
    outer loop
      vertex 68.5848 27.0031 38.4444
      vertex 68.5679 27.0663 38.5577
      vertex 68.6915 27.0244 38.4444
    endloop
  endfacet
  facet normal -0.227583 0.670505 -0.706136
    outer loop
      vertex 68.5477 26.8092 38.2482
      vertex 68.5123 26.8946 38.3407
      vertex 68.6054 26.9262 38.3407
    endloop
  endfacet
  facet normal -0.751841 0.25475 -0.608143
    outer loop
      vertex 68.0738 26.3946 38.3407
      vertex 67.9969 26.4152 38.4444
      vertex 68.0318 26.5182 38.4444
    endloop
  endfacet
  facet normal -0.651666 0.571131 -0.499139
    outer loop
      vertex 68.1404 26.7062 38.4444
      vertex 68.0885 26.746 38.5577
      vertex 68.1658 26.8342 38.5577
    endloop
  endfacet
  facet normal -0.426716 0.866694 -0.25837
    outer loop
      vertex 68.4376 27.0748 38.6786
      vertex 68.3265 27.0201 38.6786
      vertex 68.4247 27.1061 38.8049
    endloop
  endfacet
  facet normal -0.0653456 0.989301 0.130432
    outer loop
      vertex 68.8 27.1979 39.4654
      vertex 68.6698 27.1893 39.4654
      vertex 68.8 27.1808 39.5951
    endloop
  endfacet
  facet normal 0.123761 0.0427814 0.991389
    outer loop
      vertex 93.3802 26.2747 40.3808
      vertex 93.2604 26.225 40.3979
      vertex 93.2632 26.2169 40.3979
    endloop
  endfacet
  facet normal 0.499921 0 0.866071
    outer loop
      vertex 93.6423 26.2 40.2969
      vertex 93.7556 -12.8 40.2315
      vertex 93.7556 26.2 40.2315
    endloop
  endfacet
  facet normal 0.499921 0 0.866071
    outer loop
      vertex 93.7556 -12.8 40.2315
      vertex 93.6423 26.2 40.2969
      vertex 93.6423 -12.8 40.2969
    endloop
  endfacet
  facet normal 0.491177 0.0978221 0.86555
    outer loop
      vertex 93.7366 26.3438 40.2315
      vertex 93.6385 26.2577 40.2969
      vertex 93.7508 26.2725 40.2315
    endloop
  endfacet
  facet normal 0.278116 0.820802 0.498935
    outer loop
      vertex 93.5432 27.0286 39.8423
      vertex 93.4152 27.0031 39.9556
      vertex 93.5182 26.9682 39.9556
    endloop
  endfacet
  facet normal 0.392977 0.588746 0.706362
    outer loop
      vertex 93.6577 26.7965 40.0593
      vertex 93.5759 26.8511 40.0593
      vertex 93.6014 26.7231 40.1518
    endloop
  endfacet
  facet normal -0.442301 0.896867 0
    outer loop
      vertex 68.4181 27.1219 38.9346
      vertex 68.3011 27.0642 39.4654
      vertex 68.4181 27.1219 39.4654
    endloop
  endfacet
  facet normal -0.442301 0.896867 0
    outer loop
      vertex 68.3011 27.0642 39.4654
      vertex 68.4181 27.1219 38.9346
      vertex 68.3011 27.0642 38.9346
    endloop
  endfacet
  facet normal 0.426716 0.866694 -0.25837
    outer loop
      vertex 93.6735 27.0201 38.6786
      vertex 93.5624 27.0748 38.6786
      vertex 93.5753 27.1061 38.8049
    endloop
  endfacet
  facet normal 0.791815 0.0518146 -0.60856
    outer loop
      vertex 94.0315 26.2 38.4444
      vertex 93.9518 26.2 38.3407
      vertex 94.0244 26.3085 38.4444
    endloop
  endfacet
  facet normal 0.864683 -0.056583 -0.49912
    outer loop
      vertex 94.0969 -12.8 38.5577
      vertex 94.0244 -12.9085 38.4444
      vertex 94.0315 -12.8 38.4444
    endloop
  endfacet
  facet normal 0.297015 0.875288 -0.381646
    outer loop
      vertex 93.5432 27.0286 38.5577
      vertex 93.4321 27.0663 38.5577
      vertex 93.5624 27.0748 38.6786
    endloop
  endfacet
  facet normal 0.392977 0.588746 -0.706362
    outer loop
      vertex 93.6014 26.7231 38.2482
      vertex 93.5759 26.8511 38.3407
      vertex 93.6577 26.7965 38.3407
    endloop
  endfacet
  facet normal 0.481645 0.720477 -0.49893
    outer loop
      vertex 93.7062 26.8596 38.4444
      vertex 93.6157 26.9201 38.4444
      vertex 93.6484 26.9767 38.5577
    endloop
  endfacet
  facet normal 0.442301 0.896867 -0
    outer loop
      vertex 93.6989 27.0642 38.9346
      vertex 93.5819 27.1219 39.4654
      vertex 93.6989 27.0642 39.4654
    endloop
  endfacet
  facet normal 0.442301 0.896867 0
    outer loop
      vertex 93.5819 27.1219 39.4654
      vertex 93.6989 27.0642 38.9346
      vertex 93.5819 27.1219 38.9346
    endloop
  endfacet
  facet normal 0.0606476 0.922316 -0.381647
    outer loop
      vertex 93.3171 27.0892 38.5577
      vertex 93.2 27.0969 38.5577
      vertex 93.3236 27.1388 38.6786
    endloop
  endfacet
  facet normal 0.039583 0.608589 -0.792498
    outer loop
      vertex 93.2725 26.7508 38.1685
      vertex 93.2 26.8593 38.2482
      vertex 93.2861 26.8537 38.2482
    endloop
  endfacet
  facet normal 0.245812 0.0833786 -0.965725
    outer loop
      vertex 93.5105 26.2832 38.0531
      vertex 93.3802 26.2747 38.0192
      vertex 93.497 26.323 38.0531
    endloop
  endfacet
  facet normal 0.277925 0.416454 -0.865635
    outer loop
      vertex 93.4692 26.5509 38.1031
      vertex 93.4211 26.583 38.1031
      vertex 93.4778 26.6811 38.1685
    endloop
  endfacet
  facet normal 0 -0.259233 0.965815
    outer loop
      vertex 68.8 -12.9951 40.3808
      vertex 93.2 -13.1214 40.3469
      vertex 93.2 -12.9951 40.3808
    endloop
  endfacet
  facet normal 0 -0.259233 0.965815
    outer loop
      vertex 93.2 -13.1214 40.3469
      vertex 68.8 -12.9951 40.3808
      vertex 68.8 -13.1214 40.3469
    endloop
  endfacet
  facet normal 0.947453 -0.188286 0.258613
    outer loop
      vertex 94.1724 -12.928 39.5951
      vertex 94.1388 -12.9236 39.7214
      vertex 94.1474 -13.0538 39.5951
    endloop
  endfacet
  facet normal 0.922401 -0.0604486 0.381473
    outer loop
      vertex 94.1469 -12.8 39.7214
      vertex 94.0969 -12.8 39.8423
      vertex 94.1388 -12.9236 39.7214
    endloop
  endfacet
  facet normal 0.864683 -0.056583 0.49912
    outer loop
      vertex 94.0315 -12.8 39.9556
      vertex 94.0244 -12.9085 39.9556
      vertex 94.0969 -12.8 39.8423
    endloop
  endfacet
  facet normal -0.212695 -0.318711 0.92368
    outer loop
      vertex 68.6393 -13.0784 40.3469
      vertex 68.5308 -13.1509 40.2969
      vertex 68.5789 -13.183 40.2969
    endloop
  endfacet
  facet normal 0.537089 -0.802905 0.258608
    outer loop
      vertex 93.7765 -13.5512 39.7214
      vertex 93.6735 -13.6201 39.7214
      vertex 93.7971 -13.5781 39.5951
    endloop
  endfacet
  facet normal 0.875046 -0.296933 0.382264
    outer loop
      vertex 94.0663 -13.0321 39.8423
      vertex 94.0286 -13.1432 39.8423
      vertex 94.0749 -13.1624 39.7214
    endloop
  endfacet
  facet normal 0.963886 -0.0631673 0.258715
    outer loop
      vertex 94.1469 -12.8 39.7214
      vertex 94.1388 -12.9236 39.7214
      vertex 94.1808 -12.8 39.5951
    endloop
  endfacet
  facet normal 0.896867 -0.442301 0
    outer loop
      vertex 94.0642 -13.2989 39.4654
      vertex 94.1219 -13.1819 38.9346
      vertex 94.1219 -13.1819 39.4654
    endloop
  endfacet
  facet normal 0.896867 -0.442301 0
    outer loop
      vertex 94.1219 -13.1819 38.9346
      vertex 94.0642 -13.2989 39.4654
      vertex 94.0642 -13.2989 38.9346
    endloop
  endfacet
  facet normal -0.0518146 0.791815 0.60856
    outer loop
      vertex 68.8 27.0315 39.9556
      vertex 68.6915 27.0244 39.9556
      vertex 68.8 26.9518 40.0593
    endloop
  endfacet
  facet normal -0.056583 0.864683 0.49912
    outer loop
      vertex 68.8 27.0969 39.8423
      vertex 68.6915 27.0244 39.9556
      vertex 68.8 27.0315 39.9556
    endloop
  endfacet
  facet normal 0.155401 0.778463 0.608149
    outer loop
      vertex 93.4152 27.0031 39.9556
      vertex 93.3085 27.0244 39.9556
      vertex 93.3946 26.9262 40.0593
    endloop
  endfacet
  facet normal 0.056583 0.864683 0.49912
    outer loop
      vertex 93.2 27.0969 39.8423
      vertex 93.2 27.0315 39.9556
      vertex 93.3085 27.0244 39.9556
    endloop
  endfacet
  facet normal 0 0.99142 0.130712
    outer loop
      vertex 93.2 27.1979 39.4654
      vertex 68.8 27.1808 39.5951
      vertex 93.2 27.1808 39.5951
    endloop
  endfacet
  facet normal 0 0.99142 0.130712
    outer loop
      vertex 68.8 27.1808 39.5951
      vertex 93.2 27.1979 39.4654
      vertex 68.8 27.1979 39.4654
    endloop
  endfacet
  facet normal -0.0649283 0.989383 0.130019
    outer loop
      vertex 68.8 27.1808 39.5951
      vertex 68.6698 27.1893 39.4654
      vertex 68.672 27.1724 39.5951
    endloop
  endfacet
  facet normal -0.499734 0.0329114 0.865554
    outer loop
      vertex 68.3615 26.2577 40.2969
      vertex 68.2492 26.2725 40.2315
      vertex 68.3577 26.2 40.2969
    endloop
  endfacet
  facet normal -0.608883 0.0403122 0.792235
    outer loop
      vertex 68.2492 26.2725 40.2315
      vertex 68.1407 26.2 40.1518
      vertex 68.2444 26.2 40.2315
    endloop
  endfacet
  facet normal -0.0632547 0.963881 0.258714
    outer loop
      vertex 68.8 27.1808 39.5951
      vertex 68.672 27.1724 39.5951
      vertex 68.8 27.1469 39.7214
    endloop
  endfacet
  facet normal -0.0659086 0.997826 0
    outer loop
      vertex 68.8 27.1979 38.9346
      vertex 68.6698 27.1893 39.4654
      vertex 68.8 27.1979 39.4654
    endloop
  endfacet
  facet normal -0.0659086 0.997826 0
    outer loop
      vertex 68.6698 27.1893 39.4654
      vertex 68.8 27.1979 38.9346
      vertex 68.6698 27.1893 38.9346
    endloop
  endfacet
  facet normal -0.745175 0.653961 -0.130575
    outer loop
      vertex 68.0219 26.7971 38.8049
      vertex 68.0083 26.8075 38.9346
      vertex 68.1065 26.8935 38.8049
    endloop
  endfacet
  facet normal -0.513274 0.768336 0.382374
    outer loop
      vertex 68.3265 27.0201 39.7214
      vertex 68.254 26.9115 39.8423
      vertex 68.3516 26.9767 39.8423
    endloop
  endfacet
  facet normal -0.550506 0.82462 0.130175
    outer loop
      vertex 68.3011 27.0642 39.4654
      vertex 68.1925 26.9917 39.4654
      vertex 68.3096 27.0494 39.5951
    endloop
  endfacet
  facet normal -0.707107 0 0.707107
    outer loop
      vertex 68.0482 26.2 40.0593
      vertex 68.1407 -12.8 40.1518
      vertex 68.1407 26.2 40.1518
    endloop
  endfacet
  facet normal -0.707107 0 0.707107
    outer loop
      vertex 68.1407 -12.8 40.1518
      vertex 68.0482 26.2 40.0593
      vertex 68.0482 -12.8 40.0593
    endloop
  endfacet
  facet normal 0.0329114 0.499734 0.865554
    outer loop
      vertex 93.2725 26.7508 40.2315
      vertex 93.2 26.6423 40.2969
      vertex 93.2577 26.6385 40.2969
    endloop
  endfacet
  facet normal -0.269912 0.546891 0.792501
    outer loop
      vertex 68.5477 26.8092 40.1518
      vertex 68.4703 26.771 40.1518
      vertex 68.5874 26.7133 40.2315
    endloop
  endfacet
  facet normal 0.608589 0.039583 0.792498
    outer loop
      vertex 93.8537 26.2861 40.1518
      vertex 93.7508 26.2725 40.2315
      vertex 93.8593 26.2 40.1518
    endloop
  endfacet
  facet normal 0.70636 0.0459421 0.70636
    outer loop
      vertex 93.9518 26.2 40.0593
      vertex 93.8537 26.2861 40.1518
      vertex 93.8593 26.2 40.1518
    endloop
  endfacet
  facet normal 0.695032 0.609179 -0.381878
    outer loop
      vertex 93.9512 26.7765 38.6786
      vertex 93.8342 26.8342 38.5577
      vertex 93.8696 26.8696 38.6786
    endloop
  endfacet
  facet normal 0.467099 0.531874 0.706349
    outer loop
      vertex 93.6577 26.7965 40.0593
      vertex 93.6014 26.7231 40.1518
      vertex 93.7316 26.7316 40.0593
    endloop
  endfacet
  facet normal -0.114891 -0.23287 0.965697
    outer loop
      vertex 68.7025 -12.969 40.3808
      vertex 68.6393 -13.0784 40.3469
      vertex 68.677 -13.097 40.3469
    endloop
  endfacet
  facet normal -0.024493 -0.128589 0.991396
    outer loop
      vertex 68.7831 -12.8632 40.3979
      vertex 68.7745 -12.9934 40.3808
      vertex 68.7915 -12.8648 40.3979
    endloop
  endfacet
  facet normal -0.130712 0 0.99142
    outer loop
      vertex 68.6049 26.2 40.3808
      vertex 68.7346 -12.8 40.3979
      vertex 68.7346 26.2 40.3979
    endloop
  endfacet
  facet normal -0.130712 0 0.99142
    outer loop
      vertex 68.7346 -12.8 40.3979
      vertex 68.6049 26.2 40.3808
      vertex 68.6049 -12.8 40.3808
    endloop
  endfacet
  facet normal -0.0833023 0.245843 0.965723
    outer loop
      vertex 68.7495 26.3884 40.3808
      vertex 68.677 26.497 40.3469
      vertex 68.7253 26.3802 40.3808
    endloop
  endfacet
  facet normal 0.039583 0.608589 0.792498
    outer loop
      vertex 93.2861 26.8537 40.1518
      vertex 93.2 26.8593 40.1518
      vertex 93.2725 26.7508 40.2315
    endloop
  endfacet
  facet normal 0.119116 0.598096 0.792523
    outer loop
      vertex 93.2861 26.8537 40.1518
      vertex 93.2725 26.7508 40.2315
      vertex 93.3438 26.7366 40.2315
    endloop
  endfacet
  facet normal 0.252516 0.288069 0.923716
    outer loop
      vertex 93.4692 26.5509 40.2969
      vertex 93.3957 26.455 40.3469
      vertex 93.4273 26.4273 40.3469
    endloop
  endfacet
  facet normal 0.144323 0.215868 0.965698
    outer loop
      vertex 93.3607 26.4784 40.3469
      vertex 93.2975 26.369 40.3808
      vertex 93.3957 26.455 40.3469
    endloop
  endfacet
  facet normal 0.171631 0.194989 0.965672
    outer loop
      vertex 93.3957 26.455 40.3469
      vertex 93.3188 26.3548 40.3808
      vertex 93.338 26.3379 40.3808
    endloop
  endfacet
  facet normal 0.114891 0.23287 0.965697
    outer loop
      vertex 93.323 26.497 40.3469
      vertex 93.2975 26.369 40.3808
      vertex 93.3607 26.4784 40.3469
    endloop
  endfacet
  facet normal 0.130607 -0.00921932 0.991391
    outer loop
      vertex 93.2654 -12.8 40.3979
      vertex 93.2648 -12.8085 40.3979
      vertex 93.3934 -12.8255 40.3808
    endloop
  endfacet
  facet normal 0.402739 0.458115 0.792421
    outer loop
      vertex 93.6014 26.7231 40.1518
      vertex 93.5382 26.6408 40.2315
      vertex 93.5928 26.5928 40.2315
    endloop
  endfacet
  facet normal 0.277872 0.416464 0.865647
    outer loop
      vertex 93.4778 26.6811 40.2315
      vertex 93.4692 26.5509 40.2969
      vertex 93.5382 26.6408 40.2315
    endloop
  endfacet
  facet normal 0.196034 0.577486 0.792515
    outer loop
      vertex 93.4523 26.8092 40.1518
      vertex 93.3707 26.8369 40.1518
      vertex 93.4126 26.7133 40.2315
    endloop
  endfacet
  facet normal 0.0978221 0.491177 0.86555
    outer loop
      vertex 93.2725 26.7508 40.2315
      vertex 93.2577 26.6385 40.2969
      vertex 93.3438 26.7366 40.2315
    endloop
  endfacet
  facet normal 0.117387 0.0581789 0.991381
    outer loop
      vertex 93.3689 26.2975 40.3808
      vertex 93.2566 26.2327 40.3979
      vertex 93.3802 26.2747 40.3808
    endloop
  endfacet
  facet normal -0.0983014 0.0864641 0.991393
    outer loop
      vertex 68.662 26.3379 40.3808
      vertex 68.6452 26.3188 40.3808
      vertex 68.7538 26.2462 40.3979
    endloop
  endfacet
  facet normal -0.989383 0.0649283 -0.130019
    outer loop
      vertex 67.8192 26.2 38.8049
      vertex 67.8107 26.3302 38.9346
      vertex 67.8276 26.328 38.8049
    endloop
  endfacet
  facet normal -0.906652 -0.179838 0.381629
    outer loop
      vertex 67.9108 -12.9171 39.8423
      vertex 67.8612 -12.9236 39.7214
      vertex 67.8853 -13.0451 39.7214
    endloop
  endfacet
  facet normal -0.914807 -0.310959 0.257746
    outer loop
      vertex 67.9251 -13.1624 39.7214
      vertex 67.8526 -13.0538 39.5951
      vertex 67.8939 -13.1753 39.5951
    endloop
  endfacet
  facet normal -0.924091 0 0.382172
    outer loop
      vertex 67.8531 -12.8 39.7214
      vertex 67.9031 26.2 39.8423
      vertex 67.8531 26.2 39.7214
    endloop
  endfacet
  facet normal -0.924091 0 0.382172
    outer loop
      vertex 67.9031 26.2 39.8423
      vertex 67.8531 -12.8 39.7214
      vertex 67.9031 -12.8 39.8423
    endloop
  endfacet
  facet normal -0.849685 -0.169618 0.499264
    outer loop
      vertex 67.9756 -12.9085 39.9556
      vertex 67.9337 -13.0321 39.8423
      vertex 67.9969 -13.0152 39.9556
    endloop
  endfacet
  facet normal -0.906652 0.179838 -0.381629
    outer loop
      vertex 67.9108 26.3171 38.5577
      vertex 67.8612 26.3236 38.6786
      vertex 67.8853 26.4451 38.6786
    endloop
  endfacet
  facet normal -0.777208 0.383433 -0.498925
    outer loop
      vertex 68.0799 26.6157 38.4444
      vertex 67.9714 26.5432 38.5577
      vertex 68.0233 26.6484 38.5577
    endloop
  endfacet
  facet normal -0.922401 0.0604486 -0.381473
    outer loop
      vertex 67.9031 26.2 38.5577
      vertex 67.8531 26.2 38.6786
      vertex 67.8612 26.3236 38.6786
    endloop
  endfacet
  facet normal -0.938701 -0.319081 -0.130489
    outer loop
      vertex 67.8939 -13.1753 38.8049
      vertex 67.8361 -13.0583 38.9346
      vertex 67.8526 -13.0538 38.8049
    endloop
  endfacet
  facet normal -0.608883 0.0403122 -0.792235
    outer loop
      vertex 68.2444 26.2 38.1685
      vertex 68.1407 26.2 38.2482
      vertex 68.2492 26.2725 38.1685
    endloop
  endfacet
  facet normal -0.63503 0.313195 -0.706148
    outer loop
      vertex 68.1908 26.4523 38.2482
      vertex 68.1054 26.4877 38.3407
      vertex 68.1489 26.5759 38.3407
    endloop
  endfacet
  facet normal -0.41648 0.277883 -0.865636
    outer loop
      vertex 68.417 26.4211 38.1031
      vertex 68.3189 26.4778 38.1685
      vertex 68.3592 26.5382 38.1685
    endloop
  endfacet
  facet normal -0.778463 -0.155401 -0.608149
    outer loop
      vertex 67.9969 -13.0152 38.4444
      vertex 67.9756 -12.9085 38.4444
      vertex 68.0738 -12.9946 38.3407
    endloop
  endfacet
  facet normal -0.79288 0 -0.609378
    outer loop
      vertex 68.0482 -12.8 38.3407
      vertex 67.9685 26.2 38.4444
      vertex 68.0482 26.2 38.3407
    endloop
  endfacet
  facet normal -0.79288 -0 -0.609378
    outer loop
      vertex 67.9685 26.2 38.4444
      vertex 68.0482 -12.8 38.3407
      vertex 67.9685 -12.8 38.4444
    endloop
  endfacet
  facet normal -0.751517 -0.25508 -0.608405
    outer loop
      vertex 68.1054 -13.0877 38.3407
      vertex 68.0318 -13.1182 38.4444
      vertex 68.0738 -12.9946 38.3407
    endloop
  endfacet
  facet normal -0.864784 -0.0568645 -0.498915
    outer loop
      vertex 67.9108 -12.9171 38.5577
      vertex 67.9031 -12.8 38.5577
      vertex 67.9756 -12.9085 38.4444
    endloop
  endfacet
  facet normal -0.84994 -0.169249 0.498956
    outer loop
      vertex 67.9756 -12.9085 39.9556
      vertex 67.9108 -12.9171 39.8423
      vertex 67.9337 -13.0321 39.8423
    endloop
  endfacet
  facet normal -0.938701 -0.319081 0.130489
    outer loop
      vertex 67.8526 -13.0538 39.5951
      vertex 67.8361 -13.0583 39.4654
      vertex 67.8939 -13.1753 39.5951
    endloop
  endfacet
  facet normal -0.828686 -0.408829 0.38228
    outer loop
      vertex 67.9714 -13.1432 39.8423
      vertex 67.9251 -13.1624 39.7214
      vertex 68.0233 -13.2484 39.8423
    endloop
  endfacet
  facet normal -0.802905 -0.537089 0.258608
    outer loop
      vertex 68.0488 -13.3765 39.7214
      vertex 67.9799 -13.2735 39.7214
      vertex 68.0219 -13.3971 39.5951
    endloop
  endfacet
  facet normal -0.820519 -0.27843 0.499225
    outer loop
      vertex 67.9969 -13.0152 39.9556
      vertex 67.9337 -13.0321 39.8423
      vertex 67.9714 -13.1432 39.8423
    endloop
  endfacet
  facet normal -0.523892 -0.596542 0.608009
    outer loop
      vertex 68.3423 -13.3965 40.0593
      vertex 68.2684 -13.3316 40.0593
      vertex 68.2938 -13.4596 39.9556
    endloop
  endfacet
  facet normal -0.889181 -0.438511 0.130634
    outer loop
      vertex 67.8939 -13.1753 39.5951
      vertex 67.8781 -13.1819 39.4654
      vertex 67.9358 -13.2989 39.4654
    endloop
  endfacet
  facet normal -0.831697 -0.55523 0
    outer loop
      vertex 68.0083 -13.4075 38.9346
      vertex 67.9358 -13.2989 39.4654
      vertex 67.9358 -13.2989 38.9346
    endloop
  endfacet
  facet normal -0.831697 -0.55523 0
    outer loop
      vertex 67.9358 -13.2989 39.4654
      vertex 68.0083 -13.4075 38.9346
      vertex 68.0083 -13.4075 39.4654
    endloop
  endfacet
  facet normal -0.99142 0 -0.130712
    outer loop
      vertex 67.8192 -12.8 38.8049
      vertex 67.8021 26.2 38.9346
      vertex 67.8192 26.2 38.8049
    endloop
  endfacet
  facet normal -0.99142 -0 -0.130712
    outer loop
      vertex 67.8021 26.2 38.9346
      vertex 67.8192 -12.8 38.8049
      vertex 67.8021 -12.8 38.9346
    endloop
  endfacet
  facet normal -0.963886 0.0631673 -0.258715
    outer loop
      vertex 67.8531 26.2 38.6786
      vertex 67.8192 26.2 38.8049
      vertex 67.8612 26.3236 38.6786
    endloop
  endfacet
  facet normal -0.651666 -0.571131 0.499139
    outer loop
      vertex 68.1404 -13.3062 39.9556
      vertex 68.0885 -13.346 39.8423
      vertex 68.1658 -13.4342 39.8423
    endloop
  endfacet
  facet normal -0.513864 -0.768185 0.381884
    outer loop
      vertex 68.254 -13.5115 39.8423
      vertex 68.2235 -13.5512 39.7214
      vertex 68.3265 -13.6201 39.7214
    endloop
  endfacet
  facet normal -0.609172 -0.695024 0.381904
    outer loop
      vertex 68.254 -13.5115 39.8423
      vertex 68.1304 -13.4696 39.7214
      vertex 68.2235 -13.5512 39.7214
    endloop
  endfacet
  facet normal -0.695044 -0.609149 0.381905
    outer loop
      vertex 68.0885 -13.346 39.8423
      vertex 68.0488 -13.3765 39.7214
      vertex 68.1658 -13.4342 39.8423
    endloop
  endfacet
  facet normal -0.259233 0 -0.965815
    outer loop
      vertex 68.4786 -12.8 38.0531
      vertex 68.6049 26.2 38.0192
      vertex 68.6049 -12.8 38.0192
    endloop
  endfacet
  facet normal -0.259233 0 -0.965815
    outer loop
      vertex 68.6049 26.2 38.0192
      vertex 68.4786 -12.8 38.0531
      vertex 68.4786 26.2 38.0531
    endloop
  endfacet
  facet normal -0.57754 -0.195591 -0.792586
    outer loop
      vertex 68.2867 -13.0126 38.1685
      vertex 68.1631 -12.9706 38.2482
      vertex 68.2634 -12.9438 38.1685
    endloop
  endfacet
  facet normal -0.288069 -0.252516 -0.923716
    outer loop
      vertex 68.5727 -13.0273 38.0531
      vertex 68.4491 -13.0692 38.1031
      vertex 68.545 -12.9957 38.0531
    endloop
  endfacet
  facet normal -0.659825 -0.441098 -0.608328
    outer loop
      vertex 68.1404 -13.3062 38.4444
      vertex 68.0799 -13.2157 38.4444
      vertex 68.1489 -13.1759 38.3407
    endloop
  endfacet
  facet normal -0.608589 -0.039583 -0.792498
    outer loop
      vertex 68.1463 -12.8861 38.2482
      vertex 68.1407 -12.8 38.2482
      vertex 68.2492 -12.8725 38.1685
    endloop
  endfacet
  facet normal -0.726567 -0.636819 -0.257996
    outer loop
      vertex 68.1065 -13.4935 38.8049
      vertex 68.0488 -13.3765 38.6786
      vertex 68.1304 -13.4696 38.6786
    endloop
  endfacet
  facet normal -0.720477 -0.481645 -0.49893
    outer loop
      vertex 68.1404 -13.3062 38.4444
      vertex 68.0233 -13.2484 38.5577
      vertex 68.0799 -13.2157 38.4444
    endloop
  endfacet
  facet normal -0.889425 -0.438144 -0.130206
    outer loop
      vertex 67.9358 -13.2989 38.9346
      vertex 67.8939 -13.1753 38.8049
      vertex 67.9506 -13.2904 38.8049
    endloop
  endfacet
  facet normal -0.828686 -0.408829 -0.38228
    outer loop
      vertex 68.0233 -13.2484 38.5577
      vertex 67.9251 -13.1624 38.6786
      vertex 67.9714 -13.1432 38.5577
    endloop
  endfacet
  facet normal -0.777209 -0.383423 -0.498932
    outer loop
      vertex 68.0799 -13.2157 38.4444
      vertex 67.9714 -13.1432 38.5577
      vertex 68.0318 -13.1182 38.4444
    endloop
  endfacet
  facet normal -0.537089 -0.802905 -0.258608
    outer loop
      vertex 68.3265 -13.6201 38.6786
      vertex 68.2029 -13.5781 38.8049
      vertex 68.2235 -13.5512 38.6786
    endloop
  endfacet
  facet normal -0.383423 -0.777209 -0.498932
    outer loop
      vertex 68.4568 -13.6286 38.5577
      vertex 68.3843 -13.5201 38.4444
      vertex 68.4818 -13.5682 38.4444
    endloop
  endfacet
  facet normal -0.402358 -0.458221 -0.792554
    outer loop
      vertex 68.3986 -13.3231 38.2482
      vertex 68.3338 -13.2662 38.2482
      vertex 68.4072 -13.1928 38.1685
    endloop
  endfacet
  facet normal -0.745175 -0.653961 -0.130575
    outer loop
      vertex 68.1065 -13.4935 38.8049
      vertex 68.0083 -13.4075 38.9346
      vertex 68.0219 -13.3971 38.8049
    endloop
  endfacet
  facet normal -0.467078 -0.531927 -0.706323
    outer loop
      vertex 68.3986 -13.3231 38.2482
      vertex 68.2684 -13.3316 38.3407
      vertex 68.3338 -13.2662 38.2482
    endloop
  endfacet
  facet normal -0.0631687 -0.963908 -0.258632
    outer loop
      vertex 68.8 -13.7469 38.6786
      vertex 68.672 -13.7724 38.8049
      vertex 68.6764 -13.7388 38.6786
    endloop
  endfacet
  facet normal -0.438144 -0.889425 -0.130206
    outer loop
      vertex 68.4247 -13.7061 38.8049
      vertex 68.3011 -13.6642 38.9346
      vertex 68.3096 -13.6494 38.8049
    endloop
  endfacet
  facet normal -0.138149 -0.694343 -0.70626
    outer loop
      vertex 68.7019 -13.5454 38.3407
      vertex 68.6054 -13.5262 38.3407
      vertex 68.7139 -13.4537 38.2482
    endloop
  endfacet
  facet normal 0.252853 -0.287935 -0.923666
    outer loop
      vertex 93.4692 -13.1509 38.1031
      vertex 93.4273 -13.0273 38.0531
      vertex 93.5127 -13.1127 38.1031
    endloop
  endfacet
  facet normal -0.0506644 -0.254558 -0.965729
    outer loop
      vertex 68.758 -13.1187 38.0531
      vertex 68.7168 -13.1105 38.0531
      vertex 68.7495 -12.9884 38.0192
    endloop
  endfacet
  facet normal -0.11746 -0.0579672 -0.991384
    outer loop
      vertex 68.7434 -12.8327 38.0021
      vertex 68.6198 -12.8747 38.0192
      vertex 68.7396 -12.825 38.0021
    endloop
  endfacet
  facet normal 0.00921932 -0.130607 -0.991391
    outer loop
      vertex 93.2255 -12.9934 38.0192
      vertex 93.2 -12.8654 38.0021
      vertex 93.2085 -12.8648 38.0021
    endloop
  endfacet
  facet normal -0.128589 0.024493 -0.991396
    outer loop
      vertex 68.7352 26.2085 38.0021
      vertex 68.6066 26.2255 38.0192
      vertex 68.7368 26.2169 38.0021
    endloop
  endfacet
  facet normal -0.254603 0.0506733 -0.965717
    outer loop
      vertex 68.6066 26.2255 38.0192
      vertex 68.4813 26.242 38.0531
      vertex 68.4895 26.2832 38.0531
    endloop
  endfacet
  facet normal -0.0506644 0.254558 -0.965729
    outer loop
      vertex 68.7495 26.3884 38.0192
      vertex 68.7168 26.5105 38.0531
      vertex 68.758 26.5187 38.0531
    endloop
  endfacet
  facet normal -0.288069 0.252516 -0.923716
    outer loop
      vertex 68.545 26.3957 38.0531
      vertex 68.4491 26.4692 38.1031
      vertex 68.5727 26.4273 38.0531
    endloop
  endfacet
  facet normal 0.0983014 0.0864641 -0.991393
    outer loop
      vertex 93.3548 26.3188 38.0192
      vertex 93.2462 26.2462 38.0021
      vertex 93.338 26.3379 38.0192
    endloop
  endfacet
  facet normal 0.259197 0.0166627 -0.965681
    outer loop
      vertex 93.5214 26.2 38.0531
      vertex 93.3951 26.2 38.0192
      vertex 93.5187 26.242 38.0531
    endloop
  endfacet
  facet normal 0 -0.924091 -0.382172
    outer loop
      vertex 68.8 -13.6969 38.5577
      vertex 93.2 -13.7469 38.6786
      vertex 68.8 -13.7469 38.6786
    endloop
  endfacet
  facet normal 0 -0.924091 -0.382172
    outer loop
      vertex 93.2 -13.7469 38.6786
      vertex 68.8 -13.6969 38.5577
      vertex 93.2 -13.6969 38.5577
    endloop
  endfacet
  facet normal 0.259003 -0.0172669 -0.965722
    outer loop
      vertex 93.5187 -12.842 38.0531
      vertex 93.3934 -12.8255 38.0192
      vertex 93.3951 -12.8 38.0192
    endloop
  endfacet
  facet normal 0.227612 -0.670509 -0.706123
    outer loop
      vertex 93.3946 -13.5262 38.3407
      vertex 93.3707 -13.4369 38.2482
      vertex 93.4523 -13.4092 38.2482
    endloop
  endfacet
  facet normal 0.259197 -0.0166627 -0.965681
    outer loop
      vertex 93.5187 -12.842 38.0531
      vertex 93.3951 -12.8 38.0192
      vertex 93.5214 -12.8 38.0531
    endloop
  endfacet
  facet normal 0.938721 -0.318983 -0.130587
    outer loop
      vertex 94.1219 -13.1819 38.9346
      vertex 94.1061 -13.1753 38.8049
      vertex 94.1639 -13.0583 38.9346
    endloop
  endfacet
  facet normal 0.55084 -0.824328 -0.130606
    outer loop
      vertex 93.8075 -13.5917 38.9346
      vertex 93.6904 -13.6494 38.8049
      vertex 93.7971 -13.5781 38.8049
    endloop
  endfacet
  facet normal 0.922316 -0.0606476 -0.381647
    outer loop
      vertex 94.1388 -12.9236 38.6786
      vertex 94.0892 -12.9171 38.5577
      vertex 94.0969 -12.8 38.5577
    endloop
  endfacet
  facet normal 0.651096 -0.571402 -0.499573
    outer loop
      vertex 93.8342 -13.4342 38.5577
      vertex 93.7879 -13.3879 38.4444
      vertex 93.8596 -13.3062 38.4444
    endloop
  endfacet
  facet normal 0.458339 -0.402462 -0.792433
    outer loop
      vertex 93.6662 -13.2662 38.2482
      vertex 93.6408 -13.1382 38.1685
      vertex 93.7231 -13.2014 38.2482
    endloop
  endfacet
  facet normal 0.820802 -0.278116 -0.498935
    outer loop
      vertex 94.0286 -13.1432 38.5577
      vertex 93.9682 -13.1182 38.4444
      vertex 94.0031 -13.0152 38.4444
    endloop
  endfacet
  facet normal 0.426716 -0.866694 0.25837
    outer loop
      vertex 93.6735 -13.6201 39.7214
      vertex 93.5624 -13.6748 39.7214
      vertex 93.5753 -13.7061 39.5951
    endloop
  endfacet
  facet normal 0.438144 -0.889425 -0.130206
    outer loop
      vertex 93.6989 -13.6642 38.9346
      vertex 93.5753 -13.7061 38.8049
      vertex 93.6904 -13.6494 38.8049
    endloop
  endfacet
  facet normal 0.180517 -0.906524 -0.381612
    outer loop
      vertex 93.3236 -13.7388 38.6786
      vertex 93.3171 -13.6892 38.5577
      vertex 93.4321 -13.6663 38.5577
    endloop
  endfacet
  facet normal 0.523892 -0.596542 -0.608009
    outer loop
      vertex 93.7062 -13.4596 38.4444
      vertex 93.6577 -13.3965 38.3407
      vertex 93.7316 -13.3316 38.3407
    endloop
  endfacet
  facet normal 0.297581 -0.874843 -0.382225
    outer loop
      vertex 93.4451 -13.7147 38.6786
      vertex 93.4321 -13.6663 38.5577
      vertex 93.5624 -13.6748 38.6786
    endloop
  endfacet
  facet normal 0.311111 -0.914618 -0.258232
    outer loop
      vertex 93.4538 -13.7474 38.8049
      vertex 93.4451 -13.7147 38.6786
      vertex 93.5624 -13.6748 38.6786
    endloop
  endfacet
  facet normal 0.0604486 -0.922401 -0.381473
    outer loop
      vertex 93.3236 -13.7388 38.6786
      vertex 93.2 -13.7469 38.6786
      vertex 93.2 -13.6969 38.5577
    endloop
  endfacet
  facet normal -0.0653456 -0.989301 -0.130432
    outer loop
      vertex 68.8 -13.7979 38.9346
      vertex 68.6698 -13.7893 38.9346
      vertex 68.8 -13.7808 38.8049
    endloop
  endfacet
  facet normal -0.0659086 -0.997826 0
    outer loop
      vertex 68.6698 -13.7893 38.9346
      vertex 68.8 -13.7979 39.4654
      vertex 68.6698 -13.7893 39.4654
    endloop
  endfacet
  facet normal -0.0659086 -0.997826 -0
    outer loop
      vertex 68.8 -13.7979 39.4654
      vertex 68.6698 -13.7893 38.9346
      vertex 68.8 -13.7979 38.9346
    endloop
  endfacet
  facet normal -0.192835 -0.972526 0.130412
    outer loop
      vertex 68.5462 -13.7474 39.5951
      vertex 68.5417 -13.7639 39.4654
      vertex 68.6698 -13.7893 39.4654
    endloop
  endfacet
  facet normal -0.0649283 -0.989383 0.130019
    outer loop
      vertex 68.672 -13.7724 39.5951
      vertex 68.6698 -13.7893 39.4654
      vertex 68.8 -13.7808 39.5951
    endloop
  endfacet
  facet normal -0.0653456 -0.989301 0.130432
    outer loop
      vertex 68.8 -13.7808 39.5951
      vertex 68.6698 -13.7893 39.4654
      vertex 68.8 -13.7979 39.4654
    endloop
  endfacet
  facet normal -0.426924 -0.866649 0.258178
    outer loop
      vertex 68.3265 -13.6201 39.7214
      vertex 68.3096 -13.6494 39.5951
      vertex 68.4247 -13.7061 39.5951
    endloop
  endfacet
  facet normal -0.653999 -0.745149 -0.13053
    outer loop
      vertex 68.1925 -13.5917 38.9346
      vertex 68.0944 -13.5056 38.9346
      vertex 68.1065 -13.4935 38.8049
    endloop
  endfacet
  facet normal -0.608883 -0.0403122 0.792235
    outer loop
      vertex 68.2444 -12.8 40.2315
      vertex 68.1407 -12.8 40.1518
      vertex 68.2492 -12.8725 40.2315
    endloop
  endfacet
  facet normal -0.499647 -0.0330801 0.865597
    outer loop
      vertex 68.3577 -12.8 40.2969
      vertex 68.2444 -12.8 40.2315
      vertex 68.2492 -12.8725 40.2315
    endloop
  endfacet
  facet normal -0.777209 -0.383423 0.498932
    outer loop
      vertex 68.0318 -13.1182 39.9556
      vertex 67.9714 -13.1432 39.8423
      vertex 68.0799 -13.2157 39.9556
    endloop
  endfacet
  facet normal 0 -0.130712 0.99142
    outer loop
      vertex 68.8 -12.8654 40.3979
      vertex 93.2 -12.9951 40.3808
      vertex 93.2 -12.8654 40.3979
    endloop
  endfacet
  facet normal 0 -0.130712 0.99142
    outer loop
      vertex 93.2 -12.9951 40.3808
      vertex 68.8 -12.8654 40.3979
      vertex 68.8 -12.9951 40.3808
    endloop
  endfacet
  facet normal -0.382172 0 0.924091
    outer loop
      vertex 68.3577 26.2 40.2969
      vertex 68.4786 -12.8 40.3469
      vertex 68.4786 26.2 40.3469
    endloop
  endfacet
  facet normal -0.382172 0 0.924091
    outer loop
      vertex 68.4786 -12.8 40.3469
      vertex 68.3577 26.2 40.2969
      vertex 68.3577 -12.8 40.2969
    endloop
  endfacet
  facet normal -0.499734 -0.0329114 0.865554
    outer loop
      vertex 68.3577 -12.8 40.2969
      vertex 68.2492 -12.8725 40.2315
      vertex 68.3615 -12.8577 40.2969
    endloop
  endfacet
  facet normal 0.123761 -0.0427814 0.991389
    outer loop
      vertex 93.2632 -12.8169 40.3979
      vertex 93.2604 -12.825 40.3979
      vertex 93.3802 -12.8747 40.3808
    endloop
  endfacet
  facet normal -0.0427814 -0.123761 0.991389
    outer loop
      vertex 68.775 -12.8604 40.3979
      vertex 68.7253 -12.9802 40.3808
      vertex 68.7831 -12.8632 40.3979
    endloop
  endfacet
  facet normal 0.00921932 0.130607 0.991391
    outer loop
      vertex 93.2255 26.3934 40.3808
      vertex 93.2 26.2654 40.3979
      vertex 93.2085 26.2648 40.3979
    endloop
  endfacet
  facet normal -0.130607 -0.00921932 0.991391
    outer loop
      vertex 68.7346 -12.8 40.3979
      vertex 68.6066 -12.8255 40.3808
      vertex 68.7352 -12.8085 40.3979
    endloop
  endfacet
  facet normal -0.252516 -0.288069 0.923716
    outer loop
      vertex 68.5727 -13.0273 40.3469
      vertex 68.5308 -13.1509 40.2969
      vertex 68.6043 -13.055 40.3469
    endloop
  endfacet
  facet normal -0.252853 -0.287935 0.923666
    outer loop
      vertex 68.5727 -13.0273 40.3469
      vertex 68.4873 -13.1127 40.2969
      vertex 68.5308 -13.1509 40.2969
    endloop
  endfacet
  facet normal -0.154858 -0.778323 0.608467
    outer loop
      vertex 68.7019 -13.5454 40.0593
      vertex 68.6054 -13.5262 40.0593
      vertex 68.6915 -13.6244 39.9556
    endloop
  endfacet
  facet normal -0.180517 -0.906524 0.381612
    outer loop
      vertex 68.6829 -13.6892 39.8423
      vertex 68.5679 -13.6663 39.8423
      vertex 68.6764 -13.7388 39.7214
    endloop
  endfacet
  facet normal 0.232614 -0.115287 0.965712
    outer loop
      vertex 93.3802 -12.8747 40.3808
      vertex 93.3689 -12.8975 40.3808
      vertex 93.497 -12.923 40.3469
    endloop
  endfacet
  facet normal 0.362794 -0.123058 0.923708
    outer loop
      vertex 93.5105 -12.8832 40.3469
      vertex 93.497 -12.923 40.3469
      vertex 93.6086 -12.9693 40.2969
    endloop
  endfacet
  facet normal -0.0568645 -0.864784 0.498915
    outer loop
      vertex 68.6915 -13.6244 39.9556
      vertex 68.6829 -13.6892 39.8423
      vertex 68.8 -13.6969 39.8423
    endloop
  endfacet
  facet normal -0.169249 -0.84994 0.498956
    outer loop
      vertex 68.6915 -13.6244 39.9556
      vertex 68.5679 -13.6663 39.8423
      vertex 68.6829 -13.6892 39.8423
    endloop
  endfacet
  facet normal -0.351059 0.711802 -0.608355
    outer loop
      vertex 68.4241 26.8511 38.3407
      vertex 68.3843 26.9201 38.4444
      vertex 68.5123 26.8946 38.3407
    endloop
  endfacet
  facet normal -0.221713 0.448935 -0.865622
    outer loop
      vertex 68.5789 26.583 38.1031
      vertex 68.5222 26.6811 38.1685
      vertex 68.5874 26.7133 38.1685
    endloop
  endfacet
  facet normal 0.0579672 0.11746 -0.991384
    outer loop
      vertex 93.2327 26.2566 38.0021
      vertex 93.225 26.2604 38.0021
      vertex 93.2747 26.3802 38.0192
    endloop
  endfacet
  facet normal -0.330353 0.376187 -0.86565
    outer loop
      vertex 68.4873 26.5127 38.1031
      vertex 68.4618 26.6408 38.1685
      vertex 68.5308 26.5509 38.1031
    endloop
  endfacet
  facet normal -0.0251728 0.382229 -0.923725
    outer loop
      vertex 68.758 26.5187 38.0531
      vertex 68.7423 26.6385 38.1031
      vertex 68.8 26.6423 38.1031
    endloop
  endfacet
  facet normal -0.024493 -0.128589 -0.991396
    outer loop
      vertex 68.7915 -12.8648 38.0021
      vertex 68.7745 -12.9934 38.0192
      vertex 68.7831 -12.8632 38.0021
    endloop
  endfacet
  facet normal 0 -0.130712 -0.99142
    outer loop
      vertex 68.8 -12.9951 38.0192
      vertex 93.2 -12.8654 38.0021
      vertex 93.2 -12.9951 38.0192
    endloop
  endfacet
  facet normal -0 -0.130712 -0.99142
    outer loop
      vertex 93.2 -12.8654 38.0021
      vertex 68.8 -12.9951 38.0192
      vertex 68.8 -12.8654 38.0021
    endloop
  endfacet
  facet normal -0.351118 0.711726 -0.60841
    outer loop
      vertex 68.5123 26.8946 38.3407
      vertex 68.3843 26.9201 38.4444
      vertex 68.4818 26.9682 38.4444
    endloop
  endfacet
  facet normal -0.0459421 0.70636 -0.70636
    outer loop
      vertex 68.8 26.8593 38.2482
      vertex 68.7139 26.8537 38.2482
      vertex 68.8 26.9518 38.3407
    endloop
  endfacet
  facet normal 0 0.609378 -0.79288
    outer loop
      vertex 68.8 26.7556 38.1685
      vertex 93.2 26.8593 38.2482
      vertex 93.2 26.7556 38.1685
    endloop
  endfacet
  facet normal 0 0.609378 -0.79288
    outer loop
      vertex 93.2 26.8593 38.2482
      vertex 68.8 26.7556 38.1685
      vertex 68.8 26.8593 38.2482
    endloop
  endfacet
  facet normal -0.160932 0.474144 -0.865615
    outer loop
      vertex 68.6307 26.6086 38.1031
      vertex 68.5874 26.7133 38.1685
      vertex 68.6855 26.6272 38.1031
    endloop
  endfacet
  facet normal -0.169728 0.343434 -0.923713
    outer loop
      vertex 68.677 26.497 38.0531
      vertex 68.5789 26.583 38.1031
      vertex 68.6307 26.6086 38.1031
    endloop
  endfacet
  facet normal -0.0516632 0.7919 -0.608461
    outer loop
      vertex 68.7019 26.9454 38.3407
      vertex 68.6915 27.0244 38.4444
      vertex 68.8 26.9518 38.3407
    endloop
  endfacet
  facet normal -0.154858 0.778323 -0.608467
    outer loop
      vertex 68.7019 26.9454 38.3407
      vertex 68.6054 26.9262 38.3407
      vertex 68.6915 27.0244 38.4444
    endloop
  endfacet
  facet normal -0.408156 0.828997 -0.382326
    outer loop
      vertex 68.3516 26.9767 38.5577
      vertex 68.3265 27.0201 38.6786
      vertex 68.4376 27.0748 38.6786
    endloop
  endfacet
  facet normal -0.25508 0.751517 -0.608405
    outer loop
      vertex 68.5123 26.8946 38.3407
      vertex 68.4818 26.9682 38.4444
      vertex 68.6054 26.9262 38.3407
    endloop
  endfacet
  facet normal -0.402358 0.458221 -0.792554
    outer loop
      vertex 68.4072 26.5928 38.1685
      vertex 68.3338 26.6662 38.2482
      vertex 68.3986 26.7231 38.2482
    endloop
  endfacet
  facet normal -0.523892 0.596542 -0.608009
    outer loop
      vertex 68.3423 26.7965 38.3407
      vertex 68.2684 26.7316 38.3407
      vertex 68.2938 26.8596 38.4444
    endloop
  endfacet
  facet normal -0.659825 0.441098 -0.608328
    outer loop
      vertex 68.1489 26.5759 38.3407
      vertex 68.0799 26.6157 38.4444
      vertex 68.1404 26.7062 38.4444
    endloop
  endfacet
  facet normal -0.849685 0.169618 -0.499264
    outer loop
      vertex 67.9756 26.3085 38.4444
      vertex 67.9337 26.4321 38.5577
      vertex 67.9969 26.4152 38.4444
    endloop
  endfacet
  facet normal 0 0.924091 -0.382172
    outer loop
      vertex 93.2 27.0969 38.5577
      vertex 68.8 27.1469 38.6786
      vertex 93.2 27.1469 38.6786
    endloop
  endfacet
  facet normal 0 0.924091 -0.382172
    outer loop
      vertex 68.8 27.1469 38.6786
      vertex 93.2 27.0969 38.5577
      vertex 68.8 27.0969 38.5577
    endloop
  endfacet
  facet normal 0.259197 0.0166627 0.965681
    outer loop
      vertex 93.5187 26.242 40.3469
      vertex 93.3951 26.2 40.3808
      vertex 93.5214 26.2 40.3469
    endloop
  endfacet
  facet normal 0.0459421 0.70636 0.70636
    outer loop
      vertex 93.2 26.9518 40.0593
      vertex 93.2 26.8593 40.1518
      vertex 93.2861 26.8537 40.1518
    endloop
  endfacet
  facet normal 0.25475 0.751841 0.608143
    outer loop
      vertex 93.4152 27.0031 39.9556
      vertex 93.3946 26.9262 40.0593
      vertex 93.5182 26.9682 39.9556
    endloop
  endfacet
  facet normal 0.965815 -0 0.259233
    outer loop
      vertex 94.1469 -12.8 39.7214
      vertex 94.1808 26.2 39.5951
      vertex 94.1469 26.2 39.7214
    endloop
  endfacet
  facet normal 0.965815 0 0.259233
    outer loop
      vertex 94.1808 26.2 39.5951
      vertex 94.1469 -12.8 39.7214
      vertex 94.1808 -12.8 39.5951
    endloop
  endfacet
  facet normal 0.192835 0.972526 0.130412
    outer loop
      vertex 93.4583 27.1639 39.4654
      vertex 93.3302 27.1893 39.4654
      vertex 93.4538 27.1474 39.5951
    endloop
  endfacet
  facet normal 0.0632547 0.963881 -0.258714
    outer loop
      vertex 93.328 27.1724 38.8049
      vertex 93.2 27.1469 38.6786
      vertex 93.2 27.1808 38.8049
    endloop
  endfacet
  facet normal 0.321738 0.946829 -0
    outer loop
      vertex 93.5819 27.1219 38.9346
      vertex 93.4583 27.1639 39.4654
      vertex 93.5819 27.1219 39.4654
    endloop
  endfacet
  facet normal 0.321738 0.946829 0
    outer loop
      vertex 93.4583 27.1639 39.4654
      vertex 93.5819 27.1219 38.9346
      vertex 93.4583 27.1639 38.9346
    endloop
  endfacet
  facet normal -0.193263 0.972497 -0.129995
    outer loop
      vertex 68.672 27.1724 38.8049
      vertex 68.5462 27.1474 38.8049
      vertex 68.6698 27.1893 38.9346
    endloop
  endfacet
  facet normal 0 0.965815 0.259233
    outer loop
      vertex 93.2 27.1808 39.5951
      vertex 68.8 27.1469 39.7214
      vertex 93.2 27.1469 39.7214
    endloop
  endfacet
  facet normal 0 0.965815 0.259233
    outer loop
      vertex 68.8 27.1469 39.7214
      vertex 93.2 27.1808 39.5951
      vertex 68.8 27.1808 39.5951
    endloop
  endfacet
  facet normal 0.0632547 0.963881 0.258714
    outer loop
      vertex 93.2 27.1808 39.5951
      vertex 93.2 27.1469 39.7214
      vertex 93.328 27.1724 39.5951
    endloop
  endfacet
  facet normal 0.458339 0.402462 -0.792433
    outer loop
      vertex 93.7231 26.6014 38.2482
      vertex 93.6408 26.5382 38.1685
      vertex 93.6662 26.6662 38.2482
    endloop
  endfacet
  facet normal 0.523892 0.596542 -0.608009
    outer loop
      vertex 93.7316 26.7316 38.3407
      vertex 93.6577 26.7965 38.3407
      vertex 93.7062 26.8596 38.4444
    endloop
  endfacet
  facet normal 0.375722 -0.0747796 -0.92371
    outer loop
      vertex 93.6385 -12.8577 38.1031
      vertex 93.5105 -12.8832 38.0531
      vertex 93.5187 -12.842 38.0531
    endloop
  endfacet
  facet normal 0.382056 0.0245608 -0.923813
    outer loop
      vertex 93.5214 26.2 38.0531
      vertex 93.5187 26.242 38.0531
      vertex 93.6423 26.2 38.1031
    endloop
  endfacet
  facet normal 0.313327 0.634857 -0.706246
    outer loop
      vertex 93.5297 26.771 38.2482
      vertex 93.4523 26.8092 38.2482
      vertex 93.5759 26.8511 38.3407
    endloop
  endfacet
  facet normal 0.408936 0.828903 -0.381695
    outer loop
      vertex 93.6484 26.9767 38.5577
      vertex 93.5432 27.0286 38.5577
      vertex 93.5624 27.0748 38.6786
    endloop
  endfacet
  facet normal 0.311111 0.914618 -0.258232
    outer loop
      vertex 93.5624 27.0748 38.6786
      vertex 93.4451 27.1147 38.6786
      vertex 93.4538 27.1474 38.8049
    endloop
  endfacet
  facet normal 0.310901 0.914636 -0.258422
    outer loop
      vertex 93.5624 27.0748 38.6786
      vertex 93.4538 27.1474 38.8049
      vertex 93.5753 27.1061 38.8049
    endloop
  endfacet
  facet normal 0 0.259233 -0.965815
    outer loop
      vertex 68.8 26.3951 38.0192
      vertex 93.2 26.5214 38.0531
      vertex 93.2 26.3951 38.0192
    endloop
  endfacet
  facet normal 0 0.259233 -0.965815
    outer loop
      vertex 93.2 26.5214 38.0531
      vertex 68.8 26.3951 38.0192
      vertex 68.8 26.5214 38.0531
    endloop
  endfacet
  facet normal 0.0747771 0.375709 -0.923716
    outer loop
      vertex 93.2832 26.5105 38.0531
      vertex 93.242 26.5187 38.0531
      vertex 93.3145 26.6272 38.1031
    endloop
  endfacet
  facet normal 0.416435 0.277912 -0.865648
    outer loop
      vertex 93.583 26.4211 38.1031
      vertex 93.5509 26.4692 38.1031
      vertex 93.6408 26.5382 38.1685
    endloop
  endfacet
  facet normal 0.598041 -0.1189 -0.792597
    outer loop
      vertex 93.8369 -12.9706 38.2482
      vertex 93.7366 -12.9438 38.1685
      vertex 93.8537 -12.8861 38.2482
    endloop
  endfacet
  facet normal 0.745149 -0.653999 0.13053
    outer loop
      vertex 93.9917 -13.4075 39.4654
      vertex 93.8935 -13.4935 39.5951
      vertex 93.9056 -13.5056 39.4654
    endloop
  endfacet
  facet normal 0.751517 -0.25508 0.608405
    outer loop
      vertex 93.9262 -12.9946 40.0593
      vertex 93.8946 -13.0877 40.0593
      vertex 93.9682 -13.1182 39.9556
    endloop
  endfacet
  facet normal 0.791815 -0.0518146 0.60856
    outer loop
      vertex 94.0315 -12.8 39.9556
      vertex 93.9518 -12.8 40.0593
      vertex 94.0244 -12.9085 39.9556
    endloop
  endfacet
  facet normal 0.820802 -0.278116 0.498935
    outer loop
      vertex 94.0031 -13.0152 39.9556
      vertex 93.9682 -13.1182 39.9556
      vertex 94.0286 -13.1432 39.8423
    endloop
  endfacet
  facet normal 0.864784 -0.0568645 0.498915
    outer loop
      vertex 94.0969 -12.8 39.8423
      vertex 94.0244 -12.9085 39.9556
      vertex 94.0892 -12.9171 39.8423
    endloop
  endfacet
  facet normal 0.706421 -0.0460866 0.70629
    outer loop
      vertex 93.9518 -12.8 40.0593
      vertex 93.8537 -12.8861 40.1518
      vertex 93.9454 -12.8981 40.0593
    endloop
  endfacet
  facet normal 0.499647 -0.0330801 0.865597
    outer loop
      vertex 93.7556 -12.8 40.2315
      vertex 93.6423 -12.8 40.2969
      vertex 93.7508 -12.8725 40.2315
    endloop
  endfacet
  facet normal 0.375722 -0.0747796 0.92371
    outer loop
      vertex 93.5187 -12.842 40.3469
      vertex 93.5105 -12.8832 40.3469
      vertex 93.6385 -12.8577 40.2969
    endloop
  endfacet
  facet normal 0.0870445 0.0977342 0.991399
    outer loop
      vertex 93.338 26.3379 40.3808
      vertex 93.2398 26.2519 40.3979
      vertex 93.2462 26.2462 40.3979
    endloop
  endfacet
  facet normal 0.179792 -0.90642 0.3822
    outer loop
      vertex 93.4321 -13.6663 39.8423
      vertex 93.3236 -13.7388 39.7214
      vertex 93.4451 -13.7147 39.7214
    endloop
  endfacet
  facet normal 0.707107 0 0.707107
    outer loop
      vertex 93.8593 26.2 40.1518
      vertex 93.9518 -12.8 40.0593
      vertex 93.9518 26.2 40.0593
    endloop
  endfacet
  facet normal 0.707107 0 0.707107
    outer loop
      vertex 93.9518 -12.8 40.0593
      vertex 93.8593 26.2 40.1518
      vertex 93.8593 -12.8 40.1518
    endloop
  endfacet
  facet normal 0.963886 0.0631673 0.258715
    outer loop
      vertex 94.1808 26.2 39.5951
      vertex 94.1388 26.3236 39.7214
      vertex 94.1469 26.2 39.7214
    endloop
  endfacet
  facet normal 0.889181 -0.438511 -0.130634
    outer loop
      vertex 94.1219 -13.1819 38.9346
      vertex 94.0642 -13.2989 38.9346
      vertex 94.1061 -13.1753 38.8049
    endloop
  endfacet
  facet normal 0.963902 -0.0632561 0.258634
    outer loop
      vertex 94.1808 -12.8 39.5951
      vertex 94.1388 -12.9236 39.7214
      vertex 94.1724 -12.928 39.5951
    endloop
  endfacet
  facet normal 0.947606 -0.187961 -0.25829
    outer loop
      vertex 94.1474 -13.0538 38.8049
      vertex 94.1147 -13.0451 38.6786
      vertex 94.1388 -12.9236 38.6786
    endloop
  endfacet
  facet normal 0.636717 -0.726451 -0.258574
    outer loop
      vertex 93.7971 -13.5781 38.8049
      vertex 93.7765 -13.5512 38.6786
      vertex 93.8696 -13.4696 38.6786
    endloop
  endfacet
  facet normal -0.408156 0.828997 0.382326
    outer loop
      vertex 68.4376 27.0748 39.7214
      vertex 68.3265 27.0201 39.7214
      vertex 68.3516 26.9767 39.8423
    endloop
  endfacet
  facet normal -0.0568645 0.864784 0.498915
    outer loop
      vertex 68.8 27.0969 39.8423
      vertex 68.6829 27.0892 39.8423
      vertex 68.6915 27.0244 39.9556
    endloop
  endfacet
  facet normal 0.0516632 0.7919 0.608461
    outer loop
      vertex 93.3085 27.0244 39.9556
      vertex 93.2 26.9518 40.0593
      vertex 93.2981 26.9454 40.0593
    endloop
  endfacet
  facet normal 0.154858 0.778323 0.608467
    outer loop
      vertex 93.3085 27.0244 39.9556
      vertex 93.2981 26.9454 40.0593
      vertex 93.3946 26.9262 40.0593
    endloop
  endfacet
  facet normal -0.318983 0.938721 0.130587
    outer loop
      vertex 68.5417 27.1639 39.4654
      vertex 68.4181 27.1219 39.4654
      vertex 68.4247 27.1061 39.5951
    endloop
  endfacet
  facet normal -0.653961 0.745175 0.130575
    outer loop
      vertex 68.1925 26.9917 39.4654
      vertex 68.1065 26.8935 39.5951
      vertex 68.2029 26.9781 39.5951
    endloop
  endfacet
  facet normal -0.383433 0.777208 0.498925
    outer loop
      vertex 68.4568 27.0286 39.8423
      vertex 68.3516 26.9767 39.8423
      vertex 68.3843 26.9201 39.9556
    endloop
  endfacet
  facet normal -0.392977 0.588746 0.706362
    outer loop
      vertex 68.4241 26.8511 40.0593
      vertex 68.3423 26.7965 40.0593
      vertex 68.3986 26.7231 40.1518
    endloop
  endfacet
  facet normal -0.609172 0.695024 0.381904
    outer loop
      vertex 68.2235 26.9512 39.7214
      vertex 68.1304 26.8696 39.7214
      vertex 68.254 26.9115 39.8423
    endloop
  endfacet
  facet normal -0.318983 0.938721 -0.130587
    outer loop
      vertex 68.4247 27.1061 38.8049
      vertex 68.4181 27.1219 38.9346
      vertex 68.5417 27.1639 38.9346
    endloop
  endfacet
  facet normal -0.426924 0.866649 -0.258178
    outer loop
      vertex 68.3265 27.0201 38.6786
      vertex 68.3096 27.0494 38.8049
      vertex 68.4247 27.1061 38.8049
    endloop
  endfacet
  facet normal -0.659643 0.751579 0
    outer loop
      vertex 68.1925 26.9917 38.9346
      vertex 68.0944 26.9056 39.4654
      vertex 68.1925 26.9917 39.4654
    endloop
  endfacet
  facet normal -0.659643 0.751579 0
    outer loop
      vertex 68.0944 26.9056 39.4654
      vertex 68.1925 26.9917 38.9346
      vertex 68.0944 26.9056 38.9346
    endloop
  endfacet
  facet normal -0.831697 0.55523 0
    outer loop
      vertex 67.9358 26.6989 38.9346
      vertex 68.0083 26.8075 39.4654
      vertex 68.0083 26.8075 38.9346
    endloop
  endfacet
  facet normal -0.831697 0.55523 0
    outer loop
      vertex 68.0083 26.8075 39.4654
      vertex 67.9358 26.6989 38.9346
      vertex 67.9358 26.6989 39.4654
    endloop
  endfacet
  facet normal -0.751579 0.659643 0
    outer loop
      vertex 68.0083 26.8075 38.9346
      vertex 68.0944 26.9056 39.4654
      vertex 68.0944 26.9056 38.9346
    endloop
  endfacet
  facet normal -0.751579 0.659643 0
    outer loop
      vertex 68.0944 26.9056 39.4654
      vertex 68.0083 26.8075 38.9346
      vertex 68.0083 26.8075 39.4654
    endloop
  endfacet
  facet normal -0.745149 0.653999 0.13053
    outer loop
      vertex 68.0944 26.9056 39.4654
      vertex 68.0083 26.8075 39.4654
      vertex 68.1065 26.8935 39.5951
    endloop
  endfacet
  facet normal -0.653999 0.745149 0.13053
    outer loop
      vertex 68.1925 26.9917 39.4654
      vertex 68.0944 26.9056 39.4654
      vertex 68.1065 26.8935 39.5951
    endloop
  endfacet
  facet normal -0.803264 0.536764 0.258171
    outer loop
      vertex 68.0219 26.7971 39.5951
      vertex 67.9506 26.6904 39.5951
      vertex 67.9799 26.6735 39.7214
    endloop
  endfacet
  facet normal -0.824573 0.550475 0.130602
    outer loop
      vertex 68.0083 26.8075 39.4654
      vertex 67.9358 26.6989 39.4654
      vertex 68.0219 26.7971 39.5951
    endloop
  endfacet
  facet normal -0.351118 0.711726 0.60841
    outer loop
      vertex 68.4818 26.9682 39.9556
      vertex 68.3843 26.9201 39.9556
      vertex 68.5123 26.8946 40.0593
    endloop
  endfacet
  facet normal -0.659825 0.441098 0.608328
    outer loop
      vertex 68.1404 26.7062 39.9556
      vertex 68.0799 26.6157 39.9556
      vertex 68.1489 26.5759 40.0593
    endloop
  endfacet
  facet normal 0.70636 -0.0459421 0.70636
    outer loop
      vertex 93.8593 -12.8 40.1518
      vertex 93.8537 -12.8861 40.1518
      vertex 93.9518 -12.8 40.0593
    endloop
  endfacet
  facet normal 0.7919 -0.0516632 0.608461
    outer loop
      vertex 93.9518 -12.8 40.0593
      vertex 93.9454 -12.8981 40.0593
      vertex 94.0244 -12.9085 39.9556
    endloop
  endfacet
  facet normal 0.906652 0.179838 0.381629
    outer loop
      vertex 94.1147 26.4451 39.7214
      vertex 94.0892 26.3171 39.8423
      vertex 94.1388 26.3236 39.7214
    endloop
  endfacet
  facet normal 0.694521 0.137919 0.70613
    outer loop
      vertex 93.9262 26.3946 40.0593
      vertex 93.8369 26.3707 40.1518
      vertex 93.8537 26.2861 40.1518
    endloop
  endfacet
  facet normal 0.745149 0.653999 -0.13053
    outer loop
      vertex 93.9917 26.8075 38.9346
      vertex 93.8935 26.8935 38.8049
      vertex 93.9056 26.9056 38.9346
    endloop
  endfacet
  facet normal 0.989301 0.0653456 0.130432
    outer loop
      vertex 94.1893 26.3302 39.4654
      vertex 94.1808 26.2 39.5951
      vertex 94.1979 26.2 39.4654
    endloop
  endfacet
  facet normal 0.768336 0.513274 -0.382374
    outer loop
      vertex 93.9767 26.6484 38.5577
      vertex 93.9115 26.746 38.5577
      vertex 94.0201 26.6735 38.6786
    endloop
  endfacet
  facet normal 0.130607 0.00921932 0.991391
    outer loop
      vertex 93.3934 26.2255 40.3808
      vertex 93.2648 26.2085 40.3979
      vertex 93.2654 26.2 40.3979
    endloop
  endfacet
  facet normal 0.0420562 -0.124117 0.991376
    outer loop
      vertex 93.2747 -12.9802 40.3808
      vertex 93.2169 -12.8632 40.3979
      vertex 93.2505 -12.9884 40.3808
    endloop
  endfacet
  facet normal 0.109234 0.0723098 0.991382
    outer loop
      vertex 93.3548 26.3188 40.3808
      vertex 93.2566 26.2327 40.3979
      vertex 93.3689 26.2975 40.3808
    endloop
  endfacet
  facet normal -0.362794 0.123058 0.923708
    outer loop
      vertex 68.503 26.323 40.3469
      vertex 68.3914 26.3693 40.2969
      vertex 68.4895 26.2832 40.3469
    endloop
  endfacet
  facet normal 0.0978221 -0.491177 0.86555
    outer loop
      vertex 93.3438 -13.3366 40.2315
      vertex 93.2577 -13.2385 40.2969
      vertex 93.2725 -13.3508 40.2315
    endloop
  endfacet
  facet normal -0.128589 -0.024493 0.991396
    outer loop
      vertex 68.7352 -12.8085 40.3979
      vertex 68.6066 -12.8255 40.3808
      vertex 68.7368 -12.8169 40.3979
    endloop
  endfacet
  facet normal 0.227612 0.670509 0.706123
    outer loop
      vertex 93.3946 26.9262 40.0593
      vertex 93.3707 26.8369 40.1518
      vertex 93.4523 26.8092 40.1518
    endloop
  endfacet
  facet normal 0.0251728 0.382229 0.923725
    outer loop
      vertex 93.2577 26.6385 40.2969
      vertex 93.2 26.6423 40.2969
      vertex 93.242 26.5187 40.3469
    endloop
  endfacet
  facet normal 0.0747484 0.375726 0.923711
    outer loop
      vertex 93.2577 26.6385 40.2969
      vertex 93.242 26.5187 40.3469
      vertex 93.3145 26.6272 40.2969
    endloop
  endfacet
  facet normal 0.0747771 0.375709 0.923716
    outer loop
      vertex 93.3145 26.6272 40.2969
      vertex 93.242 26.5187 40.3469
      vertex 93.2832 26.5105 40.3469
    endloop
  endfacet
  facet normal 0.0977293 0.491241 0.865524
    outer loop
      vertex 93.3438 26.7366 40.2315
      vertex 93.2577 26.6385 40.2969
      vertex 93.3145 26.6272 40.2969
    endloop
  endfacet
  facet normal 0.160659 0.474391 0.86553
    outer loop
      vertex 93.3438 26.7366 40.2315
      vertex 93.3145 26.6272 40.2969
      vertex 93.4126 26.7133 40.2315
    endloop
  endfacet
  facet normal 0.287935 0.252853 0.923666
    outer loop
      vertex 93.5127 26.5127 40.2969
      vertex 93.4273 26.4273 40.3469
      vertex 93.5509 26.4692 40.2969
    endloop
  endfacet
  facet normal 0.252853 0.287935 0.923666
    outer loop
      vertex 93.4692 26.5509 40.2969
      vertex 93.4273 26.4273 40.3469
      vertex 93.5127 26.5127 40.2969
    endloop
  endfacet
  facet normal 0.277925 0.416454 0.865635
    outer loop
      vertex 93.4778 26.6811 40.2315
      vertex 93.4211 26.583 40.2969
      vertex 93.4692 26.5509 40.2969
    endloop
  endfacet
  facet normal 0.212899 0.318439 0.923727
    outer loop
      vertex 93.4692 26.5509 40.2969
      vertex 93.3607 26.4784 40.3469
      vertex 93.3957 26.455 40.3469
    endloop
  endfacet
  facet normal 0.259003 -0.0172669 0.965722
    outer loop
      vertex 93.3951 -12.8 40.3808
      vertex 93.3934 -12.8255 40.3808
      vertex 93.5187 -12.842 40.3469
    endloop
  endfacet
  facet normal -0.11444 -0.232968 0.965727
    outer loop
      vertex 68.7025 -12.969 40.3808
      vertex 68.677 -13.097 40.3469
      vertex 68.7253 -12.9802 40.3808
    endloop
  endfacet
  facet normal -0.0420562 0.124117 0.991376
    outer loop
      vertex 68.7495 26.3884 40.3808
      vertex 68.7253 26.3802 40.3808
      vertex 68.7831 26.2632 40.3979
    endloop
  endfacet
  facet normal -0.0166627 0.259197 0.965681
    outer loop
      vertex 68.8 26.5214 40.3469
      vertex 68.758 26.5187 40.3469
      vertex 68.8 26.3951 40.3808
    endloop
  endfacet
  facet normal 0.270021 0.546751 0.79256
    outer loop
      vertex 93.5297 26.771 40.1518
      vertex 93.4126 26.7133 40.2315
      vertex 93.4778 26.6811 40.2315
    endloop
  endfacet
  facet normal 0.33875 0.507064 0.792549
    outer loop
      vertex 93.5297 26.771 40.1518
      vertex 93.4778 26.6811 40.2315
      vertex 93.6014 26.7231 40.1518
    endloop
  endfacet
  facet normal 0.137919 0.694521 0.70613
    outer loop
      vertex 93.3946 26.9262 40.0593
      vertex 93.2861 26.8537 40.1518
      vertex 93.3707 26.8369 40.1518
    endloop
  endfacet
  facet normal 0.195553 0.577427 0.792677
    outer loop
      vertex 93.3707 26.8369 40.1518
      vertex 93.3438 26.7366 40.2315
      vertex 93.4126 26.7133 40.2315
    endloop
  endfacet
  facet normal -0.254496 -0.0508992 0.965733
    outer loop
      vertex 68.6066 -12.8255 40.3808
      vertex 68.4895 -12.8832 40.3469
      vertex 68.6116 -12.8505 40.3808
    endloop
  endfacet
  facet normal -0.00921932 -0.130607 0.991391
    outer loop
      vertex 68.7915 -12.8648 40.3979
      vertex 68.7745 -12.9934 40.3808
      vertex 68.8 -12.8654 40.3979
    endloop
  endfacet
  facet normal 0.195315 0.17121 0.965681
    outer loop
      vertex 93.4273 26.4273 40.3469
      vertex 93.3548 26.3188 40.3808
      vertex 93.455 26.3957 40.3469
    endloop
  endfacet
  facet normal -0.84994 0.169249 -0.498956
    outer loop
      vertex 67.9756 26.3085 38.4444
      vertex 67.9108 26.3171 38.5577
      vertex 67.9337 26.4321 38.5577
    endloop
  endfacet
  facet normal -0.947453 0.188286 -0.258613
    outer loop
      vertex 67.8612 26.3236 38.6786
      vertex 67.8276 26.328 38.8049
      vertex 67.8526 26.4538 38.8049
    endloop
  endfacet
  facet normal -0.989301 0.0653456 0.130432
    outer loop
      vertex 67.8107 26.3302 39.4654
      vertex 67.8021 26.2 39.4654
      vertex 67.8192 26.2 39.5951
    endloop
  endfacet
  facet normal -0.989301 -0.0653456 -0.130432
    outer loop
      vertex 67.8107 -12.9302 38.9346
      vertex 67.8021 -12.8 38.9346
      vertex 67.8192 -12.8 38.8049
    endloop
  endfacet
  facet normal -0.922316 -0.0606476 -0.381647
    outer loop
      vertex 67.9108 -12.9171 38.5577
      vertex 67.8612 -12.9236 38.6786
      vertex 67.9031 -12.8 38.5577
    endloop
  endfacet
  facet normal -0.252516 0.288069 0.923716
    outer loop
      vertex 68.6043 26.455 40.3469
      vertex 68.5308 26.5509 40.2969
      vertex 68.5727 26.4273 40.3469
    endloop
  endfacet
  facet normal -0.660364 0.440781 0.607973
    outer loop
      vertex 68.2035 26.6577 40.0593
      vertex 68.1404 26.7062 39.9556
      vertex 68.1489 26.5759 40.0593
    endloop
  endfacet
  facet normal -0.864683 0.056583 -0.49912
    outer loop
      vertex 67.9685 26.2 38.4444
      vertex 67.9031 26.2 38.5577
      vertex 67.9756 26.3085 38.4444
    endloop
  endfacet
  facet normal -0.791815 0.0518146 -0.60856
    outer loop
      vertex 68.0482 26.2 38.3407
      vertex 67.9685 26.2 38.4444
      vertex 67.9756 26.3085 38.4444
    endloop
  endfacet
  facet normal -0.608589 0.039583 -0.792498
    outer loop
      vertex 68.2492 26.2725 38.1685
      vertex 68.1407 26.2 38.2482
      vertex 68.1463 26.2861 38.2482
    endloop
  endfacet
  facet normal -0.70636 0.0459421 -0.70636
    outer loop
      vertex 68.1407 26.2 38.2482
      vertex 68.0482 26.2 38.3407
      vertex 68.1463 26.2861 38.2482
    endloop
  endfacet
  facet normal -0.694343 0.138149 -0.70626
    outer loop
      vertex 68.1463 26.2861 38.2482
      vertex 68.0546 26.2981 38.3407
      vertex 68.0738 26.3946 38.3407
    endloop
  endfacet
  facet normal -0.706421 0.0460866 -0.70629
    outer loop
      vertex 68.1463 26.2861 38.2482
      vertex 68.0482 26.2 38.3407
      vertex 68.0546 26.2981 38.3407
    endloop
  endfacet
  facet normal -0.864683 -0.056583 -0.49912
    outer loop
      vertex 67.9756 -12.9085 38.4444
      vertex 67.9031 -12.8 38.5577
      vertex 67.9685 -12.8 38.4444
    endloop
  endfacet
  facet normal -0.791815 -0.0518146 -0.60856
    outer loop
      vertex 67.9756 -12.9085 38.4444
      vertex 67.9685 -12.8 38.4444
      vertex 68.0482 -12.8 38.3407
    endloop
  endfacet
  facet normal -0.67047 -0.22732 -0.706255
    outer loop
      vertex 68.1908 -13.0523 38.2482
      vertex 68.0738 -12.9946 38.3407
      vertex 68.1631 -12.9706 38.2482
    endloop
  endfacet
  facet normal -0.670505 -0.227583 -0.706136
    outer loop
      vertex 68.1054 -13.0877 38.3407
      vertex 68.0738 -12.9946 38.3407
      vertex 68.1908 -13.0523 38.2482
    endloop
  endfacet
  facet normal -0.694343 -0.138149 0.70626
    outer loop
      vertex 68.1463 -12.8861 40.1518
      vertex 68.0546 -12.8981 40.0593
      vertex 68.0738 -12.9946 40.0593
    endloop
  endfacet
  facet normal -0.474391 -0.160659 0.86553
    outer loop
      vertex 68.3728 -12.9145 40.2969
      vertex 68.2634 -12.9438 40.2315
      vertex 68.2867 -13.0126 40.2315
    endloop
  endfacet
  facet normal -0.866071 0 0.499921
    outer loop
      vertex 67.9031 -12.8 39.8423
      vertex 67.9685 26.2 39.9556
      vertex 67.9031 26.2 39.8423
    endloop
  endfacet
  facet normal -0.866071 0 0.499921
    outer loop
      vertex 67.9685 26.2 39.9556
      vertex 67.9031 -12.8 39.8423
      vertex 67.9685 -12.8 39.9556
    endloop
  endfacet
  facet normal -0.963902 -0.0632561 0.258634
    outer loop
      vertex 67.8612 -12.9236 39.7214
      vertex 67.8192 -12.8 39.5951
      vertex 67.8276 -12.928 39.5951
    endloop
  endfacet
  facet normal -0.938721 -0.318983 0.130587
    outer loop
      vertex 67.8939 -13.1753 39.5951
      vertex 67.8361 -13.0583 39.4654
      vertex 67.8781 -13.1819 39.4654
    endloop
  endfacet
  facet normal -0.896867 -0.442301 0
    outer loop
      vertex 67.9358 -13.2989 38.9346
      vertex 67.8781 -13.1819 39.4654
      vertex 67.8781 -13.1819 38.9346
    endloop
  endfacet
  facet normal -0.896867 -0.442301 0
    outer loop
      vertex 67.8781 -13.1819 39.4654
      vertex 67.9358 -13.2989 38.9346
      vertex 67.9358 -13.2989 39.4654
    endloop
  endfacet
  facet normal -0.467099 -0.531874 0.706349
    outer loop
      vertex 68.3986 -13.3231 40.1518
      vertex 68.2684 -13.3316 40.0593
      vertex 68.3423 -13.3965 40.0593
    endloop
  endfacet
  facet normal -0.458339 -0.402462 0.792433
    outer loop
      vertex 68.3592 -13.1382 40.2315
      vertex 68.2769 -13.2014 40.1518
      vertex 68.3338 -13.2662 40.1518
    endloop
  endfacet
  facet normal -0.726051 -0.637177 0.258564
    outer loop
      vertex 68.0488 -13.3765 39.7214
      vertex 68.0219 -13.3971 39.5951
      vertex 68.1065 -13.4935 39.5951
    endloop
  endfacet
  facet normal -0.670505 -0.227583 0.706136
    outer loop
      vertex 68.1908 -13.0523 40.1518
      vertex 68.0738 -12.9946 40.0593
      vertex 68.1054 -13.0877 40.0593
    endloop
  endfacet
  facet normal -0.426716 -0.866694 0.25837
    outer loop
      vertex 68.4376 -13.6748 39.7214
      vertex 68.3265 -13.6201 39.7214
      vertex 68.4247 -13.7061 39.5951
    endloop
  endfacet
  facet normal -0.513274 -0.768336 0.382374
    outer loop
      vertex 68.3516 -13.5767 39.8423
      vertex 68.254 -13.5115 39.8423
      vertex 68.3265 -13.6201 39.7214
    endloop
  endfacet
  facet normal -0.745175 -0.653961 0.130575
    outer loop
      vertex 68.0219 -13.3971 39.5951
      vertex 68.0083 -13.4075 39.4654
      vertex 68.1065 -13.4935 39.5951
    endloop
  endfacet
  facet normal -0.653999 -0.745149 0.13053
    outer loop
      vertex 68.1065 -13.4935 39.5951
      vertex 68.0944 -13.5056 39.4654
      vertex 68.1925 -13.5917 39.4654
    endloop
  endfacet
  facet normal 0.130607 -0.00921932 -0.991391
    outer loop
      vertex 93.3934 -12.8255 38.0192
      vertex 93.2648 -12.8085 38.0021
      vertex 93.2654 -12.8 38.0021
    endloop
  endfacet
  facet normal -0.130712 0 -0.99142
    outer loop
      vertex 68.6049 -12.8 38.0192
      vertex 68.7346 26.2 38.0021
      vertex 68.7346 -12.8 38.0021
    endloop
  endfacet
  facet normal -0.130712 0 -0.99142
    outer loop
      vertex 68.7346 26.2 38.0021
      vertex 68.6049 -12.8 38.0192
      vertex 68.6049 26.2 38.0192
    endloop
  endfacet
  facet normal -0.608883 -0.0403122 -0.792235
    outer loop
      vertex 68.2492 -12.8725 38.1685
      vertex 68.1407 -12.8 38.2482
      vertex 68.2444 -12.8 38.1685
    endloop
  endfacet
  facet normal -0.499734 -0.0329114 -0.865554
    outer loop
      vertex 68.3615 -12.8577 38.1031
      vertex 68.2492 -12.8725 38.1685
      vertex 68.3577 -12.8 38.1031
    endloop
  endfacet
  facet normal -0.402739 -0.458115 -0.792421
    outer loop
      vertex 68.4618 -13.2408 38.1685
      vertex 68.3986 -13.3231 38.2482
      vertex 68.4072 -13.1928 38.1685
    endloop
  endfacet
  facet normal -0.507194 -0.338837 -0.792429
    outer loop
      vertex 68.2769 -13.2014 38.2482
      vertex 68.229 -13.1297 38.2482
      vertex 68.3592 -13.1382 38.1685
    endloop
  endfacet
  facet normal -0.778323 -0.154858 -0.608467
    outer loop
      vertex 68.0738 -12.9946 38.3407
      vertex 67.9756 -12.9085 38.4444
      vertex 68.0546 -12.8981 38.3407
    endloop
  endfacet
  facet normal -0.7919 -0.0516632 -0.608461
    outer loop
      vertex 68.0546 -12.8981 38.3407
      vertex 67.9756 -12.9085 38.4444
      vertex 68.0482 -12.8 38.3407
    endloop
  endfacet
  facet normal -0.382056 -0.0245608 -0.923813
    outer loop
      vertex 68.4813 -12.842 38.0531
      vertex 68.3577 -12.8 38.1031
      vertex 68.4786 -12.8 38.0531
    endloop
  endfacet
  facet normal -0.232716 -0.114815 -0.965744
    outer loop
      vertex 68.5216 -12.9607 38.0531
      vertex 68.503 -12.923 38.0531
      vertex 68.6311 -12.8975 38.0192
    endloop
  endfacet
  facet normal -0.376187 -0.330353 -0.86565
    outer loop
      vertex 68.4873 -13.1127 38.1031
      vertex 68.3592 -13.1382 38.1685
      vertex 68.4491 -13.0692 38.1031
    endloop
  endfacet
  facet normal -0.507249 -0.338446 -0.792561
    outer loop
      vertex 68.3592 -13.1382 38.1685
      vertex 68.229 -13.1297 38.2482
      vertex 68.3189 -13.0778 38.1685
    endloop
  endfacet
  facet normal -0.330353 -0.376187 -0.86565
    outer loop
      vertex 68.5308 -13.1509 38.1031
      vertex 68.4618 -13.2408 38.1685
      vertex 68.4873 -13.1127 38.1031
    endloop
  endfacet
  facet normal 0 -0.499921 -0.866071
    outer loop
      vertex 68.8 -13.3556 38.1685
      vertex 93.2 -13.2423 38.1031
      vertex 93.2 -13.3556 38.1685
    endloop
  endfacet
  facet normal -0 -0.499921 -0.866071
    outer loop
      vertex 93.2 -13.2423 38.1031
      vertex 68.8 -13.3556 38.1685
      vertex 68.8 -13.2423 38.1031
    endloop
  endfacet
  facet normal -0.946829 -0.321738 0
    outer loop
      vertex 67.8781 -13.1819 38.9346
      vertex 67.8361 -13.0583 39.4654
      vertex 67.8361 -13.0583 38.9346
    endloop
  endfacet
  facet normal -0.946829 -0.321738 0
    outer loop
      vertex 67.8361 -13.0583 39.4654
      vertex 67.8781 -13.1819 38.9346
      vertex 67.8781 -13.1819 39.4654
    endloop
  endfacet
  facet normal -0.745149 -0.653999 -0.13053
    outer loop
      vertex 68.0944 -13.5056 38.9346
      vertex 68.0083 -13.4075 38.9346
      vertex 68.1065 -13.4935 38.8049
    endloop
  endfacet
  facet normal -0.824573 -0.550475 -0.130602
    outer loop
      vertex 68.0083 -13.4075 38.9346
      vertex 67.9358 -13.2989 38.9346
      vertex 68.0219 -13.3971 38.8049
    endloop
  endfacet
  facet normal -0.513274 -0.768336 -0.382374
    outer loop
      vertex 68.3265 -13.6201 38.6786
      vertex 68.254 -13.5115 38.5577
      vertex 68.3516 -13.5767 38.5577
    endloop
  endfacet
  facet normal -0.588746 -0.392977 -0.706362
    outer loop
      vertex 68.2035 -13.2577 38.3407
      vertex 68.1489 -13.1759 38.3407
      vertex 68.2769 -13.2014 38.2482
    endloop
  endfacet
  facet normal -0.660364 -0.440781 -0.607973
    outer loop
      vertex 68.2035 -13.2577 38.3407
      vertex 68.1404 -13.3062 38.4444
      vertex 68.1489 -13.1759 38.3407
    endloop
  endfacet
  facet normal -0.319081 -0.938701 -0.130489
    outer loop
      vertex 68.5417 -13.7639 38.9346
      vertex 68.4247 -13.7061 38.8049
      vertex 68.5462 -13.7474 38.8049
    endloop
  endfacet
  facet normal -0.310901 -0.914636 -0.258422
    outer loop
      vertex 68.5462 -13.7474 38.8049
      vertex 68.4247 -13.7061 38.8049
      vertex 68.4376 -13.6748 38.6786
    endloop
  endfacet
  facet normal -0.408936 -0.828903 -0.381695
    outer loop
      vertex 68.4376 -13.6748 38.6786
      vertex 68.3516 -13.5767 38.5577
      vertex 68.4568 -13.6286 38.5577
    endloop
  endfacet
  facet normal -0.297015 -0.875288 -0.381646
    outer loop
      vertex 68.5679 -13.6663 38.5577
      vertex 68.4376 -13.6748 38.6786
      vertex 68.4568 -13.6286 38.5577
    endloop
  endfacet
  facet normal -0.0460866 -0.706421 -0.70629
    outer loop
      vertex 68.8 -13.5518 38.3407
      vertex 68.7019 -13.5454 38.3407
      vertex 68.7139 -13.4537 38.2482
    endloop
  endfacet
  facet normal -0.0568645 -0.864784 -0.498915
    outer loop
      vertex 68.8 -13.6969 38.5577
      vertex 68.6829 -13.6892 38.5577
      vertex 68.6915 -13.6244 38.4444
    endloop
  endfacet
  facet normal -0.056583 -0.864683 -0.49912
    outer loop
      vertex 68.8 -13.6969 38.5577
      vertex 68.6915 -13.6244 38.4444
      vertex 68.8 -13.6315 38.4444
    endloop
  endfacet
  facet normal 0.0459421 -0.70636 -0.70636
    outer loop
      vertex 93.2861 -13.4537 38.2482
      vertex 93.2 -13.5518 38.3407
      vertex 93.2 -13.4593 38.2482
    endloop
  endfacet
  facet normal 0.039583 -0.608589 -0.792498
    outer loop
      vertex 93.2861 -13.4537 38.2482
      vertex 93.2 -13.4593 38.2482
      vertex 93.2725 -13.3508 38.1685
    endloop
  endfacet
  facet normal -0.252853 -0.287935 -0.923666
    outer loop
      vertex 68.5308 -13.1509 38.1031
      vertex 68.4873 -13.1127 38.1031
      vertex 68.5727 -13.0273 38.0531
    endloop
  endfacet
  facet normal -0.216334 -0.143207 -0.965759
    outer loop
      vertex 68.6452 -12.9188 38.0192
      vertex 68.5216 -12.9607 38.0531
      vertex 68.6311 -12.8975 38.0192
    endloop
  endfacet
  facet normal 0.259003 0.0172669 -0.965722
    outer loop
      vertex 93.3951 26.2 38.0192
      vertex 93.3934 26.2255 38.0192
      vertex 93.5187 26.242 38.0531
    endloop
  endfacet
  facet normal 0.0427814 -0.123761 -0.991389
    outer loop
      vertex 93.2747 -12.9802 38.0192
      vertex 93.2169 -12.8632 38.0021
      vertex 93.225 -12.8604 38.0021
    endloop
  endfacet
  facet normal 0.531906 -0.46706 -0.70635
    outer loop
      vertex 93.7965 -13.2577 38.3407
      vertex 93.6662 -13.2662 38.2482
      vertex 93.7231 -13.2014 38.2482
    endloop
  endfacet
  facet normal -0.382056 0.0245608 -0.923813
    outer loop
      vertex 68.4786 26.2 38.0531
      vertex 68.3577 26.2 38.1031
      vertex 68.4813 26.242 38.0531
    endloop
  endfacet
  facet normal -0.259003 0.0172669 -0.965722
    outer loop
      vertex 68.6049 26.2 38.0192
      vertex 68.4813 26.242 38.0531
      vertex 68.6066 26.2255 38.0192
    endloop
  endfacet
  facet normal -0.577486 0.196034 -0.792515
    outer loop
      vertex 68.2867 26.4126 38.1685
      vertex 68.1631 26.3707 38.2482
      vertex 68.1908 26.4523 38.2482
    endloop
  endfacet
  facet normal -0.416435 0.277912 -0.865648
    outer loop
      vertex 68.417 26.4211 38.1031
      vertex 68.3592 26.5382 38.1685
      vertex 68.4491 26.4692 38.1031
    endloop
  endfacet
  facet normal -0.144323 0.215868 -0.965698
    outer loop
      vertex 68.7025 26.369 38.0192
      vertex 68.6043 26.455 38.0531
      vertex 68.6393 26.4784 38.0531
    endloop
  endfacet
  facet normal -0.254496 0.0508992 -0.965733
    outer loop
      vertex 68.6066 26.2255 38.0192
      vertex 68.4895 26.2832 38.0531
      vertex 68.6116 26.2505 38.0192
    endloop
  endfacet
  facet normal 0.778323 0.154858 -0.608467
    outer loop
      vertex 93.9454 26.2981 38.3407
      vertex 93.9262 26.3946 38.3407
      vertex 94.0244 26.3085 38.4444
    endloop
  endfacet
  facet normal -0.00921932 0.130607 -0.991391
    outer loop
      vertex 68.7915 26.2648 38.0021
      vertex 68.7745 26.3934 38.0192
      vertex 68.8 26.2654 38.0021
    endloop
  endfacet
  facet normal 0.123129 -0.362766 -0.92371
    outer loop
      vertex 93.3693 -13.2086 38.1031
      vertex 93.3145 -13.2272 38.1031
      vertex 93.323 -13.097 38.0531
    endloop
  endfacet
  facet normal 0.416435 -0.277912 -0.865648
    outer loop
      vertex 93.6408 -13.1382 38.1685
      vertex 93.5509 -13.0692 38.1031
      vertex 93.583 -13.0211 38.1031
    endloop
  endfacet
  facet normal 0.259233 0 -0.965815
    outer loop
      vertex 93.3951 -12.8 38.0192
      vertex 93.5214 26.2 38.0531
      vertex 93.5214 -12.8 38.0531
    endloop
  endfacet
  facet normal 0.259233 0 -0.965815
    outer loop
      vertex 93.5214 26.2 38.0531
      vertex 93.3951 -12.8 38.0192
      vertex 93.3951 26.2 38.0192
    endloop
  endfacet
  facet normal 0.130707 0.00871377 -0.991383
    outer loop
      vertex 93.3951 26.2 38.0192
      vertex 93.2654 26.2 38.0021
      vertex 93.3934 26.2255 38.0192
    endloop
  endfacet
  facet normal -0.259003 -0.0172669 -0.965722
    outer loop
      vertex 68.6066 -12.8255 38.0192
      vertex 68.4813 -12.842 38.0531
      vertex 68.6049 -12.8 38.0192
    endloop
  endfacet
  facet normal 0.57754 -0.195591 -0.792586
    outer loop
      vertex 93.8369 -12.9706 38.2482
      vertex 93.7133 -13.0126 38.1685
      vertex 93.7366 -12.9438 38.1685
    endloop
  endfacet
  facet normal 0.609378 0 -0.79288
    outer loop
      vertex 93.7556 -12.8 38.1685
      vertex 93.8593 26.2 38.2482
      vertex 93.8593 -12.8 38.2482
    endloop
  endfacet
  facet normal 0.609378 0 -0.79288
    outer loop
      vertex 93.8593 26.2 38.2482
      vertex 93.7556 -12.8 38.1685
      vertex 93.7556 26.2 38.1685
    endloop
  endfacet
  facet normal 0.963886 -0.0631673 -0.258715
    outer loop
      vertex 94.1808 -12.8 38.8049
      vertex 94.1388 -12.9236 38.6786
      vertex 94.1469 -12.8 38.6786
    endloop
  endfacet
  facet normal 0.965815 0 -0.259233
    outer loop
      vertex 94.1808 -12.8 38.8049
      vertex 94.1469 26.2 38.6786
      vertex 94.1808 26.2 38.8049
    endloop
  endfacet
  facet normal 0.965815 0 -0.259233
    outer loop
      vertex 94.1469 26.2 38.6786
      vertex 94.1808 -12.8 38.8049
      vertex 94.1469 -12.8 38.6786
    endloop
  endfacet
  facet normal 0.0251728 -0.382229 -0.923725
    outer loop
      vertex 93.2577 -13.2385 38.1031
      vertex 93.2 -13.2423 38.1031
      vertex 93.242 -13.1187 38.0531
    endloop
  endfacet
  facet normal 0.221713 -0.448935 -0.865622
    outer loop
      vertex 93.4778 -13.2811 38.1685
      vertex 93.4126 -13.3133 38.1685
      vertex 93.4211 -13.183 38.1031
    endloop
  endfacet
  facet normal 0.803264 -0.536764 -0.258171
    outer loop
      vertex 94.0494 -13.2904 38.8049
      vertex 93.9781 -13.3971 38.8049
      vertex 94.0201 -13.2735 38.6786
    endloop
  endfacet
  facet normal 0.745149 -0.653999 -0.13053
    outer loop
      vertex 93.9056 -13.5056 38.9346
      vertex 93.8935 -13.4935 38.8049
      vertex 93.9917 -13.4075 38.9346
    endloop
  endfacet
  facet normal 0.537089 -0.802905 -0.258608
    outer loop
      vertex 93.7971 -13.5781 38.8049
      vertex 93.6735 -13.6201 38.6786
      vertex 93.7765 -13.5512 38.6786
    endloop
  endfacet
  facet normal 0.297015 -0.875288 -0.381646
    outer loop
      vertex 93.5624 -13.6748 38.6786
      vertex 93.4321 -13.6663 38.5577
      vertex 93.5432 -13.6286 38.5577
    endloop
  endfacet
  facet normal 0.194496 -0.980903 0
    outer loop
      vertex 93.3302 -13.7893 38.9346
      vertex 93.4583 -13.7639 39.4654
      vertex 93.3302 -13.7893 39.4654
    endloop
  endfacet
  facet normal 0.194496 -0.980903 0
    outer loop
      vertex 93.4583 -13.7639 39.4654
      vertex 93.3302 -13.7893 38.9346
      vertex 93.4583 -13.7639 38.9346
    endloop
  endfacet
  facet normal 0.351118 -0.711726 -0.60841
    outer loop
      vertex 93.5182 -13.5682 38.4444
      vertex 93.4877 -13.4946 38.3407
      vertex 93.6157 -13.5201 38.4444
    endloop
  endfacet
  facet normal 0.550506 -0.82462 -0.130175
    outer loop
      vertex 93.6989 -13.6642 38.9346
      vertex 93.6904 -13.6494 38.8049
      vertex 93.8075 -13.5917 38.9346
    endloop
  endfacet
  facet normal 0.138149 -0.694343 -0.70626
    outer loop
      vertex 93.2981 -13.5454 38.3407
      vertex 93.2861 -13.4537 38.2482
      vertex 93.3946 -13.5262 38.3407
    endloop
  endfacet
  facet normal 0.25475 -0.751841 -0.608143
    outer loop
      vertex 93.4152 -13.6031 38.4444
      vertex 93.3946 -13.5262 38.3407
      vertex 93.5182 -13.5682 38.4444
    endloop
  endfacet
  facet normal 0.318983 -0.938721 -0.130587
    outer loop
      vertex 93.5819 -13.7219 38.9346
      vertex 93.4583 -13.7639 38.9346
      vertex 93.5753 -13.7061 38.8049
    endloop
  endfacet
  facet normal 0.319081 -0.938701 -0.130489
    outer loop
      vertex 93.4583 -13.7639 38.9346
      vertex 93.4538 -13.7474 38.8049
      vertex 93.5753 -13.7061 38.8049
    endloop
  endfacet
  facet normal 0.169249 -0.84994 -0.498956
    outer loop
      vertex 93.3171 -13.6892 38.5577
      vertex 93.3085 -13.6244 38.4444
      vertex 93.4321 -13.6663 38.5577
    endloop
  endfacet
  facet normal 0.0631687 -0.963908 -0.258632
    outer loop
      vertex 93.328 -13.7724 38.8049
      vertex 93.2 -13.7469 38.6786
      vertex 93.3236 -13.7388 38.6786
    endloop
  endfacet
  facet normal 0.179792 -0.90642 -0.3822
    outer loop
      vertex 93.4451 -13.7147 38.6786
      vertex 93.3236 -13.7388 38.6786
      vertex 93.4321 -13.6663 38.5577
    endloop
  endfacet
  facet normal 0.187961 -0.947606 -0.25829
    outer loop
      vertex 93.4538 -13.7474 38.8049
      vertex 93.3236 -13.7388 38.6786
      vertex 93.4451 -13.7147 38.6786
    endloop
  endfacet
  facet normal -0.310901 -0.914636 0.258422
    outer loop
      vertex 68.4376 -13.6748 39.7214
      vertex 68.4247 -13.7061 39.5951
      vertex 68.5462 -13.7474 39.5951
    endloop
  endfacet
  facet normal 0.426924 -0.866649 0.258178
    outer loop
      vertex 93.6735 -13.6201 39.7214
      vertex 93.5753 -13.7061 39.5951
      vertex 93.6904 -13.6494 39.5951
    endloop
  endfacet
  facet normal -0.55084 -0.824328 -0.130606
    outer loop
      vertex 68.3096 -13.6494 38.8049
      vertex 68.1925 -13.5917 38.9346
      vertex 68.2029 -13.5781 38.8049
    endloop
  endfacet
  facet normal -0.426924 -0.866649 -0.258178
    outer loop
      vertex 68.4247 -13.7061 38.8049
      vertex 68.3096 -13.6494 38.8049
      vertex 68.3265 -13.6201 38.6786
    endloop
  endfacet
  facet normal -0.491177 -0.0978221 0.86555
    outer loop
      vertex 68.3615 -12.8577 40.2969
      vertex 68.2492 -12.8725 40.2315
      vertex 68.2634 -12.9438 40.2315
    endloop
  endfacet
  facet normal -0.57754 -0.195591 0.792586
    outer loop
      vertex 68.2634 -12.9438 40.2315
      vertex 68.1631 -12.9706 40.1518
      vertex 68.2867 -13.0126 40.2315
    endloop
  endfacet
  facet normal -0.609378 0 0.79288
    outer loop
      vertex 68.1407 26.2 40.1518
      vertex 68.2444 -12.8 40.2315
      vertex 68.2444 26.2 40.2315
    endloop
  endfacet
  facet normal -0.609378 0 0.79288
    outer loop
      vertex 68.2444 -12.8 40.2315
      vertex 68.1407 26.2 40.1518
      vertex 68.1407 -12.8 40.1518
    endloop
  endfacet
  facet normal -0.491241 -0.0977293 0.865524
    outer loop
      vertex 68.3615 -12.8577 40.2969
      vertex 68.2634 -12.9438 40.2315
      vertex 68.3728 -12.9145 40.2969
    endloop
  endfacet
  facet normal -0.375717 -0.0747465 0.923715
    outer loop
      vertex 68.4895 -12.8832 40.3469
      vertex 68.3615 -12.8577 40.2969
      vertex 68.3728 -12.9145 40.2969
    endloop
  endfacet
  facet normal -0.382229 -0.0251728 0.923725
    outer loop
      vertex 68.4813 -12.842 40.3469
      vertex 68.3577 -12.8 40.2969
      vertex 68.3615 -12.8577 40.2969
    endloop
  endfacet
  facet normal -0.375722 -0.0747796 0.92371
    outer loop
      vertex 68.4813 -12.842 40.3469
      vertex 68.3615 -12.8577 40.2969
      vertex 68.4895 -12.8832 40.3469
    endloop
  endfacet
  facet normal -0.0579672 0.11746 0.991384
    outer loop
      vertex 68.775 26.2604 40.3979
      vertex 68.7253 26.3802 40.3808
      vertex 68.7673 26.2566 40.3979
    endloop
  endfacet
  facet normal 0.128589 0.024493 0.991396
    outer loop
      vertex 93.3934 26.2255 40.3808
      vertex 93.2632 26.2169 40.3979
      vertex 93.2648 26.2085 40.3979
    endloop
  endfacet
  facet normal 0.0257012 0.128506 0.991376
    outer loop
      vertex 93.2255 26.3934 40.3808
      vertex 93.2169 26.2632 40.3979
      vertex 93.2505 26.3884 40.3808
    endloop
  endfacet
  facet normal -0.277925 -0.416454 0.865635
    outer loop
      vertex 68.5308 -13.1509 40.2969
      vertex 68.5222 -13.2811 40.2315
      vertex 68.5789 -13.183 40.2969
    endloop
  endfacet
  facet normal -0.416435 -0.277912 0.865648
    outer loop
      vertex 68.417 -13.0211 40.2969
      vertex 68.3592 -13.1382 40.2315
      vertex 68.4491 -13.0692 40.2969
    endloop
  endfacet
  facet normal -0.0330801 -0.499647 0.865597
    outer loop
      vertex 68.8 -13.2423 40.2969
      vertex 68.7275 -13.3508 40.2315
      vertex 68.8 -13.3556 40.2315
    endloop
  endfacet
  facet normal -0.351118 -0.711726 0.60841
    outer loop
      vertex 68.5123 -13.4946 40.0593
      vertex 68.3843 -13.5201 39.9556
      vertex 68.4818 -13.5682 39.9556
    endloop
  endfacet
  facet normal -0.25508 -0.751517 0.608405
    outer loop
      vertex 68.5123 -13.4946 40.0593
      vertex 68.4818 -13.5682 39.9556
      vertex 68.6054 -13.5262 40.0593
    endloop
  endfacet
  facet normal -0.383433 -0.777208 0.498925
    outer loop
      vertex 68.3843 -13.5201 39.9556
      vertex 68.3516 -13.5767 39.8423
      vertex 68.4568 -13.6286 39.8423
    endloop
  endfacet
  facet normal -0.408936 -0.828903 0.381695
    outer loop
      vertex 68.4568 -13.6286 39.8423
      vertex 68.3516 -13.5767 39.8423
      vertex 68.4376 -13.6748 39.7214
    endloop
  endfacet
  facet normal -0.0518146 -0.791815 0.60856
    outer loop
      vertex 68.8 -13.5518 40.0593
      vertex 68.6915 -13.6244 39.9556
      vertex 68.8 -13.6315 39.9556
    endloop
  endfacet
  facet normal 0.212695 -0.318711 0.92368
    outer loop
      vertex 93.4692 -13.1509 40.2969
      vertex 93.3607 -13.0784 40.3469
      vertex 93.4211 -13.183 40.2969
    endloop
  endfacet
  facet normal -0.195553 -0.577427 0.792677
    outer loop
      vertex 68.6562 -13.3366 40.2315
      vertex 68.5874 -13.3133 40.2315
      vertex 68.6293 -13.4369 40.1518
    endloop
  endfacet
  facet normal -0.039583 -0.608589 0.792498
    outer loop
      vertex 68.7275 -13.3508 40.2315
      vertex 68.7139 -13.4537 40.1518
      vertex 68.8 -13.4593 40.1518
    endloop
  endfacet
  facet normal 0.536764 -0.803264 0.258171
    outer loop
      vertex 93.7971 -13.5781 39.5951
      vertex 93.6735 -13.6201 39.7214
      vertex 93.6904 -13.6494 39.5951
    endloop
  endfacet
  facet normal 0.67047 -0.22732 0.706255
    outer loop
      vertex 93.8369 -12.9706 40.1518
      vertex 93.8092 -13.0523 40.1518
      vertex 93.9262 -12.9946 40.0593
    endloop
  endfacet
  facet normal 0.297015 -0.875288 0.381646
    outer loop
      vertex 93.5432 -13.6286 39.8423
      vertex 93.4321 -13.6663 39.8423
      vertex 93.5624 -13.6748 39.7214
    endloop
  endfacet
  facet normal 0 -0.965815 0.259233
    outer loop
      vertex 68.8 -13.7808 39.5951
      vertex 93.2 -13.7469 39.7214
      vertex 68.8 -13.7469 39.7214
    endloop
  endfacet
  facet normal 0 -0.965815 0.259233
    outer loop
      vertex 93.2 -13.7469 39.7214
      vertex 68.8 -13.7808 39.5951
      vertex 93.2 -13.7808 39.5951
    endloop
  endfacet
  facet normal -0.252853 0.287935 -0.923666
    outer loop
      vertex 68.5727 26.4273 38.0531
      vertex 68.4873 26.5127 38.1031
      vertex 68.5308 26.5509 38.1031
    endloop
  endfacet
  facet normal -0.287935 0.252853 -0.923666
    outer loop
      vertex 68.5727 26.4273 38.0531
      vertex 68.4491 26.4692 38.1031
      vertex 68.4873 26.5127 38.1031
    endloop
  endfacet
  facet normal -0.212695 0.318711 -0.92368
    outer loop
      vertex 68.6393 26.4784 38.0531
      vertex 68.5308 26.5509 38.1031
      vertex 68.5789 26.583 38.1031
    endloop
  endfacet
  facet normal -0.277925 0.416454 -0.865635
    outer loop
      vertex 68.5308 26.5509 38.1031
      vertex 68.5222 26.6811 38.1685
      vertex 68.5789 26.583 38.1031
    endloop
  endfacet
  facet normal -0.212899 0.318439 -0.923727
    outer loop
      vertex 68.6043 26.455 38.0531
      vertex 68.5308 26.5509 38.1031
      vertex 68.6393 26.4784 38.0531
    endloop
  endfacet
  facet normal 0.024493 0.128589 -0.991396
    outer loop
      vertex 93.2169 26.2632 38.0021
      vertex 93.2085 26.2648 38.0021
      vertex 93.2255 26.3934 38.0192
    endloop
  endfacet
  facet normal -0.0329114 0.499734 -0.865554
    outer loop
      vertex 68.7423 26.6385 38.1031
      vertex 68.7275 26.7508 38.1685
      vertex 68.8 26.6423 38.1031
    endloop
  endfacet
  facet normal -0.0245608 0.382056 -0.923813
    outer loop
      vertex 68.8 26.5214 38.0531
      vertex 68.758 26.5187 38.0531
      vertex 68.8 26.6423 38.1031
    endloop
  endfacet
  facet normal 0.351059 0.711802 -0.608355
    outer loop
      vertex 93.5759 26.8511 38.3407
      vertex 93.4877 26.8946 38.3407
      vertex 93.6157 26.9201 38.4444
    endloop
  endfacet
  facet normal -0.0978221 0.491177 -0.86555
    outer loop
      vertex 68.7423 26.6385 38.1031
      vertex 68.6562 26.7366 38.1685
      vertex 68.7275 26.7508 38.1685
    endloop
  endfacet
  facet normal 0 0.707107 -0.707107
    outer loop
      vertex 68.8 26.8593 38.2482
      vertex 93.2 26.9518 38.3407
      vertex 93.2 26.8593 38.2482
    endloop
  endfacet
  facet normal 0 0.707107 -0.707107
    outer loop
      vertex 93.2 26.9518 38.3407
      vertex 68.8 26.8593 38.2482
      vertex 68.8 26.9518 38.3407
    endloop
  endfacet
  facet normal -0.123048 0.362765 -0.923721
    outer loop
      vertex 68.7168 26.5105 38.0531
      vertex 68.677 26.497 38.0531
      vertex 68.6855 26.6272 38.1031
    endloop
  endfacet
  facet normal -0.123129 0.362766 -0.92371
    outer loop
      vertex 68.677 26.497 38.0531
      vertex 68.6307 26.6086 38.1031
      vertex 68.6855 26.6272 38.1031
    endloop
  endfacet
  facet normal 0.180517 0.906524 -0.381612
    outer loop
      vertex 93.4321 27.0663 38.5577
      vertex 93.3171 27.0892 38.5577
      vertex 93.3236 27.1388 38.6786
    endloop
  endfacet
  facet normal 0.27843 0.820519 -0.499225
    outer loop
      vertex 93.5432 27.0286 38.5577
      vertex 93.4152 27.0031 38.4444
      vertex 93.4321 27.0663 38.5577
    endloop
  endfacet
  facet normal -0.155401 0.778463 -0.608149
    outer loop
      vertex 68.6054 26.9262 38.3407
      vertex 68.5848 27.0031 38.4444
      vertex 68.6915 27.0244 38.4444
    endloop
  endfacet
  facet normal -0.137919 0.694521 -0.70613
    outer loop
      vertex 68.6293 26.8369 38.2482
      vertex 68.6054 26.9262 38.3407
      vertex 68.7139 26.8537 38.2482
    endloop
  endfacet
  facet normal -0.0518146 0.791815 -0.60856
    outer loop
      vertex 68.8 26.9518 38.3407
      vertex 68.6915 27.0244 38.4444
      vertex 68.8 27.0315 38.4444
    endloop
  endfacet
  facet normal -0.056583 0.864683 -0.49912
    outer loop
      vertex 68.8 27.0315 38.4444
      vertex 68.6915 27.0244 38.4444
      vertex 68.8 27.0969 38.5577
    endloop
  endfacet
  facet normal -0.513864 0.768185 -0.381884
    outer loop
      vertex 68.254 26.9115 38.5577
      vertex 68.2235 26.9512 38.6786
      vertex 68.3265 27.0201 38.6786
    endloop
  endfacet
  facet normal -0.408936 0.828903 -0.381695
    outer loop
      vertex 68.4568 27.0286 38.5577
      vertex 68.3516 26.9767 38.5577
      vertex 68.4376 27.0748 38.6786
    endloop
  endfacet
  facet normal -0.179792 0.90642 -0.3822
    outer loop
      vertex 68.5679 27.0663 38.5577
      vertex 68.5549 27.1147 38.6786
      vertex 68.6764 27.1388 38.6786
    endloop
  endfacet
  facet normal -0.187961 0.947606 -0.25829
    outer loop
      vertex 68.5549 27.1147 38.6786
      vertex 68.5462 27.1474 38.8049
      vertex 68.6764 27.1388 38.6786
    endloop
  endfacet
  facet normal -0.609156 0.695053 -0.381878
    outer loop
      vertex 68.1658 26.8342 38.5577
      vertex 68.1304 26.8696 38.6786
      vertex 68.254 26.9115 38.5577
    endloop
  endfacet
  facet normal -0.313195 0.63503 -0.706148
    outer loop
      vertex 68.5477 26.8092 38.2482
      vertex 68.4241 26.8511 38.3407
      vertex 68.5123 26.8946 38.3407
    endloop
  endfacet
  facet normal -0.596542 0.523892 -0.608009
    outer loop
      vertex 68.2035 26.6577 38.3407
      vertex 68.1404 26.7062 38.4444
      vertex 68.2684 26.7316 38.3407
    endloop
  endfacet
  facet normal -0.531892 0.467115 -0.706325
    outer loop
      vertex 68.3338 26.6662 38.2482
      vertex 68.2035 26.6577 38.3407
      vertex 68.2684 26.7316 38.3407
    endloop
  endfacet
  facet normal -0.866541 0.427421 -0.257718
    outer loop
      vertex 67.9251 26.5624 38.6786
      vertex 67.8939 26.5753 38.8049
      vertex 67.9799 26.6735 38.6786
    endloop
  endfacet
  facet normal -0.695032 0.609179 -0.381878
    outer loop
      vertex 68.1658 26.8342 38.5577
      vertex 68.0488 26.7765 38.6786
      vertex 68.1304 26.8696 38.6786
    endloop
  endfacet
  facet normal -0.609172 0.695024 -0.381904
    outer loop
      vertex 68.254 26.9115 38.5577
      vertex 68.1304 26.8696 38.6786
      vertex 68.2235 26.9512 38.6786
    endloop
  endfacet
  facet normal -0.695044 0.609149 -0.381905
    outer loop
      vertex 68.0885 26.746 38.5577
      vertex 68.0488 26.7765 38.6786
      vertex 68.1658 26.8342 38.5577
    endloop
  endfacet
  facet normal -0.660364 0.440781 -0.607973
    outer loop
      vertex 68.1489 26.5759 38.3407
      vertex 68.1404 26.7062 38.4444
      vertex 68.2035 26.6577 38.3407
    endloop
  endfacet
  facet normal -0.571131 0.651666 -0.499139
    outer loop
      vertex 68.2938 26.8596 38.4444
      vertex 68.1658 26.8342 38.5577
      vertex 68.254 26.9115 38.5577
    endloop
  endfacet
  facet normal 0.536764 0.803264 0.258171
    outer loop
      vertex 93.6904 27.0494 39.5951
      vertex 93.6735 27.0201 39.7214
      vertex 93.7971 26.9781 39.5951
    endloop
  endfacet
  facet normal 0.537089 0.802905 0.258608
    outer loop
      vertex 93.7971 26.9781 39.5951
      vertex 93.6735 27.0201 39.7214
      vertex 93.7765 26.9512 39.7214
    endloop
  endfacet
  facet normal 0.313327 0.634857 0.706246
    outer loop
      vertex 93.5759 26.8511 40.0593
      vertex 93.4523 26.8092 40.1518
      vertex 93.5297 26.771 40.1518
    endloop
  endfacet
  facet normal 0.383423 0.777209 0.498932
    outer loop
      vertex 93.5432 27.0286 39.8423
      vertex 93.5182 26.9682 39.9556
      vertex 93.6157 26.9201 39.9556
    endloop
  endfacet
  facet normal 0.48134 0.720533 0.499144
    outer loop
      vertex 93.746 26.9115 39.8423
      vertex 93.6484 26.9767 39.8423
      vertex 93.7062 26.8596 39.9556
    endloop
  endfacet
  facet normal 0.351118 0.711726 0.60841
    outer loop
      vertex 93.5182 26.9682 39.9556
      vertex 93.4877 26.8946 40.0593
      vertex 93.6157 26.9201 39.9556
    endloop
  endfacet
  facet normal 0.0649283 0.989383 0.130019
    outer loop
      vertex 93.3302 27.1893 39.4654
      vertex 93.2 27.1808 39.5951
      vertex 93.328 27.1724 39.5951
    endloop
  endfacet
  facet normal 0.169618 0.849685 0.499264
    outer loop
      vertex 93.4321 27.0663 39.8423
      vertex 93.3085 27.0244 39.9556
      vertex 93.4152 27.0031 39.9556
    endloop
  endfacet
  facet normal 0.0649283 0.989383 -0.130019
    outer loop
      vertex 93.328 27.1724 38.8049
      vertex 93.2 27.1808 38.8049
      vertex 93.3302 27.1893 38.9346
    endloop
  endfacet
  facet normal 0.193263 0.972497 -0.129995
    outer loop
      vertex 93.4538 27.1474 38.8049
      vertex 93.328 27.1724 38.8049
      vertex 93.3302 27.1893 38.9346
    endloop
  endfacet
  facet normal 0.0653456 0.989301 -0.130432
    outer loop
      vertex 93.3302 27.1893 38.9346
      vertex 93.2 27.1808 38.8049
      vertex 93.2 27.1979 38.9346
    endloop
  endfacet
  facet normal 0.726567 0.636819 0.257996
    outer loop
      vertex 93.8935 26.8935 39.5951
      vertex 93.8696 26.8696 39.7214
      vertex 93.9512 26.7765 39.7214
    endloop
  endfacet
  facet normal 0.609172 0.695024 -0.381904
    outer loop
      vertex 93.8696 26.8696 38.6786
      vertex 93.746 26.9115 38.5577
      vertex 93.7765 26.9512 38.6786
    endloop
  endfacet
  facet normal 0.79288 0 -0.609378
    outer loop
      vertex 94.0315 -12.8 38.4444
      vertex 93.9518 26.2 38.3407
      vertex 94.0315 26.2 38.4444
    endloop
  endfacet
  facet normal 0.79288 0 -0.609378
    outer loop
      vertex 93.9518 26.2 38.3407
      vertex 94.0315 -12.8 38.4444
      vertex 93.9518 -12.8 38.3407
    endloop
  endfacet
  facet normal 0.706421 -0.0460866 -0.70629
    outer loop
      vertex 93.9454 -12.8981 38.3407
      vertex 93.8537 -12.8861 38.2482
      vertex 93.9518 -12.8 38.3407
    endloop
  endfacet
  facet normal 0.924091 0 -0.382172
    outer loop
      vertex 94.1469 -12.8 38.6786
      vertex 94.0969 26.2 38.5577
      vertex 94.1469 26.2 38.6786
    endloop
  endfacet
  facet normal 0.924091 0 -0.382172
    outer loop
      vertex 94.0969 26.2 38.5577
      vertex 94.1469 -12.8 38.6786
      vertex 94.0969 -12.8 38.5577
    endloop
  endfacet
  facet normal 0.7919 -0.0516632 -0.608461
    outer loop
      vertex 94.0244 -12.9085 38.4444
      vertex 93.9454 -12.8981 38.3407
      vertex 93.9518 -12.8 38.3407
    endloop
  endfacet
  facet normal 0.48134 0.720533 -0.499144
    outer loop
      vertex 93.7062 26.8596 38.4444
      vertex 93.6484 26.9767 38.5577
      vertex 93.746 26.9115 38.5577
    endloop
  endfacet
  facet normal 0.513274 0.768336 -0.382374
    outer loop
      vertex 93.746 26.9115 38.5577
      vertex 93.6484 26.9767 38.5577
      vertex 93.6735 27.0201 38.6786
    endloop
  endfacet
  facet normal 0.297581 0.874843 -0.382225
    outer loop
      vertex 93.5624 27.0748 38.6786
      vertex 93.4321 27.0663 38.5577
      vertex 93.4451 27.1147 38.6786
    endloop
  endfacet
  facet normal 0.179792 0.90642 -0.3822
    outer loop
      vertex 93.4321 27.0663 38.5577
      vertex 93.3236 27.1388 38.6786
      vertex 93.4451 27.1147 38.6786
    endloop
  endfacet
  facet normal -0.124117 -0.0420562 -0.991376
    outer loop
      vertex 68.6198 -12.8747 38.0192
      vertex 68.6116 -12.8505 38.0192
      vertex 68.7368 -12.8169 38.0021
    endloop
  endfacet
  facet normal 0 0.130712 -0.99142
    outer loop
      vertex 68.8 26.2654 38.0021
      vertex 93.2 26.3951 38.0192
      vertex 93.2 26.2654 38.0021
    endloop
  endfacet
  facet normal 0 0.130712 -0.99142
    outer loop
      vertex 93.2 26.3951 38.0192
      vertex 68.8 26.2654 38.0021
      vertex 68.8 26.3951 38.0192
    endloop
  endfacet
  facet normal 0.144086 0.216129 -0.965675
    outer loop
      vertex 93.3188 26.3548 38.0192
      vertex 93.2975 26.369 38.0192
      vertex 93.3957 26.455 38.0531
    endloop
  endfacet
  facet normal 0.130607 0.00921932 -0.991391
    outer loop
      vertex 93.2654 26.2 38.0021
      vertex 93.2648 26.2085 38.0021
      vertex 93.3934 26.2255 38.0192
    endloop
  endfacet
  facet normal 0.171631 0.194989 -0.965672
    outer loop
      vertex 93.338 26.3379 38.0192
      vertex 93.3188 26.3548 38.0192
      vertex 93.3957 26.455 38.0531
    endloop
  endfacet
  facet normal -0.0172669 0.259003 -0.965722
    outer loop
      vertex 68.7745 26.3934 38.0192
      vertex 68.758 26.5187 38.0531
      vertex 68.8 26.3951 38.0192
    endloop
  endfacet
  facet normal -0.0166627 0.259197 -0.965681
    outer loop
      vertex 68.8 26.3951 38.0192
      vertex 68.758 26.5187 38.0531
      vertex 68.8 26.5214 38.0531
    endloop
  endfacet
  facet normal 0.221713 0.448935 -0.865622
    outer loop
      vertex 93.4211 26.583 38.1031
      vertex 93.4126 26.7133 38.1685
      vertex 93.4778 26.6811 38.1685
    endloop
  endfacet
  facet normal 0.195553 0.577427 -0.792677
    outer loop
      vertex 93.4126 26.7133 38.1685
      vertex 93.3438 26.7366 38.1685
      vertex 93.3707 26.8369 38.2482
    endloop
  endfacet
  facet normal 0.474391 0.160659 -0.86553
    outer loop
      vertex 93.7366 26.3438 38.1685
      vertex 93.6272 26.3145 38.1031
      vertex 93.7133 26.4126 38.1685
    endloop
  endfacet
  facet normal 0.288069 0.252516 -0.923716
    outer loop
      vertex 93.455 26.3957 38.0531
      vertex 93.4273 26.4273 38.0531
      vertex 93.5509 26.4692 38.1031
    endloop
  endfacet
  facet normal 0.33875 0.507064 -0.792549
    outer loop
      vertex 93.6014 26.7231 38.2482
      vertex 93.4778 26.6811 38.1685
      vertex 93.5297 26.771 38.2482
    endloop
  endfacet
  facet normal 0.523598 0.596624 -0.608182
    outer loop
      vertex 93.7316 26.7316 38.3407
      vertex 93.7062 26.8596 38.4444
      vertex 93.7879 26.7879 38.4444
    endloop
  endfacet
  facet normal 0.491177 0.0978221 -0.86555
    outer loop
      vertex 93.7508 26.2725 38.1685
      vertex 93.6385 26.2577 38.1031
      vertex 93.7366 26.3438 38.1685
    endloop
  endfacet
  facet normal 0.375722 0.0747796 -0.92371
    outer loop
      vertex 93.5187 26.242 38.0531
      vertex 93.5105 26.2832 38.0531
      vertex 93.6385 26.2577 38.1031
    endloop
  endfacet
  facet normal 0.653999 -0.745149 0.13053
    outer loop
      vertex 93.8935 -13.4935 39.5951
      vertex 93.8075 -13.5917 39.4654
      vertex 93.9056 -13.5056 39.4654
    endloop
  endfacet
  facet normal 0.550506 -0.82462 0.130175
    outer loop
      vertex 93.8075 -13.5917 39.4654
      vertex 93.6904 -13.6494 39.5951
      vertex 93.6989 -13.6642 39.4654
    endloop
  endfacet
  facet normal 0.726051 -0.637177 0.258564
    outer loop
      vertex 93.9512 -13.3765 39.7214
      vertex 93.8935 -13.4935 39.5951
      vertex 93.9781 -13.3971 39.5951
    endloop
  endfacet
  facet normal 0.745175 -0.653961 0.130575
    outer loop
      vertex 93.9781 -13.3971 39.5951
      vertex 93.8935 -13.4935 39.5951
      vertex 93.9917 -13.4075 39.4654
    endloop
  endfacet
  facet normal 0.849685 -0.169618 0.499264
    outer loop
      vertex 94.0244 -12.9085 39.9556
      vertex 94.0031 -13.0152 39.9556
      vertex 94.0663 -13.0321 39.8423
    endloop
  endfacet
  facet normal 0.596542 -0.523892 0.608009
    outer loop
      vertex 93.7965 -13.2577 40.0593
      vertex 93.7316 -13.3316 40.0593
      vertex 93.8596 -13.3062 39.9556
    endloop
  endfacet
  facet normal 0.751841 -0.25475 0.608143
    outer loop
      vertex 94.0031 -13.0152 39.9556
      vertex 93.9262 -12.9946 40.0593
      vertex 93.9682 -13.1182 39.9556
    endloop
  endfacet
  facet normal 0.820519 -0.27843 0.499225
    outer loop
      vertex 94.0663 -13.0321 39.8423
      vertex 94.0031 -13.0152 39.9556
      vertex 94.0286 -13.1432 39.8423
    endloop
  endfacet
  facet normal 0.57754 -0.195591 0.792586
    outer loop
      vertex 93.7366 -12.9438 40.2315
      vertex 93.7133 -13.0126 40.2315
      vertex 93.8369 -12.9706 40.1518
    endloop
  endfacet
  facet normal 0.196034 -0.577486 0.792515
    outer loop
      vertex 93.4126 -13.3133 40.2315
      vertex 93.3707 -13.4369 40.1518
      vertex 93.4523 -13.4092 40.1518
    endloop
  endfacet
  facet normal 0.499647 0.0330801 0.865597
    outer loop
      vertex 93.7508 26.2725 40.2315
      vertex 93.6423 26.2 40.2969
      vertex 93.7556 26.2 40.2315
    endloop
  endfacet
  facet normal 0.254603 -0.0506733 0.965717
    outer loop
      vertex 93.5187 -12.842 40.3469
      vertex 93.3934 -12.8255 40.3808
      vertex 93.5105 -12.8832 40.3469
    endloop
  endfacet
  facet normal 0.0329114 -0.499734 0.865554
    outer loop
      vertex 93.2577 -13.2385 40.2969
      vertex 93.2 -13.2423 40.2969
      vertex 93.2725 -13.3508 40.2315
    endloop
  endfacet
  facet normal 0.072264 0.109165 0.991393
    outer loop
      vertex 93.2975 26.369 40.3808
      vertex 93.2327 26.2566 40.3979
      vertex 93.2398 26.2519 40.3979
    endloop
  endfacet
  facet normal 0.972526 -0.192835 -0.130412
    outer loop
      vertex 94.1639 -13.0583 38.9346
      vertex 94.1474 -13.0538 38.8049
      vertex 94.1893 -12.9302 38.9346
    endloop
  endfacet
  facet normal 0.963902 -0.0632561 -0.258634
    outer loop
      vertex 94.1724 -12.928 38.8049
      vertex 94.1388 -12.9236 38.6786
      vertex 94.1808 -12.8 38.8049
    endloop
  endfacet
  facet normal 0.922316 -0.0606476 0.381647
    outer loop
      vertex 94.0969 -12.8 39.8423
      vertex 94.0892 -12.9171 39.8423
      vertex 94.1388 -12.9236 39.7214
    endloop
  endfacet
  facet normal 0.906652 -0.179838 0.381629
    outer loop
      vertex 94.1388 -12.9236 39.7214
      vertex 94.0892 -12.9171 39.8423
      vertex 94.1147 -13.0451 39.7214
    endloop
  endfacet
  facet normal 0.980903 -0.194496 0
    outer loop
      vertex 94.1639 -13.0583 39.4654
      vertex 94.1893 -12.9302 38.9346
      vertex 94.1893 -12.9302 39.4654
    endloop
  endfacet
  facet normal 0.980903 -0.194496 0
    outer loop
      vertex 94.1893 -12.9302 38.9346
      vertex 94.1639 -13.0583 39.4654
      vertex 94.1639 -13.0583 38.9346
    endloop
  endfacet
  facet normal 0.938701 -0.319081 -0.130489
    outer loop
      vertex 94.1639 -13.0583 38.9346
      vertex 94.1061 -13.1753 38.8049
      vertex 94.1474 -13.0538 38.8049
    endloop
  endfacet
  facet normal 0.745175 -0.653961 -0.130575
    outer loop
      vertex 93.9917 -13.4075 38.9346
      vertex 93.8935 -13.4935 38.8049
      vertex 93.9781 -13.3971 38.8049
    endloop
  endfacet
  facet normal -0.523598 0.596624 0.608182
    outer loop
      vertex 68.2938 26.8596 39.9556
      vertex 68.2121 26.7879 39.9556
      vertex 68.2684 26.7316 40.0593
    endloop
  endfacet
  facet normal -0.11746 -0.0579672 0.991384
    outer loop
      vertex 68.7396 -12.825 40.3979
      vertex 68.6198 -12.8747 40.3808
      vertex 68.7434 -12.8327 40.3979
    endloop
  endfacet
  facet normal -0.27843 0.820519 0.499225
    outer loop
      vertex 68.5679 27.0663 39.8423
      vertex 68.4568 27.0286 39.8423
      vertex 68.5848 27.0031 39.9556
    endloop
  endfacet
  facet normal -0.408936 0.828903 0.381695
    outer loop
      vertex 68.4376 27.0748 39.7214
      vertex 68.3516 26.9767 39.8423
      vertex 68.4568 27.0286 39.8423
    endloop
  endfacet
  facet normal 0.180517 0.906524 0.381612
    outer loop
      vertex 93.3236 27.1388 39.7214
      vertex 93.3171 27.0892 39.8423
      vertex 93.4321 27.0663 39.8423
    endloop
  endfacet
  facet normal 0.0518146 0.791815 0.60856
    outer loop
      vertex 93.2 27.0315 39.9556
      vertex 93.2 26.9518 40.0593
      vertex 93.3085 27.0244 39.9556
    endloop
  endfacet
  facet normal -0.311111 0.914618 0.258232
    outer loop
      vertex 68.5462 27.1474 39.5951
      vertex 68.4376 27.0748 39.7214
      vertex 68.5549 27.1147 39.7214
    endloop
  endfacet
  facet normal -0.426924 0.866649 0.258178
    outer loop
      vertex 68.4247 27.1061 39.5951
      vertex 68.3096 27.0494 39.5951
      vertex 68.3265 27.0201 39.7214
    endloop
  endfacet
  facet normal 0 0.965815 -0.259233
    outer loop
      vertex 93.2 27.1469 38.6786
      vertex 68.8 27.1808 38.8049
      vertex 93.2 27.1808 38.8049
    endloop
  endfacet
  facet normal 0 0.965815 -0.259233
    outer loop
      vertex 68.8 27.1808 38.8049
      vertex 93.2 27.1469 38.6786
      vertex 68.8 27.1469 38.6786
    endloop
  endfacet
  facet normal -0.194496 0.980903 0
    outer loop
      vertex 68.6698 27.1893 38.9346
      vertex 68.5417 27.1639 39.4654
      vertex 68.6698 27.1893 39.4654
    endloop
  endfacet
  facet normal -0.194496 0.980903 0
    outer loop
      vertex 68.5417 27.1639 39.4654
      vertex 68.6698 27.1893 38.9346
      vertex 68.5417 27.1639 38.9346
    endloop
  endfacet
  facet normal -0.588746 0.392977 0.706362
    outer loop
      vertex 68.2035 26.6577 40.0593
      vertex 68.1489 26.5759 40.0593
      vertex 68.2769 26.6014 40.1518
    endloop
  endfacet
  facet normal -0.11444 0.232968 0.965727
    outer loop
      vertex 68.7253 26.3802 40.3808
      vertex 68.677 26.497 40.3469
      vertex 68.7025 26.369 40.3808
    endloop
  endfacet
  facet normal -0.0245608 0.382056 0.923813
    outer loop
      vertex 68.8 26.6423 40.2969
      vertex 68.758 26.5187 40.3469
      vertex 68.8 26.5214 40.3469
    endloop
  endfacet
  facet normal -0.536764 0.803264 0.258171
    outer loop
      vertex 68.3096 27.0494 39.5951
      vertex 68.2029 26.9781 39.5951
      vertex 68.3265 27.0201 39.7214
    endloop
  endfacet
  facet normal -0.55084 0.824328 0.130606
    outer loop
      vertex 68.3096 27.0494 39.5951
      vertex 68.1925 26.9917 39.4654
      vertex 68.2029 26.9781 39.5951
    endloop
  endfacet
  facet normal -0.745149 0.653999 -0.13053
    outer loop
      vertex 68.1065 26.8935 38.8049
      vertex 68.0083 26.8075 38.9346
      vertex 68.0944 26.9056 38.9346
    endloop
  endfacet
  facet normal -0.55523 0.831697 0
    outer loop
      vertex 68.3011 27.0642 38.9346
      vertex 68.1925 26.9917 39.4654
      vertex 68.3011 27.0642 39.4654
    endloop
  endfacet
  facet normal -0.55523 0.831697 0
    outer loop
      vertex 68.1925 26.9917 39.4654
      vertex 68.3011 27.0642 38.9346
      vertex 68.1925 26.9917 38.9346
    endloop
  endfacet
  facet normal -0.513274 0.768336 -0.382374
    outer loop
      vertex 68.3516 26.9767 38.5577
      vertex 68.254 26.9115 38.5577
      vertex 68.3265 27.0201 38.6786
    endloop
  endfacet
  facet normal -0.310901 0.914636 -0.258422
    outer loop
      vertex 68.4376 27.0748 38.6786
      vertex 68.4247 27.1061 38.8049
      vertex 68.5462 27.1474 38.8049
    endloop
  endfacet
  facet normal -0.980903 0.194496 0
    outer loop
      vertex 67.8107 26.3302 38.9346
      vertex 67.8361 26.4583 39.4654
      vertex 67.8361 26.4583 38.9346
    endloop
  endfacet
  facet normal -0.980903 0.194496 0
    outer loop
      vertex 67.8361 26.4583 39.4654
      vertex 67.8107 26.3302 38.9346
      vertex 67.8107 26.3302 39.4654
    endloop
  endfacet
  facet normal -0.866649 0.426924 0.258178
    outer loop
      vertex 67.9506 26.6904 39.5951
      vertex 67.8939 26.5753 39.5951
      vertex 67.9799 26.6735 39.7214
    endloop
  endfacet
  facet normal -0.889181 0.438511 -0.130634
    outer loop
      vertex 67.8939 26.5753 38.8049
      vertex 67.8781 26.5819 38.9346
      vertex 67.9358 26.6989 38.9346
    endloop
  endfacet
  facet normal -0.889181 0.438511 0.130634
    outer loop
      vertex 67.9358 26.6989 39.4654
      vertex 67.8781 26.5819 39.4654
      vertex 67.8939 26.5753 39.5951
    endloop
  endfacet
  facet normal -0.828686 0.408829 0.38228
    outer loop
      vertex 68.0233 26.6484 39.8423
      vertex 67.9251 26.5624 39.7214
      vertex 67.9714 26.5432 39.8423
    endloop
  endfacet
  facet normal -0.636717 0.726451 0.258574
    outer loop
      vertex 68.2029 26.9781 39.5951
      vertex 68.1304 26.8696 39.7214
      vertex 68.2235 26.9512 39.7214
    endloop
  endfacet
  facet normal -0.481645 0.720477 0.49893
    outer loop
      vertex 68.3516 26.9767 39.8423
      vertex 68.2938 26.8596 39.9556
      vertex 68.3843 26.9201 39.9556
    endloop
  endfacet
  facet normal -0.278116 0.820802 0.498935
    outer loop
      vertex 68.5848 27.0031 39.9556
      vertex 68.4568 27.0286 39.8423
      vertex 68.4818 26.9682 39.9556
    endloop
  endfacet
  facet normal -0.637276 0.726163 0.258006
    outer loop
      vertex 68.2029 26.9781 39.5951
      vertex 68.1065 26.8935 39.5951
      vertex 68.1304 26.8696 39.7214
    endloop
  endfacet
  facet normal -0.513864 0.768185 0.381884
    outer loop
      vertex 68.3265 27.0201 39.7214
      vertex 68.2235 26.9512 39.7214
      vertex 68.254 26.9115 39.8423
    endloop
  endfacet
  facet normal -0.726051 0.637177 0.258564
    outer loop
      vertex 68.1065 26.8935 39.5951
      vertex 68.0219 26.7971 39.5951
      vertex 68.0488 26.7765 39.7214
    endloop
  endfacet
  facet normal -0.802905 0.537089 0.258608
    outer loop
      vertex 68.0219 26.7971 39.5951
      vertex 67.9799 26.6735 39.7214
      vertex 68.0488 26.7765 39.7214
    endloop
  endfacet
  facet normal 0.546891 0.269912 0.792501
    outer loop
      vertex 93.771 26.5297 40.1518
      vertex 93.7133 26.4126 40.2315
      vertex 93.8092 26.4523 40.1518
    endloop
  endfacet
  facet normal 0.577486 0.196034 0.792515
    outer loop
      vertex 93.8092 26.4523 40.1518
      vertex 93.7133 26.4126 40.2315
      vertex 93.8369 26.3707 40.1518
    endloop
  endfacet
  facet normal 0.922401 0.0604486 0.381473
    outer loop
      vertex 94.1388 26.3236 39.7214
      vertex 94.0969 26.2 39.8423
      vertex 94.1469 26.2 39.7214
    endloop
  endfacet
  facet normal 0.7919 0.0516632 0.608461
    outer loop
      vertex 94.0244 26.3085 39.9556
      vertex 93.9454 26.2981 40.0593
      vertex 93.9518 26.2 40.0593
    endloop
  endfacet
  facet normal 0.963902 0.0632561 0.258634
    outer loop
      vertex 94.1724 26.328 39.5951
      vertex 94.1388 26.3236 39.7214
      vertex 94.1808 26.2 39.5951
    endloop
  endfacet
  facet normal 0.989383 0.0649283 -0.130019
    outer loop
      vertex 94.1808 26.2 38.8049
      vertex 94.1724 26.328 38.8049
      vertex 94.1893 26.3302 38.9346
    endloop
  endfacet
  facet normal 0.947453 0.188286 -0.258613
    outer loop
      vertex 94.1724 26.328 38.8049
      vertex 94.1388 26.3236 38.6786
      vertex 94.1474 26.4538 38.8049
    endloop
  endfacet
  facet normal 0.537089 0.802905 -0.258608
    outer loop
      vertex 93.7765 26.9512 38.6786
      vertex 93.6735 27.0201 38.6786
      vertex 93.7971 26.9781 38.8049
    endloop
  endfacet
  facet normal -0.232716 -0.114815 0.965744
    outer loop
      vertex 68.6311 -12.8975 40.3808
      vertex 68.503 -12.923 40.3469
      vertex 68.5216 -12.9607 40.3469
    endloop
  endfacet
  facet normal -0 0.130712 0.99142
    outer loop
      vertex 68.8 26.3951 40.3808
      vertex 93.2 26.2654 40.3979
      vertex 93.2 26.3951 40.3808
    endloop
  endfacet
  facet normal 0 0.130712 0.99142
    outer loop
      vertex 93.2 26.2654 40.3979
      vertex 68.8 26.3951 40.3808
      vertex 68.8 26.2654 40.3979
    endloop
  endfacet
  facet normal 0.124117 0.0420562 0.991376
    outer loop
      vertex 93.3802 26.2747 40.3808
      vertex 93.2632 26.2169 40.3979
      vertex 93.3884 26.2505 40.3808
    endloop
  endfacet
  facet normal 0.245819 0.0832941 0.96573
    outer loop
      vertex 93.5105 26.2832 40.3469
      vertex 93.3802 26.2747 40.3808
      vertex 93.3884 26.2505 40.3808
    endloop
  endfacet
  facet normal 0.194942 0.171468 0.96571
    outer loop
      vertex 93.4273 26.4273 40.3469
      vertex 93.338 26.3379 40.3808
      vertex 93.3548 26.3188 40.3808
    endloop
  endfacet
  facet normal 0.0983014 0.0864641 0.991393
    outer loop
      vertex 93.338 26.3379 40.3808
      vertex 93.2462 26.2462 40.3979
      vertex 93.3548 26.3188 40.3808
    endloop
  endfacet
  facet normal 0.144086 0.216129 0.965675
    outer loop
      vertex 93.3957 26.455 40.3469
      vertex 93.2975 26.369 40.3808
      vertex 93.3188 26.3548 40.3808
    endloop
  endfacet
  facet normal -0.245812 -0.0833786 0.965725
    outer loop
      vertex 68.6198 -12.8747 40.3808
      vertex 68.4895 -12.8832 40.3469
      vertex 68.503 -12.923 40.3469
    endloop
  endfacet
  facet normal 0.212695 0.318711 0.92368
    outer loop
      vertex 93.4211 26.583 40.2969
      vertex 93.3607 26.4784 40.3469
      vertex 93.4692 26.5509 40.2969
    endloop
  endfacet
  facet normal 0.169537 0.34363 0.923675
    outer loop
      vertex 93.4211 26.583 40.2969
      vertex 93.323 26.497 40.3469
      vertex 93.3607 26.4784 40.3469
    endloop
  endfacet
  facet normal 0.11444 0.232968 0.965727
    outer loop
      vertex 93.323 26.497 40.3469
      vertex 93.2747 26.3802 40.3808
      vertex 93.2975 26.369 40.3808
    endloop
  endfacet
  facet normal 0.050914 0.25457 0.965713
    outer loop
      vertex 93.242 26.5187 40.3469
      vertex 93.2255 26.3934 40.3808
      vertex 93.2505 26.3884 40.3808
    endloop
  endfacet
  facet normal 0.0172669 0.259003 0.965722
    outer loop
      vertex 93.242 26.5187 40.3469
      vertex 93.2 26.3951 40.3808
      vertex 93.2255 26.3934 40.3808
    endloop
  endfacet
  facet normal 0.0506644 0.254558 0.965729
    outer loop
      vertex 93.2832 26.5105 40.3469
      vertex 93.242 26.5187 40.3469
      vertex 93.2505 26.3884 40.3808
    endloop
  endfacet
  facet normal 0.0833736 0.245798 0.965729
    outer loop
      vertex 93.2832 26.5105 40.3469
      vertex 93.2505 26.3884 40.3808
      vertex 93.323 26.497 40.3469
    endloop
  endfacet
  facet normal 0.160932 0.474144 0.865615
    outer loop
      vertex 93.4126 26.7133 40.2315
      vertex 93.3145 26.6272 40.2969
      vertex 93.3693 26.6086 40.2969
    endloop
  endfacet
  facet normal 0.123129 0.362766 0.92371
    outer loop
      vertex 93.3693 26.6086 40.2969
      vertex 93.3145 26.6272 40.2969
      vertex 93.323 26.497 40.3469
    endloop
  endfacet
  facet normal 0.0403122 0.608883 0.792235
    outer loop
      vertex 93.2 26.8593 40.1518
      vertex 93.2 26.7556 40.2315
      vertex 93.2725 26.7508 40.2315
    endloop
  endfacet
  facet normal 0.0330801 0.499647 0.865597
    outer loop
      vertex 93.2 26.7556 40.2315
      vertex 93.2 26.6423 40.2969
      vertex 93.2725 26.7508 40.2315
    endloop
  endfacet
  facet normal 0.072264 -0.109165 0.991393
    outer loop
      vertex 93.2398 -12.8519 40.3979
      vertex 93.2327 -12.8566 40.3979
      vertex 93.2975 -12.969 40.3808
    endloop
  endfacet
  facet normal -0.670509 0.227612 0.706123
    outer loop
      vertex 68.1908 26.4523 40.1518
      vertex 68.0738 26.3946 40.0593
      vertex 68.1631 26.3707 40.1518
    endloop
  endfacet
  facet normal -0.596624 0.523598 0.608182
    outer loop
      vertex 68.2121 26.7879 39.9556
      vertex 68.1404 26.7062 39.9556
      vertex 68.2684 26.7316 40.0593
    endloop
  endfacet
  facet normal 0.0577381 0.117538 0.991388
    outer loop
      vertex 93.2747 26.3802 40.3808
      vertex 93.2327 26.2566 40.3979
      vertex 93.2975 26.369 40.3808
    endloop
  endfacet
  facet normal 0.0978451 0.0871433 0.991379
    outer loop
      vertex 93.3548 26.3188 40.3808
      vertex 93.2462 26.2462 40.3979
      vertex 93.2519 26.2398 40.3979
    endloop
  endfacet
  facet normal 0.393292 0.588706 0.70622
    outer loop
      vertex 93.5759 26.8511 40.0593
      vertex 93.5297 26.771 40.1518
      vertex 93.6014 26.7231 40.1518
    endloop
  endfacet
  facet normal 0.269912 0.546891 0.792501
    outer loop
      vertex 93.4523 26.8092 40.1518
      vertex 93.4126 26.7133 40.2315
      vertex 93.5297 26.771 40.1518
    endloop
  endfacet
  facet normal 0.138149 0.694343 0.70626
    outer loop
      vertex 93.2981 26.9454 40.0593
      vertex 93.2861 26.8537 40.1518
      vertex 93.3946 26.9262 40.0593
    endloop
  endfacet
  facet normal 0.0460866 0.706421 0.70629
    outer loop
      vertex 93.2981 26.9454 40.0593
      vertex 93.2 26.9518 40.0593
      vertex 93.2861 26.8537 40.1518
    endloop
  endfacet
  facet normal -0.128506 -0.0257012 0.991376
    outer loop
      vertex 68.7368 -12.8169 40.3979
      vertex 68.6066 -12.8255 40.3808
      vertex 68.6116 -12.8505 40.3808
    endloop
  endfacet
  facet normal -0.0978451 0.0871433 0.991379
    outer loop
      vertex 68.7538 26.2462 40.3979
      vertex 68.6452 26.3188 40.3808
      vertex 68.7481 26.2398 40.3979
    endloop
  endfacet
  facet normal -0.109234 0.0723098 0.991382
    outer loop
      vertex 68.7481 26.2398 40.3979
      vertex 68.6452 26.3188 40.3808
      vertex 68.7434 26.2327 40.3979
    endloop
  endfacet
  facet normal -0.259197 0.0166627 0.965681
    outer loop
      vertex 68.4813 26.242 40.3469
      vertex 68.4786 26.2 40.3469
      vertex 68.6049 26.2 40.3808
    endloop
  endfacet
  facet normal -0.889425 0.438144 -0.130206
    outer loop
      vertex 67.9506 26.6904 38.8049
      vertex 67.8939 26.5753 38.8049
      vertex 67.9358 26.6989 38.9346
    endloop
  endfacet
  facet normal -0.972497 0.193263 -0.129995
    outer loop
      vertex 67.8276 26.328 38.8049
      vertex 67.8107 26.3302 38.9346
      vertex 67.8526 26.4538 38.8049
    endloop
  endfacet
  facet normal -0.99142 0 0.130712
    outer loop
      vertex 67.8021 -12.8 39.4654
      vertex 67.8192 26.2 39.5951
      vertex 67.8021 26.2 39.4654
    endloop
  endfacet
  facet normal -0.99142 0 0.130712
    outer loop
      vertex 67.8192 26.2 39.5951
      vertex 67.8021 -12.8 39.4654
      vertex 67.8192 -12.8 39.5951
    endloop
  endfacet
  facet normal -0.875064 0.29691 0.382241
    outer loop
      vertex 67.9251 26.5624 39.7214
      vertex 67.8853 26.4451 39.7214
      vertex 67.9337 26.4321 39.8423
    endloop
  endfacet
  facet normal -0.820519 0.27843 0.499225
    outer loop
      vertex 67.9714 26.5432 39.8423
      vertex 67.9337 26.4321 39.8423
      vertex 67.9969 26.4152 39.9556
    endloop
  endfacet
  facet normal -0.914807 0.310959 0.257746
    outer loop
      vertex 67.8939 26.5753 39.5951
      vertex 67.8526 26.4538 39.5951
      vertex 67.9251 26.5624 39.7214
    endloop
  endfacet
  facet normal -0.989383 0.0649283 0.130019
    outer loop
      vertex 67.8276 26.328 39.5951
      vertex 67.8107 26.3302 39.4654
      vertex 67.8192 26.2 39.5951
    endloop
  endfacet
  facet normal -0.864683 0.056583 0.49912
    outer loop
      vertex 67.9756 26.3085 39.9556
      vertex 67.9031 26.2 39.8423
      vertex 67.9685 26.2 39.9556
    endloop
  endfacet
  facet normal -0.777209 0.383423 0.498932
    outer loop
      vertex 68.0799 26.6157 39.9556
      vertex 67.9714 26.5432 39.8423
      vertex 68.0318 26.5182 39.9556
    endloop
  endfacet
  facet normal -0.906279 0.180468 -0.382217
    outer loop
      vertex 67.9108 26.3171 38.5577
      vertex 67.8853 26.4451 38.6786
      vertex 67.9337 26.4321 38.5577
    endloop
  endfacet
  facet normal -0.864784 0.0568645 -0.498915
    outer loop
      vertex 67.9756 26.3085 38.4444
      vertex 67.9031 26.2 38.5577
      vertex 67.9108 26.3171 38.5577
    endloop
  endfacet
  facet normal -0.778463 0.155401 -0.608149
    outer loop
      vertex 68.0738 26.3946 38.3407
      vertex 67.9756 26.3085 38.4444
      vertex 67.9969 26.4152 38.4444
    endloop
  endfacet
  facet normal -0.820802 0.278116 -0.498935
    outer loop
      vertex 67.9969 26.4152 38.4444
      vertex 67.9714 26.5432 38.5577
      vertex 68.0318 26.5182 38.4444
    endloop
  endfacet
  facet normal -0.866071 0 -0.499921
    outer loop
      vertex 67.9685 -12.8 38.4444
      vertex 67.9031 26.2 38.5577
      vertex 67.9685 26.2 38.4444
    endloop
  endfacet
  facet normal -0.866071 -0 -0.499921
    outer loop
      vertex 67.9031 26.2 38.5577
      vertex 67.9685 -12.8 38.4444
      vertex 67.9031 -12.8 38.5577
    endloop
  endfacet
  facet normal -0.694521 0.137919 -0.70613
    outer loop
      vertex 68.1463 26.2861 38.2482
      vertex 68.0738 26.3946 38.3407
      vertex 68.1631 26.3707 38.2482
    endloop
  endfacet
  facet normal -0.577427 0.195553 -0.792677
    outer loop
      vertex 68.2634 26.3438 38.1685
      vertex 68.1631 26.3707 38.2482
      vertex 68.2867 26.4126 38.1685
    endloop
  endfacet
  facet normal -0.820802 -0.278116 -0.498935
    outer loop
      vertex 68.0318 -13.1182 38.4444
      vertex 67.9714 -13.1432 38.5577
      vertex 67.9969 -13.0152 38.4444
    endloop
  endfacet
  facet normal -0.751841 -0.25475 -0.608143
    outer loop
      vertex 68.0318 -13.1182 38.4444
      vertex 67.9969 -13.0152 38.4444
      vertex 68.0738 -12.9946 38.3407
    endloop
  endfacet
  facet normal -0.711761 -0.351136 0.608358
    outer loop
      vertex 68.1489 -13.1759 40.0593
      vertex 68.0318 -13.1182 39.9556
      vertex 68.0799 -13.2157 39.9556
    endloop
  endfacet
  facet normal -0.634857 -0.313327 0.706246
    outer loop
      vertex 68.1908 -13.0523 40.1518
      vertex 68.1489 -13.1759 40.0593
      vertex 68.229 -13.1297 40.1518
    endloop
  endfacet
  facet normal -0.778463 -0.155401 0.608149
    outer loop
      vertex 68.0738 -12.9946 40.0593
      vertex 67.9756 -12.9085 39.9556
      vertex 67.9969 -13.0152 39.9556
    endloop
  endfacet
  facet normal -0.7919 -0.0516632 0.608461
    outer loop
      vertex 68.0482 -12.8 40.0593
      vertex 67.9756 -12.9085 39.9556
      vertex 68.0546 -12.8981 40.0593
    endloop
  endfacet
  facet normal -0.906279 -0.180468 0.382217
    outer loop
      vertex 67.9108 -12.9171 39.8423
      vertex 67.8853 -13.0451 39.7214
      vertex 67.9337 -13.0321 39.8423
    endloop
  endfacet
  facet normal -0.947453 -0.188286 0.258613
    outer loop
      vertex 67.8612 -12.9236 39.7214
      vertex 67.8276 -12.928 39.5951
      vertex 67.8526 -13.0538 39.5951
    endloop
  endfacet
  facet normal -0.659825 -0.441098 0.608328
    outer loop
      vertex 68.1489 -13.1759 40.0593
      vertex 68.0799 -13.2157 39.9556
      vertex 68.1404 -13.3062 39.9556
    endloop
  endfacet
  facet normal -0.751517 -0.25508 0.608405
    outer loop
      vertex 68.0738 -12.9946 40.0593
      vertex 68.0318 -13.1182 39.9556
      vertex 68.1054 -13.0877 40.0593
    endloop
  endfacet
  facet normal -0.922401 -0.0604486 0.381473
    outer loop
      vertex 67.9031 -12.8 39.8423
      vertex 67.8531 -12.8 39.7214
      vertex 67.8612 -12.9236 39.7214
    endloop
  endfacet
  facet normal -0.963886 -0.0631673 0.258715
    outer loop
      vertex 67.8531 -12.8 39.7214
      vertex 67.8192 -12.8 39.5951
      vertex 67.8612 -12.9236 39.7214
    endloop
  endfacet
  facet normal -0.889425 -0.438144 0.130206
    outer loop
      vertex 67.9506 -13.2904 39.5951
      vertex 67.8939 -13.1753 39.5951
      vertex 67.9358 -13.2989 39.4654
    endloop
  endfacet
  facet normal -0.875064 -0.29691 0.382241
    outer loop
      vertex 67.9337 -13.0321 39.8423
      vertex 67.8853 -13.0451 39.7214
      vertex 67.9251 -13.1624 39.7214
    endloop
  endfacet
  facet normal -0.824573 -0.550475 0.130602
    outer loop
      vertex 68.0219 -13.3971 39.5951
      vertex 67.9358 -13.2989 39.4654
      vertex 68.0083 -13.4075 39.4654
    endloop
  endfacet
  facet normal -0.221864 -0.448927 0.865587
    outer loop
      vertex 68.6307 -13.2086 40.2969
      vertex 68.5789 -13.183 40.2969
      vertex 68.5874 -13.3133 40.2315
    endloop
  endfacet
  facet normal -0.440622 -0.660126 0.608346
    outer loop
      vertex 68.4241 -13.4511 40.0593
      vertex 68.3423 -13.3965 40.0593
      vertex 68.3843 -13.5201 39.9556
    endloop
  endfacet
  facet normal -0.41648 -0.277883 0.865636
    outer loop
      vertex 68.417 -13.0211 40.2969
      vertex 68.3189 -13.0778 40.2315
      vertex 68.3592 -13.1382 40.2315
    endloop
  endfacet
  facet normal -0.546891 -0.269912 0.792501
    outer loop
      vertex 68.2867 -13.0126 40.2315
      vertex 68.1908 -13.0523 40.1518
      vertex 68.229 -13.1297 40.1518
    endloop
  endfacet
  facet normal -0.651096 -0.571402 0.499573
    outer loop
      vertex 68.2121 -13.3879 39.9556
      vertex 68.1404 -13.3062 39.9556
      vertex 68.1658 -13.4342 39.8423
    endloop
  endfacet
  facet normal -0.596542 -0.523892 0.608009
    outer loop
      vertex 68.2035 -13.2577 40.0593
      vertex 68.1404 -13.3062 39.9556
      vertex 68.2684 -13.3316 40.0593
    endloop
  endfacet
  facet normal -0.875064 -0.29691 -0.382241
    outer loop
      vertex 67.9251 -13.1624 38.6786
      vertex 67.8853 -13.0451 38.6786
      vertex 67.9337 -13.0321 38.5577
    endloop
  endfacet
  facet normal -0.849685 -0.169618 -0.499264
    outer loop
      vertex 67.9969 -13.0152 38.4444
      vertex 67.9337 -13.0321 38.5577
      vertex 67.9756 -12.9085 38.4444
    endloop
  endfacet
  facet normal -0.056583 -0.864683 0.49912
    outer loop
      vertex 68.8 -13.6315 39.9556
      vertex 68.6915 -13.6244 39.9556
      vertex 68.8 -13.6969 39.8423
    endloop
  endfacet
  facet normal -0.27843 -0.820519 0.499225
    outer loop
      vertex 68.5848 -13.6031 39.9556
      vertex 68.4568 -13.6286 39.8423
      vertex 68.5679 -13.6663 39.8423
    endloop
  endfacet
  facet normal -0.637276 -0.726163 0.258006
    outer loop
      vertex 68.1304 -13.4696 39.7214
      vertex 68.1065 -13.4935 39.5951
      vertex 68.2029 -13.5781 39.5951
    endloop
  endfacet
  facet normal -0.636717 -0.726451 0.258574
    outer loop
      vertex 68.2235 -13.5512 39.7214
      vertex 68.1304 -13.4696 39.7214
      vertex 68.2029 -13.5781 39.5951
    endloop
  endfacet
  facet normal 0.130707 -0.00871377 -0.991383
    outer loop
      vertex 93.3934 -12.8255 38.0192
      vertex 93.2654 -12.8 38.0021
      vertex 93.3951 -12.8 38.0192
    endloop
  endfacet
  facet normal -0.0427814 0.123761 -0.991389
    outer loop
      vertex 68.775 26.2604 38.0021
      vertex 68.7253 26.3802 38.0192
      vertex 68.7831 26.2632 38.0021
    endloop
  endfacet
  facet normal -0.277925 -0.416454 -0.865635
    outer loop
      vertex 68.5789 -13.183 38.1031
      vertex 68.5222 -13.2811 38.1685
      vertex 68.5308 -13.1509 38.1031
    endloop
  endfacet
  facet normal -0.269912 -0.546891 -0.792501
    outer loop
      vertex 68.5477 -13.4092 38.2482
      vertex 68.4703 -13.371 38.2482
      vertex 68.5874 -13.3133 38.1685
    endloop
  endfacet
  facet normal -0.523598 -0.596624 -0.608182
    outer loop
      vertex 68.2938 -13.4596 38.4444
      vertex 68.2121 -13.3879 38.4444
      vertex 68.2684 -13.3316 38.3407
    endloop
  endfacet
  facet normal -0.711761 -0.351136 -0.608358
    outer loop
      vertex 68.0799 -13.2157 38.4444
      vertex 68.0318 -13.1182 38.4444
      vertex 68.1489 -13.1759 38.3407
    endloop
  endfacet
  facet normal -0.694343 -0.138149 -0.70626
    outer loop
      vertex 68.0738 -12.9946 38.3407
      vertex 68.0546 -12.8981 38.3407
      vertex 68.1463 -12.8861 38.2482
    endloop
  endfacet
  facet normal -0.706421 -0.0460866 -0.70629
    outer loop
      vertex 68.0546 -12.8981 38.3407
      vertex 68.0482 -12.8 38.3407
      vertex 68.1463 -12.8861 38.2482
    endloop
  endfacet
  facet normal -0.343434 0.169728 -0.923713
    outer loop
      vertex 68.503 26.323 38.0531
      vertex 68.3914 26.3693 38.1031
      vertex 68.417 26.4211 38.1031
    endloop
  endfacet
  facet normal -0.546891 -0.269912 -0.792501
    outer loop
      vertex 68.229 -13.1297 38.2482
      vertex 68.1908 -13.0523 38.2482
      vertex 68.2867 -13.0126 38.1685
    endloop
  endfacet
  facet normal -0.577568 -0.195822 -0.792508
    outer loop
      vertex 68.1908 -13.0523 38.2482
      vertex 68.1631 -12.9706 38.2482
      vertex 68.2867 -13.0126 38.1685
    endloop
  endfacet
  facet normal -0.227583 -0.670505 -0.706136
    outer loop
      vertex 68.6054 -13.5262 38.3407
      vertex 68.5123 -13.4946 38.3407
      vertex 68.5477 -13.4092 38.2482
    endloop
  endfacet
  facet normal -0.0403122 -0.608883 -0.792235
    outer loop
      vertex 68.8 -13.4593 38.2482
      vertex 68.7275 -13.3508 38.1685
      vertex 68.8 -13.3556 38.1685
    endloop
  endfacet
  facet normal -0.0747771 -0.375709 -0.923716
    outer loop
      vertex 68.758 -13.1187 38.0531
      vertex 68.6855 -13.2272 38.1031
      vertex 68.7168 -13.1105 38.0531
    endloop
  endfacet
  facet normal -0.212899 -0.318439 -0.923727
    outer loop
      vertex 68.6393 -13.0784 38.0531
      vertex 68.5308 -13.1509 38.1031
      vertex 68.6043 -13.055 38.0531
    endloop
  endfacet
  facet normal -0.972526 -0.192835 -0.130412
    outer loop
      vertex 67.8361 -13.0583 38.9346
      vertex 67.8107 -12.9302 38.9346
      vertex 67.8526 -13.0538 38.8049
    endloop
  endfacet
  facet normal -0.720533 -0.48134 -0.499144
    outer loop
      vertex 68.0885 -13.346 38.5577
      vertex 68.0233 -13.2484 38.5577
      vertex 68.1404 -13.3062 38.4444
    endloop
  endfacet
  facet normal -0.824376 -0.550872 -0.130171
    outer loop
      vertex 68.0219 -13.3971 38.8049
      vertex 67.9358 -13.2989 38.9346
      vertex 67.9506 -13.2904 38.8049
    endloop
  endfacet
  facet normal -0.803264 -0.536764 -0.258171
    outer loop
      vertex 68.0219 -13.3971 38.8049
      vertex 67.9506 -13.2904 38.8049
      vertex 67.9799 -13.2735 38.6786
    endloop
  endfacet
  facet normal -0.777208 -0.383433 -0.498925
    outer loop
      vertex 68.0233 -13.2484 38.5577
      vertex 67.9714 -13.1432 38.5577
      vertex 68.0799 -13.2157 38.4444
    endloop
  endfacet
  facet normal -0.695032 -0.609179 -0.381878
    outer loop
      vertex 68.1304 -13.4696 38.6786
      vertex 68.0488 -13.3765 38.6786
      vertex 68.1658 -13.4342 38.5577
    endloop
  endfacet
  facet normal -0.695044 -0.609149 -0.381905
    outer loop
      vertex 68.1658 -13.4342 38.5577
      vertex 68.0488 -13.3765 38.6786
      vertex 68.0885 -13.346 38.5577
    endloop
  endfacet
  facet normal -0.536764 -0.803264 -0.258171
    outer loop
      vertex 68.3096 -13.6494 38.8049
      vertex 68.2029 -13.5781 38.8049
      vertex 68.3265 -13.6201 38.6786
    endloop
  endfacet
  facet normal -0.637276 -0.726163 -0.258006
    outer loop
      vertex 68.2029 -13.5781 38.8049
      vertex 68.1065 -13.4935 38.8049
      vertex 68.1304 -13.4696 38.6786
    endloop
  endfacet
  facet normal -0.467099 -0.531874 -0.706349
    outer loop
      vertex 68.3423 -13.3965 38.3407
      vertex 68.2684 -13.3316 38.3407
      vertex 68.3986 -13.3231 38.2482
    endloop
  endfacet
  facet normal -0.440622 -0.660126 -0.608346
    outer loop
      vertex 68.3843 -13.5201 38.4444
      vertex 68.3423 -13.3965 38.3407
      vertex 68.4241 -13.4511 38.3407
    endloop
  endfacet
  facet normal -0.63503 -0.313195 -0.706148
    outer loop
      vertex 68.1489 -13.1759 38.3407
      vertex 68.1054 -13.0877 38.3407
      vertex 68.1908 -13.0523 38.2482
    endloop
  endfacet
  facet normal -0.634857 -0.313327 -0.706246
    outer loop
      vertex 68.229 -13.1297 38.2482
      vertex 68.1489 -13.1759 38.3407
      vertex 68.1908 -13.0523 38.2482
    endloop
  endfacet
  facet normal -0.408156 -0.828997 -0.382326
    outer loop
      vertex 68.4376 -13.6748 38.6786
      vertex 68.3265 -13.6201 38.6786
      vertex 68.3516 -13.5767 38.5577
    endloop
  endfacet
  facet normal 0 -0.99142 -0.130712
    outer loop
      vertex 68.8 -13.7808 38.8049
      vertex 93.2 -13.7979 38.9346
      vertex 68.8 -13.7979 38.9346
    endloop
  endfacet
  facet normal 0 -0.99142 -0.130712
    outer loop
      vertex 93.2 -13.7979 38.9346
      vertex 68.8 -13.7808 38.8049
      vertex 93.2 -13.7808 38.8049
    endloop
  endfacet
  facet normal -0.27843 -0.820519 -0.499225
    outer loop
      vertex 68.5679 -13.6663 38.5577
      vertex 68.4568 -13.6286 38.5577
      vertex 68.5848 -13.6031 38.4444
    endloop
  endfacet
  facet normal -0.187961 -0.947606 -0.25829
    outer loop
      vertex 68.6764 -13.7388 38.6786
      vertex 68.5462 -13.7474 38.8049
      vertex 68.5549 -13.7147 38.6786
    endloop
  endfacet
  facet normal -0.0632547 -0.963881 -0.258714
    outer loop
      vertex 68.8 -13.7808 38.8049
      vertex 68.672 -13.7724 38.8049
      vertex 68.8 -13.7469 38.6786
    endloop
  endfacet
  facet normal -0.311111 -0.914618 -0.258232
    outer loop
      vertex 68.5462 -13.7474 38.8049
      vertex 68.4376 -13.6748 38.6786
      vertex 68.5549 -13.7147 38.6786
    endloop
  endfacet
  facet normal -0.393292 -0.588706 -0.70622
    outer loop
      vertex 68.4241 -13.4511 38.3407
      vertex 68.3986 -13.3231 38.2482
      vertex 68.4703 -13.371 38.2482
    endloop
  endfacet
  facet normal -0.270021 -0.546751 -0.79256
    outer loop
      vertex 68.5874 -13.3133 38.1685
      vertex 68.4703 -13.371 38.2482
      vertex 68.5222 -13.2811 38.1685
    endloop
  endfacet
  facet normal -0.154858 -0.778323 -0.608467
    outer loop
      vertex 68.6915 -13.6244 38.4444
      vertex 68.6054 -13.5262 38.3407
      vertex 68.7019 -13.5454 38.3407
    endloop
  endfacet
  facet normal -0.25508 -0.751517 -0.608405
    outer loop
      vertex 68.6054 -13.5262 38.3407
      vertex 68.4818 -13.5682 38.4444
      vertex 68.5123 -13.4946 38.3407
    endloop
  endfacet
  facet normal 0.137919 -0.694521 -0.70613
    outer loop
      vertex 93.3946 -13.5262 38.3407
      vertex 93.2861 -13.4537 38.2482
      vertex 93.3707 -13.4369 38.2482
    endloop
  endfacet
  facet normal 0.0460866 -0.706421 -0.70629
    outer loop
      vertex 93.2981 -13.5454 38.3407
      vertex 93.2 -13.5518 38.3407
      vertex 93.2861 -13.4537 38.2482
    endloop
  endfacet
  facet normal -0.0166627 -0.259197 -0.965681
    outer loop
      vertex 68.8 -13.1214 38.0531
      vertex 68.758 -13.1187 38.0531
      vertex 68.8 -12.9951 38.0192
    endloop
  endfacet
  facet normal -0.195315 -0.17121 -0.965681
    outer loop
      vertex 68.5727 -13.0273 38.0531
      vertex 68.545 -12.9957 38.0531
      vertex 68.6452 -12.9188 38.0192
    endloop
  endfacet
  facet normal -0.598041 -0.1189 -0.792597
    outer loop
      vertex 68.1631 -12.9706 38.2482
      vertex 68.1463 -12.8861 38.2482
      vertex 68.2634 -12.9438 38.1685
    endloop
  endfacet
  facet normal -0.318711 -0.212695 -0.92368
    outer loop
      vertex 68.4491 -13.0692 38.1031
      vertex 68.417 -13.0211 38.1031
      vertex 68.5216 -12.9607 38.0531
    endloop
  endfacet
  facet normal -0.343434 -0.169728 -0.923713
    outer loop
      vertex 68.417 -13.0211 38.1031
      vertex 68.3914 -12.9693 38.1031
      vertex 68.503 -12.923 38.0531
    endloop
  endfacet
  facet normal -0.491177 -0.0978221 -0.86555
    outer loop
      vertex 68.2634 -12.9438 38.1685
      vertex 68.2492 -12.8725 38.1685
      vertex 68.3615 -12.8577 38.1031
    endloop
  endfacet
  facet normal -0.254603 -0.0506733 -0.965717
    outer loop
      vertex 68.4895 -12.8832 38.0531
      vertex 68.4813 -12.842 38.0531
      vertex 68.6066 -12.8255 38.0192
    endloop
  endfacet
  facet normal 0.0579672 -0.11746 -0.991384
    outer loop
      vertex 93.2747 -12.9802 38.0192
      vertex 93.225 -12.8604 38.0021
      vertex 93.2327 -12.8566 38.0021
    endloop
  endfacet
  facet normal -0.109234 0.0723098 -0.991382
    outer loop
      vertex 68.7434 26.2327 38.0021
      vertex 68.6452 26.3188 38.0192
      vertex 68.7481 26.2398 38.0021
    endloop
  endfacet
  facet normal 0.109234 -0.0723098 -0.991382
    outer loop
      vertex 93.3548 -12.9188 38.0192
      vertex 93.2519 -12.8398 38.0021
      vertex 93.2566 -12.8327 38.0021
    endloop
  endfacet
  facet normal -0.072264 -0.109165 -0.991393
    outer loop
      vertex 68.7673 -12.8566 38.0021
      vertex 68.7025 -12.969 38.0192
      vertex 68.7602 -12.8519 38.0021
    endloop
  endfacet
  facet normal -0.499921 0 -0.866071
    outer loop
      vertex 68.2444 -12.8 38.1685
      vertex 68.3577 26.2 38.1031
      vertex 68.3577 -12.8 38.1031
    endloop
  endfacet
  facet normal -0.499921 0 -0.866071
    outer loop
      vertex 68.3577 26.2 38.1031
      vertex 68.2444 -12.8 38.1685
      vertex 68.2444 26.2 38.1685
    endloop
  endfacet
  facet normal -0.499647 0.0330801 -0.865597
    outer loop
      vertex 68.3577 26.2 38.1031
      vertex 68.2444 26.2 38.1685
      vertex 68.2492 26.2725 38.1685
    endloop
  endfacet
  facet normal -0.130607 0.00921932 -0.991391
    outer loop
      vertex 68.7346 26.2 38.0021
      vertex 68.6066 26.2255 38.0192
      vertex 68.7352 26.2085 38.0021
    endloop
  endfacet
  facet normal -0.130707 0.00871377 -0.991383
    outer loop
      vertex 68.7346 26.2 38.0021
      vertex 68.6049 26.2 38.0192
      vertex 68.6066 26.2255 38.0192
    endloop
  endfacet
  facet normal -0.375722 0.0747796 -0.92371
    outer loop
      vertex 68.4813 26.242 38.0531
      vertex 68.3615 26.2577 38.1031
      vertex 68.4895 26.2832 38.0531
    endloop
  endfacet
  facet normal -0.34363 0.169537 -0.923675
    outer loop
      vertex 68.503 26.323 38.0531
      vertex 68.417 26.4211 38.1031
      vertex 68.5216 26.3607 38.0531
    endloop
  endfacet
  facet normal -0.491177 0.0978221 -0.86555
    outer loop
      vertex 68.3615 26.2577 38.1031
      vertex 68.2492 26.2725 38.1685
      vertex 68.2634 26.3438 38.1685
    endloop
  endfacet
  facet normal -0.598002 0.118752 -0.792648
    outer loop
      vertex 68.2634 26.3438 38.1685
      vertex 68.1463 26.2861 38.2482
      vertex 68.1631 26.3707 38.2482
    endloop
  endfacet
  facet normal -0.216334 0.143207 -0.965759
    outer loop
      vertex 68.6311 26.2975 38.0192
      vertex 68.5216 26.3607 38.0531
      vertex 68.6452 26.3188 38.0192
    endloop
  endfacet
  facet normal -0.123761 0.0427814 -0.991389
    outer loop
      vertex 68.7368 26.2169 38.0021
      vertex 68.6198 26.2747 38.0192
      vertex 68.7396 26.225 38.0021
    endloop
  endfacet
  facet normal 0.375717 0.0747465 -0.923715
    outer loop
      vertex 93.6385 26.2577 38.1031
      vertex 93.5105 26.2832 38.0531
      vertex 93.6272 26.3145 38.1031
    endloop
  endfacet
  facet normal 0.252853 0.287935 -0.923666
    outer loop
      vertex 93.5127 26.5127 38.1031
      vertex 93.4273 26.4273 38.0531
      vertex 93.4692 26.5509 38.1031
    endloop
  endfacet
  facet normal 0.227583 -0.670505 -0.706136
    outer loop
      vertex 93.4877 -13.4946 38.3407
      vertex 93.3946 -13.5262 38.3407
      vertex 93.4523 -13.4092 38.2482
    endloop
  endfacet
  facet normal 0.123048 -0.362765 -0.923721
    outer loop
      vertex 93.3145 -13.2272 38.1031
      vertex 93.2832 -13.1105 38.0531
      vertex 93.323 -13.097 38.0531
    endloop
  endfacet
  facet normal 0.588706 -0.393292 -0.70622
    outer loop
      vertex 93.8511 -13.1759 38.3407
      vertex 93.7231 -13.2014 38.2482
      vertex 93.771 -13.1297 38.2482
    endloop
  endfacet
  facet normal 0.507194 -0.338837 -0.792429
    outer loop
      vertex 93.7231 -13.2014 38.2482
      vertex 93.6408 -13.1382 38.1685
      vertex 93.771 -13.1297 38.2482
    endloop
  endfacet
  facet normal 0.0403122 -0.608883 -0.792235
    outer loop
      vertex 93.2725 -13.3508 38.1685
      vertex 93.2 -13.4593 38.2482
      vertex 93.2 -13.3556 38.1685
    endloop
  endfacet
  facet normal 0.0245608 -0.382056 -0.923813
    outer loop
      vertex 93.242 -13.1187 38.0531
      vertex 93.2 -13.2423 38.1031
      vertex 93.2 -13.1214 38.0531
    endloop
  endfacet
  facet normal 0.382056 -0.0245608 -0.923813
    outer loop
      vertex 93.6423 -12.8 38.1031
      vertex 93.5187 -12.842 38.0531
      vertex 93.5214 -12.8 38.0531
    endloop
  endfacet
  facet normal 0.375717 -0.0747465 -0.923715
    outer loop
      vertex 93.6272 -12.9145 38.1031
      vertex 93.5105 -12.8832 38.0531
      vertex 93.6385 -12.8577 38.1031
    endloop
  endfacet
  facet normal 0.109234 0.0723098 -0.991382
    outer loop
      vertex 93.2566 26.2327 38.0021
      vertex 93.2519 26.2398 38.0021
      vertex 93.3548 26.3188 38.0192
    endloop
  endfacet
  facet normal 0.11746 0.0579672 -0.991384
    outer loop
      vertex 93.2604 26.225 38.0021
      vertex 93.2566 26.2327 38.0021
      vertex 93.3802 26.2747 38.0192
    endloop
  endfacet
  facet normal 0.694411 -0.13806 -0.70621
    outer loop
      vertex 93.9262 -12.9946 38.3407
      vertex 93.8369 -12.9706 38.2482
      vertex 93.8537 -12.8861 38.2482
    endloop
  endfacet
  facet normal 0.67047 -0.22732 -0.706255
    outer loop
      vertex 93.9262 -12.9946 38.3407
      vertex 93.8092 -13.0523 38.2482
      vertex 93.8369 -12.9706 38.2482
    endloop
  endfacet
  facet normal 0.989301 -0.0653456 -0.130432
    outer loop
      vertex 94.1893 -12.9302 38.9346
      vertex 94.1808 -12.8 38.8049
      vertex 94.1979 -12.8 38.9346
    endloop
  endfacet
  facet normal 0.408156 -0.828997 -0.382326
    outer loop
      vertex 93.6735 -13.6201 38.6786
      vertex 93.5624 -13.6748 38.6786
      vertex 93.6484 -13.5767 38.5577
    endloop
  endfacet
  facet normal 0.63503 -0.313195 -0.706148
    outer loop
      vertex 93.8511 -13.1759 38.3407
      vertex 93.8092 -13.0523 38.2482
      vertex 93.8946 -13.0877 38.3407
    endloop
  endfacet
  facet normal 0.711762 -0.351039 -0.608413
    outer loop
      vertex 93.9682 -13.1182 38.4444
      vertex 93.8511 -13.1759 38.3407
      vertex 93.8946 -13.0877 38.3407
    endloop
  endfacet
  facet normal 0.828686 -0.408829 -0.38228
    outer loop
      vertex 94.0749 -13.1624 38.6786
      vertex 93.9767 -13.2484 38.5577
      vertex 94.0286 -13.1432 38.5577
    endloop
  endfacet
  facet normal 0.637276 -0.726163 -0.258006
    outer loop
      vertex 93.8935 -13.4935 38.8049
      vertex 93.7971 -13.5781 38.8049
      vertex 93.8696 -13.4696 38.6786
    endloop
  endfacet
  facet normal 0.351059 -0.711802 -0.608355
    outer loop
      vertex 93.6157 -13.5201 38.4444
      vertex 93.4877 -13.4946 38.3407
      vertex 93.5759 -13.4511 38.3407
    endloop
  endfacet
  facet normal 0.914853 -0.31041 -0.258244
    outer loop
      vertex 94.1474 -13.0538 38.8049
      vertex 94.0749 -13.1624 38.6786
      vertex 94.1147 -13.0451 38.6786
    endloop
  endfacet
  facet normal 0.653961 -0.745175 -0.130575
    outer loop
      vertex 93.8075 -13.5917 38.9346
      vertex 93.7971 -13.5781 38.8049
      vertex 93.8935 -13.4935 38.8049
    endloop
  endfacet
  facet normal 0.751579 -0.659643 0
    outer loop
      vertex 93.9056 -13.5056 39.4654
      vertex 93.9917 -13.4075 38.9346
      vertex 93.9917 -13.4075 39.4654
    endloop
  endfacet
  facet normal 0.751579 -0.659643 0
    outer loop
      vertex 93.9917 -13.4075 38.9346
      vertex 93.9056 -13.5056 39.4654
      vertex 93.9056 -13.5056 38.9346
    endloop
  endfacet
  facet normal 0.523598 -0.596624 -0.608182
    outer loop
      vertex 93.7879 -13.3879 38.4444
      vertex 93.7062 -13.4596 38.4444
      vertex 93.7316 -13.3316 38.3407
    endloop
  endfacet
  facet normal 0.914807 -0.310959 -0.257746
    outer loop
      vertex 94.1061 -13.1753 38.8049
      vertex 94.0749 -13.1624 38.6786
      vertex 94.1474 -13.0538 38.8049
    endloop
  endfacet
  facet normal 0.0631687 -0.963908 0.258632
    outer loop
      vertex 93.3236 -13.7388 39.7214
      vertex 93.2 -13.7469 39.7214
      vertex 93.328 -13.7724 39.5951
    endloop
  endfacet
  facet normal 0.408156 -0.828997 0.382326
    outer loop
      vertex 93.6484 -13.5767 39.8423
      vertex 93.5624 -13.6748 39.7214
      vertex 93.6735 -13.6201 39.7214
    endloop
  endfacet
  facet normal 0.0653456 -0.989301 0.130432
    outer loop
      vertex 93.2 -13.7808 39.5951
      vertex 93.2 -13.7979 39.4654
      vertex 93.3302 -13.7893 39.4654
    endloop
  endfacet
  facet normal 0 -0.99142 0.130712
    outer loop
      vertex 68.8 -13.7979 39.4654
      vertex 93.2 -13.7808 39.5951
      vertex 68.8 -13.7808 39.5951
    endloop
  endfacet
  facet normal 0 -0.99142 0.130712
    outer loop
      vertex 93.2 -13.7808 39.5951
      vertex 68.8 -13.7979 39.4654
      vertex 93.2 -13.7979 39.4654
    endloop
  endfacet
  facet normal 0.269912 -0.546891 -0.792501
    outer loop
      vertex 93.4523 -13.4092 38.2482
      vertex 93.4126 -13.3133 38.1685
      vertex 93.5297 -13.371 38.2482
    endloop
  endfacet
  facet normal 0.392977 -0.588746 -0.706362
    outer loop
      vertex 93.6577 -13.3965 38.3407
      vertex 93.5759 -13.4511 38.3407
      vertex 93.6014 -13.3231 38.2482
    endloop
  endfacet
  facet normal 0.056583 -0.864683 -0.49912
    outer loop
      vertex 93.3085 -13.6244 38.4444
      vertex 93.2 -13.6969 38.5577
      vertex 93.2 -13.6315 38.4444
    endloop
  endfacet
  facet normal 0.0518146 -0.791815 -0.60856
    outer loop
      vertex 93.3085 -13.6244 38.4444
      vertex 93.2 -13.6315 38.4444
      vertex 93.2 -13.5518 38.3407
    endloop
  endfacet
  facet normal 0.536764 -0.803264 -0.258171
    outer loop
      vertex 93.6904 -13.6494 38.8049
      vertex 93.6735 -13.6201 38.6786
      vertex 93.7971 -13.5781 38.8049
    endloop
  endfacet
  facet normal 0.310901 -0.914636 -0.258422
    outer loop
      vertex 93.5753 -13.7061 38.8049
      vertex 93.4538 -13.7474 38.8049
      vertex 93.5624 -13.6748 38.6786
    endloop
  endfacet
  facet normal 0.188286 -0.947453 -0.258613
    outer loop
      vertex 93.328 -13.7724 38.8049
      vertex 93.3236 -13.7388 38.6786
      vertex 93.4538 -13.7474 38.8049
    endloop
  endfacet
  facet normal 0.193263 -0.972497 -0.129995
    outer loop
      vertex 93.3302 -13.7893 38.9346
      vertex 93.328 -13.7724 38.8049
      vertex 93.4538 -13.7474 38.8049
    endloop
  endfacet
  facet normal 0.0606476 -0.922316 -0.381647
    outer loop
      vertex 93.3236 -13.7388 38.6786
      vertex 93.2 -13.6969 38.5577
      vertex 93.3171 -13.6892 38.5577
    endloop
  endfacet
  facet normal 0.0568645 -0.864784 -0.498915
    outer loop
      vertex 93.3171 -13.6892 38.5577
      vertex 93.2 -13.6969 38.5577
      vertex 93.3085 -13.6244 38.4444
    endloop
  endfacet
  facet normal -0.318983 -0.938721 0.130587
    outer loop
      vertex 68.4247 -13.7061 39.5951
      vertex 68.4181 -13.7219 39.4654
      vertex 68.5417 -13.7639 39.4654
    endloop
  endfacet
  facet normal -0.311111 -0.914618 0.258232
    outer loop
      vertex 68.5549 -13.7147 39.7214
      vertex 68.4376 -13.6748 39.7214
      vertex 68.5462 -13.7474 39.5951
    endloop
  endfacet
  facet normal -0.187961 -0.947606 0.25829
    outer loop
      vertex 68.5549 -13.7147 39.7214
      vertex 68.5462 -13.7474 39.5951
      vertex 68.6764 -13.7388 39.7214
    endloop
  endfacet
  facet normal -0.438144 -0.889425 0.130206
    outer loop
      vertex 68.3096 -13.6494 39.5951
      vertex 68.3011 -13.6642 39.4654
      vertex 68.4247 -13.7061 39.5951
    endloop
  endfacet
  facet normal -0.55523 -0.831697 0
    outer loop
      vertex 68.1925 -13.5917 38.9346
      vertex 68.3011 -13.6642 39.4654
      vertex 68.1925 -13.5917 39.4654
    endloop
  endfacet
  facet normal -0.55523 -0.831697 -0
    outer loop
      vertex 68.3011 -13.6642 39.4654
      vertex 68.1925 -13.5917 38.9346
      vertex 68.3011 -13.6642 38.9346
    endloop
  endfacet
  facet normal -0.128506 0.0257012 0.991376
    outer loop
      vertex 68.6116 26.2505 40.3808
      vertex 68.6066 26.2255 40.3808
      vertex 68.7368 26.2169 40.3979
    endloop
  endfacet
  facet normal 0.128589 -0.024493 0.991396
    outer loop
      vertex 93.2648 -12.8085 40.3979
      vertex 93.2632 -12.8169 40.3979
      vertex 93.3934 -12.8255 40.3808
    endloop
  endfacet
  facet normal -0.362794 -0.123058 0.923708
    outer loop
      vertex 68.4895 -12.8832 40.3469
      vertex 68.3914 -12.9693 40.2969
      vertex 68.503 -12.923 40.3469
    endloop
  endfacet
  facet normal -0.448927 -0.221864 0.865587
    outer loop
      vertex 68.3914 -12.9693 40.2969
      vertex 68.2867 -13.0126 40.2315
      vertex 68.417 -13.0211 40.2969
    endloop
  endfacet
  facet normal -0.269912 -0.546891 0.792501
    outer loop
      vertex 68.5874 -13.3133 40.2315
      vertex 68.4703 -13.371 40.1518
      vertex 68.5477 -13.4092 40.1518
    endloop
  endfacet
  facet normal -0.392977 -0.588746 0.706362
    outer loop
      vertex 68.3986 -13.3231 40.1518
      vertex 68.3423 -13.3965 40.0593
      vertex 68.4241 -13.4511 40.0593
    endloop
  endfacet
  facet normal -0.0579672 -0.11746 0.991384
    outer loop
      vertex 68.7673 -12.8566 40.3979
      vertex 68.7253 -12.9802 40.3808
      vertex 68.775 -12.8604 40.3979
    endloop
  endfacet
  facet normal -0.232614 -0.115287 0.965712
    outer loop
      vertex 68.6198 -12.8747 40.3808
      vertex 68.503 -12.923 40.3469
      vertex 68.6311 -12.8975 40.3808
    endloop
  endfacet
  facet normal 0.0983014 -0.0864641 0.991393
    outer loop
      vertex 93.3548 -12.9188 40.3808
      vertex 93.2462 -12.8462 40.3979
      vertex 93.338 -12.9379 40.3808
    endloop
  endfacet
  facet normal -0.0577381 -0.117538 0.991388
    outer loop
      vertex 68.7673 -12.8566 40.3979
      vertex 68.7025 -12.969 40.3808
      vertex 68.7253 -12.9802 40.3808
    endloop
  endfacet
  facet normal -0.072264 -0.109165 0.991393
    outer loop
      vertex 68.7602 -12.8519 40.3979
      vertex 68.7025 -12.969 40.3808
      vertex 68.7673 -12.8566 40.3979
    endloop
  endfacet
  facet normal 0.195553 -0.577427 0.792677
    outer loop
      vertex 93.4126 -13.3133 40.2315
      vertex 93.3438 -13.3366 40.2315
      vertex 93.3707 -13.4369 40.1518
    endloop
  endfacet
  facet normal 0.318439 -0.212899 0.923727
    outer loop
      vertex 93.4784 -12.9607 40.3469
      vertex 93.455 -12.9957 40.3469
      vertex 93.5509 -13.0692 40.2969
    endloop
  endfacet
  facet normal -0.297581 -0.874843 0.382225
    outer loop
      vertex 68.5679 -13.6663 39.8423
      vertex 68.4376 -13.6748 39.7214
      vertex 68.5549 -13.7147 39.7214
    endloop
  endfacet
  facet normal -0.179792 -0.90642 0.3822
    outer loop
      vertex 68.5679 -13.6663 39.8423
      vertex 68.5549 -13.7147 39.7214
      vertex 68.6764 -13.7388 39.7214
    endloop
  endfacet
  facet normal -0.138149 -0.694343 0.70626
    outer loop
      vertex 68.7139 -13.4537 40.1518
      vertex 68.6054 -13.5262 40.0593
      vertex 68.7019 -13.5454 40.0593
    endloop
  endfacet
  facet normal -0.169618 -0.849685 0.499264
    outer loop
      vertex 68.5848 -13.6031 39.9556
      vertex 68.5679 -13.6663 39.8423
      vertex 68.6915 -13.6244 39.9556
    endloop
  endfacet
  facet normal -0.25475 -0.751841 0.608143
    outer loop
      vertex 68.6054 -13.5262 40.0593
      vertex 68.4818 -13.5682 39.9556
      vertex 68.5848 -13.6031 39.9556
    endloop
  endfacet
  facet normal -0.155401 -0.778463 0.608149
    outer loop
      vertex 68.6054 -13.5262 40.0593
      vertex 68.5848 -13.6031 39.9556
      vertex 68.6915 -13.6244 39.9556
    endloop
  endfacet
  facet normal -0.0459421 -0.70636 0.70636
    outer loop
      vertex 68.8 -13.4593 40.1518
      vertex 68.7139 -13.4537 40.1518
      vertex 68.8 -13.5518 40.0593
    endloop
  endfacet
  facet normal -0.0516632 -0.7919 0.608461
    outer loop
      vertex 68.7019 -13.5454 40.0593
      vertex 68.6915 -13.6244 39.9556
      vertex 68.8 -13.5518 40.0593
    endloop
  endfacet
  facet normal 0.637276 -0.726163 0.258006
    outer loop
      vertex 93.8696 -13.4696 39.7214
      vertex 93.7971 -13.5781 39.5951
      vertex 93.8935 -13.4935 39.5951
    endloop
  endfacet
  facet normal 0.467078 -0.531927 0.706323
    outer loop
      vertex 93.6662 -13.2662 40.1518
      vertex 93.6014 -13.3231 40.1518
      vertex 93.7316 -13.3316 40.0593
    endloop
  endfacet
  facet normal 0.636717 -0.726451 0.258574
    outer loop
      vertex 93.8696 -13.4696 39.7214
      vertex 93.7765 -13.5512 39.7214
      vertex 93.7971 -13.5781 39.5951
    endloop
  endfacet
  facet normal 0.297581 -0.874843 0.382225
    outer loop
      vertex 93.5624 -13.6748 39.7214
      vertex 93.4321 -13.6663 39.8423
      vertex 93.4451 -13.7147 39.7214
    endloop
  endfacet
  facet normal -0.0604486 -0.922401 0.381473
    outer loop
      vertex 68.8 -13.6969 39.8423
      vertex 68.6764 -13.7388 39.7214
      vertex 68.8 -13.7469 39.7214
    endloop
  endfacet
  facet normal 0.169618 -0.849685 0.499264
    outer loop
      vertex 93.4152 -13.6031 39.9556
      vertex 93.3085 -13.6244 39.9556
      vertex 93.4321 -13.6663 39.8423
    endloop
  endfacet
  facet normal 0 -0.79288 0.609378
    outer loop
      vertex 68.8 -13.6315 39.9556
      vertex 93.2 -13.5518 40.0593
      vertex 68.8 -13.5518 40.0593
    endloop
  endfacet
  facet normal 0 -0.79288 0.609378
    outer loop
      vertex 93.2 -13.5518 40.0593
      vertex 68.8 -13.6315 39.9556
      vertex 93.2 -13.6315 39.9556
    endloop
  endfacet
  facet normal -0.0747771 0.375709 -0.923716
    outer loop
      vertex 68.7168 26.5105 38.0531
      vertex 68.6855 26.6272 38.1031
      vertex 68.758 26.5187 38.0531
    endloop
  endfacet
  facet normal 0.269912 0.546891 -0.792501
    outer loop
      vertex 93.5297 26.771 38.2482
      vertex 93.4126 26.7133 38.1685
      vertex 93.4523 26.8092 38.2482
    endloop
  endfacet
  facet normal 0.0568645 0.864784 -0.498915
    outer loop
      vertex 93.3085 27.0244 38.4444
      vertex 93.2 27.0969 38.5577
      vertex 93.3171 27.0892 38.5577
    endloop
  endfacet
  facet normal -0.0330801 0.499647 -0.865597
    outer loop
      vertex 68.8 26.6423 38.1031
      vertex 68.7275 26.7508 38.1685
      vertex 68.8 26.7556 38.1685
    endloop
  endfacet
  facet normal -0.118752 0.598002 -0.792648
    outer loop
      vertex 68.6562 26.7366 38.1685
      vertex 68.6293 26.8369 38.2482
      vertex 68.7139 26.8537 38.2482
    endloop
  endfacet
  facet normal -0.195553 0.577427 -0.792677
    outer loop
      vertex 68.6562 26.7366 38.1685
      vertex 68.5874 26.7133 38.1685
      vertex 68.6293 26.8369 38.2482
    endloop
  endfacet
  facet normal -0.0403122 0.608883 -0.792235
    outer loop
      vertex 68.8 26.7556 38.1685
      vertex 68.7275 26.7508 38.1685
      vertex 68.8 26.8593 38.2482
    endloop
  endfacet
  facet normal 0.169249 0.84994 -0.498956
    outer loop
      vertex 93.4321 27.0663 38.5577
      vertex 93.3085 27.0244 38.4444
      vertex 93.3171 27.0892 38.5577
    endloop
  endfacet
  facet normal 0.169618 0.849685 -0.499264
    outer loop
      vertex 93.4152 27.0031 38.4444
      vertex 93.3085 27.0244 38.4444
      vertex 93.4321 27.0663 38.5577
    endloop
  endfacet
  facet normal 0 0.79288 -0.609378
    outer loop
      vertex 93.2 26.9518 38.3407
      vertex 68.8 27.0315 38.4444
      vertex 93.2 27.0315 38.4444
    endloop
  endfacet
  facet normal 0 0.79288 -0.609378
    outer loop
      vertex 68.8 27.0315 38.4444
      vertex 93.2 26.9518 38.3407
      vertex 68.8 26.9518 38.3407
    endloop
  endfacet
  facet normal -0.481645 0.720477 -0.49893
    outer loop
      vertex 68.3843 26.9201 38.4444
      vertex 68.2938 26.8596 38.4444
      vertex 68.3516 26.9767 38.5577
    endloop
  endfacet
  facet normal -0.278116 0.820802 -0.498935
    outer loop
      vertex 68.4818 26.9682 38.4444
      vertex 68.4568 27.0286 38.5577
      vertex 68.5848 27.0031 38.4444
    endloop
  endfacet
  facet normal -0.0604486 0.922401 -0.381473
    outer loop
      vertex 68.8 27.0969 38.5577
      vertex 68.6764 27.1388 38.6786
      vertex 68.8 27.1469 38.6786
    endloop
  endfacet
  facet normal -0.180517 0.906524 -0.381612
    outer loop
      vertex 68.6829 27.0892 38.5577
      vertex 68.5679 27.0663 38.5577
      vertex 68.6764 27.1388 38.6786
    endloop
  endfacet
  facet normal -0.33875 0.507064 -0.792549
    outer loop
      vertex 68.5222 26.6811 38.1685
      vertex 68.3986 26.7231 38.2482
      vertex 68.4703 26.771 38.2482
    endloop
  endfacet
  facet normal -0.393292 0.588706 -0.70622
    outer loop
      vertex 68.4703 26.771 38.2482
      vertex 68.3986 26.7231 38.2482
      vertex 68.4241 26.8511 38.3407
    endloop
  endfacet
  facet normal -0.546891 0.269912 -0.792501
    outer loop
      vertex 68.2867 26.4126 38.1685
      vertex 68.1908 26.4523 38.2482
      vertex 68.229 26.5297 38.2482
    endloop
  endfacet
  facet normal -0.634857 0.313327 -0.706246
    outer loop
      vertex 68.1908 26.4523 38.2482
      vertex 68.1489 26.5759 38.3407
      vertex 68.229 26.5297 38.2482
    endloop
  endfacet
  facet normal -0.720477 0.481645 -0.49893
    outer loop
      vertex 68.0799 26.6157 38.4444
      vertex 68.0233 26.6484 38.5577
      vertex 68.1404 26.7062 38.4444
    endloop
  endfacet
  facet normal -0.711761 0.351136 -0.608358
    outer loop
      vertex 68.1489 26.5759 38.3407
      vertex 68.0318 26.5182 38.4444
      vertex 68.0799 26.6157 38.4444
    endloop
  endfacet
  facet normal -0.824573 0.550475 -0.130602
    outer loop
      vertex 68.0219 26.7971 38.8049
      vertex 67.9358 26.6989 38.9346
      vertex 68.0083 26.8075 38.9346
    endloop
  endfacet
  facet normal -0.653999 0.745149 -0.13053
    outer loop
      vertex 68.1065 26.8935 38.8049
      vertex 68.0944 26.9056 38.9346
      vertex 68.1925 26.9917 38.9346
    endloop
  endfacet
  facet normal -0.596624 0.523598 -0.608182
    outer loop
      vertex 68.2684 26.7316 38.3407
      vertex 68.1404 26.7062 38.4444
      vertex 68.2121 26.7879 38.4444
    endloop
  endfacet
  facet normal -0.467099 0.531874 -0.706349
    outer loop
      vertex 68.3986 26.7231 38.2482
      vertex 68.2684 26.7316 38.3407
      vertex 68.3423 26.7965 38.3407
    endloop
  endfacet
  facet normal -0.48134 0.720533 -0.499144
    outer loop
      vertex 68.2938 26.8596 38.4444
      vertex 68.254 26.9115 38.5577
      vertex 68.3516 26.9767 38.5577
    endloop
  endfacet
  facet normal -0.441242 0.660039 -0.607991
    outer loop
      vertex 68.3423 26.7965 38.3407
      vertex 68.2938 26.8596 38.4444
      vertex 68.3843 26.9201 38.4444
    endloop
  endfacet
  facet normal -0.467078 0.531927 -0.706323
    outer loop
      vertex 68.3338 26.6662 38.2482
      vertex 68.2684 26.7316 38.3407
      vertex 68.3986 26.7231 38.2482
    endloop
  endfacet
  facet normal -0.458339 0.402462 -0.792433
    outer loop
      vertex 68.3592 26.5382 38.1685
      vertex 68.2769 26.6014 38.2482
      vertex 68.3338 26.6662 38.2482
    endloop
  endfacet
  facet normal 0.383433 0.777208 0.498925
    outer loop
      vertex 93.6484 26.9767 39.8423
      vertex 93.5432 27.0286 39.8423
      vertex 93.6157 26.9201 39.9556
    endloop
  endfacet
  facet normal 0.660364 0.440781 0.607973
    outer loop
      vertex 93.8596 26.7062 39.9556
      vertex 93.7965 26.6577 40.0593
      vertex 93.8511 26.5759 40.0593
    endloop
  endfacet
  facet normal 0.523892 0.596542 0.608009
    outer loop
      vertex 93.7062 26.8596 39.9556
      vertex 93.6577 26.7965 40.0593
      vertex 93.7316 26.7316 40.0593
    endloop
  endfacet
  facet normal 0.706421 0.0460866 0.70629
    outer loop
      vertex 93.9454 26.2981 40.0593
      vertex 93.8537 26.2861 40.1518
      vertex 93.9518 26.2 40.0593
    endloop
  endfacet
  facet normal 0.550506 0.82462 0.130175
    outer loop
      vertex 93.6989 27.0642 39.4654
      vertex 93.6904 27.0494 39.5951
      vertex 93.8075 26.9917 39.4654
    endloop
  endfacet
  facet normal 0.550506 0.82462 -0.130175
    outer loop
      vertex 93.8075 26.9917 38.9346
      vertex 93.6904 27.0494 38.8049
      vertex 93.6989 27.0642 38.9346
    endloop
  endfacet
  facet normal 0.25508 0.751517 0.608405
    outer loop
      vertex 93.5182 26.9682 39.9556
      vertex 93.3946 26.9262 40.0593
      vertex 93.4877 26.8946 40.0593
    endloop
  endfacet
  facet normal 0.227583 0.670505 0.706136
    outer loop
      vertex 93.4877 26.8946 40.0593
      vertex 93.3946 26.9262 40.0593
      vertex 93.4523 26.8092 40.1518
    endloop
  endfacet
  facet normal 0.507194 0.338837 0.792429
    outer loop
      vertex 93.7231 26.6014 40.1518
      vertex 93.6408 26.5382 40.2315
      vertex 93.771 26.5297 40.1518
    endloop
  endfacet
  facet normal 0.720477 0.481645 0.49893
    outer loop
      vertex 93.9767 26.6484 39.8423
      vertex 93.8596 26.7062 39.9556
      vertex 93.9201 26.6157 39.9556
    endloop
  endfacet
  facet normal 0.27843 0.820519 0.499225
    outer loop
      vertex 93.4321 27.0663 39.8423
      vertex 93.4152 27.0031 39.9556
      vertex 93.5432 27.0286 39.8423
    endloop
  endfacet
  facet normal 0.426924 0.866649 0.258178
    outer loop
      vertex 93.6904 27.0494 39.5951
      vertex 93.5753 27.1061 39.5951
      vertex 93.6735 27.0201 39.7214
    endloop
  endfacet
  facet normal 0.193263 0.972497 0.129995
    outer loop
      vertex 93.3302 27.1893 39.4654
      vertex 93.328 27.1724 39.5951
      vertex 93.4538 27.1474 39.5951
    endloop
  endfacet
  facet normal 0.188286 0.947453 -0.258613
    outer loop
      vertex 93.4538 27.1474 38.8049
      vertex 93.3236 27.1388 38.6786
      vertex 93.328 27.1724 38.8049
    endloop
  endfacet
  facet normal 0.0631687 0.963908 -0.258632
    outer loop
      vertex 93.3236 27.1388 38.6786
      vertex 93.2 27.1469 38.6786
      vertex 93.328 27.1724 38.8049
    endloop
  endfacet
  facet normal 0.426924 0.866649 -0.258178
    outer loop
      vertex 93.6735 27.0201 38.6786
      vertex 93.5753 27.1061 38.8049
      vertex 93.6904 27.0494 38.8049
    endloop
  endfacet
  facet normal 0.726051 0.637177 -0.258564
    outer loop
      vertex 93.9512 26.7765 38.6786
      vertex 93.8935 26.8935 38.8049
      vertex 93.9781 26.7971 38.8049
    endloop
  endfacet
  facet normal 0.802905 0.537089 -0.258608
    outer loop
      vertex 94.0201 26.6735 38.6786
      vertex 93.9512 26.7765 38.6786
      vertex 93.9781 26.7971 38.8049
    endloop
  endfacet
  facet normal 0.720477 0.481645 -0.49893
    outer loop
      vertex 93.9201 26.6157 38.4444
      vertex 93.8596 26.7062 38.4444
      vertex 93.9767 26.6484 38.5577
    endloop
  endfacet
  facet normal 0.596624 0.523598 -0.608182
    outer loop
      vertex 93.8596 26.7062 38.4444
      vertex 93.7316 26.7316 38.3407
      vertex 93.7879 26.7879 38.4444
    endloop
  endfacet
  facet normal 0.402358 0.458221 -0.792554
    outer loop
      vertex 93.6662 26.6662 38.2482
      vertex 93.5928 26.5928 38.1685
      vertex 93.6014 26.7231 38.2482
    endloop
  endfacet
  facet normal 0.914853 0.31041 -0.258244
    outer loop
      vertex 94.1147 26.4451 38.6786
      vertex 94.0749 26.5624 38.6786
      vertex 94.1474 26.4538 38.8049
    endloop
  endfacet
  facet normal 0.947606 0.187961 -0.25829
    outer loop
      vertex 94.1388 26.3236 38.6786
      vertex 94.1147 26.4451 38.6786
      vertex 94.1474 26.4538 38.8049
    endloop
  endfacet
  facet normal 0.989383 -0.0649283 -0.130019
    outer loop
      vertex 94.1893 -12.9302 38.9346
      vertex 94.1724 -12.928 38.8049
      vertex 94.1808 -12.8 38.8049
    endloop
  endfacet
  facet normal 0.866071 0 -0.499921
    outer loop
      vertex 94.0969 -12.8 38.5577
      vertex 94.0315 26.2 38.4444
      vertex 94.0969 26.2 38.5577
    endloop
  endfacet
  facet normal 0.866071 0 -0.499921
    outer loop
      vertex 94.0315 26.2 38.4444
      vertex 94.0969 -12.8 38.5577
      vertex 94.0315 -12.8 38.4444
    endloop
  endfacet
  facet normal 0.636717 0.726451 -0.258574
    outer loop
      vertex 93.8696 26.8696 38.6786
      vertex 93.7765 26.9512 38.6786
      vertex 93.7971 26.9781 38.8049
    endloop
  endfacet
  facet normal 0.513864 0.768185 -0.381884
    outer loop
      vertex 93.746 26.9115 38.5577
      vertex 93.6735 27.0201 38.6786
      vertex 93.7765 26.9512 38.6786
    endloop
  endfacet
  facet normal 0.0166627 0.259197 -0.965681
    outer loop
      vertex 93.242 26.5187 38.0531
      vertex 93.2 26.3951 38.0192
      vertex 93.2 26.5214 38.0531
    endloop
  endfacet
  facet normal 0.0245608 0.382056 -0.923813
    outer loop
      vertex 93.242 26.5187 38.0531
      vertex 93.2 26.5214 38.0531
      vertex 93.2 26.6423 38.1031
    endloop
  endfacet
  facet normal 0.343434 0.169728 -0.923713
    outer loop
      vertex 93.6086 26.3693 38.1031
      vertex 93.497 26.323 38.0531
      vertex 93.583 26.4211 38.1031
    endloop
  endfacet
  facet normal 0.171143 0.195239 -0.965708
    outer loop
      vertex 93.4273 26.4273 38.0531
      vertex 93.338 26.3379 38.0192
      vertex 93.3957 26.455 38.0531
    endloop
  endfacet
  facet normal 0.123761 0.0427814 -0.991389
    outer loop
      vertex 93.2632 26.2169 38.0021
      vertex 93.2604 26.225 38.0021
      vertex 93.3802 26.2747 38.0192
    endloop
  endfacet
  facet normal 0.232614 0.115287 -0.965712
    outer loop
      vertex 93.3802 26.2747 38.0192
      vertex 93.3689 26.2975 38.0192
      vertex 93.497 26.323 38.0531
    endloop
  endfacet
  facet normal 0.123048 0.362765 -0.923721
    outer loop
      vertex 93.323 26.497 38.0531
      vertex 93.2832 26.5105 38.0531
      vertex 93.3145 26.6272 38.1031
    endloop
  endfacet
  facet normal 0.169537 0.34363 -0.923675
    outer loop
      vertex 93.3607 26.4784 38.0531
      vertex 93.323 26.497 38.0531
      vertex 93.4211 26.583 38.1031
    endloop
  endfacet
  facet normal 0.0427814 0.123761 -0.991389
    outer loop
      vertex 93.225 26.2604 38.0021
      vertex 93.2169 26.2632 38.0021
      vertex 93.2747 26.3802 38.0192
    endloop
  endfacet
  facet normal -0.117387 0.0581789 -0.991381
    outer loop
      vertex 68.7434 26.2327 38.0021
      vertex 68.6198 26.2747 38.0192
      vertex 68.6311 26.2975 38.0192
    endloop
  endfacet
  facet normal 0.0330801 0.499647 -0.865597
    outer loop
      vertex 93.2725 26.7508 38.1685
      vertex 93.2 26.6423 38.1031
      vertex 93.2 26.7556 38.1685
    endloop
  endfacet
  facet normal 0.0403122 0.608883 -0.792235
    outer loop
      vertex 93.2725 26.7508 38.1685
      vertex 93.2 26.7556 38.1685
      vertex 93.2 26.8593 38.2482
    endloop
  endfacet
  facet normal 0.212695 0.318711 -0.92368
    outer loop
      vertex 93.4692 26.5509 38.1031
      vertex 93.3607 26.4784 38.0531
      vertex 93.4211 26.583 38.1031
    endloop
  endfacet
  facet normal 0.221864 0.448927 -0.865587
    outer loop
      vertex 93.4211 26.583 38.1031
      vertex 93.3693 26.6086 38.1031
      vertex 93.4126 26.7133 38.1685
    endloop
  endfacet
  facet normal 0.169728 0.343434 -0.923713
    outer loop
      vertex 93.4211 26.583 38.1031
      vertex 93.323 26.497 38.0531
      vertex 93.3693 26.6086 38.1031
    endloop
  endfacet
  facet normal 0.0977293 0.491241 -0.865524
    outer loop
      vertex 93.3145 26.6272 38.1031
      vertex 93.2577 26.6385 38.1031
      vertex 93.3438 26.7366 38.1685
    endloop
  endfacet
  facet normal 0.114891 0.23287 -0.965697
    outer loop
      vertex 93.3607 26.4784 38.0531
      vertex 93.2975 26.369 38.0192
      vertex 93.323 26.497 38.0531
    endloop
  endfacet
  facet normal 0.160932 0.474144 -0.865615
    outer loop
      vertex 93.3693 26.6086 38.1031
      vertex 93.3145 26.6272 38.1031
      vertex 93.4126 26.7133 38.1685
    endloop
  endfacet
  facet normal 0.588746 0.392977 -0.706362
    outer loop
      vertex 93.8511 26.5759 38.3407
      vertex 93.7231 26.6014 38.2482
      vertex 93.7965 26.6577 38.3407
    endloop
  endfacet
  facet normal 0.659825 0.441098 -0.608328
    outer loop
      vertex 93.9201 26.6157 38.4444
      vertex 93.8511 26.5759 38.3407
      vertex 93.8596 26.7062 38.4444
    endloop
  endfacet
  facet normal 0.849685 0.169618 -0.499264
    outer loop
      vertex 94.0244 26.3085 38.4444
      vertex 94.0031 26.4152 38.4444
      vertex 94.0663 26.4321 38.5577
    endloop
  endfacet
  facet normal 0.864683 0.056583 -0.49912
    outer loop
      vertex 94.0315 26.2 38.4444
      vertex 94.0244 26.3085 38.4444
      vertex 94.0969 26.2 38.5577
    endloop
  endfacet
  facet normal 0.659643 -0.751579 0
    outer loop
      vertex 93.8075 -13.5917 38.9346
      vertex 93.9056 -13.5056 39.4654
      vertex 93.8075 -13.5917 39.4654
    endloop
  endfacet
  facet normal 0.659643 -0.751579 0
    outer loop
      vertex 93.9056 -13.5056 39.4654
      vertex 93.8075 -13.5917 38.9346
      vertex 93.9056 -13.5056 38.9346
    endloop
  endfacet
  facet normal 0.824573 -0.550475 0.130602
    outer loop
      vertex 94.0642 -13.2989 39.4654
      vertex 93.9781 -13.3971 39.5951
      vertex 93.9917 -13.4075 39.4654
    endloop
  endfacet
  facet normal 0.831697 -0.55523 0
    outer loop
      vertex 93.9917 -13.4075 39.4654
      vertex 94.0642 -13.2989 38.9346
      vertex 94.0642 -13.2989 39.4654
    endloop
  endfacet
  facet normal 0.831697 -0.55523 0
    outer loop
      vertex 94.0642 -13.2989 38.9346
      vertex 93.9917 -13.4075 39.4654
      vertex 93.9917 -13.4075 38.9346
    endloop
  endfacet
  facet normal 0.828686 -0.408829 0.38228
    outer loop
      vertex 94.0286 -13.1432 39.8423
      vertex 93.9767 -13.2484 39.8423
      vertex 94.0749 -13.1624 39.7214
    endloop
  endfacet
  facet normal 0.938701 -0.319081 0.130489
    outer loop
      vertex 94.1474 -13.0538 39.5951
      vertex 94.1061 -13.1753 39.5951
      vertex 94.1639 -13.0583 39.4654
    endloop
  endfacet
  facet normal 0.778463 -0.155401 0.608149
    outer loop
      vertex 94.0244 -12.9085 39.9556
      vertex 93.9262 -12.9946 40.0593
      vertex 94.0031 -13.0152 39.9556
    endloop
  endfacet
  facet normal 0.608883 -0.0403122 0.792235
    outer loop
      vertex 93.7556 -12.8 40.2315
      vertex 93.7508 -12.8725 40.2315
      vertex 93.8593 -12.8 40.1518
    endloop
  endfacet
  facet normal 0.79288 -0 0.609378
    outer loop
      vertex 93.9518 -12.8 40.0593
      vertex 94.0315 26.2 39.9556
      vertex 93.9518 26.2 40.0593
    endloop
  endfacet
  facet normal 0.79288 0 0.609378
    outer loop
      vertex 94.0315 26.2 39.9556
      vertex 93.9518 -12.8 40.0593
      vertex 94.0315 -12.8 39.9556
    endloop
  endfacet
  facet normal 0.608589 -0.039583 0.792498
    outer loop
      vertex 93.8593 -12.8 40.1518
      vertex 93.7508 -12.8725 40.2315
      vertex 93.8537 -12.8861 40.1518
    endloop
  endfacet
  facet normal 0.778323 -0.154858 0.608467
    outer loop
      vertex 93.9454 -12.8981 40.0593
      vertex 93.9262 -12.9946 40.0593
      vertex 94.0244 -12.9085 39.9556
    endloop
  endfacet
  facet normal 0.598041 -0.1189 0.792597
    outer loop
      vertex 93.8537 -12.8861 40.1518
      vertex 93.7366 -12.9438 40.2315
      vertex 93.8369 -12.9706 40.1518
    endloop
  endfacet
  facet normal 0.694343 -0.138149 0.70626
    outer loop
      vertex 93.9454 -12.8981 40.0593
      vertex 93.8537 -12.8861 40.1518
      vertex 93.9262 -12.9946 40.0593
    endloop
  endfacet
  facet normal 0.491241 0.0977293 0.865524
    outer loop
      vertex 93.7366 26.3438 40.2315
      vertex 93.6272 26.3145 40.2969
      vertex 93.6385 26.2577 40.2969
    endloop
  endfacet
  facet normal 0.375717 0.0747465 0.923715
    outer loop
      vertex 93.6272 26.3145 40.2969
      vertex 93.5105 26.2832 40.3469
      vertex 93.6385 26.2577 40.2969
    endloop
  endfacet
  facet normal 0.117387 -0.0581789 0.991381
    outer loop
      vertex 93.3802 -12.8747 40.3808
      vertex 93.2566 -12.8327 40.3979
      vertex 93.3689 -12.8975 40.3808
    endloop
  endfacet
  facet normal 0.0865357 0.0983127 0.991386
    outer loop
      vertex 93.3188 26.3548 40.3808
      vertex 93.2398 26.2519 40.3979
      vertex 93.338 26.3379 40.3808
    endloop
  endfacet
  facet normal 0.0726493 0.108974 0.991386
    outer loop
      vertex 93.2975 26.369 40.3808
      vertex 93.2398 26.2519 40.3979
      vertex 93.3188 26.3548 40.3808
    endloop
  endfacet
  facet normal -0.0870445 0.0977342 0.991399
    outer loop
      vertex 68.7602 26.2519 40.3979
      vertex 68.662 26.3379 40.3808
      vertex 68.7538 26.2462 40.3979
    endloop
  endfacet
  facet normal -0.130607 0.00921932 0.991391
    outer loop
      vertex 68.7352 26.2085 40.3979
      vertex 68.6066 26.2255 40.3808
      vertex 68.7346 26.2 40.3979
    endloop
  endfacet
  facet normal 0.972497 -0.193263 0.129995
    outer loop
      vertex 94.1724 -12.928 39.5951
      vertex 94.1474 -13.0538 39.5951
      vertex 94.1893 -12.9302 39.4654
    endloop
  endfacet
  facet normal 0.989383 -0.0649283 0.130019
    outer loop
      vertex 94.1808 -12.8 39.5951
      vertex 94.1724 -12.928 39.5951
      vertex 94.1893 -12.9302 39.4654
    endloop
  endfacet
  facet normal 0.972526 -0.192835 0.130412
    outer loop
      vertex 94.1893 -12.9302 39.4654
      vertex 94.1474 -13.0538 39.5951
      vertex 94.1639 -13.0583 39.4654
    endloop
  endfacet
  facet normal 0.914807 -0.310959 0.257746
    outer loop
      vertex 94.1474 -13.0538 39.5951
      vertex 94.0749 -13.1624 39.7214
      vertex 94.1061 -13.1753 39.5951
    endloop
  endfacet
  facet normal 0.726567 -0.636819 -0.257996
    outer loop
      vertex 93.8935 -13.4935 38.8049
      vertex 93.8696 -13.4696 38.6786
      vertex 93.9512 -13.3765 38.6786
    endloop
  endfacet
  facet normal 0.864784 -0.0568645 -0.498915
    outer loop
      vertex 94.0892 -12.9171 38.5577
      vertex 94.0244 -12.9085 38.4444
      vertex 94.0969 -12.8 38.5577
    endloop
  endfacet
  facet normal 0.866541 -0.427421 -0.257718
    outer loop
      vertex 94.1061 -13.1753 38.8049
      vertex 94.0201 -13.2735 38.6786
      vertex 94.0749 -13.1624 38.6786
    endloop
  endfacet
  facet normal 0.651666 -0.571131 -0.499139
    outer loop
      vertex 93.9115 -13.346 38.5577
      vertex 93.8342 -13.4342 38.5577
      vertex 93.8596 -13.3062 38.4444
    endloop
  endfacet
  facet normal -0.169618 0.849685 0.499264
    outer loop
      vertex 68.6915 27.0244 39.9556
      vertex 68.5679 27.0663 39.8423
      vertex 68.5848 27.0031 39.9556
    endloop
  endfacet
  facet normal -0.0516632 0.7919 0.608461
    outer loop
      vertex 68.8 26.9518 40.0593
      vertex 68.6915 27.0244 39.9556
      vertex 68.7019 26.9454 40.0593
    endloop
  endfacet
  facet normal -0.507249 0.338446 0.792561
    outer loop
      vertex 68.3592 26.5382 40.2315
      vertex 68.229 26.5297 40.1518
      vertex 68.3189 26.4778 40.2315
    endloop
  endfacet
  facet normal -0.25475 0.751841 0.608143
    outer loop
      vertex 68.5848 27.0031 39.9556
      vertex 68.4818 26.9682 39.9556
      vertex 68.6054 26.9262 40.0593
    endloop
  endfacet
  facet normal 0 0.866071 0.499921
    outer loop
      vertex 93.2 27.0969 39.8423
      vertex 68.8 27.0315 39.9556
      vertex 93.2 27.0315 39.9556
    endloop
  endfacet
  facet normal 0 0.866071 0.499921
    outer loop
      vertex 68.8 27.0315 39.9556
      vertex 93.2 27.0969 39.8423
      vertex 68.8 27.0969 39.8423
    endloop
  endfacet
  facet normal 0 0.79288 0.609378
    outer loop
      vertex 93.2 27.0315 39.9556
      vertex 68.8 26.9518 40.0593
      vertex 93.2 26.9518 40.0593
    endloop
  endfacet
  facet normal 0 0.79288 0.609378
    outer loop
      vertex 68.8 26.9518 40.0593
      vertex 93.2 27.0315 39.9556
      vertex 68.8 27.0315 39.9556
    endloop
  endfacet
  facet normal -0.192835 0.972526 0.130412
    outer loop
      vertex 68.6698 27.1893 39.4654
      vertex 68.5417 27.1639 39.4654
      vertex 68.5462 27.1474 39.5951
    endloop
  endfacet
  facet normal -0.319081 0.938701 -0.130489
    outer loop
      vertex 68.5462 27.1474 38.8049
      vertex 68.4247 27.1061 38.8049
      vertex 68.5417 27.1639 38.9346
    endloop
  endfacet
  facet normal -0.297015 0.875288 0.381646
    outer loop
      vertex 68.5679 27.0663 39.8423
      vertex 68.4376 27.0748 39.7214
      vertex 68.4568 27.0286 39.8423
    endloop
  endfacet
  facet normal -0.297581 0.874843 0.382225
    outer loop
      vertex 68.5549 27.1147 39.7214
      vertex 68.4376 27.0748 39.7214
      vertex 68.5679 27.0663 39.8423
    endloop
  endfacet
  facet normal 0.0659086 0.997826 -0
    outer loop
      vertex 93.3302 27.1893 38.9346
      vertex 93.2 27.1979 39.4654
      vertex 93.3302 27.1893 39.4654
    endloop
  endfacet
  facet normal 0.0659086 0.997826 0
    outer loop
      vertex 93.2 27.1979 39.4654
      vertex 93.3302 27.1893 38.9346
      vertex 93.2 27.1979 38.9346
    endloop
  endfacet
  facet normal 0.0653456 0.989301 0.130432
    outer loop
      vertex 93.2 27.1979 39.4654
      vertex 93.2 27.1808 39.5951
      vertex 93.3302 27.1893 39.4654
    endloop
  endfacet
  facet normal -0.193263 0.972497 0.129995
    outer loop
      vertex 68.6698 27.1893 39.4654
      vertex 68.5462 27.1474 39.5951
      vertex 68.672 27.1724 39.5951
    endloop
  endfacet
  facet normal -0.188286 0.947453 0.258613
    outer loop
      vertex 68.672 27.1724 39.5951
      vertex 68.5462 27.1474 39.5951
      vertex 68.6764 27.1388 39.7214
    endloop
  endfacet
  facet normal -0.188286 0.947453 -0.258613
    outer loop
      vertex 68.6764 27.1388 38.6786
      vertex 68.5462 27.1474 38.8049
      vertex 68.672 27.1724 38.8049
    endloop
  endfacet
  facet normal -0.0653456 0.989301 -0.130432
    outer loop
      vertex 68.8 27.1808 38.8049
      vertex 68.6698 27.1893 38.9346
      vertex 68.8 27.1979 38.9346
    endloop
  endfacet
  facet normal 0 0.99142 -0.130712
    outer loop
      vertex 93.2 27.1808 38.8049
      vertex 68.8 27.1979 38.9346
      vertex 93.2 27.1979 38.9346
    endloop
  endfacet
  facet normal 0 0.99142 -0.130712
    outer loop
      vertex 68.8 27.1979 38.9346
      vertex 93.2 27.1808 38.8049
      vertex 68.8 27.1808 38.8049
    endloop
  endfacet
  facet normal -0.382229 0.0251728 0.923725
    outer loop
      vertex 68.3615 26.2577 40.2969
      vertex 68.3577 26.2 40.2969
      vertex 68.4813 26.242 40.3469
    endloop
  endfacet
  facet normal -0.212899 0.318439 0.923727
    outer loop
      vertex 68.6393 26.4784 40.3469
      vertex 68.5308 26.5509 40.2969
      vertex 68.6043 26.455 40.3469
    endloop
  endfacet
  facet normal -0.70636 0.0459421 0.70636
    outer loop
      vertex 68.1463 26.2861 40.1518
      vertex 68.0482 26.2 40.0593
      vertex 68.1407 26.2 40.1518
    endloop
  endfacet
  facet normal -0.577486 0.196034 0.792515
    outer loop
      vertex 68.1908 26.4523 40.1518
      vertex 68.1631 26.3707 40.1518
      vertex 68.2867 26.4126 40.2315
    endloop
  endfacet
  facet normal -0 0.609378 0.79288
    outer loop
      vertex 68.8 26.8593 40.1518
      vertex 93.2 26.7556 40.2315
      vertex 93.2 26.8593 40.1518
    endloop
  endfacet
  facet normal 0 0.609378 0.79288
    outer loop
      vertex 93.2 26.7556 40.2315
      vertex 68.8 26.8593 40.1518
      vertex 68.8 26.7556 40.2315
    endloop
  endfacet
  facet normal -0.438511 0.889181 -0.130634
    outer loop
      vertex 68.4247 27.1061 38.8049
      vertex 68.3011 27.0642 38.9346
      vertex 68.4181 27.1219 38.9346
    endloop
  endfacet
  facet normal -0.192835 0.972526 -0.130412
    outer loop
      vertex 68.5462 27.1474 38.8049
      vertex 68.5417 27.1639 38.9346
      vertex 68.6698 27.1893 38.9346
    endloop
  endfacet
  facet normal -0.571402 0.651096 -0.499573
    outer loop
      vertex 68.2121 26.7879 38.4444
      vertex 68.1658 26.8342 38.5577
      vertex 68.2938 26.8596 38.4444
    endloop
  endfacet
  facet normal -0.651096 0.571402 -0.499573
    outer loop
      vertex 68.2121 26.7879 38.4444
      vertex 68.1404 26.7062 38.4444
      vertex 68.1658 26.8342 38.5577
    endloop
  endfacet
  facet normal -0.938721 0.318983 -0.130587
    outer loop
      vertex 67.8939 26.5753 38.8049
      vertex 67.8361 26.4583 38.9346
      vertex 67.8781 26.5819 38.9346
    endloop
  endfacet
  facet normal -0.938701 0.319081 -0.130489
    outer loop
      vertex 67.8526 26.4538 38.8049
      vertex 67.8361 26.4583 38.9346
      vertex 67.8939 26.5753 38.8049
    endloop
  endfacet
  facet normal -0.938721 0.318983 0.130587
    outer loop
      vertex 67.8781 26.5819 39.4654
      vertex 67.8361 26.4583 39.4654
      vertex 67.8939 26.5753 39.5951
    endloop
  endfacet
  facet normal -0.947606 0.187961 0.25829
    outer loop
      vertex 67.8853 26.4451 39.7214
      vertex 67.8526 26.4538 39.5951
      vertex 67.8612 26.3236 39.7214
    endloop
  endfacet
  facet normal -0.711762 0.351039 0.608413
    outer loop
      vertex 68.1489 26.5759 40.0593
      vertex 68.0318 26.5182 39.9556
      vertex 68.1054 26.4877 40.0593
    endloop
  endfacet
  facet normal -0.608589 0.039583 0.792498
    outer loop
      vertex 68.1463 26.2861 40.1518
      vertex 68.1407 26.2 40.1518
      vertex 68.2492 26.2725 40.2315
    endloop
  endfacet
  facet normal -0.651666 0.571131 0.499139
    outer loop
      vertex 68.1658 26.8342 39.8423
      vertex 68.0885 26.746 39.8423
      vertex 68.1404 26.7062 39.9556
    endloop
  endfacet
  facet normal -0.777208 0.383433 0.498925
    outer loop
      vertex 68.0233 26.6484 39.8423
      vertex 67.9714 26.5432 39.8423
      vertex 68.0799 26.6157 39.9556
    endloop
  endfacet
  facet normal -0.571131 0.651666 0.499139
    outer loop
      vertex 68.254 26.9115 39.8423
      vertex 68.1658 26.8342 39.8423
      vertex 68.2938 26.8596 39.9556
    endloop
  endfacet
  facet normal -0.48134 0.720533 0.499144
    outer loop
      vertex 68.3516 26.9767 39.8423
      vertex 68.254 26.9115 39.8423
      vertex 68.2938 26.8596 39.9556
    endloop
  endfacet
  facet normal -0.695032 0.609179 0.381878
    outer loop
      vertex 68.1304 26.8696 39.7214
      vertex 68.0488 26.7765 39.7214
      vertex 68.1658 26.8342 39.8423
    endloop
  endfacet
  facet normal -0.609156 0.695053 0.381878
    outer loop
      vertex 68.254 26.9115 39.8423
      vertex 68.1304 26.8696 39.7214
      vertex 68.1658 26.8342 39.8423
    endloop
  endfacet
  facet normal 0.598002 0.118752 0.792648
    outer loop
      vertex 93.8369 26.3707 40.1518
      vertex 93.7366 26.3438 40.2315
      vertex 93.8537 26.2861 40.1518
    endloop
  endfacet
  facet normal 0.598096 0.119116 0.792523
    outer loop
      vertex 93.8537 26.2861 40.1518
      vertex 93.7366 26.3438 40.2315
      vertex 93.7508 26.2725 40.2315
    endloop
  endfacet
  facet normal 0.938701 0.319081 -0.130489
    outer loop
      vertex 94.1474 26.4538 38.8049
      vertex 94.1061 26.5753 38.8049
      vertex 94.1639 26.4583 38.9346
    endloop
  endfacet
  facet normal 0.192835 0.972526 -0.130412
    outer loop
      vertex 93.4538 27.1474 38.8049
      vertex 93.3302 27.1893 38.9346
      vertex 93.4583 27.1639 38.9346
    endloop
  endfacet
  facet normal 0.194496 0.980903 -0
    outer loop
      vertex 93.4583 27.1639 38.9346
      vertex 93.3302 27.1893 39.4654
      vertex 93.4583 27.1639 39.4654
    endloop
  endfacet
  facet normal 0.194496 0.980903 0
    outer loop
      vertex 93.3302 27.1893 39.4654
      vertex 93.4583 27.1639 38.9346
      vertex 93.3302 27.1893 38.9346
    endloop
  endfacet
  facet normal -0.0427814 0.123761 0.991389
    outer loop
      vertex 68.7831 26.2632 40.3979
      vertex 68.7253 26.3802 40.3808
      vertex 68.775 26.2604 40.3979
    endloop
  endfacet
  facet normal -0.0257012 0.128506 0.991376
    outer loop
      vertex 68.7745 26.3934 40.3808
      vertex 68.7495 26.3884 40.3808
      vertex 68.7831 26.2632 40.3979
    endloop
  endfacet
  facet normal -0.171631 0.194989 0.965672
    outer loop
      vertex 68.6812 26.3548 40.3808
      vertex 68.6043 26.455 40.3469
      vertex 68.662 26.3379 40.3808
    endloop
  endfacet
  facet normal -0.144086 0.216129 0.965675
    outer loop
      vertex 68.7025 26.369 40.3808
      vertex 68.6043 26.455 40.3469
      vertex 68.6812 26.3548 40.3808
    endloop
  endfacet
  facet normal -0.0251728 0.382229 0.923725
    outer loop
      vertex 68.8 26.6423 40.2969
      vertex 68.7423 26.6385 40.2969
      vertex 68.758 26.5187 40.3469
    endloop
  endfacet
  facet normal -0.0747484 0.375726 0.923711
    outer loop
      vertex 68.7423 26.6385 40.2969
      vertex 68.6855 26.6272 40.2969
      vertex 68.758 26.5187 40.3469
    endloop
  endfacet
  facet normal -0.00921932 0.130607 0.991391
    outer loop
      vertex 68.8 26.2654 40.3979
      vertex 68.7745 26.3934 40.3808
      vertex 68.7915 26.2648 40.3979
    endloop
  endfacet
  facet normal -0.072264 0.109165 0.991393
    outer loop
      vertex 68.7673 26.2566 40.3979
      vertex 68.7025 26.369 40.3808
      vertex 68.7602 26.2519 40.3979
    endloop
  endfacet
  facet normal -0.259003 -0.0172669 0.965722
    outer loop
      vertex 68.6049 -12.8 40.3808
      vertex 68.4813 -12.842 40.3469
      vertex 68.6066 -12.8255 40.3808
    endloop
  endfacet
  facet normal -0.254603 -0.0506733 0.965717
    outer loop
      vertex 68.6066 -12.8255 40.3808
      vertex 68.4813 -12.842 40.3469
      vertex 68.4895 -12.8832 40.3469
    endloop
  endfacet
  facet normal 0.0579672 0.11746 0.991384
    outer loop
      vertex 93.2747 26.3802 40.3808
      vertex 93.225 26.2604 40.3979
      vertex 93.2327 26.2566 40.3979
    endloop
  endfacet
  facet normal -0.0577381 0.117538 0.991388
    outer loop
      vertex 68.7253 26.3802 40.3808
      vertex 68.7025 26.369 40.3808
      vertex 68.7673 26.2566 40.3979
    endloop
  endfacet
  facet normal -0.124117 0.0420562 0.991376
    outer loop
      vertex 68.6198 26.2747 40.3808
      vertex 68.6116 26.2505 40.3808
      vertex 68.7368 26.2169 40.3979
    endloop
  endfacet
  facet normal -0.130707 0.00871377 0.991383
    outer loop
      vertex 68.6066 26.2255 40.3808
      vertex 68.6049 26.2 40.3808
      vertex 68.7346 26.2 40.3979
    endloop
  endfacet
  facet normal -0.109234 0.0723098 0.991382
    outer loop
      vertex 68.6452 26.3188 40.3808
      vertex 68.6311 26.2975 40.3808
      vertex 68.7434 26.2327 40.3979
    endloop
  endfacet
  facet normal -0.343434 0.169728 0.923713
    outer loop
      vertex 68.417 26.4211 40.2969
      vertex 68.3914 26.3693 40.2969
      vertex 68.503 26.323 40.3469
    endloop
  endfacet
  facet normal -0.972526 0.192835 0.130412
    outer loop
      vertex 67.8361 26.4583 39.4654
      vertex 67.8107 26.3302 39.4654
      vertex 67.8526 26.4538 39.5951
    endloop
  endfacet
  facet normal -0.963902 0.0632561 0.258634
    outer loop
      vertex 67.8276 26.328 39.5951
      vertex 67.8192 26.2 39.5951
      vertex 67.8612 26.3236 39.7214
    endloop
  endfacet
  facet normal -0.84994 0.169249 0.498956
    outer loop
      vertex 67.9337 26.4321 39.8423
      vertex 67.9108 26.3171 39.8423
      vertex 67.9756 26.3085 39.9556
    endloop
  endfacet
  facet normal -0.711761 0.351136 0.608358
    outer loop
      vertex 68.0799 26.6157 39.9556
      vertex 68.0318 26.5182 39.9556
      vertex 68.1489 26.5759 40.0593
    endloop
  endfacet
  facet normal -0.820802 0.278116 0.498935
    outer loop
      vertex 68.0318 26.5182 39.9556
      vertex 67.9714 26.5432 39.8423
      vertex 67.9969 26.4152 39.9556
    endloop
  endfacet
  facet normal -0.720477 0.481645 0.49893
    outer loop
      vertex 68.1404 26.7062 39.9556
      vertex 68.0233 26.6484 39.8423
      vertex 68.0799 26.6157 39.9556
    endloop
  endfacet
  facet normal -0.751517 0.25508 -0.608405
    outer loop
      vertex 68.0738 26.3946 38.3407
      vertex 68.0318 26.5182 38.4444
      vertex 68.1054 26.4877 38.3407
    endloop
  endfacet
  facet normal -0.711762 0.351039 -0.608413
    outer loop
      vertex 68.1054 26.4877 38.3407
      vertex 68.0318 26.5182 38.4444
      vertex 68.1489 26.5759 38.3407
    endloop
  endfacet
  facet normal -0.7919 0.0516632 -0.608461
    outer loop
      vertex 68.0482 26.2 38.3407
      vertex 67.9756 26.3085 38.4444
      vertex 68.0546 26.2981 38.3407
    endloop
  endfacet
  facet normal -0.778323 0.154858 -0.608467
    outer loop
      vertex 68.0546 26.2981 38.3407
      vertex 67.9756 26.3085 38.4444
      vertex 68.0738 26.3946 38.3407
    endloop
  endfacet
  facet normal -0.778323 -0.154858 0.608467
    outer loop
      vertex 68.0546 -12.8981 40.0593
      vertex 67.9756 -12.9085 39.9556
      vertex 68.0738 -12.9946 40.0593
    endloop
  endfacet
  facet normal -0.706421 -0.0460866 0.70629
    outer loop
      vertex 68.1463 -12.8861 40.1518
      vertex 68.0482 -12.8 40.0593
      vertex 68.0546 -12.8981 40.0593
    endloop
  endfacet
  facet normal -0.598041 -0.1189 0.792597
    outer loop
      vertex 68.2634 -12.9438 40.2315
      vertex 68.1463 -12.8861 40.1518
      vertex 68.1631 -12.9706 40.1518
    endloop
  endfacet
  facet normal -0.577568 -0.195822 0.792508
    outer loop
      vertex 68.2867 -13.0126 40.2315
      vertex 68.1631 -12.9706 40.1518
      vertex 68.1908 -13.0523 40.1518
    endloop
  endfacet
  facet normal -0.660364 -0.440781 0.607973
    outer loop
      vertex 68.1489 -13.1759 40.0593
      vertex 68.1404 -13.3062 39.9556
      vertex 68.2035 -13.2577 40.0593
    endloop
  endfacet
  facet normal -0.448935 -0.221713 0.865622
    outer loop
      vertex 68.417 -13.0211 40.2969
      vertex 68.2867 -13.0126 40.2315
      vertex 68.3189 -13.0778 40.2315
    endloop
  endfacet
  facet normal -0.989383 -0.0649283 0.130019
    outer loop
      vertex 67.8192 -12.8 39.5951
      vertex 67.8107 -12.9302 39.4654
      vertex 67.8276 -12.928 39.5951
    endloop
  endfacet
  facet normal -0.914853 -0.31041 0.258244
    outer loop
      vertex 67.8853 -13.0451 39.7214
      vertex 67.8526 -13.0538 39.5951
      vertex 67.9251 -13.1624 39.7214
    endloop
  endfacet
  facet normal -0.824376 -0.550872 0.130171
    outer loop
      vertex 67.9506 -13.2904 39.5951
      vertex 67.9358 -13.2989 39.4654
      vertex 68.0219 -13.3971 39.5951
    endloop
  endfacet
  facet normal -0.803264 -0.536764 0.258171
    outer loop
      vertex 67.9799 -13.2735 39.7214
      vertex 67.9506 -13.2904 39.5951
      vertex 68.0219 -13.3971 39.5951
    endloop
  endfacet
  facet normal -0.866649 -0.426924 0.258178
    outer loop
      vertex 67.9799 -13.2735 39.7214
      vertex 67.8939 -13.1753 39.5951
      vertex 67.9506 -13.2904 39.5951
    endloop
  endfacet
  facet normal -0.866541 -0.427421 0.257718
    outer loop
      vertex 67.9251 -13.1624 39.7214
      vertex 67.8939 -13.1753 39.5951
      vertex 67.9799 -13.2735 39.7214
    endloop
  endfacet
  facet normal 0.119116 -0.598096 0.792523
    outer loop
      vertex 93.3438 -13.3366 40.2315
      vertex 93.2725 -13.3508 40.2315
      vertex 93.2861 -13.4537 40.1518
    endloop
  endfacet
  facet normal 0.0579672 -0.11746 0.991384
    outer loop
      vertex 93.2327 -12.8566 40.3979
      vertex 93.225 -12.8604 40.3979
      vertex 93.2747 -12.9802 40.3808
    endloop
  endfacet
  facet normal -0.48134 -0.720533 0.499144
    outer loop
      vertex 68.2938 -13.4596 39.9556
      vertex 68.254 -13.5115 39.8423
      vertex 68.3516 -13.5767 39.8423
    endloop
  endfacet
  facet normal -0.481645 -0.720477 0.49893
    outer loop
      vertex 68.3843 -13.5201 39.9556
      vertex 68.2938 -13.4596 39.9556
      vertex 68.3516 -13.5767 39.8423
    endloop
  endfacet
  facet normal -0.989383 -0.0649283 -0.130019
    outer loop
      vertex 67.8276 -12.928 38.8049
      vertex 67.8107 -12.9302 38.9346
      vertex 67.8192 -12.8 38.8049
    endloop
  endfacet
  facet normal -0.914853 -0.31041 -0.258244
    outer loop
      vertex 67.9251 -13.1624 38.6786
      vertex 67.8526 -13.0538 38.8049
      vertex 67.8853 -13.0451 38.6786
    endloop
  endfacet
  facet normal -0.906279 -0.180468 -0.382217
    outer loop
      vertex 67.9337 -13.0321 38.5577
      vertex 67.8853 -13.0451 38.6786
      vertex 67.9108 -12.9171 38.5577
    endloop
  endfacet
  facet normal -0.84994 -0.169249 -0.498956
    outer loop
      vertex 67.9337 -13.0321 38.5577
      vertex 67.9108 -12.9171 38.5577
      vertex 67.9756 -12.9085 38.4444
    endloop
  endfacet
  facet normal -0.609156 -0.695053 0.381878
    outer loop
      vertex 68.1658 -13.4342 39.8423
      vertex 68.1304 -13.4696 39.7214
      vertex 68.254 -13.5115 39.8423
    endloop
  endfacet
  facet normal -0.571131 -0.651666 0.499139
    outer loop
      vertex 68.2938 -13.4596 39.9556
      vertex 68.1658 -13.4342 39.8423
      vertex 68.254 -13.5115 39.8423
    endloop
  endfacet
  facet normal 0.109234 -0.0723098 -0.991382
    outer loop
      vertex 93.3548 -12.9188 38.0192
      vertex 93.2566 -12.8327 38.0021
      vertex 93.3689 -12.8975 38.0192
    endloop
  endfacet
  facet normal -0.123761 -0.0427814 -0.991389
    outer loop
      vertex 68.7396 -12.825 38.0021
      vertex 68.6198 -12.8747 38.0192
      vertex 68.7368 -12.8169 38.0021
    endloop
  endfacet
  facet normal -0.376096 -0.330634 -0.865582
    outer loop
      vertex 68.4072 -13.1928 38.1685
      vertex 68.3592 -13.1382 38.1685
      vertex 68.4873 -13.1127 38.1031
    endloop
  endfacet
  facet normal -0.330634 -0.376096 -0.865582
    outer loop
      vertex 68.4618 -13.2408 38.1685
      vertex 68.4072 -13.1928 38.1685
      vertex 68.4873 -13.1127 38.1031
    endloop
  endfacet
  facet normal -0.416435 -0.277912 -0.865648
    outer loop
      vertex 68.4491 -13.0692 38.1031
      vertex 68.3592 -13.1382 38.1685
      vertex 68.417 -13.0211 38.1031
    endloop
  endfacet
  facet normal -0.546751 -0.270021 -0.79256
    outer loop
      vertex 68.3189 -13.0778 38.1685
      vertex 68.229 -13.1297 38.2482
      vertex 68.2867 -13.0126 38.1685
    endloop
  endfacet
  facet normal 0 -0.609378 -0.79288
    outer loop
      vertex 68.8 -13.4593 38.2482
      vertex 93.2 -13.3556 38.1685
      vertex 93.2 -13.4593 38.2482
    endloop
  endfacet
  facet normal -0 -0.609378 -0.79288
    outer loop
      vertex 93.2 -13.3556 38.1685
      vertex 68.8 -13.4593 38.2482
      vertex 68.8 -13.3556 38.1685
    endloop
  endfacet
  facet normal -0.195553 -0.577427 -0.792677
    outer loop
      vertex 68.6293 -13.4369 38.2482
      vertex 68.5874 -13.3133 38.1685
      vertex 68.6562 -13.3366 38.1685
    endloop
  endfacet
  facet normal -0.313195 -0.63503 -0.706148
    outer loop
      vertex 68.5123 -13.4946 38.3407
      vertex 68.4241 -13.4511 38.3407
      vertex 68.5477 -13.4092 38.2482
    endloop
  endfacet
  facet normal -0.160932 -0.474144 -0.865615
    outer loop
      vertex 68.6855 -13.2272 38.1031
      vertex 68.5874 -13.3133 38.1685
      vertex 68.6307 -13.2086 38.1031
    endloop
  endfacet
  facet normal -0.039583 -0.608589 -0.792498
    outer loop
      vertex 68.8 -13.4593 38.2482
      vertex 68.7139 -13.4537 38.2482
      vertex 68.7275 -13.3508 38.1685
    endloop
  endfacet
  facet normal -0.277872 -0.416464 -0.865647
    outer loop
      vertex 68.5222 -13.2811 38.1685
      vertex 68.4618 -13.2408 38.1685
      vertex 68.5308 -13.1509 38.1031
    endloop
  endfacet
  facet normal -0.212695 -0.318711 -0.92368
    outer loop
      vertex 68.5789 -13.183 38.1031
      vertex 68.5308 -13.1509 38.1031
      vertex 68.6393 -13.0784 38.0531
    endloop
  endfacet
  facet normal -0.050914 -0.25457 -0.965713
    outer loop
      vertex 68.758 -13.1187 38.0531
      vertex 68.7495 -12.9884 38.0192
      vertex 68.7745 -12.9934 38.0192
    endloop
  endfacet
  facet normal -0.123129 -0.362766 -0.92371
    outer loop
      vertex 68.6855 -13.2272 38.1031
      vertex 68.6307 -13.2086 38.1031
      vertex 68.677 -13.097 38.0531
    endloop
  endfacet
  facet normal -0.0977293 -0.491241 -0.865524
    outer loop
      vertex 68.7423 -13.2385 38.1031
      vertex 68.6562 -13.3366 38.1685
      vertex 68.6855 -13.2272 38.1031
    endloop
  endfacet
  facet normal -0.0251728 -0.382229 -0.923725
    outer loop
      vertex 68.8 -13.2423 38.1031
      vertex 68.7423 -13.2385 38.1031
      vertex 68.758 -13.1187 38.0531
    endloop
  endfacet
  facet normal -0.866649 -0.426924 -0.258178
    outer loop
      vertex 67.9506 -13.2904 38.8049
      vertex 67.8939 -13.1753 38.8049
      vertex 67.9799 -13.2735 38.6786
    endloop
  endfacet
  facet normal -0.866541 -0.427421 -0.257718
    outer loop
      vertex 67.9799 -13.2735 38.6786
      vertex 67.8939 -13.1753 38.8049
      vertex 67.9251 -13.1624 38.6786
    endloop
  endfacet
  facet normal -0.571131 -0.651666 -0.499139
    outer loop
      vertex 68.254 -13.5115 38.5577
      vertex 68.1658 -13.4342 38.5577
      vertex 68.2938 -13.4596 38.4444
    endloop
  endfacet
  facet normal -0.651096 -0.571402 -0.499573
    outer loop
      vertex 68.1658 -13.4342 38.5577
      vertex 68.1404 -13.3062 38.4444
      vertex 68.2121 -13.3879 38.4444
    endloop
  endfacet
  facet normal -0.726051 -0.637177 -0.258564
    outer loop
      vertex 68.1065 -13.4935 38.8049
      vertex 68.0219 -13.3971 38.8049
      vertex 68.0488 -13.3765 38.6786
    endloop
  endfacet
  facet normal -0.609156 -0.695053 -0.381878
    outer loop
      vertex 68.254 -13.5115 38.5577
      vertex 68.1304 -13.4696 38.6786
      vertex 68.1658 -13.4342 38.5577
    endloop
  endfacet
  facet normal -0.383433 -0.777208 -0.498925
    outer loop
      vertex 68.4568 -13.6286 38.5577
      vertex 68.3516 -13.5767 38.5577
      vertex 68.3843 -13.5201 38.4444
    endloop
  endfacet
  facet normal -0.441242 -0.660039 -0.607991
    outer loop
      vertex 68.3843 -13.5201 38.4444
      vertex 68.2938 -13.4596 38.4444
      vertex 68.3423 -13.3965 38.3407
    endloop
  endfacet
  facet normal -0.188286 -0.947453 -0.258613
    outer loop
      vertex 68.672 -13.7724 38.8049
      vertex 68.5462 -13.7474 38.8049
      vertex 68.6764 -13.7388 38.6786
    endloop
  endfacet
  facet normal -0.426716 -0.866694 -0.25837
    outer loop
      vertex 68.4247 -13.7061 38.8049
      vertex 68.3265 -13.6201 38.6786
      vertex 68.4376 -13.6748 38.6786
    endloop
  endfacet
  facet normal -0.169249 -0.84994 -0.498956
    outer loop
      vertex 68.6829 -13.6892 38.5577
      vertex 68.5679 -13.6663 38.5577
      vertex 68.6915 -13.6244 38.4444
    endloop
  endfacet
  facet normal -0.0604486 -0.922401 -0.381473
    outer loop
      vertex 68.8 -13.7469 38.6786
      vertex 68.6764 -13.7388 38.6786
      vertex 68.8 -13.6969 38.5577
    endloop
  endfacet
  facet normal -0.193263 -0.972497 -0.129995
    outer loop
      vertex 68.6698 -13.7893 38.9346
      vertex 68.5462 -13.7474 38.8049
      vertex 68.672 -13.7724 38.8049
    endloop
  endfacet
  facet normal -0.192835 -0.972526 -0.130412
    outer loop
      vertex 68.6698 -13.7893 38.9346
      vertex 68.5417 -13.7639 38.9346
      vertex 68.5462 -13.7474 38.8049
    endloop
  endfacet
  facet normal -0.118752 -0.598002 -0.792648
    outer loop
      vertex 68.7139 -13.4537 38.2482
      vertex 68.6293 -13.4369 38.2482
      vertex 68.6562 -13.3366 38.1685
    endloop
  endfacet
  facet normal -0.137919 -0.694521 -0.70613
    outer loop
      vertex 68.7139 -13.4537 38.2482
      vertex 68.6054 -13.5262 38.3407
      vertex 68.6293 -13.4369 38.2482
    endloop
  endfacet
  facet normal -0.278116 -0.820802 -0.498935
    outer loop
      vertex 68.5848 -13.6031 38.4444
      vertex 68.4568 -13.6286 38.5577
      vertex 68.4818 -13.5682 38.4444
    endloop
  endfacet
  facet normal -0.25475 -0.751841 -0.608143
    outer loop
      vertex 68.5848 -13.6031 38.4444
      vertex 68.4818 -13.5682 38.4444
      vertex 68.6054 -13.5262 38.3407
    endloop
  endfacet
  facet normal 0.154858 -0.778323 -0.608467
    outer loop
      vertex 93.3085 -13.6244 38.4444
      vertex 93.2981 -13.5454 38.3407
      vertex 93.3946 -13.5262 38.3407
    endloop
  endfacet
  facet normal 0.0516632 -0.7919 -0.608461
    outer loop
      vertex 93.3085 -13.6244 38.4444
      vertex 93.2 -13.5518 38.3407
      vertex 93.2981 -13.5454 38.3407
    endloop
  endfacet
  facet normal 0 -0.259233 -0.965815
    outer loop
      vertex 68.8 -13.1214 38.0531
      vertex 93.2 -12.9951 38.0192
      vertex 93.2 -13.1214 38.0531
    endloop
  endfacet
  facet normal -0 -0.259233 -0.965815
    outer loop
      vertex 93.2 -12.9951 38.0192
      vertex 68.8 -13.1214 38.0531
      vertex 68.8 -12.9951 38.0192
    endloop
  endfacet
  facet normal -0.448927 -0.221864 -0.865587
    outer loop
      vertex 68.417 -13.0211 38.1031
      vertex 68.2867 -13.0126 38.1685
      vertex 68.3914 -12.9693 38.1031
    endloop
  endfacet
  facet normal -0.128506 -0.0257012 -0.991376
    outer loop
      vertex 68.6116 -12.8505 38.0192
      vertex 68.6066 -12.8255 38.0192
      vertex 68.7368 -12.8169 38.0021
    endloop
  endfacet
  facet normal -0.252516 -0.288069 -0.923716
    outer loop
      vertex 68.6043 -13.055 38.0531
      vertex 68.5308 -13.1509 38.1031
      vertex 68.5727 -13.0273 38.0531
    endloop
  endfacet
  facet normal -0.0865357 -0.0983127 -0.991386
    outer loop
      vertex 68.6812 -12.9548 38.0192
      vertex 68.662 -12.9379 38.0192
      vertex 68.7602 -12.8519 38.0021
    endloop
  endfacet
  facet normal -0.34363 -0.169537 -0.923675
    outer loop
      vertex 68.5216 -12.9607 38.0531
      vertex 68.417 -13.0211 38.1031
      vertex 68.503 -12.923 38.0531
    endloop
  endfacet
  facet normal -0.362794 -0.123058 -0.923708
    outer loop
      vertex 68.503 -12.923 38.0531
      vertex 68.3914 -12.9693 38.1031
      vertex 68.4895 -12.8832 38.0531
    endloop
  endfacet
  facet normal -0.362744 -0.123121 -0.923719
    outer loop
      vertex 68.3914 -12.9693 38.1031
      vertex 68.3728 -12.9145 38.1031
      vertex 68.4895 -12.8832 38.0531
    endloop
  endfacet
  facet normal -0.474144 -0.160932 -0.865615
    outer loop
      vertex 68.3914 -12.9693 38.1031
      vertex 68.2867 -13.0126 38.1685
      vertex 68.3728 -12.9145 38.1031
    endloop
  endfacet
  facet normal 0.11444 -0.232968 -0.965727
    outer loop
      vertex 93.323 -13.097 38.0531
      vertex 93.2747 -12.9802 38.0192
      vertex 93.2975 -12.969 38.0192
    endloop
  endfacet
  facet normal 0.232614 -0.115287 -0.965712
    outer loop
      vertex 93.497 -12.923 38.0531
      vertex 93.3689 -12.8975 38.0192
      vertex 93.3802 -12.8747 38.0192
    endloop
  endfacet
  facet normal 0.050914 -0.25457 -0.965713
    outer loop
      vertex 93.242 -13.1187 38.0531
      vertex 93.2255 -12.9934 38.0192
      vertex 93.2505 -12.9884 38.0192
    endloop
  endfacet
  facet normal -0.024493 0.128589 -0.991396
    outer loop
      vertex 68.7831 26.2632 38.0021
      vertex 68.7745 26.3934 38.0192
      vertex 68.7915 26.2648 38.0021
    endloop
  endfacet
  facet normal 0.0420562 0.124117 -0.991376
    outer loop
      vertex 93.2747 26.3802 38.0192
      vertex 93.2169 26.2632 38.0021
      vertex 93.2505 26.3884 38.0192
    endloop
  endfacet
  facet normal 0.128506 -0.0257012 -0.991376
    outer loop
      vertex 93.3884 -12.8505 38.0192
      vertex 93.2632 -12.8169 38.0021
      vertex 93.3934 -12.8255 38.0192
    endloop
  endfacet
  facet normal -0.124117 0.0420562 -0.991376
    outer loop
      vertex 68.7368 26.2169 38.0021
      vertex 68.6116 26.2505 38.0192
      vertex 68.6198 26.2747 38.0192
    endloop
  endfacet
  facet normal -0.128506 0.0257012 -0.991376
    outer loop
      vertex 68.7368 26.2169 38.0021
      vertex 68.6066 26.2255 38.0192
      vertex 68.6116 26.2505 38.0192
    endloop
  endfacet
  facet normal -0.474391 0.160659 -0.86553
    outer loop
      vertex 68.3728 26.3145 38.1031
      vertex 68.2634 26.3438 38.1685
      vertex 68.2867 26.4126 38.1685
    endloop
  endfacet
  facet normal -0.474144 0.160932 -0.865615
    outer loop
      vertex 68.3728 26.3145 38.1031
      vertex 68.2867 26.4126 38.1685
      vertex 68.3914 26.3693 38.1031
    endloop
  endfacet
  facet normal -0.215922 0.144359 -0.96568
    outer loop
      vertex 68.6452 26.3188 38.0192
      vertex 68.5216 26.3607 38.0531
      vertex 68.545 26.3957 38.0531
    endloop
  endfacet
  facet normal -0.318439 0.212899 -0.923727
    outer loop
      vertex 68.5216 26.3607 38.0531
      vertex 68.4491 26.4692 38.1031
      vertex 68.545 26.3957 38.0531
    endloop
  endfacet
  facet normal -0.050914 0.25457 -0.965713
    outer loop
      vertex 68.7745 26.3934 38.0192
      vertex 68.7495 26.3884 38.0192
      vertex 68.758 26.5187 38.0531
    endloop
  endfacet
  facet normal -0.232614 0.115287 -0.965712
    outer loop
      vertex 68.6198 26.2747 38.0192
      vertex 68.503 26.323 38.0531
      vertex 68.6311 26.2975 38.0192
    endloop
  endfacet
  facet normal -0.232716 0.114815 -0.965744
    outer loop
      vertex 68.6311 26.2975 38.0192
      vertex 68.503 26.323 38.0531
      vertex 68.5216 26.3607 38.0531
    endloop
  endfacet
  facet normal 0.362794 0.123058 -0.923708
    outer loop
      vertex 93.5105 26.2832 38.0531
      vertex 93.497 26.323 38.0531
      vertex 93.6086 26.3693 38.1031
    endloop
  endfacet
  facet normal 0.382229 0.0251728 -0.923725
    outer loop
      vertex 93.6423 26.2 38.1031
      vertex 93.5187 26.242 38.0531
      vertex 93.6385 26.2577 38.1031
    endloop
  endfacet
  facet normal 0.160932 -0.474144 -0.865615
    outer loop
      vertex 93.4126 -13.3133 38.1685
      vertex 93.3145 -13.2272 38.1031
      vertex 93.3693 -13.2086 38.1031
    endloop
  endfacet
  facet normal 0.118752 -0.598002 -0.792648
    outer loop
      vertex 93.3707 -13.4369 38.2482
      vertex 93.2861 -13.4537 38.2482
      vertex 93.3438 -13.3366 38.1685
    endloop
  endfacet
  facet normal 0.072264 -0.109165 -0.991393
    outer loop
      vertex 93.2975 -12.969 38.0192
      vertex 93.2327 -12.8566 38.0021
      vertex 93.2398 -12.8519 38.0021
    endloop
  endfacet
  facet normal 0.212899 -0.318439 -0.923727
    outer loop
      vertex 93.4692 -13.1509 38.1031
      vertex 93.3607 -13.0784 38.0531
      vertex 93.3957 -13.055 38.0531
    endloop
  endfacet
  facet normal 0.0978451 -0.0871433 -0.991379
    outer loop
      vertex 93.3548 -12.9188 38.0192
      vertex 93.2462 -12.8462 38.0021
      vertex 93.2519 -12.8398 38.0021
    endloop
  endfacet
  facet normal 0.232716 -0.114815 -0.965744
    outer loop
      vertex 93.4784 -12.9607 38.0531
      vertex 93.3689 -12.8975 38.0192
      vertex 93.497 -12.923 38.0531
    endloop
  endfacet
  facet normal 0.195553 -0.577427 -0.792677
    outer loop
      vertex 93.3707 -13.4369 38.2482
      vertex 93.3438 -13.3366 38.1685
      vertex 93.4126 -13.3133 38.1685
    endloop
  endfacet
  facet normal 0.216334 -0.143207 -0.965759
    outer loop
      vertex 93.4784 -12.9607 38.0531
      vertex 93.3548 -12.9188 38.0192
      vertex 93.3689 -12.8975 38.0192
    endloop
  endfacet
  facet normal 0.376096 -0.330634 -0.865582
    outer loop
      vertex 93.5928 -13.1928 38.1685
      vertex 93.5127 -13.1127 38.1031
      vertex 93.6408 -13.1382 38.1685
    endloop
  endfacet
  facet normal 0.393292 -0.588706 -0.70622
    outer loop
      vertex 93.5759 -13.4511 38.3407
      vertex 93.5297 -13.371 38.2482
      vertex 93.6014 -13.3231 38.2482
    endloop
  endfacet
  facet normal 0.608883 -0.0403122 -0.792235
    outer loop
      vertex 93.8593 -12.8 38.2482
      vertex 93.7508 -12.8725 38.1685
      vertex 93.7556 -12.8 38.1685
    endloop
  endfacet
  facet normal 0.577568 -0.195822 -0.792508
    outer loop
      vertex 93.8092 -13.0523 38.2482
      vertex 93.7133 -13.0126 38.1685
      vertex 93.8369 -12.9706 38.2482
    endloop
  endfacet
  facet normal 0.499647 -0.0330801 -0.865597
    outer loop
      vertex 93.7508 -12.8725 38.1685
      vertex 93.6423 -12.8 38.1031
      vertex 93.7556 -12.8 38.1685
    endloop
  endfacet
  facet normal 0.694343 -0.138149 -0.70626
    outer loop
      vertex 93.9262 -12.9946 38.3407
      vertex 93.8537 -12.8861 38.2482
      vertex 93.9454 -12.8981 38.3407
    endloop
  endfacet
  facet normal 0.972497 -0.193263 -0.129995
    outer loop
      vertex 94.1893 -12.9302 38.9346
      vertex 94.1474 -13.0538 38.8049
      vertex 94.1724 -12.928 38.8049
    endloop
  endfacet
  facet normal 0.947453 -0.188286 -0.258613
    outer loop
      vertex 94.1474 -13.0538 38.8049
      vertex 94.1388 -12.9236 38.6786
      vertex 94.1724 -12.928 38.8049
    endloop
  endfacet
  facet normal 0.751517 -0.25508 -0.608405
    outer loop
      vertex 93.9682 -13.1182 38.4444
      vertex 93.8946 -13.0877 38.3407
      vertex 93.9262 -12.9946 38.3407
    endloop
  endfacet
  facet normal 0.659825 -0.441098 -0.608328
    outer loop
      vertex 93.8596 -13.3062 38.4444
      vertex 93.8511 -13.1759 38.3407
      vertex 93.9201 -13.2157 38.4444
    endloop
  endfacet
  facet normal 0.777208 -0.383433 -0.498925
    outer loop
      vertex 93.9767 -13.2484 38.5577
      vertex 93.9201 -13.2157 38.4444
      vertex 94.0286 -13.1432 38.5577
    endloop
  endfacet
  facet normal 0.720477 -0.481645 -0.49893
    outer loop
      vertex 93.9767 -13.2484 38.5577
      vertex 93.8596 -13.3062 38.4444
      vertex 93.9201 -13.2157 38.4444
    endloop
  endfacet
  facet normal 0.383433 -0.777208 -0.498925
    outer loop
      vertex 93.6484 -13.5767 38.5577
      vertex 93.5432 -13.6286 38.5577
      vertex 93.6157 -13.5201 38.4444
    endloop
  endfacet
  facet normal 0.408936 -0.828903 -0.381695
    outer loop
      vertex 93.5624 -13.6748 38.6786
      vertex 93.5432 -13.6286 38.5577
      vertex 93.6484 -13.5767 38.5577
    endloop
  endfacet
  facet normal 0.609172 -0.695024 -0.381904
    outer loop
      vertex 93.7765 -13.5512 38.6786
      vertex 93.746 -13.5115 38.5577
      vertex 93.8696 -13.4696 38.6786
    endloop
  endfacet
  facet normal 0.513864 -0.768185 -0.381884
    outer loop
      vertex 93.7765 -13.5512 38.6786
      vertex 93.6735 -13.6201 38.6786
      vertex 93.746 -13.5115 38.5577
    endloop
  endfacet
  facet normal 0.442301 -0.896867 0
    outer loop
      vertex 93.5819 -13.7219 38.9346
      vertex 93.6989 -13.6642 39.4654
      vertex 93.5819 -13.7219 39.4654
    endloop
  endfacet
  facet normal 0.442301 -0.896867 0
    outer loop
      vertex 93.6989 -13.6642 39.4654
      vertex 93.5819 -13.7219 38.9346
      vertex 93.6989 -13.6642 38.9346
    endloop
  endfacet
  facet normal 0.192835 -0.972526 0.130412
    outer loop
      vertex 93.4538 -13.7474 39.5951
      vertex 93.3302 -13.7893 39.4654
      vertex 93.4583 -13.7639 39.4654
    endloop
  endfacet
  facet normal 0.319081 -0.938701 0.130489
    outer loop
      vertex 93.5753 -13.7061 39.5951
      vertex 93.4538 -13.7474 39.5951
      vertex 93.4583 -13.7639 39.4654
    endloop
  endfacet
  facet normal 0.531892 -0.467115 0.706325
    outer loop
      vertex 93.7965 -13.2577 40.0593
      vertex 93.6662 -13.2662 40.1518
      vertex 93.7316 -13.3316 40.0593
    endloop
  endfacet
  facet normal 0.0568645 -0.864784 0.498915
    outer loop
      vertex 93.3085 -13.6244 39.9556
      vertex 93.2 -13.6969 39.8423
      vertex 93.3171 -13.6892 39.8423
    endloop
  endfacet
  facet normal 0.0659086 -0.997826 0
    outer loop
      vertex 93.2 -13.7979 38.9346
      vertex 93.3302 -13.7893 39.4654
      vertex 93.2 -13.7979 39.4654
    endloop
  endfacet
  facet normal 0.0659086 -0.997826 0
    outer loop
      vertex 93.3302 -13.7893 39.4654
      vertex 93.2 -13.7979 38.9346
      vertex 93.3302 -13.7893 38.9346
    endloop
  endfacet
  facet normal 0.155401 -0.778463 -0.608149
    outer loop
      vertex 93.4152 -13.6031 38.4444
      vertex 93.3085 -13.6244 38.4444
      vertex 93.3946 -13.5262 38.3407
    endloop
  endfacet
  facet normal 0.383423 -0.777209 -0.498932
    outer loop
      vertex 93.5432 -13.6286 38.5577
      vertex 93.5182 -13.5682 38.4444
      vertex 93.6157 -13.5201 38.4444
    endloop
  endfacet
  facet normal -0.438511 -0.889181 -0.130634
    outer loop
      vertex 68.4181 -13.7219 38.9346
      vertex 68.3011 -13.6642 38.9346
      vertex 68.4247 -13.7061 38.8049
    endloop
  endfacet
  facet normal -0.318983 -0.938721 -0.130587
    outer loop
      vertex 68.5417 -13.7639 38.9346
      vertex 68.4181 -13.7219 38.9346
      vertex 68.4247 -13.7061 38.8049
    endloop
  endfacet
  facet normal -0.442301 -0.896867 0
    outer loop
      vertex 68.3011 -13.6642 38.9346
      vertex 68.4181 -13.7219 39.4654
      vertex 68.3011 -13.6642 39.4654
    endloop
  endfacet
  facet normal -0.442301 -0.896867 -0
    outer loop
      vertex 68.4181 -13.7219 39.4654
      vertex 68.3011 -13.6642 38.9346
      vertex 68.4181 -13.7219 38.9346
    endloop
  endfacet
  facet normal -0.321738 -0.946829 0
    outer loop
      vertex 68.4181 -13.7219 38.9346
      vertex 68.5417 -13.7639 39.4654
      vertex 68.4181 -13.7219 39.4654
    endloop
  endfacet
  facet normal -0.321738 -0.946829 -0
    outer loop
      vertex 68.5417 -13.7639 39.4654
      vertex 68.4181 -13.7219 38.9346
      vertex 68.5417 -13.7639 38.9346
    endloop
  endfacet
  facet normal 0.0833023 -0.245843 0.965723
    outer loop
      vertex 93.2747 -12.9802 40.3808
      vertex 93.2505 -12.9884 40.3808
      vertex 93.323 -13.097 40.3469
    endloop
  endfacet
  facet normal 0.11746 -0.0579672 0.991384
    outer loop
      vertex 93.2604 -12.825 40.3979
      vertex 93.2566 -12.8327 40.3979
      vertex 93.3802 -12.8747 40.3808
    endloop
  endfacet
  facet normal -0.216334 -0.143207 0.965759
    outer loop
      vertex 68.6311 -12.8975 40.3808
      vertex 68.5216 -12.9607 40.3469
      vertex 68.6452 -12.9188 40.3808
    endloop
  endfacet
  facet normal -0.343434 -0.169728 0.923713
    outer loop
      vertex 68.503 -12.923 40.3469
      vertex 68.3914 -12.9693 40.2969
      vertex 68.417 -13.0211 40.2969
    endloop
  endfacet
  facet normal -0.467078 -0.531927 0.706323
    outer loop
      vertex 68.3338 -13.2662 40.1518
      vertex 68.2684 -13.3316 40.0593
      vertex 68.3986 -13.3231 40.1518
    endloop
  endfacet
  facet normal -0.270021 -0.546751 0.79256
    outer loop
      vertex 68.5222 -13.2811 40.2315
      vertex 68.4703 -13.371 40.1518
      vertex 68.5874 -13.3133 40.2315
    endloop
  endfacet
  facet normal -0.287935 -0.252853 0.923666
    outer loop
      vertex 68.5727 -13.0273 40.3469
      vertex 68.4491 -13.0692 40.2969
      vertex 68.4873 -13.1127 40.2969
    endloop
  endfacet
  facet normal -0.376187 -0.330353 0.86565
    outer loop
      vertex 68.4491 -13.0692 40.2969
      vertex 68.3592 -13.1382 40.2315
      vertex 68.4873 -13.1127 40.2969
    endloop
  endfacet
  facet normal -0.123048 -0.362765 0.923721
    outer loop
      vertex 68.7168 -13.1105 40.3469
      vertex 68.677 -13.097 40.3469
      vertex 68.6855 -13.2272 40.2969
    endloop
  endfacet
  facet normal -0.34363 -0.169537 0.923675
    outer loop
      vertex 68.503 -12.923 40.3469
      vertex 68.417 -13.0211 40.2969
      vertex 68.5216 -12.9607 40.3469
    endloop
  endfacet
  facet normal 0.024493 -0.128589 0.991396
    outer loop
      vertex 93.2169 -12.8632 40.3979
      vertex 93.2085 -12.8648 40.3979
      vertex 93.2255 -12.9934 40.3808
    endloop
  endfacet
  facet normal -0.109234 -0.0723098 0.991382
    outer loop
      vertex 68.7434 -12.8327 40.3979
      vertex 68.6311 -12.8975 40.3808
      vertex 68.6452 -12.9188 40.3808
    endloop
  endfacet
  facet normal -0.144323 -0.215868 0.965698
    outer loop
      vertex 68.7025 -12.969 40.3808
      vertex 68.6043 -13.055 40.3469
      vertex 68.6393 -13.0784 40.3469
    endloop
  endfacet
  facet normal 0.0978451 -0.0871433 0.991379
    outer loop
      vertex 93.2519 -12.8398 40.3979
      vertex 93.2462 -12.8462 40.3979
      vertex 93.3548 -12.9188 40.3808
    endloop
  endfacet
  facet normal 0.00871377 -0.130707 0.991383
    outer loop
      vertex 93.2 -12.8654 40.3979
      vertex 93.2 -12.9951 40.3808
      vertex 93.2255 -12.9934 40.3808
    endloop
  endfacet
  facet normal 0.546891 -0.269912 0.792501
    outer loop
      vertex 93.8092 -13.0523 40.1518
      vertex 93.7133 -13.0126 40.2315
      vertex 93.771 -13.1297 40.1518
    endloop
  endfacet
  facet normal 0.195315 -0.17121 0.965681
    outer loop
      vertex 93.455 -12.9957 40.3469
      vertex 93.3548 -12.9188 40.3808
      vertex 93.4273 -13.0273 40.3469
    endloop
  endfacet
  facet normal -0.278116 -0.820802 0.498935
    outer loop
      vertex 68.4818 -13.5682 39.9556
      vertex 68.4568 -13.6286 39.8423
      vertex 68.5848 -13.6031 39.9556
    endloop
  endfacet
  facet normal -0.383423 -0.777209 0.498932
    outer loop
      vertex 68.4818 -13.5682 39.9556
      vertex 68.3843 -13.5201 39.9556
      vertex 68.4568 -13.6286 39.8423
    endloop
  endfacet
  facet normal -0.137919 -0.694521 0.70613
    outer loop
      vertex 68.6293 -13.4369 40.1518
      vertex 68.6054 -13.5262 40.0593
      vertex 68.7139 -13.4537 40.1518
    endloop
  endfacet
  facet normal -0.118752 -0.598002 0.792648
    outer loop
      vertex 68.6562 -13.3366 40.2315
      vertex 68.6293 -13.4369 40.1518
      vertex 68.7139 -13.4537 40.1518
    endloop
  endfacet
  facet normal -0.313195 -0.63503 0.706148
    outer loop
      vertex 68.5477 -13.4092 40.1518
      vertex 68.4241 -13.4511 40.0593
      vertex 68.5123 -13.4946 40.0593
    endloop
  endfacet
  facet normal -0.351059 -0.711802 0.608355
    outer loop
      vertex 68.4241 -13.4511 40.0593
      vertex 68.3843 -13.5201 39.9556
      vertex 68.5123 -13.4946 40.0593
    endloop
  endfacet
  facet normal 0.393292 -0.588706 0.70622
    outer loop
      vertex 93.6014 -13.3231 40.1518
      vertex 93.5297 -13.371 40.1518
      vertex 93.5759 -13.4511 40.0593
    endloop
  endfacet
  facet normal 0.768185 -0.513864 0.381884
    outer loop
      vertex 94.0201 -13.2735 39.7214
      vertex 93.9115 -13.346 39.8423
      vertex 93.9512 -13.3765 39.7214
    endloop
  endfacet
  facet normal 0.118752 -0.598002 0.792648
    outer loop
      vertex 93.3438 -13.3366 40.2315
      vertex 93.2861 -13.4537 40.1518
      vertex 93.3707 -13.4369 40.1518
    endloop
  endfacet
  facet normal 0.227612 -0.670509 0.706123
    outer loop
      vertex 93.4523 -13.4092 40.1518
      vertex 93.3707 -13.4369 40.1518
      vertex 93.3946 -13.5262 40.0593
    endloop
  endfacet
  facet normal 0.777209 -0.383423 0.498932
    outer loop
      vertex 93.9682 -13.1182 39.9556
      vertex 93.9201 -13.2157 39.9556
      vertex 94.0286 -13.1432 39.8423
    endloop
  endfacet
  facet normal 0.695044 -0.609149 0.381905
    outer loop
      vertex 93.9115 -13.346 39.8423
      vertex 93.8342 -13.4342 39.8423
      vertex 93.9512 -13.3765 39.7214
    endloop
  endfacet
  facet normal 0.609172 -0.695024 0.381904
    outer loop
      vertex 93.8696 -13.4696 39.7214
      vertex 93.746 -13.5115 39.8423
      vertex 93.7765 -13.5512 39.7214
    endloop
  endfacet
  facet normal 0.351059 -0.711802 0.608355
    outer loop
      vertex 93.5759 -13.4511 40.0593
      vertex 93.4877 -13.4946 40.0593
      vertex 93.6157 -13.5201 39.9556
    endloop
  endfacet
  facet normal 0.653961 -0.745175 0.130575
    outer loop
      vertex 93.8935 -13.4935 39.5951
      vertex 93.7971 -13.5781 39.5951
      vertex 93.8075 -13.5917 39.4654
    endloop
  endfacet
  facet normal 0.726567 -0.636819 0.257996
    outer loop
      vertex 93.9512 -13.3765 39.7214
      vertex 93.8696 -13.4696 39.7214
      vertex 93.8935 -13.4935 39.5951
    endloop
  endfacet
  facet normal 0.695032 -0.609179 0.381878
    outer loop
      vertex 93.9512 -13.3765 39.7214
      vertex 93.8342 -13.4342 39.8423
      vertex 93.8696 -13.4696 39.7214
    endloop
  endfacet
  facet normal 0.571402 -0.651096 0.499573
    outer loop
      vertex 93.7879 -13.3879 39.9556
      vertex 93.7062 -13.4596 39.9556
      vertex 93.8342 -13.4342 39.8423
    endloop
  endfacet
  facet normal 0 -0.707107 0.707107
    outer loop
      vertex 68.8 -13.5518 40.0593
      vertex 93.2 -13.4593 40.1518
      vertex 68.8 -13.4593 40.1518
    endloop
  endfacet
  facet normal 0 -0.707107 0.707107
    outer loop
      vertex 93.2 -13.4593 40.1518
      vertex 68.8 -13.5518 40.0593
      vertex 93.2 -13.5518 40.0593
    endloop
  endfacet
  facet normal 0.056583 -0.864683 0.49912
    outer loop
      vertex 93.2 -13.6315 39.9556
      vertex 93.2 -13.6969 39.8423
      vertex 93.3085 -13.6244 39.9556
    endloop
  endfacet
  facet normal 0 -0.924091 0.382172
    outer loop
      vertex 68.8 -13.7469 39.7214
      vertex 93.2 -13.6969 39.8423
      vertex 68.8 -13.6969 39.8423
    endloop
  endfacet
  facet normal 0 -0.924091 0.382172
    outer loop
      vertex 93.2 -13.6969 39.8423
      vertex 68.8 -13.7469 39.7214
      vertex 93.2 -13.7469 39.7214
    endloop
  endfacet
  facet normal 0.383433 0.777208 -0.498925
    outer loop
      vertex 93.6157 26.9201 38.4444
      vertex 93.5432 27.0286 38.5577
      vertex 93.6484 26.9767 38.5577
    endloop
  endfacet
  facet normal 0.278116 0.820802 -0.498935
    outer loop
      vertex 93.5182 26.9682 38.4444
      vertex 93.4152 27.0031 38.4444
      vertex 93.5432 27.0286 38.5577
    endloop
  endfacet
  facet normal 0.196034 0.577486 -0.792515
    outer loop
      vertex 93.4126 26.7133 38.1685
      vertex 93.3707 26.8369 38.2482
      vertex 93.4523 26.8092 38.2482
    endloop
  endfacet
  facet normal 0.119116 0.598096 -0.792523
    outer loop
      vertex 93.3438 26.7366 38.1685
      vertex 93.2725 26.7508 38.1685
      vertex 93.2861 26.8537 38.2482
    endloop
  endfacet
  facet normal -0.138149 0.694343 -0.70626
    outer loop
      vertex 68.7139 26.8537 38.2482
      vertex 68.6054 26.9262 38.3407
      vertex 68.7019 26.9454 38.3407
    endloop
  endfacet
  facet normal -0.0460866 0.706421 -0.70629
    outer loop
      vertex 68.7139 26.8537 38.2482
      vertex 68.7019 26.9454 38.3407
      vertex 68.8 26.9518 38.3407
    endloop
  endfacet
  facet normal -0.0747484 0.375726 -0.923711
    outer loop
      vertex 68.758 26.5187 38.0531
      vertex 68.6855 26.6272 38.1031
      vertex 68.7423 26.6385 38.1031
    endloop
  endfacet
  facet normal -0.0977293 0.491241 -0.865524
    outer loop
      vertex 68.6855 26.6272 38.1031
      vertex 68.6562 26.7366 38.1685
      vertex 68.7423 26.6385 38.1031
    endloop
  endfacet
  facet normal -0.383433 0.777208 -0.498925
    outer loop
      vertex 68.3843 26.9201 38.4444
      vertex 68.3516 26.9767 38.5577
      vertex 68.4568 27.0286 38.5577
    endloop
  endfacet
  facet normal -0.383423 0.777209 -0.498932
    outer loop
      vertex 68.4818 26.9682 38.4444
      vertex 68.3843 26.9201 38.4444
      vertex 68.4568 27.0286 38.5577
    endloop
  endfacet
  facet normal -0.0568645 0.864784 -0.498915
    outer loop
      vertex 68.6915 27.0244 38.4444
      vertex 68.6829 27.0892 38.5577
      vertex 68.8 27.0969 38.5577
    endloop
  endfacet
  facet normal -0.169249 0.84994 -0.498956
    outer loop
      vertex 68.6915 27.0244 38.4444
      vertex 68.5679 27.0663 38.5577
      vertex 68.6829 27.0892 38.5577
    endloop
  endfacet
  facet normal -0.269912 0.546891 -0.792501
    outer loop
      vertex 68.5874 26.7133 38.1685
      vertex 68.4703 26.771 38.2482
      vertex 68.5477 26.8092 38.2482
    endloop
  endfacet
  facet normal -0.270021 0.546751 -0.79256
    outer loop
      vertex 68.5222 26.6811 38.1685
      vertex 68.4703 26.771 38.2482
      vertex 68.5874 26.7133 38.1685
    endloop
  endfacet
  facet normal -0.507194 0.338837 -0.792429
    outer loop
      vertex 68.3592 26.5382 38.1685
      vertex 68.229 26.5297 38.2482
      vertex 68.2769 26.6014 38.2482
    endloop
  endfacet
  facet normal -0.588706 0.393292 -0.70622
    outer loop
      vertex 68.229 26.5297 38.2482
      vertex 68.1489 26.5759 38.3407
      vertex 68.2769 26.6014 38.2482
    endloop
  endfacet
  facet normal -0.448935 0.221713 -0.865622
    outer loop
      vertex 68.417 26.4211 38.1031
      vertex 68.2867 26.4126 38.1685
      vertex 68.3189 26.4778 38.1685
    endloop
  endfacet
  facet normal -0.546751 0.270021 -0.79256
    outer loop
      vertex 68.2867 26.4126 38.1685
      vertex 68.229 26.5297 38.2482
      vertex 68.3189 26.4778 38.1685
    endloop
  endfacet
  facet normal -0.768185 0.513864 -0.381884
    outer loop
      vertex 68.0885 26.746 38.5577
      vertex 67.9799 26.6735 38.6786
      vertex 68.0488 26.7765 38.6786
    endloop
  endfacet
  facet normal -0.777209 0.383423 -0.498932
    outer loop
      vertex 68.0318 26.5182 38.4444
      vertex 67.9714 26.5432 38.5577
      vertex 68.0799 26.6157 38.4444
    endloop
  endfacet
  facet normal -0.726567 0.636819 -0.257996
    outer loop
      vertex 68.1304 26.8696 38.6786
      vertex 68.0488 26.7765 38.6786
      vertex 68.1065 26.8935 38.8049
    endloop
  endfacet
  facet normal -0.726051 0.637177 -0.258564
    outer loop
      vertex 68.0488 26.7765 38.6786
      vertex 68.0219 26.7971 38.8049
      vertex 68.1065 26.8935 38.8049
    endloop
  endfacet
  facet normal -0.531906 0.46706 -0.70635
    outer loop
      vertex 68.2769 26.6014 38.2482
      vertex 68.2035 26.6577 38.3407
      vertex 68.3338 26.6662 38.2482
    endloop
  endfacet
  facet normal -0.588746 0.392977 -0.706362
    outer loop
      vertex 68.2769 26.6014 38.2482
      vertex 68.1489 26.5759 38.3407
      vertex 68.2035 26.6577 38.3407
    endloop
  endfacet
  facet normal 0.481645 0.720477 0.49893
    outer loop
      vertex 93.6484 26.9767 39.8423
      vertex 93.6157 26.9201 39.9556
      vertex 93.7062 26.8596 39.9556
    endloop
  endfacet
  facet normal 0.659825 0.441098 0.608328
    outer loop
      vertex 93.8596 26.7062 39.9556
      vertex 93.8511 26.5759 40.0593
      vertex 93.9201 26.6157 39.9556
    endloop
  endfacet
  facet normal 0.634857 0.313327 0.706246
    outer loop
      vertex 93.8511 26.5759 40.0593
      vertex 93.771 26.5297 40.1518
      vertex 93.8092 26.4523 40.1518
    endloop
  endfacet
  facet normal 0.778323 0.154858 0.608467
    outer loop
      vertex 94.0244 26.3085 39.9556
      vertex 93.9262 26.3946 40.0593
      vertex 93.9454 26.2981 40.0593
    endloop
  endfacet
  facet normal 0.924091 -0 0.382172
    outer loop
      vertex 94.0969 -12.8 39.8423
      vertex 94.1469 26.2 39.7214
      vertex 94.0969 26.2 39.8423
    endloop
  endfacet
  facet normal 0.924091 0 0.382172
    outer loop
      vertex 94.1469 26.2 39.7214
      vertex 94.0969 -12.8 39.8423
      vertex 94.1469 -12.8 39.7214
    endloop
  endfacet
  facet normal 0.947453 0.188286 0.258613
    outer loop
      vertex 94.1474 26.4538 39.5951
      vertex 94.1388 26.3236 39.7214
      vertex 94.1724 26.328 39.5951
    endloop
  endfacet
  facet normal 0.914807 0.310959 0.257746
    outer loop
      vertex 94.1061 26.5753 39.5951
      vertex 94.0749 26.5624 39.7214
      vertex 94.1474 26.4538 39.5951
    endloop
  endfacet
  facet normal 0.55084 0.824328 0.130606
    outer loop
      vertex 93.8075 26.9917 39.4654
      vertex 93.6904 27.0494 39.5951
      vertex 93.7971 26.9781 39.5951
    endloop
  endfacet
  facet normal 0.745175 0.653961 -0.130575
    outer loop
      vertex 93.9781 26.7971 38.8049
      vertex 93.8935 26.8935 38.8049
      vertex 93.9917 26.8075 38.9346
    endloop
  endfacet
  facet normal 0.824376 0.550872 -0.130171
    outer loop
      vertex 94.0494 26.6904 38.8049
      vertex 93.9781 26.7971 38.8049
      vertex 94.0642 26.6989 38.9346
    endloop
  endfacet
  facet normal 0.438511 0.889181 0.130634
    outer loop
      vertex 93.5819 27.1219 39.4654
      vertex 93.5753 27.1061 39.5951
      vertex 93.6989 27.0642 39.4654
    endloop
  endfacet
  facet normal 0.438144 0.889425 0.130206
    outer loop
      vertex 93.6989 27.0642 39.4654
      vertex 93.5753 27.1061 39.5951
      vertex 93.6904 27.0494 39.5951
    endloop
  endfacet
  facet normal 0.440622 0.660126 0.608346
    outer loop
      vertex 93.6157 26.9201 39.9556
      vertex 93.5759 26.8511 40.0593
      vertex 93.6577 26.7965 40.0593
    endloop
  endfacet
  facet normal 0.351059 0.711802 0.608355
    outer loop
      vertex 93.6157 26.9201 39.9556
      vertex 93.4877 26.8946 40.0593
      vertex 93.5759 26.8511 40.0593
    endloop
  endfacet
  facet normal 0.720533 0.48134 0.499144
    outer loop
      vertex 93.9115 26.746 39.8423
      vertex 93.8596 26.7062 39.9556
      vertex 93.9767 26.6484 39.8423
    endloop
  endfacet
  facet normal 0.84994 0.169249 0.498956
    outer loop
      vertex 94.0663 26.4321 39.8423
      vertex 94.0244 26.3085 39.9556
      vertex 94.0892 26.3171 39.8423
    endloop
  endfacet
  facet normal 0.531906 0.46706 0.70635
    outer loop
      vertex 93.7965 26.6577 40.0593
      vertex 93.6662 26.6662 40.1518
      vertex 93.7231 26.6014 40.1518
    endloop
  endfacet
  facet normal 0.458339 0.402462 0.792433
    outer loop
      vertex 93.6662 26.6662 40.1518
      vertex 93.6408 26.5382 40.2315
      vertex 93.7231 26.6014 40.1518
    endloop
  endfacet
  facet normal 0.695044 0.609149 0.381905
    outer loop
      vertex 93.9512 26.7765 39.7214
      vertex 93.8342 26.8342 39.8423
      vertex 93.9115 26.746 39.8423
    endloop
  endfacet
  facet normal 0.571402 0.651096 0.499573
    outer loop
      vertex 93.8342 26.8342 39.8423
      vertex 93.7062 26.8596 39.9556
      vertex 93.7879 26.7879 39.9556
    endloop
  endfacet
  facet normal 0 0.924091 0.382172
    outer loop
      vertex 93.2 27.1469 39.7214
      vertex 68.8 27.0969 39.8423
      vertex 93.2 27.0969 39.8423
    endloop
  endfacet
  facet normal 0 0.924091 0.382172
    outer loop
      vertex 68.8 27.0969 39.8423
      vertex 93.2 27.1469 39.7214
      vertex 68.8 27.1469 39.7214
    endloop
  endfacet
  facet normal 0.179792 0.90642 0.3822
    outer loop
      vertex 93.4451 27.1147 39.7214
      vertex 93.3236 27.1388 39.7214
      vertex 93.4321 27.0663 39.8423
    endloop
  endfacet
  facet normal 0.0604486 0.922401 0.381473
    outer loop
      vertex 93.2 27.1469 39.7214
      vertex 93.2 27.0969 39.8423
      vertex 93.3236 27.1388 39.7214
    endloop
  endfacet
  facet normal 0.0568645 0.864784 0.498915
    outer loop
      vertex 93.3171 27.0892 39.8423
      vertex 93.2 27.0969 39.8423
      vertex 93.3085 27.0244 39.9556
    endloop
  endfacet
  facet normal 0.438144 0.889425 -0.130206
    outer loop
      vertex 93.6904 27.0494 38.8049
      vertex 93.5753 27.1061 38.8049
      vertex 93.6989 27.0642 38.9346
    endloop
  endfacet
  facet normal 0.55084 0.824328 -0.130606
    outer loop
      vertex 93.7971 26.9781 38.8049
      vertex 93.6904 27.0494 38.8049
      vertex 93.8075 26.9917 38.9346
    endloop
  endfacet
  facet normal 0.720533 0.48134 -0.499144
    outer loop
      vertex 93.9767 26.6484 38.5577
      vertex 93.8596 26.7062 38.4444
      vertex 93.9115 26.746 38.5577
    endloop
  endfacet
  facet normal 0.651666 0.571131 -0.499139
    outer loop
      vertex 93.8596 26.7062 38.4444
      vertex 93.8342 26.8342 38.5577
      vertex 93.9115 26.746 38.5577
    endloop
  endfacet
  facet normal 0.875064 0.29691 -0.382241
    outer loop
      vertex 94.1147 26.4451 38.6786
      vertex 94.0663 26.4321 38.5577
      vertex 94.0749 26.5624 38.6786
    endloop
  endfacet
  facet normal 0.914807 0.310959 -0.257746
    outer loop
      vertex 94.1474 26.4538 38.8049
      vertex 94.0749 26.5624 38.6786
      vertex 94.1061 26.5753 38.8049
    endloop
  endfacet
  facet normal 0.393292 0.588706 -0.70622
    outer loop
      vertex 93.6014 26.7231 38.2482
      vertex 93.5297 26.771 38.2482
      vertex 93.5759 26.8511 38.3407
    endloop
  endfacet
  facet normal 0.467099 0.531874 -0.706349
    outer loop
      vertex 93.7316 26.7316 38.3407
      vertex 93.6014 26.7231 38.2482
      vertex 93.6577 26.7965 38.3407
    endloop
  endfacet
  facet normal 0.963902 0.0632561 -0.258634
    outer loop
      vertex 94.1808 26.2 38.8049
      vertex 94.1388 26.3236 38.6786
      vertex 94.1724 26.328 38.8049
    endloop
  endfacet
  facet normal 0.963886 0.0631673 -0.258715
    outer loop
      vertex 94.1469 26.2 38.6786
      vertex 94.1388 26.3236 38.6786
      vertex 94.1808 26.2 38.8049
    endloop
  endfacet
  facet normal 0.571131 0.651666 -0.499139
    outer loop
      vertex 93.8342 26.8342 38.5577
      vertex 93.7062 26.8596 38.4444
      vertex 93.746 26.9115 38.5577
    endloop
  endfacet
  facet normal 0.609156 0.695053 -0.381878
    outer loop
      vertex 93.8342 26.8342 38.5577
      vertex 93.746 26.9115 38.5577
      vertex 93.8696 26.8696 38.6786
    endloop
  endfacet
  facet normal -0.0726493 -0.108974 -0.991386
    outer loop
      vertex 68.7025 -12.969 38.0192
      vertex 68.6812 -12.9548 38.0192
      vertex 68.7602 -12.8519 38.0021
    endloop
  endfacet
  facet normal 0.252516 0.288069 -0.923716
    outer loop
      vertex 93.4273 26.4273 38.0531
      vertex 93.3957 26.455 38.0531
      vertex 93.4692 26.5509 38.1031
    endloop
  endfacet
  facet normal 0.507194 0.338837 -0.792429
    outer loop
      vertex 93.771 26.5297 38.2482
      vertex 93.6408 26.5382 38.1685
      vertex 93.7231 26.6014 38.2482
    endloop
  endfacet
  facet normal 0.362744 0.123121 -0.923719
    outer loop
      vertex 93.6272 26.3145 38.1031
      vertex 93.5105 26.2832 38.0531
      vertex 93.6086 26.3693 38.1031
    endloop
  endfacet
  facet normal 0.318439 0.212899 -0.923727
    outer loop
      vertex 93.4784 26.3607 38.0531
      vertex 93.455 26.3957 38.0531
      vertex 93.5509 26.4692 38.1031
    endloop
  endfacet
  facet normal 0.215922 0.144359 -0.96568
    outer loop
      vertex 93.4784 26.3607 38.0531
      vertex 93.3548 26.3188 38.0192
      vertex 93.455 26.3957 38.0531
    endloop
  endfacet
  facet normal 0.216334 0.143207 -0.965759
    outer loop
      vertex 93.3689 26.2975 38.0192
      vertex 93.3548 26.3188 38.0192
      vertex 93.4784 26.3607 38.0531
    endloop
  endfacet
  facet normal 0.245819 0.0832941 -0.96573
    outer loop
      vertex 93.3884 26.2505 38.0192
      vertex 93.3802 26.2747 38.0192
      vertex 93.5105 26.2832 38.0531
    endloop
  endfacet
  facet normal 0.254603 0.0506733 -0.965717
    outer loop
      vertex 93.5187 26.242 38.0531
      vertex 93.3934 26.2255 38.0192
      vertex 93.5105 26.2832 38.0531
    endloop
  endfacet
  facet normal 0.0870445 -0.0977342 -0.991399
    outer loop
      vertex 93.338 -12.9379 38.0192
      vertex 93.2398 -12.8519 38.0021
      vertex 93.2462 -12.8462 38.0021
    endloop
  endfacet
  facet normal -0.0420562 -0.124117 -0.991376
    outer loop
      vertex 68.7495 -12.9884 38.0192
      vertex 68.7253 -12.9802 38.0192
      vertex 68.7831 -12.8632 38.0021
    endloop
  endfacet
  facet normal -0.171143 -0.195239 -0.965708
    outer loop
      vertex 68.6043 -13.055 38.0531
      vertex 68.5727 -13.0273 38.0531
      vertex 68.662 -12.9379 38.0192
    endloop
  endfacet
  facet normal 0.050914 0.25457 -0.965713
    outer loop
      vertex 93.2505 26.3884 38.0192
      vertex 93.2255 26.3934 38.0192
      vertex 93.242 26.5187 38.0531
    endloop
  endfacet
  facet normal -0.0983014 0.0864641 -0.991393
    outer loop
      vertex 68.7538 26.2462 38.0021
      vertex 68.6452 26.3188 38.0192
      vertex 68.662 26.3379 38.0192
    endloop
  endfacet
  facet normal 0.128589 0.024493 -0.991396
    outer loop
      vertex 93.2648 26.2085 38.0021
      vertex 93.2632 26.2169 38.0021
      vertex 93.3934 26.2255 38.0192
    endloop
  endfacet
  facet normal 0.128589 -0.024493 -0.991396
    outer loop
      vertex 93.3934 -12.8255 38.0192
      vertex 93.2632 -12.8169 38.0021
      vertex 93.2648 -12.8085 38.0021
    endloop
  endfacet
  facet normal 0.0329114 0.499734 -0.865554
    outer loop
      vertex 93.2577 26.6385 38.1031
      vertex 93.2 26.6423 38.1031
      vertex 93.2725 26.7508 38.1685
    endloop
  endfacet
  facet normal 0.0978221 0.491177 -0.86555
    outer loop
      vertex 93.3438 26.7366 38.1685
      vertex 93.2577 26.6385 38.1031
      vertex 93.2725 26.7508 38.1685
    endloop
  endfacet
  facet normal 0.25508 0.751517 -0.608405
    outer loop
      vertex 93.4877 26.8946 38.3407
      vertex 93.3946 26.9262 38.3407
      vertex 93.5182 26.9682 38.4444
    endloop
  endfacet
  facet normal 0.270021 0.546751 -0.79256
    outer loop
      vertex 93.4778 26.6811 38.1685
      vertex 93.4126 26.7133 38.1685
      vertex 93.5297 26.771 38.2482
    endloop
  endfacet
  facet normal 0.376187 0.330353 -0.86565
    outer loop
      vertex 93.5509 26.4692 38.1031
      vertex 93.5127 26.5127 38.1031
      vertex 93.6408 26.5382 38.1685
    endloop
  endfacet
  facet normal 0.277872 0.416464 -0.865647
    outer loop
      vertex 93.5382 26.6408 38.1685
      vertex 93.4692 26.5509 38.1031
      vertex 93.4778 26.6811 38.1685
    endloop
  endfacet
  facet normal 0.41648 0.277883 -0.865636
    outer loop
      vertex 93.6811 26.4778 38.1685
      vertex 93.583 26.4211 38.1031
      vertex 93.6408 26.5382 38.1685
    endloop
  endfacet
  facet normal 0.588706 0.393292 -0.70622
    outer loop
      vertex 93.771 26.5297 38.2482
      vertex 93.7231 26.6014 38.2482
      vertex 93.8511 26.5759 38.3407
    endloop
  endfacet
  facet normal 0.777209 0.383423 -0.498932
    outer loop
      vertex 93.9682 26.5182 38.4444
      vertex 93.9201 26.6157 38.4444
      vertex 94.0286 26.5432 38.5577
    endloop
  endfacet
  facet normal 0.711761 0.351136 -0.608358
    outer loop
      vertex 93.9682 26.5182 38.4444
      vertex 93.8511 26.5759 38.3407
      vertex 93.9201 26.6157 38.4444
    endloop
  endfacet
  facet normal 0.694343 0.138149 -0.70626
    outer loop
      vertex 93.9454 26.2981 38.3407
      vertex 93.8537 26.2861 38.2482
      vertex 93.9262 26.3946 38.3407
    endloop
  endfacet
  facet normal 0.778463 0.155401 -0.608149
    outer loop
      vertex 94.0244 26.3085 38.4444
      vertex 93.9262 26.3946 38.3407
      vertex 94.0031 26.4152 38.4444
    endloop
  endfacet
  facet normal 0.499734 0.0329114 -0.865554
    outer loop
      vertex 93.6423 26.2 38.1031
      vertex 93.6385 26.2577 38.1031
      vertex 93.7508 26.2725 38.1685
    endloop
  endfacet
  facet normal 0.706421 0.0460866 -0.70629
    outer loop
      vertex 93.9518 26.2 38.3407
      vertex 93.8537 26.2861 38.2482
      vertex 93.9454 26.2981 38.3407
    endloop
  endfacet
  facet normal 0.546751 0.270021 -0.79256
    outer loop
      vertex 93.7133 26.4126 38.1685
      vertex 93.6811 26.4778 38.1685
      vertex 93.771 26.5297 38.2482
    endloop
  endfacet
  facet normal 0.751517 0.25508 -0.608405
    outer loop
      vertex 93.9262 26.3946 38.3407
      vertex 93.8946 26.4877 38.3407
      vertex 93.9682 26.5182 38.4444
    endloop
  endfacet
  facet normal 0.889425 -0.438144 0.130206
    outer loop
      vertex 94.1061 -13.1753 39.5951
      vertex 94.0494 -13.2904 39.5951
      vertex 94.0642 -13.2989 39.4654
    endloop
  endfacet
  facet normal 0.866649 -0.426924 0.258178
    outer loop
      vertex 94.1061 -13.1753 39.5951
      vertex 94.0201 -13.2735 39.7214
      vertex 94.0494 -13.2904 39.5951
    endloop
  endfacet
  facet normal 0.906279 -0.180468 0.382217
    outer loop
      vertex 94.0892 -12.9171 39.8423
      vertex 94.0663 -13.0321 39.8423
      vertex 94.1147 -13.0451 39.7214
    endloop
  endfacet
  facet normal 0.875064 -0.29691 0.382241
    outer loop
      vertex 94.1147 -13.0451 39.7214
      vertex 94.0663 -13.0321 39.8423
      vertex 94.0749 -13.1624 39.7214
    endloop
  endfacet
  facet normal 0.694411 -0.13806 0.70621
    outer loop
      vertex 93.8537 -12.8861 40.1518
      vertex 93.8369 -12.9706 40.1518
      vertex 93.9262 -12.9946 40.0593
    endloop
  endfacet
  facet normal 0.376187 -0.330353 0.86565
    outer loop
      vertex 93.5509 -13.0692 40.2969
      vertex 93.5127 -13.1127 40.2969
      vertex 93.6408 -13.1382 40.2315
    endloop
  endfacet
  facet normal 0.491177 -0.0978221 0.86555
    outer loop
      vertex 93.7508 -12.8725 40.2315
      vertex 93.6385 -12.8577 40.2969
      vertex 93.7366 -12.9438 40.2315
    endloop
  endfacet
  facet normal 0.598096 -0.119116 0.792523
    outer loop
      vertex 93.7508 -12.8725 40.2315
      vertex 93.7366 -12.9438 40.2315
      vertex 93.8537 -12.8861 40.1518
    endloop
  endfacet
  facet normal 0.128506 -0.0257012 0.991376
    outer loop
      vertex 93.3934 -12.8255 40.3808
      vertex 93.2632 -12.8169 40.3979
      vertex 93.3884 -12.8505 40.3808
    endloop
  endfacet
  facet normal 0.124117 -0.0420562 0.991376
    outer loop
      vertex 93.3884 -12.8505 40.3808
      vertex 93.2632 -12.8169 40.3979
      vertex 93.3802 -12.8747 40.3808
    endloop
  endfacet
  facet normal -0.050914 0.25457 0.965713
    outer loop
      vertex 68.758 26.5187 40.3469
      vertex 68.7495 26.3884 40.3808
      vertex 68.7745 26.3934 40.3808
    endloop
  endfacet
  facet normal -0 0 1
    outer loop
      vertex 71.1549 23.0604 40.3979
      vertex 80.1964 1.94015 40.3979
      vertex 71.325 23.1443 40.3979
    endloop
  endfacet
  facet normal 0 0 1
    outer loop
      vertex 78.9716 0.54352 40.3979
      vertex 72.0376 -10.8107 40.3979
      vertex 72.05 -11 40.3979
    endloop
  endfacet
  facet normal 0 0 1
    outer loop
      vertex 80.1964 1.94015 40.3979
      vertex 71.1549 23.0604 40.3979
      vertex 79.95 1.81865 40.3979
    endloop
  endfacet
  facet normal 0 0 1
    outer loop
      vertex 78.9716 0.54352 40.3979
      vertex 72.0006 -10.6247 40.3979
      vertex 72.0376 -10.8107 40.3979
    endloop
  endfacet
  facet normal -0 0 1
    outer loop
      vertex 70.9753 22.9994 40.3979
      vertex 79.95 1.81865 40.3979
      vertex 71.1549 23.0604 40.3979
    endloop
  endfacet
  facet normal 0 0 1
    outer loop
      vertex 78.9716 0.54352 40.3979
      vertex 71.9396 -10.4451 40.3979
      vertex 72.0006 -10.6247 40.3979
    endloop
  endfacet
  facet normal 0 0 1
    outer loop
      vertex 79.95 1.81865 40.3979
      vertex 70.9753 22.9994 40.3979
      vertex 79.7216 1.66604 40.3979
    endloop
  endfacet
  facet normal 0 0 1
    outer loop
      vertex 78.9716 0.54352 40.3979
      vertex 71.8557 -10.275 40.3979
      vertex 71.9396 -10.4451 40.3979
    endloop
  endfacet
  facet normal -0 0 1
    outer loop
      vertex 70.7893 22.9624 40.3979
      vertex 79.7216 1.66604 40.3979
      vertex 70.9753 22.9994 40.3979
    endloop
  endfacet
  facet normal 0 0 1
    outer loop
      vertex 78.9716 0.54352 40.3979
      vertex 71.7504 -10.1173 40.3979
      vertex 71.8557 -10.275 40.3979
    endloop
  endfacet
  facet normal 0 0 1
    outer loop
      vertex 79.7216 1.66604 40.3979
      vertex 70.7893 22.9624 40.3979
      vertex 79.5151 1.48492 40.3979
    endloop
  endfacet
  facet normal 0 0 1
    outer loop
      vertex 78.9716 0.54352 40.3979
      vertex 71.6253 -9.97469 40.3979
      vertex 71.7504 -10.1173 40.3979
    endloop
  endfacet
  facet normal -0 0 1
    outer loop
      vertex 70.6 22.95 40.3979
      vertex 79.5151 1.48492 40.3979
      vertex 70.7893 22.9624 40.3979
    endloop
  endfacet
  facet normal 0 0 1
    outer loop
      vertex 78.9716 0.54352 40.3979
      vertex 71.4827 -9.84964 40.3979
      vertex 71.6253 -9.97469 40.3979
    endloop
  endfacet
  facet normal 0 0 1
    outer loop
      vertex 79.5151 1.48492 40.3979
      vertex 70.6 22.95 40.3979
      vertex 79.334 1.2784 40.3979
    endloop
  endfacet
  facet normal 0 0 1
    outer loop
      vertex 78.9716 0.54352 40.3979
      vertex 71.325 -9.74426 40.3979
      vertex 71.4827 -9.84964 40.3979
    endloop
  endfacet
  facet normal 0 0 1
    outer loop
      vertex 70.4107 22.9624 40.3979
      vertex 79.334 1.2784 40.3979
      vertex 70.6 22.95 40.3979
    endloop
  endfacet
  facet normal 0 0 1
    outer loop
      vertex 78.9716 0.54352 40.3979
      vertex 71.1549 -9.66037 40.3979
      vertex 71.325 -9.74426 40.3979
    endloop
  endfacet
  facet normal 0 0 1
    outer loop
      vertex 79.334 1.2784 40.3979
      vertex 70.4107 22.9624 40.3979
      vertex 79.1813 1.05 40.3979
    endloop
  endfacet
  facet normal 0 0 1
    outer loop
      vertex 78.9716 0.54352 40.3979
      vertex 70.9753 -9.59941 40.3979
      vertex 71.1549 -9.66037 40.3979
    endloop
  endfacet
  facet normal 0 0 1
    outer loop
      vertex 70.2247 22.9994 40.3979
      vertex 79.1813 1.05 40.3979
      vertex 70.4107 22.9624 40.3979
    endloop
  endfacet
  facet normal 0 0 1
    outer loop
      vertex 78.9716 0.54352 40.3979
      vertex 70.7893 -9.5624 40.3979
      vertex 70.9753 -9.59941 40.3979
    endloop
  endfacet
  facet normal 0 0 1
    outer loop
      vertex 70.0451 23.0604 40.3979
      vertex 79.1813 1.05 40.3979
      vertex 70.2247 22.9994 40.3979
    endloop
  endfacet
  facet normal 0 0 1
    outer loop
      vertex 78.9716 0.54352 40.3979
      vertex 70.6 -9.55 40.3979
      vertex 70.7893 -9.5624 40.3979
    endloop
  endfacet
  facet normal 0 0 1
    outer loop
      vertex 79.1813 1.05 40.3979
      vertex 70.0451 23.0604 40.3979
      vertex 79.0599 0.803635 40.3979
    endloop
  endfacet
  facet normal 0 0 1
    outer loop
      vertex 78.9716 0.54352 40.3979
      vertex 70.4107 -9.5624 40.3979
      vertex 70.6 -9.55 40.3979
    endloop
  endfacet
  facet normal 0 0 1
    outer loop
      vertex 69.875 23.1443 40.3979
      vertex 79.0599 0.803635 40.3979
      vertex 70.0451 23.0604 40.3979
    endloop
  endfacet
  facet normal 0 0 1
    outer loop
      vertex 78.9716 0.54352 40.3979
      vertex 70.2247 -9.59941 40.3979
      vertex 70.4107 -9.5624 40.3979
    endloop
  endfacet
  facet normal 0 0 1
    outer loop
      vertex 79.0599 0.803635 40.3979
      vertex 69.875 23.1443 40.3979
      vertex 78.9716 0.54352 40.3979
    endloop
  endfacet
  facet normal 0 0 1
    outer loop
      vertex 78.9716 0.54352 40.3979
      vertex 70.0451 -9.66037 40.3979
      vertex 70.2247 -9.59941 40.3979
    endloop
  endfacet
  facet normal 0 0 1
    outer loop
      vertex 69.875 -9.74426 40.3979
      vertex 78.9716 0.54352 40.3979
      vertex 69.875 23.1443 40.3979
    endloop
  endfacet
  facet normal 0 0 1
    outer loop
      vertex 78.9716 0.54352 40.3979
      vertex 69.875 -9.74426 40.3979
      vertex 70.0451 -9.66037 40.3979
    endloop
  endfacet
  facet normal 0 0 1
    outer loop
      vertex 69.7173 23.2496 40.3979
      vertex 69.875 -9.74426 40.3979
      vertex 69.875 23.1443 40.3979
    endloop
  endfacet
  facet normal 0 0 1
    outer loop
      vertex 69.7173 23.2496 40.3979
      vertex 69.7173 -9.84964 40.3979
      vertex 69.875 -9.74426 40.3979
    endloop
  endfacet
  facet normal 0 0 1
    outer loop
      vertex 69.5747 23.3747 40.3979
      vertex 69.7173 -9.84964 40.3979
      vertex 69.7173 23.2496 40.3979
    endloop
  endfacet
  facet normal 0 0 1
    outer loop
      vertex 69.5747 23.3747 40.3979
      vertex 69.5747 -9.97469 40.3979
      vertex 69.7173 -9.84964 40.3979
    endloop
  endfacet
  facet normal 0 0 1
    outer loop
      vertex 69.4496 23.5173 40.3979
      vertex 69.5747 -9.97469 40.3979
      vertex 69.5747 23.3747 40.3979
    endloop
  endfacet
  facet normal 0 0 1
    outer loop
      vertex 69.4496 23.5173 40.3979
      vertex 69.4496 -10.1173 40.3979
      vertex 69.5747 -9.97469 40.3979
    endloop
  endfacet
  facet normal 0 0 1
    outer loop
      vertex 69.3443 23.675 40.3979
      vertex 69.4496 -10.1173 40.3979
      vertex 69.4496 23.5173 40.3979
    endloop
  endfacet
  facet normal 0 0 1
    outer loop
      vertex 69.3443 23.675 40.3979
      vertex 69.3443 -10.275 40.3979
      vertex 69.4496 -10.1173 40.3979
    endloop
  endfacet
  facet normal 0 0 1
    outer loop
      vertex 69.2604 23.8451 40.3979
      vertex 69.3443 -10.275 40.3979
      vertex 69.3443 23.675 40.3979
    endloop
  endfacet
  facet normal 0 0 1
    outer loop
      vertex 69.2604 23.8451 40.3979
      vertex 69.2604 -10.4451 40.3979
      vertex 69.3443 -10.275 40.3979
    endloop
  endfacet
  facet normal 0 0 1
    outer loop
      vertex 69.1994 24.0247 40.3979
      vertex 69.2604 -10.4451 40.3979
      vertex 69.2604 23.8451 40.3979
    endloop
  endfacet
  facet normal 0 0 1
    outer loop
      vertex 69.1994 24.0247 40.3979
      vertex 69.1994 -10.6247 40.3979
      vertex 69.2604 -10.4451 40.3979
    endloop
  endfacet
  facet normal 0 0 1
    outer loop
      vertex 69.1624 24.2107 40.3979
      vertex 69.1994 -10.6247 40.3979
      vertex 69.1994 24.0247 40.3979
    endloop
  endfacet
  facet normal 0 0 1
    outer loop
      vertex 69.1624 24.2107 40.3979
      vertex 69.1624 -10.8107 40.3979
      vertex 69.1994 -10.6247 40.3979
    endloop
  endfacet
  facet normal 0 0 1
    outer loop
      vertex 68.7346 26.2 40.3979
      vertex 69.1624 24.2107 40.3979
      vertex 69.15 24.4 40.3979
    endloop
  endfacet
  facet normal 0 0 1
    outer loop
      vertex 69.1624 24.2107 40.3979
      vertex 68.7346 26.2 40.3979
      vertex 69.1624 -10.8107 40.3979
    endloop
  endfacet
  facet normal -0 0 1
    outer loop
      vertex 92.8376 -10.8107 40.3979
      vertex 93.2654 -12.8 40.3979
      vertex 92.8376 24.2107 40.3979
    endloop
  endfacet
  facet normal 0 0 1
    outer loop
      vertex 93.2654 -12.8 40.3979
      vertex 92.8376 -10.8107 40.3979
      vertex 92.85 -11 40.3979
    endloop
  endfacet
  facet normal -0 0 1
    outer loop
      vertex 92.8006 24.0247 40.3979
      vertex 92.8376 -10.8107 40.3979
      vertex 92.8376 24.2107 40.3979
    endloop
  endfacet
  facet normal 0 0 1
    outer loop
      vertex 92.8006 24.0247 40.3979
      vertex 92.8006 -10.6247 40.3979
      vertex 92.8376 -10.8107 40.3979
    endloop
  endfacet
  facet normal -0 0 1
    outer loop
      vertex 92.7396 23.8451 40.3979
      vertex 92.8006 -10.6247 40.3979
      vertex 92.8006 24.0247 40.3979
    endloop
  endfacet
  facet normal 0 0 1
    outer loop
      vertex 92.7396 23.8451 40.3979
      vertex 92.7396 -10.4451 40.3979
      vertex 92.8006 -10.6247 40.3979
    endloop
  endfacet
  facet normal -0 0 1
    outer loop
      vertex 92.6557 23.675 40.3979
      vertex 92.7396 -10.4451 40.3979
      vertex 92.7396 23.8451 40.3979
    endloop
  endfacet
  facet normal 0 0 1
    outer loop
      vertex 92.6557 23.675 40.3979
      vertex 92.6557 -10.275 40.3979
      vertex 92.7396 -10.4451 40.3979
    endloop
  endfacet
  facet normal -0 0 1
    outer loop
      vertex 92.5504 23.5173 40.3979
      vertex 92.6557 -10.275 40.3979
      vertex 92.6557 23.675 40.3979
    endloop
  endfacet
  facet normal 0 0 1
    outer loop
      vertex 92.5504 23.5173 40.3979
      vertex 92.5504 -10.1173 40.3979
      vertex 92.6557 -10.275 40.3979
    endloop
  endfacet
  facet normal -0 0 1
    outer loop
      vertex 92.4253 23.3747 40.3979
      vertex 92.5504 -10.1173 40.3979
      vertex 92.5504 23.5173 40.3979
    endloop
  endfacet
  facet normal 0 0 1
    outer loop
      vertex 92.4253 23.3747 40.3979
      vertex 92.4253 -9.97469 40.3979
      vertex 92.5504 -10.1173 40.3979
    endloop
  endfacet
  facet normal -0 0 1
    outer loop
      vertex 92.2827 23.2496 40.3979
      vertex 92.4253 -9.97469 40.3979
      vertex 92.4253 23.3747 40.3979
    endloop
  endfacet
  facet normal 0 0 1
    outer loop
      vertex 92.2827 23.2496 40.3979
      vertex 92.2827 -9.84964 40.3979
      vertex 92.4253 -9.97469 40.3979
    endloop
  endfacet
  facet normal -0 0 1
    outer loop
      vertex 92.125 23.1443 40.3979
      vertex 92.2827 -9.84964 40.3979
      vertex 92.2827 23.2496 40.3979
    endloop
  endfacet
  facet normal 0 0 1
    outer loop
      vertex 92.125 23.1443 40.3979
      vertex 92.125 -9.74426 40.3979
      vertex 92.2827 -9.84964 40.3979
    endloop
  endfacet
  facet normal 0 0 1
    outer loop
      vertex 82.9401 0.803635 40.3979
      vertex 92.125 23.1443 40.3979
      vertex 91.9549 23.0604 40.3979
    endloop
  endfacet
  facet normal 0 0 1
    outer loop
      vertex 92.125 23.1443 40.3979
      vertex 83.0284 0.54352 40.3979
      vertex 92.125 -9.74426 40.3979
    endloop
  endfacet
  facet normal 0 0 1
    outer loop
      vertex 82.8186 1.05 40.3979
      vertex 91.9549 23.0604 40.3979
      vertex 91.7753 22.9994 40.3979
    endloop
  endfacet
  facet normal 0 0 1
    outer loop
      vertex 92.125 -9.74426 40.3979
      vertex 83.0284 0.54352 40.3979
      vertex 91.9549 -9.66037 40.3979
    endloop
  endfacet
  facet normal 0 0 1
    outer loop
      vertex 82.8186 1.05 40.3979
      vertex 91.7753 22.9994 40.3979
      vertex 91.5893 22.9624 40.3979
    endloop
  endfacet
  facet normal 0 0 1
    outer loop
      vertex 91.9549 -9.66037 40.3979
      vertex 83.0284 0.54352 40.3979
      vertex 91.7753 -9.59941 40.3979
    endloop
  endfacet
  facet normal 0 0 1
    outer loop
      vertex 82.666 1.2784 40.3979
      vertex 91.5893 22.9624 40.3979
      vertex 91.4 22.95 40.3979
    endloop
  endfacet
  facet normal -0 -0 1
    outer loop
      vertex 83.082 0.274104 40.3979
      vertex 91.7753 -9.59941 40.3979
      vertex 83.0284 0.54352 40.3979
    endloop
  endfacet
  facet normal 0 0 1
    outer loop
      vertex 82.4849 1.48492 40.3979
      vertex 91.4 22.95 40.3979
      vertex 91.2107 22.9624 40.3979
    endloop
  endfacet
  facet normal 0 0 1
    outer loop
      vertex 91.7753 -9.59941 40.3979
      vertex 83.082 0.274104 40.3979
      vertex 91.5893 -9.5624 40.3979
    endloop
  endfacet
  facet normal 0 0 1
    outer loop
      vertex 82.2784 1.66604 40.3979
      vertex 91.2107 22.9624 40.3979
      vertex 91.0247 22.9994 40.3979
    endloop
  endfacet
  facet normal -0 -0 1
    outer loop
      vertex 83.1 0 40.3979
      vertex 91.5893 -9.5624 40.3979
      vertex 83.082 0.274104 40.3979
    endloop
  endfacet
  facet normal 0 0 1
    outer loop
      vertex 82.05 1.81865 40.3979
      vertex 91.0247 22.9994 40.3979
      vertex 90.8451 23.0604 40.3979
    endloop
  endfacet
  facet normal 0 0 1
    outer loop
      vertex 91.5893 -9.5624 40.3979
      vertex 83.1 0 40.3979
      vertex 91.4 -9.55 40.3979
    endloop
  endfacet
  facet normal 0 0 1
    outer loop
      vertex 81.8036 1.94015 40.3979
      vertex 90.8451 23.0604 40.3979
      vertex 90.675 23.1443 40.3979
    endloop
  endfacet
  facet normal -0 0 1
    outer loop
      vertex 83.082 -0.274104 40.3979
      vertex 91.4 -9.55 40.3979
      vertex 83.1 0 40.3979
    endloop
  endfacet
  facet normal 0 0 1
    outer loop
      vertex 81.5435 2.02844 40.3979
      vertex 90.675 23.1443 40.3979
      vertex 90.5173 23.2496 40.3979
    endloop
  endfacet
  facet normal 0 0 1
    outer loop
      vertex 91.4 -9.55 40.3979
      vertex 83.082 -0.274104 40.3979
      vertex 91.2107 -9.5624 40.3979
    endloop
  endfacet
  facet normal 0 0 1
    outer loop
      vertex 81.2741 2.08203 40.3979
      vertex 90.5173 23.2496 40.3979
      vertex 90.3747 23.3747 40.3979
    endloop
  endfacet
  facet normal -0 0 1
    outer loop
      vertex 83.0284 -0.54352 40.3979
      vertex 91.2107 -9.5624 40.3979
      vertex 83.082 -0.274104 40.3979
    endloop
  endfacet
  facet normal 0 0 1
    outer loop
      vertex 90.0604 23.8451 40.3979
      vertex 71.9396 23.8451 40.3979
      vertex 90.1443 23.675 40.3979
    endloop
  endfacet
  facet normal 0 0 1
    outer loop
      vertex 91.2107 -9.5624 40.3979
      vertex 83.0284 -0.54352 40.3979
      vertex 91.0247 -9.59941 40.3979
    endloop
  endfacet
  facet normal 0 0 1
    outer loop
      vertex 89.9994 24.0247 40.3979
      vertex 72.0006 24.0247 40.3979
      vertex 90.0604 23.8451 40.3979
    endloop
  endfacet
  facet normal -0 0 1
    outer loop
      vertex 82.9401 -0.803635 40.3979
      vertex 91.0247 -9.59941 40.3979
      vertex 83.0284 -0.54352 40.3979
    endloop
  endfacet
  facet normal 0 0 1
    outer loop
      vertex 72.0006 24.0247 40.3979
      vertex 89.9994 24.0247 40.3979
      vertex 72.0376 24.2107 40.3979
    endloop
  endfacet
  facet normal 0 0 1
    outer loop
      vertex 91.0247 -9.59941 40.3979
      vertex 82.9401 -0.803635 40.3979
      vertex 90.8451 -9.66037 40.3979
    endloop
  endfacet
  facet normal 0 0 1
    outer loop
      vertex 89.9624 24.2107 40.3979
      vertex 72.0376 24.2107 40.3979
      vertex 89.9994 24.0247 40.3979
    endloop
  endfacet
  facet normal -0 0 1
    outer loop
      vertex 82.8186 -1.05 40.3979
      vertex 90.8451 -9.66037 40.3979
      vertex 82.9401 -0.803635 40.3979
    endloop
  endfacet
  facet normal 0 0 1
    outer loop
      vertex 72.0376 24.2107 40.3979
      vertex 89.9624 24.2107 40.3979
      vertex 72.05 24.4 40.3979
    endloop
  endfacet
  facet normal 0 0 1
    outer loop
      vertex 90.8451 -9.66037 40.3979
      vertex 82.8186 -1.05 40.3979
      vertex 90.675 -9.74426 40.3979
    endloop
  endfacet
  facet normal -0 0 1
    outer loop
      vertex 72.05 24.4 40.3979
      vertex 89.9624 24.2107 40.3979
      vertex 89.95 24.4 40.3979
    endloop
  endfacet
  facet normal -0 0 1
    outer loop
      vertex 82.666 -1.2784 40.3979
      vertex 90.675 -9.74426 40.3979
      vertex 82.8186 -1.05 40.3979
    endloop
  endfacet
  facet normal 0 0 1
    outer loop
      vertex 93.2 26.2654 40.3979
      vertex 93.2654 26.2 40.3979
      vertex 93.2648 26.2085 40.3979
    endloop
  endfacet
  facet normal 0 0 1
    outer loop
      vertex 92.8376 24.2107 40.3979
      vertex 93.2654 26.2 40.3979
      vertex 92.85 24.4 40.3979
    endloop
  endfacet
  facet normal 0 0 1
    outer loop
      vertex 93.2 26.2654 40.3979
      vertex 93.2648 26.2085 40.3979
      vertex 93.2632 26.2169 40.3979
    endloop
  endfacet
  facet normal 0 0 1
    outer loop
      vertex 93.2654 26.2 40.3979
      vertex 92.8376 24.2107 40.3979
      vertex 93.2654 -12.8 40.3979
    endloop
  endfacet
  facet normal 0 0 1
    outer loop
      vertex 93.2 26.2654 40.3979
      vertex 93.2632 26.2169 40.3979
      vertex 93.2604 26.225 40.3979
    endloop
  endfacet
  facet normal -0 0 1
    outer loop
      vertex 92.8376 -11.1893 40.3979
      vertex 93.2654 -12.8 40.3979
      vertex 92.85 -11 40.3979
    endloop
  endfacet
  facet normal 0 0 1
    outer loop
      vertex 93.2 26.2654 40.3979
      vertex 93.2604 26.225 40.3979
      vertex 93.2566 26.2327 40.3979
    endloop
  endfacet
  facet normal -0 0 1
    outer loop
      vertex 92.8006 -11.3753 40.3979
      vertex 93.2654 -12.8 40.3979
      vertex 92.8376 -11.1893 40.3979
    endloop
  endfacet
  facet normal 0 0 1
    outer loop
      vertex 93.2 26.2654 40.3979
      vertex 93.2566 26.2327 40.3979
      vertex 93.2519 26.2398 40.3979
    endloop
  endfacet
  facet normal -0 0 1
    outer loop
      vertex 92.7396 -11.5549 40.3979
      vertex 93.2654 -12.8 40.3979
      vertex 92.8006 -11.3753 40.3979
    endloop
  endfacet
  facet normal 0 0 1
    outer loop
      vertex 93.2 26.2654 40.3979
      vertex 93.2519 26.2398 40.3979
      vertex 93.2462 26.2462 40.3979
    endloop
  endfacet
  facet normal -0 0 1
    outer loop
      vertex 92.6557 -11.725 40.3979
      vertex 93.2654 -12.8 40.3979
      vertex 92.7396 -11.5549 40.3979
    endloop
  endfacet
  facet normal 0 0 1
    outer loop
      vertex 93.2 26.2654 40.3979
      vertex 93.2462 26.2462 40.3979
      vertex 93.2398 26.2519 40.3979
    endloop
  endfacet
  facet normal -0 0 1
    outer loop
      vertex 92.5504 -11.8827 40.3979
      vertex 93.2654 -12.8 40.3979
      vertex 92.6557 -11.725 40.3979
    endloop
  endfacet
  facet normal 0 0 1
    outer loop
      vertex 93.2 26.2654 40.3979
      vertex 93.2398 26.2519 40.3979
      vertex 93.2327 26.2566 40.3979
    endloop
  endfacet
  facet normal -0 0 1
    outer loop
      vertex 92.4253 -12.0253 40.3979
      vertex 93.2654 -12.8 40.3979
      vertex 92.5504 -11.8827 40.3979
    endloop
  endfacet
  facet normal 0 0 1
    outer loop
      vertex 93.2 26.2654 40.3979
      vertex 93.2327 26.2566 40.3979
      vertex 93.225 26.2604 40.3979
    endloop
  endfacet
  facet normal 0 -0 1
    outer loop
      vertex 93.2 -12.8654 40.3979
      vertex 93.2654 -12.8 40.3979
      vertex 92.4253 -12.0253 40.3979
    endloop
  endfacet
  facet normal 0 0 1
    outer loop
      vertex 93.2 26.2654 40.3979
      vertex 93.225 26.2604 40.3979
      vertex 93.2169 26.2632 40.3979
    endloop
  endfacet
  facet normal 0 0 1
    outer loop
      vertex 93.2654 -12.8 40.3979
      vertex 93.2 -12.8654 40.3979
      vertex 93.2648 -12.8085 40.3979
    endloop
  endfacet
  facet normal 0 0 1
    outer loop
      vertex 93.2 26.2654 40.3979
      vertex 93.2169 26.2632 40.3979
      vertex 93.2085 26.2648 40.3979
    endloop
  endfacet
  facet normal 0 0 1
    outer loop
      vertex 93.2648 -12.8085 40.3979
      vertex 93.2 -12.8654 40.3979
      vertex 93.2632 -12.8169 40.3979
    endloop
  endfacet
  facet normal 0 0 1
    outer loop
      vertex 93.2654 26.2 40.3979
      vertex 93.2 26.2654 40.3979
      vertex 92.4253 25.4253 40.3979
    endloop
  endfacet
  facet normal 0 0 1
    outer loop
      vertex 93.2604 -12.825 40.3979
      vertex 93.2 -12.8654 40.3979
      vertex 93.2566 -12.8327 40.3979
    endloop
  endfacet
  facet normal 0 0 1
    outer loop
      vertex 93.2566 -12.8327 40.3979
      vertex 93.2 -12.8654 40.3979
      vertex 93.2519 -12.8398 40.3979
    endloop
  endfacet
  facet normal 0 0 1
    outer loop
      vertex 93.2654 26.2 40.3979
      vertex 92.8376 24.5893 40.3979
      vertex 92.85 24.4 40.3979
    endloop
  endfacet
  facet normal 0 0 1
    outer loop
      vertex 93.2654 26.2 40.3979
      vertex 92.8006 24.7753 40.3979
      vertex 92.8376 24.5893 40.3979
    endloop
  endfacet
  facet normal 0 0 1
    outer loop
      vertex 93.2654 26.2 40.3979
      vertex 92.7396 24.9549 40.3979
      vertex 92.8006 24.7753 40.3979
    endloop
  endfacet
  facet normal 0 0 1
    outer loop
      vertex 93.2654 26.2 40.3979
      vertex 92.6557 25.125 40.3979
      vertex 92.7396 24.9549 40.3979
    endloop
  endfacet
  facet normal 0 0 1
    outer loop
      vertex 93.2654 26.2 40.3979
      vertex 92.5504 25.2827 40.3979
      vertex 92.6557 25.125 40.3979
    endloop
  endfacet
  facet normal 0 0 1
    outer loop
      vertex 93.2654 26.2 40.3979
      vertex 92.4253 25.4253 40.3979
      vertex 92.5504 25.2827 40.3979
    endloop
  endfacet
  facet normal 0 0 1
    outer loop
      vertex 93.2 26.2654 40.3979
      vertex 92.2827 25.5504 40.3979
      vertex 92.4253 25.4253 40.3979
    endloop
  endfacet
  facet normal 0 0 1
    outer loop
      vertex 93.2 26.2654 40.3979
      vertex 92.125 25.6557 40.3979
      vertex 92.2827 25.5504 40.3979
    endloop
  endfacet
  facet normal 0 0 1
    outer loop
      vertex 93.2 26.2654 40.3979
      vertex 91.9549 25.7396 40.3979
      vertex 92.125 25.6557 40.3979
    endloop
  endfacet
  facet normal 0 0 1
    outer loop
      vertex 93.2 26.2654 40.3979
      vertex 91.7753 25.8006 40.3979
      vertex 91.9549 25.7396 40.3979
    endloop
  endfacet
  facet normal 0 0 1
    outer loop
      vertex 93.2 26.2654 40.3979
      vertex 91.5893 25.8376 40.3979
      vertex 91.7753 25.8006 40.3979
    endloop
  endfacet
  facet normal 0 0 1
    outer loop
      vertex 93.2 26.2654 40.3979
      vertex 91.4 25.85 40.3979
      vertex 91.5893 25.8376 40.3979
    endloop
  endfacet
  facet normal 0 0 1
    outer loop
      vertex 93.2 26.2654 40.3979
      vertex 91.2107 25.8376 40.3979
      vertex 91.4 25.85 40.3979
    endloop
  endfacet
  facet normal 0 0 1
    outer loop
      vertex 93.2 26.2654 40.3979
      vertex 91.0247 25.8006 40.3979
      vertex 91.2107 25.8376 40.3979
    endloop
  endfacet
  facet normal 0 0 1
    outer loop
      vertex 90.675 -9.74426 40.3979
      vertex 82.666 -1.2784 40.3979
      vertex 90.5173 -9.84964 40.3979
    endloop
  endfacet
  facet normal 0 0 1
    outer loop
      vertex 72.05 24.4 40.3979
      vertex 89.95 24.4 40.3979
      vertex 89.9624 24.5893 40.3979
    endloop
  endfacet
  facet normal 0 0 1
    outer loop
      vertex 72.0376 24.5893 40.3979
      vertex 89.9624 24.5893 40.3979
      vertex 89.9994 24.7753 40.3979
    endloop
  endfacet
  facet normal 0 0 1
    outer loop
      vertex 90.5173 -9.84964 40.3979
      vertex 82.4849 -1.48492 40.3979
      vertex 90.3747 -9.97469 40.3979
    endloop
  endfacet
  facet normal -0 0 1
    outer loop
      vertex 82.4849 -1.48492 40.3979
      vertex 90.5173 -9.84964 40.3979
      vertex 82.666 -1.2784 40.3979
    endloop
  endfacet
  facet normal 0 0 1
    outer loop
      vertex 92.125 23.1443 40.3979
      vertex 82.9401 0.803635 40.3979
      vertex 83.0284 0.54352 40.3979
    endloop
  endfacet
  facet normal 0 0 1
    outer loop
      vertex 91.9549 23.0604 40.3979
      vertex 82.8186 1.05 40.3979
      vertex 82.9401 0.803635 40.3979
    endloop
  endfacet
  facet normal 0 0 1
    outer loop
      vertex 91.5893 22.9624 40.3979
      vertex 82.666 1.2784 40.3979
      vertex 82.8186 1.05 40.3979
    endloop
  endfacet
  facet normal 0 0 1
    outer loop
      vertex 91.4 22.95 40.3979
      vertex 82.4849 1.48492 40.3979
      vertex 82.666 1.2784 40.3979
    endloop
  endfacet
  facet normal 0 0 1
    outer loop
      vertex 91.2107 22.9624 40.3979
      vertex 82.2784 1.66604 40.3979
      vertex 82.4849 1.48492 40.3979
    endloop
  endfacet
  facet normal 0 0 1
    outer loop
      vertex 91.0247 22.9994 40.3979
      vertex 82.05 1.81865 40.3979
      vertex 82.2784 1.66604 40.3979
    endloop
  endfacet
  facet normal 0 0 1
    outer loop
      vertex 72.0006 24.7753 40.3979
      vertex 89.9994 24.7753 40.3979
      vertex 90.0604 24.9549 40.3979
    endloop
  endfacet
  facet normal 0 0 1
    outer loop
      vertex 90.8451 23.0604 40.3979
      vertex 81.8036 1.94015 40.3979
      vertex 82.05 1.81865 40.3979
    endloop
  endfacet
  facet normal 0 0 1
    outer loop
      vertex 90.675 23.1443 40.3979
      vertex 81.5435 2.02844 40.3979
      vertex 81.8036 1.94015 40.3979
    endloop
  endfacet
  facet normal 0 0 1
    outer loop
      vertex 90.5173 23.2496 40.3979
      vertex 81.2741 2.08203 40.3979
      vertex 81.5435 2.02844 40.3979
    endloop
  endfacet
  facet normal 0 0 1
    outer loop
      vertex 90.3747 23.3747 40.3979
      vertex 81 2.1 40.3979
      vertex 81.2741 2.08203 40.3979
    endloop
  endfacet
  facet normal 0 0 1
    outer loop
      vertex 71.9396 23.8451 40.3979
      vertex 90.0604 23.8451 40.3979
      vertex 72.0006 24.0247 40.3979
    endloop
  endfacet
  facet normal 0 0 1
    outer loop
      vertex 71.8557 23.675 40.3979
      vertex 90.1443 23.675 40.3979
      vertex 71.9396 23.8451 40.3979
    endloop
  endfacet
  facet normal 0 0 1
    outer loop
      vertex 90.1443 23.675 40.3979
      vertex 71.8557 23.675 40.3979
      vertex 90.2496 23.5173 40.3979
    endloop
  endfacet
  facet normal 0 0 1
    outer loop
      vertex 71.7504 23.5173 40.3979
      vertex 90.2496 23.5173 40.3979
      vertex 71.8557 23.675 40.3979
    endloop
  endfacet
  facet normal 0 0 1
    outer loop
      vertex 90.2496 23.5173 40.3979
      vertex 71.7504 23.5173 40.3979
      vertex 90.3747 23.3747 40.3979
    endloop
  endfacet
  facet normal 0 0 1
    outer loop
      vertex 71.6253 23.3747 40.3979
      vertex 90.3747 23.3747 40.3979
      vertex 71.7504 23.5173 40.3979
    endloop
  endfacet
  facet normal 0 0 1
    outer loop
      vertex 90.3747 23.3747 40.3979
      vertex 71.6253 23.3747 40.3979
      vertex 81 2.1 40.3979
    endloop
  endfacet
  facet normal 0 0 1
    outer loop
      vertex 81 2.1 40.3979
      vertex 71.6253 23.3747 40.3979
      vertex 80.7259 2.08203 40.3979
    endloop
  endfacet
  facet normal -0 0 1
    outer loop
      vertex 71.4827 23.2496 40.3979
      vertex 80.7259 2.08203 40.3979
      vertex 71.6253 23.3747 40.3979
    endloop
  endfacet
  facet normal 0 0 1
    outer loop
      vertex 78.9716 0.54352 40.3979
      vertex 72.05 -11 40.3979
      vertex 78.918 0.274104 40.3979
    endloop
  endfacet
  facet normal 0 0 1
    outer loop
      vertex 80.4565 2.02844 40.3979
      vertex 71.325 23.1443 40.3979
      vertex 80.1964 1.94015 40.3979
    endloop
  endfacet
  facet normal -0 0 1
    outer loop
      vertex 71.325 23.1443 40.3979
      vertex 80.4565 2.02844 40.3979
      vertex 71.4827 23.2496 40.3979
    endloop
  endfacet
  facet normal 0 0 1
    outer loop
      vertex 80.7259 2.08203 40.3979
      vertex 71.4827 23.2496 40.3979
      vertex 80.4565 2.02844 40.3979
    endloop
  endfacet
  facet normal 0 0 1
    outer loop
      vertex 71.9396 24.9549 40.3979
      vertex 90.0604 24.9549 40.3979
      vertex 90.1443 25.125 40.3979
    endloop
  endfacet
  facet normal 0 0 1
    outer loop
      vertex 71.8557 25.125 40.3979
      vertex 90.1443 25.125 40.3979
      vertex 90.2496 25.2827 40.3979
    endloop
  endfacet
  facet normal 0 0 1
    outer loop
      vertex 71.7504 25.2827 40.3979
      vertex 90.2496 25.2827 40.3979
      vertex 90.3747 25.4253 40.3979
    endloop
  endfacet
  facet normal 0 0 1
    outer loop
      vertex 71.6253 25.4253 40.3979
      vertex 90.3747 25.4253 40.3979
      vertex 90.5173 25.5504 40.3979
    endloop
  endfacet
  facet normal 0 0 1
    outer loop
      vertex 71.4827 25.5504 40.3979
      vertex 90.5173 25.5504 40.3979
      vertex 90.675 25.6557 40.3979
    endloop
  endfacet
  facet normal 0 0 1
    outer loop
      vertex 71.325 25.6557 40.3979
      vertex 90.675 25.6557 40.3979
      vertex 90.8451 25.7396 40.3979
    endloop
  endfacet
  facet normal 0 0 1
    outer loop
      vertex 71.1549 25.7396 40.3979
      vertex 90.8451 25.7396 40.3979
      vertex 91.0247 25.8006 40.3979
    endloop
  endfacet
  facet normal 0 0 1
    outer loop
      vertex 70.9753 25.8006 40.3979
      vertex 91.0247 25.8006 40.3979
      vertex 93.2 26.2654 40.3979
    endloop
  endfacet
  facet normal 0 0 1
    outer loop
      vertex 89.9624 24.5893 40.3979
      vertex 72.0376 24.5893 40.3979
      vertex 72.05 24.4 40.3979
    endloop
  endfacet
  facet normal 0 0 1
    outer loop
      vertex 89.9994 24.7753 40.3979
      vertex 72.0006 24.7753 40.3979
      vertex 72.0376 24.5893 40.3979
    endloop
  endfacet
  facet normal 0 0 1
    outer loop
      vertex 90.0604 24.9549 40.3979
      vertex 71.9396 24.9549 40.3979
      vertex 72.0006 24.7753 40.3979
    endloop
  endfacet
  facet normal 0 0 1
    outer loop
      vertex 90.1443 25.125 40.3979
      vertex 71.8557 25.125 40.3979
      vertex 71.9396 24.9549 40.3979
    endloop
  endfacet
  facet normal 0 0 1
    outer loop
      vertex 90.2496 25.2827 40.3979
      vertex 71.7504 25.2827 40.3979
      vertex 71.8557 25.125 40.3979
    endloop
  endfacet
  facet normal 0 0 1
    outer loop
      vertex 90.3747 25.4253 40.3979
      vertex 71.6253 25.4253 40.3979
      vertex 71.7504 25.2827 40.3979
    endloop
  endfacet
  facet normal 0 0 1
    outer loop
      vertex 90.5173 25.5504 40.3979
      vertex 71.4827 25.5504 40.3979
      vertex 71.6253 25.4253 40.3979
    endloop
  endfacet
  facet normal 0 0 1
    outer loop
      vertex 90.675 25.6557 40.3979
      vertex 71.325 25.6557 40.3979
      vertex 71.4827 25.5504 40.3979
    endloop
  endfacet
  facet normal 0 0 1
    outer loop
      vertex 90.8451 25.7396 40.3979
      vertex 71.1549 25.7396 40.3979
      vertex 71.325 25.6557 40.3979
    endloop
  endfacet
  facet normal 0 0 1
    outer loop
      vertex 91.0247 25.8006 40.3979
      vertex 70.9753 25.8006 40.3979
      vertex 71.1549 25.7396 40.3979
    endloop
  endfacet
  facet normal 0 0 1
    outer loop
      vertex 93.2 26.2654 40.3979
      vertex 70.7893 25.8376 40.3979
      vertex 70.9753 25.8006 40.3979
    endloop
  endfacet
  facet normal -0 0 1
    outer loop
      vertex 68.8 26.2654 40.3979
      vertex 70.7893 25.8376 40.3979
      vertex 93.2 26.2654 40.3979
    endloop
  endfacet
  facet normal 0 0 1
    outer loop
      vertex 69.1624 24.5893 40.3979
      vertex 68.7346 26.2 40.3979
      vertex 69.15 24.4 40.3979
    endloop
  endfacet
  facet normal 0 0 1
    outer loop
      vertex 69.1994 24.7753 40.3979
      vertex 68.7346 26.2 40.3979
      vertex 69.1624 24.5893 40.3979
    endloop
  endfacet
  facet normal 0 0 1
    outer loop
      vertex 69.2604 24.9549 40.3979
      vertex 68.7346 26.2 40.3979
      vertex 69.1994 24.7753 40.3979
    endloop
  endfacet
  facet normal 0 0 1
    outer loop
      vertex 69.3443 25.125 40.3979
      vertex 68.7346 26.2 40.3979
      vertex 69.2604 24.9549 40.3979
    endloop
  endfacet
  facet normal 0 0 1
    outer loop
      vertex 69.4496 25.2827 40.3979
      vertex 68.7346 26.2 40.3979
      vertex 69.3443 25.125 40.3979
    endloop
  endfacet
  facet normal 0 0 1
    outer loop
      vertex 69.5747 25.4253 40.3979
      vertex 68.7346 26.2 40.3979
      vertex 69.4496 25.2827 40.3979
    endloop
  endfacet
  facet normal -0 0 1
    outer loop
      vertex 68.7346 26.2 40.3979
      vertex 69.5747 25.4253 40.3979
      vertex 68.8 26.2654 40.3979
    endloop
  endfacet
  facet normal 0 0 1
    outer loop
      vertex 69.7173 25.5504 40.3979
      vertex 68.8 26.2654 40.3979
      vertex 69.5747 25.4253 40.3979
    endloop
  endfacet
  facet normal 0 0 1
    outer loop
      vertex 69.875 25.6557 40.3979
      vertex 68.8 26.2654 40.3979
      vertex 69.7173 25.5504 40.3979
    endloop
  endfacet
  facet normal 0 0 1
    outer loop
      vertex 70.0451 25.7396 40.3979
      vertex 68.8 26.2654 40.3979
      vertex 69.875 25.6557 40.3979
    endloop
  endfacet
  facet normal 0 0 1
    outer loop
      vertex 70.2247 25.8006 40.3979
      vertex 68.8 26.2654 40.3979
      vertex 70.0451 25.7396 40.3979
    endloop
  endfacet
  facet normal 0 0 1
    outer loop
      vertex 70.4107 25.8376 40.3979
      vertex 68.8 26.2654 40.3979
      vertex 70.2247 25.8006 40.3979
    endloop
  endfacet
  facet normal 0 0 1
    outer loop
      vertex 70.6 25.85 40.3979
      vertex 68.8 26.2654 40.3979
      vertex 70.4107 25.8376 40.3979
    endloop
  endfacet
  facet normal 0 0 1
    outer loop
      vertex 70.7893 25.8376 40.3979
      vertex 68.8 26.2654 40.3979
      vertex 70.6 25.85 40.3979
    endloop
  endfacet
  facet normal 0 0 1
    outer loop
      vertex 93.2519 -12.8398 40.3979
      vertex 93.2 -12.8654 40.3979
      vertex 93.2462 -12.8462 40.3979
    endloop
  endfacet
  facet normal 0 0 1
    outer loop
      vertex 93.2462 -12.8462 40.3979
      vertex 93.2 -12.8654 40.3979
      vertex 93.2398 -12.8519 40.3979
    endloop
  endfacet
  facet normal 0 0 1
    outer loop
      vertex 93.2398 -12.8519 40.3979
      vertex 93.2 -12.8654 40.3979
      vertex 93.2327 -12.8566 40.3979
    endloop
  endfacet
  facet normal 0 0 1
    outer loop
      vertex 93.2327 -12.8566 40.3979
      vertex 93.2 -12.8654 40.3979
      vertex 93.225 -12.8604 40.3979
    endloop
  endfacet
  facet normal 0 0 1
    outer loop
      vertex 93.225 -12.8604 40.3979
      vertex 93.2 -12.8654 40.3979
      vertex 93.2169 -12.8632 40.3979
    endloop
  endfacet
  facet normal 0 0 1
    outer loop
      vertex 93.2169 -12.8632 40.3979
      vertex 93.2 -12.8654 40.3979
      vertex 93.2085 -12.8648 40.3979
    endloop
  endfacet
  facet normal 0 0 1
    outer loop
      vertex 93.2632 -12.8169 40.3979
      vertex 93.2 -12.8654 40.3979
      vertex 93.2604 -12.825 40.3979
    endloop
  endfacet
  facet normal -0 0 1
    outer loop
      vertex 92.2827 -12.1504 40.3979
      vertex 93.2 -12.8654 40.3979
      vertex 92.4253 -12.0253 40.3979
    endloop
  endfacet
  facet normal -0 0 1
    outer loop
      vertex 92.125 -12.2557 40.3979
      vertex 93.2 -12.8654 40.3979
      vertex 92.2827 -12.1504 40.3979
    endloop
  endfacet
  facet normal -0 0 1
    outer loop
      vertex 91.9549 -12.3396 40.3979
      vertex 93.2 -12.8654 40.3979
      vertex 92.125 -12.2557 40.3979
    endloop
  endfacet
  facet normal -0 0 1
    outer loop
      vertex 91.7753 -12.4006 40.3979
      vertex 93.2 -12.8654 40.3979
      vertex 91.9549 -12.3396 40.3979
    endloop
  endfacet
  facet normal -0 0 1
    outer loop
      vertex 91.5893 -12.4376 40.3979
      vertex 93.2 -12.8654 40.3979
      vertex 91.7753 -12.4006 40.3979
    endloop
  endfacet
  facet normal -0 0 1
    outer loop
      vertex 91.4 -12.45 40.3979
      vertex 93.2 -12.8654 40.3979
      vertex 91.5893 -12.4376 40.3979
    endloop
  endfacet
  facet normal 0 0 1
    outer loop
      vertex 91.2107 -12.4376 40.3979
      vertex 93.2 -12.8654 40.3979
      vertex 91.4 -12.45 40.3979
    endloop
  endfacet
  facet normal 0 0 1
    outer loop
      vertex 91.0247 -12.4006 40.3979
      vertex 93.2 -12.8654 40.3979
      vertex 91.2107 -12.4376 40.3979
    endloop
  endfacet
  facet normal -0 0 1
    outer loop
      vertex 82.2784 -1.66604 40.3979
      vertex 90.3747 -9.97469 40.3979
      vertex 82.4849 -1.48492 40.3979
    endloop
  endfacet
  facet normal 0 0 1
    outer loop
      vertex 90.3747 -9.97469 40.3979
      vertex 82.2784 -1.66604 40.3979
      vertex 90.2496 -10.1173 40.3979
    endloop
  endfacet
  facet normal -0 0 1
    outer loop
      vertex 82.05 -1.81865 40.3979
      vertex 90.2496 -10.1173 40.3979
      vertex 82.2784 -1.66604 40.3979
    endloop
  endfacet
  facet normal 0 0 1
    outer loop
      vertex 90.2496 -10.1173 40.3979
      vertex 82.05 -1.81865 40.3979
      vertex 90.1443 -10.275 40.3979
    endloop
  endfacet
  facet normal -0 0 1
    outer loop
      vertex 81.8036 -1.94015 40.3979
      vertex 90.1443 -10.275 40.3979
      vertex 82.05 -1.81865 40.3979
    endloop
  endfacet
  facet normal 0 0 1
    outer loop
      vertex 90.1443 -10.275 40.3979
      vertex 81.8036 -1.94015 40.3979
      vertex 90.0604 -10.4451 40.3979
    endloop
  endfacet
  facet normal -0 0 1
    outer loop
      vertex 81.5435 -2.02844 40.3979
      vertex 90.0604 -10.4451 40.3979
      vertex 81.8036 -1.94015 40.3979
    endloop
  endfacet
  facet normal 0 0 1
    outer loop
      vertex 90.0604 -10.4451 40.3979
      vertex 81.5435 -2.02844 40.3979
      vertex 89.9994 -10.6247 40.3979
    endloop
  endfacet
  facet normal -0 0 1
    outer loop
      vertex 81.2741 -2.08203 40.3979
      vertex 89.9994 -10.6247 40.3979
      vertex 81.5435 -2.02844 40.3979
    endloop
  endfacet
  facet normal 0 0 1
    outer loop
      vertex 89.9994 -10.6247 40.3979
      vertex 81.2741 -2.08203 40.3979
      vertex 89.9624 -10.8107 40.3979
    endloop
  endfacet
  facet normal 0 0 1
    outer loop
      vertex 89.9624 -10.8107 40.3979
      vertex 81.2741 -2.08203 40.3979
      vertex 89.95 -11 40.3979
    endloop
  endfacet
  facet normal -0 0 1
    outer loop
      vertex 81 -2.1 40.3979
      vertex 89.95 -11 40.3979
      vertex 81.2741 -2.08203 40.3979
    endloop
  endfacet
  facet normal 0 0 1
    outer loop
      vertex 72.05 -11 40.3979
      vertex 89.95 -11 40.3979
      vertex 81 -2.1 40.3979
    endloop
  endfacet
  facet normal 0 0 1
    outer loop
      vertex 89.95 -11 40.3979
      vertex 72.05 -11 40.3979
      vertex 89.9624 -11.1893 40.3979
    endloop
  endfacet
  facet normal 0 0 1
    outer loop
      vertex 72.0376 -11.1893 40.3979
      vertex 89.9624 -11.1893 40.3979
      vertex 72.05 -11 40.3979
    endloop
  endfacet
  facet normal 0 0 1
    outer loop
      vertex 89.9624 -11.1893 40.3979
      vertex 72.0376 -11.1893 40.3979
      vertex 89.9994 -11.3753 40.3979
    endloop
  endfacet
  facet normal 0 0 1
    outer loop
      vertex 72.0006 -11.3753 40.3979
      vertex 89.9994 -11.3753 40.3979
      vertex 72.0376 -11.1893 40.3979
    endloop
  endfacet
  facet normal 0 0 1
    outer loop
      vertex 89.9994 -11.3753 40.3979
      vertex 72.0006 -11.3753 40.3979
      vertex 90.0604 -11.5549 40.3979
    endloop
  endfacet
  facet normal 0 0 1
    outer loop
      vertex 72.05 -11 40.3979
      vertex 81 -2.1 40.3979
      vertex 80.7259 -2.08203 40.3979
    endloop
  endfacet
  facet normal 0 0 1
    outer loop
      vertex 72.05 -11 40.3979
      vertex 80.7259 -2.08203 40.3979
      vertex 80.4565 -2.02844 40.3979
    endloop
  endfacet
  facet normal 0 0 1
    outer loop
      vertex 72.05 -11 40.3979
      vertex 80.4565 -2.02844 40.3979
      vertex 80.1964 -1.94015 40.3979
    endloop
  endfacet
  facet normal 0 0 1
    outer loop
      vertex 72.05 -11 40.3979
      vertex 80.1964 -1.94015 40.3979
      vertex 79.95 -1.81865 40.3979
    endloop
  endfacet
  facet normal 0 0 1
    outer loop
      vertex 72.05 -11 40.3979
      vertex 79.95 -1.81865 40.3979
      vertex 79.7216 -1.66604 40.3979
    endloop
  endfacet
  facet normal 0 0 1
    outer loop
      vertex 72.05 -11 40.3979
      vertex 79.7216 -1.66604 40.3979
      vertex 79.5151 -1.48492 40.3979
    endloop
  endfacet
  facet normal 0 0 1
    outer loop
      vertex 78.918 0.274104 40.3979
      vertex 72.05 -11 40.3979
      vertex 78.9 0 40.3979
    endloop
  endfacet
  facet normal 0 0 1
    outer loop
      vertex 78.9 0 40.3979
      vertex 72.05 -11 40.3979
      vertex 78.918 -0.274104 40.3979
    endloop
  endfacet
  facet normal 0 0 1
    outer loop
      vertex 78.918 -0.274104 40.3979
      vertex 72.05 -11 40.3979
      vertex 78.9716 -0.54352 40.3979
    endloop
  endfacet
  facet normal 0 0 1
    outer loop
      vertex 72.05 -11 40.3979
      vertex 79.0599 -0.803635 40.3979
      vertex 78.9716 -0.54352 40.3979
    endloop
  endfacet
  facet normal 0 0 1
    outer loop
      vertex 72.05 -11 40.3979
      vertex 79.1813 -1.05 40.3979
      vertex 79.0599 -0.803635 40.3979
    endloop
  endfacet
  facet normal 0 0 1
    outer loop
      vertex 72.05 -11 40.3979
      vertex 79.334 -1.2784 40.3979
      vertex 79.1813 -1.05 40.3979
    endloop
  endfacet
  facet normal 0 0 1
    outer loop
      vertex 72.05 -11 40.3979
      vertex 79.5151 -1.48492 40.3979
      vertex 79.334 -1.2784 40.3979
    endloop
  endfacet
  facet normal 0 0 1
    outer loop
      vertex 71.9396 -11.5549 40.3979
      vertex 90.0604 -11.5549 40.3979
      vertex 72.0006 -11.3753 40.3979
    endloop
  endfacet
  facet normal 0 0 1
    outer loop
      vertex 90.0604 -11.5549 40.3979
      vertex 71.9396 -11.5549 40.3979
      vertex 90.1443 -11.725 40.3979
    endloop
  endfacet
  facet normal 0 0 1
    outer loop
      vertex 71.8557 -11.725 40.3979
      vertex 90.1443 -11.725 40.3979
      vertex 71.9396 -11.5549 40.3979
    endloop
  endfacet
  facet normal 0 0 1
    outer loop
      vertex 90.1443 -11.725 40.3979
      vertex 71.8557 -11.725 40.3979
      vertex 90.2496 -11.8827 40.3979
    endloop
  endfacet
  facet normal 0 0 1
    outer loop
      vertex 71.7504 -11.8827 40.3979
      vertex 90.2496 -11.8827 40.3979
      vertex 71.8557 -11.725 40.3979
    endloop
  endfacet
  facet normal 0 0 1
    outer loop
      vertex 90.2496 -11.8827 40.3979
      vertex 71.7504 -11.8827 40.3979
      vertex 90.3747 -12.0253 40.3979
    endloop
  endfacet
  facet normal 0 0 1
    outer loop
      vertex 71.6253 -12.0253 40.3979
      vertex 90.3747 -12.0253 40.3979
      vertex 71.7504 -11.8827 40.3979
    endloop
  endfacet
  facet normal 0 0 1
    outer loop
      vertex 90.3747 -12.0253 40.3979
      vertex 71.6253 -12.0253 40.3979
      vertex 90.5173 -12.1504 40.3979
    endloop
  endfacet
  facet normal 0 0 1
    outer loop
      vertex 71.4827 -12.1504 40.3979
      vertex 90.5173 -12.1504 40.3979
      vertex 71.6253 -12.0253 40.3979
    endloop
  endfacet
  facet normal 0 0 1
    outer loop
      vertex 90.5173 -12.1504 40.3979
      vertex 71.4827 -12.1504 40.3979
      vertex 90.675 -12.2557 40.3979
    endloop
  endfacet
  facet normal 0 0 1
    outer loop
      vertex 71.325 -12.2557 40.3979
      vertex 90.675 -12.2557 40.3979
      vertex 71.4827 -12.1504 40.3979
    endloop
  endfacet
  facet normal 0 0 1
    outer loop
      vertex 90.675 -12.2557 40.3979
      vertex 71.325 -12.2557 40.3979
      vertex 90.8451 -12.3396 40.3979
    endloop
  endfacet
  facet normal 0 0 1
    outer loop
      vertex 71.1549 -12.3396 40.3979
      vertex 90.8451 -12.3396 40.3979
      vertex 71.325 -12.2557 40.3979
    endloop
  endfacet
  facet normal 0 0 1
    outer loop
      vertex 90.8451 -12.3396 40.3979
      vertex 71.1549 -12.3396 40.3979
      vertex 91.0247 -12.4006 40.3979
    endloop
  endfacet
  facet normal 0 0 1
    outer loop
      vertex 70.9753 -12.4006 40.3979
      vertex 91.0247 -12.4006 40.3979
      vertex 71.1549 -12.3396 40.3979
    endloop
  endfacet
  facet normal 0 0 1
    outer loop
      vertex 91.0247 -12.4006 40.3979
      vertex 70.9753 -12.4006 40.3979
      vertex 93.2 -12.8654 40.3979
    endloop
  endfacet
  facet normal -0 0 1
    outer loop
      vertex 70.7893 -12.4376 40.3979
      vertex 93.2 -12.8654 40.3979
      vertex 70.9753 -12.4006 40.3979
    endloop
  endfacet
  facet normal 0 0 1
    outer loop
      vertex 68.8 -12.8654 40.3979
      vertex 70.7893 -12.4376 40.3979
      vertex 70.6 -12.45 40.3979
    endloop
  endfacet
  facet normal 0 0 1
    outer loop
      vertex 70.7893 -12.4376 40.3979
      vertex 68.8 -12.8654 40.3979
      vertex 93.2 -12.8654 40.3979
    endloop
  endfacet
  facet normal 0 0 1
    outer loop
      vertex 70.4107 -12.4376 40.3979
      vertex 68.8 -12.8654 40.3979
      vertex 70.6 -12.45 40.3979
    endloop
  endfacet
  facet normal 0 0 1
    outer loop
      vertex 70.2247 -12.4006 40.3979
      vertex 68.8 -12.8654 40.3979
      vertex 70.4107 -12.4376 40.3979
    endloop
  endfacet
  facet normal 0 0 1
    outer loop
      vertex 70.0451 -12.3396 40.3979
      vertex 68.8 -12.8654 40.3979
      vertex 70.2247 -12.4006 40.3979
    endloop
  endfacet
  facet normal 0 0 1
    outer loop
      vertex 69.875 -12.2557 40.3979
      vertex 68.8 -12.8654 40.3979
      vertex 70.0451 -12.3396 40.3979
    endloop
  endfacet
  facet normal 0 0 1
    outer loop
      vertex 69.7173 -12.1504 40.3979
      vertex 68.8 -12.8654 40.3979
      vertex 69.875 -12.2557 40.3979
    endloop
  endfacet
  facet normal 0 0 1
    outer loop
      vertex 69.5747 -12.0253 40.3979
      vertex 68.8 -12.8654 40.3979
      vertex 69.7173 -12.1504 40.3979
    endloop
  endfacet
  facet normal 0 0 1
    outer loop
      vertex 68.7346 -12.8 40.3979
      vertex 69.5747 -12.0253 40.3979
      vertex 69.4496 -11.8827 40.3979
    endloop
  endfacet
  facet normal 0 0 1
    outer loop
      vertex 68.7346 -12.8 40.3979
      vertex 69.4496 -11.8827 40.3979
      vertex 69.3443 -11.725 40.3979
    endloop
  endfacet
  facet normal 0 0 1
    outer loop
      vertex 68.7346 -12.8 40.3979
      vertex 69.3443 -11.725 40.3979
      vertex 69.2604 -11.5549 40.3979
    endloop
  endfacet
  facet normal 0 0 1
    outer loop
      vertex 68.7346 -12.8 40.3979
      vertex 69.2604 -11.5549 40.3979
      vertex 69.1994 -11.3753 40.3979
    endloop
  endfacet
  facet normal 0 0 1
    outer loop
      vertex 68.7346 -12.8 40.3979
      vertex 69.1994 -11.3753 40.3979
      vertex 69.1624 -11.1893 40.3979
    endloop
  endfacet
  facet normal 0 0 1
    outer loop
      vertex 68.7346 -12.8 40.3979
      vertex 69.1624 -11.1893 40.3979
      vertex 69.15 -11 40.3979
    endloop
  endfacet
  facet normal 0 0 1
    outer loop
      vertex 68.7346 -12.8 40.3979
      vertex 69.1624 -10.8107 40.3979
      vertex 68.7346 26.2 40.3979
    endloop
  endfacet
  facet normal 0 0 1
    outer loop
      vertex 68.7346 26.2 40.3979
      vertex 68.8 26.2654 40.3979
      vertex 68.7915 26.2648 40.3979
    endloop
  endfacet
  facet normal 0 0 1
    outer loop
      vertex 69.1624 -10.8107 40.3979
      vertex 68.7346 -12.8 40.3979
      vertex 69.15 -11 40.3979
    endloop
  endfacet
  facet normal 0 0 1
    outer loop
      vertex 68.7346 26.2 40.3979
      vertex 68.7915 26.2648 40.3979
      vertex 68.7831 26.2632 40.3979
    endloop
  endfacet
  facet normal 0 0 1
    outer loop
      vertex 69.5747 -12.0253 40.3979
      vertex 68.7346 -12.8 40.3979
      vertex 68.8 -12.8654 40.3979
    endloop
  endfacet
  facet normal 0 0 1
    outer loop
      vertex 68.7346 26.2 40.3979
      vertex 68.7831 26.2632 40.3979
      vertex 68.775 26.2604 40.3979
    endloop
  endfacet
  facet normal 0 0 1
    outer loop
      vertex 68.8 -12.8654 40.3979
      vertex 68.7346 -12.8 40.3979
      vertex 68.7915 -12.8648 40.3979
    endloop
  endfacet
  facet normal 0 0 1
    outer loop
      vertex 68.7346 26.2 40.3979
      vertex 68.775 26.2604 40.3979
      vertex 68.7673 26.2566 40.3979
    endloop
  endfacet
  facet normal 0 0 1
    outer loop
      vertex 68.7915 -12.8648 40.3979
      vertex 68.7346 -12.8 40.3979
      vertex 68.7831 -12.8632 40.3979
    endloop
  endfacet
  facet normal 0 0 1
    outer loop
      vertex 68.7346 26.2 40.3979
      vertex 68.7673 26.2566 40.3979
      vertex 68.7602 26.2519 40.3979
    endloop
  endfacet
  facet normal 0 0 1
    outer loop
      vertex 68.7831 -12.8632 40.3979
      vertex 68.7346 -12.8 40.3979
      vertex 68.775 -12.8604 40.3979
    endloop
  endfacet
  facet normal 0 0 1
    outer loop
      vertex 68.7346 26.2 40.3979
      vertex 68.7602 26.2519 40.3979
      vertex 68.7538 26.2462 40.3979
    endloop
  endfacet
  facet normal 0 0 1
    outer loop
      vertex 68.775 -12.8604 40.3979
      vertex 68.7346 -12.8 40.3979
      vertex 68.7673 -12.8566 40.3979
    endloop
  endfacet
  facet normal 0 0 1
    outer loop
      vertex 68.7346 26.2 40.3979
      vertex 68.7538 26.2462 40.3979
      vertex 68.7481 26.2398 40.3979
    endloop
  endfacet
  facet normal 0 0 1
    outer loop
      vertex 68.7673 -12.8566 40.3979
      vertex 68.7346 -12.8 40.3979
      vertex 68.7602 -12.8519 40.3979
    endloop
  endfacet
  facet normal 0 0 1
    outer loop
      vertex 68.7346 26.2 40.3979
      vertex 68.7481 26.2398 40.3979
      vertex 68.7434 26.2327 40.3979
    endloop
  endfacet
  facet normal 0 0 1
    outer loop
      vertex 68.7602 -12.8519 40.3979
      vertex 68.7346 -12.8 40.3979
      vertex 68.7538 -12.8462 40.3979
    endloop
  endfacet
  facet normal 0 0 1
    outer loop
      vertex 68.7346 26.2 40.3979
      vertex 68.7434 26.2327 40.3979
      vertex 68.7396 26.225 40.3979
    endloop
  endfacet
  facet normal 0 0 1
    outer loop
      vertex 68.7538 -12.8462 40.3979
      vertex 68.7346 -12.8 40.3979
      vertex 68.7481 -12.8398 40.3979
    endloop
  endfacet
  facet normal 0 0 1
    outer loop
      vertex 68.7346 26.2 40.3979
      vertex 68.7396 26.225 40.3979
      vertex 68.7368 26.2169 40.3979
    endloop
  endfacet
  facet normal 0 0 1
    outer loop
      vertex 68.7481 -12.8398 40.3979
      vertex 68.7346 -12.8 40.3979
      vertex 68.7434 -12.8327 40.3979
    endloop
  endfacet
  facet normal 0 0 1
    outer loop
      vertex 68.7346 26.2 40.3979
      vertex 68.7368 26.2169 40.3979
      vertex 68.7352 26.2085 40.3979
    endloop
  endfacet
  facet normal 0 0 1
    outer loop
      vertex 68.7434 -12.8327 40.3979
      vertex 68.7346 -12.8 40.3979
      vertex 68.7396 -12.825 40.3979
    endloop
  endfacet
  facet normal 0 0 1
    outer loop
      vertex 68.7396 -12.825 40.3979
      vertex 68.7346 -12.8 40.3979
      vertex 68.7368 -12.8169 40.3979
    endloop
  endfacet
  facet normal 0 0 1
    outer loop
      vertex 68.7368 -12.8169 40.3979
      vertex 68.7346 -12.8 40.3979
      vertex 68.7352 -12.8085 40.3979
    endloop
  endfacet
  facet normal 0.938721 -0.318983 0.130587
    outer loop
      vertex 94.1639 -13.0583 39.4654
      vertex 94.1061 -13.1753 39.5951
      vertex 94.1219 -13.1819 39.4654
    endloop
  endfacet
  facet normal 0.889181 -0.438511 0.130634
    outer loop
      vertex 94.1061 -13.1753 39.5951
      vertex 94.0642 -13.2989 39.4654
      vertex 94.1219 -13.1819 39.4654
    endloop
  endfacet
  facet normal 0.875064 -0.29691 -0.382241
    outer loop
      vertex 94.0749 -13.1624 38.6786
      vertex 94.0663 -13.0321 38.5577
      vertex 94.1147 -13.0451 38.6786
    endloop
  endfacet
  facet normal 0.84994 -0.169249 -0.498956
    outer loop
      vertex 94.0663 -13.0321 38.5577
      vertex 94.0244 -12.9085 38.4444
      vertex 94.0892 -12.9171 38.5577
    endloop
  endfacet
  facet normal 0.768185 -0.513864 -0.381884
    outer loop
      vertex 93.9512 -13.3765 38.6786
      vertex 93.9115 -13.346 38.5577
      vertex 94.0201 -13.2735 38.6786
    endloop
  endfacet
  facet normal 0.726051 -0.637177 -0.258564
    outer loop
      vertex 93.9781 -13.3971 38.8049
      vertex 93.8935 -13.4935 38.8049
      vertex 93.9512 -13.3765 38.6786
    endloop
  endfacet
  facet normal 0.906279 -0.180468 -0.382217
    outer loop
      vertex 94.1147 -13.0451 38.6786
      vertex 94.0663 -13.0321 38.5577
      vertex 94.0892 -12.9171 38.5577
    endloop
  endfacet
  facet normal 0.906652 -0.179838 -0.381629
    outer loop
      vertex 94.1147 -13.0451 38.6786
      vertex 94.0892 -12.9171 38.5577
      vertex 94.1388 -12.9236 38.6786
    endloop
  endfacet
  facet normal -0.180517 0.906524 0.381612
    outer loop
      vertex 68.6764 27.1388 39.7214
      vertex 68.5679 27.0663 39.8423
      vertex 68.6829 27.0892 39.8423
    endloop
  endfacet
  facet normal -0.169249 0.84994 0.498956
    outer loop
      vertex 68.6829 27.0892 39.8423
      vertex 68.5679 27.0663 39.8423
      vertex 68.6915 27.0244 39.9556
    endloop
  endfacet
  facet normal -0.118752 0.598002 0.792648
    outer loop
      vertex 68.7139 26.8537 40.1518
      vertex 68.6293 26.8369 40.1518
      vertex 68.6562 26.7366 40.2315
    endloop
  endfacet
  facet normal -0.0460866 0.706421 0.70629
    outer loop
      vertex 68.8 26.9518 40.0593
      vertex 68.7019 26.9454 40.0593
      vertex 68.7139 26.8537 40.1518
    endloop
  endfacet
  facet normal -0.438511 0.889181 0.130634
    outer loop
      vertex 68.4181 27.1219 39.4654
      vertex 68.3011 27.0642 39.4654
      vertex 68.4247 27.1061 39.5951
    endloop
  endfacet
  facet normal -0.438144 0.889425 0.130206
    outer loop
      vertex 68.4247 27.1061 39.5951
      vertex 68.3011 27.0642 39.4654
      vertex 68.3096 27.0494 39.5951
    endloop
  endfacet
  facet normal 0 1 -0
    outer loop
      vertex 93.2 27.1979 38.9346
      vertex 68.8 27.1979 39.4654
      vertex 93.2 27.1979 39.4654
    endloop
  endfacet
  facet normal 0 1 0
    outer loop
      vertex 68.8 27.1979 39.4654
      vertex 93.2 27.1979 38.9346
      vertex 68.8 27.1979 38.9346
    endloop
  endfacet
  facet normal -0.321738 0.946829 0
    outer loop
      vertex 68.5417 27.1639 38.9346
      vertex 68.4181 27.1219 39.4654
      vertex 68.5417 27.1639 39.4654
    endloop
  endfacet
  facet normal -0.321738 0.946829 0
    outer loop
      vertex 68.4181 27.1219 39.4654
      vertex 68.5417 27.1639 38.9346
      vertex 68.4181 27.1219 38.9346
    endloop
  endfacet
  facet normal -0.0632547 0.963881 -0.258714
    outer loop
      vertex 68.8 27.1469 38.6786
      vertex 68.672 27.1724 38.8049
      vertex 68.8 27.1808 38.8049
    endloop
  endfacet
  facet normal -0.0631687 0.963908 -0.258632
    outer loop
      vertex 68.6764 27.1388 38.6786
      vertex 68.672 27.1724 38.8049
      vertex 68.8 27.1469 38.6786
    endloop
  endfacet
  facet normal -0.596542 0.523892 0.608009
    outer loop
      vertex 68.2684 26.7316 40.0593
      vertex 68.1404 26.7062 39.9556
      vertex 68.2035 26.6577 40.0593
    endloop
  endfacet
  facet normal -0.383423 0.777209 0.498932
    outer loop
      vertex 68.4568 27.0286 39.8423
      vertex 68.3843 26.9201 39.9556
      vertex 68.4818 26.9682 39.9556
    endloop
  endfacet
  facet normal -0.382056 0.0245608 0.923813
    outer loop
      vertex 68.4813 26.242 40.3469
      vertex 68.3577 26.2 40.2969
      vertex 68.4786 26.2 40.3469
    endloop
  endfacet
  facet normal -0.259003 0.0172669 0.965722
    outer loop
      vertex 68.6066 26.2255 40.3808
      vertex 68.4813 26.242 40.3469
      vertex 68.6049 26.2 40.3808
    endloop
  endfacet
  facet normal -0.311111 0.914618 -0.258232
    outer loop
      vertex 68.5549 27.1147 38.6786
      vertex 68.4376 27.0748 38.6786
      vertex 68.5462 27.1474 38.8049
    endloop
  endfacet
  facet normal -0.297581 0.874843 -0.382225
    outer loop
      vertex 68.5679 27.0663 38.5577
      vertex 68.4376 27.0748 38.6786
      vertex 68.5549 27.1147 38.6786
    endloop
  endfacet
  facet normal -0.896867 0.442301 0
    outer loop
      vertex 67.8781 26.5819 38.9346
      vertex 67.9358 26.6989 39.4654
      vertex 67.9358 26.6989 38.9346
    endloop
  endfacet
  facet normal -0.896867 0.442301 0
    outer loop
      vertex 67.9358 26.6989 39.4654
      vertex 67.8781 26.5819 38.9346
      vertex 67.8781 26.5819 39.4654
    endloop
  endfacet
  facet normal -0.875064 0.29691 -0.382241
    outer loop
      vertex 67.9337 26.4321 38.5577
      vertex 67.8853 26.4451 38.6786
      vertex 67.9251 26.5624 38.6786
    endloop
  endfacet
  facet normal -0.972526 0.192835 -0.130412
    outer loop
      vertex 67.8526 26.4538 38.8049
      vertex 67.8107 26.3302 38.9346
      vertex 67.8361 26.4583 38.9346
    endloop
  endfacet
  facet normal -0.946829 0.321738 0
    outer loop
      vertex 67.8361 26.4583 38.9346
      vertex 67.8781 26.5819 39.4654
      vertex 67.8781 26.5819 38.9346
    endloop
  endfacet
  facet normal -0.946829 0.321738 0
    outer loop
      vertex 67.8781 26.5819 39.4654
      vertex 67.8361 26.4583 38.9346
      vertex 67.8361 26.4583 39.4654
    endloop
  endfacet
  facet normal -0.695044 0.609149 0.381905
    outer loop
      vertex 68.1658 26.8342 39.8423
      vertex 68.0488 26.7765 39.7214
      vertex 68.0885 26.746 39.8423
    endloop
  endfacet
  facet normal -0.768185 0.513864 0.381884
    outer loop
      vertex 68.0488 26.7765 39.7214
      vertex 67.9799 26.6735 39.7214
      vertex 68.0885 26.746 39.8423
    endloop
  endfacet
  facet normal -0.571402 0.651096 0.499573
    outer loop
      vertex 68.2938 26.8596 39.9556
      vertex 68.1658 26.8342 39.8423
      vertex 68.2121 26.7879 39.9556
    endloop
  endfacet
  facet normal -0.651096 0.571402 0.499573
    outer loop
      vertex 68.1658 26.8342 39.8423
      vertex 68.1404 26.7062 39.9556
      vertex 68.2121 26.7879 39.9556
    endloop
  endfacet
  facet normal 0.726051 0.637177 0.258564
    outer loop
      vertex 93.9781 26.7971 39.5951
      vertex 93.8935 26.8935 39.5951
      vertex 93.9512 26.7765 39.7214
    endloop
  endfacet
  facet normal 0.824573 0.550475 0.130602
    outer loop
      vertex 93.9917 26.8075 39.4654
      vertex 93.9781 26.7971 39.5951
      vertex 94.0642 26.6989 39.4654
    endloop
  endfacet
  facet normal 0.438511 0.889181 -0.130634
    outer loop
      vertex 93.6989 27.0642 38.9346
      vertex 93.5753 27.1061 38.8049
      vertex 93.5819 27.1219 38.9346
    endloop
  endfacet
  facet normal 0.318983 0.938721 -0.130587
    outer loop
      vertex 93.5753 27.1061 38.8049
      vertex 93.4583 27.1639 38.9346
      vertex 93.5819 27.1219 38.9346
    endloop
  endfacet
  facet normal -0.0726493 0.108974 0.991386
    outer loop
      vertex 68.7025 26.369 40.3808
      vertex 68.6812 26.3548 40.3808
      vertex 68.7602 26.2519 40.3979
    endloop
  endfacet
  facet normal -0.0865357 0.0983127 0.991386
    outer loop
      vertex 68.6812 26.3548 40.3808
      vertex 68.662 26.3379 40.3808
      vertex 68.7602 26.2519 40.3979
    endloop
  endfacet
  facet normal -0.216334 0.143207 0.965759
    outer loop
      vertex 68.6452 26.3188 40.3808
      vertex 68.5216 26.3607 40.3469
      vertex 68.6311 26.2975 40.3808
    endloop
  endfacet
  facet normal -0.318711 0.212695 0.92368
    outer loop
      vertex 68.4491 26.4692 40.2969
      vertex 68.417 26.4211 40.2969
      vertex 68.5216 26.3607 40.3469
    endloop
  endfacet
  facet normal 0.0865357 -0.0983127 0.991386
    outer loop
      vertex 93.338 -12.9379 40.3808
      vertex 93.2398 -12.8519 40.3979
      vertex 93.3188 -12.9548 40.3808
    endloop
  endfacet
  facet normal -0.128589 0.024493 0.991396
    outer loop
      vertex 68.7368 26.2169 40.3979
      vertex 68.6066 26.2255 40.3808
      vertex 68.7352 26.2085 40.3979
    endloop
  endfacet
  facet normal 0.277925 -0.416454 0.865635
    outer loop
      vertex 93.4692 -13.1509 40.2969
      vertex 93.4211 -13.183 40.2969
      vertex 93.4778 -13.2811 40.2315
    endloop
  endfacet
  facet normal 0.232716 -0.114815 0.965744
    outer loop
      vertex 93.497 -12.923 40.3469
      vertex 93.3689 -12.8975 40.3808
      vertex 93.4784 -12.9607 40.3469
    endloop
  endfacet
  facet normal -0.922401 0.0604486 0.381473
    outer loop
      vertex 67.8612 26.3236 39.7214
      vertex 67.8531 26.2 39.7214
      vertex 67.9031 26.2 39.8423
    endloop
  endfacet
  facet normal -0.963886 0.0631673 0.258715
    outer loop
      vertex 67.8612 26.3236 39.7214
      vertex 67.8192 26.2 39.5951
      vertex 67.8531 26.2 39.7214
    endloop
  endfacet
  facet normal -0.906279 0.180468 0.382217
    outer loop
      vertex 67.9337 26.4321 39.8423
      vertex 67.8853 26.4451 39.7214
      vertex 67.9108 26.3171 39.8423
    endloop
  endfacet
  facet normal -0.906652 0.179838 0.381629
    outer loop
      vertex 67.8853 26.4451 39.7214
      vertex 67.8612 26.3236 39.7214
      vertex 67.9108 26.3171 39.8423
    endloop
  endfacet
  facet normal -0.849685 0.169618 0.499264
    outer loop
      vertex 67.9969 26.4152 39.9556
      vertex 67.9337 26.4321 39.8423
      vertex 67.9756 26.3085 39.9556
    endloop
  endfacet
  facet normal -0.778323 0.154858 0.608467
    outer loop
      vertex 68.0738 26.3946 40.0593
      vertex 67.9756 26.3085 39.9556
      vertex 68.0546 26.2981 40.0593
    endloop
  endfacet
  facet normal -0.720533 0.48134 0.499144
    outer loop
      vertex 68.0885 26.746 39.8423
      vertex 68.0233 26.6484 39.8423
      vertex 68.1404 26.7062 39.9556
    endloop
  endfacet
  facet normal -0.768336 0.513274 0.382374
    outer loop
      vertex 68.0885 26.746 39.8423
      vertex 67.9799 26.6735 39.7214
      vertex 68.0233 26.6484 39.8423
    endloop
  endfacet
  facet normal -0.598096 -0.119116 0.792523
    outer loop
      vertex 68.2492 -12.8725 40.2315
      vertex 68.1463 -12.8861 40.1518
      vertex 68.2634 -12.9438 40.2315
    endloop
  endfacet
  facet normal -0.608589 -0.039583 0.792498
    outer loop
      vertex 68.2492 -12.8725 40.2315
      vertex 68.1407 -12.8 40.1518
      vertex 68.1463 -12.8861 40.1518
    endloop
  endfacet
  facet normal -0.711762 -0.351039 0.608413
    outer loop
      vertex 68.1054 -13.0877 40.0593
      vertex 68.0318 -13.1182 39.9556
      vertex 68.1489 -13.1759 40.0593
    endloop
  endfacet
  facet normal -0.63503 -0.313195 0.706148
    outer loop
      vertex 68.1908 -13.0523 40.1518
      vertex 68.1054 -13.0877 40.0593
      vertex 68.1489 -13.1759 40.0593
    endloop
  endfacet
  facet normal -0.588706 -0.393292 0.70622
    outer loop
      vertex 68.229 -13.1297 40.1518
      vertex 68.1489 -13.1759 40.0593
      vertex 68.2769 -13.2014 40.1518
    endloop
  endfacet
  facet normal -0.588746 -0.392977 0.706362
    outer loop
      vertex 68.2769 -13.2014 40.1518
      vertex 68.1489 -13.1759 40.0593
      vertex 68.2035 -13.2577 40.0593
    endloop
  endfacet
  facet normal -0.972497 -0.193263 0.129995
    outer loop
      vertex 67.8276 -12.928 39.5951
      vertex 67.8107 -12.9302 39.4654
      vertex 67.8526 -13.0538 39.5951
    endloop
  endfacet
  facet normal -0.972526 -0.192835 0.130412
    outer loop
      vertex 67.8526 -13.0538 39.5951
      vertex 67.8107 -12.9302 39.4654
      vertex 67.8361 -13.0583 39.4654
    endloop
  endfacet
  facet normal -0.768185 -0.513864 0.381884
    outer loop
      vertex 68.0885 -13.346 39.8423
      vertex 67.9799 -13.2735 39.7214
      vertex 68.0488 -13.3765 39.7214
    endloop
  endfacet
  facet normal -0.828695 -0.408753 0.382341
    outer loop
      vertex 68.0233 -13.2484 39.8423
      vertex 67.9251 -13.1624 39.7214
      vertex 67.9799 -13.2735 39.7214
    endloop
  endfacet
  facet normal 0.169537 -0.34363 0.923675
    outer loop
      vertex 93.3607 -13.0784 40.3469
      vertex 93.323 -13.097 40.3469
      vertex 93.4211 -13.183 40.2969
    endloop
  endfacet
  facet normal -0.963902 -0.0632561 -0.258634
    outer loop
      vertex 67.8276 -12.928 38.8049
      vertex 67.8192 -12.8 38.8049
      vertex 67.8612 -12.9236 38.6786
    endloop
  endfacet
  facet normal -0.963886 -0.0631673 -0.258715
    outer loop
      vertex 67.8612 -12.9236 38.6786
      vertex 67.8192 -12.8 38.8049
      vertex 67.8531 -12.8 38.6786
    endloop
  endfacet
  facet normal -0.820519 -0.27843 -0.499225
    outer loop
      vertex 67.9714 -13.1432 38.5577
      vertex 67.9337 -13.0321 38.5577
      vertex 67.9969 -13.0152 38.4444
    endloop
  endfacet
  facet normal -0.875046 -0.296933 -0.382264
    outer loop
      vertex 67.9714 -13.1432 38.5577
      vertex 67.9251 -13.1624 38.6786
      vertex 67.9337 -13.0321 38.5577
    endloop
  endfacet
  facet normal -0.458339 -0.402462 -0.792433
    outer loop
      vertex 68.3338 -13.2662 38.2482
      vertex 68.2769 -13.2014 38.2482
      vertex 68.3592 -13.1382 38.1685
    endloop
  endfacet
  facet normal -0.457976 -0.402616 -0.792565
    outer loop
      vertex 68.4072 -13.1928 38.1685
      vertex 68.3338 -13.2662 38.2482
      vertex 68.3592 -13.1382 38.1685
    endloop
  endfacet
  facet normal -0.382229 -0.0251728 -0.923725
    outer loop
      vertex 68.3615 -12.8577 38.1031
      vertex 68.3577 -12.8 38.1031
      vertex 68.4813 -12.842 38.0531
    endloop
  endfacet
  facet normal -0.474391 -0.160659 -0.86553
    outer loop
      vertex 68.2867 -13.0126 38.1685
      vertex 68.2634 -12.9438 38.1685
      vertex 68.3728 -12.9145 38.1031
    endloop
  endfacet
  facet normal -0.0516632 -0.7919 -0.608461
    outer loop
      vertex 68.8 -13.5518 38.3407
      vertex 68.6915 -13.6244 38.4444
      vertex 68.7019 -13.5454 38.3407
    endloop
  endfacet
  facet normal -0.0518146 -0.791815 -0.60856
    outer loop
      vertex 68.8 -13.6315 38.4444
      vertex 68.6915 -13.6244 38.4444
      vertex 68.8 -13.5518 38.3407
    endloop
  endfacet
  facet normal -0.0747484 -0.375726 -0.923711
    outer loop
      vertex 68.7423 -13.2385 38.1031
      vertex 68.6855 -13.2272 38.1031
      vertex 68.758 -13.1187 38.0531
    endloop
  endfacet
  facet normal -0.0330801 -0.499647 -0.865597
    outer loop
      vertex 68.8 -13.3556 38.1685
      vertex 68.7275 -13.3508 38.1685
      vertex 68.8 -13.2423 38.1031
    endloop
  endfacet
  facet normal -0.33875 -0.507064 -0.792549
    outer loop
      vertex 68.4703 -13.371 38.2482
      vertex 68.3986 -13.3231 38.2482
      vertex 68.5222 -13.2811 38.1685
    endloop
  endfacet
  facet normal -0.338549 -0.507404 -0.792417
    outer loop
      vertex 68.5222 -13.2811 38.1685
      vertex 68.3986 -13.3231 38.2482
      vertex 68.4618 -13.2408 38.1685
    endloop
  endfacet
  facet normal -0.114891 -0.23287 -0.965697
    outer loop
      vertex 68.677 -13.097 38.0531
      vertex 68.6393 -13.0784 38.0531
      vertex 68.7025 -12.969 38.0192
    endloop
  endfacet
  facet normal -0.0833736 -0.245798 -0.965729
    outer loop
      vertex 68.7168 -13.1105 38.0531
      vertex 68.677 -13.097 38.0531
      vertex 68.7495 -12.9884 38.0192
    endloop
  endfacet
  facet normal -0.0329114 -0.499734 -0.865554
    outer loop
      vertex 68.8 -13.2423 38.1031
      vertex 68.7275 -13.3508 38.1685
      vertex 68.7423 -13.2385 38.1031
    endloop
  endfacet
  facet normal -0.0978221 -0.491177 -0.86555
    outer loop
      vertex 68.7275 -13.3508 38.1685
      vertex 68.6562 -13.3366 38.1685
      vertex 68.7423 -13.2385 38.1031
    endloop
  endfacet
  facet normal -0.768336 -0.513274 -0.382374
    outer loop
      vertex 68.0885 -13.346 38.5577
      vertex 67.9799 -13.2735 38.6786
      vertex 68.0233 -13.2484 38.5577
    endloop
  endfacet
  facet normal -0.828695 -0.408753 -0.382341
    outer loop
      vertex 67.9799 -13.2735 38.6786
      vertex 67.9251 -13.1624 38.6786
      vertex 68.0233 -13.2484 38.5577
    endloop
  endfacet
  facet normal -0.523892 -0.596542 -0.608009
    outer loop
      vertex 68.2938 -13.4596 38.4444
      vertex 68.2684 -13.3316 38.3407
      vertex 68.3423 -13.3965 38.3407
    endloop
  endfacet
  facet normal -0.571402 -0.651096 -0.499573
    outer loop
      vertex 68.2938 -13.4596 38.4444
      vertex 68.1658 -13.4342 38.5577
      vertex 68.2121 -13.3879 38.4444
    endloop
  endfacet
  facet normal -0.636717 -0.726451 -0.258574
    outer loop
      vertex 68.2029 -13.5781 38.8049
      vertex 68.1304 -13.4696 38.6786
      vertex 68.2235 -13.5512 38.6786
    endloop
  endfacet
  facet normal -0.609172 -0.695024 -0.381904
    outer loop
      vertex 68.2235 -13.5512 38.6786
      vertex 68.1304 -13.4696 38.6786
      vertex 68.254 -13.5115 38.5577
    endloop
  endfacet
  facet normal -0.802905 -0.537089 -0.258608
    outer loop
      vertex 68.0219 -13.3971 38.8049
      vertex 67.9799 -13.2735 38.6786
      vertex 68.0488 -13.3765 38.6786
    endloop
  endfacet
  facet normal -0.768185 -0.513864 -0.381884
    outer loop
      vertex 68.0488 -13.3765 38.6786
      vertex 67.9799 -13.2735 38.6786
      vertex 68.0885 -13.346 38.5577
    endloop
  endfacet
  facet normal -0.0606476 -0.922316 -0.381647
    outer loop
      vertex 68.8 -13.6969 38.5577
      vertex 68.6764 -13.7388 38.6786
      vertex 68.6829 -13.6892 38.5577
    endloop
  endfacet
  facet normal -0.180517 -0.906524 -0.381612
    outer loop
      vertex 68.6764 -13.7388 38.6786
      vertex 68.5679 -13.6663 38.5577
      vertex 68.6829 -13.6892 38.5577
    endloop
  endfacet
  facet normal -0.196034 -0.577486 -0.792515
    outer loop
      vertex 68.6293 -13.4369 38.2482
      vertex 68.5477 -13.4092 38.2482
      vertex 68.5874 -13.3133 38.1685
    endloop
  endfacet
  facet normal -0.227612 -0.670509 -0.706123
    outer loop
      vertex 68.6054 -13.5262 38.3407
      vertex 68.5477 -13.4092 38.2482
      vertex 68.6293 -13.4369 38.2482
    endloop
  endfacet
  facet normal -0.00871377 -0.130707 -0.991383
    outer loop
      vertex 68.8 -12.9951 38.0192
      vertex 68.7745 -12.9934 38.0192
      vertex 68.8 -12.8654 38.0021
    endloop
  endfacet
  facet normal -0.0172669 -0.259003 -0.965722
    outer loop
      vertex 68.8 -12.9951 38.0192
      vertex 68.758 -13.1187 38.0531
      vertex 68.7745 -12.9934 38.0192
    endloop
  endfacet
  facet normal 0.0257012 -0.128506 -0.991376
    outer loop
      vertex 93.2255 -12.9934 38.0192
      vertex 93.2169 -12.8632 38.0021
      vertex 93.2505 -12.9884 38.0192
    endloop
  endfacet
  facet normal 0.0166627 -0.259197 -0.965681
    outer loop
      vertex 93.242 -13.1187 38.0531
      vertex 93.2 -13.1214 38.0531
      vertex 93.2 -12.9951 38.0192
    endloop
  endfacet
  facet normal -0.130707 -0.00871377 -0.991383
    outer loop
      vertex 68.6066 -12.8255 38.0192
      vertex 68.6049 -12.8 38.0192
      vertex 68.7346 -12.8 38.0021
    endloop
  endfacet
  facet normal -0.130607 -0.00921932 -0.991391
    outer loop
      vertex 68.7352 -12.8085 38.0021
      vertex 68.6066 -12.8255 38.0192
      vertex 68.7346 -12.8 38.0021
    endloop
  endfacet
  facet normal -0.0978451 0.0871433 -0.991379
    outer loop
      vertex 68.7481 26.2398 38.0021
      vertex 68.6452 26.3188 38.0192
      vertex 68.7538 26.2462 38.0021
    endloop
  endfacet
  facet normal -0.117387 -0.0581789 -0.991381
    outer loop
      vertex 68.6311 -12.8975 38.0192
      vertex 68.6198 -12.8747 38.0192
      vertex 68.7434 -12.8327 38.0021
    endloop
  endfacet
  facet normal -0.109234 -0.0723098 -0.991382
    outer loop
      vertex 68.6452 -12.9188 38.0192
      vertex 68.6311 -12.8975 38.0192
      vertex 68.7434 -12.8327 38.0021
    endloop
  endfacet
  facet normal -0.00921932 -0.130607 -0.991391
    outer loop
      vertex 68.8 -12.8654 38.0021
      vertex 68.7745 -12.9934 38.0192
      vertex 68.7915 -12.8648 38.0021
    endloop
  endfacet
  facet normal -0.318439 -0.212899 -0.923727
    outer loop
      vertex 68.545 -12.9957 38.0531
      vertex 68.4491 -13.0692 38.1031
      vertex 68.5216 -12.9607 38.0531
    endloop
  endfacet
  facet normal -0.215922 -0.144359 -0.96568
    outer loop
      vertex 68.545 -12.9957 38.0531
      vertex 68.5216 -12.9607 38.0531
      vertex 68.6452 -12.9188 38.0192
    endloop
  endfacet
  facet normal -0.41648 -0.277883 -0.865636
    outer loop
      vertex 68.3592 -13.1382 38.1685
      vertex 68.3189 -13.0778 38.1685
      vertex 68.417 -13.0211 38.1031
    endloop
  endfacet
  facet normal -0.448935 -0.221713 -0.865622
    outer loop
      vertex 68.3189 -13.0778 38.1685
      vertex 68.2867 -13.0126 38.1685
      vertex 68.417 -13.0211 38.1031
    endloop
  endfacet
  facet normal -0.245812 -0.0833786 -0.965725
    outer loop
      vertex 68.503 -12.923 38.0531
      vertex 68.4895 -12.8832 38.0531
      vertex 68.6198 -12.8747 38.0192
    endloop
  endfacet
  facet normal -0.232614 -0.115287 -0.965712
    outer loop
      vertex 68.6311 -12.8975 38.0192
      vertex 68.503 -12.923 38.0531
      vertex 68.6198 -12.8747 38.0192
    endloop
  endfacet
  facet normal -0.375717 -0.0747465 -0.923715
    outer loop
      vertex 68.3728 -12.9145 38.1031
      vertex 68.3615 -12.8577 38.1031
      vertex 68.4895 -12.8832 38.0531
    endloop
  endfacet
  facet normal -0.491241 -0.0977293 -0.865524
    outer loop
      vertex 68.3728 -12.9145 38.1031
      vertex 68.2634 -12.9438 38.1685
      vertex 68.3615 -12.8577 38.1031
    endloop
  endfacet
  facet normal 0.109234 0.0723098 -0.991382
    outer loop
      vertex 93.3689 26.2975 38.0192
      vertex 93.2566 26.2327 38.0021
      vertex 93.3548 26.3188 38.0192
    endloop
  endfacet
  facet normal 0.117387 0.0581789 -0.991381
    outer loop
      vertex 93.3802 26.2747 38.0192
      vertex 93.2566 26.2327 38.0021
      vertex 93.3689 26.2975 38.0192
    endloop
  endfacet
  facet normal 0.00921932 0.130607 -0.991391
    outer loop
      vertex 93.2085 26.2648 38.0021
      vertex 93.2 26.2654 38.0021
      vertex 93.2255 26.3934 38.0192
    endloop
  endfacet
  facet normal 0.245819 -0.0832941 -0.96573
    outer loop
      vertex 93.5105 -12.8832 38.0531
      vertex 93.3802 -12.8747 38.0192
      vertex 93.3884 -12.8505 38.0192
    endloop
  endfacet
  facet normal 0.124117 -0.0420562 -0.991376
    outer loop
      vertex 93.3802 -12.8747 38.0192
      vertex 93.2632 -12.8169 38.0021
      vertex 93.3884 -12.8505 38.0192
    endloop
  endfacet
  facet normal -0.375717 0.0747465 -0.923715
    outer loop
      vertex 68.4895 26.2832 38.0531
      vertex 68.3615 26.2577 38.1031
      vertex 68.3728 26.3145 38.1031
    endloop
  endfacet
  facet normal -0.491241 0.0977293 -0.865524
    outer loop
      vertex 68.3615 26.2577 38.1031
      vertex 68.2634 26.3438 38.1685
      vertex 68.3728 26.3145 38.1031
    endloop
  endfacet
  facet normal -0.144086 0.216129 -0.965675
    outer loop
      vertex 68.6812 26.3548 38.0192
      vertex 68.6043 26.455 38.0531
      vertex 68.7025 26.369 38.0192
    endloop
  endfacet
  facet normal -0.0579672 0.11746 -0.991384
    outer loop
      vertex 68.7673 26.2566 38.0021
      vertex 68.7253 26.3802 38.0192
      vertex 68.775 26.2604 38.0021
    endloop
  endfacet
  facet normal 0.0577381 0.117538 -0.991388
    outer loop
      vertex 93.2975 26.369 38.0192
      vertex 93.2327 26.2566 38.0021
      vertex 93.2747 26.3802 38.0192
    endloop
  endfacet
  facet normal 0.382172 0 -0.924091
    outer loop
      vertex 93.5214 -12.8 38.0531
      vertex 93.6423 26.2 38.1031
      vertex 93.6423 -12.8 38.1031
    endloop
  endfacet
  facet normal 0.382172 0 -0.924091
    outer loop
      vertex 93.6423 26.2 38.1031
      vertex 93.5214 -12.8 38.0531
      vertex 93.5214 26.2 38.0531
    endloop
  endfacet
  facet normal 0.670509 0.227612 -0.706123
    outer loop
      vertex 93.8369 26.3707 38.2482
      vertex 93.8092 26.4523 38.2482
      vertex 93.9262 26.3946 38.3407
    endloop
  endfacet
  facet normal 0.707107 0 -0.707107
    outer loop
      vertex 93.8593 -12.8 38.2482
      vertex 93.9518 26.2 38.3407
      vertex 93.9518 -12.8 38.3407
    endloop
  endfacet
  facet normal 0.707107 0 -0.707107
    outer loop
      vertex 93.9518 26.2 38.3407
      vertex 93.8593 -12.8 38.2482
      vertex 93.8593 26.2 38.2482
    endloop
  endfacet
  facet normal 0.0506644 -0.254558 -0.965729
    outer loop
      vertex 93.2832 -13.1105 38.0531
      vertex 93.242 -13.1187 38.0531
      vertex 93.2505 -12.9884 38.0192
    endloop
  endfacet
  facet normal 0.0833736 -0.245798 -0.965729
    outer loop
      vertex 93.2832 -13.1105 38.0531
      vertex 93.2505 -12.9884 38.0192
      vertex 93.323 -13.097 38.0531
    endloop
  endfacet
  facet normal 0 -0.382172 -0.924091
    outer loop
      vertex 68.8 -13.2423 38.1031
      vertex 93.2 -13.1214 38.0531
      vertex 93.2 -13.2423 38.1031
    endloop
  endfacet
  facet normal -0 -0.382172 -0.924091
    outer loop
      vertex 93.2 -13.1214 38.0531
      vertex 68.8 -13.2423 38.1031
      vertex 68.8 -13.1214 38.0531
    endloop
  endfacet
  facet normal 0.0833023 -0.245843 -0.965723
    outer loop
      vertex 93.323 -13.097 38.0531
      vertex 93.2505 -12.9884 38.0192
      vertex 93.2747 -12.9802 38.0192
    endloop
  endfacet
  facet normal 0.0420562 -0.124117 -0.991376
    outer loop
      vertex 93.2505 -12.9884 38.0192
      vertex 93.2169 -12.8632 38.0021
      vertex 93.2747 -12.9802 38.0192
    endloop
  endfacet
  facet normal 0.277925 -0.416454 -0.865635
    outer loop
      vertex 93.4778 -13.2811 38.1685
      vertex 93.4211 -13.183 38.1031
      vertex 93.4692 -13.1509 38.1031
    endloop
  endfacet
  facet normal 0.169728 -0.343434 -0.923713
    outer loop
      vertex 93.3693 -13.2086 38.1031
      vertex 93.323 -13.097 38.0531
      vertex 93.4211 -13.183 38.1031
    endloop
  endfacet
  facet normal 0.0726493 -0.108974 -0.991386
    outer loop
      vertex 93.2975 -12.969 38.0192
      vertex 93.2398 -12.8519 38.0021
      vertex 93.3188 -12.9548 38.0192
    endloop
  endfacet
  facet normal 0.0865357 -0.0983127 -0.991386
    outer loop
      vertex 93.3188 -12.9548 38.0192
      vertex 93.2398 -12.8519 38.0021
      vertex 93.338 -12.9379 38.0192
    endloop
  endfacet
  facet normal 0.194942 -0.171468 -0.96571
    outer loop
      vertex 93.4273 -13.0273 38.0531
      vertex 93.338 -12.9379 38.0192
      vertex 93.3548 -12.9188 38.0192
    endloop
  endfacet
  facet normal 0.0983014 -0.0864641 -0.991393
    outer loop
      vertex 93.338 -12.9379 38.0192
      vertex 93.2462 -12.8462 38.0021
      vertex 93.3548 -12.9188 38.0192
    endloop
  endfacet
  facet normal 0.507249 -0.338446 -0.792561
    outer loop
      vertex 93.771 -13.1297 38.2482
      vertex 93.6408 -13.1382 38.1685
      vertex 93.6811 -13.0778 38.1685
    endloop
  endfacet
  facet normal 0.546891 -0.269912 -0.792501
    outer loop
      vertex 93.771 -13.1297 38.2482
      vertex 93.7133 -13.0126 38.1685
      vertex 93.8092 -13.0523 38.2482
    endloop
  endfacet
  facet normal 0.571402 -0.651096 -0.499573
    outer loop
      vertex 93.8342 -13.4342 38.5577
      vertex 93.7062 -13.4596 38.4444
      vertex 93.7879 -13.3879 38.4444
    endloop
  endfacet
  facet normal 0.440622 -0.660126 -0.608346
    outer loop
      vertex 93.6157 -13.5201 38.4444
      vertex 93.5759 -13.4511 38.3407
      vertex 93.6577 -13.3965 38.3407
    endloop
  endfacet
  facet normal 0.338549 -0.507404 -0.792417
    outer loop
      vertex 93.6014 -13.3231 38.2482
      vertex 93.4778 -13.2811 38.1685
      vertex 93.5382 -13.2408 38.1685
    endloop
  endfacet
  facet normal 0.196034 -0.577486 -0.792515
    outer loop
      vertex 93.4523 -13.4092 38.2482
      vertex 93.3707 -13.4369 38.2482
      vertex 93.4126 -13.3133 38.1685
    endloop
  endfacet
  facet normal 0.221864 -0.448927 -0.865587
    outer loop
      vertex 93.4126 -13.3133 38.1685
      vertex 93.3693 -13.2086 38.1031
      vertex 93.4211 -13.183 38.1031
    endloop
  endfacet
  facet normal 0.270021 -0.546751 -0.79256
    outer loop
      vertex 93.5297 -13.371 38.2482
      vertex 93.4126 -13.3133 38.1685
      vertex 93.4778 -13.2811 38.1685
    endloop
  endfacet
  facet normal 0.41648 -0.277883 -0.865636
    outer loop
      vertex 93.6408 -13.1382 38.1685
      vertex 93.583 -13.0211 38.1031
      vertex 93.6811 -13.0778 38.1685
    endloop
  endfacet
  facet normal 0.34363 -0.169537 -0.923675
    outer loop
      vertex 93.583 -13.0211 38.1031
      vertex 93.4784 -12.9607 38.0531
      vertex 93.497 -12.923 38.0531
    endloop
  endfacet
  facet normal 0.608589 -0.039583 -0.792498
    outer loop
      vertex 93.8537 -12.8861 38.2482
      vertex 93.7508 -12.8725 38.1685
      vertex 93.8593 -12.8 38.2482
    endloop
  endfacet
  facet normal 0.474391 -0.160659 -0.86553
    outer loop
      vertex 93.7133 -13.0126 38.1685
      vertex 93.6272 -12.9145 38.1031
      vertex 93.7366 -12.9438 38.1685
    endloop
  endfacet
  facet normal 0.70636 -0.0459421 -0.70636
    outer loop
      vertex 93.9518 -12.8 38.3407
      vertex 93.8537 -12.8861 38.2482
      vertex 93.8593 -12.8 38.2482
    endloop
  endfacet
  facet normal 0.751841 -0.25475 -0.608143
    outer loop
      vertex 93.9682 -13.1182 38.4444
      vertex 93.9262 -12.9946 38.3407
      vertex 94.0031 -13.0152 38.4444
    endloop
  endfacet
  facet normal 0.778463 -0.155401 -0.608149
    outer loop
      vertex 94.0031 -13.0152 38.4444
      vertex 93.9262 -12.9946 38.3407
      vertex 94.0244 -12.9085 38.4444
    endloop
  endfacet
  facet normal 0.820519 -0.27843 -0.499225
    outer loop
      vertex 94.0286 -13.1432 38.5577
      vertex 94.0031 -13.0152 38.4444
      vertex 94.0663 -13.0321 38.5577
    endloop
  endfacet
  facet normal 0.875046 -0.296933 -0.382264
    outer loop
      vertex 94.0749 -13.1624 38.6786
      vertex 94.0286 -13.1432 38.5577
      vertex 94.0663 -13.0321 38.5577
    endloop
  endfacet
  facet normal 0.596624 -0.523598 -0.608182
    outer loop
      vertex 93.7879 -13.3879 38.4444
      vertex 93.7316 -13.3316 38.3407
      vertex 93.8596 -13.3062 38.4444
    endloop
  endfacet
  facet normal 0.48134 -0.720533 -0.499144
    outer loop
      vertex 93.746 -13.5115 38.5577
      vertex 93.6484 -13.5767 38.5577
      vertex 93.7062 -13.4596 38.4444
    endloop
  endfacet
  facet normal 0.711761 -0.351136 -0.608358
    outer loop
      vertex 93.9201 -13.2157 38.4444
      vertex 93.8511 -13.1759 38.3407
      vertex 93.9682 -13.1182 38.4444
    endloop
  endfacet
  facet normal 0.777209 -0.383423 -0.498932
    outer loop
      vertex 94.0286 -13.1432 38.5577
      vertex 93.9201 -13.2157 38.4444
      vertex 93.9682 -13.1182 38.4444
    endloop
  endfacet
  facet normal 0.426924 -0.866649 -0.258178
    outer loop
      vertex 93.6904 -13.6494 38.8049
      vertex 93.5753 -13.7061 38.8049
      vertex 93.6735 -13.6201 38.6786
    endloop
  endfacet
  facet normal 0.426716 -0.866694 -0.25837
    outer loop
      vertex 93.5753 -13.7061 38.8049
      vertex 93.5624 -13.6748 38.6786
      vertex 93.6735 -13.6201 38.6786
    endloop
  endfacet
  facet normal 0.609156 -0.695053 -0.381878
    outer loop
      vertex 93.8696 -13.4696 38.6786
      vertex 93.746 -13.5115 38.5577
      vertex 93.8342 -13.4342 38.5577
    endloop
  endfacet
  facet normal 0.571131 -0.651666 -0.499139
    outer loop
      vertex 93.746 -13.5115 38.5577
      vertex 93.7062 -13.4596 38.4444
      vertex 93.8342 -13.4342 38.5577
    endloop
  endfacet
  facet normal 0.318983 -0.938721 0.130587
    outer loop
      vertex 93.5753 -13.7061 39.5951
      vertex 93.4583 -13.7639 39.4654
      vertex 93.5819 -13.7219 39.4654
    endloop
  endfacet
  facet normal 0.321738 -0.946829 0
    outer loop
      vertex 93.4583 -13.7639 38.9346
      vertex 93.5819 -13.7219 39.4654
      vertex 93.4583 -13.7639 39.4654
    endloop
  endfacet
  facet normal 0.321738 -0.946829 0
    outer loop
      vertex 93.5819 -13.7219 39.4654
      vertex 93.4583 -13.7639 38.9346
      vertex 93.5819 -13.7219 38.9346
    endloop
  endfacet
  facet normal 0.0604486 -0.922401 0.381473
    outer loop
      vertex 93.2 -13.6969 39.8423
      vertex 93.2 -13.7469 39.7214
      vertex 93.3236 -13.7388 39.7214
    endloop
  endfacet
  facet normal 0.408936 -0.828903 0.381695
    outer loop
      vertex 93.6484 -13.5767 39.8423
      vertex 93.5432 -13.6286 39.8423
      vertex 93.5624 -13.6748 39.7214
    endloop
  endfacet
  facet normal 0.0632547 -0.963881 0.258714
    outer loop
      vertex 93.2 -13.7469 39.7214
      vertex 93.2 -13.7808 39.5951
      vertex 93.328 -13.7724 39.5951
    endloop
  endfacet
  facet normal 0.0649283 -0.989383 0.130019
    outer loop
      vertex 93.328 -13.7724 39.5951
      vertex 93.2 -13.7808 39.5951
      vertex 93.3302 -13.7893 39.4654
    endloop
  endfacet
  facet normal 0.278116 -0.820802 -0.498935
    outer loop
      vertex 93.5432 -13.6286 38.5577
      vertex 93.4152 -13.6031 38.4444
      vertex 93.5182 -13.5682 38.4444
    endloop
  endfacet
  facet normal 0.25508 -0.751517 -0.608405
    outer loop
      vertex 93.5182 -13.5682 38.4444
      vertex 93.3946 -13.5262 38.3407
      vertex 93.4877 -13.4946 38.3407
    endloop
  endfacet
  facet normal -0.0870445 -0.0977342 0.991399
    outer loop
      vertex 68.7538 -12.8462 40.3979
      vertex 68.662 -12.9379 40.3808
      vertex 68.7602 -12.8519 40.3979
    endloop
  endfacet
  facet normal -0.123761 -0.0427814 0.991389
    outer loop
      vertex 68.7368 -12.8169 40.3979
      vertex 68.6198 -12.8747 40.3808
      vertex 68.7396 -12.825 40.3979
    endloop
  endfacet
  facet normal -0.546751 -0.270021 0.79256
    outer loop
      vertex 68.2867 -13.0126 40.2315
      vertex 68.229 -13.1297 40.1518
      vertex 68.3189 -13.0778 40.2315
    endloop
  endfacet
  facet normal -0.507249 -0.338446 0.792561
    outer loop
      vertex 68.3189 -13.0778 40.2315
      vertex 68.229 -13.1297 40.1518
      vertex 68.3592 -13.1382 40.2315
    endloop
  endfacet
  facet normal -0.596624 -0.523598 0.608182
    outer loop
      vertex 68.2684 -13.3316 40.0593
      vertex 68.1404 -13.3062 39.9556
      vertex 68.2121 -13.3879 39.9556
    endloop
  endfacet
  facet normal -0.523598 -0.596624 0.608182
    outer loop
      vertex 68.2684 -13.3316 40.0593
      vertex 68.2121 -13.3879 39.9556
      vertex 68.2938 -13.4596 39.9556
    endloop
  endfacet
  facet normal -0.393292 -0.588706 0.70622
    outer loop
      vertex 68.4703 -13.371 40.1518
      vertex 68.3986 -13.3231 40.1518
      vertex 68.4241 -13.4511 40.0593
    endloop
  endfacet
  facet normal -0.313327 -0.634857 0.706246
    outer loop
      vertex 68.4703 -13.371 40.1518
      vertex 68.4241 -13.4511 40.0593
      vertex 68.5477 -13.4092 40.1518
    endloop
  endfacet
  facet normal -0.330353 -0.376187 0.86565
    outer loop
      vertex 68.4873 -13.1127 40.2969
      vertex 68.4618 -13.2408 40.2315
      vertex 68.5308 -13.1509 40.2969
    endloop
  endfacet
  facet normal -0.531892 -0.467115 0.706325
    outer loop
      vertex 68.3338 -13.2662 40.1518
      vertex 68.2035 -13.2577 40.0593
      vertex 68.2684 -13.3316 40.0593
    endloop
  endfacet
  facet normal -0.221713 -0.448935 0.865622
    outer loop
      vertex 68.5789 -13.183 40.2969
      vertex 68.5222 -13.2811 40.2315
      vertex 68.5874 -13.3133 40.2315
    endloop
  endfacet
  facet normal -0.212899 -0.318439 0.923727
    outer loop
      vertex 68.6043 -13.055 40.3469
      vertex 68.5308 -13.1509 40.2969
      vertex 68.6393 -13.0784 40.3469
    endloop
  endfacet
  facet normal -0.277872 -0.416464 0.865647
    outer loop
      vertex 68.5308 -13.1509 40.2969
      vertex 68.4618 -13.2408 40.2315
      vertex 68.5222 -13.2811 40.2315
    endloop
  endfacet
  facet normal -0.123129 -0.362766 0.92371
    outer loop
      vertex 68.677 -13.097 40.3469
      vertex 68.6307 -13.2086 40.2969
      vertex 68.6855 -13.2272 40.2969
    endloop
  endfacet
  facet normal -0.0420562 -0.124117 0.991376
    outer loop
      vertex 68.7831 -12.8632 40.3979
      vertex 68.7253 -12.9802 40.3808
      vertex 68.7495 -12.9884 40.3808
    endloop
  endfacet
  facet normal -0.0257012 -0.128506 0.991376
    outer loop
      vertex 68.7831 -12.8632 40.3979
      vertex 68.7495 -12.9884 40.3808
      vertex 68.7745 -12.9934 40.3808
    endloop
  endfacet
  facet normal -0.0983014 -0.0864641 0.991393
    outer loop
      vertex 68.7538 -12.8462 40.3979
      vertex 68.6452 -12.9188 40.3808
      vertex 68.662 -12.9379 40.3808
    endloop
  endfacet
  facet normal -0.117387 -0.0581789 0.991381
    outer loop
      vertex 68.7434 -12.8327 40.3979
      vertex 68.6198 -12.8747 40.3808
      vertex 68.6311 -12.8975 40.3808
    endloop
  endfacet
  facet normal 0.577568 -0.195822 0.792508
    outer loop
      vertex 93.8369 -12.9706 40.1518
      vertex 93.7133 -13.0126 40.2315
      vertex 93.8092 -13.0523 40.1518
    endloop
  endfacet
  facet normal 0.0172669 -0.259003 0.965722
    outer loop
      vertex 93.2255 -12.9934 40.3808
      vertex 93.2 -12.9951 40.3808
      vertex 93.242 -13.1187 40.3469
    endloop
  endfacet
  facet normal 0.114891 -0.23287 0.965697
    outer loop
      vertex 93.3607 -13.0784 40.3469
      vertex 93.2975 -12.969 40.3808
      vertex 93.323 -13.097 40.3469
    endloop
  endfacet
  facet normal 0.0257012 -0.128506 0.991376
    outer loop
      vertex 93.2505 -12.9884 40.3808
      vertex 93.2169 -12.8632 40.3979
      vertex 93.2255 -12.9934 40.3808
    endloop
  endfacet
  facet normal 0.375717 -0.0747465 0.923715
    outer loop
      vertex 93.6385 -12.8577 40.2969
      vertex 93.5105 -12.8832 40.3469
      vertex 93.6272 -12.9145 40.2969
    endloop
  endfacet
  facet normal 0.252853 -0.287935 0.923666
    outer loop
      vertex 93.5127 -13.1127 40.2969
      vertex 93.4273 -13.0273 40.3469
      vertex 93.4692 -13.1509 40.2969
    endloop
  endfacet
  facet normal 0.254496 -0.0508992 0.965733
    outer loop
      vertex 93.3934 -12.8255 40.3808
      vertex 93.3884 -12.8505 40.3808
      vertex 93.5105 -12.8832 40.3469
    endloop
  endfacet
  facet normal 0.245819 -0.0832941 0.96573
    outer loop
      vertex 93.3884 -12.8505 40.3808
      vertex 93.3802 -12.8747 40.3808
      vertex 93.5105 -12.8832 40.3469
    endloop
  endfacet
  facet normal -0.196034 -0.577486 0.792515
    outer loop
      vertex 68.5874 -13.3133 40.2315
      vertex 68.5477 -13.4092 40.1518
      vertex 68.6293 -13.4369 40.1518
    endloop
  endfacet
  facet normal -0.227612 -0.670509 0.706123
    outer loop
      vertex 68.6293 -13.4369 40.1518
      vertex 68.5477 -13.4092 40.1518
      vertex 68.6054 -13.5262 40.0593
    endloop
  endfacet
  facet normal 0.546751 -0.270021 0.79256
    outer loop
      vertex 93.7133 -13.0126 40.2315
      vertex 93.6811 -13.0778 40.2315
      vertex 93.771 -13.1297 40.1518
    endloop
  endfacet
  facet normal 0.588706 -0.393292 0.70622
    outer loop
      vertex 93.771 -13.1297 40.1518
      vertex 93.7231 -13.2014 40.1518
      vertex 93.8511 -13.1759 40.0593
    endloop
  endfacet
  facet normal 0.278116 -0.820802 0.498935
    outer loop
      vertex 93.5182 -13.5682 39.9556
      vertex 93.4152 -13.6031 39.9556
      vertex 93.5432 -13.6286 39.8423
    endloop
  endfacet
  facet normal 0.383433 -0.777208 0.498925
    outer loop
      vertex 93.6157 -13.5201 39.9556
      vertex 93.5432 -13.6286 39.8423
      vertex 93.6484 -13.5767 39.8423
    endloop
  endfacet
  facet normal 0.768336 -0.513274 0.382374
    outer loop
      vertex 93.9767 -13.2484 39.8423
      vertex 93.9115 -13.346 39.8423
      vertex 94.0201 -13.2735 39.7214
    endloop
  endfacet
  facet normal 0.634857 -0.313327 0.706246
    outer loop
      vertex 93.8092 -13.0523 40.1518
      vertex 93.771 -13.1297 40.1518
      vertex 93.8511 -13.1759 40.0593
    endloop
  endfacet
  facet normal 0.180517 -0.906524 0.381612
    outer loop
      vertex 93.4321 -13.6663 39.8423
      vertex 93.3171 -13.6892 39.8423
      vertex 93.3236 -13.7388 39.7214
    endloop
  endfacet
  facet normal 0.48134 -0.720533 0.499144
    outer loop
      vertex 93.7062 -13.4596 39.9556
      vertex 93.6484 -13.5767 39.8423
      vertex 93.746 -13.5115 39.8423
    endloop
  endfacet
  facet normal 0.571131 -0.651666 0.499139
    outer loop
      vertex 93.8342 -13.4342 39.8423
      vertex 93.7062 -13.4596 39.9556
      vertex 93.746 -13.5115 39.8423
    endloop
  endfacet
  facet normal 0.609156 -0.695053 0.381878
    outer loop
      vertex 93.8342 -13.4342 39.8423
      vertex 93.746 -13.5115 39.8423
      vertex 93.8696 -13.4696 39.7214
    endloop
  endfacet
  facet normal 0.0518146 -0.791815 0.60856
    outer loop
      vertex 93.2 -13.5518 40.0593
      vertex 93.2 -13.6315 39.9556
      vertex 93.3085 -13.6244 39.9556
    endloop
  endfacet
  facet normal 0.0330801 -0.499647 0.865597
    outer loop
      vertex 93.2 -13.2423 40.2969
      vertex 93.2 -13.3556 40.2315
      vertex 93.2725 -13.3508 40.2315
    endloop
  endfacet
  facet normal 0.0516632 -0.7919 0.608461
    outer loop
      vertex 93.2981 -13.5454 40.0593
      vertex 93.2 -13.5518 40.0593
      vertex 93.3085 -13.6244 39.9556
    endloop
  endfacet
  facet normal 0.351118 0.711726 -0.60841
    outer loop
      vertex 93.6157 26.9201 38.4444
      vertex 93.4877 26.8946 38.3407
      vertex 93.5182 26.9682 38.4444
    endloop
  endfacet
  facet normal 0.227612 0.670509 -0.706123
    outer loop
      vertex 93.4523 26.8092 38.2482
      vertex 93.3707 26.8369 38.2482
      vertex 93.3946 26.9262 38.3407
    endloop
  endfacet
  facet normal 0.118752 0.598002 -0.792648
    outer loop
      vertex 93.3438 26.7366 38.1685
      vertex 93.2861 26.8537 38.2482
      vertex 93.3707 26.8369 38.2482
    endloop
  endfacet
  facet normal 0.313195 0.63503 -0.706148
    outer loop
      vertex 93.5759 26.8511 38.3407
      vertex 93.4523 26.8092 38.2482
      vertex 93.4877 26.8946 38.3407
    endloop
  endfacet
  facet normal -0.119116 0.598096 -0.792523
    outer loop
      vertex 68.7275 26.7508 38.1685
      vertex 68.6562 26.7366 38.1685
      vertex 68.7139 26.8537 38.2482
    endloop
  endfacet
  facet normal -0.039583 0.608589 -0.792498
    outer loop
      vertex 68.7275 26.7508 38.1685
      vertex 68.7139 26.8537 38.2482
      vertex 68.8 26.8593 38.2482
    endloop
  endfacet
  facet normal -0.947606 0.187961 -0.25829
    outer loop
      vertex 67.8612 26.3236 38.6786
      vertex 67.8526 26.4538 38.8049
      vertex 67.8853 26.4451 38.6786
    endloop
  endfacet
  facet normal -0.820519 0.27843 -0.499225
    outer loop
      vertex 67.9969 26.4152 38.4444
      vertex 67.9337 26.4321 38.5577
      vertex 67.9714 26.5432 38.5577
    endloop
  endfacet
  facet normal -0.914807 0.310959 -0.257746
    outer loop
      vertex 67.9251 26.5624 38.6786
      vertex 67.8526 26.4538 38.8049
      vertex 67.8939 26.5753 38.8049
    endloop
  endfacet
  facet normal -0.720533 0.48134 -0.499144
    outer loop
      vertex 68.1404 26.7062 38.4444
      vertex 68.0233 26.6484 38.5577
      vertex 68.0885 26.746 38.5577
    endloop
  endfacet
  facet normal 0.711762 0.351039 0.608413
    outer loop
      vertex 93.9682 26.5182 39.9556
      vertex 93.8511 26.5759 40.0593
      vertex 93.8946 26.4877 40.0593
    endloop
  endfacet
  facet normal 0.670509 0.227612 0.706123
    outer loop
      vertex 93.9262 26.3946 40.0593
      vertex 93.8092 26.4523 40.1518
      vertex 93.8369 26.3707 40.1518
    endloop
  endfacet
  facet normal 0.875064 0.29691 0.382241
    outer loop
      vertex 94.0749 26.5624 39.7214
      vertex 94.0663 26.4321 39.8423
      vertex 94.1147 26.4451 39.7214
    endloop
  endfacet
  facet normal 0.864784 0.0568645 0.498915
    outer loop
      vertex 94.0892 26.3171 39.8423
      vertex 94.0244 26.3085 39.9556
      vertex 94.0969 26.2 39.8423
    endloop
  endfacet
  facet normal 0.972526 0.192835 0.130412
    outer loop
      vertex 94.1639 26.4583 39.4654
      vertex 94.1474 26.4538 39.5951
      vertex 94.1893 26.3302 39.4654
    endloop
  endfacet
  facet normal 0.653961 0.745175 -0.130575
    outer loop
      vertex 93.8935 26.8935 38.8049
      vertex 93.7971 26.9781 38.8049
      vertex 93.8075 26.9917 38.9346
    endloop
  endfacet
  facet normal 0.831697 0.55523 0
    outer loop
      vertex 94.0642 26.6989 39.4654
      vertex 93.9917 26.8075 38.9346
      vertex 93.9917 26.8075 39.4654
    endloop
  endfacet
  facet normal 0.831697 0.55523 0
    outer loop
      vertex 93.9917 26.8075 38.9346
      vertex 94.0642 26.6989 39.4654
      vertex 94.0642 26.6989 38.9346
    endloop
  endfacet
  facet normal 0.751579 0.659643 0
    outer loop
      vertex 93.9917 26.8075 39.4654
      vertex 93.9056 26.9056 38.9346
      vertex 93.9056 26.9056 39.4654
    endloop
  endfacet
  facet normal 0.751579 0.659643 0
    outer loop
      vertex 93.9056 26.9056 38.9346
      vertex 93.9917 26.8075 39.4654
      vertex 93.9917 26.8075 38.9346
    endloop
  endfacet
  facet normal 0.653999 0.745149 -0.13053
    outer loop
      vertex 93.8935 26.8935 38.8049
      vertex 93.8075 26.9917 38.9346
      vertex 93.9056 26.9056 38.9346
    endloop
  endfacet
  facet normal 0.636717 0.726451 0.258574
    outer loop
      vertex 93.7971 26.9781 39.5951
      vertex 93.7765 26.9512 39.7214
      vertex 93.8696 26.8696 39.7214
    endloop
  endfacet
  facet normal 0.824573 0.550475 -0.130602
    outer loop
      vertex 94.0642 26.6989 38.9346
      vertex 93.9781 26.7971 38.8049
      vertex 93.9917 26.8075 38.9346
    endloop
  endfacet
  facet normal 0.609172 0.695024 0.381904
    outer loop
      vertex 93.7765 26.9512 39.7214
      vertex 93.746 26.9115 39.8423
      vertex 93.8696 26.8696 39.7214
    endloop
  endfacet
  facet normal 0.513864 0.768185 0.381884
    outer loop
      vertex 93.7765 26.9512 39.7214
      vertex 93.6735 27.0201 39.7214
      vertex 93.746 26.9115 39.8423
    endloop
  endfacet
  facet normal 0.588706 0.393292 0.70622
    outer loop
      vertex 93.8511 26.5759 40.0593
      vertex 93.7231 26.6014 40.1518
      vertex 93.771 26.5297 40.1518
    endloop
  endfacet
  facet normal 0.588746 0.392977 0.706362
    outer loop
      vertex 93.7965 26.6577 40.0593
      vertex 93.7231 26.6014 40.1518
      vertex 93.8511 26.5759 40.0593
    endloop
  endfacet
  facet normal 0.751517 0.25508 0.608405
    outer loop
      vertex 93.9682 26.5182 39.9556
      vertex 93.8946 26.4877 40.0593
      vertex 93.9262 26.3946 40.0593
    endloop
  endfacet
  facet normal 0.751841 0.25475 0.608143
    outer loop
      vertex 93.9682 26.5182 39.9556
      vertex 93.9262 26.3946 40.0593
      vertex 94.0031 26.4152 39.9556
    endloop
  endfacet
  facet normal 0.426716 0.866694 0.25837
    outer loop
      vertex 93.5753 27.1061 39.5951
      vertex 93.5624 27.0748 39.7214
      vertex 93.6735 27.0201 39.7214
    endloop
  endfacet
  facet normal 0.188286 0.947453 0.258613
    outer loop
      vertex 93.328 27.1724 39.5951
      vertex 93.3236 27.1388 39.7214
      vertex 93.4538 27.1474 39.5951
    endloop
  endfacet
  facet normal 0.820519 0.27843 -0.499225
    outer loop
      vertex 94.0663 26.4321 38.5577
      vertex 94.0031 26.4152 38.4444
      vertex 94.0286 26.5432 38.5577
    endloop
  endfacet
  facet normal 0.828695 0.408753 -0.382341
    outer loop
      vertex 94.0749 26.5624 38.6786
      vertex 93.9767 26.6484 38.5577
      vertex 94.0201 26.6735 38.6786
    endloop
  endfacet
  facet normal 0.866649 0.426924 -0.258178
    outer loop
      vertex 94.1061 26.5753 38.8049
      vertex 94.0201 26.6735 38.6786
      vertex 94.0494 26.6904 38.8049
    endloop
  endfacet
  facet normal 0.596542 0.523892 -0.608009
    outer loop
      vertex 93.7965 26.6577 38.3407
      vertex 93.7316 26.7316 38.3407
      vertex 93.8596 26.7062 38.4444
    endloop
  endfacet
  facet normal 0.660364 0.440781 -0.607973
    outer loop
      vertex 93.8511 26.5759 38.3407
      vertex 93.7965 26.6577 38.3407
      vertex 93.8596 26.7062 38.4444
    endloop
  endfacet
  facet normal 0.507249 0.338446 -0.792561
    outer loop
      vertex 93.6811 26.4778 38.1685
      vertex 93.6408 26.5382 38.1685
      vertex 93.771 26.5297 38.2482
    endloop
  endfacet
  facet normal 0.338549 0.507404 -0.792417
    outer loop
      vertex 93.5382 26.6408 38.1685
      vertex 93.4778 26.6811 38.1685
      vertex 93.6014 26.7231 38.2482
    endloop
  endfacet
  facet normal 0.864784 0.0568645 -0.498915
    outer loop
      vertex 94.0969 26.2 38.5577
      vertex 94.0244 26.3085 38.4444
      vertex 94.0892 26.3171 38.5577
    endloop
  endfacet
  facet normal 0.84994 0.169249 -0.498956
    outer loop
      vertex 94.0892 26.3171 38.5577
      vertex 94.0244 26.3085 38.4444
      vertex 94.0663 26.4321 38.5577
    endloop
  endfacet
  facet normal 0.651096 0.571402 -0.499573
    outer loop
      vertex 93.8596 26.7062 38.4444
      vertex 93.7879 26.7879 38.4444
      vertex 93.8342 26.8342 38.5577
    endloop
  endfacet
  facet normal 0.571402 0.651096 -0.499573
    outer loop
      vertex 93.7879 26.7879 38.4444
      vertex 93.7062 26.8596 38.4444
      vertex 93.8342 26.8342 38.5577
    endloop
  endfacet
  facet normal 0.0833736 0.245798 -0.965729
    outer loop
      vertex 93.323 26.497 38.0531
      vertex 93.2505 26.3884 38.0192
      vertex 93.2832 26.5105 38.0531
    endloop
  endfacet
  facet normal 0.0506644 0.254558 -0.965729
    outer loop
      vertex 93.2505 26.3884 38.0192
      vertex 93.242 26.5187 38.0531
      vertex 93.2832 26.5105 38.0531
    endloop
  endfacet
  facet normal 0.212899 0.318439 -0.923727
    outer loop
      vertex 93.3957 26.455 38.0531
      vertex 93.3607 26.4784 38.0531
      vertex 93.4692 26.5509 38.1031
    endloop
  endfacet
  facet normal 0.144323 0.215868 -0.965698
    outer loop
      vertex 93.3957 26.455 38.0531
      vertex 93.2975 26.369 38.0192
      vertex 93.3607 26.4784 38.0531
    endloop
  endfacet
  facet normal 0.318711 0.212695 -0.92368
    outer loop
      vertex 93.583 26.4211 38.1031
      vertex 93.4784 26.3607 38.0531
      vertex 93.5509 26.4692 38.1031
    endloop
  endfacet
  facet normal 0.474144 0.160932 -0.865615
    outer loop
      vertex 93.6272 26.3145 38.1031
      vertex 93.6086 26.3693 38.1031
      vertex 93.7133 26.4126 38.1685
    endloop
  endfacet
  facet normal 0.232716 0.114815 -0.965744
    outer loop
      vertex 93.497 26.323 38.0531
      vertex 93.3689 26.2975 38.0192
      vertex 93.4784 26.3607 38.0531
    endloop
  endfacet
  facet normal 0.0257012 0.128506 -0.991376
    outer loop
      vertex 93.2505 26.3884 38.0192
      vertex 93.2169 26.2632 38.0021
      vertex 93.2255 26.3934 38.0192
    endloop
  endfacet
  facet normal 0.194942 0.171468 -0.96571
    outer loop
      vertex 93.3548 26.3188 38.0192
      vertex 93.338 26.3379 38.0192
      vertex 93.4273 26.4273 38.0531
    endloop
  endfacet
  facet normal 0.195315 0.17121 -0.965681
    outer loop
      vertex 93.455 26.3957 38.0531
      vertex 93.3548 26.3188 38.0192
      vertex 93.4273 26.4273 38.0531
    endloop
  endfacet
  facet normal -0.0420562 0.124117 -0.991376
    outer loop
      vertex 68.7831 26.2632 38.0021
      vertex 68.7253 26.3802 38.0192
      vertex 68.7495 26.3884 38.0192
    endloop
  endfacet
  facet normal 0.254496 0.0508992 -0.965733
    outer loop
      vertex 93.3934 26.2255 38.0192
      vertex 93.3884 26.2505 38.0192
      vertex 93.5105 26.2832 38.0531
    endloop
  endfacet
  facet normal -0.109234 0.0723098 -0.991382
    outer loop
      vertex 68.7434 26.2327 38.0021
      vertex 68.6311 26.2975 38.0192
      vertex 68.6452 26.3188 38.0192
    endloop
  endfacet
  facet normal 0.0833023 0.245843 -0.965723
    outer loop
      vertex 93.2747 26.3802 38.0192
      vertex 93.2505 26.3884 38.0192
      vertex 93.323 26.497 38.0531
    endloop
  endfacet
  facet normal 0.11444 0.232968 -0.965727
    outer loop
      vertex 93.2975 26.369 38.0192
      vertex 93.2747 26.3802 38.0192
      vertex 93.323 26.497 38.0531
    endloop
  endfacet
  facet normal 0.00871377 0.130707 -0.991383
    outer loop
      vertex 93.2255 26.3934 38.0192
      vertex 93.2 26.2654 38.0021
      vertex 93.2 26.3951 38.0192
    endloop
  endfacet
  facet normal 0.0172669 0.259003 -0.965722
    outer loop
      vertex 93.2255 26.3934 38.0192
      vertex 93.2 26.3951 38.0192
      vertex 93.242 26.5187 38.0531
    endloop
  endfacet
  facet normal 0.0726493 0.108974 -0.991386
    outer loop
      vertex 93.3188 26.3548 38.0192
      vertex 93.2398 26.2519 38.0021
      vertex 93.2975 26.369 38.0192
    endloop
  endfacet
  facet normal -0.0726493 0.108974 -0.991386
    outer loop
      vertex 68.7602 26.2519 38.0021
      vertex 68.6812 26.3548 38.0192
      vertex 68.7025 26.369 38.0192
    endloop
  endfacet
  facet normal 0.0747484 0.375726 -0.923711
    outer loop
      vertex 93.3145 26.6272 38.1031
      vertex 93.242 26.5187 38.0531
      vertex 93.2577 26.6385 38.1031
    endloop
  endfacet
  facet normal 0.0251728 0.382229 -0.923725
    outer loop
      vertex 93.242 26.5187 38.0531
      vertex 93.2 26.6423 38.1031
      vertex 93.2577 26.6385 38.1031
    endloop
  endfacet
  facet normal 0.287935 0.252853 -0.923666
    outer loop
      vertex 93.5509 26.4692 38.1031
      vertex 93.4273 26.4273 38.0531
      vertex 93.5127 26.5127 38.1031
    endloop
  endfacet
  facet normal 0.457976 0.402616 -0.792565
    outer loop
      vertex 93.6408 26.5382 38.1685
      vertex 93.5928 26.5928 38.1685
      vertex 93.6662 26.6662 38.2482
    endloop
  endfacet
  facet normal 0.598096 0.119116 -0.792523
    outer loop
      vertex 93.7508 26.2725 38.1685
      vertex 93.7366 26.3438 38.1685
      vertex 93.8537 26.2861 38.2482
    endloop
  endfacet
  facet normal 0.670505 0.227583 -0.706136
    outer loop
      vertex 93.9262 26.3946 38.3407
      vertex 93.8092 26.4523 38.2482
      vertex 93.8946 26.4877 38.3407
    endloop
  endfacet
  facet normal 0.577486 0.196034 -0.792515
    outer loop
      vertex 93.8369 26.3707 38.2482
      vertex 93.7133 26.4126 38.1685
      vertex 93.8092 26.4523 38.2482
    endloop
  endfacet
  facet normal 0.751841 0.25475 -0.608143
    outer loop
      vertex 94.0031 26.4152 38.4444
      vertex 93.9262 26.3946 38.3407
      vertex 93.9682 26.5182 38.4444
    endloop
  endfacet
  facet normal 0.777208 0.383433 -0.498925
    outer loop
      vertex 94.0286 26.5432 38.5577
      vertex 93.9201 26.6157 38.4444
      vertex 93.9767 26.6484 38.5577
    endloop
  endfacet
  facet normal 0.694521 0.137919 -0.70613
    outer loop
      vertex 93.8537 26.2861 38.2482
      vertex 93.8369 26.3707 38.2482
      vertex 93.9262 26.3946 38.3407
    endloop
  endfacet
  facet normal 0.598002 0.118752 -0.792648
    outer loop
      vertex 93.8537 26.2861 38.2482
      vertex 93.7366 26.3438 38.1685
      vertex 93.8369 26.3707 38.2482
    endloop
  endfacet
  facet normal 0.803264 -0.536764 0.258171
    outer loop
      vertex 94.0201 -13.2735 39.7214
      vertex 93.9781 -13.3971 39.5951
      vertex 94.0494 -13.2904 39.5951
    endloop
  endfacet
  facet normal 0.824376 -0.550872 0.130171
    outer loop
      vertex 94.0494 -13.2904 39.5951
      vertex 93.9781 -13.3971 39.5951
      vertex 94.0642 -13.2989 39.4654
    endloop
  endfacet
  facet normal 0.866649 -0.426924 -0.258178
    outer loop
      vertex 94.0494 -13.2904 38.8049
      vertex 94.0201 -13.2735 38.6786
      vertex 94.1061 -13.1753 38.8049
    endloop
  endfacet
  facet normal 0.824573 -0.550475 -0.130602
    outer loop
      vertex 93.9917 -13.4075 38.9346
      vertex 93.9781 -13.3971 38.8049
      vertex 94.0642 -13.2989 38.9346
    endloop
  endfacet
  facet normal 0.768336 -0.513274 -0.382374
    outer loop
      vertex 94.0201 -13.2735 38.6786
      vertex 93.9115 -13.346 38.5577
      vertex 93.9767 -13.2484 38.5577
    endloop
  endfacet
  facet normal 0.828695 -0.408753 -0.382341
    outer loop
      vertex 94.0201 -13.2735 38.6786
      vertex 93.9767 -13.2484 38.5577
      vertex 94.0749 -13.1624 38.6786
    endloop
  endfacet
  facet normal -0.154858 0.778323 0.608467
    outer loop
      vertex 68.6915 27.0244 39.9556
      vertex 68.6054 26.9262 40.0593
      vertex 68.7019 26.9454 40.0593
    endloop
  endfacet
  facet normal 0 0.707107 0.707107
    outer loop
      vertex 93.2 26.9518 40.0593
      vertex 68.8 26.8593 40.1518
      vertex 93.2 26.8593 40.1518
    endloop
  endfacet
  facet normal 0 0.707107 0.707107
    outer loop
      vertex 68.8 26.8593 40.1518
      vertex 93.2 26.9518 40.0593
      vertex 68.8 26.9518 40.0593
    endloop
  endfacet
  facet normal -0.310901 0.914636 0.258422
    outer loop
      vertex 68.5462 27.1474 39.5951
      vertex 68.4247 27.1061 39.5951
      vertex 68.4376 27.0748 39.7214
    endloop
  endfacet
  facet normal -0.319081 0.938701 0.130489
    outer loop
      vertex 68.5417 27.1639 39.4654
      vertex 68.4247 27.1061 39.5951
      vertex 68.5462 27.1474 39.5951
    endloop
  endfacet
  facet normal -0.499647 0.0330801 0.865597
    outer loop
      vertex 68.2492 26.2725 40.2315
      vertex 68.2444 26.2 40.2315
      vertex 68.3577 26.2 40.2969
    endloop
  endfacet
  facet normal -0.634857 0.313327 0.706246
    outer loop
      vertex 68.229 26.5297 40.1518
      vertex 68.1489 26.5759 40.0593
      vertex 68.1908 26.4523 40.1518
    endloop
  endfacet
  facet normal -0.598096 0.119116 0.792523
    outer loop
      vertex 68.2634 26.3438 40.2315
      vertex 68.1463 26.2861 40.1518
      vertex 68.2492 26.2725 40.2315
    endloop
  endfacet
  facet normal -0.491241 0.0977293 0.865524
    outer loop
      vertex 68.3728 26.3145 40.2969
      vertex 68.2634 26.3438 40.2315
      vertex 68.3615 26.2577 40.2969
    endloop
  endfacet
  facet normal -0.245819 0.0832941 0.96573
    outer loop
      vertex 68.6198 26.2747 40.3808
      vertex 68.4895 26.2832 40.3469
      vertex 68.6116 26.2505 40.3808
    endloop
  endfacet
  facet normal -0.254496 0.0508992 0.965733
    outer loop
      vertex 68.6116 26.2505 40.3808
      vertex 68.4895 26.2832 40.3469
      vertex 68.6066 26.2255 40.3808
    endloop
  endfacet
  facet normal -0.637276 0.726163 -0.258006
    outer loop
      vertex 68.1304 26.8696 38.6786
      vertex 68.1065 26.8935 38.8049
      vertex 68.2029 26.9781 38.8049
    endloop
  endfacet
  facet normal -0.653961 0.745175 -0.130575
    outer loop
      vertex 68.2029 26.9781 38.8049
      vertex 68.1065 26.8935 38.8049
      vertex 68.1925 26.9917 38.9346
    endloop
  endfacet
  facet normal -0.938701 0.319081 0.130489
    outer loop
      vertex 67.8939 26.5753 39.5951
      vertex 67.8361 26.4583 39.4654
      vertex 67.8526 26.4538 39.5951
    endloop
  endfacet
  facet normal -0.866541 0.427421 0.257718
    outer loop
      vertex 67.9799 26.6735 39.7214
      vertex 67.8939 26.5753 39.5951
      vertex 67.9251 26.5624 39.7214
    endloop
  endfacet
  facet normal -0.458339 0.402462 0.792433
    outer loop
      vertex 68.3338 26.6662 40.1518
      vertex 68.2769 26.6014 40.1518
      vertex 68.3592 26.5382 40.2315
    endloop
  endfacet
  facet normal -0.330634 0.376096 0.865582
    outer loop
      vertex 68.4618 26.6408 40.2315
      vertex 68.4072 26.5928 40.2315
      vertex 68.4873 26.5127 40.2969
    endloop
  endfacet
  facet normal 0.938701 0.319081 0.130489
    outer loop
      vertex 94.1639 26.4583 39.4654
      vertex 94.1061 26.5753 39.5951
      vertex 94.1474 26.4538 39.5951
    endloop
  endfacet
  facet normal 0.896867 0.442301 0
    outer loop
      vertex 94.1219 26.5819 39.4654
      vertex 94.0642 26.6989 38.9346
      vertex 94.0642 26.6989 39.4654
    endloop
  endfacet
  facet normal 0.896867 0.442301 0
    outer loop
      vertex 94.0642 26.6989 38.9346
      vertex 94.1219 26.5819 39.4654
      vertex 94.1219 26.5819 38.9346
    endloop
  endfacet
  facet normal 0.972497 0.193263 -0.129995
    outer loop
      vertex 94.1724 26.328 38.8049
      vertex 94.1474 26.4538 38.8049
      vertex 94.1893 26.3302 38.9346
    endloop
  endfacet
  facet normal 0.972526 0.192835 -0.130412
    outer loop
      vertex 94.1893 26.3302 38.9346
      vertex 94.1474 26.4538 38.8049
      vertex 94.1639 26.4583 38.9346
    endloop
  endfacet
  facet normal -0.169728 0.343434 0.923713
    outer loop
      vertex 68.6307 26.6086 40.2969
      vertex 68.5789 26.583 40.2969
      vertex 68.677 26.497 40.3469
    endloop
  endfacet
  facet normal -0.169537 0.34363 0.923675
    outer loop
      vertex 68.677 26.497 40.3469
      vertex 68.5789 26.583 40.2969
      vertex 68.6393 26.4784 40.3469
    endloop
  endfacet
  facet normal -0.00871377 0.130707 0.991383
    outer loop
      vertex 68.8 26.3951 40.3808
      vertex 68.7745 26.3934 40.3808
      vertex 68.8 26.2654 40.3979
    endloop
  endfacet
  facet normal -0.0172669 0.259003 0.965722
    outer loop
      vertex 68.8 26.3951 40.3808
      vertex 68.758 26.5187 40.3469
      vertex 68.7745 26.3934 40.3808
    endloop
  endfacet
  facet normal -0.448927 0.221864 0.865587
    outer loop
      vertex 68.417 26.4211 40.2969
      vertex 68.2867 26.4126 40.2315
      vertex 68.3914 26.3693 40.2969
    endloop
  endfacet
  facet normal -0.375717 0.0747465 0.923715
    outer loop
      vertex 68.3728 26.3145 40.2969
      vertex 68.3615 26.2577 40.2969
      vertex 68.4895 26.2832 40.3469
    endloop
  endfacet
  facet normal -0.751841 0.25475 0.608143
    outer loop
      vertex 68.0318 26.5182 39.9556
      vertex 67.9969 26.4152 39.9556
      vertex 68.0738 26.3946 40.0593
    endloop
  endfacet
  facet normal -0.751517 0.25508 0.608405
    outer loop
      vertex 68.1054 26.4877 40.0593
      vertex 68.0318 26.5182 39.9556
      vertex 68.0738 26.3946 40.0593
    endloop
  endfacet
  facet normal -0.694343 0.138149 0.70626
    outer loop
      vertex 68.0738 26.3946 40.0593
      vertex 68.0546 26.2981 40.0593
      vertex 68.1463 26.2861 40.1518
    endloop
  endfacet
  facet normal -0.778463 0.155401 0.608149
    outer loop
      vertex 67.9969 26.4152 39.9556
      vertex 67.9756 26.3085 39.9556
      vertex 68.0738 26.3946 40.0593
    endloop
  endfacet
  facet normal -0.694411 -0.13806 0.70621
    outer loop
      vertex 68.1463 -12.8861 40.1518
      vertex 68.0738 -12.9946 40.0593
      vertex 68.1631 -12.9706 40.1518
    endloop
  endfacet
  facet normal -0.67047 -0.22732 0.706255
    outer loop
      vertex 68.1631 -12.9706 40.1518
      vertex 68.0738 -12.9946 40.0593
      vertex 68.1908 -13.0523 40.1518
    endloop
  endfacet
  facet normal -0.751841 -0.25475 0.608143
    outer loop
      vertex 68.0738 -12.9946 40.0593
      vertex 67.9969 -13.0152 39.9556
      vertex 68.0318 -13.1182 39.9556
    endloop
  endfacet
  facet normal -0.820802 -0.278116 0.498935
    outer loop
      vertex 67.9969 -13.0152 39.9556
      vertex 67.9714 -13.1432 39.8423
      vertex 68.0318 -13.1182 39.9556
    endloop
  endfacet
  facet normal -0.531906 -0.46706 0.70635
    outer loop
      vertex 68.2769 -13.2014 40.1518
      vertex 68.2035 -13.2577 40.0593
      vertex 68.3338 -13.2662 40.1518
    endloop
  endfacet
  facet normal -0.402739 -0.458115 0.792421
    outer loop
      vertex 68.4072 -13.1928 40.2315
      vertex 68.3986 -13.3231 40.1518
      vertex 68.4618 -13.2408 40.2315
    endloop
  endfacet
  facet normal -0.720477 -0.481645 0.49893
    outer loop
      vertex 68.0799 -13.2157 39.9556
      vertex 68.0233 -13.2484 39.8423
      vertex 68.1404 -13.3062 39.9556
    endloop
  endfacet
  facet normal -0.777208 -0.383433 0.498925
    outer loop
      vertex 68.0799 -13.2157 39.9556
      vertex 67.9714 -13.1432 39.8423
      vertex 68.0233 -13.2484 39.8423
    endloop
  endfacet
  facet normal -0.726567 -0.636819 0.257996
    outer loop
      vertex 68.1304 -13.4696 39.7214
      vertex 68.0488 -13.3765 39.7214
      vertex 68.1065 -13.4935 39.5951
    endloop
  endfacet
  facet normal -0.695032 -0.609179 0.381878
    outer loop
      vertex 68.1658 -13.4342 39.8423
      vertex 68.0488 -13.3765 39.7214
      vertex 68.1304 -13.4696 39.7214
    endloop
  endfacet
  facet normal 0.0459421 -0.70636 0.70636
    outer loop
      vertex 93.2 -13.4593 40.1518
      vertex 93.2 -13.5518 40.0593
      vertex 93.2861 -13.4537 40.1518
    endloop
  endfacet
  facet normal 0.0460866 -0.706421 0.70629
    outer loop
      vertex 93.2861 -13.4537 40.1518
      vertex 93.2 -13.5518 40.0593
      vertex 93.2981 -13.5454 40.0593
    endloop
  endfacet
  facet normal 0.458339 -0.402462 0.792433
    outer loop
      vertex 93.7231 -13.2014 40.1518
      vertex 93.6408 -13.1382 40.2315
      vertex 93.6662 -13.2662 40.1518
    endloop
  endfacet
  facet normal 0.160659 -0.474391 0.86553
    outer loop
      vertex 93.4126 -13.3133 40.2315
      vertex 93.3145 -13.2272 40.2969
      vertex 93.3438 -13.3366 40.2315
    endloop
  endfacet
  facet normal -0.906652 -0.179838 -0.381629
    outer loop
      vertex 67.8853 -13.0451 38.6786
      vertex 67.8612 -12.9236 38.6786
      vertex 67.9108 -12.9171 38.5577
    endloop
  endfacet
  facet normal -0.947606 -0.187961 -0.25829
    outer loop
      vertex 67.8853 -13.0451 38.6786
      vertex 67.8526 -13.0538 38.8049
      vertex 67.8612 -12.9236 38.6786
    endloop
  endfacet
  facet normal -0.169618 -0.849685 -0.499264
    outer loop
      vertex 68.6915 -13.6244 38.4444
      vertex 68.5679 -13.6663 38.5577
      vertex 68.5848 -13.6031 38.4444
    endloop
  endfacet
  facet normal -0.155401 -0.778463 -0.608149
    outer loop
      vertex 68.6915 -13.6244 38.4444
      vertex 68.5848 -13.6031 38.4444
      vertex 68.6054 -13.5262 38.3407
    endloop
  endfacet
  facet normal -0.221864 -0.448927 -0.865587
    outer loop
      vertex 68.5874 -13.3133 38.1685
      vertex 68.5789 -13.183 38.1031
      vertex 68.6307 -13.2086 38.1031
    endloop
  endfacet
  facet normal -0.221713 -0.448935 -0.865622
    outer loop
      vertex 68.5874 -13.3133 38.1685
      vertex 68.5222 -13.2811 38.1685
      vertex 68.5789 -13.183 38.1031
    endloop
  endfacet
  facet normal -0.144086 -0.216129 -0.965675
    outer loop
      vertex 68.7025 -12.969 38.0192
      vertex 68.6043 -13.055 38.0531
      vertex 68.6812 -12.9548 38.0192
    endloop
  endfacet
  facet normal -0.144323 -0.215868 -0.965698
    outer loop
      vertex 68.6393 -13.0784 38.0531
      vertex 68.6043 -13.055 38.0531
      vertex 68.7025 -12.969 38.0192
    endloop
  endfacet
  facet normal -0.169728 -0.343434 -0.923713
    outer loop
      vertex 68.6307 -13.2086 38.1031
      vertex 68.5789 -13.183 38.1031
      vertex 68.677 -13.097 38.0531
    endloop
  endfacet
  facet normal -0.169537 -0.34363 -0.923675
    outer loop
      vertex 68.677 -13.097 38.0531
      vertex 68.5789 -13.183 38.1031
      vertex 68.6393 -13.0784 38.0531
    endloop
  endfacet
  facet normal -0.481645 -0.720477 -0.49893
    outer loop
      vertex 68.3516 -13.5767 38.5577
      vertex 68.2938 -13.4596 38.4444
      vertex 68.3843 -13.5201 38.4444
    endloop
  endfacet
  facet normal -0.48134 -0.720533 -0.499144
    outer loop
      vertex 68.3516 -13.5767 38.5577
      vertex 68.254 -13.5115 38.5577
      vertex 68.2938 -13.4596 38.4444
    endloop
  endfacet
  facet normal -0.596542 -0.523892 -0.608009
    outer loop
      vertex 68.2684 -13.3316 38.3407
      vertex 68.1404 -13.3062 38.4444
      vertex 68.2035 -13.2577 38.3407
    endloop
  endfacet
  facet normal -0.531892 -0.467115 -0.706325
    outer loop
      vertex 68.2684 -13.3316 38.3407
      vertex 68.2035 -13.2577 38.3407
      vertex 68.3338 -13.2662 38.2482
    endloop
  endfacet
  facet normal -0.0833023 -0.245843 -0.965723
    outer loop
      vertex 68.7495 -12.9884 38.0192
      vertex 68.677 -13.097 38.0531
      vertex 68.7253 -12.9802 38.0192
    endloop
  endfacet
  facet normal 0.0172669 -0.259003 -0.965722
    outer loop
      vertex 93.242 -13.1187 38.0531
      vertex 93.2 -12.9951 38.0192
      vertex 93.2255 -12.9934 38.0192
    endloop
  endfacet
  facet normal 0.00871377 -0.130707 -0.991383
    outer loop
      vertex 93.2255 -12.9934 38.0192
      vertex 93.2 -12.9951 38.0192
      vertex 93.2 -12.8654 38.0021
    endloop
  endfacet
  facet normal -0.245819 -0.0832941 -0.96573
    outer loop
      vertex 68.6198 -12.8747 38.0192
      vertex 68.4895 -12.8832 38.0531
      vertex 68.6116 -12.8505 38.0192
    endloop
  endfacet
  facet normal -0.254496 -0.0508992 -0.965733
    outer loop
      vertex 68.6116 -12.8505 38.0192
      vertex 68.4895 -12.8832 38.0531
      vertex 68.6066 -12.8255 38.0192
    endloop
  endfacet
  facet normal -0.171631 -0.194989 -0.965672
    outer loop
      vertex 68.6812 -12.9548 38.0192
      vertex 68.6043 -13.055 38.0531
      vertex 68.662 -12.9379 38.0192
    endloop
  endfacet
  facet normal -0.194942 -0.171468 -0.96571
    outer loop
      vertex 68.662 -12.9379 38.0192
      vertex 68.5727 -13.0273 38.0531
      vertex 68.6452 -12.9188 38.0192
    endloop
  endfacet
  facet normal 0.072264 0.109165 -0.991393
    outer loop
      vertex 93.2398 26.2519 38.0021
      vertex 93.2327 26.2566 38.0021
      vertex 93.2975 26.369 38.0192
    endloop
  endfacet
  facet normal 0.318711 -0.212695 -0.92368
    outer loop
      vertex 93.5509 -13.0692 38.1031
      vertex 93.4784 -12.9607 38.0531
      vertex 93.583 -13.0211 38.1031
    endloop
  endfacet
  facet normal 0.117387 -0.0581789 -0.991381
    outer loop
      vertex 93.3689 -12.8975 38.0192
      vertex 93.2566 -12.8327 38.0021
      vertex 93.3802 -12.8747 38.0192
    endloop
  endfacet
  facet normal 0.254603 -0.0506733 -0.965717
    outer loop
      vertex 93.5105 -12.8832 38.0531
      vertex 93.3934 -12.8255 38.0192
      vertex 93.5187 -12.842 38.0531
    endloop
  endfacet
  facet normal 0.254496 -0.0508992 -0.965733
    outer loop
      vertex 93.5105 -12.8832 38.0531
      vertex 93.3884 -12.8505 38.0192
      vertex 93.3934 -12.8255 38.0192
    endloop
  endfacet
  facet normal -0.382229 0.0251728 -0.923725
    outer loop
      vertex 68.4813 26.242 38.0531
      vertex 68.3577 26.2 38.1031
      vertex 68.3615 26.2577 38.1031
    endloop
  endfacet
  facet normal -0.499734 0.0329114 -0.865554
    outer loop
      vertex 68.3577 26.2 38.1031
      vertex 68.2492 26.2725 38.1685
      vertex 68.3615 26.2577 38.1031
    endloop
  endfacet
  facet normal -0.362794 0.123058 -0.923708
    outer loop
      vertex 68.4895 26.2832 38.0531
      vertex 68.3914 26.3693 38.1031
      vertex 68.503 26.323 38.0531
    endloop
  endfacet
  facet normal -0.362744 0.123121 -0.923719
    outer loop
      vertex 68.4895 26.2832 38.0531
      vertex 68.3728 26.3145 38.1031
      vertex 68.3914 26.3693 38.1031
    endloop
  endfacet
  facet normal -0.0833023 0.245843 -0.965723
    outer loop
      vertex 68.7253 26.3802 38.0192
      vertex 68.677 26.497 38.0531
      vertex 68.7495 26.3884 38.0192
    endloop
  endfacet
  facet normal -0.0833736 0.245798 -0.965729
    outer loop
      vertex 68.7495 26.3884 38.0192
      vertex 68.677 26.497 38.0531
      vertex 68.7168 26.5105 38.0531
    endloop
  endfacet
  facet normal -0.171631 0.194989 -0.965672
    outer loop
      vertex 68.662 26.3379 38.0192
      vertex 68.6043 26.455 38.0531
      vertex 68.6812 26.3548 38.0192
    endloop
  endfacet
  facet normal -0.0257012 0.128506 -0.991376
    outer loop
      vertex 68.7831 26.2632 38.0021
      vertex 68.7495 26.3884 38.0192
      vertex 68.7745 26.3934 38.0192
    endloop
  endfacet
  facet normal 0.491241 0.0977293 -0.865524
    outer loop
      vertex 93.6385 26.2577 38.1031
      vertex 93.6272 26.3145 38.1031
      vertex 93.7366 26.3438 38.1685
    endloop
  endfacet
  facet normal 0.608589 0.039583 -0.792498
    outer loop
      vertex 93.8593 26.2 38.2482
      vertex 93.7508 26.2725 38.1685
      vertex 93.8537 26.2861 38.2482
    endloop
  endfacet
  facet normal 0.0747484 -0.375726 -0.923711
    outer loop
      vertex 93.2577 -13.2385 38.1031
      vertex 93.242 -13.1187 38.0531
      vertex 93.3145 -13.2272 38.1031
    endloop
  endfacet
  facet normal 0.0747771 -0.375709 -0.923716
    outer loop
      vertex 93.3145 -13.2272 38.1031
      vertex 93.242 -13.1187 38.0531
      vertex 93.2832 -13.1105 38.0531
    endloop
  endfacet
  facet normal 0.144323 -0.215868 -0.965698
    outer loop
      vertex 93.3607 -13.0784 38.0531
      vertex 93.2975 -12.969 38.0192
      vertex 93.3957 -13.055 38.0531
    endloop
  endfacet
  facet normal 0.144086 -0.216129 -0.965675
    outer loop
      vertex 93.3957 -13.055 38.0531
      vertex 93.2975 -12.969 38.0192
      vertex 93.3188 -12.9548 38.0192
    endloop
  endfacet
  facet normal 0.457976 -0.402616 -0.792565
    outer loop
      vertex 93.6662 -13.2662 38.2482
      vertex 93.5928 -13.1928 38.1685
      vertex 93.6408 -13.1382 38.1685
    endloop
  endfacet
  facet normal 0.277872 -0.416464 -0.865647
    outer loop
      vertex 93.4778 -13.2811 38.1685
      vertex 93.4692 -13.1509 38.1031
      vertex 93.5382 -13.2408 38.1685
    endloop
  endfacet
  facet normal 0.169537 -0.34363 -0.923675
    outer loop
      vertex 93.4211 -13.183 38.1031
      vertex 93.323 -13.097 38.0531
      vertex 93.3607 -13.0784 38.0531
    endloop
  endfacet
  facet normal 0.212695 -0.318711 -0.92368
    outer loop
      vertex 93.4211 -13.183 38.1031
      vertex 93.3607 -13.0784 38.0531
      vertex 93.4692 -13.1509 38.1031
    endloop
  endfacet
  facet normal 0.448935 -0.221713 -0.865622
    outer loop
      vertex 93.6811 -13.0778 38.1685
      vertex 93.583 -13.0211 38.1031
      vertex 93.7133 -13.0126 38.1685
    endloop
  endfacet
  facet normal 0.546751 -0.270021 -0.79256
    outer loop
      vertex 93.771 -13.1297 38.2482
      vertex 93.6811 -13.0778 38.1685
      vertex 93.7133 -13.0126 38.1685
    endloop
  endfacet
  facet normal 0.313327 -0.634857 -0.706246
    outer loop
      vertex 93.5759 -13.4511 38.3407
      vertex 93.4523 -13.4092 38.2482
      vertex 93.5297 -13.371 38.2482
    endloop
  endfacet
  facet normal 0.313195 -0.63503 -0.706148
    outer loop
      vertex 93.4877 -13.4946 38.3407
      vertex 93.4523 -13.4092 38.2482
      vertex 93.5759 -13.4511 38.3407
    endloop
  endfacet
  facet normal 0.0977293 -0.491241 -0.865524
    outer loop
      vertex 93.3438 -13.3366 38.1685
      vertex 93.2577 -13.2385 38.1031
      vertex 93.3145 -13.2272 38.1031
    endloop
  endfacet
  facet normal 0.160659 -0.474391 -0.86553
    outer loop
      vertex 93.3438 -13.3366 38.1685
      vertex 93.3145 -13.2272 38.1031
      vertex 93.4126 -13.3133 38.1685
    endloop
  endfacet
  facet normal 0.376187 -0.330353 -0.86565
    outer loop
      vertex 93.6408 -13.1382 38.1685
      vertex 93.5127 -13.1127 38.1031
      vertex 93.5509 -13.0692 38.1031
    endloop
  endfacet
  facet normal 0.287935 -0.252853 -0.923666
    outer loop
      vertex 93.5127 -13.1127 38.1031
      vertex 93.4273 -13.0273 38.0531
      vertex 93.5509 -13.0692 38.1031
    endloop
  endfacet
  facet normal 0.215922 -0.144359 -0.96568
    outer loop
      vertex 93.455 -12.9957 38.0531
      vertex 93.3548 -12.9188 38.0192
      vertex 93.4784 -12.9607 38.0531
    endloop
  endfacet
  facet normal 0.318439 -0.212899 -0.923727
    outer loop
      vertex 93.5509 -13.0692 38.1031
      vertex 93.455 -12.9957 38.0531
      vertex 93.4784 -12.9607 38.0531
    endloop
  endfacet
  facet normal 0.598096 -0.119116 -0.792523
    outer loop
      vertex 93.8537 -12.8861 38.2482
      vertex 93.7366 -12.9438 38.1685
      vertex 93.7508 -12.8725 38.1685
    endloop
  endfacet
  facet normal 0.362744 -0.123121 -0.923719
    outer loop
      vertex 93.6086 -12.9693 38.1031
      vertex 93.5105 -12.8832 38.0531
      vertex 93.6272 -12.9145 38.1031
    endloop
  endfacet
  facet normal 0.791815 -0.0518146 -0.60856
    outer loop
      vertex 94.0244 -12.9085 38.4444
      vertex 93.9518 -12.8 38.3407
      vertex 94.0315 -12.8 38.4444
    endloop
  endfacet
  facet normal 0.660364 -0.440781 -0.607973
    outer loop
      vertex 93.8596 -13.3062 38.4444
      vertex 93.7965 -13.2577 38.3407
      vertex 93.8511 -13.1759 38.3407
    endloop
  endfacet
  facet normal 0.596542 -0.523892 -0.608009
    outer loop
      vertex 93.8596 -13.3062 38.4444
      vertex 93.7316 -13.3316 38.3407
      vertex 93.7965 -13.2577 38.3407
    endloop
  endfacet
  facet normal 0.481645 -0.720477 -0.49893
    outer loop
      vertex 93.6484 -13.5767 38.5577
      vertex 93.6157 -13.5201 38.4444
      vertex 93.7062 -13.4596 38.4444
    endloop
  endfacet
  facet normal 0.441242 -0.660039 -0.607991
    outer loop
      vertex 93.7062 -13.4596 38.4444
      vertex 93.6157 -13.5201 38.4444
      vertex 93.6577 -13.3965 38.3407
    endloop
  endfacet
  facet normal 0.695044 -0.609149 -0.381905
    outer loop
      vertex 93.9512 -13.3765 38.6786
      vertex 93.8342 -13.4342 38.5577
      vertex 93.9115 -13.346 38.5577
    endloop
  endfacet
  facet normal 0.695032 -0.609179 -0.381878
    outer loop
      vertex 93.8696 -13.4696 38.6786
      vertex 93.8342 -13.4342 38.5577
      vertex 93.9512 -13.3765 38.6786
    endloop
  endfacet
  facet normal 0.311111 -0.914618 0.258232
    outer loop
      vertex 93.5624 -13.6748 39.7214
      vertex 93.4451 -13.7147 39.7214
      vertex 93.4538 -13.7474 39.5951
    endloop
  endfacet
  facet normal 0.310901 -0.914636 0.258422
    outer loop
      vertex 93.5624 -13.6748 39.7214
      vertex 93.4538 -13.7474 39.5951
      vertex 93.5753 -13.7061 39.5951
    endloop
  endfacet
  facet normal 0.25508 -0.751517 0.608405
    outer loop
      vertex 93.4877 -13.4946 40.0593
      vertex 93.3946 -13.5262 40.0593
      vertex 93.5182 -13.5682 39.9556
    endloop
  endfacet
  facet normal 0.27843 -0.820519 0.499225
    outer loop
      vertex 93.5432 -13.6286 39.8423
      vertex 93.4152 -13.6031 39.9556
      vertex 93.4321 -13.6663 39.8423
    endloop
  endfacet
  facet normal 0.27843 -0.820519 -0.499225
    outer loop
      vertex 93.4321 -13.6663 38.5577
      vertex 93.4152 -13.6031 38.4444
      vertex 93.5432 -13.6286 38.5577
    endloop
  endfacet
  facet normal 0.169618 -0.849685 -0.499264
    outer loop
      vertex 93.4321 -13.6663 38.5577
      vertex 93.3085 -13.6244 38.4444
      vertex 93.4152 -13.6031 38.4444
    endloop
  endfacet
  facet normal -0.318711 -0.212695 0.92368
    outer loop
      vertex 68.5216 -12.9607 40.3469
      vertex 68.417 -13.0211 40.2969
      vertex 68.4491 -13.0692 40.2969
    endloop
  endfacet
  facet normal -0.215922 -0.144359 0.96568
    outer loop
      vertex 68.6452 -12.9188 40.3808
      vertex 68.5216 -12.9607 40.3469
      vertex 68.545 -12.9957 40.3469
    endloop
  endfacet
  facet normal -0.330634 -0.376096 0.865582
    outer loop
      vertex 68.4873 -13.1127 40.2969
      vertex 68.4072 -13.1928 40.2315
      vertex 68.4618 -13.2408 40.2315
    endloop
  endfacet
  facet normal -0.376096 -0.330634 0.865582
    outer loop
      vertex 68.4873 -13.1127 40.2969
      vertex 68.3592 -13.1382 40.2315
      vertex 68.4072 -13.1928 40.2315
    endloop
  endfacet
  facet normal -0.338549 -0.507404 0.792417
    outer loop
      vertex 68.4618 -13.2408 40.2315
      vertex 68.3986 -13.3231 40.1518
      vertex 68.5222 -13.2811 40.2315
    endloop
  endfacet
  facet normal -0.33875 -0.507064 0.792549
    outer loop
      vertex 68.5222 -13.2811 40.2315
      vertex 68.3986 -13.3231 40.1518
      vertex 68.4703 -13.371 40.1518
    endloop
  endfacet
  facet normal -0.171631 -0.194989 0.965672
    outer loop
      vertex 68.662 -12.9379 40.3808
      vertex 68.6043 -13.055 40.3469
      vertex 68.6812 -12.9548 40.3808
    endloop
  endfacet
  facet normal -0.171143 -0.195239 0.965708
    outer loop
      vertex 68.662 -12.9379 40.3808
      vertex 68.5727 -13.0273 40.3469
      vertex 68.6043 -13.055 40.3469
    endloop
  endfacet
  facet normal -0.0977293 -0.491241 0.865524
    outer loop
      vertex 68.6855 -13.2272 40.2969
      vertex 68.6562 -13.3366 40.2315
      vertex 68.7423 -13.2385 40.2969
    endloop
  endfacet
  facet normal -0.0166627 -0.259197 0.965681
    outer loop
      vertex 68.8 -12.9951 40.3808
      vertex 68.758 -13.1187 40.3469
      vertex 68.8 -13.1214 40.3469
    endloop
  endfacet
  facet normal -0.0833736 -0.245798 0.965729
    outer loop
      vertex 68.7495 -12.9884 40.3808
      vertex 68.677 -13.097 40.3469
      vertex 68.7168 -13.1105 40.3469
    endloop
  endfacet
  facet normal -0.0833023 -0.245843 0.965723
    outer loop
      vertex 68.7253 -12.9802 40.3808
      vertex 68.677 -13.097 40.3469
      vertex 68.7495 -12.9884 40.3808
    endloop
  endfacet
  facet normal -0.169728 -0.343434 0.923713
    outer loop
      vertex 68.677 -13.097 40.3469
      vertex 68.5789 -13.183 40.2969
      vertex 68.6307 -13.2086 40.2969
    endloop
  endfacet
  facet normal -0.169537 -0.34363 0.923675
    outer loop
      vertex 68.6393 -13.0784 40.3469
      vertex 68.5789 -13.183 40.2969
      vertex 68.677 -13.097 40.3469
    endloop
  endfacet
  facet normal -0.0506644 -0.254558 0.965729
    outer loop
      vertex 68.7495 -12.9884 40.3808
      vertex 68.7168 -13.1105 40.3469
      vertex 68.758 -13.1187 40.3469
    endloop
  endfacet
  facet normal -0.00871377 -0.130707 0.991383
    outer loop
      vertex 68.8 -12.8654 40.3979
      vertex 68.7745 -12.9934 40.3808
      vertex 68.8 -12.9951 40.3808
    endloop
  endfacet
  facet normal -0.195315 -0.17121 0.965681
    outer loop
      vertex 68.6452 -12.9188 40.3808
      vertex 68.545 -12.9957 40.3469
      vertex 68.5727 -13.0273 40.3469
    endloop
  endfacet
  facet normal -0.194942 -0.171468 0.96571
    outer loop
      vertex 68.6452 -12.9188 40.3808
      vertex 68.5727 -13.0273 40.3469
      vertex 68.662 -12.9379 40.3808
    endloop
  endfacet
  facet normal 0.0166627 -0.259197 0.965681
    outer loop
      vertex 93.2 -12.9951 40.3808
      vertex 93.2 -13.1214 40.3469
      vertex 93.242 -13.1187 40.3469
    endloop
  endfacet
  facet normal -0.0329114 -0.499734 0.865554
    outer loop
      vertex 68.7423 -13.2385 40.2969
      vertex 68.7275 -13.3508 40.2315
      vertex 68.8 -13.2423 40.2969
    endloop
  endfacet
  facet normal 0.171143 -0.195239 0.965708
    outer loop
      vertex 93.4273 -13.0273 40.3469
      vertex 93.338 -12.9379 40.3808
      vertex 93.3957 -13.055 40.3469
    endloop
  endfacet
  facet normal 0.194942 -0.171468 0.96571
    outer loop
      vertex 93.3548 -12.9188 40.3808
      vertex 93.338 -12.9379 40.3808
      vertex 93.4273 -13.0273 40.3469
    endloop
  endfacet
  facet normal 0.0427814 -0.123761 0.991389
    outer loop
      vertex 93.225 -12.8604 40.3979
      vertex 93.2169 -12.8632 40.3979
      vertex 93.2747 -12.9802 40.3808
    endloop
  endfacet
  facet normal 0.00921932 -0.130607 0.991391
    outer loop
      vertex 93.2085 -12.8648 40.3979
      vertex 93.2 -12.8654 40.3979
      vertex 93.2255 -12.9934 40.3808
    endloop
  endfacet
  facet normal 0.0726493 -0.108974 0.991386
    outer loop
      vertex 93.3188 -12.9548 40.3808
      vertex 93.2398 -12.8519 40.3979
      vertex 93.2975 -12.969 40.3808
    endloop
  endfacet
  facet normal 0.0870445 -0.0977342 0.991399
    outer loop
      vertex 93.2462 -12.8462 40.3979
      vertex 93.2398 -12.8519 40.3979
      vertex 93.338 -12.9379 40.3808
    endloop
  endfacet
  facet normal 0.491241 -0.0977293 0.865524
    outer loop
      vertex 93.6385 -12.8577 40.2969
      vertex 93.6272 -12.9145 40.2969
      vertex 93.7366 -12.9438 40.2315
    endloop
  endfacet
  facet normal 0.338549 -0.507404 0.792417
    outer loop
      vertex 93.5382 -13.2408 40.2315
      vertex 93.4778 -13.2811 40.2315
      vertex 93.6014 -13.3231 40.1518
    endloop
  endfacet
  facet normal 0.343434 -0.169728 0.923713
    outer loop
      vertex 93.6086 -12.9693 40.2969
      vertex 93.497 -12.923 40.3469
      vertex 93.583 -13.0211 40.2969
    endloop
  endfacet
  facet normal 0.216334 -0.143207 0.965759
    outer loop
      vertex 93.3689 -12.8975 40.3808
      vertex 93.3548 -12.9188 40.3808
      vertex 93.4784 -12.9607 40.3469
    endloop
  endfacet
  facet normal 0.448927 -0.221864 0.865587
    outer loop
      vertex 93.6086 -12.9693 40.2969
      vertex 93.583 -13.0211 40.2969
      vertex 93.7133 -13.0126 40.2315
    endloop
  endfacet
  facet normal 0.245812 -0.0833786 0.965725
    outer loop
      vertex 93.5105 -12.8832 40.3469
      vertex 93.3802 -12.8747 40.3808
      vertex 93.497 -12.923 40.3469
    endloop
  endfacet
  facet normal 0.382056 -0.0245608 0.923813
    outer loop
      vertex 93.5214 -12.8 40.3469
      vertex 93.5187 -12.842 40.3469
      vertex 93.6423 -12.8 40.2969
    endloop
  endfacet
  facet normal 0.259197 -0.0166627 0.965681
    outer loop
      vertex 93.5214 -12.8 40.3469
      vertex 93.3951 -12.8 40.3808
      vertex 93.5187 -12.842 40.3469
    endloop
  endfacet
  facet normal 0.474391 -0.160659 0.86553
    outer loop
      vertex 93.7366 -12.9438 40.2315
      vertex 93.6272 -12.9145 40.2969
      vertex 93.7133 -13.0126 40.2315
    endloop
  endfacet
  facet normal 0.507249 -0.338446 0.792561
    outer loop
      vertex 93.6811 -13.0778 40.2315
      vertex 93.6408 -13.1382 40.2315
      vertex 93.771 -13.1297 40.1518
    endloop
  endfacet
  facet normal 0.137919 -0.694521 0.70613
    outer loop
      vertex 93.3707 -13.4369 40.1518
      vertex 93.2861 -13.4537 40.1518
      vertex 93.3946 -13.5262 40.0593
    endloop
  endfacet
  facet normal 0.269912 -0.546891 0.792501
    outer loop
      vertex 93.5297 -13.371 40.1518
      vertex 93.4126 -13.3133 40.2315
      vertex 93.4523 -13.4092 40.1518
    endloop
  endfacet
  facet normal 0.720533 -0.48134 0.499144
    outer loop
      vertex 93.9767 -13.2484 39.8423
      vertex 93.8596 -13.3062 39.9556
      vertex 93.9115 -13.346 39.8423
    endloop
  endfacet
  facet normal 0.711762 -0.351039 0.608413
    outer loop
      vertex 93.8946 -13.0877 40.0593
      vertex 93.8511 -13.1759 40.0593
      vertex 93.9682 -13.1182 39.9556
    endloop
  endfacet
  facet normal 0.523598 -0.596624 0.608182
    outer loop
      vertex 93.7316 -13.3316 40.0593
      vertex 93.7062 -13.4596 39.9556
      vertex 93.7879 -13.3879 39.9556
    endloop
  endfacet
  facet normal 0.588746 -0.392977 0.706362
    outer loop
      vertex 93.8511 -13.1759 40.0593
      vertex 93.7231 -13.2014 40.1518
      vertex 93.7965 -13.2577 40.0593
    endloop
  endfacet
  facet normal 0.481645 -0.720477 0.49893
    outer loop
      vertex 93.7062 -13.4596 39.9556
      vertex 93.6157 -13.5201 39.9556
      vertex 93.6484 -13.5767 39.8423
    endloop
  endfacet
  facet normal 0.313327 -0.634857 0.706246
    outer loop
      vertex 93.5297 -13.371 40.1518
      vertex 93.4523 -13.4092 40.1518
      vertex 93.5759 -13.4511 40.0593
    endloop
  endfacet
  facet normal 0.513274 -0.768336 0.382374
    outer loop
      vertex 93.746 -13.5115 39.8423
      vertex 93.6484 -13.5767 39.8423
      vertex 93.6735 -13.6201 39.7214
    endloop
  endfacet
  facet normal 0.513864 -0.768185 0.381884
    outer loop
      vertex 93.746 -13.5115 39.8423
      vertex 93.6735 -13.6201 39.7214
      vertex 93.7765 -13.5512 39.7214
    endloop
  endfacet
  facet normal 0.596624 -0.523598 0.608182
    outer loop
      vertex 93.8596 -13.3062 39.9556
      vertex 93.7316 -13.3316 40.0593
      vertex 93.7879 -13.3879 39.9556
    endloop
  endfacet
  facet normal 0.651096 -0.571402 0.499573
    outer loop
      vertex 93.8596 -13.3062 39.9556
      vertex 93.7879 -13.3879 39.9556
      vertex 93.8342 -13.4342 39.8423
    endloop
  endfacet
  facet normal 0.155401 -0.778463 0.608149
    outer loop
      vertex 93.3946 -13.5262 40.0593
      vertex 93.3085 -13.6244 39.9556
      vertex 93.4152 -13.6031 39.9556
    endloop
  endfacet
  facet normal 0.25475 -0.751841 0.608143
    outer loop
      vertex 93.5182 -13.5682 39.9556
      vertex 93.3946 -13.5262 40.0593
      vertex 93.4152 -13.6031 39.9556
    endloop
  endfacet
  facet normal 0.0459421 0.70636 -0.70636
    outer loop
      vertex 93.2861 26.8537 38.2482
      vertex 93.2 26.8593 38.2482
      vertex 93.2 26.9518 38.3407
    endloop
  endfacet
  facet normal 0.227583 0.670505 -0.706136
    outer loop
      vertex 93.4523 26.8092 38.2482
      vertex 93.3946 26.9262 38.3407
      vertex 93.4877 26.8946 38.3407
    endloop
  endfacet
  facet normal -0.768336 0.513274 -0.382374
    outer loop
      vertex 68.0233 26.6484 38.5577
      vertex 67.9799 26.6735 38.6786
      vertex 68.0885 26.746 38.5577
    endloop
  endfacet
  facet normal -0.828695 0.408753 -0.382341
    outer loop
      vertex 68.0233 26.6484 38.5577
      vertex 67.9251 26.5624 38.6786
      vertex 67.9799 26.6735 38.6786
    endloop
  endfacet
  facet normal -0.866649 0.426924 -0.258178
    outer loop
      vertex 67.9799 26.6735 38.6786
      vertex 67.8939 26.5753 38.8049
      vertex 67.9506 26.6904 38.8049
    endloop
  endfacet
  facet normal -0.803264 0.536764 -0.258171
    outer loop
      vertex 67.9799 26.6735 38.6786
      vertex 67.9506 26.6904 38.8049
      vertex 68.0219 26.7971 38.8049
    endloop
  endfacet
  facet normal 0.791815 0.0518146 0.60856
    outer loop
      vertex 94.0244 26.3085 39.9556
      vertex 93.9518 26.2 40.0593
      vertex 94.0315 26.2 39.9556
    endloop
  endfacet
  facet normal 0.694343 0.138149 0.70626
    outer loop
      vertex 93.9262 26.3946 40.0593
      vertex 93.8537 26.2861 40.1518
      vertex 93.9454 26.2981 40.0593
    endloop
  endfacet
  facet normal 0.820802 0.278116 0.498935
    outer loop
      vertex 94.0286 26.5432 39.8423
      vertex 93.9682 26.5182 39.9556
      vertex 94.0031 26.4152 39.9556
    endloop
  endfacet
  facet normal 0.828686 0.408829 0.38228
    outer loop
      vertex 94.0749 26.5624 39.7214
      vertex 93.9767 26.6484 39.8423
      vertex 94.0286 26.5432 39.8423
    endloop
  endfacet
  facet normal 0.922316 0.0606476 0.381647
    outer loop
      vertex 94.1388 26.3236 39.7214
      vertex 94.0892 26.3171 39.8423
      vertex 94.0969 26.2 39.8423
    endloop
  endfacet
  facet normal 0.906279 0.180468 0.382217
    outer loop
      vertex 94.1147 26.4451 39.7214
      vertex 94.0663 26.4321 39.8423
      vertex 94.0892 26.3171 39.8423
    endloop
  endfacet
  facet normal 0.947606 0.187961 0.25829
    outer loop
      vertex 94.1474 26.4538 39.5951
      vertex 94.1147 26.4451 39.7214
      vertex 94.1388 26.3236 39.7214
    endloop
  endfacet
  facet normal 0.914853 0.31041 0.258244
    outer loop
      vertex 94.1474 26.4538 39.5951
      vertex 94.0749 26.5624 39.7214
      vertex 94.1147 26.4451 39.7214
    endloop
  endfacet
  facet normal 0.99142 -0 0.130712
    outer loop
      vertex 94.1808 -12.8 39.5951
      vertex 94.1979 26.2 39.4654
      vertex 94.1808 26.2 39.5951
    endloop
  endfacet
  facet normal 0.99142 0 0.130712
    outer loop
      vertex 94.1979 26.2 39.4654
      vertex 94.1808 -12.8 39.5951
      vertex 94.1979 -12.8 39.4654
    endloop
  endfacet
  facet normal 0.695044 0.609149 -0.381905
    outer loop
      vertex 93.9115 26.746 38.5577
      vertex 93.8342 26.8342 38.5577
      vertex 93.9512 26.7765 38.6786
    endloop
  endfacet
  facet normal 0.768185 0.513864 -0.381884
    outer loop
      vertex 94.0201 26.6735 38.6786
      vertex 93.9115 26.746 38.5577
      vertex 93.9512 26.7765 38.6786
    endloop
  endfacet
  facet normal 0.726567 0.636819 -0.257996
    outer loop
      vertex 93.9512 26.7765 38.6786
      vertex 93.8696 26.8696 38.6786
      vertex 93.8935 26.8935 38.8049
    endloop
  endfacet
  facet normal 0.637276 0.726163 -0.258006
    outer loop
      vertex 93.8696 26.8696 38.6786
      vertex 93.7971 26.9781 38.8049
      vertex 93.8935 26.8935 38.8049
    endloop
  endfacet
  facet normal 0.55523 0.831697 -0
    outer loop
      vertex 93.8075 26.9917 38.9346
      vertex 93.6989 27.0642 39.4654
      vertex 93.8075 26.9917 39.4654
    endloop
  endfacet
  facet normal 0.55523 0.831697 0
    outer loop
      vertex 93.6989 27.0642 39.4654
      vertex 93.8075 26.9917 38.9346
      vertex 93.6989 27.0642 38.9346
    endloop
  endfacet
  facet normal 0.637276 0.726163 0.258006
    outer loop
      vertex 93.8935 26.8935 39.5951
      vertex 93.7971 26.9781 39.5951
      vertex 93.8696 26.8696 39.7214
    endloop
  endfacet
  facet normal 0.651666 0.571131 0.499139
    outer loop
      vertex 93.9115 26.746 39.8423
      vertex 93.8342 26.8342 39.8423
      vertex 93.8596 26.7062 39.9556
    endloop
  endfacet
  facet normal 0.745175 0.653961 0.130575
    outer loop
      vertex 93.9917 26.8075 39.4654
      vertex 93.8935 26.8935 39.5951
      vertex 93.9781 26.7971 39.5951
    endloop
  endfacet
  facet normal 0.828695 0.408753 0.382341
    outer loop
      vertex 94.0201 26.6735 39.7214
      vertex 93.9767 26.6484 39.8423
      vertex 94.0749 26.5624 39.7214
    endloop
  endfacet
  facet normal 0.768336 0.513274 0.382374
    outer loop
      vertex 94.0201 26.6735 39.7214
      vertex 93.9115 26.746 39.8423
      vertex 93.9767 26.6484 39.8423
    endloop
  endfacet
  facet normal 0.441242 0.660039 0.607991
    outer loop
      vertex 93.7062 26.8596 39.9556
      vertex 93.6157 26.9201 39.9556
      vertex 93.6577 26.7965 40.0593
    endloop
  endfacet
  facet normal 0.571131 0.651666 0.499139
    outer loop
      vertex 93.746 26.9115 39.8423
      vertex 93.7062 26.8596 39.9556
      vertex 93.8342 26.8342 39.8423
    endloop
  endfacet
  facet normal 0.169249 0.84994 0.498956
    outer loop
      vertex 93.3171 27.0892 39.8423
      vertex 93.3085 27.0244 39.9556
      vertex 93.4321 27.0663 39.8423
    endloop
  endfacet
  facet normal 0.310901 0.914636 0.258422
    outer loop
      vertex 93.5753 27.1061 39.5951
      vertex 93.4538 27.1474 39.5951
      vertex 93.5624 27.0748 39.7214
    endloop
  endfacet
  facet normal 0.408936 0.828903 0.381695
    outer loop
      vertex 93.5624 27.0748 39.7214
      vertex 93.5432 27.0286 39.8423
      vertex 93.6484 26.9767 39.8423
    endloop
  endfacet
  facet normal 0.408156 0.828997 0.382326
    outer loop
      vertex 93.6735 27.0201 39.7214
      vertex 93.5624 27.0748 39.7214
      vertex 93.6484 26.9767 39.8423
    endloop
  endfacet
  facet normal 0.906652 0.179838 -0.381629
    outer loop
      vertex 94.1388 26.3236 38.6786
      vertex 94.0892 26.3171 38.5577
      vertex 94.1147 26.4451 38.6786
    endloop
  endfacet
  facet normal 0.906279 0.180468 -0.382217
    outer loop
      vertex 94.0892 26.3171 38.5577
      vertex 94.0663 26.4321 38.5577
      vertex 94.1147 26.4451 38.6786
    endloop
  endfacet
  facet normal 0.828686 0.408829 -0.38228
    outer loop
      vertex 94.0286 26.5432 38.5577
      vertex 93.9767 26.6484 38.5577
      vertex 94.0749 26.5624 38.6786
    endloop
  endfacet
  facet normal 0.875046 0.296933 -0.382264
    outer loop
      vertex 94.0663 26.4321 38.5577
      vertex 94.0286 26.5432 38.5577
      vertex 94.0749 26.5624 38.6786
    endloop
  endfacet
  facet normal 0.803264 0.536764 -0.258171
    outer loop
      vertex 94.0201 26.6735 38.6786
      vertex 93.9781 26.7971 38.8049
      vertex 94.0494 26.6904 38.8049
    endloop
  endfacet
  facet normal 0.440622 0.660126 -0.608346
    outer loop
      vertex 93.6577 26.7965 38.3407
      vertex 93.5759 26.8511 38.3407
      vertex 93.6157 26.9201 38.4444
    endloop
  endfacet
  facet normal 0.441242 0.660039 -0.607991
    outer loop
      vertex 93.6577 26.7965 38.3407
      vertex 93.6157 26.9201 38.4444
      vertex 93.7062 26.8596 38.4444
    endloop
  endfacet
  facet normal 0.467078 0.531927 -0.706323
    outer loop
      vertex 93.6662 26.6662 38.2482
      vertex 93.6014 26.7231 38.2482
      vertex 93.7316 26.7316 38.3407
    endloop
  endfacet
  facet normal 0.531892 0.467115 -0.706325
    outer loop
      vertex 93.7965 26.6577 38.3407
      vertex 93.6662 26.6662 38.2482
      vertex 93.7316 26.7316 38.3407
    endloop
  endfacet
  facet normal 0.63503 0.313195 -0.706148
    outer loop
      vertex 93.8946 26.4877 38.3407
      vertex 93.8092 26.4523 38.2482
      vertex 93.8511 26.5759 38.3407
    endloop
  endfacet
  facet normal 0.577427 0.195553 -0.792677
    outer loop
      vertex 93.7366 26.3438 38.1685
      vertex 93.7133 26.4126 38.1685
      vertex 93.8369 26.3707 38.2482
    endloop
  endfacet
  facet normal 0.448935 0.221713 -0.865622
    outer loop
      vertex 93.7133 26.4126 38.1685
      vertex 93.583 26.4211 38.1031
      vertex 93.6811 26.4778 38.1685
    endloop
  endfacet
  facet normal 0.448927 0.221864 -0.865587
    outer loop
      vertex 93.6086 26.3693 38.1031
      vertex 93.583 26.4211 38.1031
      vertex 93.7133 26.4126 38.1685
    endloop
  endfacet
  facet normal 0.128506 0.0257012 -0.991376
    outer loop
      vertex 93.3934 26.2255 38.0192
      vertex 93.2632 26.2169 38.0021
      vertex 93.3884 26.2505 38.0192
    endloop
  endfacet
  facet normal 0.124117 0.0420562 -0.991376
    outer loop
      vertex 93.3884 26.2505 38.0192
      vertex 93.2632 26.2169 38.0021
      vertex 93.3802 26.2747 38.0192
    endloop
  endfacet
  facet normal -0.109234 -0.0723098 -0.991382
    outer loop
      vertex 68.7481 -12.8398 38.0021
      vertex 68.6452 -12.9188 38.0192
      vertex 68.7434 -12.8327 38.0021
    endloop
  endfacet
  facet normal -0.0978451 -0.0871433 -0.991379
    outer loop
      vertex 68.7538 -12.8462 38.0021
      vertex 68.6452 -12.9188 38.0192
      vertex 68.7481 -12.8398 38.0021
    endloop
  endfacet
  facet normal 0.123761 -0.0427814 -0.991389
    outer loop
      vertex 93.3802 -12.8747 38.0192
      vertex 93.2604 -12.825 38.0021
      vertex 93.2632 -12.8169 38.0021
    endloop
  endfacet
  facet normal 0.0865357 0.0983127 -0.991386
    outer loop
      vertex 93.338 26.3379 38.0192
      vertex 93.2398 26.2519 38.0021
      vertex 93.3188 26.3548 38.0192
    endloop
  endfacet
  facet normal 0.0870445 0.0977342 -0.991399
    outer loop
      vertex 93.2462 26.2462 38.0021
      vertex 93.2398 26.2519 38.0021
      vertex 93.338 26.3379 38.0192
    endloop
  endfacet
  facet normal 0.11746 -0.0579672 -0.991384
    outer loop
      vertex 93.3802 -12.8747 38.0192
      vertex 93.2566 -12.8327 38.0021
      vertex 93.2604 -12.825 38.0021
    endloop
  endfacet
  facet normal 0.330353 0.376187 -0.86565
    outer loop
      vertex 93.5127 26.5127 38.1031
      vertex 93.4692 26.5509 38.1031
      vertex 93.5382 26.6408 38.1685
    endloop
  endfacet
  facet normal 0.376096 0.330634 -0.865582
    outer loop
      vertex 93.6408 26.5382 38.1685
      vertex 93.5127 26.5127 38.1031
      vertex 93.5928 26.5928 38.1685
    endloop
  endfacet
  facet normal 0.499921 0 -0.866071
    outer loop
      vertex 93.6423 -12.8 38.1031
      vertex 93.7556 26.2 38.1685
      vertex 93.7556 -12.8 38.1685
    endloop
  endfacet
  facet normal 0.499921 0 -0.866071
    outer loop
      vertex 93.7556 26.2 38.1685
      vertex 93.6423 -12.8 38.1031
      vertex 93.6423 26.2 38.1031
    endloop
  endfacet
  facet normal 0.889425 -0.438144 -0.130206
    outer loop
      vertex 94.0642 -13.2989 38.9346
      vertex 94.0494 -13.2904 38.8049
      vertex 94.1061 -13.1753 38.8049
    endloop
  endfacet
  facet normal 0.824376 -0.550872 -0.130171
    outer loop
      vertex 94.0642 -13.2989 38.9346
      vertex 93.9781 -13.3971 38.8049
      vertex 94.0494 -13.2904 38.8049
    endloop
  endfacet
  facet normal -0.330353 0.376187 0.86565
    outer loop
      vertex 68.5308 26.5509 40.2969
      vertex 68.4618 26.6408 40.2315
      vertex 68.4873 26.5127 40.2969
    endloop
  endfacet
  facet normal -0.351059 0.711802 0.608355
    outer loop
      vertex 68.5123 26.8946 40.0593
      vertex 68.3843 26.9201 39.9556
      vertex 68.4241 26.8511 40.0593
    endloop
  endfacet
  facet normal -0.338549 0.507404 0.792417
    outer loop
      vertex 68.5222 26.6811 40.2315
      vertex 68.3986 26.7231 40.1518
      vertex 68.4618 26.6408 40.2315
    endloop
  endfacet
  facet normal -0 0.499921 0.866071
    outer loop
      vertex 68.8 26.7556 40.2315
      vertex 93.2 26.6423 40.2969
      vertex 93.2 26.7556 40.2315
    endloop
  endfacet
  facet normal 0 0.499921 0.866071
    outer loop
      vertex 93.2 26.6423 40.2969
      vertex 68.8 26.7556 40.2315
      vertex 68.8 26.6423 40.2969
    endloop
  endfacet
  facet normal -0.448935 0.221713 0.865622
    outer loop
      vertex 68.3189 26.4778 40.2315
      vertex 68.2867 26.4126 40.2315
      vertex 68.417 26.4211 40.2969
    endloop
  endfacet
  facet normal -0.376187 0.330353 0.86565
    outer loop
      vertex 68.4873 26.5127 40.2969
      vertex 68.3592 26.5382 40.2315
      vertex 68.4491 26.4692 40.2969
    endloop
  endfacet
  facet normal -0.670505 0.227583 0.706136
    outer loop
      vertex 68.1054 26.4877 40.0593
      vertex 68.0738 26.3946 40.0593
      vertex 68.1908 26.4523 40.1518
    endloop
  endfacet
  facet normal -0.63503 0.313195 0.706148
    outer loop
      vertex 68.1489 26.5759 40.0593
      vertex 68.1054 26.4877 40.0593
      vertex 68.1908 26.4523 40.1518
    endloop
  endfacet
  facet normal -0.474144 0.160932 0.865615
    outer loop
      vertex 68.3914 26.3693 40.2969
      vertex 68.2867 26.4126 40.2315
      vertex 68.3728 26.3145 40.2969
    endloop
  endfacet
  facet normal -0.474391 0.160659 0.86553
    outer loop
      vertex 68.2867 26.4126 40.2315
      vertex 68.2634 26.3438 40.2315
      vertex 68.3728 26.3145 40.2969
    endloop
  endfacet
  facet normal -0.171143 0.195239 0.965708
    outer loop
      vertex 68.6043 26.455 40.3469
      vertex 68.5727 26.4273 40.3469
      vertex 68.662 26.3379 40.3808
    endloop
  endfacet
  facet normal -0.212695 0.318711 0.92368
    outer loop
      vertex 68.5789 26.583 40.2969
      vertex 68.5308 26.5509 40.2969
      vertex 68.6393 26.4784 40.3469
    endloop
  endfacet
  facet normal -0.537089 0.802905 -0.258608
    outer loop
      vertex 68.2235 26.9512 38.6786
      vertex 68.2029 26.9781 38.8049
      vertex 68.3265 27.0201 38.6786
    endloop
  endfacet
  facet normal -0.636717 0.726451 -0.258574
    outer loop
      vertex 68.2235 26.9512 38.6786
      vertex 68.1304 26.8696 38.6786
      vertex 68.2029 26.9781 38.8049
    endloop
  endfacet
  facet normal -0.972497 0.193263 0.129995
    outer loop
      vertex 67.8526 26.4538 39.5951
      vertex 67.8107 26.3302 39.4654
      vertex 67.8276 26.328 39.5951
    endloop
  endfacet
  facet normal -0.947453 0.188286 0.258613
    outer loop
      vertex 67.8526 26.4538 39.5951
      vertex 67.8276 26.328 39.5951
      vertex 67.8612 26.3236 39.7214
    endloop
  endfacet
  facet normal -0.440622 0.660126 0.608346
    outer loop
      vertex 68.3843 26.9201 39.9556
      vertex 68.3423 26.7965 40.0593
      vertex 68.4241 26.8511 40.0593
    endloop
  endfacet
  facet normal -0.531906 0.46706 0.70635
    outer loop
      vertex 68.3338 26.6662 40.1518
      vertex 68.2035 26.6577 40.0593
      vertex 68.2769 26.6014 40.1518
    endloop
  endfacet
  facet normal -0.0833736 0.245798 0.965729
    outer loop
      vertex 68.7168 26.5105 40.3469
      vertex 68.677 26.497 40.3469
      vertex 68.7495 26.3884 40.3808
    endloop
  endfacet
  facet normal -0.0506644 0.254558 0.965729
    outer loop
      vertex 68.758 26.5187 40.3469
      vertex 68.7168 26.5105 40.3469
      vertex 68.7495 26.3884 40.3808
    endloop
  endfacet
  facet normal -0.7919 0.0516632 0.608461
    outer loop
      vertex 68.0546 26.2981 40.0593
      vertex 67.9756 26.3085 39.9556
      vertex 68.0482 26.2 40.0593
    endloop
  endfacet
  facet normal -0.706421 0.0460866 0.70629
    outer loop
      vertex 68.0546 26.2981 40.0593
      vertex 68.0482 26.2 40.0593
      vertex 68.1463 26.2861 40.1518
    endloop
  endfacet
  facet normal -0.402358 -0.458221 0.792554
    outer loop
      vertex 68.4072 -13.1928 40.2315
      vertex 68.3338 -13.2662 40.1518
      vertex 68.3986 -13.3231 40.1518
    endloop
  endfacet
  facet normal -0.457976 -0.402616 0.792565
    outer loop
      vertex 68.3592 -13.1382 40.2315
      vertex 68.3338 -13.2662 40.1518
      vertex 68.4072 -13.1928 40.2315
    endloop
  endfacet
  facet normal 0.376096 -0.330634 0.865582
    outer loop
      vertex 93.6408 -13.1382 40.2315
      vertex 93.5127 -13.1127 40.2969
      vertex 93.5928 -13.1928 40.2315
    endloop
  endfacet
  facet normal 0.330353 -0.376187 0.86565
    outer loop
      vertex 93.5127 -13.1127 40.2969
      vertex 93.4692 -13.1509 40.2969
      vertex 93.5382 -13.2408 40.2315
    endloop
  endfacet
  facet normal -0.11444 -0.232968 -0.965727
    outer loop
      vertex 68.7253 -12.9802 38.0192
      vertex 68.677 -13.097 38.0531
      vertex 68.7025 -12.969 38.0192
    endloop
  endfacet
  facet normal -0.0257012 -0.128506 -0.991376
    outer loop
      vertex 68.7745 -12.9934 38.0192
      vertex 68.7495 -12.9884 38.0192
      vertex 68.7831 -12.8632 38.0021
    endloop
  endfacet
  facet normal -0.0983014 -0.0864641 -0.991393
    outer loop
      vertex 68.662 -12.9379 38.0192
      vertex 68.6452 -12.9188 38.0192
      vertex 68.7538 -12.8462 38.0021
    endloop
  endfacet
  facet normal -0.0870445 -0.0977342 -0.991399
    outer loop
      vertex 68.7602 -12.8519 38.0021
      vertex 68.662 -12.9379 38.0192
      vertex 68.7538 -12.8462 38.0021
    endloop
  endfacet
  facet normal -0.0577381 0.117538 -0.991388
    outer loop
      vertex 68.7673 26.2566 38.0021
      vertex 68.7025 26.369 38.0192
      vertex 68.7253 26.3802 38.0192
    endloop
  endfacet
  facet normal -0.0427814 -0.123761 -0.991389
    outer loop
      vertex 68.7831 -12.8632 38.0021
      vertex 68.7253 -12.9802 38.0192
      vertex 68.775 -12.8604 38.0021
    endloop
  endfacet
  facet normal -0.114891 0.23287 -0.965697
    outer loop
      vertex 68.7025 26.369 38.0192
      vertex 68.6393 26.4784 38.0531
      vertex 68.677 26.497 38.0531
    endloop
  endfacet
  facet normal -0.11444 0.232968 -0.965727
    outer loop
      vertex 68.7025 26.369 38.0192
      vertex 68.677 26.497 38.0531
      vertex 68.7253 26.3802 38.0192
    endloop
  endfacet
  facet normal 0.0978221 -0.491177 -0.86555
    outer loop
      vertex 93.2725 -13.3508 38.1685
      vertex 93.2577 -13.2385 38.1031
      vertex 93.3438 -13.3366 38.1685
    endloop
  endfacet
  facet normal 0.0329114 -0.499734 -0.865554
    outer loop
      vertex 93.2725 -13.3508 38.1685
      vertex 93.2 -13.2423 38.1031
      vertex 93.2577 -13.2385 38.1031
    endloop
  endfacet
  facet normal 0.171143 -0.195239 -0.965708
    outer loop
      vertex 93.3957 -13.055 38.0531
      vertex 93.338 -12.9379 38.0192
      vertex 93.4273 -13.0273 38.0531
    endloop
  endfacet
  facet normal 0.252516 -0.288069 -0.923716
    outer loop
      vertex 93.4692 -13.1509 38.1031
      vertex 93.3957 -13.055 38.0531
      vertex 93.4273 -13.0273 38.0531
    endloop
  endfacet
  facet normal 0.531892 -0.467115 -0.706325
    outer loop
      vertex 93.7316 -13.3316 38.3407
      vertex 93.6662 -13.2662 38.2482
      vertex 93.7965 -13.2577 38.3407
    endloop
  endfacet
  facet normal 0.33875 -0.507064 -0.792549
    outer loop
      vertex 93.5297 -13.371 38.2482
      vertex 93.4778 -13.2811 38.1685
      vertex 93.6014 -13.3231 38.2482
    endloop
  endfacet
  facet normal 0.330634 -0.376096 -0.865582
    outer loop
      vertex 93.5382 -13.2408 38.1685
      vertex 93.5127 -13.1127 38.1031
      vertex 93.5928 -13.1928 38.1685
    endloop
  endfacet
  facet normal 0.330353 -0.376187 -0.86565
    outer loop
      vertex 93.5382 -13.2408 38.1685
      vertex 93.4692 -13.1509 38.1031
      vertex 93.5127 -13.1127 38.1031
    endloop
  endfacet
  facet normal 0.343434 -0.169728 -0.923713
    outer loop
      vertex 93.583 -13.0211 38.1031
      vertex 93.497 -12.923 38.0531
      vertex 93.6086 -12.9693 38.1031
    endloop
  endfacet
  facet normal 0.362794 -0.123058 -0.923708
    outer loop
      vertex 93.6086 -12.9693 38.1031
      vertex 93.497 -12.923 38.0531
      vertex 93.5105 -12.8832 38.0531
    endloop
  endfacet
  facet normal 0.288069 -0.252516 -0.923716
    outer loop
      vertex 93.5509 -13.0692 38.1031
      vertex 93.4273 -13.0273 38.0531
      vertex 93.455 -12.9957 38.0531
    endloop
  endfacet
  facet normal 0.195315 -0.17121 -0.965681
    outer loop
      vertex 93.4273 -13.0273 38.0531
      vertex 93.3548 -12.9188 38.0192
      vertex 93.455 -12.9957 38.0531
    endloop
  endfacet
  facet normal 0.382229 -0.0251728 -0.923725
    outer loop
      vertex 93.6385 -12.8577 38.1031
      vertex 93.5187 -12.842 38.0531
      vertex 93.6423 -12.8 38.1031
    endloop
  endfacet
  facet normal 0.499734 -0.0329114 -0.865554
    outer loop
      vertex 93.7508 -12.8725 38.1685
      vertex 93.6385 -12.8577 38.1031
      vertex 93.6423 -12.8 38.1031
    endloop
  endfacet
  facet normal 0.491241 -0.0977293 -0.865524
    outer loop
      vertex 93.7366 -12.9438 38.1685
      vertex 93.6272 -12.9145 38.1031
      vertex 93.6385 -12.8577 38.1031
    endloop
  endfacet
  facet normal 0.491177 -0.0978221 -0.86555
    outer loop
      vertex 93.7366 -12.9438 38.1685
      vertex 93.6385 -12.8577 38.1031
      vertex 93.7508 -12.8725 38.1685
    endloop
  endfacet
  facet normal 0.0606476 -0.922316 0.381647
    outer loop
      vertex 93.3171 -13.6892 39.8423
      vertex 93.2 -13.6969 39.8423
      vertex 93.3236 -13.7388 39.7214
    endloop
  endfacet
  facet normal 0.169249 -0.84994 0.498956
    outer loop
      vertex 93.4321 -13.6663 39.8423
      vertex 93.3085 -13.6244 39.9556
      vertex 93.3171 -13.6892 39.8423
    endloop
  endfacet
  facet normal -0.0726493 -0.108974 0.991386
    outer loop
      vertex 68.7602 -12.8519 40.3979
      vertex 68.6812 -12.9548 40.3808
      vertex 68.7025 -12.969 40.3808
    endloop
  endfacet
  facet normal -0.0865357 -0.0983127 0.991386
    outer loop
      vertex 68.7602 -12.8519 40.3979
      vertex 68.662 -12.9379 40.3808
      vertex 68.6812 -12.9548 40.3808
    endloop
  endfacet
  facet normal 0 -0.609378 0.79288
    outer loop
      vertex 68.8 -13.3556 40.2315
      vertex 93.2 -13.4593 40.1518
      vertex 93.2 -13.3556 40.2315
    endloop
  endfacet
  facet normal 0 -0.609378 0.79288
    outer loop
      vertex 93.2 -13.4593 40.1518
      vertex 68.8 -13.3556 40.2315
      vertex 68.8 -13.4593 40.1518
    endloop
  endfacet
  facet normal -0.0403122 -0.608883 0.792235
    outer loop
      vertex 68.8 -13.3556 40.2315
      vertex 68.7275 -13.3508 40.2315
      vertex 68.8 -13.4593 40.1518
    endloop
  endfacet
  facet normal -0.160932 -0.474144 0.865615
    outer loop
      vertex 68.6307 -13.2086 40.2969
      vertex 68.5874 -13.3133 40.2315
      vertex 68.6855 -13.2272 40.2969
    endloop
  endfacet
  facet normal -0.160659 -0.474391 0.86553
    outer loop
      vertex 68.6855 -13.2272 40.2969
      vertex 68.5874 -13.3133 40.2315
      vertex 68.6562 -13.3366 40.2315
    endloop
  endfacet
  facet normal -0.124117 -0.0420562 0.991376
    outer loop
      vertex 68.7368 -12.8169 40.3979
      vertex 68.6116 -12.8505 40.3808
      vertex 68.6198 -12.8747 40.3808
    endloop
  endfacet
  facet normal -0.245819 -0.0832941 0.96573
    outer loop
      vertex 68.6116 -12.8505 40.3808
      vertex 68.4895 -12.8832 40.3469
      vertex 68.6198 -12.8747 40.3808
    endloop
  endfacet
  facet normal -0.318439 -0.212899 0.923727
    outer loop
      vertex 68.5216 -12.9607 40.3469
      vertex 68.4491 -13.0692 40.2969
      vertex 68.545 -12.9957 40.3469
    endloop
  endfacet
  facet normal -0.288069 -0.252516 0.923716
    outer loop
      vertex 68.545 -12.9957 40.3469
      vertex 68.4491 -13.0692 40.2969
      vertex 68.5727 -13.0273 40.3469
    endloop
  endfacet
  facet normal -0.0747771 -0.375709 0.923716
    outer loop
      vertex 68.7168 -13.1105 40.3469
      vertex 68.6855 -13.2272 40.2969
      vertex 68.758 -13.1187 40.3469
    endloop
  endfacet
  facet normal -0.0747484 -0.375726 0.923711
    outer loop
      vertex 68.758 -13.1187 40.3469
      vertex 68.6855 -13.2272 40.2969
      vertex 68.7423 -13.2385 40.2969
    endloop
  endfacet
  facet normal 0.123129 -0.362766 0.92371
    outer loop
      vertex 93.323 -13.097 40.3469
      vertex 93.3145 -13.2272 40.2969
      vertex 93.3693 -13.2086 40.2969
    endloop
  endfacet
  facet normal 0.160932 -0.474144 0.865615
    outer loop
      vertex 93.3693 -13.2086 40.2969
      vertex 93.3145 -13.2272 40.2969
      vertex 93.4126 -13.3133 40.2315
    endloop
  endfacet
  facet normal 0.109234 -0.0723098 0.991382
    outer loop
      vertex 93.3689 -12.8975 40.3808
      vertex 93.2566 -12.8327 40.3979
      vertex 93.3548 -12.9188 40.3808
    endloop
  endfacet
  facet normal 0.109234 -0.0723098 0.991382
    outer loop
      vertex 93.2566 -12.8327 40.3979
      vertex 93.2519 -12.8398 40.3979
      vertex 93.3548 -12.9188 40.3808
    endloop
  endfacet
  facet normal 0.171631 -0.194989 0.965672
    outer loop
      vertex 93.338 -12.9379 40.3808
      vertex 93.3188 -12.9548 40.3808
      vertex 93.3957 -13.055 40.3469
    endloop
  endfacet
  facet normal 0.0977293 -0.491241 0.865524
    outer loop
      vertex 93.3145 -13.2272 40.2969
      vertex 93.2577 -13.2385 40.2969
      vertex 93.3438 -13.3366 40.2315
    endloop
  endfacet
  facet normal 0.0506644 -0.254558 0.965729
    outer loop
      vertex 93.2505 -12.9884 40.3808
      vertex 93.242 -13.1187 40.3469
      vertex 93.2832 -13.1105 40.3469
    endloop
  endfacet
  facet normal 0.11444 -0.232968 0.965727
    outer loop
      vertex 93.2975 -12.969 40.3808
      vertex 93.2747 -12.9802 40.3808
      vertex 93.323 -13.097 40.3469
    endloop
  endfacet
  facet normal 0.0577381 -0.117538 0.991388
    outer loop
      vertex 93.2975 -12.969 40.3808
      vertex 93.2327 -12.8566 40.3979
      vertex 93.2747 -12.9802 40.3808
    endloop
  endfacet
  facet normal 0.507194 -0.338837 0.792429
    outer loop
      vertex 93.771 -13.1297 40.1518
      vertex 93.6408 -13.1382 40.2315
      vertex 93.7231 -13.2014 40.1518
    endloop
  endfacet
  facet normal 0.531906 -0.46706 0.70635
    outer loop
      vertex 93.7231 -13.2014 40.1518
      vertex 93.6662 -13.2662 40.1518
      vertex 93.7965 -13.2577 40.0593
    endloop
  endfacet
  facet normal 0.144086 -0.216129 0.965675
    outer loop
      vertex 93.3188 -12.9548 40.3808
      vertex 93.2975 -12.969 40.3808
      vertex 93.3957 -13.055 40.3469
    endloop
  endfacet
  facet normal 0.144323 -0.215868 0.965698
    outer loop
      vertex 93.3957 -13.055 40.3469
      vertex 93.2975 -12.969 40.3808
      vertex 93.3607 -13.0784 40.3469
    endloop
  endfacet
  facet normal 0.215922 -0.144359 0.96568
    outer loop
      vertex 93.4784 -12.9607 40.3469
      vertex 93.3548 -12.9188 40.3808
      vertex 93.455 -12.9957 40.3469
    endloop
  endfacet
  facet normal 0.34363 -0.169537 0.923675
    outer loop
      vertex 93.497 -12.923 40.3469
      vertex 93.4784 -12.9607 40.3469
      vertex 93.583 -13.0211 40.2969
    endloop
  endfacet
  facet normal 0.318711 -0.212695 0.92368
    outer loop
      vertex 93.583 -13.0211 40.2969
      vertex 93.4784 -12.9607 40.3469
      vertex 93.5509 -13.0692 40.2969
    endloop
  endfacet
  facet normal 0.416435 -0.277912 0.865648
    outer loop
      vertex 93.583 -13.0211 40.2969
      vertex 93.5509 -13.0692 40.2969
      vertex 93.6408 -13.1382 40.2315
    endloop
  endfacet
  facet normal 0.441242 -0.660039 0.607991
    outer loop
      vertex 93.6577 -13.3965 40.0593
      vertex 93.6157 -13.5201 39.9556
      vertex 93.7062 -13.4596 39.9556
    endloop
  endfacet
  facet normal 0.313195 -0.63503 0.706148
    outer loop
      vertex 93.5759 -13.4511 40.0593
      vertex 93.4523 -13.4092 40.1518
      vertex 93.4877 -13.4946 40.0593
    endloop
  endfacet
  facet normal 0.523892 -0.596542 0.608009
    outer loop
      vertex 93.7316 -13.3316 40.0593
      vertex 93.6577 -13.3965 40.0593
      vertex 93.7062 -13.4596 39.9556
    endloop
  endfacet
  facet normal 0.467099 -0.531874 0.706349
    outer loop
      vertex 93.7316 -13.3316 40.0593
      vertex 93.6014 -13.3231 40.1518
      vertex 93.6577 -13.3965 40.0593
    endloop
  endfacet
  facet normal 0.720477 -0.481645 0.49893
    outer loop
      vertex 93.9201 -13.2157 39.9556
      vertex 93.8596 -13.3062 39.9556
      vertex 93.9767 -13.2484 39.8423
    endloop
  endfacet
  facet normal 0.777208 -0.383433 0.498925
    outer loop
      vertex 94.0286 -13.1432 39.8423
      vertex 93.9201 -13.2157 39.9556
      vertex 93.9767 -13.2484 39.8423
    endloop
  endfacet
  facet normal 0.711761 -0.351136 0.608358
    outer loop
      vertex 93.9682 -13.1182 39.9556
      vertex 93.8511 -13.1759 40.0593
      vertex 93.9201 -13.2157 39.9556
    endloop
  endfacet
  facet normal 0.651666 -0.571131 0.499139
    outer loop
      vertex 93.8596 -13.3062 39.9556
      vertex 93.8342 -13.4342 39.8423
      vertex 93.9115 -13.346 39.8423
    endloop
  endfacet
  facet normal 0.383423 -0.777209 0.498932
    outer loop
      vertex 93.6157 -13.5201 39.9556
      vertex 93.5182 -13.5682 39.9556
      vertex 93.5432 -13.6286 39.8423
    endloop
  endfacet
  facet normal 0.351118 -0.711726 0.60841
    outer loop
      vertex 93.6157 -13.5201 39.9556
      vertex 93.4877 -13.4946 40.0593
      vertex 93.5182 -13.5682 39.9556
    endloop
  endfacet
  facet normal 0.138149 -0.694343 0.70626
    outer loop
      vertex 93.3946 -13.5262 40.0593
      vertex 93.2861 -13.4537 40.1518
      vertex 93.2981 -13.5454 40.0593
    endloop
  endfacet
  facet normal 0.154858 -0.778323 0.608467
    outer loop
      vertex 93.3946 -13.5262 40.0593
      vertex 93.2981 -13.5454 40.0593
      vertex 93.3085 -13.6244 39.9556
    endloop
  endfacet
  facet normal 0.138149 0.694343 -0.70626
    outer loop
      vertex 93.3946 26.9262 38.3407
      vertex 93.2861 26.8537 38.2482
      vertex 93.2981 26.9454 38.3407
    endloop
  endfacet
  facet normal 0.155401 0.778463 -0.608149
    outer loop
      vertex 93.3946 26.9262 38.3407
      vertex 93.3085 27.0244 38.4444
      vertex 93.4152 27.0031 38.4444
    endloop
  endfacet
  facet normal 0.154858 0.778323 -0.608467
    outer loop
      vertex 93.3946 26.9262 38.3407
      vertex 93.2981 26.9454 38.3407
      vertex 93.3085 27.0244 38.4444
    endloop
  endfacet
  facet normal 0.137919 0.694521 -0.70613
    outer loop
      vertex 93.3707 26.8369 38.2482
      vertex 93.2861 26.8537 38.2482
      vertex 93.3946 26.9262 38.3407
    endloop
  endfacet
  facet normal -0.828686 0.408829 -0.38228
    outer loop
      vertex 67.9714 26.5432 38.5577
      vertex 67.9251 26.5624 38.6786
      vertex 68.0233 26.6484 38.5577
    endloop
  endfacet
  facet normal -0.875046 0.296933 -0.382264
    outer loop
      vertex 67.9337 26.4321 38.5577
      vertex 67.9251 26.5624 38.6786
      vertex 67.9714 26.5432 38.5577
    endloop
  endfacet
  facet normal 0.849685 0.169618 0.499264
    outer loop
      vertex 94.0663 26.4321 39.8423
      vertex 94.0031 26.4152 39.9556
      vertex 94.0244 26.3085 39.9556
    endloop
  endfacet
  facet normal 0.778463 0.155401 0.608149
    outer loop
      vertex 94.0031 26.4152 39.9556
      vertex 93.9262 26.3946 40.0593
      vertex 94.0244 26.3085 39.9556
    endloop
  endfacet
  facet normal 0.63503 0.313195 0.706148
    outer loop
      vertex 93.8511 26.5759 40.0593
      vertex 93.8092 26.4523 40.1518
      vertex 93.8946 26.4877 40.0593
    endloop
  endfacet
  facet normal 0.670505 0.227583 0.706136
    outer loop
      vertex 93.8946 26.4877 40.0593
      vertex 93.8092 26.4523 40.1518
      vertex 93.9262 26.3946 40.0593
    endloop
  endfacet
  facet normal 0.864683 0.056583 0.49912
    outer loop
      vertex 94.0969 26.2 39.8423
      vertex 94.0244 26.3085 39.9556
      vertex 94.0315 26.2 39.9556
    endloop
  endfacet
  facet normal 0.866071 -0 0.499921
    outer loop
      vertex 94.0315 -12.8 39.9556
      vertex 94.0969 26.2 39.8423
      vertex 94.0315 26.2 39.9556
    endloop
  endfacet
  facet normal 0.866071 0 0.499921
    outer loop
      vertex 94.0969 26.2 39.8423
      vertex 94.0315 -12.8 39.9556
      vertex 94.0969 -12.8 39.8423
    endloop
  endfacet
  facet normal 0.997826 0.0659086 0
    outer loop
      vertex 94.1979 26.2 39.4654
      vertex 94.1893 26.3302 38.9346
      vertex 94.1893 26.3302 39.4654
    endloop
  endfacet
  facet normal 0.997826 0.0659086 0
    outer loop
      vertex 94.1893 26.3302 38.9346
      vertex 94.1979 26.2 39.4654
      vertex 94.1979 26.2 38.9346
    endloop
  endfacet
  facet normal 0.980903 0.194496 0
    outer loop
      vertex 94.1893 26.3302 39.4654
      vertex 94.1639 26.4583 38.9346
      vertex 94.1639 26.4583 39.4654
    endloop
  endfacet
  facet normal 0.980903 0.194496 0
    outer loop
      vertex 94.1639 26.4583 38.9346
      vertex 94.1893 26.3302 39.4654
      vertex 94.1893 26.3302 38.9346
    endloop
  endfacet
  facet normal 0.659643 0.751579 -0
    outer loop
      vertex 93.9056 26.9056 38.9346
      vertex 93.8075 26.9917 39.4654
      vertex 93.9056 26.9056 39.4654
    endloop
  endfacet
  facet normal 0.659643 0.751579 0
    outer loop
      vertex 93.8075 26.9917 39.4654
      vertex 93.9056 26.9056 38.9346
      vertex 93.8075 26.9917 38.9346
    endloop
  endfacet
  facet normal 0.803264 0.536764 0.258171
    outer loop
      vertex 94.0494 26.6904 39.5951
      vertex 93.9781 26.7971 39.5951
      vertex 94.0201 26.6735 39.7214
    endloop
  endfacet
  facet normal 0.946829 0.321738 0
    outer loop
      vertex 94.1639 26.4583 39.4654
      vertex 94.1219 26.5819 38.9346
      vertex 94.1219 26.5819 39.4654
    endloop
  endfacet
  facet normal 0.946829 0.321738 0
    outer loop
      vertex 94.1219 26.5819 38.9346
      vertex 94.1639 26.4583 39.4654
      vertex 94.1639 26.4583 38.9346
    endloop
  endfacet
  facet normal 0.768185 0.513864 0.381884
    outer loop
      vertex 93.9512 26.7765 39.7214
      vertex 93.9115 26.746 39.8423
      vertex 94.0201 26.6735 39.7214
    endloop
  endfacet
  facet normal 0.802905 0.537089 0.258608
    outer loop
      vertex 93.9781 26.7971 39.5951
      vertex 93.9512 26.7765 39.7214
      vertex 94.0201 26.6735 39.7214
    endloop
  endfacet
  facet normal 0.777208 0.383433 0.498925
    outer loop
      vertex 93.9767 26.6484 39.8423
      vertex 93.9201 26.6157 39.9556
      vertex 94.0286 26.5432 39.8423
    endloop
  endfacet
  facet normal 0.777209 0.383423 0.498932
    outer loop
      vertex 94.0286 26.5432 39.8423
      vertex 93.9201 26.6157 39.9556
      vertex 93.9682 26.5182 39.9556
    endloop
  endfacet
  facet normal 0.596542 0.523892 0.608009
    outer loop
      vertex 93.8596 26.7062 39.9556
      vertex 93.7316 26.7316 40.0593
      vertex 93.7965 26.6577 40.0593
    endloop
  endfacet
  facet normal 0.596624 0.523598 0.608182
    outer loop
      vertex 93.7879 26.7879 39.9556
      vertex 93.7316 26.7316 40.0593
      vertex 93.8596 26.7062 39.9556
    endloop
  endfacet
  facet normal 0.297015 0.875288 0.381646
    outer loop
      vertex 93.5624 27.0748 39.7214
      vertex 93.4321 27.0663 39.8423
      vertex 93.5432 27.0286 39.8423
    endloop
  endfacet
  facet normal 0.297581 0.874843 0.382225
    outer loop
      vertex 93.4451 27.1147 39.7214
      vertex 93.4321 27.0663 39.8423
      vertex 93.5624 27.0748 39.7214
    endloop
  endfacet
  facet normal 0.311111 0.914618 0.258232
    outer loop
      vertex 93.4538 27.1474 39.5951
      vertex 93.4451 27.1147 39.7214
      vertex 93.5624 27.0748 39.7214
    endloop
  endfacet
  facet normal 0.187961 0.947606 0.25829
    outer loop
      vertex 93.4538 27.1474 39.5951
      vertex 93.3236 27.1388 39.7214
      vertex 93.4451 27.1147 39.7214
    endloop
  endfacet
  facet normal 0.330634 0.376096 -0.865582
    outer loop
      vertex 93.5928 26.5928 38.1685
      vertex 93.5127 26.5127 38.1031
      vertex 93.5382 26.6408 38.1685
    endloop
  endfacet
  facet normal 0.402739 0.458115 -0.792421
    outer loop
      vertex 93.5928 26.5928 38.1685
      vertex 93.5382 26.6408 38.1685
      vertex 93.6014 26.7231 38.2482
    endloop
  endfacet
  facet normal 0.546891 0.269912 -0.792501
    outer loop
      vertex 93.8092 26.4523 38.2482
      vertex 93.7133 26.4126 38.1685
      vertex 93.771 26.5297 38.2482
    endloop
  endfacet
  facet normal 0.634857 0.313327 -0.706246
    outer loop
      vertex 93.8092 26.4523 38.2482
      vertex 93.771 26.5297 38.2482
      vertex 93.8511 26.5759 38.3407
    endloop
  endfacet
  facet normal 0.608883 0.0403122 -0.792235
    outer loop
      vertex 93.7556 26.2 38.1685
      vertex 93.7508 26.2725 38.1685
      vertex 93.8593 26.2 38.2482
    endloop
  endfacet
  facet normal 0.499647 0.0330801 -0.865597
    outer loop
      vertex 93.7556 26.2 38.1685
      vertex 93.6423 26.2 38.1031
      vertex 93.7508 26.2725 38.1685
    endloop
  endfacet
  facet normal -0.531892 0.467115 0.706325
    outer loop
      vertex 68.2684 26.7316 40.0593
      vertex 68.2035 26.6577 40.0593
      vertex 68.3338 26.6662 40.1518
    endloop
  endfacet
  facet normal -0.313195 0.63503 0.706148
    outer loop
      vertex 68.5123 26.8946 40.0593
      vertex 68.4241 26.8511 40.0593
      vertex 68.5477 26.8092 40.1518
    endloop
  endfacet
  facet normal -0.441242 0.660039 0.607991
    outer loop
      vertex 68.3843 26.9201 39.9556
      vertex 68.2938 26.8596 39.9556
      vertex 68.3423 26.7965 40.0593
    endloop
  endfacet
  facet normal -0.523892 0.596542 0.608009
    outer loop
      vertex 68.2938 26.8596 39.9556
      vertex 68.2684 26.7316 40.0593
      vertex 68.3423 26.7965 40.0593
    endloop
  endfacet
  facet normal -0.491177 0.0978221 0.86555
    outer loop
      vertex 68.2634 26.3438 40.2315
      vertex 68.2492 26.2725 40.2315
      vertex 68.3615 26.2577 40.2969
    endloop
  endfacet
  facet normal -0.41648 0.277883 0.865636
    outer loop
      vertex 68.3592 26.5382 40.2315
      vertex 68.3189 26.4778 40.2315
      vertex 68.417 26.4211 40.2969
    endloop
  endfacet
  facet normal -0.507194 0.338837 0.792429
    outer loop
      vertex 68.2769 26.6014 40.1518
      vertex 68.229 26.5297 40.1518
      vertex 68.3592 26.5382 40.2315
    endloop
  endfacet
  facet normal -0.588706 0.393292 0.70622
    outer loop
      vertex 68.2769 26.6014 40.1518
      vertex 68.1489 26.5759 40.0593
      vertex 68.229 26.5297 40.1518
    endloop
  endfacet
  facet normal -0.546751 0.270021 0.79256
    outer loop
      vertex 68.3189 26.4778 40.2315
      vertex 68.229 26.5297 40.1518
      vertex 68.2867 26.4126 40.2315
    endloop
  endfacet
  facet normal -0.546891 0.269912 0.792501
    outer loop
      vertex 68.229 26.5297 40.1518
      vertex 68.1908 26.4523 40.1518
      vertex 68.2867 26.4126 40.2315
    endloop
  endfacet
  facet normal -0.232716 0.114815 0.965744
    outer loop
      vertex 68.5216 26.3607 40.3469
      vertex 68.503 26.323 40.3469
      vertex 68.6311 26.2975 40.3808
    endloop
  endfacet
  facet normal -0.416435 0.277912 0.865648
    outer loop
      vertex 68.4491 26.4692 40.2969
      vertex 68.3592 26.5382 40.2315
      vertex 68.417 26.4211 40.2969
    endloop
  endfacet
  facet normal -0.375722 0.0747796 0.92371
    outer loop
      vertex 68.4895 26.2832 40.3469
      vertex 68.3615 26.2577 40.2969
      vertex 68.4813 26.242 40.3469
    endloop
  endfacet
  facet normal -0.254603 0.0506733 0.965717
    outer loop
      vertex 68.4895 26.2832 40.3469
      vertex 68.4813 26.242 40.3469
      vertex 68.6066 26.2255 40.3808
    endloop
  endfacet
  facet normal -0.195315 0.17121 0.965681
    outer loop
      vertex 68.5727 26.4273 40.3469
      vertex 68.545 26.3957 40.3469
      vertex 68.6452 26.3188 40.3808
    endloop
  endfacet
  facet normal -0.194942 0.171468 0.96571
    outer loop
      vertex 68.662 26.3379 40.3808
      vertex 68.5727 26.4273 40.3469
      vertex 68.6452 26.3188 40.3808
    endloop
  endfacet
  facet normal -0.55084 0.824328 -0.130606
    outer loop
      vertex 68.2029 26.9781 38.8049
      vertex 68.1925 26.9917 38.9346
      vertex 68.3096 27.0494 38.8049
    endloop
  endfacet
  facet normal -0.536764 0.803264 -0.258171
    outer loop
      vertex 68.3265 27.0201 38.6786
      vertex 68.2029 26.9781 38.8049
      vertex 68.3096 27.0494 38.8049
    endloop
  endfacet
  facet normal -0.467099 0.531874 0.706349
    outer loop
      vertex 68.3423 26.7965 40.0593
      vertex 68.2684 26.7316 40.0593
      vertex 68.3986 26.7231 40.1518
    endloop
  endfacet
  facet normal -0.0977293 0.491241 0.865524
    outer loop
      vertex 68.7423 26.6385 40.2969
      vertex 68.6562 26.7366 40.2315
      vertex 68.6855 26.6272 40.2969
    endloop
  endfacet
  facet normal -0.144323 0.215868 0.965698
    outer loop
      vertex 68.6393 26.4784 40.3469
      vertex 68.6043 26.455 40.3469
      vertex 68.7025 26.369 40.3808
    endloop
  endfacet
  facet normal -0.114891 0.23287 0.965697
    outer loop
      vertex 68.677 26.497 40.3469
      vertex 68.6393 26.4784 40.3469
      vertex 68.7025 26.369 40.3808
    endloop
  endfacet
  facet normal -0.0330801 0.499647 0.865597
    outer loop
      vertex 68.8 26.7556 40.2315
      vertex 68.7275 26.7508 40.2315
      vertex 68.8 26.6423 40.2969
    endloop
  endfacet
  facet normal -0.123129 0.362766 0.92371
    outer loop
      vertex 68.6855 26.6272 40.2969
      vertex 68.6307 26.6086 40.2969
      vertex 68.677 26.497 40.3469
    endloop
  endfacet
  facet normal -0.123048 0.362765 0.923721
    outer loop
      vertex 68.6855 26.6272 40.2969
      vertex 68.677 26.497 40.3469
      vertex 68.7168 26.5105 40.3469
    endloop
  endfacet
  facet normal -0.0747771 0.375709 0.923716
    outer loop
      vertex 68.758 26.5187 40.3469
      vertex 68.6855 26.6272 40.2969
      vertex 68.7168 26.5105 40.3469
    endloop
  endfacet
  facet normal 0.277872 -0.416464 0.865647
    outer loop
      vertex 93.5382 -13.2408 40.2315
      vertex 93.4692 -13.1509 40.2969
      vertex 93.4778 -13.2811 40.2315
    endloop
  endfacet
  facet normal 0.221713 -0.448935 0.865622
    outer loop
      vertex 93.4211 -13.183 40.2969
      vertex 93.4126 -13.3133 40.2315
      vertex 93.4778 -13.2811 40.2315
    endloop
  endfacet
  facet normal -0.0870445 0.0977342 -0.991399
    outer loop
      vertex 68.7538 26.2462 38.0021
      vertex 68.662 26.3379 38.0192
      vertex 68.7602 26.2519 38.0021
    endloop
  endfacet
  facet normal -0.0577381 -0.117538 -0.991388
    outer loop
      vertex 68.7253 -12.9802 38.0192
      vertex 68.7025 -12.969 38.0192
      vertex 68.7673 -12.8566 38.0021
    endloop
  endfacet
  facet normal 0.467078 -0.531927 -0.706323
    outer loop
      vertex 93.7316 -13.3316 38.3407
      vertex 93.6014 -13.3231 38.2482
      vertex 93.6662 -13.2662 38.2482
    endloop
  endfacet
  facet normal 0.467099 -0.531874 -0.706349
    outer loop
      vertex 93.6577 -13.3965 38.3407
      vertex 93.6014 -13.3231 38.2482
      vertex 93.7316 -13.3316 38.3407
    endloop
  endfacet
  facet normal 0.402358 -0.458221 -0.792554
    outer loop
      vertex 93.6014 -13.3231 38.2482
      vertex 93.5928 -13.1928 38.1685
      vertex 93.6662 -13.2662 38.2482
    endloop
  endfacet
  facet normal 0.402739 -0.458115 -0.792421
    outer loop
      vertex 93.6014 -13.3231 38.2482
      vertex 93.5382 -13.2408 38.1685
      vertex 93.5928 -13.1928 38.1685
    endloop
  endfacet
  facet normal 0.474144 -0.160932 -0.865615
    outer loop
      vertex 93.7133 -13.0126 38.1685
      vertex 93.6086 -12.9693 38.1031
      vertex 93.6272 -12.9145 38.1031
    endloop
  endfacet
  facet normal 0.448927 -0.221864 -0.865587
    outer loop
      vertex 93.7133 -13.0126 38.1685
      vertex 93.583 -13.0211 38.1031
      vertex 93.6086 -12.9693 38.1031
    endloop
  endfacet
  facet normal 0.188286 -0.947453 0.258613
    outer loop
      vertex 93.4538 -13.7474 39.5951
      vertex 93.3236 -13.7388 39.7214
      vertex 93.328 -13.7724 39.5951
    endloop
  endfacet
  facet normal 0.187961 -0.947606 0.25829
    outer loop
      vertex 93.4451 -13.7147 39.7214
      vertex 93.3236 -13.7388 39.7214
      vertex 93.4538 -13.7474 39.5951
    endloop
  endfacet
  facet normal -0.0978221 -0.491177 0.86555
    outer loop
      vertex 68.7423 -13.2385 40.2969
      vertex 68.6562 -13.3366 40.2315
      vertex 68.7275 -13.3508 40.2315
    endloop
  endfacet
  facet normal 0 -0.382172 0.924091
    outer loop
      vertex 68.8 -13.1214 40.3469
      vertex 93.2 -13.2423 40.2969
      vertex 93.2 -13.1214 40.3469
    endloop
  endfacet
  facet normal 0 -0.382172 0.924091
    outer loop
      vertex 93.2 -13.2423 40.2969
      vertex 68.8 -13.1214 40.3469
      vertex 68.8 -13.2423 40.2969
    endloop
  endfacet
  facet normal -0.0978451 -0.0871433 0.991379
    outer loop
      vertex 68.7481 -12.8398 40.3979
      vertex 68.6452 -12.9188 40.3808
      vertex 68.7538 -12.8462 40.3979
    endloop
  endfacet
  facet normal -0.109234 -0.0723098 0.991382
    outer loop
      vertex 68.7434 -12.8327 40.3979
      vertex 68.6452 -12.9188 40.3808
      vertex 68.7481 -12.8398 40.3979
    endloop
  endfacet
  facet normal -0.0172669 -0.259003 0.965722
    outer loop
      vertex 68.7745 -12.9934 40.3808
      vertex 68.758 -13.1187 40.3469
      vertex 68.8 -12.9951 40.3808
    endloop
  endfacet
  facet normal -0.050914 -0.25457 0.965713
    outer loop
      vertex 68.7745 -12.9934 40.3808
      vertex 68.7495 -12.9884 40.3808
      vertex 68.758 -13.1187 40.3469
    endloop
  endfacet
  facet normal -0.0245608 -0.382056 0.923813
    outer loop
      vertex 68.8 -13.1214 40.3469
      vertex 68.758 -13.1187 40.3469
      vertex 68.8 -13.2423 40.2969
    endloop
  endfacet
  facet normal -0.0251728 -0.382229 0.923725
    outer loop
      vertex 68.758 -13.1187 40.3469
      vertex 68.7423 -13.2385 40.2969
      vertex 68.8 -13.2423 40.2969
    endloop
  endfacet
  facet normal 0.221864 -0.448927 0.865587
    outer loop
      vertex 93.4211 -13.183 40.2969
      vertex 93.3693 -13.2086 40.2969
      vertex 93.4126 -13.3133 40.2315
    endloop
  endfacet
  facet normal 0.169728 -0.343434 0.923713
    outer loop
      vertex 93.4211 -13.183 40.2969
      vertex 93.323 -13.097 40.3469
      vertex 93.3693 -13.2086 40.2969
    endloop
  endfacet
  facet normal 0.050914 -0.25457 0.965713
    outer loop
      vertex 93.2505 -12.9884 40.3808
      vertex 93.2255 -12.9934 40.3808
      vertex 93.242 -13.1187 40.3469
    endloop
  endfacet
  facet normal 0.0833736 -0.245798 0.965729
    outer loop
      vertex 93.323 -13.097 40.3469
      vertex 93.2505 -12.9884 40.3808
      vertex 93.2832 -13.1105 40.3469
    endloop
  endfacet
  facet normal 0.402358 -0.458221 0.792554
    outer loop
      vertex 93.6662 -13.2662 40.1518
      vertex 93.5928 -13.1928 40.2315
      vertex 93.6014 -13.3231 40.1518
    endloop
  endfacet
  facet normal 0.457976 -0.402616 0.792565
    outer loop
      vertex 93.6408 -13.1382 40.2315
      vertex 93.5928 -13.1928 40.2315
      vertex 93.6662 -13.2662 40.1518
    endloop
  endfacet
  facet normal 0.288069 -0.252516 0.923716
    outer loop
      vertex 93.455 -12.9957 40.3469
      vertex 93.4273 -13.0273 40.3469
      vertex 93.5509 -13.0692 40.2969
    endloop
  endfacet
  facet normal 0.287935 -0.252853 0.923666
    outer loop
      vertex 93.5509 -13.0692 40.2969
      vertex 93.4273 -13.0273 40.3469
      vertex 93.5127 -13.1127 40.2969
    endloop
  endfacet
  facet normal 0.448935 -0.221713 0.865622
    outer loop
      vertex 93.7133 -13.0126 40.2315
      vertex 93.583 -13.0211 40.2969
      vertex 93.6811 -13.0778 40.2315
    endloop
  endfacet
  facet normal 0.41648 -0.277883 0.865636
    outer loop
      vertex 93.6811 -13.0778 40.2315
      vertex 93.583 -13.0211 40.2969
      vertex 93.6408 -13.1382 40.2315
    endloop
  endfacet
  facet normal 0.474144 -0.160932 0.865615
    outer loop
      vertex 93.6272 -12.9145 40.2969
      vertex 93.6086 -12.9693 40.2969
      vertex 93.7133 -13.0126 40.2315
    endloop
  endfacet
  facet normal 0.362744 -0.123121 0.923719
    outer loop
      vertex 93.6272 -12.9145 40.2969
      vertex 93.5105 -12.8832 40.3469
      vertex 93.6086 -12.9693 40.2969
    endloop
  endfacet
  facet normal 0.440622 -0.660126 0.608346
    outer loop
      vertex 93.6577 -13.3965 40.0593
      vertex 93.5759 -13.4511 40.0593
      vertex 93.6157 -13.5201 39.9556
    endloop
  endfacet
  facet normal 0.392977 -0.588746 0.706362
    outer loop
      vertex 93.6014 -13.3231 40.1518
      vertex 93.5759 -13.4511 40.0593
      vertex 93.6577 -13.3965 40.0593
    endloop
  endfacet
  facet normal 0.659825 -0.441098 0.608328
    outer loop
      vertex 93.9201 -13.2157 39.9556
      vertex 93.8511 -13.1759 40.0593
      vertex 93.8596 -13.3062 39.9556
    endloop
  endfacet
  facet normal 0.660364 -0.440781 0.607973
    outer loop
      vertex 93.8511 -13.1759 40.0593
      vertex 93.7965 -13.2577 40.0593
      vertex 93.8596 -13.3062 39.9556
    endloop
  endfacet
  facet normal 0.0460866 0.706421 -0.70629
    outer loop
      vertex 93.2861 26.8537 38.2482
      vertex 93.2 26.9518 38.3407
      vertex 93.2981 26.9454 38.3407
    endloop
  endfacet
  facet normal 0.0516632 0.7919 -0.608461
    outer loop
      vertex 93.2981 26.9454 38.3407
      vertex 93.2 26.9518 38.3407
      vertex 93.3085 27.0244 38.4444
    endloop
  endfacet
  facet normal 0.989383 0.0649283 0.130019
    outer loop
      vertex 94.1893 26.3302 39.4654
      vertex 94.1724 26.328 39.5951
      vertex 94.1808 26.2 39.5951
    endloop
  endfacet
  facet normal 0.972497 0.193263 0.129995
    outer loop
      vertex 94.1893 26.3302 39.4654
      vertex 94.1474 26.4538 39.5951
      vertex 94.1724 26.328 39.5951
    endloop
  endfacet
  facet normal 0.745149 0.653999 0.13053
    outer loop
      vertex 93.9056 26.9056 39.4654
      vertex 93.8935 26.8935 39.5951
      vertex 93.9917 26.8075 39.4654
    endloop
  endfacet
  facet normal 0.653999 0.745149 0.13053
    outer loop
      vertex 93.9056 26.9056 39.4654
      vertex 93.8075 26.9917 39.4654
      vertex 93.8935 26.8935 39.5951
    endloop
  endfacet
  facet normal 0.866649 0.426924 0.258178
    outer loop
      vertex 94.0494 26.6904 39.5951
      vertex 94.0201 26.6735 39.7214
      vertex 94.1061 26.5753 39.5951
    endloop
  endfacet
  facet normal 0.866541 0.427421 0.257718
    outer loop
      vertex 94.1061 26.5753 39.5951
      vertex 94.0201 26.6735 39.7214
      vertex 94.0749 26.5624 39.7214
    endloop
  endfacet
  facet normal 0.889181 0.438511 -0.130634
    outer loop
      vertex 94.1061 26.5753 38.8049
      vertex 94.0642 26.6989 38.9346
      vertex 94.1219 26.5819 38.9346
    endloop
  endfacet
  facet normal 0.889425 0.438144 -0.130206
    outer loop
      vertex 94.1061 26.5753 38.8049
      vertex 94.0494 26.6904 38.8049
      vertex 94.0642 26.6989 38.9346
    endloop
  endfacet
  facet normal 0.820519 0.27843 0.499225
    outer loop
      vertex 94.0286 26.5432 39.8423
      vertex 94.0031 26.4152 39.9556
      vertex 94.0663 26.4321 39.8423
    endloop
  endfacet
  facet normal 0.875046 0.296933 0.382264
    outer loop
      vertex 94.0749 26.5624 39.7214
      vertex 94.0286 26.5432 39.8423
      vertex 94.0663 26.4321 39.8423
    endloop
  endfacet
  facet normal 0.651096 0.571402 0.499573
    outer loop
      vertex 93.8342 26.8342 39.8423
      vertex 93.7879 26.7879 39.9556
      vertex 93.8596 26.7062 39.9556
    endloop
  endfacet
  facet normal 0.523598 0.596624 0.608182
    outer loop
      vertex 93.7879 26.7879 39.9556
      vertex 93.7062 26.8596 39.9556
      vertex 93.7316 26.7316 40.0593
    endloop
  endfacet
  facet normal 0.695032 0.609179 0.381878
    outer loop
      vertex 93.8696 26.8696 39.7214
      vertex 93.8342 26.8342 39.8423
      vertex 93.9512 26.7765 39.7214
    endloop
  endfacet
  facet normal 0.609156 0.695053 0.381878
    outer loop
      vertex 93.8696 26.8696 39.7214
      vertex 93.746 26.9115 39.8423
      vertex 93.8342 26.8342 39.8423
    endloop
  endfacet
  facet normal 0.467078 0.531927 0.706323
    outer loop
      vertex 93.7316 26.7316 40.0593
      vertex 93.6014 26.7231 40.1518
      vertex 93.6662 26.6662 40.1518
    endloop
  endfacet
  facet normal 0.531892 0.467115 0.706325
    outer loop
      vertex 93.7316 26.7316 40.0593
      vertex 93.6662 26.6662 40.1518
      vertex 93.7965 26.6577 40.0593
    endloop
  endfacet
  facet normal -0.33875 0.507064 0.792549
    outer loop
      vertex 68.4703 26.771 40.1518
      vertex 68.3986 26.7231 40.1518
      vertex 68.5222 26.6811 40.2315
    endloop
  endfacet
  facet normal -0.393292 0.588706 0.70622
    outer loop
      vertex 68.4241 26.8511 40.0593
      vertex 68.3986 26.7231 40.1518
      vertex 68.4703 26.771 40.1518
    endloop
  endfacet
  facet normal -0.577427 0.195553 0.792677
    outer loop
      vertex 68.2867 26.4126 40.2315
      vertex 68.1631 26.3707 40.1518
      vertex 68.2634 26.3438 40.2315
    endloop
  endfacet
  facet normal -0.598002 0.118752 0.792648
    outer loop
      vertex 68.1631 26.3707 40.1518
      vertex 68.1463 26.2861 40.1518
      vertex 68.2634 26.3438 40.2315
    endloop
  endfacet
  facet normal -0.215922 0.144359 0.96568
    outer loop
      vertex 68.545 26.3957 40.3469
      vertex 68.5216 26.3607 40.3469
      vertex 68.6452 26.3188 40.3808
    endloop
  endfacet
  facet normal -0.287935 0.252853 0.923666
    outer loop
      vertex 68.4873 26.5127 40.2969
      vertex 68.4491 26.4692 40.2969
      vertex 68.5727 26.4273 40.3469
    endloop
  endfacet
  facet normal -0.362744 0.123121 0.923719
    outer loop
      vertex 68.3914 26.3693 40.2969
      vertex 68.3728 26.3145 40.2969
      vertex 68.4895 26.2832 40.3469
    endloop
  endfacet
  facet normal -0.34363 0.169537 0.923675
    outer loop
      vertex 68.5216 26.3607 40.3469
      vertex 68.417 26.4211 40.2969
      vertex 68.503 26.323 40.3469
    endloop
  endfacet
  facet normal -0.245812 0.0833786 0.965725
    outer loop
      vertex 68.503 26.323 40.3469
      vertex 68.4895 26.2832 40.3469
      vertex 68.6198 26.2747 40.3808
    endloop
  endfacet
  facet normal -0.232614 0.115287 0.965712
    outer loop
      vertex 68.6311 26.2975 40.3808
      vertex 68.503 26.323 40.3469
      vertex 68.6198 26.2747 40.3808
    endloop
  endfacet
  facet normal -0.550506 0.82462 -0.130175
    outer loop
      vertex 68.3096 27.0494 38.8049
      vertex 68.1925 26.9917 38.9346
      vertex 68.3011 27.0642 38.9346
    endloop
  endfacet
  facet normal -0.438144 0.889425 -0.130206
    outer loop
      vertex 68.3096 27.0494 38.8049
      vertex 68.3011 27.0642 38.9346
      vertex 68.4247 27.1061 38.8049
    endloop
  endfacet
  facet normal 0.252516 -0.288069 0.923716
    outer loop
      vertex 93.4273 -13.0273 40.3469
      vertex 93.3957 -13.055 40.3469
      vertex 93.4692 -13.1509 40.2969
    endloop
  endfacet
  facet normal 0.212899 -0.318439 0.923727
    outer loop
      vertex 93.3957 -13.055 40.3469
      vertex 93.3607 -13.0784 40.3469
      vertex 93.4692 -13.1509 40.2969
    endloop
  endfacet
  facet normal 0.270021 -0.546751 0.79256
    outer loop
      vertex 93.4778 -13.2811 40.2315
      vertex 93.4126 -13.3133 40.2315
      vertex 93.5297 -13.371 40.1518
    endloop
  endfacet
  facet normal 0.33875 -0.507064 0.792549
    outer loop
      vertex 93.6014 -13.3231 40.1518
      vertex 93.4778 -13.2811 40.2315
      vertex 93.5297 -13.371 40.1518
    endloop
  endfacet
  facet normal -0 0 -1
    outer loop
      vertex 79.334 -1.2784 38.0021
      vertex 71.325 -9.74426 38.0021
      vertex 79.1813 -1.05 38.0021
    endloop
  endfacet
  facet normal 0 0 -1
    outer loop
      vertex 78.9716 0.54352 38.0021
      vertex 72.0376 24.2107 38.0021
      vertex 72.05 24.4 38.0021
    endloop
  endfacet
  facet normal 0 0 -1
    outer loop
      vertex 71.1549 -9.66037 38.0021
      vertex 79.1813 -1.05 38.0021
      vertex 71.325 -9.74426 38.0021
    endloop
  endfacet
  facet normal 0 0 -1
    outer loop
      vertex 78.9716 0.54352 38.0021
      vertex 72.0006 24.0247 38.0021
      vertex 72.0376 24.2107 38.0021
    endloop
  endfacet
  facet normal -0 0 -1
    outer loop
      vertex 79.1813 -1.05 38.0021
      vertex 71.1549 -9.66037 38.0021
      vertex 79.0599 -0.803635 38.0021
    endloop
  endfacet
  facet normal 0 0 -1
    outer loop
      vertex 78.9716 0.54352 38.0021
      vertex 71.9396 23.8451 38.0021
      vertex 72.0006 24.0247 38.0021
    endloop
  endfacet
  facet normal 0 0 -1
    outer loop
      vertex 70.9753 -9.59941 38.0021
      vertex 79.0599 -0.803635 38.0021
      vertex 71.1549 -9.66037 38.0021
    endloop
  endfacet
  facet normal 0 0 -1
    outer loop
      vertex 78.9716 0.54352 38.0021
      vertex 71.8557 23.675 38.0021
      vertex 71.9396 23.8451 38.0021
    endloop
  endfacet
  facet normal -0 0 -1
    outer loop
      vertex 79.0599 -0.803635 38.0021
      vertex 70.9753 -9.59941 38.0021
      vertex 78.9716 -0.54352 38.0021
    endloop
  endfacet
  facet normal 0 0 -1
    outer loop
      vertex 78.9716 0.54352 38.0021
      vertex 71.7504 23.5173 38.0021
      vertex 71.8557 23.675 38.0021
    endloop
  endfacet
  facet normal 0 0 -1
    outer loop
      vertex 70.7893 -9.5624 38.0021
      vertex 78.9716 -0.54352 38.0021
      vertex 70.9753 -9.59941 38.0021
    endloop
  endfacet
  facet normal 0 0 -1
    outer loop
      vertex 78.9716 0.54352 38.0021
      vertex 71.6253 23.3747 38.0021
      vertex 71.7504 23.5173 38.0021
    endloop
  endfacet
  facet normal -0 0 -1
    outer loop
      vertex 78.9716 -0.54352 38.0021
      vertex 70.7893 -9.5624 38.0021
      vertex 78.918 -0.274104 38.0021
    endloop
  endfacet
  facet normal 0 0 -1
    outer loop
      vertex 78.9716 0.54352 38.0021
      vertex 71.4827 23.2496 38.0021
      vertex 71.6253 23.3747 38.0021
    endloop
  endfacet
  facet normal 0 0 -1
    outer loop
      vertex 70.6 -9.55 38.0021
      vertex 78.918 -0.274104 38.0021
      vertex 70.7893 -9.5624 38.0021
    endloop
  endfacet
  facet normal 0 0 -1
    outer loop
      vertex 78.9716 0.54352 38.0021
      vertex 71.325 23.1443 38.0021
      vertex 71.4827 23.2496 38.0021
    endloop
  endfacet
  facet normal -0 0 -1
    outer loop
      vertex 78.918 -0.274104 38.0021
      vertex 70.6 -9.55 38.0021
      vertex 78.9 0 38.0021
    endloop
  endfacet
  facet normal 0 0 -1
    outer loop
      vertex 78.9716 0.54352 38.0021
      vertex 71.1549 23.0604 38.0021
      vertex 71.325 23.1443 38.0021
    endloop
  endfacet
  facet normal 0 0 -1
    outer loop
      vertex 70.4107 -9.5624 38.0021
      vertex 78.9 0 38.0021
      vertex 70.6 -9.55 38.0021
    endloop
  endfacet
  facet normal 0 0 -1
    outer loop
      vertex 78.9716 0.54352 38.0021
      vertex 70.9753 22.9994 38.0021
      vertex 71.1549 23.0604 38.0021
    endloop
  endfacet
  facet normal -0 0 -1
    outer loop
      vertex 78.9 0 38.0021
      vertex 70.4107 -9.5624 38.0021
      vertex 78.918 0.274104 38.0021
    endloop
  endfacet
  facet normal 0 0 -1
    outer loop
      vertex 78.9716 0.54352 38.0021
      vertex 70.7893 22.9624 38.0021
      vertex 70.9753 22.9994 38.0021
    endloop
  endfacet
  facet normal 0 0 -1
    outer loop
      vertex 70.2247 -9.59941 38.0021
      vertex 78.918 0.274104 38.0021
      vertex 70.4107 -9.5624 38.0021
    endloop
  endfacet
  facet normal 0 0 -1
    outer loop
      vertex 78.9716 0.54352 38.0021
      vertex 70.6 22.95 38.0021
      vertex 70.7893 22.9624 38.0021
    endloop
  endfacet
  facet normal -0 0 -1
    outer loop
      vertex 78.918 0.274104 38.0021
      vertex 70.2247 -9.59941 38.0021
      vertex 78.9716 0.54352 38.0021
    endloop
  endfacet
  facet normal 0 0 -1
    outer loop
      vertex 78.9716 0.54352 38.0021
      vertex 70.4107 22.9624 38.0021
      vertex 70.6 22.95 38.0021
    endloop
  endfacet
  facet normal 0 0 -1
    outer loop
      vertex 70.0451 -9.66037 38.0021
      vertex 78.9716 0.54352 38.0021
      vertex 70.2247 -9.59941 38.0021
    endloop
  endfacet
  facet normal 0 0 -1
    outer loop
      vertex 78.9716 0.54352 38.0021
      vertex 70.2247 22.9994 38.0021
      vertex 70.4107 22.9624 38.0021
    endloop
  endfacet
  facet normal 0 0 -1
    outer loop
      vertex 69.875 -9.74426 38.0021
      vertex 78.9716 0.54352 38.0021
      vertex 70.0451 -9.66037 38.0021
    endloop
  endfacet
  facet normal 0 0 -1
    outer loop
      vertex 78.9716 0.54352 38.0021
      vertex 70.0451 23.0604 38.0021
      vertex 70.2247 22.9994 38.0021
    endloop
  endfacet
  facet normal 0 0 -1
    outer loop
      vertex 69.875 23.1443 38.0021
      vertex 78.9716 0.54352 38.0021
      vertex 69.875 -9.74426 38.0021
    endloop
  endfacet
  facet normal 0 0 -1
    outer loop
      vertex 78.9716 0.54352 38.0021
      vertex 69.875 23.1443 38.0021
      vertex 70.0451 23.0604 38.0021
    endloop
  endfacet
  facet normal 0 0 -1
    outer loop
      vertex 69.7173 -9.84964 38.0021
      vertex 69.875 23.1443 38.0021
      vertex 69.875 -9.74426 38.0021
    endloop
  endfacet
  facet normal 0 0 -1
    outer loop
      vertex 69.7173 -9.84964 38.0021
      vertex 69.7173 23.2496 38.0021
      vertex 69.875 23.1443 38.0021
    endloop
  endfacet
  facet normal 0 0 -1
    outer loop
      vertex 69.5747 -9.97469 38.0021
      vertex 69.7173 23.2496 38.0021
      vertex 69.7173 -9.84964 38.0021
    endloop
  endfacet
  facet normal 0 0 -1
    outer loop
      vertex 69.5747 -9.97469 38.0021
      vertex 69.5747 23.3747 38.0021
      vertex 69.7173 23.2496 38.0021
    endloop
  endfacet
  facet normal 0 0 -1
    outer loop
      vertex 69.4496 -10.1173 38.0021
      vertex 69.5747 23.3747 38.0021
      vertex 69.5747 -9.97469 38.0021
    endloop
  endfacet
  facet normal 0 0 -1
    outer loop
      vertex 69.4496 -10.1173 38.0021
      vertex 69.4496 23.5173 38.0021
      vertex 69.5747 23.3747 38.0021
    endloop
  endfacet
  facet normal 0 0 -1
    outer loop
      vertex 69.3443 -10.275 38.0021
      vertex 69.4496 23.5173 38.0021
      vertex 69.4496 -10.1173 38.0021
    endloop
  endfacet
  facet normal 0 0 -1
    outer loop
      vertex 69.3443 -10.275 38.0021
      vertex 69.3443 23.675 38.0021
      vertex 69.4496 23.5173 38.0021
    endloop
  endfacet
  facet normal 0 0 -1
    outer loop
      vertex 69.2604 -10.4451 38.0021
      vertex 69.3443 23.675 38.0021
      vertex 69.3443 -10.275 38.0021
    endloop
  endfacet
  facet normal 0 0 -1
    outer loop
      vertex 69.2604 -10.4451 38.0021
      vertex 69.2604 23.8451 38.0021
      vertex 69.3443 23.675 38.0021
    endloop
  endfacet
  facet normal 0 0 -1
    outer loop
      vertex 69.1994 -10.6247 38.0021
      vertex 69.2604 23.8451 38.0021
      vertex 69.2604 -10.4451 38.0021
    endloop
  endfacet
  facet normal 0 0 -1
    outer loop
      vertex 69.1994 -10.6247 38.0021
      vertex 69.1994 24.0247 38.0021
      vertex 69.2604 23.8451 38.0021
    endloop
  endfacet
  facet normal 0 0 -1
    outer loop
      vertex 69.1624 -10.8107 38.0021
      vertex 69.1994 24.0247 38.0021
      vertex 69.1994 -10.6247 38.0021
    endloop
  endfacet
  facet normal 0 0 -1
    outer loop
      vertex 69.1624 -10.8107 38.0021
      vertex 69.1624 24.2107 38.0021
      vertex 69.1994 24.0247 38.0021
    endloop
  endfacet
  facet normal 0 0 -1
    outer loop
      vertex 68.7346 -12.8 38.0021
      vertex 69.1624 -10.8107 38.0021
      vertex 69.15 -11 38.0021
    endloop
  endfacet
  facet normal -0 0 -1
    outer loop
      vertex 69.1624 -10.8107 38.0021
      vertex 68.7346 -12.8 38.0021
      vertex 69.1624 24.2107 38.0021
    endloop
  endfacet
  facet normal 0 0 -1
    outer loop
      vertex 92.8376 24.2107 38.0021
      vertex 93.2654 26.2 38.0021
      vertex 92.8376 -10.8107 38.0021
    endloop
  endfacet
  facet normal 0 0 -1
    outer loop
      vertex 93.2654 26.2 38.0021
      vertex 92.8376 24.2107 38.0021
      vertex 92.85 24.4 38.0021
    endloop
  endfacet
  facet normal 0 0 -1
    outer loop
      vertex 92.8006 -10.6247 38.0021
      vertex 92.8376 24.2107 38.0021
      vertex 92.8376 -10.8107 38.0021
    endloop
  endfacet
  facet normal 0 0 -1
    outer loop
      vertex 92.8006 -10.6247 38.0021
      vertex 92.8006 24.0247 38.0021
      vertex 92.8376 24.2107 38.0021
    endloop
  endfacet
  facet normal 0 0 -1
    outer loop
      vertex 92.7396 -10.4451 38.0021
      vertex 92.8006 24.0247 38.0021
      vertex 92.8006 -10.6247 38.0021
    endloop
  endfacet
  facet normal 0 0 -1
    outer loop
      vertex 92.7396 -10.4451 38.0021
      vertex 92.7396 23.8451 38.0021
      vertex 92.8006 24.0247 38.0021
    endloop
  endfacet
  facet normal 0 0 -1
    outer loop
      vertex 92.6557 -10.275 38.0021
      vertex 92.7396 23.8451 38.0021
      vertex 92.7396 -10.4451 38.0021
    endloop
  endfacet
  facet normal 0 0 -1
    outer loop
      vertex 92.6557 -10.275 38.0021
      vertex 92.6557 23.675 38.0021
      vertex 92.7396 23.8451 38.0021
    endloop
  endfacet
  facet normal 0 0 -1
    outer loop
      vertex 92.5504 -10.1173 38.0021
      vertex 92.6557 23.675 38.0021
      vertex 92.6557 -10.275 38.0021
    endloop
  endfacet
  facet normal 0 0 -1
    outer loop
      vertex 92.5504 -10.1173 38.0021
      vertex 92.5504 23.5173 38.0021
      vertex 92.6557 23.675 38.0021
    endloop
  endfacet
  facet normal 0 0 -1
    outer loop
      vertex 92.4253 -9.97469 38.0021
      vertex 92.5504 23.5173 38.0021
      vertex 92.5504 -10.1173 38.0021
    endloop
  endfacet
  facet normal 0 0 -1
    outer loop
      vertex 92.4253 -9.97469 38.0021
      vertex 92.4253 23.3747 38.0021
      vertex 92.5504 23.5173 38.0021
    endloop
  endfacet
  facet normal 0 0 -1
    outer loop
      vertex 92.2827 -9.84964 38.0021
      vertex 92.4253 23.3747 38.0021
      vertex 92.4253 -9.97469 38.0021
    endloop
  endfacet
  facet normal 0 0 -1
    outer loop
      vertex 92.2827 -9.84964 38.0021
      vertex 92.2827 23.2496 38.0021
      vertex 92.4253 23.3747 38.0021
    endloop
  endfacet
  facet normal 0 0 -1
    outer loop
      vertex 92.125 -9.74426 38.0021
      vertex 92.2827 23.2496 38.0021
      vertex 92.2827 -9.84964 38.0021
    endloop
  endfacet
  facet normal 0 0 -1
    outer loop
      vertex 92.125 -9.74426 38.0021
      vertex 92.125 23.1443 38.0021
      vertex 92.2827 23.2496 38.0021
    endloop
  endfacet
  facet normal 0 0 -1
    outer loop
      vertex 83.0284 0.54352 38.0021
      vertex 92.125 -9.74426 38.0021
      vertex 91.9549 -9.66037 38.0021
    endloop
  endfacet
  facet normal 0 0 -1
    outer loop
      vertex 92.125 -9.74426 38.0021
      vertex 83.0284 0.54352 38.0021
      vertex 92.125 23.1443 38.0021
    endloop
  endfacet
  facet normal 0 0 -1
    outer loop
      vertex 83.0284 0.54352 38.0021
      vertex 91.9549 -9.66037 38.0021
      vertex 91.7753 -9.59941 38.0021
    endloop
  endfacet
  facet normal 0 0 -1
    outer loop
      vertex 82.9401 0.803635 38.0021
      vertex 92.125 23.1443 38.0021
      vertex 83.0284 0.54352 38.0021
    endloop
  endfacet
  facet normal 0 0 -1
    outer loop
      vertex 83.082 0.274104 38.0021
      vertex 91.7753 -9.59941 38.0021
      vertex 91.5893 -9.5624 38.0021
    endloop
  endfacet
  facet normal 0 0 -1
    outer loop
      vertex 92.125 23.1443 38.0021
      vertex 82.9401 0.803635 38.0021
      vertex 91.9549 23.0604 38.0021
    endloop
  endfacet
  facet normal 0 0 -1
    outer loop
      vertex 83.1 0 38.0021
      vertex 91.5893 -9.5624 38.0021
      vertex 91.4 -9.55 38.0021
    endloop
  endfacet
  facet normal 0 0 -1
    outer loop
      vertex 82.8186 1.05 38.0021
      vertex 91.9549 23.0604 38.0021
      vertex 82.9401 0.803635 38.0021
    endloop
  endfacet
  facet normal 0 0 -1
    outer loop
      vertex 83.082 -0.274104 38.0021
      vertex 91.4 -9.55 38.0021
      vertex 91.2107 -9.5624 38.0021
    endloop
  endfacet
  facet normal 0 0 -1
    outer loop
      vertex 91.9549 23.0604 38.0021
      vertex 82.8186 1.05 38.0021
      vertex 91.7753 22.9994 38.0021
    endloop
  endfacet
  facet normal 0 0 -1
    outer loop
      vertex 83.0284 -0.54352 38.0021
      vertex 91.2107 -9.5624 38.0021
      vertex 91.0247 -9.59941 38.0021
    endloop
  endfacet
  facet normal 0 0 -1
    outer loop
      vertex 91.7753 22.9994 38.0021
      vertex 82.8186 1.05 38.0021
      vertex 91.5893 22.9624 38.0021
    endloop
  endfacet
  facet normal 0 0 -1
    outer loop
      vertex 82.9401 -0.803635 38.0021
      vertex 91.0247 -9.59941 38.0021
      vertex 90.8451 -9.66037 38.0021
    endloop
  endfacet
  facet normal 0 0 -1
    outer loop
      vertex 82.666 1.2784 38.0021
      vertex 91.5893 22.9624 38.0021
      vertex 82.8186 1.05 38.0021
    endloop
  endfacet
  facet normal 0 0 -1
    outer loop
      vertex 82.8186 -1.05 38.0021
      vertex 90.8451 -9.66037 38.0021
      vertex 90.675 -9.74426 38.0021
    endloop
  endfacet
  facet normal 0 0 -1
    outer loop
      vertex 91.5893 22.9624 38.0021
      vertex 82.666 1.2784 38.0021
      vertex 91.4 22.95 38.0021
    endloop
  endfacet
  facet normal 0 0 -1
    outer loop
      vertex 82.666 -1.2784 38.0021
      vertex 90.675 -9.74426 38.0021
      vertex 90.5173 -9.84964 38.0021
    endloop
  endfacet
  facet normal 0 0 -1
    outer loop
      vertex 82.4849 1.48492 38.0021
      vertex 91.4 22.95 38.0021
      vertex 82.666 1.2784 38.0021
    endloop
  endfacet
  facet normal 0 0 -1
    outer loop
      vertex 82.4849 -1.48492 38.0021
      vertex 90.5173 -9.84964 38.0021
      vertex 90.3747 -9.97469 38.0021
    endloop
  endfacet
  facet normal -0 0 -1
    outer loop
      vertex 91.4 22.95 38.0021
      vertex 82.4849 1.48492 38.0021
      vertex 91.2107 22.9624 38.0021
    endloop
  endfacet
  facet normal 0 0 -1
    outer loop
      vertex 82.2784 -1.66604 38.0021
      vertex 90.3747 -9.97469 38.0021
      vertex 90.2496 -10.1173 38.0021
    endloop
  endfacet
  facet normal 0 0 -1
    outer loop
      vertex 82.2784 1.66604 38.0021
      vertex 91.2107 22.9624 38.0021
      vertex 82.4849 1.48492 38.0021
    endloop
  endfacet
  facet normal 0 0 -1
    outer loop
      vertex 82.05 -1.81865 38.0021
      vertex 90.2496 -10.1173 38.0021
      vertex 90.1443 -10.275 38.0021
    endloop
  endfacet
  facet normal -0 0 -1
    outer loop
      vertex 91.2107 22.9624 38.0021
      vertex 82.2784 1.66604 38.0021
      vertex 91.0247 22.9994 38.0021
    endloop
  endfacet
  facet normal 0 0 -1
    outer loop
      vertex 81.8036 -1.94015 38.0021
      vertex 90.1443 -10.275 38.0021
      vertex 90.0604 -10.4451 38.0021
    endloop
  endfacet
  facet normal 0 0 -1
    outer loop
      vertex 82.05 1.81865 38.0021
      vertex 91.0247 22.9994 38.0021
      vertex 82.2784 1.66604 38.0021
    endloop
  endfacet
  facet normal 0 0 -1
    outer loop
      vertex 81.5435 -2.02844 38.0021
      vertex 90.0604 -10.4451 38.0021
      vertex 89.9994 -10.6247 38.0021
    endloop
  endfacet
  facet normal -0 0 -1
    outer loop
      vertex 91.0247 22.9994 38.0021
      vertex 82.05 1.81865 38.0021
      vertex 90.8451 23.0604 38.0021
    endloop
  endfacet
  facet normal 0 0 -1
    outer loop
      vertex 81.2741 -2.08203 38.0021
      vertex 89.9994 -10.6247 38.0021
      vertex 89.9624 -10.8107 38.0021
    endloop
  endfacet
  facet normal 0 0 -1
    outer loop
      vertex 81.8036 1.94015 38.0021
      vertex 90.8451 23.0604 38.0021
      vertex 82.05 1.81865 38.0021
    endloop
  endfacet
  facet normal 0 0 -1
    outer loop
      vertex 81.2741 -2.08203 38.0021
      vertex 89.9624 -10.8107 38.0021
      vertex 89.95 -11 38.0021
    endloop
  endfacet
  facet normal -0 0 -1
    outer loop
      vertex 90.8451 23.0604 38.0021
      vertex 81.8036 1.94015 38.0021
      vertex 90.675 23.1443 38.0021
    endloop
  endfacet
  facet normal 0 0 -1
    outer loop
      vertex 93.2 -12.8654 38.0021
      vertex 93.2654 -12.8 38.0021
      vertex 93.2648 -12.8085 38.0021
    endloop
  endfacet
  facet normal 0 0 -1
    outer loop
      vertex 92.8376 -10.8107 38.0021
      vertex 93.2654 -12.8 38.0021
      vertex 92.85 -11 38.0021
    endloop
  endfacet
  facet normal 0 0 -1
    outer loop
      vertex 93.2 -12.8654 38.0021
      vertex 93.2648 -12.8085 38.0021
      vertex 93.2632 -12.8169 38.0021
    endloop
  endfacet
  facet normal 0 0 -1
    outer loop
      vertex 93.2654 -12.8 38.0021
      vertex 92.8376 -10.8107 38.0021
      vertex 93.2654 26.2 38.0021
    endloop
  endfacet
  facet normal 0 0 -1
    outer loop
      vertex 93.2 -12.8654 38.0021
      vertex 93.2632 -12.8169 38.0021
      vertex 93.2604 -12.825 38.0021
    endloop
  endfacet
  facet normal 0 0 -1
    outer loop
      vertex 92.8376 24.5893 38.0021
      vertex 93.2654 26.2 38.0021
      vertex 92.85 24.4 38.0021
    endloop
  endfacet
  facet normal 0 0 -1
    outer loop
      vertex 93.2 -12.8654 38.0021
      vertex 93.2604 -12.825 38.0021
      vertex 93.2566 -12.8327 38.0021
    endloop
  endfacet
  facet normal 0 0 -1
    outer loop
      vertex 92.8006 24.7753 38.0021
      vertex 93.2654 26.2 38.0021
      vertex 92.8376 24.5893 38.0021
    endloop
  endfacet
  facet normal 0 0 -1
    outer loop
      vertex 93.2 -12.8654 38.0021
      vertex 93.2566 -12.8327 38.0021
      vertex 93.2519 -12.8398 38.0021
    endloop
  endfacet
  facet normal 0 0 -1
    outer loop
      vertex 92.7396 24.9549 38.0021
      vertex 93.2654 26.2 38.0021
      vertex 92.8006 24.7753 38.0021
    endloop
  endfacet
  facet normal 0 0 -1
    outer loop
      vertex 93.2 -12.8654 38.0021
      vertex 93.2519 -12.8398 38.0021
      vertex 93.2462 -12.8462 38.0021
    endloop
  endfacet
  facet normal 0 0 -1
    outer loop
      vertex 92.6557 25.125 38.0021
      vertex 93.2654 26.2 38.0021
      vertex 92.7396 24.9549 38.0021
    endloop
  endfacet
  facet normal 0 0 -1
    outer loop
      vertex 93.2 -12.8654 38.0021
      vertex 93.2462 -12.8462 38.0021
      vertex 93.2398 -12.8519 38.0021
    endloop
  endfacet
  facet normal 0 0 -1
    outer loop
      vertex 92.5504 25.2827 38.0021
      vertex 93.2654 26.2 38.0021
      vertex 92.6557 25.125 38.0021
    endloop
  endfacet
  facet normal 0 0 -1
    outer loop
      vertex 93.2 -12.8654 38.0021
      vertex 93.2398 -12.8519 38.0021
      vertex 93.2327 -12.8566 38.0021
    endloop
  endfacet
  facet normal 0 0 -1
    outer loop
      vertex 92.4253 25.4253 38.0021
      vertex 93.2654 26.2 38.0021
      vertex 92.5504 25.2827 38.0021
    endloop
  endfacet
  facet normal 0 0 -1
    outer loop
      vertex 93.2 -12.8654 38.0021
      vertex 93.2327 -12.8566 38.0021
      vertex 93.225 -12.8604 38.0021
    endloop
  endfacet
  facet normal 0 -0 -1
    outer loop
      vertex 93.2 26.2654 38.0021
      vertex 93.2654 26.2 38.0021
      vertex 92.4253 25.4253 38.0021
    endloop
  endfacet
  facet normal 0 0 -1
    outer loop
      vertex 93.2 -12.8654 38.0021
      vertex 93.225 -12.8604 38.0021
      vertex 93.2169 -12.8632 38.0021
    endloop
  endfacet
  facet normal 0 0 -1
    outer loop
      vertex 93.2654 26.2 38.0021
      vertex 93.2 26.2654 38.0021
      vertex 93.2648 26.2085 38.0021
    endloop
  endfacet
  facet normal 0 0 -1
    outer loop
      vertex 93.2 -12.8654 38.0021
      vertex 93.2169 -12.8632 38.0021
      vertex 93.2085 -12.8648 38.0021
    endloop
  endfacet
  facet normal 0 0 -1
    outer loop
      vertex 93.2648 26.2085 38.0021
      vertex 93.2 26.2654 38.0021
      vertex 93.2632 26.2169 38.0021
    endloop
  endfacet
  facet normal -0 0 -1
    outer loop
      vertex 93.2654 -12.8 38.0021
      vertex 93.2 -12.8654 38.0021
      vertex 92.4253 -12.0253 38.0021
    endloop
  endfacet
  facet normal 0 0 -1
    outer loop
      vertex 93.2604 26.225 38.0021
      vertex 93.2 26.2654 38.0021
      vertex 93.2566 26.2327 38.0021
    endloop
  endfacet
  facet normal 0 0 -1
    outer loop
      vertex 93.2566 26.2327 38.0021
      vertex 93.2 26.2654 38.0021
      vertex 93.2519 26.2398 38.0021
    endloop
  endfacet
  facet normal 0 0 -1
    outer loop
      vertex 93.2654 -12.8 38.0021
      vertex 92.8376 -11.1893 38.0021
      vertex 92.85 -11 38.0021
    endloop
  endfacet
  facet normal 0 0 -1
    outer loop
      vertex 93.2654 -12.8 38.0021
      vertex 92.8006 -11.3753 38.0021
      vertex 92.8376 -11.1893 38.0021
    endloop
  endfacet
  facet normal 0 0 -1
    outer loop
      vertex 93.2654 -12.8 38.0021
      vertex 92.7396 -11.5549 38.0021
      vertex 92.8006 -11.3753 38.0021
    endloop
  endfacet
  facet normal 0 0 -1
    outer loop
      vertex 93.2654 -12.8 38.0021
      vertex 92.6557 -11.725 38.0021
      vertex 92.7396 -11.5549 38.0021
    endloop
  endfacet
  facet normal 0 0 -1
    outer loop
      vertex 93.2654 -12.8 38.0021
      vertex 92.5504 -11.8827 38.0021
      vertex 92.6557 -11.725 38.0021
    endloop
  endfacet
  facet normal 0 0 -1
    outer loop
      vertex 93.2654 -12.8 38.0021
      vertex 92.4253 -12.0253 38.0021
      vertex 92.5504 -11.8827 38.0021
    endloop
  endfacet
  facet normal 0 0 -1
    outer loop
      vertex 93.2 -12.8654 38.0021
      vertex 92.2827 -12.1504 38.0021
      vertex 92.4253 -12.0253 38.0021
    endloop
  endfacet
  facet normal 0 0 -1
    outer loop
      vertex 93.2 -12.8654 38.0021
      vertex 92.125 -12.2557 38.0021
      vertex 92.2827 -12.1504 38.0021
    endloop
  endfacet
  facet normal 0 0 -1
    outer loop
      vertex 93.2 -12.8654 38.0021
      vertex 91.9549 -12.3396 38.0021
      vertex 92.125 -12.2557 38.0021
    endloop
  endfacet
  facet normal 0 0 -1
    outer loop
      vertex 93.2 -12.8654 38.0021
      vertex 91.7753 -12.4006 38.0021
      vertex 91.9549 -12.3396 38.0021
    endloop
  endfacet
  facet normal 0 0 -1
    outer loop
      vertex 93.2 -12.8654 38.0021
      vertex 91.5893 -12.4376 38.0021
      vertex 91.7753 -12.4006 38.0021
    endloop
  endfacet
  facet normal 0 0 -1
    outer loop
      vertex 93.2 -12.8654 38.0021
      vertex 91.4 -12.45 38.0021
      vertex 91.5893 -12.4376 38.0021
    endloop
  endfacet
  facet normal 0 0 -1
    outer loop
      vertex 93.2 -12.8654 38.0021
      vertex 91.2107 -12.4376 38.0021
      vertex 91.4 -12.45 38.0021
    endloop
  endfacet
  facet normal 0 0 -1
    outer loop
      vertex 93.2 -12.8654 38.0021
      vertex 91.0247 -12.4006 38.0021
      vertex 91.2107 -12.4376 38.0021
    endloop
  endfacet
  facet normal 0 0 -1
    outer loop
      vertex 91.5893 -9.5624 38.0021
      vertex 83.1 0 38.0021
      vertex 83.082 0.274104 38.0021
    endloop
  endfacet
  facet normal 0 0 -1
    outer loop
      vertex 72.05 -11 38.0021
      vertex 89.95 -11 38.0021
      vertex 89.9624 -11.1893 38.0021
    endloop
  endfacet
  facet normal 0 0 -1
    outer loop
      vertex 72.0376 -11.1893 38.0021
      vertex 89.9624 -11.1893 38.0021
      vertex 89.9994 -11.3753 38.0021
    endloop
  endfacet
  facet normal 0 0 -1
    outer loop
      vertex 72.0006 -11.3753 38.0021
      vertex 89.9994 -11.3753 38.0021
      vertex 90.0604 -11.5549 38.0021
    endloop
  endfacet
  facet normal 0 0 -1
    outer loop
      vertex 71.9396 -11.5549 38.0021
      vertex 90.0604 -11.5549 38.0021
      vertex 90.1443 -11.725 38.0021
    endloop
  endfacet
  facet normal 0 0 -1
    outer loop
      vertex 91.4 -9.55 38.0021
      vertex 83.082 -0.274104 38.0021
      vertex 83.1 0 38.0021
    endloop
  endfacet
  facet normal 0 0 -1
    outer loop
      vertex 91.2107 -9.5624 38.0021
      vertex 83.0284 -0.54352 38.0021
      vertex 83.082 -0.274104 38.0021
    endloop
  endfacet
  facet normal 0 0 -1
    outer loop
      vertex 91.0247 -9.59941 38.0021
      vertex 82.9401 -0.803635 38.0021
      vertex 83.0284 -0.54352 38.0021
    endloop
  endfacet
  facet normal 0 0 -1
    outer loop
      vertex 90.8451 -9.66037 38.0021
      vertex 82.8186 -1.05 38.0021
      vertex 82.9401 -0.803635 38.0021
    endloop
  endfacet
  facet normal 0 0 -1
    outer loop
      vertex 71.8557 -11.725 38.0021
      vertex 90.1443 -11.725 38.0021
      vertex 90.2496 -11.8827 38.0021
    endloop
  endfacet
  facet normal 0 0 -1
    outer loop
      vertex 90.675 -9.74426 38.0021
      vertex 82.666 -1.2784 38.0021
      vertex 82.8186 -1.05 38.0021
    endloop
  endfacet
  facet normal 0 0 -1
    outer loop
      vertex 90.5173 -9.84964 38.0021
      vertex 82.4849 -1.48492 38.0021
      vertex 82.666 -1.2784 38.0021
    endloop
  endfacet
  facet normal 0 0 -1
    outer loop
      vertex 90.3747 -9.97469 38.0021
      vertex 82.2784 -1.66604 38.0021
      vertex 82.4849 -1.48492 38.0021
    endloop
  endfacet
  facet normal 0 0 -1
    outer loop
      vertex 90.2496 -10.1173 38.0021
      vertex 82.05 -1.81865 38.0021
      vertex 82.2784 -1.66604 38.0021
    endloop
  endfacet
  facet normal 0 0 -1
    outer loop
      vertex 90.1443 -10.275 38.0021
      vertex 81.8036 -1.94015 38.0021
      vertex 82.05 -1.81865 38.0021
    endloop
  endfacet
  facet normal 0 0 -1
    outer loop
      vertex 90.0604 -10.4451 38.0021
      vertex 81.5435 -2.02844 38.0021
      vertex 81.8036 -1.94015 38.0021
    endloop
  endfacet
  facet normal 0 0 -1
    outer loop
      vertex 71.7504 -11.8827 38.0021
      vertex 90.2496 -11.8827 38.0021
      vertex 90.3747 -12.0253 38.0021
    endloop
  endfacet
  facet normal 0 0 -1
    outer loop
      vertex 89.9994 -10.6247 38.0021
      vertex 81.2741 -2.08203 38.0021
      vertex 81.5435 -2.02844 38.0021
    endloop
  endfacet
  facet normal 0 0 -1
    outer loop
      vertex 89.95 -11 38.0021
      vertex 81 -2.1 38.0021
      vertex 81.2741 -2.08203 38.0021
    endloop
  endfacet
  facet normal 0 0 -1
    outer loop
      vertex 89.95 -11 38.0021
      vertex 72.05 -11 38.0021
      vertex 81 -2.1 38.0021
    endloop
  endfacet
  facet normal -0 0 -1
    outer loop
      vertex 81 -2.1 38.0021
      vertex 72.05 -11 38.0021
      vertex 80.7259 -2.08203 38.0021
    endloop
  endfacet
  facet normal 0 0 -1
    outer loop
      vertex 72.0376 -10.8107 38.0021
      vertex 80.7259 -2.08203 38.0021
      vertex 72.05 -11 38.0021
    endloop
  endfacet
  facet normal 0 0 -1
    outer loop
      vertex 72.0006 -10.6247 38.0021
      vertex 80.7259 -2.08203 38.0021
      vertex 72.0376 -10.8107 38.0021
    endloop
  endfacet
  facet normal -0 0 -1
    outer loop
      vertex 80.7259 -2.08203 38.0021
      vertex 72.0006 -10.6247 38.0021
      vertex 80.4565 -2.02844 38.0021
    endloop
  endfacet
  facet normal 0 0 -1
    outer loop
      vertex 71.9396 -10.4451 38.0021
      vertex 80.4565 -2.02844 38.0021
      vertex 72.0006 -10.6247 38.0021
    endloop
  endfacet
  facet normal -0 0 -1
    outer loop
      vertex 79.7216 -1.66604 38.0021
      vertex 71.6253 -9.97469 38.0021
      vertex 79.5151 -1.48492 38.0021
    endloop
  endfacet
  facet normal 0 0 -1
    outer loop
      vertex 71.6253 -9.97469 38.0021
      vertex 79.7216 -1.66604 38.0021
      vertex 71.7504 -10.1173 38.0021
    endloop
  endfacet
  facet normal -0 0 -1
    outer loop
      vertex 79.95 -1.81865 38.0021
      vertex 71.7504 -10.1173 38.0021
      vertex 79.7216 -1.66604 38.0021
    endloop
  endfacet
  facet normal 0 0 -1
    outer loop
      vertex 71.7504 -10.1173 38.0021
      vertex 79.95 -1.81865 38.0021
      vertex 71.8557 -10.275 38.0021
    endloop
  endfacet
  facet normal -0 0 -1
    outer loop
      vertex 80.1964 -1.94015 38.0021
      vertex 71.8557 -10.275 38.0021
      vertex 79.95 -1.81865 38.0021
    endloop
  endfacet
  facet normal 0 0 -1
    outer loop
      vertex 71.8557 -10.275 38.0021
      vertex 80.1964 -1.94015 38.0021
      vertex 71.9396 -10.4451 38.0021
    endloop
  endfacet
  facet normal -0 0 -1
    outer loop
      vertex 80.4565 -2.02844 38.0021
      vertex 71.9396 -10.4451 38.0021
      vertex 80.1964 -1.94015 38.0021
    endloop
  endfacet
  facet normal 0 0 -1
    outer loop
      vertex 71.6253 -12.0253 38.0021
      vertex 90.3747 -12.0253 38.0021
      vertex 90.5173 -12.1504 38.0021
    endloop
  endfacet
  facet normal 0 0 -1
    outer loop
      vertex 71.4827 -12.1504 38.0021
      vertex 90.5173 -12.1504 38.0021
      vertex 90.675 -12.2557 38.0021
    endloop
  endfacet
  facet normal 0 0 -1
    outer loop
      vertex 71.325 -12.2557 38.0021
      vertex 90.675 -12.2557 38.0021
      vertex 90.8451 -12.3396 38.0021
    endloop
  endfacet
  facet normal 0 0 -1
    outer loop
      vertex 71.1549 -12.3396 38.0021
      vertex 90.8451 -12.3396 38.0021
      vertex 91.0247 -12.4006 38.0021
    endloop
  endfacet
  facet normal 0 0 -1
    outer loop
      vertex 70.9753 -12.4006 38.0021
      vertex 91.0247 -12.4006 38.0021
      vertex 93.2 -12.8654 38.0021
    endloop
  endfacet
  facet normal 0 0 -1
    outer loop
      vertex 89.9624 -11.1893 38.0021
      vertex 72.0376 -11.1893 38.0021
      vertex 72.05 -11 38.0021
    endloop
  endfacet
  facet normal 0 0 -1
    outer loop
      vertex 89.9994 -11.3753 38.0021
      vertex 72.0006 -11.3753 38.0021
      vertex 72.0376 -11.1893 38.0021
    endloop
  endfacet
  facet normal 0 0 -1
    outer loop
      vertex 90.0604 -11.5549 38.0021
      vertex 71.9396 -11.5549 38.0021
      vertex 72.0006 -11.3753 38.0021
    endloop
  endfacet
  facet normal 0 0 -1
    outer loop
      vertex 90.1443 -11.725 38.0021
      vertex 71.8557 -11.725 38.0021
      vertex 71.9396 -11.5549 38.0021
    endloop
  endfacet
  facet normal 0 0 -1
    outer loop
      vertex 90.2496 -11.8827 38.0021
      vertex 71.7504 -11.8827 38.0021
      vertex 71.8557 -11.725 38.0021
    endloop
  endfacet
  facet normal 0 0 -1
    outer loop
      vertex 90.3747 -12.0253 38.0021
      vertex 71.6253 -12.0253 38.0021
      vertex 71.7504 -11.8827 38.0021
    endloop
  endfacet
  facet normal 0 0 -1
    outer loop
      vertex 90.5173 -12.1504 38.0021
      vertex 71.4827 -12.1504 38.0021
      vertex 71.6253 -12.0253 38.0021
    endloop
  endfacet
  facet normal 0 0 -1
    outer loop
      vertex 90.675 -12.2557 38.0021
      vertex 71.325 -12.2557 38.0021
      vertex 71.4827 -12.1504 38.0021
    endloop
  endfacet
  facet normal 0 0 -1
    outer loop
      vertex 90.8451 -12.3396 38.0021
      vertex 71.1549 -12.3396 38.0021
      vertex 71.325 -12.2557 38.0021
    endloop
  endfacet
  facet normal 0 0 -1
    outer loop
      vertex 91.0247 -12.4006 38.0021
      vertex 70.9753 -12.4006 38.0021
      vertex 71.1549 -12.3396 38.0021
    endloop
  endfacet
  facet normal 0 0 -1
    outer loop
      vertex 93.2 -12.8654 38.0021
      vertex 70.7893 -12.4376 38.0021
      vertex 70.9753 -12.4006 38.0021
    endloop
  endfacet
  facet normal 0 0 -1
    outer loop
      vertex 68.8 -12.8654 38.0021
      vertex 70.7893 -12.4376 38.0021
      vertex 93.2 -12.8654 38.0021
    endloop
  endfacet
  facet normal -0 0 -1
    outer loop
      vertex 69.1624 -11.1893 38.0021
      vertex 68.7346 -12.8 38.0021
      vertex 69.15 -11 38.0021
    endloop
  endfacet
  facet normal -0 0 -1
    outer loop
      vertex 69.1994 -11.3753 38.0021
      vertex 68.7346 -12.8 38.0021
      vertex 69.1624 -11.1893 38.0021
    endloop
  endfacet
  facet normal -0 0 -1
    outer loop
      vertex 69.2604 -11.5549 38.0021
      vertex 68.7346 -12.8 38.0021
      vertex 69.1994 -11.3753 38.0021
    endloop
  endfacet
  facet normal -0 0 -1
    outer loop
      vertex 69.3443 -11.725 38.0021
      vertex 68.7346 -12.8 38.0021
      vertex 69.2604 -11.5549 38.0021
    endloop
  endfacet
  facet normal -0 0 -1
    outer loop
      vertex 69.4496 -11.8827 38.0021
      vertex 68.7346 -12.8 38.0021
      vertex 69.3443 -11.725 38.0021
    endloop
  endfacet
  facet normal -0 0 -1
    outer loop
      vertex 69.5747 -12.0253 38.0021
      vertex 68.7346 -12.8 38.0021
      vertex 69.4496 -11.8827 38.0021
    endloop
  endfacet
  facet normal 0 0 -1
    outer loop
      vertex 68.7346 -12.8 38.0021
      vertex 69.5747 -12.0253 38.0021
      vertex 68.8 -12.8654 38.0021
    endloop
  endfacet
  facet normal -0 0 -1
    outer loop
      vertex 69.7173 -12.1504 38.0021
      vertex 68.8 -12.8654 38.0021
      vertex 69.5747 -12.0253 38.0021
    endloop
  endfacet
  facet normal -0 0 -1
    outer loop
      vertex 69.875 -12.2557 38.0021
      vertex 68.8 -12.8654 38.0021
      vertex 69.7173 -12.1504 38.0021
    endloop
  endfacet
  facet normal -0 0 -1
    outer loop
      vertex 70.0451 -12.3396 38.0021
      vertex 68.8 -12.8654 38.0021
      vertex 69.875 -12.2557 38.0021
    endloop
  endfacet
  facet normal -0 0 -1
    outer loop
      vertex 70.2247 -12.4006 38.0021
      vertex 68.8 -12.8654 38.0021
      vertex 70.0451 -12.3396 38.0021
    endloop
  endfacet
  facet normal -0 0 -1
    outer loop
      vertex 70.4107 -12.4376 38.0021
      vertex 68.8 -12.8654 38.0021
      vertex 70.2247 -12.4006 38.0021
    endloop
  endfacet
  facet normal -0 0 -1
    outer loop
      vertex 70.6 -12.45 38.0021
      vertex 68.8 -12.8654 38.0021
      vertex 70.4107 -12.4376 38.0021
    endloop
  endfacet
  facet normal 0 0 -1
    outer loop
      vertex 70.7893 -12.4376 38.0021
      vertex 68.8 -12.8654 38.0021
      vertex 70.6 -12.45 38.0021
    endloop
  endfacet
  facet normal 0 0 -1
    outer loop
      vertex 93.2519 26.2398 38.0021
      vertex 93.2 26.2654 38.0021
      vertex 93.2462 26.2462 38.0021
    endloop
  endfacet
  facet normal 0 0 -1
    outer loop
      vertex 93.2462 26.2462 38.0021
      vertex 93.2 26.2654 38.0021
      vertex 93.2398 26.2519 38.0021
    endloop
  endfacet
  facet normal 0 0 -1
    outer loop
      vertex 93.2398 26.2519 38.0021
      vertex 93.2 26.2654 38.0021
      vertex 93.2327 26.2566 38.0021
    endloop
  endfacet
  facet normal 0 0 -1
    outer loop
      vertex 93.2327 26.2566 38.0021
      vertex 93.2 26.2654 38.0021
      vertex 93.225 26.2604 38.0021
    endloop
  endfacet
  facet normal 0 0 -1
    outer loop
      vertex 93.225 26.2604 38.0021
      vertex 93.2 26.2654 38.0021
      vertex 93.2169 26.2632 38.0021
    endloop
  endfacet
  facet normal 0 0 -1
    outer loop
      vertex 93.2169 26.2632 38.0021
      vertex 93.2 26.2654 38.0021
      vertex 93.2085 26.2648 38.0021
    endloop
  endfacet
  facet normal 0 0 -1
    outer loop
      vertex 93.2632 26.2169 38.0021
      vertex 93.2 26.2654 38.0021
      vertex 93.2604 26.225 38.0021
    endloop
  endfacet
  facet normal 0 0 -1
    outer loop
      vertex 92.2827 25.5504 38.0021
      vertex 93.2 26.2654 38.0021
      vertex 92.4253 25.4253 38.0021
    endloop
  endfacet
  facet normal 0 0 -1
    outer loop
      vertex 92.125 25.6557 38.0021
      vertex 93.2 26.2654 38.0021
      vertex 92.2827 25.5504 38.0021
    endloop
  endfacet
  facet normal 0 0 -1
    outer loop
      vertex 91.9549 25.7396 38.0021
      vertex 93.2 26.2654 38.0021
      vertex 92.125 25.6557 38.0021
    endloop
  endfacet
  facet normal 0 0 -1
    outer loop
      vertex 91.7753 25.8006 38.0021
      vertex 93.2 26.2654 38.0021
      vertex 91.9549 25.7396 38.0021
    endloop
  endfacet
  facet normal 0 0 -1
    outer loop
      vertex 91.5893 25.8376 38.0021
      vertex 93.2 26.2654 38.0021
      vertex 91.7753 25.8006 38.0021
    endloop
  endfacet
  facet normal 0 0 -1
    outer loop
      vertex 91.4 25.85 38.0021
      vertex 93.2 26.2654 38.0021
      vertex 91.5893 25.8376 38.0021
    endloop
  endfacet
  facet normal 0 0 -1
    outer loop
      vertex 91.2107 25.8376 38.0021
      vertex 93.2 26.2654 38.0021
      vertex 91.4 25.85 38.0021
    endloop
  endfacet
  facet normal 0 0 -1
    outer loop
      vertex 91.0247 25.8006 38.0021
      vertex 93.2 26.2654 38.0021
      vertex 91.2107 25.8376 38.0021
    endloop
  endfacet
  facet normal 0 0 -1
    outer loop
      vertex 91.7753 -9.59941 38.0021
      vertex 83.082 0.274104 38.0021
      vertex 83.0284 0.54352 38.0021
    endloop
  endfacet
  facet normal 0 0 -1
    outer loop
      vertex 81.5435 2.02844 38.0021
      vertex 90.675 23.1443 38.0021
      vertex 81.8036 1.94015 38.0021
    endloop
  endfacet
  facet normal -0 0 -1
    outer loop
      vertex 90.675 23.1443 38.0021
      vertex 81.5435 2.02844 38.0021
      vertex 90.5173 23.2496 38.0021
    endloop
  endfacet
  facet normal 0 0 -1
    outer loop
      vertex 81.2741 2.08203 38.0021
      vertex 90.5173 23.2496 38.0021
      vertex 81.5435 2.02844 38.0021
    endloop
  endfacet
  facet normal -0 0 -1
    outer loop
      vertex 90.5173 23.2496 38.0021
      vertex 81.2741 2.08203 38.0021
      vertex 90.3747 23.3747 38.0021
    endloop
  endfacet
  facet normal 0 0 -1
    outer loop
      vertex 81 2.1 38.0021
      vertex 90.3747 23.3747 38.0021
      vertex 81.2741 2.08203 38.0021
    endloop
  endfacet
  facet normal -0 0 -1
    outer loop
      vertex 90.3747 23.3747 38.0021
      vertex 81 2.1 38.0021
      vertex 90.2496 23.5173 38.0021
    endloop
  endfacet
  facet normal 0 0 -1
    outer loop
      vertex 72.05 24.4 38.0021
      vertex 90.2496 23.5173 38.0021
      vertex 81 2.1 38.0021
    endloop
  endfacet
  facet normal 0 0 -1
    outer loop
      vertex 90.2496 23.5173 38.0021
      vertex 72.05 24.4 38.0021
      vertex 90.1443 23.675 38.0021
    endloop
  endfacet
  facet normal 0 0 -1
    outer loop
      vertex 90.1443 23.675 38.0021
      vertex 72.05 24.4 38.0021
      vertex 90.0604 23.8451 38.0021
    endloop
  endfacet
  facet normal 0 0 -1
    outer loop
      vertex 90.0604 23.8451 38.0021
      vertex 72.05 24.4 38.0021
      vertex 89.9994 24.0247 38.0021
    endloop
  endfacet
  facet normal 0 0 -1
    outer loop
      vertex 89.9994 24.0247 38.0021
      vertex 72.05 24.4 38.0021
      vertex 89.9624 24.2107 38.0021
    endloop
  endfacet
  facet normal 0 0 -1
    outer loop
      vertex 89.9624 24.2107 38.0021
      vertex 72.05 24.4 38.0021
      vertex 89.95 24.4 38.0021
    endloop
  endfacet
  facet normal 0 0 -1
    outer loop
      vertex 89.95 24.4 38.0021
      vertex 72.05 24.4 38.0021
      vertex 89.9624 24.5893 38.0021
    endloop
  endfacet
  facet normal 0 0 -1
    outer loop
      vertex 72.0376 24.5893 38.0021
      vertex 89.9624 24.5893 38.0021
      vertex 72.05 24.4 38.0021
    endloop
  endfacet
  facet normal 0 0 -1
    outer loop
      vertex 72.05 24.4 38.0021
      vertex 81 2.1 38.0021
      vertex 80.7259 2.08203 38.0021
    endloop
  endfacet
  facet normal 0 0 -1
    outer loop
      vertex 72.05 24.4 38.0021
      vertex 80.7259 2.08203 38.0021
      vertex 80.4565 2.02844 38.0021
    endloop
  endfacet
  facet normal 0 0 -1
    outer loop
      vertex 72.05 24.4 38.0021
      vertex 80.4565 2.02844 38.0021
      vertex 80.1964 1.94015 38.0021
    endloop
  endfacet
  facet normal 0 0 -1
    outer loop
      vertex 72.05 24.4 38.0021
      vertex 80.1964 1.94015 38.0021
      vertex 79.95 1.81865 38.0021
    endloop
  endfacet
  facet normal 0 0 -1
    outer loop
      vertex 72.05 24.4 38.0021
      vertex 79.95 1.81865 38.0021
      vertex 79.7216 1.66604 38.0021
    endloop
  endfacet
  facet normal 0 0 -1
    outer loop
      vertex 72.05 24.4 38.0021
      vertex 79.7216 1.66604 38.0021
      vertex 79.5151 1.48492 38.0021
    endloop
  endfacet
  facet normal 0 0 -1
    outer loop
      vertex 72.05 24.4 38.0021
      vertex 79.5151 1.48492 38.0021
      vertex 79.334 1.2784 38.0021
    endloop
  endfacet
  facet normal 0 0 -1
    outer loop
      vertex 72.05 24.4 38.0021
      vertex 79.334 1.2784 38.0021
      vertex 79.1813 1.05 38.0021
    endloop
  endfacet
  facet normal 0 0 -1
    outer loop
      vertex 72.05 24.4 38.0021
      vertex 79.1813 1.05 38.0021
      vertex 79.0599 0.803635 38.0021
    endloop
  endfacet
  facet normal 0 0 -1
    outer loop
      vertex 71.4827 -9.84964 38.0021
      vertex 79.5151 -1.48492 38.0021
      vertex 71.6253 -9.97469 38.0021
    endloop
  endfacet
  facet normal -0 0 -1
    outer loop
      vertex 79.5151 -1.48492 38.0021
      vertex 71.4827 -9.84964 38.0021
      vertex 79.334 -1.2784 38.0021
    endloop
  endfacet
  facet normal 0 0 -1
    outer loop
      vertex 71.325 -9.74426 38.0021
      vertex 79.334 -1.2784 38.0021
      vertex 71.4827 -9.84964 38.0021
    endloop
  endfacet
  facet normal 0 0 -1
    outer loop
      vertex 78.9716 0.54352 38.0021
      vertex 72.05 24.4 38.0021
      vertex 79.0599 0.803635 38.0021
    endloop
  endfacet
  facet normal 0 0 -1
    outer loop
      vertex 89.9624 24.5893 38.0021
      vertex 72.0376 24.5893 38.0021
      vertex 89.9994 24.7753 38.0021
    endloop
  endfacet
  facet normal 0 0 -1
    outer loop
      vertex 72.0006 24.7753 38.0021
      vertex 89.9994 24.7753 38.0021
      vertex 72.0376 24.5893 38.0021
    endloop
  endfacet
  facet normal 0 0 -1
    outer loop
      vertex 89.9994 24.7753 38.0021
      vertex 72.0006 24.7753 38.0021
      vertex 90.0604 24.9549 38.0021
    endloop
  endfacet
  facet normal 0 0 -1
    outer loop
      vertex 71.9396 24.9549 38.0021
      vertex 90.0604 24.9549 38.0021
      vertex 72.0006 24.7753 38.0021
    endloop
  endfacet
  facet normal 0 0 -1
    outer loop
      vertex 90.0604 24.9549 38.0021
      vertex 71.9396 24.9549 38.0021
      vertex 90.1443 25.125 38.0021
    endloop
  endfacet
  facet normal 0 0 -1
    outer loop
      vertex 71.8557 25.125 38.0021
      vertex 90.1443 25.125 38.0021
      vertex 71.9396 24.9549 38.0021
    endloop
  endfacet
  facet normal 0 0 -1
    outer loop
      vertex 90.1443 25.125 38.0021
      vertex 71.8557 25.125 38.0021
      vertex 90.2496 25.2827 38.0021
    endloop
  endfacet
  facet normal 0 0 -1
    outer loop
      vertex 71.7504 25.2827 38.0021
      vertex 90.2496 25.2827 38.0021
      vertex 71.8557 25.125 38.0021
    endloop
  endfacet
  facet normal 0 0 -1
    outer loop
      vertex 90.2496 25.2827 38.0021
      vertex 71.7504 25.2827 38.0021
      vertex 90.3747 25.4253 38.0021
    endloop
  endfacet
  facet normal 0 0 -1
    outer loop
      vertex 71.6253 25.4253 38.0021
      vertex 90.3747 25.4253 38.0021
      vertex 71.7504 25.2827 38.0021
    endloop
  endfacet
  facet normal 0 0 -1
    outer loop
      vertex 90.3747 25.4253 38.0021
      vertex 71.6253 25.4253 38.0021
      vertex 90.5173 25.5504 38.0021
    endloop
  endfacet
  facet normal 0 0 -1
    outer loop
      vertex 71.4827 25.5504 38.0021
      vertex 90.5173 25.5504 38.0021
      vertex 71.6253 25.4253 38.0021
    endloop
  endfacet
  facet normal 0 0 -1
    outer loop
      vertex 90.5173 25.5504 38.0021
      vertex 71.4827 25.5504 38.0021
      vertex 90.675 25.6557 38.0021
    endloop
  endfacet
  facet normal 0 0 -1
    outer loop
      vertex 71.325 25.6557 38.0021
      vertex 90.675 25.6557 38.0021
      vertex 71.4827 25.5504 38.0021
    endloop
  endfacet
  facet normal 0 0 -1
    outer loop
      vertex 90.675 25.6557 38.0021
      vertex 71.325 25.6557 38.0021
      vertex 90.8451 25.7396 38.0021
    endloop
  endfacet
  facet normal 0 0 -1
    outer loop
      vertex 71.1549 25.7396 38.0021
      vertex 90.8451 25.7396 38.0021
      vertex 71.325 25.6557 38.0021
    endloop
  endfacet
  facet normal 0 0 -1
    outer loop
      vertex 90.8451 25.7396 38.0021
      vertex 71.1549 25.7396 38.0021
      vertex 91.0247 25.8006 38.0021
    endloop
  endfacet
  facet normal 0 0 -1
    outer loop
      vertex 70.9753 25.8006 38.0021
      vertex 91.0247 25.8006 38.0021
      vertex 71.1549 25.7396 38.0021
    endloop
  endfacet
  facet normal 0 0 -1
    outer loop
      vertex 91.0247 25.8006 38.0021
      vertex 70.9753 25.8006 38.0021
      vertex 93.2 26.2654 38.0021
    endloop
  endfacet
  facet normal 0 0 -1
    outer loop
      vertex 70.7893 25.8376 38.0021
      vertex 93.2 26.2654 38.0021
      vertex 70.9753 25.8006 38.0021
    endloop
  endfacet
  facet normal 0 0 -1
    outer loop
      vertex 68.8 26.2654 38.0021
      vertex 70.7893 25.8376 38.0021
      vertex 70.6 25.85 38.0021
    endloop
  endfacet
  facet normal 0 0 -1
    outer loop
      vertex 70.7893 25.8376 38.0021
      vertex 68.8 26.2654 38.0021
      vertex 93.2 26.2654 38.0021
    endloop
  endfacet
  facet normal 0 0 -1
    outer loop
      vertex 70.4107 25.8376 38.0021
      vertex 68.8 26.2654 38.0021
      vertex 70.6 25.85 38.0021
    endloop
  endfacet
  facet normal 0 0 -1
    outer loop
      vertex 70.2247 25.8006 38.0021
      vertex 68.8 26.2654 38.0021
      vertex 70.4107 25.8376 38.0021
    endloop
  endfacet
  facet normal 0 0 -1
    outer loop
      vertex 70.0451 25.7396 38.0021
      vertex 68.8 26.2654 38.0021
      vertex 70.2247 25.8006 38.0021
    endloop
  endfacet
  facet normal 0 0 -1
    outer loop
      vertex 69.875 25.6557 38.0021
      vertex 68.8 26.2654 38.0021
      vertex 70.0451 25.7396 38.0021
    endloop
  endfacet
  facet normal 0 0 -1
    outer loop
      vertex 69.7173 25.5504 38.0021
      vertex 68.8 26.2654 38.0021
      vertex 69.875 25.6557 38.0021
    endloop
  endfacet
  facet normal 0 0 -1
    outer loop
      vertex 69.5747 25.4253 38.0021
      vertex 68.8 26.2654 38.0021
      vertex 69.7173 25.5504 38.0021
    endloop
  endfacet
  facet normal 0 0 -1
    outer loop
      vertex 68.7346 26.2 38.0021
      vertex 69.5747 25.4253 38.0021
      vertex 69.4496 25.2827 38.0021
    endloop
  endfacet
  facet normal 0 0 -1
    outer loop
      vertex 68.7346 26.2 38.0021
      vertex 69.4496 25.2827 38.0021
      vertex 69.3443 25.125 38.0021
    endloop
  endfacet
  facet normal 0 0 -1
    outer loop
      vertex 68.7346 26.2 38.0021
      vertex 69.3443 25.125 38.0021
      vertex 69.2604 24.9549 38.0021
    endloop
  endfacet
  facet normal 0 0 -1
    outer loop
      vertex 68.7346 26.2 38.0021
      vertex 69.2604 24.9549 38.0021
      vertex 69.1994 24.7753 38.0021
    endloop
  endfacet
  facet normal 0 0 -1
    outer loop
      vertex 68.7346 26.2 38.0021
      vertex 69.1994 24.7753 38.0021
      vertex 69.1624 24.5893 38.0021
    endloop
  endfacet
  facet normal 0 0 -1
    outer loop
      vertex 68.7346 26.2 38.0021
      vertex 69.1624 24.5893 38.0021
      vertex 69.15 24.4 38.0021
    endloop
  endfacet
  facet normal 0 0 -1
    outer loop
      vertex 68.7346 26.2 38.0021
      vertex 69.1624 24.2107 38.0021
      vertex 68.7346 -12.8 38.0021
    endloop
  endfacet
  facet normal 0 0 -1
    outer loop
      vertex 68.7346 -12.8 38.0021
      vertex 68.8 -12.8654 38.0021
      vertex 68.7915 -12.8648 38.0021
    endloop
  endfacet
  facet normal 0 0 -1
    outer loop
      vertex 69.1624 24.2107 38.0021
      vertex 68.7346 26.2 38.0021
      vertex 69.15 24.4 38.0021
    endloop
  endfacet
  facet normal 0 0 -1
    outer loop
      vertex 68.7346 -12.8 38.0021
      vertex 68.7915 -12.8648 38.0021
      vertex 68.7831 -12.8632 38.0021
    endloop
  endfacet
  facet normal 0 0 -1
    outer loop
      vertex 69.5747 25.4253 38.0021
      vertex 68.7346 26.2 38.0021
      vertex 68.8 26.2654 38.0021
    endloop
  endfacet
  facet normal 0 0 -1
    outer loop
      vertex 68.7346 -12.8 38.0021
      vertex 68.7831 -12.8632 38.0021
      vertex 68.775 -12.8604 38.0021
    endloop
  endfacet
  facet normal 0 0 -1
    outer loop
      vertex 68.8 26.2654 38.0021
      vertex 68.7346 26.2 38.0021
      vertex 68.7915 26.2648 38.0021
    endloop
  endfacet
  facet normal 0 0 -1
    outer loop
      vertex 68.7346 -12.8 38.0021
      vertex 68.775 -12.8604 38.0021
      vertex 68.7673 -12.8566 38.0021
    endloop
  endfacet
  facet normal 0 0 -1
    outer loop
      vertex 68.7915 26.2648 38.0021
      vertex 68.7346 26.2 38.0021
      vertex 68.7831 26.2632 38.0021
    endloop
  endfacet
  facet normal 0 0 -1
    outer loop
      vertex 68.7346 -12.8 38.0021
      vertex 68.7673 -12.8566 38.0021
      vertex 68.7602 -12.8519 38.0021
    endloop
  endfacet
  facet normal 0 0 -1
    outer loop
      vertex 68.7831 26.2632 38.0021
      vertex 68.7346 26.2 38.0021
      vertex 68.775 26.2604 38.0021
    endloop
  endfacet
  facet normal 0 0 -1
    outer loop
      vertex 68.7346 -12.8 38.0021
      vertex 68.7602 -12.8519 38.0021
      vertex 68.7538 -12.8462 38.0021
    endloop
  endfacet
  facet normal 0 0 -1
    outer loop
      vertex 68.775 26.2604 38.0021
      vertex 68.7346 26.2 38.0021
      vertex 68.7673 26.2566 38.0021
    endloop
  endfacet
  facet normal 0 0 -1
    outer loop
      vertex 68.7346 -12.8 38.0021
      vertex 68.7538 -12.8462 38.0021
      vertex 68.7481 -12.8398 38.0021
    endloop
  endfacet
  facet normal 0 0 -1
    outer loop
      vertex 68.7673 26.2566 38.0021
      vertex 68.7346 26.2 38.0021
      vertex 68.7602 26.2519 38.0021
    endloop
  endfacet
  facet normal 0 0 -1
    outer loop
      vertex 68.7346 -12.8 38.0021
      vertex 68.7481 -12.8398 38.0021
      vertex 68.7434 -12.8327 38.0021
    endloop
  endfacet
  facet normal 0 0 -1
    outer loop
      vertex 68.7602 26.2519 38.0021
      vertex 68.7346 26.2 38.0021
      vertex 68.7538 26.2462 38.0021
    endloop
  endfacet
  facet normal 0 0 -1
    outer loop
      vertex 68.7346 -12.8 38.0021
      vertex 68.7434 -12.8327 38.0021
      vertex 68.7396 -12.825 38.0021
    endloop
  endfacet
  facet normal 0 0 -1
    outer loop
      vertex 68.7538 26.2462 38.0021
      vertex 68.7346 26.2 38.0021
      vertex 68.7481 26.2398 38.0021
    endloop
  endfacet
  facet normal 0 0 -1
    outer loop
      vertex 68.7346 -12.8 38.0021
      vertex 68.7396 -12.825 38.0021
      vertex 68.7368 -12.8169 38.0021
    endloop
  endfacet
  facet normal 0 0 -1
    outer loop
      vertex 68.7481 26.2398 38.0021
      vertex 68.7346 26.2 38.0021
      vertex 68.7434 26.2327 38.0021
    endloop
  endfacet
  facet normal 0 0 -1
    outer loop
      vertex 68.7346 -12.8 38.0021
      vertex 68.7368 -12.8169 38.0021
      vertex 68.7352 -12.8085 38.0021
    endloop
  endfacet
  facet normal 0 0 -1
    outer loop
      vertex 68.7434 26.2327 38.0021
      vertex 68.7346 26.2 38.0021
      vertex 68.7396 26.225 38.0021
    endloop
  endfacet
  facet normal 0 0 -1
    outer loop
      vertex 68.7396 26.225 38.0021
      vertex 68.7346 26.2 38.0021
      vertex 68.7368 26.2169 38.0021
    endloop
  endfacet
  facet normal 0 0 -1
    outer loop
      vertex 68.7368 26.2169 38.0021
      vertex 68.7346 26.2 38.0021
      vertex 68.7352 26.2085 38.0021
    endloop
  endfacet
  facet normal -0.0865357 0.0983127 -0.991386
    outer loop
      vertex 68.7602 26.2519 38.0021
      vertex 68.662 26.3379 38.0192
      vertex 68.6812 26.3548 38.0192
    endloop
  endfacet
  facet normal 0.0403122 -0.608883 0.792235
    outer loop
      vertex 93.2 -13.3556 40.2315
      vertex 93.2 -13.4593 40.1518
      vertex 93.2725 -13.3508 40.2315
    endloop
  endfacet
  facet normal 0.039583 -0.608589 0.792498
    outer loop
      vertex 93.2725 -13.3508 40.2315
      vertex 93.2 -13.4593 40.1518
      vertex 93.2861 -13.4537 40.1518
    endloop
  endfacet
  facet normal 0.0747771 -0.375709 0.923716
    outer loop
      vertex 93.2832 -13.1105 40.3469
      vertex 93.242 -13.1187 40.3469
      vertex 93.3145 -13.2272 40.2969
    endloop
  endfacet
  facet normal 0.123048 -0.362765 0.923721
    outer loop
      vertex 93.323 -13.097 40.3469
      vertex 93.2832 -13.1105 40.3469
      vertex 93.3145 -13.2272 40.2969
    endloop
  endfacet
  facet normal 0.330634 -0.376096 0.865582
    outer loop
      vertex 93.5928 -13.1928 40.2315
      vertex 93.5127 -13.1127 40.2969
      vertex 93.5382 -13.2408 40.2315
    endloop
  endfacet
  facet normal 0.402739 -0.458115 0.792421
    outer loop
      vertex 93.5928 -13.1928 40.2315
      vertex 93.5382 -13.2408 40.2315
      vertex 93.6014 -13.3231 40.1518
    endloop
  endfacet
  facet normal 0.938721 0.318983 0.130587
    outer loop
      vertex 94.1219 26.5819 39.4654
      vertex 94.1061 26.5753 39.5951
      vertex 94.1639 26.4583 39.4654
    endloop
  endfacet
  facet normal 0.889425 0.438144 0.130206
    outer loop
      vertex 94.0642 26.6989 39.4654
      vertex 94.0494 26.6904 39.5951
      vertex 94.1061 26.5753 39.5951
    endloop
  endfacet
  facet normal 0.824376 0.550872 0.130171
    outer loop
      vertex 94.0642 26.6989 39.4654
      vertex 93.9781 26.7971 39.5951
      vertex 94.0494 26.6904 39.5951
    endloop
  endfacet
  facet normal -0.227612 0.670509 0.706123
    outer loop
      vertex 68.6054 26.9262 40.0593
      vertex 68.5477 26.8092 40.1518
      vertex 68.6293 26.8369 40.1518
    endloop
  endfacet
  facet normal -0.0978221 0.491177 0.86555
    outer loop
      vertex 68.7275 26.7508 40.2315
      vertex 68.6562 26.7366 40.2315
      vertex 68.7423 26.6385 40.2969
    endloop
  endfacet
  facet normal -0.160932 0.474144 0.865615
    outer loop
      vertex 68.6855 26.6272 40.2969
      vertex 68.5874 26.7133 40.2315
      vertex 68.6307 26.6086 40.2969
    endloop
  endfacet
  facet normal -0.467078 0.531927 0.706323
    outer loop
      vertex 68.3986 26.7231 40.1518
      vertex 68.2684 26.7316 40.0593
      vertex 68.3338 26.6662 40.1518
    endloop
  endfacet
  facet normal -0.402739 0.458115 0.792421
    outer loop
      vertex 68.4618 26.6408 40.2315
      vertex 68.3986 26.7231 40.1518
      vertex 68.4072 26.5928 40.2315
    endloop
  endfacet
  facet normal -0.402358 0.458221 0.792554
    outer loop
      vertex 68.3986 26.7231 40.1518
      vertex 68.3338 26.6662 40.1518
      vertex 68.4072 26.5928 40.2315
    endloop
  endfacet
  facet normal -0.288069 0.252516 0.923716
    outer loop
      vertex 68.5727 26.4273 40.3469
      vertex 68.4491 26.4692 40.2969
      vertex 68.545 26.3957 40.3469
    endloop
  endfacet
  facet normal -0.318439 0.212899 0.923727
    outer loop
      vertex 68.545 26.3957 40.3469
      vertex 68.4491 26.4692 40.2969
      vertex 68.5216 26.3607 40.3469
    endloop
  endfacet
  facet normal 0.0747484 -0.375726 0.923711
    outer loop
      vertex 93.3145 -13.2272 40.2969
      vertex 93.242 -13.1187 40.3469
      vertex 93.2577 -13.2385 40.2969
    endloop
  endfacet
  facet normal 0 -0.499921 0.866071
    outer loop
      vertex 68.8 -13.2423 40.2969
      vertex 93.2 -13.3556 40.2315
      vertex 93.2 -13.2423 40.2969
    endloop
  endfacet
  facet normal 0 -0.499921 0.866071
    outer loop
      vertex 93.2 -13.3556 40.2315
      vertex 68.8 -13.2423 40.2969
      vertex 68.8 -13.3556 40.2315
    endloop
  endfacet
  facet normal -0.227583 0.670505 0.706136
    outer loop
      vertex 68.6054 26.9262 40.0593
      vertex 68.5123 26.8946 40.0593
      vertex 68.5477 26.8092 40.1518
    endloop
  endfacet
  facet normal -0.25508 0.751517 0.608405
    outer loop
      vertex 68.6054 26.9262 40.0593
      vertex 68.4818 26.9682 39.9556
      vertex 68.5123 26.8946 40.0593
    endloop
  endfacet
  facet normal -0.196034 0.577486 0.792515
    outer loop
      vertex 68.6293 26.8369 40.1518
      vertex 68.5477 26.8092 40.1518
      vertex 68.5874 26.7133 40.2315
    endloop
  endfacet
  facet normal -0.313327 0.634857 0.706246
    outer loop
      vertex 68.5477 26.8092 40.1518
      vertex 68.4241 26.8511 40.0593
      vertex 68.4703 26.771 40.1518
    endloop
  endfacet
  facet normal -0.119116 0.598096 0.792523
    outer loop
      vertex 68.7139 26.8537 40.1518
      vertex 68.6562 26.7366 40.2315
      vertex 68.7275 26.7508 40.2315
    endloop
  endfacet
  facet normal -0.0329114 0.499734 0.865554
    outer loop
      vertex 68.8 26.6423 40.2969
      vertex 68.7275 26.7508 40.2315
      vertex 68.7423 26.6385 40.2969
    endloop
  endfacet
  facet normal -0.277872 0.416464 0.865647
    outer loop
      vertex 68.5222 26.6811 40.2315
      vertex 68.4618 26.6408 40.2315
      vertex 68.5308 26.5509 40.2969
    endloop
  endfacet
  facet normal -0.277925 0.416454 0.865635
    outer loop
      vertex 68.5789 26.583 40.2969
      vertex 68.5222 26.6811 40.2315
      vertex 68.5308 26.5509 40.2969
    endloop
  endfacet
  facet normal -0.457976 0.402616 0.792565
    outer loop
      vertex 68.4072 26.5928 40.2315
      vertex 68.3338 26.6662 40.1518
      vertex 68.3592 26.5382 40.2315
    endloop
  endfacet
  facet normal -0.376096 0.330634 0.865582
    outer loop
      vertex 68.4072 26.5928 40.2315
      vertex 68.3592 26.5382 40.2315
      vertex 68.4873 26.5127 40.2969
    endloop
  endfacet
  facet normal 0.0251728 -0.382229 0.923725
    outer loop
      vertex 93.242 -13.1187 40.3469
      vertex 93.2 -13.2423 40.2969
      vertex 93.2577 -13.2385 40.2969
    endloop
  endfacet
  facet normal 0.0245608 -0.382056 0.923813
    outer loop
      vertex 93.2 -13.1214 40.3469
      vertex 93.2 -13.2423 40.2969
      vertex 93.242 -13.1187 40.3469
    endloop
  endfacet
  facet normal -0.138149 0.694343 0.70626
    outer loop
      vertex 68.7019 26.9454 40.0593
      vertex 68.6054 26.9262 40.0593
      vertex 68.7139 26.8537 40.1518
    endloop
  endfacet
  facet normal -0.137919 0.694521 0.70613
    outer loop
      vertex 68.7139 26.8537 40.1518
      vertex 68.6054 26.9262 40.0593
      vertex 68.6293 26.8369 40.1518
    endloop
  endfacet
  facet normal -0.270021 0.546751 0.79256
    outer loop
      vertex 68.5874 26.7133 40.2315
      vertex 68.4703 26.771 40.1518
      vertex 68.5222 26.6811 40.2315
    endloop
  endfacet
  facet normal -0.221713 0.448935 0.865622
    outer loop
      vertex 68.5874 26.7133 40.2315
      vertex 68.5222 26.6811 40.2315
      vertex 68.5789 26.583 40.2969
    endloop
  endfacet
  facet normal -0.039583 0.608589 0.792498
    outer loop
      vertex 68.8 26.8593 40.1518
      vertex 68.7139 26.8537 40.1518
      vertex 68.7275 26.7508 40.2315
    endloop
  endfacet
  facet normal -0.0459421 0.70636 0.70636
    outer loop
      vertex 68.8 26.9518 40.0593
      vertex 68.7139 26.8537 40.1518
      vertex 68.8 26.8593 40.1518
    endloop
  endfacet
  facet normal -0.195553 0.577427 0.792677
    outer loop
      vertex 68.6293 26.8369 40.1518
      vertex 68.5874 26.7133 40.2315
      vertex 68.6562 26.7366 40.2315
    endloop
  endfacet
  facet normal -0.160659 0.474391 0.86553
    outer loop
      vertex 68.6562 26.7366 40.2315
      vertex 68.5874 26.7133 40.2315
      vertex 68.6855 26.6272 40.2969
    endloop
  endfacet
  facet normal -0.751864 0.659319 0
    outer loop
      vertex 82.4849 -1.48492 38.0021
      vertex 82.666 -1.2784 40.3979
      vertex 82.666 -1.2784 38.0021
    endloop
  endfacet
  facet normal -0.751864 0.659319 0
    outer loop
      vertex 82.666 -1.2784 40.3979
      vertex 82.4849 -1.48492 38.0021
      vertex 82.4849 -1.48492 40.3979
    endloop
  endfacet
  facet normal -0.980778 -0.195125 0
    outer loop
      vertex 83.082 0.274104 38.0021
      vertex 83.0284 0.54352 40.3979
      vertex 83.0284 0.54352 38.0021
    endloop
  endfacet
  facet normal -0.980778 -0.195125 0
    outer loop
      vertex 83.0284 0.54352 40.3979
      vertex 83.082 0.274104 38.0021
      vertex 83.082 0.274104 40.3979
    endloop
  endfacet
  facet normal -0.997851 -0.0655274 0
    outer loop
      vertex 83.1 0 38.0021
      vertex 83.082 0.274104 40.3979
      vertex 83.082 0.274104 38.0021
    endloop
  endfacet
  facet normal -0.997851 -0.0655274 0
    outer loop
      vertex 83.082 0.274104 40.3979
      vertex 83.1 0 38.0021
      vertex 83.1 0 40.3979
    endloop
  endfacet
  facet normal -0.946927 -0.321449 0
    outer loop
      vertex 83.0284 0.54352 38.0021
      vertex 82.9401 0.803635 40.3979
      vertex 82.9401 0.803635 38.0021
    endloop
  endfacet
  facet normal -0.946927 -0.321449 0
    outer loop
      vertex 82.9401 0.803635 40.3979
      vertex 83.0284 0.54352 38.0021
      vertex 83.0284 0.54352 40.3979
    endloop
  endfacet
  facet normal -0.83149 -0.55554 0
    outer loop
      vertex 82.8186 1.05 38.0021
      vertex 82.666 1.2784 40.3979
      vertex 82.666 1.2784 38.0021
    endloop
  endfacet
  facet normal -0.83149 -0.55554 0
    outer loop
      vertex 82.666 1.2784 40.3979
      vertex 82.8186 1.05 38.0021
      vertex 82.8186 1.05 40.3979
    endloop
  endfacet
  facet normal 0.555565 0.831473 -0
    outer loop
      vertex 79.95 -1.81865 38.0021
      vertex 79.7216 -1.66604 40.3979
      vertex 79.95 -1.81865 40.3979
    endloop
  endfacet
  facet normal 0.555565 0.831473 0
    outer loop
      vertex 79.7216 -1.66604 40.3979
      vertex 79.95 -1.81865 38.0021
      vertex 79.7216 -1.66604 38.0021
    endloop
  endfacet
  facet normal -0.195101 -0.980783 0
    outer loop
      vertex 81.2741 2.08203 38.0021
      vertex 81.5435 2.02844 40.3979
      vertex 81.2741 2.08203 40.3979
    endloop
  endfacet
  facet normal -0.195101 -0.980783 -0
    outer loop
      vertex 81.5435 2.02844 40.3979
      vertex 81.2741 2.08203 38.0021
      vertex 81.5435 2.02844 38.0021
    endloop
  endfacet
  facet normal -0.997851 0.0655274 0
    outer loop
      vertex 83.082 -0.274104 38.0021
      vertex 83.1 0 40.3979
      vertex 83.1 0 38.0021
    endloop
  endfacet
  facet normal -0.997851 0.0655274 0
    outer loop
      vertex 83.1 0 40.3979
      vertex 83.082 -0.274104 38.0021
      vertex 83.082 -0.274104 40.3979
    endloop
  endfacet
  facet normal -0.896864 -0.442307 0
    outer loop
      vertex 82.9401 0.803635 38.0021
      vertex 82.8186 1.05 40.3979
      vertex 82.8186 1.05 38.0021
    endloop
  endfacet
  facet normal -0.896864 -0.442307 0
    outer loop
      vertex 82.8186 1.05 40.3979
      vertex 82.9401 0.803635 38.0021
      vertex 82.9401 0.803635 40.3979
    endloop
  endfacet
  facet normal 0.946927 0.321449 0
    outer loop
      vertex 79.0599 -0.803635 40.3979
      vertex 78.9716 -0.54352 38.0021
      vertex 78.9716 -0.54352 40.3979
    endloop
  endfacet
  facet normal 0.946927 0.321449 0
    outer loop
      vertex 78.9716 -0.54352 38.0021
      vertex 79.0599 -0.803635 40.3979
      vertex 79.0599 -0.803635 38.0021
    endloop
  endfacet
  facet normal 0.980778 -0.195125 0
    outer loop
      vertex 78.918 0.274104 40.3979
      vertex 78.9716 0.54352 38.0021
      vertex 78.9716 0.54352 40.3979
    endloop
  endfacet
  facet normal 0.980778 -0.195125 0
    outer loop
      vertex 78.9716 0.54352 38.0021
      vertex 78.918 0.274104 40.3979
      vertex 78.918 0.274104 38.0021
    endloop
  endfacet
  facet normal 0.659396 0.751796 -0
    outer loop
      vertex 79.7216 -1.66604 38.0021
      vertex 79.5151 -1.48492 40.3979
      vertex 79.7216 -1.66604 40.3979
    endloop
  endfacet
  facet normal 0.659396 0.751796 0
    outer loop
      vertex 79.5151 -1.48492 40.3979
      vertex 79.7216 -1.66604 38.0021
      vertex 79.5151 -1.48492 38.0021
    endloop
  endfacet
  facet normal 0.195101 -0.980783 0
    outer loop
      vertex 80.4565 2.02844 38.0021
      vertex 80.7259 2.08203 40.3979
      vertex 80.4565 2.02844 40.3979
    endloop
  endfacet
  facet normal 0.195101 -0.980783 0
    outer loop
      vertex 80.7259 2.08203 40.3979
      vertex 80.4565 2.02844 38.0021
      vertex 80.7259 2.08203 38.0021
    endloop
  endfacet
  facet normal -0.195101 0.980783 0
    outer loop
      vertex 81.5435 -2.02844 38.0021
      vertex 81.2741 -2.08203 40.3979
      vertex 81.5435 -2.02844 40.3979
    endloop
  endfacet
  facet normal -0.195101 0.980783 0
    outer loop
      vertex 81.2741 -2.08203 40.3979
      vertex 81.5435 -2.02844 38.0021
      vertex 81.2741 -2.08203 38.0021
    endloop
  endfacet
  facet normal -0.442256 0.896889 0
    outer loop
      vertex 82.05 -1.81865 38.0021
      vertex 81.8036 -1.94015 40.3979
      vertex 82.05 -1.81865 40.3979
    endloop
  endfacet
  facet normal -0.442256 0.896889 0
    outer loop
      vertex 81.8036 -1.94015 40.3979
      vertex 82.05 -1.81865 38.0021
      vertex 81.8036 -1.94015 38.0021
    endloop
  endfacet
  facet normal 0.831322 -0.555792 0
    outer loop
      vertex 79.1813 1.05 40.3979
      vertex 79.334 1.2784 38.0021
      vertex 79.334 1.2784 40.3979
    endloop
  endfacet
  facet normal 0.831322 -0.555792 0
    outer loop
      vertex 79.334 1.2784 38.0021
      vertex 79.1813 1.05 40.3979
      vertex 79.1813 1.05 38.0021
    endloop
  endfacet
  facet normal -0.555565 -0.831473 0
    outer loop
      vertex 82.05 1.81865 38.0021
      vertex 82.2784 1.66604 40.3979
      vertex 82.05 1.81865 40.3979
    endloop
  endfacet
  facet normal -0.555565 -0.831473 -0
    outer loop
      vertex 82.2784 1.66604 40.3979
      vertex 82.05 1.81865 38.0021
      vertex 82.2784 1.66604 38.0021
    endloop
  endfacet
  facet normal -0.83149 0.55554 0
    outer loop
      vertex 82.666 -1.2784 38.0021
      vertex 82.8186 -1.05 40.3979
      vertex 82.8186 -1.05 38.0021
    endloop
  endfacet
  facet normal -0.83149 0.55554 0
    outer loop
      vertex 82.8186 -1.05 40.3979
      vertex 82.666 -1.2784 38.0021
      vertex 82.666 -1.2784 40.3979
    endloop
  endfacet
  facet normal -0.442256 -0.896889 0
    outer loop
      vertex 81.8036 1.94015 38.0021
      vertex 82.05 1.81865 40.3979
      vertex 81.8036 1.94015 40.3979
    endloop
  endfacet
  facet normal -0.442256 -0.896889 -0
    outer loop
      vertex 82.05 1.81865 40.3979
      vertex 81.8036 1.94015 38.0021
      vertex 82.05 1.81865 38.0021
    endloop
  endfacet
  facet normal -0.980778 0.195125 0
    outer loop
      vertex 83.0284 -0.54352 38.0021
      vertex 83.082 -0.274104 40.3979
      vertex 83.082 -0.274104 38.0021
    endloop
  endfacet
  facet normal -0.980778 0.195125 0
    outer loop
      vertex 83.082 -0.274104 40.3979
      vertex 83.0284 -0.54352 38.0021
      vertex 83.0284 -0.54352 40.3979
    endloop
  endfacet
  facet normal 0.321433 -0.946932 0
    outer loop
      vertex 80.1964 1.94015 38.0021
      vertex 80.4565 2.02844 40.3979
      vertex 80.1964 1.94015 40.3979
    endloop
  endfacet
  facet normal 0.321433 -0.946932 0
    outer loop
      vertex 80.4565 2.02844 40.3979
      vertex 80.1964 1.94015 38.0021
      vertex 80.4565 2.02844 38.0021
    endloop
  endfacet
  facet normal -0.659396 -0.751796 0
    outer loop
      vertex 82.2784 1.66604 38.0021
      vertex 82.4849 1.48492 40.3979
      vertex 82.2784 1.66604 40.3979
    endloop
  endfacet
  facet normal -0.659396 -0.751796 -0
    outer loop
      vertex 82.4849 1.48492 40.3979
      vertex 82.2784 1.66604 38.0021
      vertex 82.4849 1.48492 38.0021
    endloop
  endfacet
  facet normal 0.442256 -0.896889 0
    outer loop
      vertex 79.95 1.81865 38.0021
      vertex 80.1964 1.94015 40.3979
      vertex 79.95 1.81865 40.3979
    endloop
  endfacet
  facet normal 0.442256 -0.896889 0
    outer loop
      vertex 80.1964 1.94015 40.3979
      vertex 79.95 1.81865 38.0021
      vertex 80.1964 1.94015 38.0021
    endloop
  endfacet
  facet normal 0.555565 -0.831473 0
    outer loop
      vertex 79.7216 1.66604 38.0021
      vertex 79.95 1.81865 40.3979
      vertex 79.7216 1.66604 40.3979
    endloop
  endfacet
  facet normal 0.555565 -0.831473 0
    outer loop
      vertex 79.95 1.81865 40.3979
      vertex 79.7216 1.66604 38.0021
      vertex 79.95 1.81865 38.0021
    endloop
  endfacet
  facet normal -0.659396 0.751796 0
    outer loop
      vertex 82.4849 -1.48492 38.0021
      vertex 82.2784 -1.66604 40.3979
      vertex 82.4849 -1.48492 40.3979
    endloop
  endfacet
  facet normal -0.659396 0.751796 0
    outer loop
      vertex 82.2784 -1.66604 40.3979
      vertex 82.4849 -1.48492 38.0021
      vertex 82.2784 -1.66604 38.0021
    endloop
  endfacet
  facet normal 0.751864 -0.659319 0
    outer loop
      vertex 79.334 1.2784 40.3979
      vertex 79.5151 1.48492 38.0021
      vertex 79.5151 1.48492 40.3979
    endloop
  endfacet
  facet normal 0.751864 -0.659319 0
    outer loop
      vertex 79.5151 1.48492 38.0021
      vertex 79.334 1.2784 40.3979
      vertex 79.334 1.2784 38.0021
    endloop
  endfacet
  facet normal -0.0654196 -0.997858 0
    outer loop
      vertex 81 2.1 38.0021
      vertex 81.2741 2.08203 40.3979
      vertex 81 2.1 40.3979
    endloop
  endfacet
  facet normal -0.0654196 -0.997858 -0
    outer loop
      vertex 81.2741 2.08203 40.3979
      vertex 81 2.1 38.0021
      vertex 81.2741 2.08203 38.0021
    endloop
  endfacet
  facet normal -0.321433 0.946932 0
    outer loop
      vertex 81.8036 -1.94015 38.0021
      vertex 81.5435 -2.02844 40.3979
      vertex 81.8036 -1.94015 40.3979
    endloop
  endfacet
  facet normal -0.321433 0.946932 0
    outer loop
      vertex 81.5435 -2.02844 40.3979
      vertex 81.8036 -1.94015 38.0021
      vertex 81.5435 -2.02844 38.0021
    endloop
  endfacet
  facet normal 0.321433 0.946932 -0
    outer loop
      vertex 80.4565 -2.02844 38.0021
      vertex 80.1964 -1.94015 40.3979
      vertex 80.4565 -2.02844 40.3979
    endloop
  endfacet
  facet normal 0.321433 0.946932 0
    outer loop
      vertex 80.1964 -1.94015 40.3979
      vertex 80.4565 -2.02844 38.0021
      vertex 80.1964 -1.94015 38.0021
    endloop
  endfacet
  facet normal 0.751864 0.659319 0
    outer loop
      vertex 79.5151 -1.48492 40.3979
      vertex 79.334 -1.2784 38.0021
      vertex 79.334 -1.2784 40.3979
    endloop
  endfacet
  facet normal 0.751864 0.659319 0
    outer loop
      vertex 79.334 -1.2784 38.0021
      vertex 79.5151 -1.48492 40.3979
      vertex 79.5151 -1.48492 38.0021
    endloop
  endfacet
  facet normal 0.897008 -0.442014 0
    outer loop
      vertex 79.0599 0.803635 40.3979
      vertex 79.1813 1.05 38.0021
      vertex 79.1813 1.05 40.3979
    endloop
  endfacet
  facet normal 0.897008 -0.442014 0
    outer loop
      vertex 79.1813 1.05 38.0021
      vertex 79.0599 0.803635 40.3979
      vertex 79.0599 0.803635 38.0021
    endloop
  endfacet
  facet normal -0.896864 0.442307 0
    outer loop
      vertex 82.8186 -1.05 38.0021
      vertex 82.9401 -0.803635 40.3979
      vertex 82.9401 -0.803635 38.0021
    endloop
  endfacet
  facet normal -0.896864 0.442307 0
    outer loop
      vertex 82.9401 -0.803635 40.3979
      vertex 82.8186 -1.05 38.0021
      vertex 82.8186 -1.05 40.3979
    endloop
  endfacet
  facet normal 0.0654196 -0.997858 0
    outer loop
      vertex 80.7259 2.08203 38.0021
      vertex 81 2.1 40.3979
      vertex 80.7259 2.08203 40.3979
    endloop
  endfacet
  facet normal 0.0654196 -0.997858 0
    outer loop
      vertex 81 2.1 40.3979
      vertex 80.7259 2.08203 38.0021
      vertex 81 2.1 38.0021
    endloop
  endfacet
  facet normal 0.946927 -0.321449 0
    outer loop
      vertex 78.9716 0.54352 40.3979
      vertex 79.0599 0.803635 38.0021
      vertex 79.0599 0.803635 40.3979
    endloop
  endfacet
  facet normal 0.946927 -0.321449 0
    outer loop
      vertex 79.0599 0.803635 38.0021
      vertex 78.9716 0.54352 40.3979
      vertex 78.9716 0.54352 38.0021
    endloop
  endfacet
  facet normal -0.321433 -0.946932 0
    outer loop
      vertex 81.5435 2.02844 38.0021
      vertex 81.8036 1.94015 40.3979
      vertex 81.5435 2.02844 40.3979
    endloop
  endfacet
  facet normal -0.321433 -0.946932 -0
    outer loop
      vertex 81.8036 1.94015 40.3979
      vertex 81.5435 2.02844 38.0021
      vertex 81.8036 1.94015 38.0021
    endloop
  endfacet
  facet normal -0.946927 0.321449 0
    outer loop
      vertex 82.9401 -0.803635 38.0021
      vertex 83.0284 -0.54352 40.3979
      vertex 83.0284 -0.54352 38.0021
    endloop
  endfacet
  facet normal -0.946927 0.321449 0
    outer loop
      vertex 83.0284 -0.54352 40.3979
      vertex 82.9401 -0.803635 38.0021
      vertex 82.9401 -0.803635 40.3979
    endloop
  endfacet
  facet normal 0.980778 0.195125 0
    outer loop
      vertex 78.9716 -0.54352 40.3979
      vertex 78.918 -0.274104 38.0021
      vertex 78.918 -0.274104 40.3979
    endloop
  endfacet
  facet normal 0.980778 0.195125 0
    outer loop
      vertex 78.918 -0.274104 38.0021
      vertex 78.9716 -0.54352 40.3979
      vertex 78.9716 -0.54352 38.0021
    endloop
  endfacet
  facet normal -0.751864 -0.659319 0
    outer loop
      vertex 82.666 1.2784 38.0021
      vertex 82.4849 1.48492 40.3979
      vertex 82.4849 1.48492 38.0021
    endloop
  endfacet
  facet normal -0.751864 -0.659319 0
    outer loop
      vertex 82.4849 1.48492 40.3979
      vertex 82.666 1.2784 38.0021
      vertex 82.666 1.2784 40.3979
    endloop
  endfacet
  facet normal 0.659396 -0.751796 0
    outer loop
      vertex 79.5151 1.48492 38.0021
      vertex 79.7216 1.66604 40.3979
      vertex 79.5151 1.48492 40.3979
    endloop
  endfacet
  facet normal 0.659396 -0.751796 0
    outer loop
      vertex 79.7216 1.66604 40.3979
      vertex 79.5151 1.48492 38.0021
      vertex 79.7216 1.66604 38.0021
    endloop
  endfacet
  facet normal 0.897008 0.442014 0
    outer loop
      vertex 79.1813 -1.05 40.3979
      vertex 79.0599 -0.803635 38.0021
      vertex 79.0599 -0.803635 40.3979
    endloop
  endfacet
  facet normal 0.897008 0.442014 0
    outer loop
      vertex 79.0599 -0.803635 38.0021
      vertex 79.1813 -1.05 40.3979
      vertex 79.1813 -1.05 38.0021
    endloop
  endfacet
  facet normal -0.0654196 0.997858 0
    outer loop
      vertex 81.2741 -2.08203 38.0021
      vertex 81 -2.1 40.3979
      vertex 81.2741 -2.08203 40.3979
    endloop
  endfacet
  facet normal -0.0654196 0.997858 0
    outer loop
      vertex 81 -2.1 40.3979
      vertex 81.2741 -2.08203 38.0021
      vertex 81 -2.1 38.0021
    endloop
  endfacet
  facet normal 0.0654196 0.997858 -0
    outer loop
      vertex 81 -2.1 38.0021
      vertex 80.7259 -2.08203 40.3979
      vertex 81 -2.1 40.3979
    endloop
  endfacet
  facet normal 0.0654196 0.997858 0
    outer loop
      vertex 80.7259 -2.08203 40.3979
      vertex 81 -2.1 38.0021
      vertex 80.7259 -2.08203 38.0021
    endloop
  endfacet
  facet normal 0.997851 -0.0655274 0
    outer loop
      vertex 78.9 0 40.3979
      vertex 78.918 0.274104 38.0021
      vertex 78.918 0.274104 40.3979
    endloop
  endfacet
  facet normal 0.997851 -0.0655274 0
    outer loop
      vertex 78.918 0.274104 38.0021
      vertex 78.9 0 40.3979
      vertex 78.9 0 38.0021
    endloop
  endfacet
  facet normal 0.831322 0.555792 0
    outer loop
      vertex 79.334 -1.2784 40.3979
      vertex 79.1813 -1.05 38.0021
      vertex 79.1813 -1.05 40.3979
    endloop
  endfacet
  facet normal 0.831322 0.555792 0
    outer loop
      vertex 79.1813 -1.05 38.0021
      vertex 79.334 -1.2784 40.3979
      vertex 79.334 -1.2784 38.0021
    endloop
  endfacet
  facet normal -0.555565 0.831473 0
    outer loop
      vertex 82.2784 -1.66604 38.0021
      vertex 82.05 -1.81865 40.3979
      vertex 82.2784 -1.66604 40.3979
    endloop
  endfacet
  facet normal -0.555565 0.831473 0
    outer loop
      vertex 82.05 -1.81865 40.3979
      vertex 82.2784 -1.66604 38.0021
      vertex 82.05 -1.81865 38.0021
    endloop
  endfacet
  facet normal 0.997851 0.0655274 0
    outer loop
      vertex 78.918 -0.274104 40.3979
      vertex 78.9 0 38.0021
      vertex 78.9 0 40.3979
    endloop
  endfacet
  facet normal 0.997851 0.0655274 0
    outer loop
      vertex 78.9 0 38.0021
      vertex 78.918 -0.274104 40.3979
      vertex 78.918 -0.274104 38.0021
    endloop
  endfacet
  facet normal 0.195101 0.980783 -0
    outer loop
      vertex 80.7259 -2.08203 38.0021
      vertex 80.4565 -2.02844 40.3979
      vertex 80.7259 -2.08203 40.3979
    endloop
  endfacet
  facet normal 0.195101 0.980783 0
    outer loop
      vertex 80.4565 -2.02844 40.3979
      vertex 80.7259 -2.08203 38.0021
      vertex 80.4565 -2.02844 38.0021
    endloop
  endfacet
  facet normal 0.442256 0.896889 -0
    outer loop
      vertex 80.1964 -1.94015 38.0021
      vertex 79.95 -1.81865 40.3979
      vertex 80.1964 -1.94015 40.3979
    endloop
  endfacet
  facet normal 0.442256 0.896889 0
    outer loop
      vertex 79.95 -1.81865 40.3979
      vertex 80.1964 -1.94015 38.0021
      vertex 79.95 -1.81865 38.0021
    endloop
  endfacet
  facet normal 1 -0 0
    outer loop
      vertex 85.4 -4.4 38
      vertex 85.4 4.4 31.8
      vertex 85.4 4.4 38
    endloop
  endfacet
  facet normal 1 0 0
    outer loop
      vertex 85.4 4.4 31.8
      vertex 85.4 -4.4 38
      vertex 85.4 -4.4 31.8
    endloop
  endfacet
  facet normal 0 0 1
    outer loop
      vertex 85.4 4.4 38
      vertex 84.2 3.2 38
      vertex 85.4 -4.4 38
    endloop
  endfacet
  facet normal 0 0 1
    outer loop
      vertex 85.4 4.4 38
      vertex 77.8 3.2 38
      vertex 84.2 3.2 38
    endloop
  endfacet
  facet normal 0 0 1
    outer loop
      vertex 77.8 3.2 38
      vertex 76.6 4.4 38
      vertex 77.8 -3.2 38
    endloop
  endfacet
  facet normal -0 0 1
    outer loop
      vertex 76.6 4.4 38
      vertex 77.8 3.2 38
      vertex 85.4 4.4 38
    endloop
  endfacet
  facet normal -0 0 1
    outer loop
      vertex 84.2 -3.2 38
      vertex 85.4 -4.4 38
      vertex 84.2 3.2 38
    endloop
  endfacet
  facet normal -0 0 1
    outer loop
      vertex 77.8 -3.2 38
      vertex 85.4 -4.4 38
      vertex 84.2 -3.2 38
    endloop
  endfacet
  facet normal 0 0 1
    outer loop
      vertex 77.8 -3.2 38
      vertex 76.6 -4.4 38
      vertex 85.4 -4.4 38
    endloop
  endfacet
  facet normal 0 0 1
    outer loop
      vertex 76.6 -4.4 38
      vertex 77.8 -3.2 38
      vertex 76.6 4.4 38
    endloop
  endfacet
  facet normal 0 0 -1
    outer loop
      vertex 85.4 -4.4 31.8
      vertex 84.2 -3.2 31.8
      vertex 85.4 4.4 31.8
    endloop
  endfacet
  facet normal 0 0 -1
    outer loop
      vertex 85.4 -4.4 31.8
      vertex 77.8 -3.2 31.8
      vertex 84.2 -3.2 31.8
    endloop
  endfacet
  facet normal -0 0 -1
    outer loop
      vertex 77.8 -3.2 31.8
      vertex 76.6 -4.4 31.8
      vertex 77.8 3.2 31.8
    endloop
  endfacet
  facet normal 0 0 -1
    outer loop
      vertex 76.6 -4.4 31.8
      vertex 77.8 -3.2 31.8
      vertex 85.4 -4.4 31.8
    endloop
  endfacet
  facet normal 0 0 -1
    outer loop
      vertex 84.2 3.2 31.8
      vertex 85.4 4.4 31.8
      vertex 84.2 -3.2 31.8
    endloop
  endfacet
  facet normal 0 0 -1
    outer loop
      vertex 77.8 3.2 31.8
      vertex 85.4 4.4 31.8
      vertex 84.2 3.2 31.8
    endloop
  endfacet
  facet normal 0 0 -1
    outer loop
      vertex 77.8 3.2 31.8
      vertex 76.6 4.4 31.8
      vertex 85.4 4.4 31.8
    endloop
  endfacet
  facet normal 0 0 -1
    outer loop
      vertex 76.6 4.4 31.8
      vertex 77.8 3.2 31.8
      vertex 76.6 -4.4 31.8
    endloop
  endfacet
  facet normal -1 0 0
    outer loop
      vertex 76.6 -4.4 31.8
      vertex 76.6 4.4 38
      vertex 76.6 4.4 31.8
    endloop
  endfacet
  facet normal -1 -0 0
    outer loop
      vertex 76.6 4.4 38
      vertex 76.6 -4.4 31.8
      vertex 76.6 -4.4 38
    endloop
  endfacet
  facet normal 0 1 -0
    outer loop
      vertex 85.4 4.4 31.8
      vertex 76.6 4.4 38
      vertex 85.4 4.4 38
    endloop
  endfacet
  facet normal 0 1 0
    outer loop
      vertex 76.6 4.4 38
      vertex 85.4 4.4 31.8
      vertex 76.6 4.4 31.8
    endloop
  endfacet
  facet normal 0 -1 0
    outer loop
      vertex 76.6 -4.4 31.8
      vertex 85.4 -4.4 38
      vertex 76.6 -4.4 38
    endloop
  endfacet
  facet normal 0 -1 -0
    outer loop
      vertex 85.4 -4.4 38
      vertex 76.6 -4.4 31.8
      vertex 85.4 -4.4 31.8
    endloop
  endfacet
  facet normal -1 0 0
    outer loop
      vertex 84.2 -3.2 31.8
      vertex 84.2 3.2 38
      vertex 84.2 3.2 31.8
    endloop
  endfacet
  facet normal -1 -0 0
    outer loop
      vertex 84.2 3.2 38
      vertex 84.2 -3.2 31.8
      vertex 84.2 -3.2 38
    endloop
  endfacet
  facet normal 1 -0 0
    outer loop
      vertex 77.8 -3.2 38
      vertex 77.8 3.2 31.8
      vertex 77.8 3.2 38
    endloop
  endfacet
  facet normal 1 0 0
    outer loop
      vertex 77.8 3.2 31.8
      vertex 77.8 -3.2 38
      vertex 77.8 -3.2 31.8
    endloop
  endfacet
  facet normal 0 -1 0
    outer loop
      vertex 77.8 3.2 31.8
      vertex 84.2 3.2 38
      vertex 77.8 3.2 38
    endloop
  endfacet
  facet normal 0 -1 -0
    outer loop
      vertex 84.2 3.2 38
      vertex 77.8 3.2 31.8
      vertex 84.2 3.2 31.8
    endloop
  endfacet
  facet normal 0 1 -0
    outer loop
      vertex 84.2 -3.2 31.8
      vertex 77.8 -3.2 38
      vertex 84.2 -3.2 38
    endloop
  endfacet
  facet normal 0 1 0
    outer loop
      vertex 77.8 -3.2 38
      vertex 84.2 -3.2 31.8
      vertex 77.8 -3.2 31.8
    endloop
  endfacet
endsolid OpenSCAD_Model
