solid OpenSCAD_Model
  facet normal -0.980783 0.195102 0
    outer loop
      vertex -91.9994 -24.3753 38.0021
      vertex -91.9624 -24.1893 40.3979
      vertex -91.9624 -24.1893 38.0021
    endloop
  endfacet
  facet normal -0.980783 0.195102 0
    outer loop
      vertex -91.9624 -24.1893 40.3979
      vertex -91.9994 -24.3753 38.0021
      vertex -91.9994 -24.3753 40.3979
    endloop
  endfacet
  facet normal -0.980783 -0.195102 0
    outer loop
      vertex -91.9624 -23.8107 38.0021
      vertex -91.9994 -23.6247 40.3979
      vertex -91.9994 -23.6247 38.0021
    endloop
  endfacet
  facet normal -0.980783 -0.195102 0
    outer loop
      vertex -91.9994 -23.6247 40.3979
      vertex -91.9624 -23.8107 38.0021
      vertex -91.9624 -23.8107 40.3979
    endloop
  endfacet
  facet normal -0.831644 0.555309 0
    outer loop
      vertex -92.2496 -24.8827 38.0021
      vertex -92.1443 -24.725 40.3979
      vertex -92.1443 -24.725 38.0021
    endloop
  endfacet
  facet normal -0.831644 0.555309 0
    outer loop
      vertex -92.1443 -24.725 40.3979
      vertex -92.2496 -24.8827 38.0021
      vertex -92.2496 -24.8827 40.3979
    endloop
  endfacet
  facet normal 0.997861 -0.0653644 0
    outer loop
      vertex -94.85 -24 40.3979
      vertex -94.8376 -23.8107 38.0021
      vertex -94.8376 -23.8107 40.3979
    endloop
  endfacet
  facet normal 0.997861 -0.0653644 0
    outer loop
      vertex -94.8376 -23.8107 38.0021
      vertex -94.85 -24 40.3979
      vertex -94.85 -24 38.0021
    endloop
  endfacet
  facet normal -0.896839 -0.442356 0
    outer loop
      vertex -92.0604 -23.4451 38.0021
      vertex -92.1443 -23.275 40.3979
      vertex -92.1443 -23.275 38.0021
    endloop
  endfacet
  facet normal -0.896839 -0.442356 0
    outer loop
      vertex -92.1443 -23.275 40.3979
      vertex -92.0604 -23.4451 38.0021
      vertex -92.0604 -23.4451 40.3979
    endloop
  endfacet
  facet normal 0.896839 0.442356 0
    outer loop
      vertex -94.6557 -24.725 40.3979
      vertex -94.7396 -24.5549 38.0021
      vertex -94.7396 -24.5549 40.3979
    endloop
  endfacet
  facet normal 0.896839 0.442356 0
    outer loop
      vertex -94.7396 -24.5549 38.0021
      vertex -94.6557 -24.725 40.3979
      vertex -94.6557 -24.725 38.0021
    endloop
  endfacet
  facet normal -0.195102 -0.980783 0
    outer loop
      vertex -93.2107 -22.5624 38.0021
      vertex -93.0247 -22.5994 40.3979
      vertex -93.2107 -22.5624 40.3979
    endloop
  endfacet
  facet normal -0.195102 -0.980783 -0
    outer loop
      vertex -93.0247 -22.5994 40.3979
      vertex -93.2107 -22.5624 38.0021
      vertex -93.0247 -22.5994 38.0021
    endloop
  endfacet
  facet normal -0.946876 -0.3216 0
    outer loop
      vertex -91.9994 -23.6247 38.0021
      vertex -92.0604 -23.4451 40.3979
      vertex -92.0604 -23.4451 38.0021
    endloop
  endfacet
  facet normal -0.946876 -0.3216 0
    outer loop
      vertex -92.0604 -23.4451 40.3979
      vertex -91.9994 -23.6247 38.0021
      vertex -91.9994 -23.6247 40.3979
    endloop
  endfacet
  facet normal 0.3216 0.946876 -0
    outer loop
      vertex -93.7753 -25.4006 38.0021
      vertex -93.9549 -25.3396 40.3979
      vertex -93.7753 -25.4006 40.3979
    endloop
  endfacet
  facet normal 0.3216 0.946876 0
    outer loop
      vertex -93.9549 -25.3396 40.3979
      vertex -93.7753 -25.4006 38.0021
      vertex -93.9549 -25.3396 38.0021
    endloop
  endfacet
  facet normal 0.946876 0.3216 0
    outer loop
      vertex -94.7396 -24.5549 40.3979
      vertex -94.8006 -24.3753 38.0021
      vertex -94.8006 -24.3753 40.3979
    endloop
  endfacet
  facet normal 0.946876 0.3216 0
    outer loop
      vertex -94.8006 -24.3753 38.0021
      vertex -94.7396 -24.5549 40.3979
      vertex -94.7396 -24.5549 38.0021
    endloop
  endfacet
  facet normal -0.946876 0.3216 0
    outer loop
      vertex -92.0604 -24.5549 38.0021
      vertex -91.9994 -24.3753 40.3979
      vertex -91.9994 -24.3753 38.0021
    endloop
  endfacet
  facet normal -0.946876 0.3216 0
    outer loop
      vertex -91.9994 -24.3753 40.3979
      vertex -92.0604 -24.5549 38.0021
      vertex -92.0604 -24.5549 40.3979
    endloop
  endfacet
  facet normal 0.195102 -0.980783 0
    outer loop
      vertex -93.7753 -22.5994 38.0021
      vertex -93.5893 -22.5624 40.3979
      vertex -93.7753 -22.5994 40.3979
    endloop
  endfacet
  facet normal 0.195102 -0.980783 0
    outer loop
      vertex -93.5893 -22.5624 40.3979
      vertex -93.7753 -22.5994 38.0021
      vertex -93.5893 -22.5624 38.0021
    endloop
  endfacet
  facet normal -0.997861 -0.0653644 0
    outer loop
      vertex -91.95 -24 38.0021
      vertex -91.9624 -23.8107 40.3979
      vertex -91.9624 -23.8107 38.0021
    endloop
  endfacet
  facet normal -0.997861 -0.0653644 0
    outer loop
      vertex -91.9624 -23.8107 40.3979
      vertex -91.95 -24 38.0021
      vertex -91.95 -24 40.3979
    endloop
  endfacet
  facet normal 0.3216 -0.946876 0
    outer loop
      vertex -93.9549 -22.6604 38.0021
      vertex -93.7753 -22.5994 40.3979
      vertex -93.9549 -22.6604 40.3979
    endloop
  endfacet
  facet normal 0.3216 -0.946876 0
    outer loop
      vertex -93.7753 -22.5994 40.3979
      vertex -93.9549 -22.6604 38.0021
      vertex -93.7753 -22.5994 38.0021
    endloop
  endfacet
  facet normal -0.896839 0.442356 0
    outer loop
      vertex -92.1443 -24.725 38.0021
      vertex -92.0604 -24.5549 40.3979
      vertex -92.0604 -24.5549 38.0021
    endloop
  endfacet
  facet normal -0.896839 0.442356 0
    outer loop
      vertex -92.0604 -24.5549 40.3979
      vertex -92.1443 -24.725 38.0021
      vertex -92.1443 -24.725 40.3979
    endloop
  endfacet
  facet normal 0.751727 -0.659474 0
    outer loop
      vertex -94.5504 -23.1173 40.3979
      vertex -94.4253 -22.9747 38.0021
      vertex -94.4253 -22.9747 40.3979
    endloop
  endfacet
  facet normal 0.751727 -0.659474 0
    outer loop
      vertex -94.4253 -22.9747 38.0021
      vertex -94.5504 -23.1173 40.3979
      vertex -94.5504 -23.1173 38.0021
    endloop
  endfacet
  facet normal 0.659474 -0.751727 0
    outer loop
      vertex -94.4253 -22.9747 38.0021
      vertex -94.2827 -22.8496 40.3979
      vertex -94.4253 -22.9747 40.3979
    endloop
  endfacet
  facet normal 0.659474 -0.751727 0
    outer loop
      vertex -94.2827 -22.8496 40.3979
      vertex -94.4253 -22.9747 38.0021
      vertex -94.2827 -22.8496 38.0021
    endloop
  endfacet
  facet normal -0.751727 -0.659474 0
    outer loop
      vertex -92.2496 -23.1173 38.0021
      vertex -92.3747 -22.9747 40.3979
      vertex -92.3747 -22.9747 38.0021
    endloop
  endfacet
  facet normal -0.751727 -0.659474 0
    outer loop
      vertex -92.3747 -22.9747 40.3979
      vertex -92.2496 -23.1173 38.0021
      vertex -92.2496 -23.1173 40.3979
    endloop
  endfacet
  facet normal -0.555309 0.831644 0
    outer loop
      vertex -92.5173 -25.1504 38.0021
      vertex -92.675 -25.2557 40.3979
      vertex -92.5173 -25.1504 40.3979
    endloop
  endfacet
  facet normal -0.555309 0.831644 0
    outer loop
      vertex -92.675 -25.2557 40.3979
      vertex -92.5173 -25.1504 38.0021
      vertex -92.675 -25.2557 38.0021
    endloop
  endfacet
  facet normal -0.751727 0.659474 0
    outer loop
      vertex -92.3747 -25.0253 38.0021
      vertex -92.2496 -24.8827 40.3979
      vertex -92.2496 -24.8827 38.0021
    endloop
  endfacet
  facet normal -0.751727 0.659474 0
    outer loop
      vertex -92.2496 -24.8827 40.3979
      vertex -92.3747 -25.0253 38.0021
      vertex -92.3747 -25.0253 40.3979
    endloop
  endfacet
  facet normal 0.555309 -0.831644 0
    outer loop
      vertex -94.2827 -22.8496 38.0021
      vertex -94.125 -22.7443 40.3979
      vertex -94.2827 -22.8496 40.3979
    endloop
  endfacet
  facet normal 0.555309 -0.831644 0
    outer loop
      vertex -94.125 -22.7443 40.3979
      vertex -94.2827 -22.8496 38.0021
      vertex -94.125 -22.7443 38.0021
    endloop
  endfacet
  facet normal 0.997861 0.0653644 0
    outer loop
      vertex -94.8376 -24.1893 40.3979
      vertex -94.85 -24 38.0021
      vertex -94.85 -24 40.3979
    endloop
  endfacet
  facet normal 0.997861 0.0653644 0
    outer loop
      vertex -94.85 -24 38.0021
      vertex -94.8376 -24.1893 40.3979
      vertex -94.8376 -24.1893 38.0021
    endloop
  endfacet
  facet normal -0.659474 0.751727 0
    outer loop
      vertex -92.3747 -25.0253 38.0021
      vertex -92.5173 -25.1504 40.3979
      vertex -92.3747 -25.0253 40.3979
    endloop
  endfacet
  facet normal -0.659474 0.751727 0
    outer loop
      vertex -92.5173 -25.1504 40.3979
      vertex -92.3747 -25.0253 38.0021
      vertex -92.5173 -25.1504 38.0021
    endloop
  endfacet
  facet normal 0.555309 0.831644 -0
    outer loop
      vertex -94.125 -25.2557 38.0021
      vertex -94.2827 -25.1504 40.3979
      vertex -94.125 -25.2557 40.3979
    endloop
  endfacet
  facet normal 0.555309 0.831644 0
    outer loop
      vertex -94.2827 -25.1504 40.3979
      vertex -94.125 -25.2557 38.0021
      vertex -94.2827 -25.1504 38.0021
    endloop
  endfacet
  facet normal -0.3216 0.946876 0
    outer loop
      vertex -92.8451 -25.3396 38.0021
      vertex -93.0247 -25.4006 40.3979
      vertex -92.8451 -25.3396 40.3979
    endloop
  endfacet
  facet normal -0.3216 0.946876 0
    outer loop
      vertex -93.0247 -25.4006 40.3979
      vertex -92.8451 -25.3396 38.0021
      vertex -93.0247 -25.4006 38.0021
    endloop
  endfacet
  facet normal -0.831644 -0.555309 0
    outer loop
      vertex -92.1443 -23.275 38.0021
      vertex -92.2496 -23.1173 40.3979
      vertex -92.2496 -23.1173 38.0021
    endloop
  endfacet
  facet normal -0.831644 -0.555309 0
    outer loop
      vertex -92.2496 -23.1173 40.3979
      vertex -92.1443 -23.275 38.0021
      vertex -92.1443 -23.275 40.3979
    endloop
  endfacet
  facet normal -0.555309 -0.831644 0
    outer loop
      vertex -92.675 -22.7443 38.0021
      vertex -92.5173 -22.8496 40.3979
      vertex -92.675 -22.7443 40.3979
    endloop
  endfacet
  facet normal -0.555309 -0.831644 -0
    outer loop
      vertex -92.5173 -22.8496 40.3979
      vertex -92.675 -22.7443 38.0021
      vertex -92.5173 -22.8496 38.0021
    endloop
  endfacet
  facet normal -0.0653644 0.997861 0
    outer loop
      vertex -93.2107 -25.4376 38.0021
      vertex -93.4 -25.45 40.3979
      vertex -93.2107 -25.4376 40.3979
    endloop
  endfacet
  facet normal -0.0653644 0.997861 0
    outer loop
      vertex -93.4 -25.45 40.3979
      vertex -93.2107 -25.4376 38.0021
      vertex -93.4 -25.45 38.0021
    endloop
  endfacet
  facet normal -0.442356 -0.896839 0
    outer loop
      vertex -92.8451 -22.6604 38.0021
      vertex -92.675 -22.7443 40.3979
      vertex -92.8451 -22.6604 40.3979
    endloop
  endfacet
  facet normal -0.442356 -0.896839 -0
    outer loop
      vertex -92.675 -22.7443 40.3979
      vertex -92.8451 -22.6604 38.0021
      vertex -92.675 -22.7443 38.0021
    endloop
  endfacet
  facet normal -0.997861 0.0653644 0
    outer loop
      vertex -91.9624 -24.1893 38.0021
      vertex -91.95 -24 40.3979
      vertex -91.95 -24 38.0021
    endloop
  endfacet
  facet normal -0.997861 0.0653644 0
    outer loop
      vertex -91.95 -24 40.3979
      vertex -91.9624 -24.1893 38.0021
      vertex -91.9624 -24.1893 40.3979
    endloop
  endfacet
  facet normal -0.195102 0.980783 0
    outer loop
      vertex -93.0247 -25.4006 38.0021
      vertex -93.2107 -25.4376 40.3979
      vertex -93.0247 -25.4006 40.3979
    endloop
  endfacet
  facet normal -0.195102 0.980783 0
    outer loop
      vertex -93.2107 -25.4376 40.3979
      vertex -93.0247 -25.4006 38.0021
      vertex -93.2107 -25.4376 38.0021
    endloop
  endfacet
  facet normal 0.659474 0.751727 -0
    outer loop
      vertex -94.2827 -25.1504 38.0021
      vertex -94.4253 -25.0253 40.3979
      vertex -94.2827 -25.1504 40.3979
    endloop
  endfacet
  facet normal 0.659474 0.751727 0
    outer loop
      vertex -94.4253 -25.0253 40.3979
      vertex -94.2827 -25.1504 38.0021
      vertex -94.4253 -25.0253 38.0021
    endloop
  endfacet
  facet normal 0.0653644 -0.997861 0
    outer loop
      vertex -93.5893 -22.5624 38.0021
      vertex -93.4 -22.55 40.3979
      vertex -93.5893 -22.5624 40.3979
    endloop
  endfacet
  facet normal 0.0653644 -0.997861 0
    outer loop
      vertex -93.4 -22.55 40.3979
      vertex -93.5893 -22.5624 38.0021
      vertex -93.4 -22.55 38.0021
    endloop
  endfacet
  facet normal 0.831644 -0.555309 0
    outer loop
      vertex -94.6557 -23.275 40.3979
      vertex -94.5504 -23.1173 38.0021
      vertex -94.5504 -23.1173 40.3979
    endloop
  endfacet
  facet normal 0.831644 -0.555309 0
    outer loop
      vertex -94.5504 -23.1173 38.0021
      vertex -94.6557 -23.275 40.3979
      vertex -94.6557 -23.275 38.0021
    endloop
  endfacet
  facet normal -0.0653644 -0.997861 0
    outer loop
      vertex -93.4 -22.55 38.0021
      vertex -93.2107 -22.5624 40.3979
      vertex -93.4 -22.55 40.3979
    endloop
  endfacet
  facet normal -0.0653644 -0.997861 -0
    outer loop
      vertex -93.2107 -22.5624 40.3979
      vertex -93.4 -22.55 38.0021
      vertex -93.2107 -22.5624 38.0021
    endloop
  endfacet
  facet normal 0.442356 -0.896839 0
    outer loop
      vertex -94.125 -22.7443 38.0021
      vertex -93.9549 -22.6604 40.3979
      vertex -94.125 -22.7443 40.3979
    endloop
  endfacet
  facet normal 0.442356 -0.896839 0
    outer loop
      vertex -93.9549 -22.6604 40.3979
      vertex -94.125 -22.7443 38.0021
      vertex -93.9549 -22.6604 38.0021
    endloop
  endfacet
  facet normal -0.3216 -0.946876 0
    outer loop
      vertex -93.0247 -22.5994 38.0021
      vertex -92.8451 -22.6604 40.3979
      vertex -93.0247 -22.5994 40.3979
    endloop
  endfacet
  facet normal -0.3216 -0.946876 -0
    outer loop
      vertex -92.8451 -22.6604 40.3979
      vertex -93.0247 -22.5994 38.0021
      vertex -92.8451 -22.6604 38.0021
    endloop
  endfacet
  facet normal 0.751727 0.659474 0
    outer loop
      vertex -94.4253 -25.0253 40.3979
      vertex -94.5504 -24.8827 38.0021
      vertex -94.5504 -24.8827 40.3979
    endloop
  endfacet
  facet normal 0.751727 0.659474 0
    outer loop
      vertex -94.5504 -24.8827 38.0021
      vertex -94.4253 -25.0253 40.3979
      vertex -94.4253 -25.0253 38.0021
    endloop
  endfacet
  facet normal -0.659474 -0.751727 0
    outer loop
      vertex -92.5173 -22.8496 38.0021
      vertex -92.3747 -22.9747 40.3979
      vertex -92.5173 -22.8496 40.3979
    endloop
  endfacet
  facet normal -0.659474 -0.751727 -0
    outer loop
      vertex -92.3747 -22.9747 40.3979
      vertex -92.5173 -22.8496 38.0021
      vertex -92.3747 -22.9747 38.0021
    endloop
  endfacet
  facet normal -0.442356 0.896839 0
    outer loop
      vertex -92.675 -25.2557 38.0021
      vertex -92.8451 -25.3396 40.3979
      vertex -92.675 -25.2557 40.3979
    endloop
  endfacet
  facet normal -0.442356 0.896839 0
    outer loop
      vertex -92.8451 -25.3396 40.3979
      vertex -92.675 -25.2557 38.0021
      vertex -92.8451 -25.3396 38.0021
    endloop
  endfacet
  facet normal 0.980783 -0.195102 0
    outer loop
      vertex -94.8376 -23.8107 40.3979
      vertex -94.8006 -23.6247 38.0021
      vertex -94.8006 -23.6247 40.3979
    endloop
  endfacet
  facet normal 0.980783 -0.195102 0
    outer loop
      vertex -94.8006 -23.6247 38.0021
      vertex -94.8376 -23.8107 40.3979
      vertex -94.8376 -23.8107 38.0021
    endloop
  endfacet
  facet normal 0.896839 -0.442356 0
    outer loop
      vertex -94.7396 -23.4451 40.3979
      vertex -94.6557 -23.275 38.0021
      vertex -94.6557 -23.275 40.3979
    endloop
  endfacet
  facet normal 0.896839 -0.442356 0
    outer loop
      vertex -94.6557 -23.275 38.0021
      vertex -94.7396 -23.4451 40.3979
      vertex -94.7396 -23.4451 38.0021
    endloop
  endfacet
  facet normal 0.0653644 0.997861 -0
    outer loop
      vertex -93.4 -25.45 38.0021
      vertex -93.5893 -25.4376 40.3979
      vertex -93.4 -25.45 40.3979
    endloop
  endfacet
  facet normal 0.0653644 0.997861 0
    outer loop
      vertex -93.5893 -25.4376 40.3979
      vertex -93.4 -25.45 38.0021
      vertex -93.5893 -25.4376 38.0021
    endloop
  endfacet
  facet normal 0.442356 0.896839 -0
    outer loop
      vertex -93.9549 -25.3396 38.0021
      vertex -94.125 -25.2557 40.3979
      vertex -93.9549 -25.3396 40.3979
    endloop
  endfacet
  facet normal 0.442356 0.896839 0
    outer loop
      vertex -94.125 -25.2557 40.3979
      vertex -93.9549 -25.3396 38.0021
      vertex -94.125 -25.2557 38.0021
    endloop
  endfacet
  facet normal 0.980783 0.195102 0
    outer loop
      vertex -94.8006 -24.3753 40.3979
      vertex -94.8376 -24.1893 38.0021
      vertex -94.8376 -24.1893 40.3979
    endloop
  endfacet
  facet normal 0.980783 0.195102 0
    outer loop
      vertex -94.8376 -24.1893 38.0021
      vertex -94.8006 -24.3753 40.3979
      vertex -94.8006 -24.3753 38.0021
    endloop
  endfacet
  facet normal 0.946876 -0.3216 0
    outer loop
      vertex -94.8006 -23.6247 40.3979
      vertex -94.7396 -23.4451 38.0021
      vertex -94.7396 -23.4451 40.3979
    endloop
  endfacet
  facet normal 0.946876 -0.3216 0
    outer loop
      vertex -94.7396 -23.4451 38.0021
      vertex -94.8006 -23.6247 40.3979
      vertex -94.8006 -23.6247 38.0021
    endloop
  endfacet
  facet normal 0.831644 0.555309 0
    outer loop
      vertex -94.5504 -24.8827 40.3979
      vertex -94.6557 -24.725 38.0021
      vertex -94.6557 -24.725 40.3979
    endloop
  endfacet
  facet normal 0.831644 0.555309 0
    outer loop
      vertex -94.6557 -24.725 38.0021
      vertex -94.5504 -24.8827 40.3979
      vertex -94.5504 -24.8827 38.0021
    endloop
  endfacet
  facet normal 0.195102 0.980783 -0
    outer loop
      vertex -93.5893 -25.4376 38.0021
      vertex -93.7753 -25.4006 40.3979
      vertex -93.5893 -25.4376 40.3979
    endloop
  endfacet
  facet normal 0.195102 0.980783 0
    outer loop
      vertex -93.7753 -25.4006 40.3979
      vertex -93.5893 -25.4376 38.0021
      vertex -93.7753 -25.4006 38.0021
    endloop
  endfacet
  facet normal -0.831644 0.555309 0
    outer loop
      vertex -69.4496 -24.8827 38.0021
      vertex -69.3443 -24.725 40.3979
      vertex -69.3443 -24.725 38.0021
    endloop
  endfacet
  facet normal -0.831644 0.555309 0
    outer loop
      vertex -69.3443 -24.725 40.3979
      vertex -69.4496 -24.8827 38.0021
      vertex -69.4496 -24.8827 40.3979
    endloop
  endfacet
  facet normal -0.980783 -0.195102 0
    outer loop
      vertex -69.1624 -23.8107 38.0021
      vertex -69.1994 -23.6247 40.3979
      vertex -69.1994 -23.6247 38.0021
    endloop
  endfacet
  facet normal -0.980783 -0.195102 0
    outer loop
      vertex -69.1994 -23.6247 40.3979
      vertex -69.1624 -23.8107 38.0021
      vertex -69.1624 -23.8107 40.3979
    endloop
  endfacet
  facet normal 0.946876 0.3216 0
    outer loop
      vertex -71.9396 -24.5549 40.3979
      vertex -72.0006 -24.3753 38.0021
      vertex -72.0006 -24.3753 40.3979
    endloop
  endfacet
  facet normal 0.946876 0.3216 0
    outer loop
      vertex -72.0006 -24.3753 38.0021
      vertex -71.9396 -24.5549 40.3979
      vertex -71.9396 -24.5549 38.0021
    endloop
  endfacet
  facet normal -0.831644 -0.555309 0
    outer loop
      vertex -69.3443 -23.275 38.0021
      vertex -69.4496 -23.1173 40.3979
      vertex -69.4496 -23.1173 38.0021
    endloop
  endfacet
  facet normal -0.831644 -0.555309 0
    outer loop
      vertex -69.4496 -23.1173 40.3979
      vertex -69.3443 -23.275 38.0021
      vertex -69.3443 -23.275 40.3979
    endloop
  endfacet
  facet normal 0.555309 -0.831644 0
    outer loop
      vertex -71.4827 -22.8496 38.0021
      vertex -71.325 -22.7443 40.3979
      vertex -71.4827 -22.8496 40.3979
    endloop
  endfacet
  facet normal 0.555309 -0.831644 0
    outer loop
      vertex -71.325 -22.7443 40.3979
      vertex -71.4827 -22.8496 38.0021
      vertex -71.325 -22.7443 38.0021
    endloop
  endfacet
  facet normal -0.195102 -0.980783 0
    outer loop
      vertex -70.4107 -22.5624 38.0021
      vertex -70.2247 -22.5994 40.3979
      vertex -70.4107 -22.5624 40.3979
    endloop
  endfacet
  facet normal -0.195102 -0.980783 -0
    outer loop
      vertex -70.2247 -22.5994 40.3979
      vertex -70.4107 -22.5624 38.0021
      vertex -70.2247 -22.5994 38.0021
    endloop
  endfacet
  facet normal -0.442356 0.896839 0
    outer loop
      vertex -69.875 -25.2557 38.0021
      vertex -70.0451 -25.3396 40.3979
      vertex -69.875 -25.2557 40.3979
    endloop
  endfacet
  facet normal -0.442356 0.896839 0
    outer loop
      vertex -70.0451 -25.3396 40.3979
      vertex -69.875 -25.2557 38.0021
      vertex -70.0451 -25.3396 38.0021
    endloop
  endfacet
  facet normal -0.3216 -0.946876 0
    outer loop
      vertex -70.2247 -22.5994 38.0021
      vertex -70.0451 -22.6604 40.3979
      vertex -70.2247 -22.5994 40.3979
    endloop
  endfacet
  facet normal -0.3216 -0.946876 -0
    outer loop
      vertex -70.0451 -22.6604 40.3979
      vertex -70.2247 -22.5994 38.0021
      vertex -70.0451 -22.6604 38.0021
    endloop
  endfacet
  facet normal 0.997861 -0.0653644 0
    outer loop
      vertex -72.05 -24 40.3979
      vertex -72.0376 -23.8107 38.0021
      vertex -72.0376 -23.8107 40.3979
    endloop
  endfacet
  facet normal 0.997861 -0.0653644 0
    outer loop
      vertex -72.0376 -23.8107 38.0021
      vertex -72.05 -24 40.3979
      vertex -72.05 -24 38.0021
    endloop
  endfacet
  facet normal -0.946876 -0.3216 0
    outer loop
      vertex -69.1994 -23.6247 38.0021
      vertex -69.2604 -23.4451 40.3979
      vertex -69.2604 -23.4451 38.0021
    endloop
  endfacet
  facet normal -0.946876 -0.3216 0
    outer loop
      vertex -69.2604 -23.4451 40.3979
      vertex -69.1994 -23.6247 38.0021
      vertex -69.1994 -23.6247 40.3979
    endloop
  endfacet
  facet normal 0.195102 -0.980783 0
    outer loop
      vertex -70.9753 -22.5994 38.0021
      vertex -70.7893 -22.5624 40.3979
      vertex -70.9753 -22.5994 40.3979
    endloop
  endfacet
  facet normal 0.195102 -0.980783 0
    outer loop
      vertex -70.7893 -22.5624 40.3979
      vertex -70.9753 -22.5994 38.0021
      vertex -70.7893 -22.5624 38.0021
    endloop
  endfacet
  facet normal -0.0653644 -0.997861 0
    outer loop
      vertex -70.6 -22.55 38.0021
      vertex -70.4107 -22.5624 40.3979
      vertex -70.6 -22.55 40.3979
    endloop
  endfacet
  facet normal -0.0653644 -0.997861 -0
    outer loop
      vertex -70.4107 -22.5624 40.3979
      vertex -70.6 -22.55 38.0021
      vertex -70.4107 -22.5624 38.0021
    endloop
  endfacet
  facet normal -0.997861 -0.0653644 0
    outer loop
      vertex -69.15 -24 38.0021
      vertex -69.1624 -23.8107 40.3979
      vertex -69.1624 -23.8107 38.0021
    endloop
  endfacet
  facet normal -0.997861 -0.0653644 0
    outer loop
      vertex -69.1624 -23.8107 40.3979
      vertex -69.15 -24 38.0021
      vertex -69.15 -24 40.3979
    endloop
  endfacet
  facet normal 0.751727 -0.659474 0
    outer loop
      vertex -71.7504 -23.1173 40.3979
      vertex -71.6253 -22.9747 38.0021
      vertex -71.6253 -22.9747 40.3979
    endloop
  endfacet
  facet normal 0.751727 -0.659474 0
    outer loop
      vertex -71.6253 -22.9747 38.0021
      vertex -71.7504 -23.1173 40.3979
      vertex -71.7504 -23.1173 38.0021
    endloop
  endfacet
  facet normal 0.3216 -0.946876 0
    outer loop
      vertex -71.1549 -22.6604 38.0021
      vertex -70.9753 -22.5994 40.3979
      vertex -71.1549 -22.6604 40.3979
    endloop
  endfacet
  facet normal 0.3216 -0.946876 0
    outer loop
      vertex -70.9753 -22.5994 40.3979
      vertex -71.1549 -22.6604 38.0021
      vertex -70.9753 -22.5994 38.0021
    endloop
  endfacet
  facet normal -0.997861 0.0653644 0
    outer loop
      vertex -69.1624 -24.1893 38.0021
      vertex -69.15 -24 40.3979
      vertex -69.15 -24 38.0021
    endloop
  endfacet
  facet normal -0.997861 0.0653644 0
    outer loop
      vertex -69.15 -24 40.3979
      vertex -69.1624 -24.1893 38.0021
      vertex -69.1624 -24.1893 40.3979
    endloop
  endfacet
  facet normal 0.0653644 -0.997861 0
    outer loop
      vertex -70.7893 -22.5624 38.0021
      vertex -70.6 -22.55 40.3979
      vertex -70.7893 -22.5624 40.3979
    endloop
  endfacet
  facet normal 0.0653644 -0.997861 0
    outer loop
      vertex -70.6 -22.55 40.3979
      vertex -70.7893 -22.5624 38.0021
      vertex -70.6 -22.55 38.0021
    endloop
  endfacet
  facet normal -0.751727 -0.659474 0
    outer loop
      vertex -69.4496 -23.1173 38.0021
      vertex -69.5747 -22.9747 40.3979
      vertex -69.5747 -22.9747 38.0021
    endloop
  endfacet
  facet normal -0.751727 -0.659474 0
    outer loop
      vertex -69.5747 -22.9747 40.3979
      vertex -69.4496 -23.1173 38.0021
      vertex -69.4496 -23.1173 40.3979
    endloop
  endfacet
  facet normal 0.997861 0.0653644 0
    outer loop
      vertex -72.0376 -24.1893 40.3979
      vertex -72.05 -24 38.0021
      vertex -72.05 -24 40.3979
    endloop
  endfacet
  facet normal 0.997861 0.0653644 0
    outer loop
      vertex -72.05 -24 38.0021
      vertex -72.0376 -24.1893 40.3979
      vertex -72.0376 -24.1893 38.0021
    endloop
  endfacet
  facet normal 0.946876 -0.3216 0
    outer loop
      vertex -72.0006 -23.6247 40.3979
      vertex -71.9396 -23.4451 38.0021
      vertex -71.9396 -23.4451 40.3979
    endloop
  endfacet
  facet normal 0.946876 -0.3216 0
    outer loop
      vertex -71.9396 -23.4451 38.0021
      vertex -72.0006 -23.6247 40.3979
      vertex -72.0006 -23.6247 38.0021
    endloop
  endfacet
  facet normal -0.3216 0.946876 0
    outer loop
      vertex -70.0451 -25.3396 38.0021
      vertex -70.2247 -25.4006 40.3979
      vertex -70.0451 -25.3396 40.3979
    endloop
  endfacet
  facet normal -0.3216 0.946876 0
    outer loop
      vertex -70.2247 -25.4006 40.3979
      vertex -70.0451 -25.3396 38.0021
      vertex -70.2247 -25.4006 38.0021
    endloop
  endfacet
  facet normal -0.946876 0.3216 0
    outer loop
      vertex -69.2604 -24.5549 38.0021
      vertex -69.1994 -24.3753 40.3979
      vertex -69.1994 -24.3753 38.0021
    endloop
  endfacet
  facet normal -0.946876 0.3216 0
    outer loop
      vertex -69.1994 -24.3753 40.3979
      vertex -69.2604 -24.5549 38.0021
      vertex -69.2604 -24.5549 40.3979
    endloop
  endfacet
  facet normal -0.442356 -0.896839 0
    outer loop
      vertex -70.0451 -22.6604 38.0021
      vertex -69.875 -22.7443 40.3979
      vertex -70.0451 -22.6604 40.3979
    endloop
  endfacet
  facet normal -0.442356 -0.896839 -0
    outer loop
      vertex -69.875 -22.7443 40.3979
      vertex -70.0451 -22.6604 38.0021
      vertex -69.875 -22.7443 38.0021
    endloop
  endfacet
  facet normal 0.831644 -0.555309 0
    outer loop
      vertex -71.8557 -23.275 40.3979
      vertex -71.7504 -23.1173 38.0021
      vertex -71.7504 -23.1173 40.3979
    endloop
  endfacet
  facet normal 0.831644 -0.555309 0
    outer loop
      vertex -71.7504 -23.1173 38.0021
      vertex -71.8557 -23.275 40.3979
      vertex -71.8557 -23.275 38.0021
    endloop
  endfacet
  facet normal 0.3216 0.946876 -0
    outer loop
      vertex -70.9753 -25.4006 38.0021
      vertex -71.1549 -25.3396 40.3979
      vertex -70.9753 -25.4006 40.3979
    endloop
  endfacet
  facet normal 0.3216 0.946876 0
    outer loop
      vertex -71.1549 -25.3396 40.3979
      vertex -70.9753 -25.4006 38.0021
      vertex -71.1549 -25.3396 38.0021
    endloop
  endfacet
  facet normal -0.195102 0.980783 0
    outer loop
      vertex -70.2247 -25.4006 38.0021
      vertex -70.4107 -25.4376 40.3979
      vertex -70.2247 -25.4006 40.3979
    endloop
  endfacet
  facet normal -0.195102 0.980783 0
    outer loop
      vertex -70.4107 -25.4376 40.3979
      vertex -70.2247 -25.4006 38.0021
      vertex -70.4107 -25.4376 38.0021
    endloop
  endfacet
  facet normal 0.896839 -0.442356 0
    outer loop
      vertex -71.9396 -23.4451 40.3979
      vertex -71.8557 -23.275 38.0021
      vertex -71.8557 -23.275 40.3979
    endloop
  endfacet
  facet normal 0.896839 -0.442356 0
    outer loop
      vertex -71.8557 -23.275 38.0021
      vertex -71.9396 -23.4451 40.3979
      vertex -71.9396 -23.4451 38.0021
    endloop
  endfacet
  facet normal 0.659474 -0.751727 0
    outer loop
      vertex -71.6253 -22.9747 38.0021
      vertex -71.4827 -22.8496 40.3979
      vertex -71.6253 -22.9747 40.3979
    endloop
  endfacet
  facet normal 0.659474 -0.751727 0
    outer loop
      vertex -71.4827 -22.8496 40.3979
      vertex -71.6253 -22.9747 38.0021
      vertex -71.4827 -22.8496 38.0021
    endloop
  endfacet
  facet normal -0.896839 -0.442356 0
    outer loop
      vertex -69.2604 -23.4451 38.0021
      vertex -69.3443 -23.275 40.3979
      vertex -69.3443 -23.275 38.0021
    endloop
  endfacet
  facet normal -0.896839 -0.442356 0
    outer loop
      vertex -69.3443 -23.275 40.3979
      vertex -69.2604 -23.4451 38.0021
      vertex -69.2604 -23.4451 40.3979
    endloop
  endfacet
  facet normal 0.442356 -0.896839 0
    outer loop
      vertex -71.325 -22.7443 38.0021
      vertex -71.1549 -22.6604 40.3979
      vertex -71.325 -22.7443 40.3979
    endloop
  endfacet
  facet normal 0.442356 -0.896839 0
    outer loop
      vertex -71.1549 -22.6604 40.3979
      vertex -71.325 -22.7443 38.0021
      vertex -71.1549 -22.6604 38.0021
    endloop
  endfacet
  facet normal -0.659474 0.751727 0
    outer loop
      vertex -69.5747 -25.0253 38.0021
      vertex -69.7173 -25.1504 40.3979
      vertex -69.5747 -25.0253 40.3979
    endloop
  endfacet
  facet normal -0.659474 0.751727 0
    outer loop
      vertex -69.7173 -25.1504 40.3979
      vertex -69.5747 -25.0253 38.0021
      vertex -69.7173 -25.1504 38.0021
    endloop
  endfacet
  facet normal 0.896839 0.442356 0
    outer loop
      vertex -71.8557 -24.725 40.3979
      vertex -71.9396 -24.5549 38.0021
      vertex -71.9396 -24.5549 40.3979
    endloop
  endfacet
  facet normal 0.896839 0.442356 0
    outer loop
      vertex -71.9396 -24.5549 38.0021
      vertex -71.8557 -24.725 40.3979
      vertex -71.8557 -24.725 38.0021
    endloop
  endfacet
  facet normal -0.896839 0.442356 0
    outer loop
      vertex -69.3443 -24.725 38.0021
      vertex -69.2604 -24.5549 40.3979
      vertex -69.2604 -24.5549 38.0021
    endloop
  endfacet
  facet normal -0.896839 0.442356 0
    outer loop
      vertex -69.2604 -24.5549 40.3979
      vertex -69.3443 -24.725 38.0021
      vertex -69.3443 -24.725 40.3979
    endloop
  endfacet
  facet normal -0.751727 0.659474 0
    outer loop
      vertex -69.5747 -25.0253 38.0021
      vertex -69.4496 -24.8827 40.3979
      vertex -69.4496 -24.8827 38.0021
    endloop
  endfacet
  facet normal -0.751727 0.659474 0
    outer loop
      vertex -69.4496 -24.8827 40.3979
      vertex -69.5747 -25.0253 38.0021
      vertex -69.5747 -25.0253 40.3979
    endloop
  endfacet
  facet normal -0.555309 -0.831644 0
    outer loop
      vertex -69.875 -22.7443 38.0021
      vertex -69.7173 -22.8496 40.3979
      vertex -69.875 -22.7443 40.3979
    endloop
  endfacet
  facet normal -0.555309 -0.831644 -0
    outer loop
      vertex -69.7173 -22.8496 40.3979
      vertex -69.875 -22.7443 38.0021
      vertex -69.7173 -22.8496 38.0021
    endloop
  endfacet
  facet normal -0.0653644 0.997861 0
    outer loop
      vertex -70.4107 -25.4376 38.0021
      vertex -70.6 -25.45 40.3979
      vertex -70.4107 -25.4376 40.3979
    endloop
  endfacet
  facet normal -0.0653644 0.997861 0
    outer loop
      vertex -70.6 -25.45 40.3979
      vertex -70.4107 -25.4376 38.0021
      vertex -70.6 -25.45 38.0021
    endloop
  endfacet
  facet normal -0.980783 0.195102 0
    outer loop
      vertex -69.1994 -24.3753 38.0021
      vertex -69.1624 -24.1893 40.3979
      vertex -69.1624 -24.1893 38.0021
    endloop
  endfacet
  facet normal -0.980783 0.195102 0
    outer loop
      vertex -69.1624 -24.1893 40.3979
      vertex -69.1994 -24.3753 38.0021
      vertex -69.1994 -24.3753 40.3979
    endloop
  endfacet
  facet normal -0.555309 0.831644 0
    outer loop
      vertex -69.7173 -25.1504 38.0021
      vertex -69.875 -25.2557 40.3979
      vertex -69.7173 -25.1504 40.3979
    endloop
  endfacet
  facet normal -0.555309 0.831644 0
    outer loop
      vertex -69.875 -25.2557 40.3979
      vertex -69.7173 -25.1504 38.0021
      vertex -69.875 -25.2557 38.0021
    endloop
  endfacet
  facet normal -0.659474 -0.751727 0
    outer loop
      vertex -69.7173 -22.8496 38.0021
      vertex -69.5747 -22.9747 40.3979
      vertex -69.7173 -22.8496 40.3979
    endloop
  endfacet
  facet normal -0.659474 -0.751727 -0
    outer loop
      vertex -69.5747 -22.9747 40.3979
      vertex -69.7173 -22.8496 38.0021
      vertex -69.5747 -22.9747 38.0021
    endloop
  endfacet
  facet normal 0.659474 0.751727 -0
    outer loop
      vertex -71.4827 -25.1504 38.0021
      vertex -71.6253 -25.0253 40.3979
      vertex -71.4827 -25.1504 40.3979
    endloop
  endfacet
  facet normal 0.659474 0.751727 0
    outer loop
      vertex -71.6253 -25.0253 40.3979
      vertex -71.4827 -25.1504 38.0021
      vertex -71.6253 -25.0253 38.0021
    endloop
  endfacet
  facet normal 0.980783 -0.195102 0
    outer loop
      vertex -72.0376 -23.8107 40.3979
      vertex -72.0006 -23.6247 38.0021
      vertex -72.0006 -23.6247 40.3979
    endloop
  endfacet
  facet normal 0.980783 -0.195102 0
    outer loop
      vertex -72.0006 -23.6247 38.0021
      vertex -72.0376 -23.8107 40.3979
      vertex -72.0376 -23.8107 38.0021
    endloop
  endfacet
  facet normal 0.751727 0.659474 0
    outer loop
      vertex -71.6253 -25.0253 40.3979
      vertex -71.7504 -24.8827 38.0021
      vertex -71.7504 -24.8827 40.3979
    endloop
  endfacet
  facet normal 0.751727 0.659474 0
    outer loop
      vertex -71.7504 -24.8827 38.0021
      vertex -71.6253 -25.0253 40.3979
      vertex -71.6253 -25.0253 38.0021
    endloop
  endfacet
  facet normal 0.831644 0.555309 0
    outer loop
      vertex -71.7504 -24.8827 40.3979
      vertex -71.8557 -24.725 38.0021
      vertex -71.8557 -24.725 40.3979
    endloop
  endfacet
  facet normal 0.831644 0.555309 0
    outer loop
      vertex -71.8557 -24.725 38.0021
      vertex -71.7504 -24.8827 40.3979
      vertex -71.7504 -24.8827 38.0021
    endloop
  endfacet
  facet normal 0.980783 0.195102 0
    outer loop
      vertex -72.0006 -24.3753 40.3979
      vertex -72.0376 -24.1893 38.0021
      vertex -72.0376 -24.1893 40.3979
    endloop
  endfacet
  facet normal 0.980783 0.195102 0
    outer loop
      vertex -72.0376 -24.1893 38.0021
      vertex -72.0006 -24.3753 40.3979
      vertex -72.0006 -24.3753 38.0021
    endloop
  endfacet
  facet normal 0.195102 0.980783 -0
    outer loop
      vertex -70.7893 -25.4376 38.0021
      vertex -70.9753 -25.4006 40.3979
      vertex -70.7893 -25.4376 40.3979
    endloop
  endfacet
  facet normal 0.195102 0.980783 0
    outer loop
      vertex -70.9753 -25.4006 40.3979
      vertex -70.7893 -25.4376 38.0021
      vertex -70.9753 -25.4006 38.0021
    endloop
  endfacet
  facet normal 0.0653644 0.997861 -0
    outer loop
      vertex -70.6 -25.45 38.0021
      vertex -70.7893 -25.4376 40.3979
      vertex -70.6 -25.45 40.3979
    endloop
  endfacet
  facet normal 0.0653644 0.997861 0
    outer loop
      vertex -70.7893 -25.4376 40.3979
      vertex -70.6 -25.45 38.0021
      vertex -70.7893 -25.4376 38.0021
    endloop
  endfacet
  facet normal 0.442356 0.896839 -0
    outer loop
      vertex -71.1549 -25.3396 38.0021
      vertex -71.325 -25.2557 40.3979
      vertex -71.1549 -25.3396 40.3979
    endloop
  endfacet
  facet normal 0.442356 0.896839 0
    outer loop
      vertex -71.325 -25.2557 40.3979
      vertex -71.1549 -25.3396 38.0021
      vertex -71.325 -25.2557 38.0021
    endloop
  endfacet
  facet normal 0.555309 0.831644 -0
    outer loop
      vertex -71.325 -25.2557 38.0021
      vertex -71.4827 -25.1504 40.3979
      vertex -71.325 -25.2557 40.3979
    endloop
  endfacet
  facet normal 0.555309 0.831644 0
    outer loop
      vertex -71.4827 -25.1504 40.3979
      vertex -71.325 -25.2557 38.0021
      vertex -71.4827 -25.1504 38.0021
    endloop
  endfacet
  facet normal 0.896839 0.442356 0
    outer loop
      vertex -94.6557 28.675 40.3979
      vertex -94.7396 28.8451 38.0021
      vertex -94.7396 28.8451 40.3979
    endloop
  endfacet
  facet normal 0.896839 0.442356 0
    outer loop
      vertex -94.7396 28.8451 38.0021
      vertex -94.6557 28.675 40.3979
      vertex -94.6557 28.675 38.0021
    endloop
  endfacet
  facet normal -0.3216 -0.946876 0
    outer loop
      vertex -93.0247 30.8006 38.0021
      vertex -92.8451 30.7396 40.3979
      vertex -93.0247 30.8006 40.3979
    endloop
  endfacet
  facet normal -0.3216 -0.946876 -0
    outer loop
      vertex -92.8451 30.7396 40.3979
      vertex -93.0247 30.8006 38.0021
      vertex -92.8451 30.7396 38.0021
    endloop
  endfacet
  facet normal -0.3216 0.946876 0
    outer loop
      vertex -92.8451 28.0604 38.0021
      vertex -93.0247 27.9994 40.3979
      vertex -92.8451 28.0604 40.3979
    endloop
  endfacet
  facet normal -0.3216 0.946876 0
    outer loop
      vertex -93.0247 27.9994 40.3979
      vertex -92.8451 28.0604 38.0021
      vertex -93.0247 27.9994 38.0021
    endloop
  endfacet
  facet normal 0.997861 -0.0653644 0
    outer loop
      vertex -94.85 29.4 40.3979
      vertex -94.8376 29.5893 38.0021
      vertex -94.8376 29.5893 40.3979
    endloop
  endfacet
  facet normal 0.997861 -0.0653644 0
    outer loop
      vertex -94.8376 29.5893 38.0021
      vertex -94.85 29.4 40.3979
      vertex -94.85 29.4 38.0021
    endloop
  endfacet
  facet normal -0.896839 0.442356 0
    outer loop
      vertex -92.1443 28.675 38.0021
      vertex -92.0604 28.8451 40.3979
      vertex -92.0604 28.8451 38.0021
    endloop
  endfacet
  facet normal -0.896839 0.442356 0
    outer loop
      vertex -92.0604 28.8451 40.3979
      vertex -92.1443 28.675 38.0021
      vertex -92.1443 28.675 40.3979
    endloop
  endfacet
  facet normal -0.0653644 0.997861 0
    outer loop
      vertex -93.2107 27.9624 38.0021
      vertex -93.4 27.95 40.3979
      vertex -93.2107 27.9624 40.3979
    endloop
  endfacet
  facet normal -0.0653644 0.997861 0
    outer loop
      vertex -93.4 27.95 40.3979
      vertex -93.2107 27.9624 38.0021
      vertex -93.4 27.95 38.0021
    endloop
  endfacet
  facet normal 0.980783 -0.195102 0
    outer loop
      vertex -94.8376 29.5893 40.3979
      vertex -94.8006 29.7753 38.0021
      vertex -94.8006 29.7753 40.3979
    endloop
  endfacet
  facet normal 0.980783 -0.195102 0
    outer loop
      vertex -94.8006 29.7753 38.0021
      vertex -94.8376 29.5893 40.3979
      vertex -94.8376 29.5893 38.0021
    endloop
  endfacet
  facet normal -0.831644 -0.555309 0
    outer loop
      vertex -92.1443 30.125 38.0021
      vertex -92.2496 30.2827 40.3979
      vertex -92.2496 30.2827 38.0021
    endloop
  endfacet
  facet normal -0.831644 -0.555309 0
    outer loop
      vertex -92.2496 30.2827 40.3979
      vertex -92.1443 30.125 38.0021
      vertex -92.1443 30.125 40.3979
    endloop
  endfacet
  facet normal 0.946876 -0.3216 0
    outer loop
      vertex -94.8006 29.7753 40.3979
      vertex -94.7396 29.9549 38.0021
      vertex -94.7396 29.9549 40.3979
    endloop
  endfacet
  facet normal 0.946876 -0.3216 0
    outer loop
      vertex -94.7396 29.9549 38.0021
      vertex -94.8006 29.7753 40.3979
      vertex -94.8006 29.7753 38.0021
    endloop
  endfacet
  facet normal -0.659474 0.751727 0
    outer loop
      vertex -92.3747 28.3747 38.0021
      vertex -92.5173 28.2496 40.3979
      vertex -92.3747 28.3747 40.3979
    endloop
  endfacet
  facet normal -0.659474 0.751727 0
    outer loop
      vertex -92.5173 28.2496 40.3979
      vertex -92.3747 28.3747 38.0021
      vertex -92.5173 28.2496 38.0021
    endloop
  endfacet
  facet normal -0.442356 -0.896839 0
    outer loop
      vertex -92.8451 30.7396 38.0021
      vertex -92.675 30.6557 40.3979
      vertex -92.8451 30.7396 40.3979
    endloop
  endfacet
  facet normal -0.442356 -0.896839 -0
    outer loop
      vertex -92.675 30.6557 40.3979
      vertex -92.8451 30.7396 38.0021
      vertex -92.675 30.6557 38.0021
    endloop
  endfacet
  facet normal 0.946876 0.3216 0
    outer loop
      vertex -94.7396 28.8451 40.3979
      vertex -94.8006 29.0247 38.0021
      vertex -94.8006 29.0247 40.3979
    endloop
  endfacet
  facet normal 0.946876 0.3216 0
    outer loop
      vertex -94.8006 29.0247 38.0021
      vertex -94.7396 28.8451 40.3979
      vertex -94.7396 28.8451 38.0021
    endloop
  endfacet
  facet normal 0.195102 -0.980783 0
    outer loop
      vertex -93.7753 30.8006 38.0021
      vertex -93.5893 30.8376 40.3979
      vertex -93.7753 30.8006 40.3979
    endloop
  endfacet
  facet normal 0.195102 -0.980783 0
    outer loop
      vertex -93.5893 30.8376 40.3979
      vertex -93.7753 30.8006 38.0021
      vertex -93.5893 30.8376 38.0021
    endloop
  endfacet
  facet normal -0.980783 -0.195102 0
    outer loop
      vertex -91.9624 29.5893 38.0021
      vertex -91.9994 29.7753 40.3979
      vertex -91.9994 29.7753 38.0021
    endloop
  endfacet
  facet normal -0.980783 -0.195102 0
    outer loop
      vertex -91.9994 29.7753 40.3979
      vertex -91.9624 29.5893 38.0021
      vertex -91.9624 29.5893 40.3979
    endloop
  endfacet
  facet normal 0.0653644 0.997861 -0
    outer loop
      vertex -93.4 27.95 38.0021
      vertex -93.5893 27.9624 40.3979
      vertex -93.4 27.95 40.3979
    endloop
  endfacet
  facet normal 0.0653644 0.997861 0
    outer loop
      vertex -93.5893 27.9624 40.3979
      vertex -93.4 27.95 38.0021
      vertex -93.5893 27.9624 38.0021
    endloop
  endfacet
  facet normal 0.659474 -0.751727 0
    outer loop
      vertex -94.4253 30.4253 38.0021
      vertex -94.2827 30.5504 40.3979
      vertex -94.4253 30.4253 40.3979
    endloop
  endfacet
  facet normal 0.659474 -0.751727 0
    outer loop
      vertex -94.2827 30.5504 40.3979
      vertex -94.4253 30.4253 38.0021
      vertex -94.2827 30.5504 38.0021
    endloop
  endfacet
  facet normal -0.555309 -0.831644 0
    outer loop
      vertex -92.675 30.6557 38.0021
      vertex -92.5173 30.5504 40.3979
      vertex -92.675 30.6557 40.3979
    endloop
  endfacet
  facet normal -0.555309 -0.831644 -0
    outer loop
      vertex -92.5173 30.5504 40.3979
      vertex -92.675 30.6557 38.0021
      vertex -92.5173 30.5504 38.0021
    endloop
  endfacet
  facet normal -0.946876 -0.3216 0
    outer loop
      vertex -91.9994 29.7753 38.0021
      vertex -92.0604 29.9549 40.3979
      vertex -92.0604 29.9549 38.0021
    endloop
  endfacet
  facet normal -0.946876 -0.3216 0
    outer loop
      vertex -92.0604 29.9549 40.3979
      vertex -91.9994 29.7753 38.0021
      vertex -91.9994 29.7753 40.3979
    endloop
  endfacet
  facet normal -0.751727 0.659474 0
    outer loop
      vertex -92.3747 28.3747 38.0021
      vertex -92.2496 28.5173 40.3979
      vertex -92.2496 28.5173 38.0021
    endloop
  endfacet
  facet normal -0.751727 0.659474 0
    outer loop
      vertex -92.2496 28.5173 40.3979
      vertex -92.3747 28.3747 38.0021
      vertex -92.3747 28.3747 40.3979
    endloop
  endfacet
  facet normal -0.997861 -0.0653644 0
    outer loop
      vertex -91.95 29.4 38.0021
      vertex -91.9624 29.5893 40.3979
      vertex -91.9624 29.5893 38.0021
    endloop
  endfacet
  facet normal -0.997861 -0.0653644 0
    outer loop
      vertex -91.9624 29.5893 40.3979
      vertex -91.95 29.4 38.0021
      vertex -91.95 29.4 40.3979
    endloop
  endfacet
  facet normal -0.0653644 -0.997861 0
    outer loop
      vertex -93.4 30.85 38.0021
      vertex -93.2107 30.8376 40.3979
      vertex -93.4 30.85 40.3979
    endloop
  endfacet
  facet normal -0.0653644 -0.997861 -0
    outer loop
      vertex -93.2107 30.8376 40.3979
      vertex -93.4 30.85 38.0021
      vertex -93.2107 30.8376 38.0021
    endloop
  endfacet
  facet normal -0.751727 -0.659474 0
    outer loop
      vertex -92.2496 30.2827 38.0021
      vertex -92.3747 30.4253 40.3979
      vertex -92.3747 30.4253 38.0021
    endloop
  endfacet
  facet normal -0.751727 -0.659474 0
    outer loop
      vertex -92.3747 30.4253 40.3979
      vertex -92.2496 30.2827 38.0021
      vertex -92.2496 30.2827 40.3979
    endloop
  endfacet
  facet normal -0.195102 -0.980783 0
    outer loop
      vertex -93.2107 30.8376 38.0021
      vertex -93.0247 30.8006 40.3979
      vertex -93.2107 30.8376 40.3979
    endloop
  endfacet
  facet normal -0.195102 -0.980783 -0
    outer loop
      vertex -93.0247 30.8006 40.3979
      vertex -93.2107 30.8376 38.0021
      vertex -93.0247 30.8006 38.0021
    endloop
  endfacet
  facet normal -0.659474 -0.751727 0
    outer loop
      vertex -92.5173 30.5504 38.0021
      vertex -92.3747 30.4253 40.3979
      vertex -92.5173 30.5504 40.3979
    endloop
  endfacet
  facet normal -0.659474 -0.751727 -0
    outer loop
      vertex -92.3747 30.4253 40.3979
      vertex -92.5173 30.5504 38.0021
      vertex -92.3747 30.4253 38.0021
    endloop
  endfacet
  facet normal -0.997861 0.0653644 0
    outer loop
      vertex -91.9624 29.2107 38.0021
      vertex -91.95 29.4 40.3979
      vertex -91.95 29.4 38.0021
    endloop
  endfacet
  facet normal -0.997861 0.0653644 0
    outer loop
      vertex -91.95 29.4 40.3979
      vertex -91.9624 29.2107 38.0021
      vertex -91.9624 29.2107 40.3979
    endloop
  endfacet
  facet normal 0.997861 0.0653644 0
    outer loop
      vertex -94.8376 29.2107 40.3979
      vertex -94.85 29.4 38.0021
      vertex -94.85 29.4 40.3979
    endloop
  endfacet
  facet normal 0.997861 0.0653644 0
    outer loop
      vertex -94.85 29.4 38.0021
      vertex -94.8376 29.2107 40.3979
      vertex -94.8376 29.2107 38.0021
    endloop
  endfacet
  facet normal -0.980783 0.195102 0
    outer loop
      vertex -91.9994 29.0247 38.0021
      vertex -91.9624 29.2107 40.3979
      vertex -91.9624 29.2107 38.0021
    endloop
  endfacet
  facet normal -0.980783 0.195102 0
    outer loop
      vertex -91.9624 29.2107 40.3979
      vertex -91.9994 29.0247 38.0021
      vertex -91.9994 29.0247 40.3979
    endloop
  endfacet
  facet normal 0.831644 -0.555309 0
    outer loop
      vertex -94.6557 30.125 40.3979
      vertex -94.5504 30.2827 38.0021
      vertex -94.5504 30.2827 40.3979
    endloop
  endfacet
  facet normal 0.831644 -0.555309 0
    outer loop
      vertex -94.5504 30.2827 38.0021
      vertex -94.6557 30.125 40.3979
      vertex -94.6557 30.125 38.0021
    endloop
  endfacet
  facet normal -0.442356 0.896839 0
    outer loop
      vertex -92.675 28.1443 38.0021
      vertex -92.8451 28.0604 40.3979
      vertex -92.675 28.1443 40.3979
    endloop
  endfacet
  facet normal -0.442356 0.896839 0
    outer loop
      vertex -92.8451 28.0604 40.3979
      vertex -92.675 28.1443 38.0021
      vertex -92.8451 28.0604 38.0021
    endloop
  endfacet
  facet normal 0.3216 0.946876 -0
    outer loop
      vertex -93.7753 27.9994 38.0021
      vertex -93.9549 28.0604 40.3979
      vertex -93.7753 27.9994 40.3979
    endloop
  endfacet
  facet normal 0.3216 0.946876 0
    outer loop
      vertex -93.9549 28.0604 40.3979
      vertex -93.7753 27.9994 38.0021
      vertex -93.9549 28.0604 38.0021
    endloop
  endfacet
  facet normal -0.831644 0.555309 0
    outer loop
      vertex -92.2496 28.5173 38.0021
      vertex -92.1443 28.675 40.3979
      vertex -92.1443 28.675 38.0021
    endloop
  endfacet
  facet normal -0.831644 0.555309 0
    outer loop
      vertex -92.1443 28.675 40.3979
      vertex -92.2496 28.5173 38.0021
      vertex -92.2496 28.5173 40.3979
    endloop
  endfacet
  facet normal 0.442356 -0.896839 0
    outer loop
      vertex -94.125 30.6557 38.0021
      vertex -93.9549 30.7396 40.3979
      vertex -94.125 30.6557 40.3979
    endloop
  endfacet
  facet normal 0.442356 -0.896839 0
    outer loop
      vertex -93.9549 30.7396 40.3979
      vertex -94.125 30.6557 38.0021
      vertex -93.9549 30.7396 38.0021
    endloop
  endfacet
  facet normal 0.831644 0.555309 0
    outer loop
      vertex -94.5504 28.5173 40.3979
      vertex -94.6557 28.675 38.0021
      vertex -94.6557 28.675 40.3979
    endloop
  endfacet
  facet normal 0.831644 0.555309 0
    outer loop
      vertex -94.6557 28.675 38.0021
      vertex -94.5504 28.5173 40.3979
      vertex -94.5504 28.5173 38.0021
    endloop
  endfacet
  facet normal 0.3216 -0.946876 0
    outer loop
      vertex -93.9549 30.7396 38.0021
      vertex -93.7753 30.8006 40.3979
      vertex -93.9549 30.7396 40.3979
    endloop
  endfacet
  facet normal 0.3216 -0.946876 0
    outer loop
      vertex -93.7753 30.8006 40.3979
      vertex -93.9549 30.7396 38.0021
      vertex -93.7753 30.8006 38.0021
    endloop
  endfacet
  facet normal 0.0653644 -0.997861 0
    outer loop
      vertex -93.5893 30.8376 38.0021
      vertex -93.4 30.85 40.3979
      vertex -93.5893 30.8376 40.3979
    endloop
  endfacet
  facet normal 0.0653644 -0.997861 0
    outer loop
      vertex -93.4 30.85 40.3979
      vertex -93.5893 30.8376 38.0021
      vertex -93.4 30.85 38.0021
    endloop
  endfacet
  facet normal -0.195102 0.980783 0
    outer loop
      vertex -93.0247 27.9994 38.0021
      vertex -93.2107 27.9624 40.3979
      vertex -93.0247 27.9994 40.3979
    endloop
  endfacet
  facet normal -0.195102 0.980783 0
    outer loop
      vertex -93.2107 27.9624 40.3979
      vertex -93.0247 27.9994 38.0021
      vertex -93.2107 27.9624 38.0021
    endloop
  endfacet
  facet normal 0.980783 0.195102 0
    outer loop
      vertex -94.8006 29.0247 40.3979
      vertex -94.8376 29.2107 38.0021
      vertex -94.8376 29.2107 40.3979
    endloop
  endfacet
  facet normal 0.980783 0.195102 0
    outer loop
      vertex -94.8376 29.2107 38.0021
      vertex -94.8006 29.0247 40.3979
      vertex -94.8006 29.0247 38.0021
    endloop
  endfacet
  facet normal 0.442356 0.896839 -0
    outer loop
      vertex -93.9549 28.0604 38.0021
      vertex -94.125 28.1443 40.3979
      vertex -93.9549 28.0604 40.3979
    endloop
  endfacet
  facet normal 0.442356 0.896839 0
    outer loop
      vertex -94.125 28.1443 40.3979
      vertex -93.9549 28.0604 38.0021
      vertex -94.125 28.1443 38.0021
    endloop
  endfacet
  facet normal 0.195102 0.980783 -0
    outer loop
      vertex -93.5893 27.9624 38.0021
      vertex -93.7753 27.9994 40.3979
      vertex -93.5893 27.9624 40.3979
    endloop
  endfacet
  facet normal 0.195102 0.980783 0
    outer loop
      vertex -93.7753 27.9994 40.3979
      vertex -93.5893 27.9624 38.0021
      vertex -93.7753 27.9994 38.0021
    endloop
  endfacet
  facet normal -0.896839 -0.442356 0
    outer loop
      vertex -92.0604 29.9549 38.0021
      vertex -92.1443 30.125 40.3979
      vertex -92.1443 30.125 38.0021
    endloop
  endfacet
  facet normal -0.896839 -0.442356 0
    outer loop
      vertex -92.1443 30.125 40.3979
      vertex -92.0604 29.9549 38.0021
      vertex -92.0604 29.9549 40.3979
    endloop
  endfacet
  facet normal -0.555309 0.831644 0
    outer loop
      vertex -92.5173 28.2496 38.0021
      vertex -92.675 28.1443 40.3979
      vertex -92.5173 28.2496 40.3979
    endloop
  endfacet
  facet normal -0.555309 0.831644 0
    outer loop
      vertex -92.675 28.1443 40.3979
      vertex -92.5173 28.2496 38.0021
      vertex -92.675 28.1443 38.0021
    endloop
  endfacet
  facet normal 0.751727 -0.659474 0
    outer loop
      vertex -94.5504 30.2827 40.3979
      vertex -94.4253 30.4253 38.0021
      vertex -94.4253 30.4253 40.3979
    endloop
  endfacet
  facet normal 0.751727 -0.659474 0
    outer loop
      vertex -94.4253 30.4253 38.0021
      vertex -94.5504 30.2827 40.3979
      vertex -94.5504 30.2827 38.0021
    endloop
  endfacet
  facet normal 0.896839 -0.442356 0
    outer loop
      vertex -94.7396 29.9549 40.3979
      vertex -94.6557 30.125 38.0021
      vertex -94.6557 30.125 40.3979
    endloop
  endfacet
  facet normal 0.896839 -0.442356 0
    outer loop
      vertex -94.6557 30.125 38.0021
      vertex -94.7396 29.9549 40.3979
      vertex -94.7396 29.9549 38.0021
    endloop
  endfacet
  facet normal 0.555309 -0.831644 0
    outer loop
      vertex -94.2827 30.5504 38.0021
      vertex -94.125 30.6557 40.3979
      vertex -94.2827 30.5504 40.3979
    endloop
  endfacet
  facet normal 0.555309 -0.831644 0
    outer loop
      vertex -94.125 30.6557 40.3979
      vertex -94.2827 30.5504 38.0021
      vertex -94.125 30.6557 38.0021
    endloop
  endfacet
  facet normal -0.946876 0.3216 0
    outer loop
      vertex -92.0604 28.8451 38.0021
      vertex -91.9994 29.0247 40.3979
      vertex -91.9994 29.0247 38.0021
    endloop
  endfacet
  facet normal -0.946876 0.3216 0
    outer loop
      vertex -91.9994 29.0247 40.3979
      vertex -92.0604 28.8451 38.0021
      vertex -92.0604 28.8451 40.3979
    endloop
  endfacet
  facet normal 0.751727 0.659474 0
    outer loop
      vertex -94.4253 28.3747 40.3979
      vertex -94.5504 28.5173 38.0021
      vertex -94.5504 28.5173 40.3979
    endloop
  endfacet
  facet normal 0.751727 0.659474 0
    outer loop
      vertex -94.5504 28.5173 38.0021
      vertex -94.4253 28.3747 40.3979
      vertex -94.4253 28.3747 38.0021
    endloop
  endfacet
  facet normal 0.555309 0.831644 -0
    outer loop
      vertex -94.125 28.1443 38.0021
      vertex -94.2827 28.2496 40.3979
      vertex -94.125 28.1443 40.3979
    endloop
  endfacet
  facet normal 0.555309 0.831644 0
    outer loop
      vertex -94.2827 28.2496 40.3979
      vertex -94.125 28.1443 38.0021
      vertex -94.2827 28.2496 38.0021
    endloop
  endfacet
  facet normal 0.659474 0.751727 -0
    outer loop
      vertex -94.2827 28.2496 38.0021
      vertex -94.4253 28.3747 40.3979
      vertex -94.2827 28.2496 40.3979
    endloop
  endfacet
  facet normal 0.659474 0.751727 0
    outer loop
      vertex -94.4253 28.3747 40.3979
      vertex -94.2827 28.2496 38.0021
      vertex -94.4253 28.3747 38.0021
    endloop
  endfacet
  facet normal 0.896839 0.442356 0
    outer loop
      vertex -71.8557 28.675 40.3979
      vertex -71.9396 28.8451 38.0021
      vertex -71.9396 28.8451 40.3979
    endloop
  endfacet
  facet normal 0.896839 0.442356 0
    outer loop
      vertex -71.9396 28.8451 38.0021
      vertex -71.8557 28.675 40.3979
      vertex -71.8557 28.675 38.0021
    endloop
  endfacet
  facet normal -0.980783 -0.195102 0
    outer loop
      vertex -69.1624 29.5893 38.0021
      vertex -69.1994 29.7753 40.3979
      vertex -69.1994 29.7753 38.0021
    endloop
  endfacet
  facet normal -0.980783 -0.195102 0
    outer loop
      vertex -69.1994 29.7753 40.3979
      vertex -69.1624 29.5893 38.0021
      vertex -69.1624 29.5893 40.3979
    endloop
  endfacet
  facet normal -0.997861 -0.0653644 0
    outer loop
      vertex -69.15 29.4 38.0021
      vertex -69.1624 29.5893 40.3979
      vertex -69.1624 29.5893 38.0021
    endloop
  endfacet
  facet normal -0.997861 -0.0653644 0
    outer loop
      vertex -69.1624 29.5893 40.3979
      vertex -69.15 29.4 38.0021
      vertex -69.15 29.4 40.3979
    endloop
  endfacet
  facet normal -0.946876 -0.3216 0
    outer loop
      vertex -69.1994 29.7753 38.0021
      vertex -69.2604 29.9549 40.3979
      vertex -69.2604 29.9549 38.0021
    endloop
  endfacet
  facet normal -0.946876 -0.3216 0
    outer loop
      vertex -69.2604 29.9549 40.3979
      vertex -69.1994 29.7753 38.0021
      vertex -69.1994 29.7753 40.3979
    endloop
  endfacet
  facet normal 0.896839 -0.442356 0
    outer loop
      vertex -71.9396 29.9549 40.3979
      vertex -71.8557 30.125 38.0021
      vertex -71.8557 30.125 40.3979
    endloop
  endfacet
  facet normal 0.896839 -0.442356 0
    outer loop
      vertex -71.8557 30.125 38.0021
      vertex -71.9396 29.9549 40.3979
      vertex -71.9396 29.9549 38.0021
    endloop
  endfacet
  facet normal -0.3216 -0.946876 0
    outer loop
      vertex -70.2247 30.8006 38.0021
      vertex -70.0451 30.7396 40.3979
      vertex -70.2247 30.8006 40.3979
    endloop
  endfacet
  facet normal -0.3216 -0.946876 -0
    outer loop
      vertex -70.0451 30.7396 40.3979
      vertex -70.2247 30.8006 38.0021
      vertex -70.0451 30.7396 38.0021
    endloop
  endfacet
  facet normal 0.980783 -0.195102 0
    outer loop
      vertex -72.0376 29.5893 40.3979
      vertex -72.0006 29.7753 38.0021
      vertex -72.0006 29.7753 40.3979
    endloop
  endfacet
  facet normal 0.980783 -0.195102 0
    outer loop
      vertex -72.0006 29.7753 38.0021
      vertex -72.0376 29.5893 40.3979
      vertex -72.0376 29.5893 38.0021
    endloop
  endfacet
  facet normal -0.997861 0.0653644 0
    outer loop
      vertex -69.1624 29.2107 38.0021
      vertex -69.15 29.4 40.3979
      vertex -69.15 29.4 38.0021
    endloop
  endfacet
  facet normal -0.997861 0.0653644 0
    outer loop
      vertex -69.15 29.4 40.3979
      vertex -69.1624 29.2107 38.0021
      vertex -69.1624 29.2107 40.3979
    endloop
  endfacet
  facet normal -0.3216 0.946876 0
    outer loop
      vertex -70.0451 28.0604 38.0021
      vertex -70.2247 27.9994 40.3979
      vertex -70.0451 28.0604 40.3979
    endloop
  endfacet
  facet normal -0.3216 0.946876 0
    outer loop
      vertex -70.2247 27.9994 40.3979
      vertex -70.0451 28.0604 38.0021
      vertex -70.2247 27.9994 38.0021
    endloop
  endfacet
  facet normal -0.896839 -0.442356 0
    outer loop
      vertex -69.2604 29.9549 38.0021
      vertex -69.3443 30.125 40.3979
      vertex -69.3443 30.125 38.0021
    endloop
  endfacet
  facet normal -0.896839 -0.442356 0
    outer loop
      vertex -69.3443 30.125 40.3979
      vertex -69.2604 29.9549 38.0021
      vertex -69.2604 29.9549 40.3979
    endloop
  endfacet
  facet normal 0.195102 -0.980783 0
    outer loop
      vertex -70.9753 30.8006 38.0021
      vertex -70.7893 30.8376 40.3979
      vertex -70.9753 30.8006 40.3979
    endloop
  endfacet
  facet normal 0.195102 -0.980783 0
    outer loop
      vertex -70.7893 30.8376 40.3979
      vertex -70.9753 30.8006 38.0021
      vertex -70.7893 30.8376 38.0021
    endloop
  endfacet
  facet normal 0.0653644 0.997861 -0
    outer loop
      vertex -70.6 27.95 38.0021
      vertex -70.7893 27.9624 40.3979
      vertex -70.6 27.95 40.3979
    endloop
  endfacet
  facet normal 0.0653644 0.997861 0
    outer loop
      vertex -70.7893 27.9624 40.3979
      vertex -70.6 27.95 38.0021
      vertex -70.7893 27.9624 38.0021
    endloop
  endfacet
  facet normal 0.997861 -0.0653644 0
    outer loop
      vertex -72.05 29.4 40.3979
      vertex -72.0376 29.5893 38.0021
      vertex -72.0376 29.5893 40.3979
    endloop
  endfacet
  facet normal 0.997861 -0.0653644 0
    outer loop
      vertex -72.0376 29.5893 38.0021
      vertex -72.05 29.4 40.3979
      vertex -72.05 29.4 38.0021
    endloop
  endfacet
  facet normal -0.980783 0.195102 0
    outer loop
      vertex -69.1994 29.0247 38.0021
      vertex -69.1624 29.2107 40.3979
      vertex -69.1624 29.2107 38.0021
    endloop
  endfacet
  facet normal -0.980783 0.195102 0
    outer loop
      vertex -69.1624 29.2107 40.3979
      vertex -69.1994 29.0247 38.0021
      vertex -69.1994 29.0247 40.3979
    endloop
  endfacet
  facet normal 0.946876 0.3216 0
    outer loop
      vertex -71.9396 28.8451 40.3979
      vertex -72.0006 29.0247 38.0021
      vertex -72.0006 29.0247 40.3979
    endloop
  endfacet
  facet normal 0.946876 0.3216 0
    outer loop
      vertex -72.0006 29.0247 38.0021
      vertex -71.9396 28.8451 40.3979
      vertex -71.9396 28.8451 38.0021
    endloop
  endfacet
  facet normal -0.555309 0.831644 0
    outer loop
      vertex -69.7173 28.2496 38.0021
      vertex -69.875 28.1443 40.3979
      vertex -69.7173 28.2496 40.3979
    endloop
  endfacet
  facet normal -0.555309 0.831644 0
    outer loop
      vertex -69.875 28.1443 40.3979
      vertex -69.7173 28.2496 38.0021
      vertex -69.875 28.1443 38.0021
    endloop
  endfacet
  facet normal 0.3216 -0.946876 0
    outer loop
      vertex -71.1549 30.7396 38.0021
      vertex -70.9753 30.8006 40.3979
      vertex -71.1549 30.7396 40.3979
    endloop
  endfacet
  facet normal 0.3216 -0.946876 0
    outer loop
      vertex -70.9753 30.8006 40.3979
      vertex -71.1549 30.7396 38.0021
      vertex -70.9753 30.8006 38.0021
    endloop
  endfacet
  facet normal 0.980783 0.195102 0
    outer loop
      vertex -72.0006 29.0247 40.3979
      vertex -72.0376 29.2107 38.0021
      vertex -72.0376 29.2107 40.3979
    endloop
  endfacet
  facet normal 0.980783 0.195102 0
    outer loop
      vertex -72.0376 29.2107 38.0021
      vertex -72.0006 29.0247 40.3979
      vertex -72.0006 29.0247 38.0021
    endloop
  endfacet
  facet normal -0.555309 -0.831644 0
    outer loop
      vertex -69.875 30.6557 38.0021
      vertex -69.7173 30.5504 40.3979
      vertex -69.875 30.6557 40.3979
    endloop
  endfacet
  facet normal -0.555309 -0.831644 -0
    outer loop
      vertex -69.7173 30.5504 40.3979
      vertex -69.875 30.6557 38.0021
      vertex -69.7173 30.5504 38.0021
    endloop
  endfacet
  facet normal -0.659474 0.751727 0
    outer loop
      vertex -69.5747 28.3747 38.0021
      vertex -69.7173 28.2496 40.3979
      vertex -69.5747 28.3747 40.3979
    endloop
  endfacet
  facet normal -0.659474 0.751727 0
    outer loop
      vertex -69.7173 28.2496 40.3979
      vertex -69.5747 28.3747 38.0021
      vertex -69.7173 28.2496 38.0021
    endloop
  endfacet
  facet normal -0.831644 -0.555309 0
    outer loop
      vertex -69.3443 30.125 38.0021
      vertex -69.4496 30.2827 40.3979
      vertex -69.4496 30.2827 38.0021
    endloop
  endfacet
  facet normal -0.831644 -0.555309 0
    outer loop
      vertex -69.4496 30.2827 40.3979
      vertex -69.3443 30.125 38.0021
      vertex -69.3443 30.125 40.3979
    endloop
  endfacet
  facet normal -0.195102 0.980783 0
    outer loop
      vertex -70.2247 27.9994 38.0021
      vertex -70.4107 27.9624 40.3979
      vertex -70.2247 27.9994 40.3979
    endloop
  endfacet
  facet normal -0.195102 0.980783 0
    outer loop
      vertex -70.4107 27.9624 40.3979
      vertex -70.2247 27.9994 38.0021
      vertex -70.4107 27.9624 38.0021
    endloop
  endfacet
  facet normal 0.831644 0.555309 0
    outer loop
      vertex -71.7504 28.5173 40.3979
      vertex -71.8557 28.675 38.0021
      vertex -71.8557 28.675 40.3979
    endloop
  endfacet
  facet normal 0.831644 0.555309 0
    outer loop
      vertex -71.8557 28.675 38.0021
      vertex -71.7504 28.5173 40.3979
      vertex -71.7504 28.5173 38.0021
    endloop
  endfacet
  facet normal -0.751727 0.659474 0
    outer loop
      vertex -69.5747 28.3747 38.0021
      vertex -69.4496 28.5173 40.3979
      vertex -69.4496 28.5173 38.0021
    endloop
  endfacet
  facet normal -0.751727 0.659474 0
    outer loop
      vertex -69.4496 28.5173 40.3979
      vertex -69.5747 28.3747 38.0021
      vertex -69.5747 28.3747 40.3979
    endloop
  endfacet
  facet normal 0.555309 0.831644 -0
    outer loop
      vertex -71.325 28.1443 38.0021
      vertex -71.4827 28.2496 40.3979
      vertex -71.325 28.1443 40.3979
    endloop
  endfacet
  facet normal 0.555309 0.831644 0
    outer loop
      vertex -71.4827 28.2496 40.3979
      vertex -71.325 28.1443 38.0021
      vertex -71.4827 28.2496 38.0021
    endloop
  endfacet
  facet normal -0.0653644 0.997861 0
    outer loop
      vertex -70.4107 27.9624 38.0021
      vertex -70.6 27.95 40.3979
      vertex -70.4107 27.9624 40.3979
    endloop
  endfacet
  facet normal -0.0653644 0.997861 0
    outer loop
      vertex -70.6 27.95 40.3979
      vertex -70.4107 27.9624 38.0021
      vertex -70.6 27.95 38.0021
    endloop
  endfacet
  facet normal -0.659474 -0.751727 0
    outer loop
      vertex -69.7173 30.5504 38.0021
      vertex -69.5747 30.4253 40.3979
      vertex -69.7173 30.5504 40.3979
    endloop
  endfacet
  facet normal -0.659474 -0.751727 -0
    outer loop
      vertex -69.5747 30.4253 40.3979
      vertex -69.7173 30.5504 38.0021
      vertex -69.5747 30.4253 38.0021
    endloop
  endfacet
  facet normal 0.555309 -0.831644 0
    outer loop
      vertex -71.4827 30.5504 38.0021
      vertex -71.325 30.6557 40.3979
      vertex -71.4827 30.5504 40.3979
    endloop
  endfacet
  facet normal 0.555309 -0.831644 0
    outer loop
      vertex -71.325 30.6557 40.3979
      vertex -71.4827 30.5504 38.0021
      vertex -71.325 30.6557 38.0021
    endloop
  endfacet
  facet normal -0.0653644 -0.997861 0
    outer loop
      vertex -70.6 30.85 38.0021
      vertex -70.4107 30.8376 40.3979
      vertex -70.6 30.85 40.3979
    endloop
  endfacet
  facet normal -0.0653644 -0.997861 -0
    outer loop
      vertex -70.4107 30.8376 40.3979
      vertex -70.6 30.85 38.0021
      vertex -70.4107 30.8376 38.0021
    endloop
  endfacet
  facet normal 0.442356 -0.896839 0
    outer loop
      vertex -71.325 30.6557 38.0021
      vertex -71.1549 30.7396 40.3979
      vertex -71.325 30.6557 40.3979
    endloop
  endfacet
  facet normal 0.442356 -0.896839 0
    outer loop
      vertex -71.1549 30.7396 40.3979
      vertex -71.325 30.6557 38.0021
      vertex -71.1549 30.7396 38.0021
    endloop
  endfacet
  facet normal 0.751727 0.659474 0
    outer loop
      vertex -71.6253 28.3747 40.3979
      vertex -71.7504 28.5173 38.0021
      vertex -71.7504 28.5173 40.3979
    endloop
  endfacet
  facet normal 0.751727 0.659474 0
    outer loop
      vertex -71.7504 28.5173 38.0021
      vertex -71.6253 28.3747 40.3979
      vertex -71.6253 28.3747 38.0021
    endloop
  endfacet
  facet normal -0.751727 -0.659474 0
    outer loop
      vertex -69.4496 30.2827 38.0021
      vertex -69.5747 30.4253 40.3979
      vertex -69.5747 30.4253 38.0021
    endloop
  endfacet
  facet normal -0.751727 -0.659474 0
    outer loop
      vertex -69.5747 30.4253 40.3979
      vertex -69.4496 30.2827 38.0021
      vertex -69.4496 30.2827 40.3979
    endloop
  endfacet
  facet normal 0.442356 0.896839 -0
    outer loop
      vertex -71.1549 28.0604 38.0021
      vertex -71.325 28.1443 40.3979
      vertex -71.1549 28.0604 40.3979
    endloop
  endfacet
  facet normal 0.442356 0.896839 0
    outer loop
      vertex -71.325 28.1443 40.3979
      vertex -71.1549 28.0604 38.0021
      vertex -71.325 28.1443 38.0021
    endloop
  endfacet
  facet normal -0.442356 0.896839 0
    outer loop
      vertex -69.875 28.1443 38.0021
      vertex -70.0451 28.0604 40.3979
      vertex -69.875 28.1443 40.3979
    endloop
  endfacet
  facet normal -0.442356 0.896839 0
    outer loop
      vertex -70.0451 28.0604 40.3979
      vertex -69.875 28.1443 38.0021
      vertex -70.0451 28.0604 38.0021
    endloop
  endfacet
  facet normal 0.0653644 -0.997861 0
    outer loop
      vertex -70.7893 30.8376 38.0021
      vertex -70.6 30.85 40.3979
      vertex -70.7893 30.8376 40.3979
    endloop
  endfacet
  facet normal 0.0653644 -0.997861 0
    outer loop
      vertex -70.6 30.85 40.3979
      vertex -70.7893 30.8376 38.0021
      vertex -70.6 30.85 38.0021
    endloop
  endfacet
  facet normal -0.442356 -0.896839 0
    outer loop
      vertex -70.0451 30.7396 38.0021
      vertex -69.875 30.6557 40.3979
      vertex -70.0451 30.7396 40.3979
    endloop
  endfacet
  facet normal -0.442356 -0.896839 -0
    outer loop
      vertex -69.875 30.6557 40.3979
      vertex -70.0451 30.7396 38.0021
      vertex -69.875 30.6557 38.0021
    endloop
  endfacet
  facet normal 0.831644 -0.555309 0
    outer loop
      vertex -71.8557 30.125 40.3979
      vertex -71.7504 30.2827 38.0021
      vertex -71.7504 30.2827 40.3979
    endloop
  endfacet
  facet normal 0.831644 -0.555309 0
    outer loop
      vertex -71.7504 30.2827 38.0021
      vertex -71.8557 30.125 40.3979
      vertex -71.8557 30.125 38.0021
    endloop
  endfacet
  facet normal -0.831644 0.555309 0
    outer loop
      vertex -69.4496 28.5173 38.0021
      vertex -69.3443 28.675 40.3979
      vertex -69.3443 28.675 38.0021
    endloop
  endfacet
  facet normal -0.831644 0.555309 0
    outer loop
      vertex -69.3443 28.675 40.3979
      vertex -69.4496 28.5173 38.0021
      vertex -69.4496 28.5173 40.3979
    endloop
  endfacet
  facet normal 0.997861 0.0653644 0
    outer loop
      vertex -72.0376 29.2107 40.3979
      vertex -72.05 29.4 38.0021
      vertex -72.05 29.4 40.3979
    endloop
  endfacet
  facet normal 0.997861 0.0653644 0
    outer loop
      vertex -72.05 29.4 38.0021
      vertex -72.0376 29.2107 40.3979
      vertex -72.0376 29.2107 38.0021
    endloop
  endfacet
  facet normal -0.946876 0.3216 0
    outer loop
      vertex -69.2604 28.8451 38.0021
      vertex -69.1994 29.0247 40.3979
      vertex -69.1994 29.0247 38.0021
    endloop
  endfacet
  facet normal -0.946876 0.3216 0
    outer loop
      vertex -69.1994 29.0247 40.3979
      vertex -69.2604 28.8451 38.0021
      vertex -69.2604 28.8451 40.3979
    endloop
  endfacet
  facet normal -0.195102 -0.980783 0
    outer loop
      vertex -70.4107 30.8376 38.0021
      vertex -70.2247 30.8006 40.3979
      vertex -70.4107 30.8376 40.3979
    endloop
  endfacet
  facet normal -0.195102 -0.980783 -0
    outer loop
      vertex -70.2247 30.8006 40.3979
      vertex -70.4107 30.8376 38.0021
      vertex -70.2247 30.8006 38.0021
    endloop
  endfacet
  facet normal 0.195102 0.980783 -0
    outer loop
      vertex -70.7893 27.9624 38.0021
      vertex -70.9753 27.9994 40.3979
      vertex -70.7893 27.9624 40.3979
    endloop
  endfacet
  facet normal 0.195102 0.980783 0
    outer loop
      vertex -70.9753 27.9994 40.3979
      vertex -70.7893 27.9624 38.0021
      vertex -70.9753 27.9994 38.0021
    endloop
  endfacet
  facet normal 0.659474 -0.751727 0
    outer loop
      vertex -71.6253 30.4253 38.0021
      vertex -71.4827 30.5504 40.3979
      vertex -71.6253 30.4253 40.3979
    endloop
  endfacet
  facet normal 0.659474 -0.751727 0
    outer loop
      vertex -71.4827 30.5504 40.3979
      vertex -71.6253 30.4253 38.0021
      vertex -71.4827 30.5504 38.0021
    endloop
  endfacet
  facet normal 0.946876 -0.3216 0
    outer loop
      vertex -72.0006 29.7753 40.3979
      vertex -71.9396 29.9549 38.0021
      vertex -71.9396 29.9549 40.3979
    endloop
  endfacet
  facet normal 0.946876 -0.3216 0
    outer loop
      vertex -71.9396 29.9549 38.0021
      vertex -72.0006 29.7753 40.3979
      vertex -72.0006 29.7753 38.0021
    endloop
  endfacet
  facet normal 0.3216 0.946876 -0
    outer loop
      vertex -70.9753 27.9994 38.0021
      vertex -71.1549 28.0604 40.3979
      vertex -70.9753 27.9994 40.3979
    endloop
  endfacet
  facet normal 0.3216 0.946876 0
    outer loop
      vertex -71.1549 28.0604 40.3979
      vertex -70.9753 27.9994 38.0021
      vertex -71.1549 28.0604 38.0021
    endloop
  endfacet
  facet normal -0.896839 0.442356 0
    outer loop
      vertex -69.3443 28.675 38.0021
      vertex -69.2604 28.8451 40.3979
      vertex -69.2604 28.8451 38.0021
    endloop
  endfacet
  facet normal -0.896839 0.442356 0
    outer loop
      vertex -69.2604 28.8451 40.3979
      vertex -69.3443 28.675 38.0021
      vertex -69.3443 28.675 40.3979
    endloop
  endfacet
  facet normal 0.659474 0.751727 -0
    outer loop
      vertex -71.4827 28.2496 38.0021
      vertex -71.6253 28.3747 40.3979
      vertex -71.4827 28.2496 40.3979
    endloop
  endfacet
  facet normal 0.659474 0.751727 0
    outer loop
      vertex -71.6253 28.3747 40.3979
      vertex -71.4827 28.2496 38.0021
      vertex -71.6253 28.3747 38.0021
    endloop
  endfacet
  facet normal 0.751727 -0.659474 0
    outer loop
      vertex -71.7504 30.2827 40.3979
      vertex -71.6253 30.4253 38.0021
      vertex -71.6253 30.4253 40.3979
    endloop
  endfacet
  facet normal 0.751727 -0.659474 0
    outer loop
      vertex -71.6253 30.4253 38.0021
      vertex -71.7504 30.2827 40.3979
      vertex -71.7504 30.2827 38.0021
    endloop
  endfacet
  facet normal -0.227612 -0.670509 0.706123
    outer loop
      vertex -95.3707 -26.4369 40.1518
      vertex -95.4523 -26.4092 40.1518
      vertex -95.3946 -26.5262 40.0593
    endloop
  endfacet
  facet normal 0.124117 0.0420562 0.991376
    outer loop
      vertex -68.6198 31.2747 40.3808
      vertex -68.7368 31.2169 40.3979
      vertex -68.6116 31.2505 40.3808
    endloop
  endfacet
  facet normal -0.039583 -0.608589 0.792498
    outer loop
      vertex -95.2725 -26.3508 40.2315
      vertex -95.2861 -26.4537 40.1518
      vertex -95.2 -26.4593 40.1518
    endloop
  endfacet
  facet normal -0.196034 -0.577486 0.792515
    outer loop
      vertex -95.4126 -26.3133 40.2315
      vertex -95.4523 -26.4092 40.1518
      vertex -95.3707 -26.4369 40.1518
    endloop
  endfacet
  facet normal -0.252516 -0.288069 0.923716
    outer loop
      vertex -95.4273 -26.0273 40.3469
      vertex -95.4692 -26.1509 40.2969
      vertex -95.3957 -26.055 40.3469
    endloop
  endfacet
  facet normal 0.706421 0.0460866 -0.70629
    outer loop
      vertex -68.0482 31.2 38.3407
      vertex -68.1463 31.2861 38.2482
      vertex -68.0546 31.2981 38.3407
    endloop
  endfacet
  facet normal 0.0632547 -0.963881 0.258714
    outer loop
      vertex -68.8 -26.7469 39.7214
      vertex -68.8 -26.7808 39.5951
      vertex -68.672 -26.7724 39.5951
    endloop
  endfacet
  facet normal -0.694411 -0.13806 -0.70621
    outer loop
      vertex -95.8369 -25.9706 38.2482
      vertex -95.9262 -25.9946 38.3407
      vertex -95.8537 -25.8861 38.2482
    endloop
  endfacet
  facet normal 0 0.130712 -0.99142
    outer loop
      vertex -95.2 31.2654 38.0021
      vertex -68.8 31.3951 38.0192
      vertex -68.8 31.2654 38.0021
    endloop
  endfacet
  facet normal 0 0.130712 -0.99142
    outer loop
      vertex -68.8 31.3951 38.0192
      vertex -95.2 31.2654 38.0021
      vertex -95.2 31.3951 38.0192
    endloop
  endfacet
  facet normal 0.989301 0.0653456 0.130432
    outer loop
      vertex -67.8107 31.3302 39.4654
      vertex -67.8192 31.2 39.5951
      vertex -67.8021 31.2 39.4654
    endloop
  endfacet
  facet normal 0.382229 0.0251728 0.923725
    outer loop
      vertex -68.3615 31.2577 40.2969
      vertex -68.4813 31.242 40.3469
      vertex -68.3577 31.2 40.2969
    endloop
  endfacet
  facet normal -0.195553 -0.577427 0.792677
    outer loop
      vertex -95.3438 -26.3366 40.2315
      vertex -95.4126 -26.3133 40.2315
      vertex -95.3707 -26.4369 40.1518
    endloop
  endfacet
  facet normal 0 -0.965815 0.259233
    outer loop
      vertex -95.2 -26.7808 39.5951
      vertex -68.8 -26.7469 39.7214
      vertex -95.2 -26.7469 39.7214
    endloop
  endfacet
  facet normal 0 -0.965815 0.259233
    outer loop
      vertex -68.8 -26.7469 39.7214
      vertex -95.2 -26.7808 39.5951
      vertex -68.8 -26.7808 39.5951
    endloop
  endfacet
  facet normal -0.259197 -0.0166627 -0.965681
    outer loop
      vertex -95.5187 -25.842 38.0531
      vertex -95.5214 -25.8 38.0531
      vertex -95.3951 -25.8 38.0192
    endloop
  endfacet
  facet normal 0.179792 -0.90642 0.3822
    outer loop
      vertex -68.5679 -26.6663 39.8423
      vertex -68.6764 -26.7388 39.7214
      vertex -68.5549 -26.7147 39.7214
    endloop
  endfacet
  facet normal -0.254496 0.0508992 0.965733
    outer loop
      vertex -95.3884 31.2505 40.3808
      vertex -95.5105 31.2832 40.3469
      vertex -95.3934 31.2255 40.3808
    endloop
  endfacet
  facet normal -0.130607 -0.00921932 -0.991391
    outer loop
      vertex -95.2648 -25.8085 38.0021
      vertex -95.3934 -25.8255 38.0192
      vertex -95.2654 -25.8 38.0021
    endloop
  endfacet
  facet normal -0.0166627 -0.259197 -0.965681
    outer loop
      vertex -95.2 -26.1214 38.0531
      vertex -95.242 -26.1187 38.0531
      vertex -95.2 -25.9951 38.0192
    endloop
  endfacet
  facet normal 0.056583 0.864683 0.49912
    outer loop
      vertex -68.8 32.0969 39.8423
      vertex -68.8 32.0315 39.9556
      vertex -68.6915 32.0244 39.9556
    endloop
  endfacet
  facet normal -0.938701 -0.319081 -0.130489
    outer loop
      vertex -96.1061 -26.1753 38.8049
      vertex -96.1639 -26.0583 38.9346
      vertex -96.1474 -26.0538 38.8049
    endloop
  endfacet
  facet normal -0.864683 0.056583 -0.49912
    outer loop
      vertex -96.0315 31.2 38.4444
      vertex -96.0969 31.2 38.5577
      vertex -96.0244 31.3085 38.4444
    endloop
  endfacet
  facet normal 0 0.707107 -0.707107
    outer loop
      vertex -95.2 31.8593 38.2482
      vertex -68.8 31.9518 38.3407
      vertex -68.8 31.8593 38.2482
    endloop
  endfacet
  facet normal 0 0.707107 -0.707107
    outer loop
      vertex -68.8 31.9518 38.3407
      vertex -95.2 31.8593 38.2482
      vertex -95.2 31.9518 38.3407
    endloop
  endfacet
  facet normal 0.118752 0.598002 -0.792648
    outer loop
      vertex -68.6562 31.7366 38.1685
      vertex -68.7139 31.8537 38.2482
      vertex -68.6293 31.8369 38.2482
    endloop
  endfacet
  facet normal -0.768185 -0.513864 -0.381884
    outer loop
      vertex -95.9512 -26.3765 38.6786
      vertex -96.0201 -26.2735 38.6786
      vertex -95.9115 -26.346 38.5577
    endloop
  endfacet
  facet normal 0.259003 0.0172669 0.965722
    outer loop
      vertex -68.4813 31.242 40.3469
      vertex -68.6066 31.2255 40.3808
      vertex -68.6049 31.2 40.3808
    endloop
  endfacet
  facet normal -0.458339 -0.402462 -0.792433
    outer loop
      vertex -95.6662 -26.2662 38.2482
      vertex -95.7231 -26.2014 38.2482
      vertex -95.6408 -26.1382 38.1685
    endloop
  endfacet
  facet normal 0.318983 -0.938721 -0.130587
    outer loop
      vertex -68.4181 -26.7219 38.9346
      vertex -68.5417 -26.7639 38.9346
      vertex -68.4247 -26.7061 38.8049
    endloop
  endfacet
  facet normal 0.467078 -0.531927 0.706323
    outer loop
      vertex -68.3338 -26.2662 40.1518
      vertex -68.3986 -26.3231 40.1518
      vertex -68.2684 -26.3316 40.0593
    endloop
  endfacet
  facet normal 0.972526 0.192835 -0.130412
    outer loop
      vertex -67.8107 31.3302 38.9346
      vertex -67.8526 31.4538 38.8049
      vertex -67.8361 31.4583 38.9346
    endloop
  endfacet
  facet normal 1 -0 0
    outer loop
      vertex -67.8021 -25.8 39.4654
      vertex -67.8021 31.2 38.9346
      vertex -67.8021 31.2 39.4654
    endloop
  endfacet
  facet normal 1 0 0
    outer loop
      vertex -67.8021 31.2 38.9346
      vertex -67.8021 -25.8 39.4654
      vertex -67.8021 -25.8 38.9346
    endloop
  endfacet
  facet normal -0.383433 0.777208 -0.498925
    outer loop
      vertex -95.6157 31.9201 38.4444
      vertex -95.6484 31.9767 38.5577
      vertex -95.5432 32.0286 38.5577
    endloop
  endfacet
  facet normal -0.056583 0.864683 -0.49912
    outer loop
      vertex -95.2 32.0315 38.4444
      vertex -95.3085 32.0244 38.4444
      vertex -95.2 32.0969 38.5577
    endloop
  endfacet
  facet normal -0.215922 -0.144359 0.96568
    outer loop
      vertex -95.3548 -25.9188 40.3808
      vertex -95.4784 -25.9607 40.3469
      vertex -95.455 -25.9957 40.3469
    endloop
  endfacet
  facet normal 0 -0.924091 0.382172
    outer loop
      vertex -95.2 -26.7469 39.7214
      vertex -68.8 -26.6969 39.8423
      vertex -95.2 -26.6969 39.8423
    endloop
  endfacet
  facet normal 0 -0.924091 0.382172
    outer loop
      vertex -68.8 -26.6969 39.8423
      vertex -95.2 -26.7469 39.7214
      vertex -68.8 -26.7469 39.7214
    endloop
  endfacet
  facet normal -0.491177 -0.0978221 0.86555
    outer loop
      vertex -95.6385 -25.8577 40.2969
      vertex -95.7508 -25.8725 40.2315
      vertex -95.7366 -25.9438 40.2315
    endloop
  endfacet
  facet normal -0.997826 -0.0659086 0
    outer loop
      vertex -96.1893 -25.9302 38.9346
      vertex -96.1979 -25.8 39.4654
      vertex -96.1979 -25.8 38.9346
    endloop
  endfacet
  facet normal -0.997826 -0.0659086 0
    outer loop
      vertex -96.1979 -25.8 39.4654
      vertex -96.1893 -25.9302 38.9346
      vertex -96.1893 -25.9302 39.4654
    endloop
  endfacet
  facet normal -0.499734 -0.0329114 -0.865554
    outer loop
      vertex -95.6385 -25.8577 38.1031
      vertex -95.7508 -25.8725 38.1685
      vertex -95.6423 -25.8 38.1031
    endloop
  endfacet
  facet normal 0.050914 0.25457 0.965713
    outer loop
      vertex -68.758 31.5187 40.3469
      vertex -68.7745 31.3934 40.3808
      vertex -68.7495 31.3884 40.3808
    endloop
  endfacet
  facet normal -0.523892 -0.596542 0.608009
    outer loop
      vertex -95.6577 -26.3965 40.0593
      vertex -95.7316 -26.3316 40.0593
      vertex -95.7062 -26.4596 39.9556
    endloop
  endfacet
  facet normal -0.137919 -0.694521 0.70613
    outer loop
      vertex -95.3707 -26.4369 40.1518
      vertex -95.3946 -26.5262 40.0593
      vertex -95.2861 -26.4537 40.1518
    endloop
  endfacet
  facet normal -0.138149 -0.694343 0.70626
    outer loop
      vertex -95.2861 -26.4537 40.1518
      vertex -95.3946 -26.5262 40.0593
      vertex -95.2981 -26.5454 40.0593
    endloop
  endfacet
  facet normal -0.745149 -0.653999 -0.13053
    outer loop
      vertex -95.9056 -26.5056 38.9346
      vertex -95.9917 -26.4075 38.9346
      vertex -95.8935 -26.4935 38.8049
    endloop
  endfacet
  facet normal -0.318711 0.212695 -0.92368
    outer loop
      vertex -95.4784 31.3607 38.0531
      vertex -95.583 31.4211 38.1031
      vertex -95.5509 31.4692 38.1031
    endloop
  endfacet
  facet normal -0.128589 -0.024493 -0.991396
    outer loop
      vertex -95.2632 -25.8169 38.0021
      vertex -95.3934 -25.8255 38.0192
      vertex -95.2648 -25.8085 38.0021
    endloop
  endfacet
  facet normal 0.227583 -0.670505 0.706136
    outer loop
      vertex -68.5477 -26.4092 40.1518
      vertex -68.6054 -26.5262 40.0593
      vertex -68.5123 -26.4946 40.0593
    endloop
  endfacet
  facet normal -0.338549 -0.507404 0.792417
    outer loop
      vertex -95.5382 -26.2408 40.2315
      vertex -95.6014 -26.3231 40.1518
      vertex -95.4778 -26.2811 40.2315
    endloop
  endfacet
  facet normal -0.00921932 -0.130607 0.991391
    outer loop
      vertex -95.2085 -25.8648 40.3979
      vertex -95.2255 -25.9934 40.3808
      vertex -95.2 -25.8654 40.3979
    endloop
  endfacet
  facet normal 0.694521 0.137919 0.70613
    outer loop
      vertex -68.0738 31.3946 40.0593
      vertex -68.1631 31.3707 40.1518
      vertex -68.1463 31.2861 40.1518
    endloop
  endfacet
  facet normal -0.245812 -0.0833786 0.965725
    outer loop
      vertex -95.3802 -25.8747 40.3808
      vertex -95.5105 -25.8832 40.3469
      vertex -95.497 -25.923 40.3469
    endloop
  endfacet
  facet normal -0.383423 0.777209 -0.498932
    outer loop
      vertex -95.5182 31.9682 38.4444
      vertex -95.6157 31.9201 38.4444
      vertex -95.5432 32.0286 38.5577
    endloop
  endfacet
  facet normal 0.25508 0.751517 -0.608405
    outer loop
      vertex -68.5123 31.8946 38.3407
      vertex -68.6054 31.9262 38.3407
      vertex -68.4818 31.9682 38.4444
    endloop
  endfacet
  facet normal 0.458339 0.402462 0.792433
    outer loop
      vertex -68.3338 31.6662 40.1518
      vertex -68.3592 31.5382 40.2315
      vertex -68.2769 31.6014 40.1518
    endloop
  endfacet
  facet normal 0.169537 0.34363 0.923675
    outer loop
      vertex -68.5789 31.583 40.2969
      vertex -68.677 31.497 40.3469
      vertex -68.6393 31.4784 40.3469
    endloop
  endfacet
  facet normal -0.0726493 0.108974 -0.991386
    outer loop
      vertex -95.2398 31.2519 38.0021
      vertex -95.3188 31.3548 38.0192
      vertex -95.2975 31.369 38.0192
    endloop
  endfacet
  facet normal 0 1 -0
    outer loop
      vertex -68.8 32.1979 38.9346
      vertex -95.2 32.1979 39.4654
      vertex -68.8 32.1979 39.4654
    endloop
  endfacet
  facet normal 0 1 0
    outer loop
      vertex -95.2 32.1979 39.4654
      vertex -68.8 32.1979 38.9346
      vertex -95.2 32.1979 38.9346
    endloop
  endfacet
  facet normal -0.474391 0.160659 -0.86553
    outer loop
      vertex -95.6272 31.3145 38.1031
      vertex -95.7366 31.3438 38.1685
      vertex -95.7133 31.4126 38.1685
    endloop
  endfacet
  facet normal 0.824573 0.550475 0.130602
    outer loop
      vertex -68.0083 31.8075 39.4654
      vertex -68.0219 31.7971 39.5951
      vertex -67.9358 31.6989 39.4654
    endloop
  endfacet
  facet normal 0.155401 0.778463 -0.608149
    outer loop
      vertex -68.6054 31.9262 38.3407
      vertex -68.6915 32.0244 38.4444
      vertex -68.5848 32.0031 38.4444
    endloop
  endfacet
  facet normal 0 0.866071 -0.499921
    outer loop
      vertex -68.8 32.0315 38.4444
      vertex -95.2 32.0969 38.5577
      vertex -68.8 32.0969 38.5577
    endloop
  endfacet
  facet normal 0 0.866071 -0.499921
    outer loop
      vertex -95.2 32.0969 38.5577
      vertex -68.8 32.0315 38.4444
      vertex -95.2 32.0315 38.4444
    endloop
  endfacet
  facet normal 0.137919 0.694521 -0.70613
    outer loop
      vertex -68.6293 31.8369 38.2482
      vertex -68.7139 31.8537 38.2482
      vertex -68.6054 31.9262 38.3407
    endloop
  endfacet
  facet normal -0.426924 0.866649 0.258178
    outer loop
      vertex -95.5753 32.1061 39.5951
      vertex -95.6904 32.0494 39.5951
      vertex -95.6735 32.0201 39.7214
    endloop
  endfacet
  facet normal -0.531892 -0.467115 0.706325
    outer loop
      vertex -95.6662 -26.2662 40.1518
      vertex -95.7965 -26.2577 40.0593
      vertex -95.7316 -26.3316 40.0593
    endloop
  endfacet
  facet normal -0.997826 0.0659086 0
    outer loop
      vertex -96.1979 31.2 38.9346
      vertex -96.1893 31.3302 39.4654
      vertex -96.1893 31.3302 38.9346
    endloop
  endfacet
  facet normal -0.997826 0.0659086 0
    outer loop
      vertex -96.1893 31.3302 39.4654
      vertex -96.1979 31.2 38.9346
      vertex -96.1979 31.2 39.4654
    endloop
  endfacet
  facet normal -0.278116 -0.820802 0.498935
    outer loop
      vertex -95.5182 -26.5682 39.9556
      vertex -95.5432 -26.6286 39.8423
      vertex -95.4152 -26.6031 39.9556
    endloop
  endfacet
  facet normal -0.154858 -0.778323 0.608467
    outer loop
      vertex -95.2981 -26.5454 40.0593
      vertex -95.3946 -26.5262 40.0593
      vertex -95.3085 -26.6244 39.9556
    endloop
  endfacet
  facet normal -0.227583 -0.670505 0.706136
    outer loop
      vertex -95.4523 -26.4092 40.1518
      vertex -95.4877 -26.4946 40.0593
      vertex -95.3946 -26.5262 40.0593
    endloop
  endfacet
  facet normal -0.287935 -0.252853 -0.923666
    outer loop
      vertex -95.5127 -26.1127 38.1031
      vertex -95.5509 -26.0692 38.1031
      vertex -95.4273 -26.0273 38.0531
    endloop
  endfacet
  facet normal -0.375717 0.0747465 -0.923715
    outer loop
      vertex -95.5105 31.2832 38.0531
      vertex -95.6385 31.2577 38.1031
      vertex -95.6272 31.3145 38.1031
    endloop
  endfacet
  facet normal 0.481645 0.720477 0.49893
    outer loop
      vertex -68.3516 31.9767 39.8423
      vertex -68.3843 31.9201 39.9556
      vertex -68.2938 31.8596 39.9556
    endloop
  endfacet
  facet normal -0.653999 0.745149 -0.13053
    outer loop
      vertex -95.8935 31.8935 38.8049
      vertex -95.9056 31.9056 38.9346
      vertex -95.8075 31.9917 38.9346
    endloop
  endfacet
  facet normal -0.212899 -0.318439 0.923727
    outer loop
      vertex -95.3957 -26.055 40.3469
      vertex -95.4692 -26.1509 40.2969
      vertex -95.3607 -26.0784 40.3469
    endloop
  endfacet
  facet normal -0.118752 -0.598002 0.792648
    outer loop
      vertex -95.3438 -26.3366 40.2315
      vertex -95.3707 -26.4369 40.1518
      vertex -95.2861 -26.4537 40.1518
    endloop
  endfacet
  facet normal 0.828695 0.408753 0.382341
    outer loop
      vertex -67.9799 31.6735 39.7214
      vertex -68.0233 31.6484 39.8423
      vertex -67.9251 31.5624 39.7214
    endloop
  endfacet
  facet normal 0.778463 0.155401 -0.608149
    outer loop
      vertex -67.9756 31.3085 38.4444
      vertex -68.0738 31.3946 38.3407
      vertex -67.9969 31.4152 38.4444
    endloop
  endfacet
  facet normal 0.416435 0.277912 -0.865648
    outer loop
      vertex -68.417 31.4211 38.1031
      vertex -68.4491 31.4692 38.1031
      vertex -68.3592 31.5382 38.1685
    endloop
  endfacet
  facet normal -0.128506 0.0257012 -0.991376
    outer loop
      vertex -95.2632 31.2169 38.0021
      vertex -95.3934 31.2255 38.0192
      vertex -95.3884 31.2505 38.0192
    endloop
  endfacet
  facet normal 0.227612 0.670509 0.706123
    outer loop
      vertex -68.6054 31.9262 40.0593
      vertex -68.6293 31.8369 40.1518
      vertex -68.5477 31.8092 40.1518
    endloop
  endfacet
  facet normal -0.169537 -0.34363 0.923675
    outer loop
      vertex -95.3607 -26.0784 40.3469
      vertex -95.4211 -26.183 40.2969
      vertex -95.323 -26.097 40.3469
    endloop
  endfacet
  facet normal -0.221864 -0.448927 0.865587
    outer loop
      vertex -95.3693 -26.2086 40.2969
      vertex -95.4211 -26.183 40.2969
      vertex -95.4126 -26.3133 40.2315
    endloop
  endfacet
  facet normal -0.310901 0.914636 0.258422
    outer loop
      vertex -95.4538 32.1474 39.5951
      vertex -95.5753 32.1061 39.5951
      vertex -95.5624 32.0748 39.7214
    endloop
  endfacet
  facet normal -0.254603 0.0506733 0.965717
    outer loop
      vertex -95.5105 31.2832 40.3469
      vertex -95.5187 31.242 40.3469
      vertex -95.3934 31.2255 40.3808
    endloop
  endfacet
  facet normal -0.024493 0.128589 0.991396
    outer loop
      vertex -95.2085 31.2648 40.3979
      vertex -95.2255 31.3934 40.3808
      vertex -95.2169 31.2632 40.3979
    endloop
  endfacet
  facet normal 0.232716 0.114815 0.965744
    outer loop
      vertex -68.5216 31.3607 40.3469
      vertex -68.6311 31.2975 40.3808
      vertex -68.503 31.323 40.3469
    endloop
  endfacet
  facet normal -0.0518146 0.791815 -0.60856
    outer loop
      vertex -95.2 31.9518 38.3407
      vertex -95.3085 32.0244 38.4444
      vertex -95.2 32.0315 38.4444
    endloop
  endfacet
  facet normal -0.154858 0.778323 -0.608467
    outer loop
      vertex -95.2981 31.9454 38.3407
      vertex -95.3946 31.9262 38.3407
      vertex -95.3085 32.0244 38.4444
    endloop
  endfacet
  facet normal 0.751579 0.659643 0
    outer loop
      vertex -68.0083 31.8075 39.4654
      vertex -68.0944 31.9056 38.9346
      vertex -68.0944 31.9056 39.4654
    endloop
  endfacet
  facet normal 0.751579 0.659643 0
    outer loop
      vertex -68.0944 31.9056 38.9346
      vertex -68.0083 31.8075 39.4654
      vertex -68.0083 31.8075 38.9346
    endloop
  endfacet
  facet normal 0.63503 -0.313195 0.706148
    outer loop
      vertex -68.1054 -26.0877 40.0593
      vertex -68.1908 -26.0523 40.1518
      vertex -68.1489 -26.1759 40.0593
    endloop
  endfacet
  facet normal 0.383423 0.777209 0.498932
    outer loop
      vertex -68.4568 32.0286 39.8423
      vertex -68.4818 31.9682 39.9556
      vertex -68.3843 31.9201 39.9556
    endloop
  endfacet
  facet normal 0.963886 -0.0631673 0.258715
    outer loop
      vertex -67.8531 -25.8 39.7214
      vertex -67.8612 -25.9236 39.7214
      vertex -67.8192 -25.8 39.5951
    endloop
  endfacet
  facet normal 0.41648 0.277883 0.865636
    outer loop
      vertex -68.3592 31.5382 40.2315
      vertex -68.417 31.4211 40.2969
      vertex -68.3189 31.4778 40.2315
    endloop
  endfacet
  facet normal 0.440622 0.660126 0.608346
    outer loop
      vertex -68.3843 31.9201 39.9556
      vertex -68.4241 31.8511 40.0593
      vertex -68.3423 31.7965 40.0593
    endloop
  endfacet
  facet normal 0.0604486 0.922401 0.381473
    outer loop
      vertex -68.8 32.1469 39.7214
      vertex -68.8 32.0969 39.8423
      vertex -68.6764 32.1388 39.7214
    endloop
  endfacet
  facet normal 0.351118 0.711726 -0.60841
    outer loop
      vertex -68.3843 31.9201 38.4444
      vertex -68.5123 31.8946 38.3407
      vertex -68.4818 31.9682 38.4444
    endloop
  endfacet
  facet normal 0.474391 0.160659 -0.86553
    outer loop
      vertex -68.2634 31.3438 38.1685
      vertex -68.3728 31.3145 38.1031
      vertex -68.2867 31.4126 38.1685
    endloop
  endfacet
  facet normal 0.914853 -0.31041 0.258244
    outer loop
      vertex -67.8853 -26.0451 39.7214
      vertex -67.9251 -26.1624 39.7214
      vertex -67.8526 -26.0538 39.5951
    endloop
  endfacet
  facet normal 0.849685 -0.169618 -0.499264
    outer loop
      vertex -67.9337 -26.0321 38.5577
      vertex -67.9969 -26.0152 38.4444
      vertex -67.9756 -25.9085 38.4444
    endloop
  endfacet
  facet normal 0 0.499921 -0.866071
    outer loop
      vertex -95.2 31.6423 38.1031
      vertex -68.8 31.7556 38.1685
      vertex -68.8 31.6423 38.1031
    endloop
  endfacet
  facet normal 0 0.499921 -0.866071
    outer loop
      vertex -68.8 31.7556 38.1685
      vertex -95.2 31.6423 38.1031
      vertex -95.2 31.7556 38.1685
    endloop
  endfacet
  facet normal -0.571131 0.651666 -0.499139
    outer loop
      vertex -95.7062 31.8596 38.4444
      vertex -95.8342 31.8342 38.5577
      vertex -95.746 31.9115 38.5577
    endloop
  endfacet
  facet normal 0 0.924091 -0.382172
    outer loop
      vertex -68.8 32.0969 38.5577
      vertex -95.2 32.1469 38.6786
      vertex -68.8 32.1469 38.6786
    endloop
  endfacet
  facet normal 0 0.924091 -0.382172
    outer loop
      vertex -95.2 32.1469 38.6786
      vertex -68.8 32.0969 38.5577
      vertex -95.2 32.0969 38.5577
    endloop
  endfacet
  facet normal -0.980903 -0.194496 0
    outer loop
      vertex -96.1639 -26.0583 38.9346
      vertex -96.1893 -25.9302 39.4654
      vertex -96.1893 -25.9302 38.9346
    endloop
  endfacet
  facet normal -0.980903 -0.194496 0
    outer loop
      vertex -96.1893 -25.9302 39.4654
      vertex -96.1639 -26.0583 38.9346
      vertex -96.1639 -26.0583 39.4654
    endloop
  endfacet
  facet normal -0.866541 -0.427421 0.257718
    outer loop
      vertex -96.0749 -26.1624 39.7214
      vertex -96.1061 -26.1753 39.5951
      vertex -96.0201 -26.2735 39.7214
    endloop
  endfacet
  facet normal -0.588706 0.393292 -0.70622
    outer loop
      vertex -95.771 31.5297 38.2482
      vertex -95.8511 31.5759 38.3407
      vertex -95.7231 31.6014 38.2482
    endloop
  endfacet
  facet normal -0.79288 0 -0.609378
    outer loop
      vertex -95.9518 -25.8 38.3407
      vertex -96.0315 31.2 38.4444
      vertex -95.9518 31.2 38.3407
    endloop
  endfacet
  facet normal -0.79288 -0 -0.609378
    outer loop
      vertex -96.0315 31.2 38.4444
      vertex -95.9518 -25.8 38.3407
      vertex -96.0315 -25.8 38.4444
    endloop
  endfacet
  facet normal -0.745149 -0.653999 0.13053
    outer loop
      vertex -95.8935 -26.4935 39.5951
      vertex -95.9917 -26.4075 39.4654
      vertex -95.9056 -26.5056 39.4654
    endloop
  endfacet
  facet normal -0.889181 -0.438511 0.130634
    outer loop
      vertex -96.1061 -26.1753 39.5951
      vertex -96.1219 -26.1819 39.4654
      vertex -96.0642 -26.2989 39.4654
    endloop
  endfacet
  facet normal -0.651096 -0.571402 0.499573
    outer loop
      vertex -95.7879 -26.3879 39.9556
      vertex -95.8596 -26.3062 39.9556
      vertex -95.8342 -26.4342 39.8423
    endloop
  endfacet
  facet normal -0.828695 -0.408753 -0.382341
    outer loop
      vertex -96.0201 -26.2735 38.6786
      vertex -96.0749 -26.1624 38.6786
      vertex -95.9767 -26.2484 38.5577
    endloop
  endfacet
  facet normal -0.0516632 -0.7919 0.608461
    outer loop
      vertex -95.2981 -26.5454 40.0593
      vertex -95.3085 -26.6244 39.9556
      vertex -95.2 -26.5518 40.0593
    endloop
  endfacet
  facet normal 0.523892 -0.596542 0.608009
    outer loop
      vertex -68.2684 -26.3316 40.0593
      vertex -68.3423 -26.3965 40.0593
      vertex -68.2938 -26.4596 39.9556
    endloop
  endfacet
  facet normal -0.313195 -0.63503 0.706148
    outer loop
      vertex -95.4523 -26.4092 40.1518
      vertex -95.5759 -26.4511 40.0593
      vertex -95.4877 -26.4946 40.0593
    endloop
  endfacet
  facet normal -0.169728 -0.343434 0.923713
    outer loop
      vertex -95.323 -26.097 40.3469
      vertex -95.4211 -26.183 40.2969
      vertex -95.3693 -26.2086 40.2969
    endloop
  endfacet
  facet normal -0.866071 0 -0.499921
    outer loop
      vertex -96.0315 -25.8 38.4444
      vertex -96.0969 31.2 38.5577
      vertex -96.0315 31.2 38.4444
    endloop
  endfacet
  facet normal -0.866071 -0 -0.499921
    outer loop
      vertex -96.0969 31.2 38.5577
      vertex -96.0315 -25.8 38.4444
      vertex -96.0969 -25.8 38.5577
    endloop
  endfacet
  facet normal -0.67047 -0.22732 -0.706255
    outer loop
      vertex -95.8092 -26.0523 38.2482
      vertex -95.9262 -25.9946 38.3407
      vertex -95.8369 -25.9706 38.2482
    endloop
  endfacet
  facet normal 0.338549 -0.507404 -0.792417
    outer loop
      vertex -68.3986 -26.3231 38.2482
      vertex -68.5222 -26.2811 38.1685
      vertex -68.4618 -26.2408 38.1685
    endloop
  endfacet
  facet normal 0.0579672 0.11746 -0.991384
    outer loop
      vertex -68.7673 31.2566 38.0021
      vertex -68.775 31.2604 38.0021
      vertex -68.7253 31.3802 38.0192
    endloop
  endfacet
  facet normal -0.963886 -0.0631673 -0.258715
    outer loop
      vertex -96.1388 -25.9236 38.6786
      vertex -96.1808 -25.8 38.8049
      vertex -96.1469 -25.8 38.6786
    endloop
  endfacet
  facet normal 0.130707 -0.00871377 -0.991383
    outer loop
      vertex -68.6066 -25.8255 38.0192
      vertex -68.7346 -25.8 38.0021
      vertex -68.6049 -25.8 38.0192
    endloop
  endfacet
  facet normal -0.791815 0.0518146 -0.60856
    outer loop
      vertex -95.9518 31.2 38.3407
      vertex -96.0315 31.2 38.4444
      vertex -96.0244 31.3085 38.4444
    endloop
  endfacet
  facet normal -0.609378 0 -0.79288
    outer loop
      vertex -95.8593 -25.8 38.2482
      vertex -95.7556 31.2 38.1685
      vertex -95.7556 -25.8 38.1685
    endloop
  endfacet
  facet normal -0.609378 0 -0.79288
    outer loop
      vertex -95.7556 31.2 38.1685
      vertex -95.8593 -25.8 38.2482
      vertex -95.8593 31.2 38.2482
    endloop
  endfacet
  facet normal -0.0632547 0.963881 0.258714
    outer loop
      vertex -95.2 32.1808 39.5951
      vertex -95.328 32.1724 39.5951
      vertex -95.2 32.1469 39.7214
    endloop
  endfacet
  facet normal -0.0870445 -0.0977342 0.991399
    outer loop
      vertex -95.2462 -25.8462 40.3979
      vertex -95.338 -25.9379 40.3808
      vertex -95.2398 -25.8519 40.3979
    endloop
  endfacet
  facet normal -0.0577381 -0.117538 0.991388
    outer loop
      vertex -95.2327 -25.8566 40.3979
      vertex -95.2975 -25.969 40.3808
      vertex -95.2747 -25.9802 40.3808
    endloop
  endfacet
  facet normal 0 -0.707107 0.707107
    outer loop
      vertex -95.2 -26.5518 40.0593
      vertex -68.8 -26.4593 40.1518
      vertex -95.2 -26.4593 40.1518
    endloop
  endfacet
  facet normal 0 -0.707107 0.707107
    outer loop
      vertex -68.8 -26.4593 40.1518
      vertex -95.2 -26.5518 40.0593
      vertex -68.8 -26.5518 40.0593
    endloop
  endfacet
  facet normal 0.0516632 -0.7919 -0.608461
    outer loop
      vertex -68.6915 -26.6244 38.4444
      vertex -68.8 -26.5518 38.3407
      vertex -68.7019 -26.5454 38.3407
    endloop
  endfacet
  facet normal 0.254496 0.0508992 0.965733
    outer loop
      vertex -68.4895 31.2832 40.3469
      vertex -68.6116 31.2505 40.3808
      vertex -68.6066 31.2255 40.3808
    endloop
  endfacet
  facet normal 0.0257012 0.128506 0.991376
    outer loop
      vertex -68.7745 31.3934 40.3808
      vertex -68.7831 31.2632 40.3979
      vertex -68.7495 31.3884 40.3808
    endloop
  endfacet
  facet normal -0.438144 -0.889425 -0.130206
    outer loop
      vertex -95.5753 -26.7061 38.8049
      vertex -95.6989 -26.6642 38.9346
      vertex -95.6904 -26.6494 38.8049
    endloop
  endfacet
  facet normal -0.144086 0.216129 -0.965675
    outer loop
      vertex -95.3188 31.3548 38.0192
      vertex -95.3957 31.455 38.0531
      vertex -95.2975 31.369 38.0192
    endloop
  endfacet
  facet normal 0.989301 0.0653456 -0.130432
    outer loop
      vertex -67.8021 31.2 38.9346
      vertex -67.8192 31.2 38.8049
      vertex -67.8107 31.3302 38.9346
    endloop
  endfacet
  facet normal 0.440622 -0.660126 -0.608346
    outer loop
      vertex -68.3843 -26.5201 38.4444
      vertex -68.4241 -26.4511 38.3407
      vertex -68.3423 -26.3965 38.3407
    endloop
  endfacet
  facet normal -0.0516632 0.7919 -0.608461
    outer loop
      vertex -95.2981 31.9454 38.3407
      vertex -95.3085 32.0244 38.4444
      vertex -95.2 31.9518 38.3407
    endloop
  endfacet
  facet normal -0.138149 0.694343 -0.70626
    outer loop
      vertex -95.2861 31.8537 38.2482
      vertex -95.3946 31.9262 38.3407
      vertex -95.2981 31.9454 38.3407
    endloop
  endfacet
  facet normal -0.123129 0.362766 -0.92371
    outer loop
      vertex -95.323 31.497 38.0531
      vertex -95.3693 31.6086 38.1031
      vertex -95.3145 31.6272 38.1031
    endloop
  endfacet
  facet normal -0.474391 -0.160659 0.86553
    outer loop
      vertex -95.6272 -25.9145 40.2969
      vertex -95.7366 -25.9438 40.2315
      vertex -95.7133 -26.0126 40.2315
    endloop
  endfacet
  facet normal -0.259197 0.0166627 0.965681
    outer loop
      vertex -95.5187 31.242 40.3469
      vertex -95.5214 31.2 40.3469
      vertex -95.3951 31.2 40.3808
    endloop
  endfacet
  facet normal -0.288069 -0.252516 0.923716
    outer loop
      vertex -95.455 -25.9957 40.3469
      vertex -95.5509 -26.0692 40.2969
      vertex -95.4273 -26.0273 40.3469
    endloop
  endfacet
  facet normal -0.588706 -0.393292 0.70622
    outer loop
      vertex -95.771 -26.1297 40.1518
      vertex -95.8511 -26.1759 40.0593
      vertex -95.7231 -26.2014 40.1518
    endloop
  endfacet
  facet normal -0.768336 -0.513274 0.382374
    outer loop
      vertex -95.9767 -26.2484 39.8423
      vertex -96.0201 -26.2735 39.7214
      vertex -95.9115 -26.346 39.8423
    endloop
  endfacet
  facet normal -0.056583 0.864683 0.49912
    outer loop
      vertex -95.2 32.0969 39.8423
      vertex -95.3085 32.0244 39.9556
      vertex -95.2 32.0315 39.9556
    endloop
  endfacet
  facet normal 0 0.924091 0.382172
    outer loop
      vertex -68.8 32.1469 39.7214
      vertex -95.2 32.0969 39.8423
      vertex -68.8 32.0969 39.8423
    endloop
  endfacet
  facet normal 0 0.924091 0.382172
    outer loop
      vertex -95.2 32.0969 39.8423
      vertex -68.8 32.1469 39.7214
      vertex -95.2 32.1469 39.7214
    endloop
  endfacet
  facet normal -0.963886 0.0631673 -0.258715
    outer loop
      vertex -96.1469 31.2 38.6786
      vertex -96.1808 31.2 38.8049
      vertex -96.1388 31.3236 38.6786
    endloop
  endfacet
  facet normal -0.343434 0.169728 0.923713
    outer loop
      vertex -95.583 31.4211 40.2969
      vertex -95.6086 31.3693 40.2969
      vertex -95.497 31.323 40.3469
    endloop
  endfacet
  facet normal 0.588706 0.393292 0.70622
    outer loop
      vertex -68.1489 31.5759 40.0593
      vertex -68.2769 31.6014 40.1518
      vertex -68.229 31.5297 40.1518
    endloop
  endfacet
  facet normal 0.155401 0.778463 0.608149
    outer loop
      vertex -68.5848 32.0031 39.9556
      vertex -68.6915 32.0244 39.9556
      vertex -68.6054 31.9262 40.0593
    endloop
  endfacet
  facet normal 0.130707 0.00871377 0.991383
    outer loop
      vertex -68.6066 31.2255 40.3808
      vertex -68.7346 31.2 40.3979
      vertex -68.6049 31.2 40.3808
    endloop
  endfacet
  facet normal -0.050914 0.25457 0.965713
    outer loop
      vertex -95.242 31.5187 40.3469
      vertex -95.2505 31.3884 40.3808
      vertex -95.2255 31.3934 40.3808
    endloop
  endfacet
  facet normal 0.0459421 0.70636 -0.70636
    outer loop
      vertex -68.7139 31.8537 38.2482
      vertex -68.8 31.8593 38.2482
      vertex -68.8 31.9518 38.3407
    endloop
  endfacet
  facet normal 0.227612 0.670509 -0.706123
    outer loop
      vertex -68.5477 31.8092 38.2482
      vertex -68.6293 31.8369 38.2482
      vertex -68.6054 31.9262 38.3407
    endloop
  endfacet
  facet normal 0.192835 0.972526 -0.130412
    outer loop
      vertex -68.5462 32.1474 38.8049
      vertex -68.6698 32.1893 38.9346
      vertex -68.5417 32.1639 38.9346
    endloop
  endfacet
  facet normal 0.330634 0.376096 0.865582
    outer loop
      vertex -68.4618 31.6408 40.2315
      vertex -68.4873 31.5127 40.2969
      vertex -68.4072 31.5928 40.2315
    endloop
  endfacet
  facet normal -0.195553 0.577427 0.792677
    outer loop
      vertex -95.3707 31.8369 40.1518
      vertex -95.4126 31.7133 40.2315
      vertex -95.3438 31.7366 40.2315
    endloop
  endfacet
  facet normal 0.636717 0.726451 -0.258574
    outer loop
      vertex -68.1304 31.8696 38.6786
      vertex -68.2235 31.9512 38.6786
      vertex -68.2029 31.9781 38.8049
    endloop
  endfacet
  facet normal 0.318439 0.212899 0.923727
    outer loop
      vertex -68.4491 31.4692 40.2969
      vertex -68.545 31.3957 40.3469
      vertex -68.5216 31.3607 40.3469
    endloop
  endfacet
  facet normal 0.922401 0.0604486 0.381473
    outer loop
      vertex -67.8612 31.3236 39.7214
      vertex -67.9031 31.2 39.8423
      vertex -67.8531 31.2 39.7214
    endloop
  endfacet
  facet normal 0.820519 0.27843 -0.499225
    outer loop
      vertex -67.9337 31.4321 38.5577
      vertex -67.9969 31.4152 38.4444
      vertex -67.9714 31.5432 38.5577
    endloop
  endfacet
  facet normal 0.946829 -0.321738 0
    outer loop
      vertex -67.8781 -26.1819 39.4654
      vertex -67.8361 -26.0583 38.9346
      vertex -67.8361 -26.0583 39.4654
    endloop
  endfacet
  facet normal 0.946829 -0.321738 0
    outer loop
      vertex -67.8361 -26.0583 38.9346
      vertex -67.8781 -26.1819 39.4654
      vertex -67.8781 -26.1819 38.9346
    endloop
  endfacet
  facet normal 0.875064 0.29691 0.382241
    outer loop
      vertex -67.9251 31.5624 39.7214
      vertex -67.9337 31.4321 39.8423
      vertex -67.8853 31.4451 39.7214
    endloop
  endfacet
  facet normal 0.906652 -0.179838 0.381629
    outer loop
      vertex -67.8612 -25.9236 39.7214
      vertex -67.9108 -25.9171 39.8423
      vertex -67.8853 -26.0451 39.7214
    endloop
  endfacet
  facet normal 0.550506 0.82462 -0.130175
    outer loop
      vertex -68.1925 31.9917 38.9346
      vertex -68.3096 32.0494 38.8049
      vertex -68.3011 32.0642 38.9346
    endloop
  endfacet
  facet normal 0.180517 0.906524 -0.381612
    outer loop
      vertex -68.5679 32.0663 38.5577
      vertex -68.6829 32.0892 38.5577
      vertex -68.6764 32.1388 38.6786
    endloop
  endfacet
  facet normal 0.0632547 0.963881 -0.258714
    outer loop
      vertex -68.672 32.1724 38.8049
      vertex -68.8 32.1469 38.6786
      vertex -68.8 32.1808 38.8049
    endloop
  endfacet
  facet normal 0.0653456 0.989301 -0.130432
    outer loop
      vertex -68.6698 32.1893 38.9346
      vertex -68.8 32.1808 38.8049
      vertex -68.8 32.1979 38.9346
    endloop
  endfacet
  facet normal 0.227583 0.670505 -0.706136
    outer loop
      vertex -68.5477 31.8092 38.2482
      vertex -68.6054 31.9262 38.3407
      vertex -68.5123 31.8946 38.3407
    endloop
  endfacet
  facet normal 0.343434 -0.169728 -0.923713
    outer loop
      vertex -68.417 -26.0211 38.1031
      vertex -68.503 -25.923 38.0531
      vertex -68.3914 -25.9693 38.1031
    endloop
  endfacet
  facet normal 0.0747484 0.375726 -0.923711
    outer loop
      vertex -68.6855 31.6272 38.1031
      vertex -68.758 31.5187 38.0531
      vertex -68.7423 31.6385 38.1031
    endloop
  endfacet
  facet normal 0.0245608 0.382056 -0.923813
    outer loop
      vertex -68.758 31.5187 38.0531
      vertex -68.8 31.5214 38.0531
      vertex -68.8 31.6423 38.1031
    endloop
  endfacet
  facet normal -0.310901 0.914636 -0.258422
    outer loop
      vertex -95.5624 32.0748 38.6786
      vertex -95.5753 32.1061 38.8049
      vertex -95.4538 32.1474 38.8049
    endloop
  endfacet
  facet normal -0.311111 0.914618 -0.258232
    outer loop
      vertex -95.4451 32.1147 38.6786
      vertex -95.5624 32.0748 38.6786
      vertex -95.4538 32.1474 38.8049
    endloop
  endfacet
  facet normal -0.791815 -0.0518146 0.60856
    outer loop
      vertex -95.9518 -25.8 40.0593
      vertex -96.0315 -25.8 39.9556
      vertex -96.0244 -25.9085 39.9556
    endloop
  endfacet
  facet normal -0.989301 -0.0653456 0.130432
    outer loop
      vertex -96.1808 -25.8 39.5951
      vertex -96.1979 -25.8 39.4654
      vertex -96.1893 -25.9302 39.4654
    endloop
  endfacet
  facet normal -0.531906 -0.46706 0.70635
    outer loop
      vertex -95.7231 -26.2014 40.1518
      vertex -95.7965 -26.2577 40.0593
      vertex -95.6662 -26.2662 40.1518
    endloop
  endfacet
  facet normal -0.596624 -0.523598 0.608182
    outer loop
      vertex -95.7316 -26.3316 40.0593
      vertex -95.8596 -26.3062 39.9556
      vertex -95.7879 -26.3879 39.9556
    endloop
  endfacet
  facet normal -0.947453 -0.188286 0.258613
    outer loop
      vertex -96.1388 -25.9236 39.7214
      vertex -96.1724 -25.928 39.5951
      vertex -96.1474 -26.0538 39.5951
    endloop
  endfacet
  facet normal -0.79288 0 0.609378
    outer loop
      vertex -96.0315 -25.8 39.9556
      vertex -95.9518 31.2 40.0593
      vertex -96.0315 31.2 39.9556
    endloop
  endfacet
  facet normal -0.79288 0 0.609378
    outer loop
      vertex -95.9518 31.2 40.0593
      vertex -96.0315 -25.8 39.9556
      vertex -95.9518 -25.8 40.0593
    endloop
  endfacet
  facet normal -0.596624 -0.523598 -0.608182
    outer loop
      vertex -95.7879 -26.3879 38.4444
      vertex -95.8596 -26.3062 38.4444
      vertex -95.7316 -26.3316 38.3407
    endloop
  endfacet
  facet normal -0.745175 -0.653961 0.130575
    outer loop
      vertex -95.9781 -26.3971 39.5951
      vertex -95.9917 -26.4075 39.4654
      vertex -95.8935 -26.4935 39.5951
    endloop
  endfacet
  facet normal -0.946829 -0.321738 0
    outer loop
      vertex -96.1219 -26.1819 38.9346
      vertex -96.1639 -26.0583 39.4654
      vertex -96.1639 -26.0583 38.9346
    endloop
  endfacet
  facet normal -0.946829 -0.321738 0
    outer loop
      vertex -96.1639 -26.0583 39.4654
      vertex -96.1219 -26.1819 38.9346
      vertex -96.1219 -26.1819 39.4654
    endloop
  endfacet
  facet normal -0.513274 -0.768336 -0.382374
    outer loop
      vertex -95.6735 -26.6201 38.6786
      vertex -95.746 -26.5115 38.5577
      vertex -95.6484 -26.5767 38.5577
    endloop
  endfacet
  facet normal -0.513864 -0.768185 0.381884
    outer loop
      vertex -95.746 -26.5115 39.8423
      vertex -95.7765 -26.5512 39.7214
      vertex -95.6735 -26.6201 39.7214
    endloop
  endfacet
  facet normal -0.636717 -0.726451 -0.258574
    outer loop
      vertex -95.7971 -26.5781 38.8049
      vertex -95.8696 -26.4696 38.6786
      vertex -95.7765 -26.5512 38.6786
    endloop
  endfacet
  facet normal -0.55084 -0.824328 0.130606
    outer loop
      vertex -95.7971 -26.5781 39.5951
      vertex -95.8075 -26.5917 39.4654
      vertex -95.6904 -26.6494 39.5951
    endloop
  endfacet
  facet normal -0.571402 -0.651096 0.499573
    outer loop
      vertex -95.7879 -26.3879 39.9556
      vertex -95.8342 -26.4342 39.8423
      vertex -95.7062 -26.4596 39.9556
    endloop
  endfacet
  facet normal 0.0653456 -0.989301 -0.130432
    outer loop
      vertex -68.6698 -26.7893 38.9346
      vertex -68.8 -26.7979 38.9346
      vertex -68.8 -26.7808 38.8049
    endloop
  endfacet
  facet normal 0.408936 -0.828903 0.381695
    outer loop
      vertex -68.3516 -26.5767 39.8423
      vertex -68.4568 -26.6286 39.8423
      vertex -68.4376 -26.6748 39.7214
    endloop
  endfacet
  facet normal -0.596542 -0.523892 0.608009
    outer loop
      vertex -95.7965 -26.2577 40.0593
      vertex -95.8596 -26.3062 39.9556
      vertex -95.7316 -26.3316 40.0593
    endloop
  endfacet
  facet normal -0.802905 -0.537089 0.258608
    outer loop
      vertex -95.9512 -26.3765 39.7214
      vertex -96.0201 -26.2735 39.7214
      vertex -95.9781 -26.3971 39.5951
    endloop
  endfacet
  facet normal -0.402739 0.458115 -0.792421
    outer loop
      vertex -95.5928 31.5928 38.1685
      vertex -95.6014 31.7231 38.2482
      vertex -95.5382 31.6408 38.1685
    endloop
  endfacet
  facet normal -0.577427 0.195553 -0.792677
    outer loop
      vertex -95.7366 31.3438 38.1685
      vertex -95.8369 31.3707 38.2482
      vertex -95.7133 31.4126 38.1685
    endloop
  endfacet
  facet normal -0.130707 0.00871377 -0.991383
    outer loop
      vertex -95.2654 31.2 38.0021
      vertex -95.3951 31.2 38.0192
      vertex -95.3934 31.2255 38.0192
    endloop
  endfacet
  facet normal 0.0870445 0.0977342 -0.991399
    outer loop
      vertex -68.7538 31.2462 38.0021
      vertex -68.7602 31.2519 38.0021
      vertex -68.662 31.3379 38.0192
    endloop
  endfacet
  facet normal -0.751517 -0.25508 -0.608405
    outer loop
      vertex -95.8946 -26.0877 38.3407
      vertex -95.9682 -26.1182 38.4444
      vertex -95.9262 -25.9946 38.3407
    endloop
  endfacet
  facet normal -0.0460866 -0.706421 -0.70629
    outer loop
      vertex -95.2 -26.5518 38.3407
      vertex -95.2981 -26.5454 38.3407
      vertex -95.2861 -26.4537 38.2482
    endloop
  endfacet
  facet normal -0.499647 -0.0330801 -0.865597
    outer loop
      vertex -95.7508 -25.8725 38.1685
      vertex -95.7556 -25.8 38.1685
      vertex -95.6423 -25.8 38.1031
    endloop
  endfacet
  facet normal -0.820519 0.27843 -0.499225
    outer loop
      vertex -96.0031 31.4152 38.4444
      vertex -96.0663 31.4321 38.5577
      vertex -96.0286 31.5432 38.5577
    endloop
  endfacet
  facet normal -0.577486 0.196034 -0.792515
    outer loop
      vertex -95.7133 31.4126 38.1685
      vertex -95.8369 31.3707 38.2482
      vertex -95.8092 31.4523 38.2482
    endloop
  endfacet
  facet normal -0.778323 0.154858 -0.608467
    outer loop
      vertex -95.9454 31.2981 38.3407
      vertex -96.0244 31.3085 38.4444
      vertex -95.9262 31.3946 38.3407
    endloop
  endfacet
  facet normal -0.670509 0.227612 -0.706123
    outer loop
      vertex -95.8369 31.3707 38.2482
      vertex -95.9262 31.3946 38.3407
      vertex -95.8092 31.4523 38.2482
    endloop
  endfacet
  facet normal -0.849685 -0.169618 0.499264
    outer loop
      vertex -96.0244 -25.9085 39.9556
      vertex -96.0663 -26.0321 39.8423
      vertex -96.0031 -26.0152 39.9556
    endloop
  endfacet
  facet normal -0.408936 0.828903 0.381695
    outer loop
      vertex -95.5624 32.0748 39.7214
      vertex -95.6484 31.9767 39.8423
      vertex -95.5432 32.0286 39.8423
    endloop
  endfacet
  facet normal -0.119116 -0.598096 0.792523
    outer loop
      vertex -95.2725 -26.3508 40.2315
      vertex -95.3438 -26.3366 40.2315
      vertex -95.2861 -26.4537 40.1518
    endloop
  endfacet
  facet normal -0.0978221 -0.491177 0.86555
    outer loop
      vertex -95.2577 -26.2385 40.2969
      vertex -95.3438 -26.3366 40.2315
      vertex -95.2725 -26.3508 40.2315
    endloop
  endfacet
  facet normal -0.024493 -0.128589 0.991396
    outer loop
      vertex -95.2169 -25.8632 40.3979
      vertex -95.2255 -25.9934 40.3808
      vertex -95.2085 -25.8648 40.3979
    endloop
  endfacet
  facet normal 0.0604486 -0.922401 0.381473
    outer loop
      vertex -68.8 -26.6969 39.8423
      vertex -68.8 -26.7469 39.7214
      vertex -68.6764 -26.7388 39.7214
    endloop
  endfacet
  facet normal 0.694411 -0.13806 -0.70621
    outer loop
      vertex -68.0738 -25.9946 38.3407
      vertex -68.1631 -25.9706 38.2482
      vertex -68.1463 -25.8861 38.2482
    endloop
  endfacet
  facet normal 0.866071 0 -0.499921
    outer loop
      vertex -67.9031 -25.8 38.5577
      vertex -67.9685 31.2 38.4444
      vertex -67.9031 31.2 38.5577
    endloop
  endfacet
  facet normal 0.866071 0 -0.499921
    outer loop
      vertex -67.9685 31.2 38.4444
      vertex -67.9031 -25.8 38.5577
      vertex -67.9685 -25.8 38.4444
    endloop
  endfacet
  facet normal 0.438144 -0.889425 -0.130206
    outer loop
      vertex -68.3011 -26.6642 38.9346
      vertex -68.4247 -26.7061 38.8049
      vertex -68.3096 -26.6494 38.8049
    endloop
  endfacet
  facet normal 0.0659086 -0.997826 0
    outer loop
      vertex -68.8 -26.7979 38.9346
      vertex -68.6698 -26.7893 39.4654
      vertex -68.8 -26.7979 39.4654
    endloop
  endfacet
  facet normal 0.0659086 -0.997826 0
    outer loop
      vertex -68.6698 -26.7893 39.4654
      vertex -68.8 -26.7979 38.9346
      vertex -68.6698 -26.7893 38.9346
    endloop
  endfacet
  facet normal -0.0649283 -0.989383 0.130019
    outer loop
      vertex -95.328 -26.7724 39.5951
      vertex -95.3302 -26.7893 39.4654
      vertex -95.2 -26.7808 39.5951
    endloop
  endfacet
  facet normal 0.947453 -0.188286 0.258613
    outer loop
      vertex -67.8276 -25.928 39.5951
      vertex -67.8612 -25.9236 39.7214
      vertex -67.8526 -26.0538 39.5951
    endloop
  endfacet
  facet normal 0.997826 -0.0659086 0
    outer loop
      vertex -67.8107 -25.9302 39.4654
      vertex -67.8021 -25.8 38.9346
      vertex -67.8021 -25.8 39.4654
    endloop
  endfacet
  facet normal 0.997826 -0.0659086 0
    outer loop
      vertex -67.8021 -25.8 38.9346
      vertex -67.8107 -25.9302 39.4654
      vertex -67.8107 -25.9302 38.9346
    endloop
  endfacet
  facet normal -0.00871377 -0.130707 -0.991383
    outer loop
      vertex -95.2 -25.9951 38.0192
      vertex -95.2255 -25.9934 38.0192
      vertex -95.2 -25.8654 38.0021
    endloop
  endfacet
  facet normal 0.216334 0.143207 -0.965759
    outer loop
      vertex -68.6311 31.2975 38.0192
      vertex -68.6452 31.3188 38.0192
      vertex -68.5216 31.3607 38.0531
    endloop
  endfacet
  facet normal 0.711761 0.351136 -0.608358
    outer loop
      vertex -68.0318 31.5182 38.4444
      vertex -68.1489 31.5759 38.3407
      vertex -68.0799 31.6157 38.4444
    endloop
  endfacet
  facet normal 0.965815 0 -0.259233
    outer loop
      vertex -67.8192 -25.8 38.8049
      vertex -67.8531 31.2 38.6786
      vertex -67.8192 31.2 38.8049
    endloop
  endfacet
  facet normal 0.965815 0 -0.259233
    outer loop
      vertex -67.8531 31.2 38.6786
      vertex -67.8192 -25.8 38.8049
      vertex -67.8531 -25.8 38.6786
    endloop
  endfacet
  facet normal -0.866649 0.426924 0.258178
    outer loop
      vertex -96.0494 31.6904 39.5951
      vertex -96.1061 31.5753 39.5951
      vertex -96.0201 31.6735 39.7214
    endloop
  endfacet
  facet normal -0.392977 0.588746 -0.706362
    outer loop
      vertex -95.6014 31.7231 38.2482
      vertex -95.6577 31.7965 38.3407
      vertex -95.5759 31.8511 38.3407
    endloop
  endfacet
  facet normal -0.546891 0.269912 -0.792501
    outer loop
      vertex -95.7133 31.4126 38.1685
      vertex -95.8092 31.4523 38.2482
      vertex -95.771 31.5297 38.2482
    endloop
  endfacet
  facet normal -0.330634 0.376096 -0.865582
    outer loop
      vertex -95.5127 31.5127 38.1031
      vertex -95.5928 31.5928 38.1685
      vertex -95.5382 31.6408 38.1685
    endloop
  endfacet
  facet normal -0.25508 0.751517 0.608405
    outer loop
      vertex -95.3946 31.9262 40.0593
      vertex -95.5182 31.9682 39.9556
      vertex -95.4877 31.8946 40.0593
    endloop
  endfacet
  facet normal 0 0.609378 -0.79288
    outer loop
      vertex -95.2 31.7556 38.1685
      vertex -68.8 31.8593 38.2482
      vertex -68.8 31.7556 38.1685
    endloop
  endfacet
  facet normal 0 0.609378 -0.79288
    outer loop
      vertex -68.8 31.8593 38.2482
      vertex -95.2 31.7556 38.1685
      vertex -95.2 31.8593 38.2482
    endloop
  endfacet
  facet normal 0.0330801 0.499647 -0.865597
    outer loop
      vertex -68.7275 31.7508 38.1685
      vertex -68.8 31.6423 38.1031
      vertex -68.8 31.7556 38.1685
    endloop
  endfacet
  facet normal -0.00871377 0.130707 -0.991383
    outer loop
      vertex -95.2 31.2654 38.0021
      vertex -95.2255 31.3934 38.0192
      vertex -95.2 31.3951 38.0192
    endloop
  endfacet
  facet normal 0 0.259233 -0.965815
    outer loop
      vertex -95.2 31.3951 38.0192
      vertex -68.8 31.5214 38.0531
      vertex -68.8 31.3951 38.0192
    endloop
  endfacet
  facet normal 0 0.259233 -0.965815
    outer loop
      vertex -68.8 31.5214 38.0531
      vertex -95.2 31.3951 38.0192
      vertex -95.2 31.5214 38.0531
    endloop
  endfacet
  facet normal -0.550506 0.82462 -0.130175
    outer loop
      vertex -95.6904 32.0494 38.8049
      vertex -95.8075 31.9917 38.9346
      vertex -95.6989 32.0642 38.9346
    endloop
  endfacet
  facet normal -0.660364 -0.440781 0.607973
    outer loop
      vertex -95.8511 -26.1759 40.0593
      vertex -95.8596 -26.3062 39.9556
      vertex -95.7965 -26.2577 40.0593
    endloop
  endfacet
  facet normal -0.160659 -0.474391 0.86553
    outer loop
      vertex -95.3145 -26.2272 40.2969
      vertex -95.4126 -26.3133 40.2315
      vertex -95.3438 -26.3366 40.2315
    endloop
  endfacet
  facet normal 0.866649 -0.426924 0.258178
    outer loop
      vertex -67.8939 -26.1753 39.5951
      vertex -67.9799 -26.2735 39.7214
      vertex -67.9506 -26.2904 39.5951
    endloop
  endfacet
  facet normal -0.130707 -0.00871377 0.991383
    outer loop
      vertex -95.2654 -25.8 40.3979
      vertex -95.3951 -25.8 40.3808
      vertex -95.3934 -25.8255 40.3808
    endloop
  endfacet
  facet normal 0.144323 -0.215868 0.965698
    outer loop
      vertex -68.6043 -26.055 40.3469
      vertex -68.7025 -25.969 40.3808
      vertex -68.6393 -26.0784 40.3469
    endloop
  endfacet
  facet normal -0.608589 -0.039583 0.792498
    outer loop
      vertex -95.7508 -25.8725 40.2315
      vertex -95.8593 -25.8 40.1518
      vertex -95.8537 -25.8861 40.1518
    endloop
  endfacet
  facet normal -0.546891 -0.269912 0.792501
    outer loop
      vertex -95.7133 -26.0126 40.2315
      vertex -95.8092 -26.0523 40.1518
      vertex -95.771 -26.1297 40.1518
    endloop
  endfacet
  facet normal -0.270021 -0.546751 0.79256
    outer loop
      vertex -95.4778 -26.2811 40.2315
      vertex -95.5297 -26.371 40.1518
      vertex -95.4126 -26.3133 40.2315
    endloop
  endfacet
  facet normal -0.402358 -0.458221 0.792554
    outer loop
      vertex -95.5928 -26.1928 40.2315
      vertex -95.6662 -26.2662 40.1518
      vertex -95.6014 -26.3231 40.1518
    endloop
  endfacet
  facet normal -0.0653456 0.989301 -0.130432
    outer loop
      vertex -95.2 32.1808 38.8049
      vertex -95.3302 32.1893 38.9346
      vertex -95.2 32.1979 38.9346
    endloop
  endfacet
  facet normal -0.906279 0.180468 -0.382217
    outer loop
      vertex -96.0892 31.3171 38.5577
      vertex -96.1147 31.4451 38.6786
      vertex -96.0663 31.4321 38.5577
    endloop
  endfacet
  facet normal -0.297015 0.875288 0.381646
    outer loop
      vertex -95.4321 32.0663 39.8423
      vertex -95.5624 32.0748 39.7214
      vertex -95.5432 32.0286 39.8423
    endloop
  endfacet
  facet normal 0.438511 0.889181 -0.130634
    outer loop
      vertex -68.3011 32.0642 38.9346
      vertex -68.4247 32.1061 38.8049
      vertex -68.4181 32.1219 38.9346
    endloop
  endfacet
  facet normal -0.99142 0 -0.130712
    outer loop
      vertex -96.1808 -25.8 38.8049
      vertex -96.1979 31.2 38.9346
      vertex -96.1808 31.2 38.8049
    endloop
  endfacet
  facet normal -0.99142 -0 -0.130712
    outer loop
      vertex -96.1979 31.2 38.9346
      vertex -96.1808 -25.8 38.8049
      vertex -96.1979 -25.8 38.9346
    endloop
  endfacet
  facet normal -0.824376 0.550872 -0.130171
    outer loop
      vertex -96.0494 31.6904 38.8049
      vertex -96.0642 31.6989 38.9346
      vertex -95.9781 31.7971 38.8049
    endloop
  endfacet
  facet normal -0.072264 0.109165 0.991393
    outer loop
      vertex -95.2327 31.2566 40.3979
      vertex -95.2975 31.369 40.3808
      vertex -95.2398 31.2519 40.3979
    endloop
  endfacet
  facet normal -0.171143 0.195239 0.965708
    outer loop
      vertex -95.3957 31.455 40.3469
      vertex -95.4273 31.4273 40.3469
      vertex -95.338 31.3379 40.3808
    endloop
  endfacet
  facet normal -0.751841 -0.25475 0.608143
    outer loop
      vertex -95.9262 -25.9946 40.0593
      vertex -96.0031 -26.0152 39.9556
      vertex -95.9682 -26.1182 39.9556
    endloop
  endfacet
  facet normal -0.57754 -0.195591 0.792586
    outer loop
      vertex -95.7366 -25.9438 40.2315
      vertex -95.8369 -25.9706 40.1518
      vertex -95.7133 -26.0126 40.2315
    endloop
  endfacet
  facet normal 0.221864 0.448927 0.865587
    outer loop
      vertex -68.5874 31.7133 40.2315
      vertex -68.6307 31.6086 40.2969
      vertex -68.5789 31.583 40.2969
    endloop
  endfacet
  facet normal 0.351059 0.711802 0.608355
    outer loop
      vertex -68.3843 31.9201 39.9556
      vertex -68.5123 31.8946 40.0593
      vertex -68.4241 31.8511 40.0593
    endloop
  endfacet
  facet normal -0.0568645 0.864784 -0.498915
    outer loop
      vertex -95.3085 32.0244 38.4444
      vertex -95.3171 32.0892 38.5577
      vertex -95.2 32.0969 38.5577
    endloop
  endfacet
  facet normal -0.169249 0.84994 -0.498956
    outer loop
      vertex -95.3085 32.0244 38.4444
      vertex -95.4321 32.0663 38.5577
      vertex -95.3171 32.0892 38.5577
    endloop
  endfacet
  facet normal 0.138149 0.694343 -0.70626
    outer loop
      vertex -68.6054 31.9262 38.3407
      vertex -68.7139 31.8537 38.2482
      vertex -68.7019 31.9454 38.3407
    endloop
  endfacet
  facet normal 0.0460866 0.706421 -0.70629
    outer loop
      vertex -68.7139 31.8537 38.2482
      vertex -68.8 31.9518 38.3407
      vertex -68.7019 31.9454 38.3407
    endloop
  endfacet
  facet normal -0.119116 0.598096 0.792523
    outer loop
      vertex -95.2861 31.8537 40.1518
      vertex -95.3438 31.7366 40.2315
      vertex -95.2725 31.7508 40.2315
    endloop
  endfacet
  facet normal 0.0330801 0.499647 0.865597
    outer loop
      vertex -68.8 31.7556 40.2315
      vertex -68.8 31.6423 40.2969
      vertex -68.7275 31.7508 40.2315
    endloop
  endfacet
  facet normal 0.0978451 0.0871433 0.991379
    outer loop
      vertex -68.6452 31.3188 40.3808
      vertex -68.7538 31.2462 40.3979
      vertex -68.7481 31.2398 40.3979
    endloop
  endfacet
  facet normal 0.499647 0.0330801 0.865597
    outer loop
      vertex -68.2492 31.2725 40.2315
      vertex -68.3577 31.2 40.2969
      vertex -68.2444 31.2 40.2315
    endloop
  endfacet
  facet normal 0.670505 -0.227583 0.706136
    outer loop
      vertex -68.0738 -25.9946 40.0593
      vertex -68.1908 -26.0523 40.1518
      vertex -68.1054 -26.0877 40.0593
    endloop
  endfacet
  facet normal 0.608883 0.0403122 0.792235
    outer loop
      vertex -68.1407 31.2 40.1518
      vertex -68.2492 31.2725 40.2315
      vertex -68.2444 31.2 40.2315
    endloop
  endfacet
  facet normal 0.694411 -0.13806 0.70621
    outer loop
      vertex -68.1463 -25.8861 40.1518
      vertex -68.1631 -25.9706 40.1518
      vertex -68.0738 -25.9946 40.0593
    endloop
  endfacet
  facet normal 0.577486 0.196034 0.792515
    outer loop
      vertex -68.1908 31.4523 40.1518
      vertex -68.2867 31.4126 40.2315
      vertex -68.1631 31.3707 40.1518
    endloop
  endfacet
  facet normal 0.596624 0.523598 0.608182
    outer loop
      vertex -68.2121 31.7879 39.9556
      vertex -68.2684 31.7316 40.0593
      vertex -68.1404 31.7062 39.9556
    endloop
  endfacet
  facet normal 0.25508 0.751517 0.608405
    outer loop
      vertex -68.4818 31.9682 39.9556
      vertex -68.6054 31.9262 40.0593
      vertex -68.5123 31.8946 40.0593
    endloop
  endfacet
  facet normal 0.745149 0.653999 0.13053
    outer loop
      vertex -68.0944 31.9056 39.4654
      vertex -68.1065 31.8935 39.5951
      vertex -68.0083 31.8075 39.4654
    endloop
  endfacet
  facet normal 0.972497 0.193263 0.129995
    outer loop
      vertex -67.8107 31.3302 39.4654
      vertex -67.8526 31.4538 39.5951
      vertex -67.8276 31.328 39.5951
    endloop
  endfacet
  facet normal 0.963886 0.0631673 0.258715
    outer loop
      vertex -67.8192 31.2 39.5951
      vertex -67.8612 31.3236 39.7214
      vertex -67.8531 31.2 39.7214
    endloop
  endfacet
  facet normal 0.694343 0.138149 0.70626
    outer loop
      vertex -68.0738 31.3946 40.0593
      vertex -68.1463 31.2861 40.1518
      vertex -68.0546 31.2981 40.0593
    endloop
  endfacet
  facet normal 0.318983 0.938721 -0.130587
    outer loop
      vertex -68.4247 32.1061 38.8049
      vertex -68.5417 32.1639 38.9346
      vertex -68.4181 32.1219 38.9346
    endloop
  endfacet
  facet normal 0.791815 0.0518146 -0.60856
    outer loop
      vertex -67.9685 31.2 38.4444
      vertex -68.0482 31.2 38.3407
      vertex -67.9756 31.3085 38.4444
    endloop
  endfacet
  facet normal 0.438511 0.889181 0.130634
    outer loop
      vertex -68.4181 32.1219 39.4654
      vertex -68.4247 32.1061 39.5951
      vertex -68.3011 32.0642 39.4654
    endloop
  endfacet
  facet normal 0.187961 0.947606 -0.25829
    outer loop
      vertex -68.5549 32.1147 38.6786
      vertex -68.6764 32.1388 38.6786
      vertex -68.5462 32.1474 38.8049
    endloop
  endfacet
  facet normal 0.383423 0.777209 -0.498932
    outer loop
      vertex -68.3843 31.9201 38.4444
      vertex -68.4818 31.9682 38.4444
      vertex -68.4568 32.0286 38.5577
    endloop
  endfacet
  facet normal 0.0631687 0.963908 0.258632
    outer loop
      vertex -68.672 32.1724 39.5951
      vertex -68.8 32.1469 39.7214
      vertex -68.6764 32.1388 39.7214
    endloop
  endfacet
  facet normal 0.11746 0.0579672 -0.991384
    outer loop
      vertex -68.7396 31.225 38.0021
      vertex -68.7434 31.2327 38.0021
      vertex -68.6198 31.2747 38.0192
    endloop
  endfacet
  facet normal 0.0166627 0.259197 -0.965681
    outer loop
      vertex -68.758 31.5187 38.0531
      vertex -68.8 31.3951 38.0192
      vertex -68.8 31.5214 38.0531
    endloop
  endfacet
  facet normal 0.0978221 0.491177 -0.86555
    outer loop
      vertex -68.6562 31.7366 38.1685
      vertex -68.7423 31.6385 38.1031
      vertex -68.7275 31.7508 38.1685
    endloop
  endfacet
  facet normal 0.0747771 0.375709 -0.923716
    outer loop
      vertex -68.7168 31.5105 38.0531
      vertex -68.758 31.5187 38.0531
      vertex -68.6855 31.6272 38.1031
    endloop
  endfacet
  facet normal 0.499734 0.0329114 -0.865554
    outer loop
      vertex -68.3577 31.2 38.1031
      vertex -68.3615 31.2577 38.1031
      vertex -68.2492 31.2725 38.1685
    endloop
  endfacet
  facet normal 0.711762 0.351039 -0.608413
    outer loop
      vertex -68.1054 31.4877 38.3407
      vertex -68.1489 31.5759 38.3407
      vertex -68.0318 31.5182 38.4444
    endloop
  endfacet
  facet normal 0.499921 0 -0.866071
    outer loop
      vertex -68.3577 -25.8 38.1031
      vertex -68.2444 31.2 38.1685
      vertex -68.2444 -25.8 38.1685
    endloop
  endfacet
  facet normal 0.499921 0 -0.866071
    outer loop
      vertex -68.2444 31.2 38.1685
      vertex -68.3577 -25.8 38.1031
      vertex -68.3577 31.2 38.1031
    endloop
  endfacet
  facet normal 0.123048 0.362765 -0.923721
    outer loop
      vertex -68.677 31.497 38.0531
      vertex -68.7168 31.5105 38.0531
      vertex -68.6855 31.6272 38.1031
    endloop
  endfacet
  facet normal -0.193263 0.972497 -0.129995
    outer loop
      vertex -95.328 32.1724 38.8049
      vertex -95.4538 32.1474 38.8049
      vertex -95.3302 32.1893 38.9346
    endloop
  endfacet
  facet normal 0 0.965815 -0.259233
    outer loop
      vertex -68.8 32.1469 38.6786
      vertex -95.2 32.1808 38.8049
      vertex -68.8 32.1808 38.8049
    endloop
  endfacet
  facet normal 0 0.965815 -0.259233
    outer loop
      vertex -95.2 32.1808 38.8049
      vertex -68.8 32.1469 38.6786
      vertex -95.2 32.1469 38.6786
    endloop
  endfacet
  facet normal -0.319081 0.938701 -0.130489
    outer loop
      vertex -95.4538 32.1474 38.8049
      vertex -95.5753 32.1061 38.8049
      vertex -95.4583 32.1639 38.9346
    endloop
  endfacet
  facet normal -0.866541 -0.427421 -0.257718
    outer loop
      vertex -96.0201 -26.2735 38.6786
      vertex -96.1061 -26.1753 38.8049
      vertex -96.0749 -26.1624 38.6786
    endloop
  endfacet
  facet normal -0.824376 -0.550872 0.130171
    outer loop
      vertex -96.0494 -26.2904 39.5951
      vertex -96.0642 -26.2989 39.4654
      vertex -95.9781 -26.3971 39.5951
    endloop
  endfacet
  facet normal -0.571131 -0.651666 0.499139
    outer loop
      vertex -95.7062 -26.4596 39.9556
      vertex -95.8342 -26.4342 39.8423
      vertex -95.746 -26.5115 39.8423
    endloop
  endfacet
  facet normal -0.803264 -0.536764 0.258171
    outer loop
      vertex -96.0201 -26.2735 39.7214
      vertex -96.0494 -26.2904 39.5951
      vertex -95.9781 -26.3971 39.5951
    endloop
  endfacet
  facet normal -0.7919 -0.0516632 0.608461
    outer loop
      vertex -95.9518 -25.8 40.0593
      vertex -96.0244 -25.9085 39.9556
      vertex -95.9454 -25.8981 40.0593
    endloop
  endfacet
  facet normal -0.711761 -0.351136 0.608358
    outer loop
      vertex -95.8511 -26.1759 40.0593
      vertex -95.9682 -26.1182 39.9556
      vertex -95.9201 -26.2157 39.9556
    endloop
  endfacet
  facet normal -0.864683 -0.056583 -0.49912
    outer loop
      vertex -96.0244 -25.9085 38.4444
      vertex -96.0969 -25.8 38.5577
      vertex -96.0315 -25.8 38.4444
    endloop
  endfacet
  facet normal -0.778323 -0.154858 -0.608467
    outer loop
      vertex -95.9262 -25.9946 38.3407
      vertex -96.0244 -25.9085 38.4444
      vertex -95.9454 -25.8981 38.3407
    endloop
  endfacet
  facet normal -0.922316 0.0606476 -0.381647
    outer loop
      vertex -96.0969 31.2 38.5577
      vertex -96.1388 31.3236 38.6786
      vertex -96.0892 31.3171 38.5577
    endloop
  endfacet
  facet normal -0.751841 0.25475 -0.608143
    outer loop
      vertex -95.9262 31.3946 38.3407
      vertex -96.0031 31.4152 38.4444
      vertex -95.9682 31.5182 38.4444
    endloop
  endfacet
  facet normal -0.989301 -0.0653456 -0.130432
    outer loop
      vertex -96.1893 -25.9302 38.9346
      vertex -96.1979 -25.8 38.9346
      vertex -96.1808 -25.8 38.8049
    endloop
  endfacet
  facet normal -0.824573 -0.550475 -0.130602
    outer loop
      vertex -95.9917 -26.4075 38.9346
      vertex -96.0642 -26.2989 38.9346
      vertex -95.9781 -26.3971 38.8049
    endloop
  endfacet
  facet normal -0.914807 -0.310959 -0.257746
    outer loop
      vertex -96.1061 -26.1753 38.8049
      vertex -96.1474 -26.0538 38.8049
      vertex -96.0749 -26.1624 38.6786
    endloop
  endfacet
  facet normal -0.866649 -0.426924 0.258178
    outer loop
      vertex -96.0201 -26.2735 39.7214
      vertex -96.1061 -26.1753 39.5951
      vertex -96.0494 -26.2904 39.5951
    endloop
  endfacet
  facet normal -0.831697 -0.55523 0
    outer loop
      vertex -95.9917 -26.4075 38.9346
      vertex -96.0642 -26.2989 39.4654
      vertex -96.0642 -26.2989 38.9346
    endloop
  endfacet
  facet normal -0.831697 -0.55523 0
    outer loop
      vertex -96.0642 -26.2989 39.4654
      vertex -95.9917 -26.4075 38.9346
      vertex -95.9917 -26.4075 39.4654
    endloop
  endfacet
  facet normal -0.659643 -0.751579 0
    outer loop
      vertex -95.9056 -26.5056 38.9346
      vertex -95.8075 -26.5917 39.4654
      vertex -95.9056 -26.5056 39.4654
    endloop
  endfacet
  facet normal -0.659643 -0.751579 -0
    outer loop
      vertex -95.8075 -26.5917 39.4654
      vertex -95.9056 -26.5056 38.9346
      vertex -95.8075 -26.5917 38.9346
    endloop
  endfacet
  facet normal -0.179792 -0.90642 -0.3822
    outer loop
      vertex -95.3236 -26.7388 38.6786
      vertex -95.4451 -26.7147 38.6786
      vertex -95.4321 -26.6663 38.5577
    endloop
  endfacet
  facet normal -0.513864 -0.768185 -0.381884
    outer loop
      vertex -95.6735 -26.6201 38.6786
      vertex -95.7765 -26.5512 38.6786
      vertex -95.746 -26.5115 38.5577
    endloop
  endfacet
  facet normal -0.726567 -0.636819 -0.257996
    outer loop
      vertex -95.8935 -26.4935 38.8049
      vertex -95.9512 -26.3765 38.6786
      vertex -95.8696 -26.4696 38.6786
    endloop
  endfacet
  facet normal -0.745175 -0.653961 -0.130575
    outer loop
      vertex -95.8935 -26.4935 38.8049
      vertex -95.9917 -26.4075 38.9346
      vertex -95.9781 -26.3971 38.8049
    endloop
  endfacet
  facet normal -0.227583 -0.670505 -0.706136
    outer loop
      vertex -95.3946 -26.5262 38.3407
      vertex -95.4877 -26.4946 38.3407
      vertex -95.4523 -26.4092 38.2482
    endloop
  endfacet
  facet normal -0.056583 -0.864683 0.49912
    outer loop
      vertex -95.2 -26.6315 39.9556
      vertex -95.3085 -26.6244 39.9556
      vertex -95.2 -26.6969 39.8423
    endloop
  endfacet
  facet normal 0 -0.79288 0.609378
    outer loop
      vertex -95.2 -26.6315 39.9556
      vertex -68.8 -26.5518 40.0593
      vertex -95.2 -26.5518 40.0593
    endloop
  endfacet
  facet normal 0 -0.79288 0.609378
    outer loop
      vertex -68.8 -26.5518 40.0593
      vertex -95.2 -26.6315 39.9556
      vertex -68.8 -26.6315 39.9556
    endloop
  endfacet
  facet normal -0.536764 -0.803264 0.258171
    outer loop
      vertex -95.6735 -26.6201 39.7214
      vertex -95.7971 -26.5781 39.5951
      vertex -95.6904 -26.6494 39.5951
    endloop
  endfacet
  facet normal -0.609172 -0.695024 0.381904
    outer loop
      vertex -95.746 -26.5115 39.8423
      vertex -95.8696 -26.4696 39.7214
      vertex -95.7765 -26.5512 39.7214
    endloop
  endfacet
  facet normal -0.297581 -0.874843 0.382225
    outer loop
      vertex -95.4321 -26.6663 39.8423
      vertex -95.5624 -26.6748 39.7214
      vertex -95.4451 -26.7147 39.7214
    endloop
  endfacet
  facet normal -0.438511 -0.889181 0.130634
    outer loop
      vertex -95.5753 -26.7061 39.5951
      vertex -95.6989 -26.6642 39.4654
      vertex -95.5819 -26.7219 39.4654
    endloop
  endfacet
  facet normal -0.458339 0.402462 -0.792433
    outer loop
      vertex -95.6408 31.5382 38.1685
      vertex -95.7231 31.6014 38.2482
      vertex -95.6662 31.6662 38.2482
    endloop
  endfacet
  facet normal -0.598096 0.119116 -0.792523
    outer loop
      vertex -95.7508 31.2725 38.1685
      vertex -95.8537 31.2861 38.2482
      vertex -95.7366 31.3438 38.1685
    endloop
  endfacet
  facet normal -0.402358 -0.458221 -0.792554
    outer loop
      vertex -95.6014 -26.3231 38.2482
      vertex -95.6662 -26.2662 38.2482
      vertex -95.5928 -26.1928 38.1685
    endloop
  endfacet
  facet normal -0.259233 0 -0.965815
    outer loop
      vertex -95.5214 -25.8 38.0531
      vertex -95.3951 31.2 38.0192
      vertex -95.3951 -25.8 38.0192
    endloop
  endfacet
  facet normal -0.259233 0 -0.965815
    outer loop
      vertex -95.3951 31.2 38.0192
      vertex -95.5214 -25.8 38.0531
      vertex -95.5214 31.2 38.0531
    endloop
  endfacet
  facet normal -0.130707 -0.00871377 -0.991383
    outer loop
      vertex -95.3934 -25.8255 38.0192
      vertex -95.3951 -25.8 38.0192
      vertex -95.2654 -25.8 38.0021
    endloop
  endfacet
  facet normal 0 -0.866071 -0.499921
    outer loop
      vertex -95.2 -26.6315 38.4444
      vertex -68.8 -26.6969 38.5577
      vertex -95.2 -26.6969 38.5577
    endloop
  endfacet
  facet normal 0 -0.866071 -0.499921
    outer loop
      vertex -68.8 -26.6969 38.5577
      vertex -95.2 -26.6315 38.4444
      vertex -68.8 -26.6315 38.4444
    endloop
  endfacet
  facet normal -0.123761 -0.0427814 -0.991389
    outer loop
      vertex -95.2604 -25.825 38.0021
      vertex -95.3802 -25.8747 38.0192
      vertex -95.2632 -25.8169 38.0021
    endloop
  endfacet
  facet normal -0.866649 -0.426924 -0.258178
    outer loop
      vertex -96.0494 -26.2904 38.8049
      vertex -96.1061 -26.1753 38.8049
      vertex -96.0201 -26.2735 38.6786
    endloop
  endfacet
  facet normal -0.777208 -0.383433 -0.498925
    outer loop
      vertex -95.9767 -26.2484 38.5577
      vertex -96.0286 -26.1432 38.5577
      vertex -95.9201 -26.2157 38.4444
    endloop
  endfacet
  facet normal -0.608883 -0.0403122 -0.792235
    outer loop
      vertex -95.7508 -25.8725 38.1685
      vertex -95.8593 -25.8 38.2482
      vertex -95.7556 -25.8 38.1685
    endloop
  endfacet
  facet normal -0.820519 -0.27843 -0.499225
    outer loop
      vertex -96.0286 -26.1432 38.5577
      vertex -96.0663 -26.0321 38.5577
      vertex -96.0031 -26.0152 38.4444
    endloop
  endfacet
  facet normal -0.499647 0.0330801 -0.865597
    outer loop
      vertex -95.6423 31.2 38.1031
      vertex -95.7556 31.2 38.1685
      vertex -95.7508 31.2725 38.1685
    endloop
  endfacet
  facet normal -0.608883 0.0403122 -0.792235
    outer loop
      vertex -95.7556 31.2 38.1685
      vertex -95.8593 31.2 38.2482
      vertex -95.7508 31.2725 38.1685
    endloop
  endfacet
  facet normal -0.670505 0.227583 -0.706136
    outer loop
      vertex -95.8092 31.4523 38.2482
      vertex -95.9262 31.3946 38.3407
      vertex -95.8946 31.4877 38.3407
    endloop
  endfacet
  facet normal -0.7919 0.0516632 -0.608461
    outer loop
      vertex -95.9518 31.2 38.3407
      vertex -96.0244 31.3085 38.4444
      vertex -95.9454 31.2981 38.3407
    endloop
  endfacet
  facet normal -0.598002 0.118752 -0.792648
    outer loop
      vertex -95.7366 31.3438 38.1685
      vertex -95.8537 31.2861 38.2482
      vertex -95.8369 31.3707 38.2482
    endloop
  endfacet
  facet normal -0.706421 0.0460866 -0.70629
    outer loop
      vertex -95.8537 31.2861 38.2482
      vertex -95.9518 31.2 38.3407
      vertex -95.9454 31.2981 38.3407
    endloop
  endfacet
  facet normal -0.0747771 -0.375709 0.923716
    outer loop
      vertex -95.2832 -26.1105 40.3469
      vertex -95.3145 -26.2272 40.2969
      vertex -95.242 -26.1187 40.3469
    endloop
  endfacet
  facet normal -0.0460866 -0.706421 0.70629
    outer loop
      vertex -95.2861 -26.4537 40.1518
      vertex -95.2981 -26.5454 40.0593
      vertex -95.2 -26.5518 40.0593
    endloop
  endfacet
  facet normal -0.0459421 -0.70636 0.70636
    outer loop
      vertex -95.2 -26.4593 40.1518
      vertex -95.2861 -26.4537 40.1518
      vertex -95.2 -26.5518 40.0593
    endloop
  endfacet
  facet normal -0.0251728 -0.382229 0.923725
    outer loop
      vertex -95.242 -26.1187 40.3469
      vertex -95.2577 -26.2385 40.2969
      vertex -95.2 -26.2423 40.2969
    endloop
  endfacet
  facet normal -0.0403122 -0.608883 0.792235
    outer loop
      vertex -95.2 -26.3556 40.2315
      vertex -95.2725 -26.3508 40.2315
      vertex -95.2 -26.4593 40.1518
    endloop
  endfacet
  facet normal 0.706421 -0.0460866 0.70629
    outer loop
      vertex -68.0482 -25.8 40.0593
      vertex -68.1463 -25.8861 40.1518
      vertex -68.0546 -25.8981 40.0593
    endloop
  endfacet
  facet normal -0.0427814 -0.123761 0.991389
    outer loop
      vertex -95.225 -25.8604 40.3979
      vertex -95.2747 -25.9802 40.3808
      vertex -95.2169 -25.8632 40.3979
    endloop
  endfacet
  facet normal 0.192835 -0.972526 0.130412
    outer loop
      vertex -68.5462 -26.7474 39.5951
      vertex -68.6698 -26.7893 39.4654
      vertex -68.5417 -26.7639 39.4654
    endloop
  endfacet
  facet normal 0.383423 -0.777209 0.498932
    outer loop
      vertex -68.3843 -26.5201 39.9556
      vertex -68.4818 -26.5682 39.9556
      vertex -68.4568 -26.6286 39.8423
    endloop
  endfacet
  facet normal 0.828695 -0.408753 0.382341
    outer loop
      vertex -67.9251 -26.1624 39.7214
      vertex -68.0233 -26.2484 39.8423
      vertex -67.9799 -26.2735 39.7214
    endloop
  endfacet
  facet normal 0.382172 0 0.924091
    outer loop
      vertex -68.4786 31.2 40.3469
      vertex -68.3577 -25.8 40.2969
      vertex -68.3577 31.2 40.2969
    endloop
  endfacet
  facet normal 0.382172 0 0.924091
    outer loop
      vertex -68.3577 -25.8 40.2969
      vertex -68.4786 31.2 40.3469
      vertex -68.4786 -25.8 40.3469
    endloop
  endfacet
  facet normal 0.70636 0.0459421 0.70636
    outer loop
      vertex -68.0482 31.2 40.0593
      vertex -68.1463 31.2861 40.1518
      vertex -68.1407 31.2 40.1518
    endloop
  endfacet
  facet normal 0.849685 0.169618 0.499264
    outer loop
      vertex -67.9337 31.4321 39.8423
      vertex -67.9969 31.4152 39.9556
      vertex -67.9756 31.3085 39.9556
    endloop
  endfacet
  facet normal 0.536764 -0.803264 0.258171
    outer loop
      vertex -68.2029 -26.5781 39.5951
      vertex -68.3265 -26.6201 39.7214
      vertex -68.3096 -26.6494 39.5951
    endloop
  endfacet
  facet normal 0.442301 -0.896867 0
    outer loop
      vertex -68.4181 -26.7219 38.9346
      vertex -68.3011 -26.6642 39.4654
      vertex -68.4181 -26.7219 39.4654
    endloop
  endfacet
  facet normal 0.442301 -0.896867 0
    outer loop
      vertex -68.3011 -26.6642 39.4654
      vertex -68.4181 -26.7219 38.9346
      vertex -68.3011 -26.6642 38.9346
    endloop
  endfacet
  facet normal 0.745175 -0.653961 0.130575
    outer loop
      vertex -68.0219 -26.3971 39.5951
      vertex -68.1065 -26.4935 39.5951
      vertex -68.0083 -26.4075 39.4654
    endloop
  endfacet
  facet normal 0.745149 -0.653999 0.13053
    outer loop
      vertex -68.0083 -26.4075 39.4654
      vertex -68.1065 -26.4935 39.5951
      vertex -68.0944 -26.5056 39.4654
    endloop
  endfacet
  facet normal 0.653961 -0.745175 -0.130575
    outer loop
      vertex -68.1925 -26.5917 38.9346
      vertex -68.2029 -26.5781 38.8049
      vertex -68.1065 -26.4935 38.8049
    endloop
  endfacet
  facet normal -0.313195 -0.63503 -0.706148
    outer loop
      vertex -95.4877 -26.4946 38.3407
      vertex -95.5759 -26.4511 38.3407
      vertex -95.4523 -26.4092 38.2482
    endloop
  endfacet
  facet normal 0 -0.499921 -0.866071
    outer loop
      vertex -95.2 -26.3556 38.1685
      vertex -68.8 -26.2423 38.1031
      vertex -68.8 -26.3556 38.1685
    endloop
  endfacet
  facet normal -0 -0.499921 -0.866071
    outer loop
      vertex -68.8 -26.2423 38.1031
      vertex -95.2 -26.3556 38.1685
      vertex -95.2 -26.2423 38.1031
    endloop
  endfacet
  facet normal -0.169728 -0.343434 -0.923713
    outer loop
      vertex -95.3693 -26.2086 38.1031
      vertex -95.4211 -26.183 38.1031
      vertex -95.323 -26.097 38.0531
    endloop
  endfacet
  facet normal -0.0631687 -0.963908 -0.258632
    outer loop
      vertex -95.2 -26.7469 38.6786
      vertex -95.328 -26.7724 38.8049
      vertex -95.3236 -26.7388 38.6786
    endloop
  endfacet
  facet normal 0.351059 -0.711802 -0.608355
    outer loop
      vertex -68.3843 -26.5201 38.4444
      vertex -68.5123 -26.4946 38.3407
      vertex -68.4241 -26.4511 38.3407
    endloop
  endfacet
  facet normal 0.889181 -0.438511 -0.130634
    outer loop
      vertex -67.8781 -26.1819 38.9346
      vertex -67.9358 -26.2989 38.9346
      vertex -67.8939 -26.1753 38.8049
    endloop
  endfacet
  facet normal 0.70636 0.0459421 -0.70636
    outer loop
      vertex -68.1407 31.2 38.2482
      vertex -68.1463 31.2861 38.2482
      vertex -68.0482 31.2 38.3407
    endloop
  endfacet
  facet normal 0.980903 -0.194496 0
    outer loop
      vertex -67.8361 -26.0583 39.4654
      vertex -67.8107 -25.9302 38.9346
      vertex -67.8107 -25.9302 39.4654
    endloop
  endfacet
  facet normal 0.980903 -0.194496 0
    outer loop
      vertex -67.8107 -25.9302 38.9346
      vertex -67.8361 -26.0583 39.4654
      vertex -67.8361 -26.0583 38.9346
    endloop
  endfacet
  facet normal 0.408156 -0.828997 -0.382326
    outer loop
      vertex -68.3265 -26.6201 38.6786
      vertex -68.4376 -26.6748 38.6786
      vertex -68.3516 -26.5767 38.5577
    endloop
  endfacet
  facet normal 0.938701 -0.319081 -0.130489
    outer loop
      vertex -67.8361 -26.0583 38.9346
      vertex -67.8939 -26.1753 38.8049
      vertex -67.8526 -26.0538 38.8049
    endloop
  endfacet
  facet normal 0.00921932 -0.130607 -0.991391
    outer loop
      vertex -68.7745 -25.9934 38.0192
      vertex -68.8 -25.8654 38.0021
      vertex -68.7915 -25.8648 38.0021
    endloop
  endfacet
  facet normal 0.382172 0 -0.924091
    outer loop
      vertex -68.4786 -25.8 38.0531
      vertex -68.3577 31.2 38.1031
      vertex -68.3577 -25.8 38.1031
    endloop
  endfacet
  facet normal 0.382172 0 -0.924091
    outer loop
      vertex -68.3577 31.2 38.1031
      vertex -68.4786 -25.8 38.0531
      vertex -68.4786 31.2 38.0531
    endloop
  endfacet
  facet normal 0.864683 0.056583 -0.49912
    outer loop
      vertex -67.9685 31.2 38.4444
      vertex -67.9756 31.3085 38.4444
      vertex -67.9031 31.2 38.5577
    endloop
  endfacet
  facet normal 0.777209 0.383423 -0.498932
    outer loop
      vertex -68.0318 31.5182 38.4444
      vertex -68.0799 31.6157 38.4444
      vertex -67.9714 31.5432 38.5577
    endloop
  endfacet
  facet normal -0.313327 0.634857 -0.706246
    outer loop
      vertex -95.5297 31.771 38.2482
      vertex -95.5759 31.8511 38.3407
      vertex -95.4523 31.8092 38.2482
    endloop
  endfacet
  facet normal -0.0460866 0.706421 -0.70629
    outer loop
      vertex -95.2861 31.8537 38.2482
      vertex -95.2981 31.9454 38.3407
      vertex -95.2 31.9518 38.3407
    endloop
  endfacet
  facet normal -0.072264 0.109165 -0.991393
    outer loop
      vertex -95.2398 31.2519 38.0021
      vertex -95.2975 31.369 38.0192
      vertex -95.2327 31.2566 38.0021
    endloop
  endfacet
  facet normal -0.416435 0.277912 -0.865648
    outer loop
      vertex -95.583 31.4211 38.1031
      vertex -95.6408 31.5382 38.1685
      vertex -95.5509 31.4692 38.1031
    endloop
  endfacet
  facet normal -0.84994 0.169249 -0.498956
    outer loop
      vertex -96.0244 31.3085 38.4444
      vertex -96.0892 31.3171 38.5577
      vertex -96.0663 31.4321 38.5577
    endloop
  endfacet
  facet normal -0.914853 0.31041 -0.258244
    outer loop
      vertex -96.1147 31.4451 38.6786
      vertex -96.1474 31.4538 38.8049
      vertex -96.0749 31.5624 38.6786
    endloop
  endfacet
  facet normal -0.278116 0.820802 -0.498935
    outer loop
      vertex -95.5182 31.9682 38.4444
      vertex -95.5432 32.0286 38.5577
      vertex -95.4152 32.0031 38.4444
    endloop
  endfacet
  facet normal -0.408156 0.828997 -0.382326
    outer loop
      vertex -95.6484 31.9767 38.5577
      vertex -95.6735 32.0201 38.6786
      vertex -95.5624 32.0748 38.6786
    endloop
  endfacet
  facet normal -0.828686 0.408829 -0.38228
    outer loop
      vertex -96.0286 31.5432 38.5577
      vertex -96.0749 31.5624 38.6786
      vertex -95.9767 31.6484 38.5577
    endloop
  endfacet
  facet normal -0.726051 0.637177 -0.258564
    outer loop
      vertex -95.9512 31.7765 38.6786
      vertex -95.9781 31.7971 38.8049
      vertex -95.8935 31.8935 38.8049
    endloop
  endfacet
  facet normal 0.0403122 0.608883 -0.792235
    outer loop
      vertex -68.7275 31.7508 38.1685
      vertex -68.8 31.7556 38.1685
      vertex -68.8 31.8593 38.2482
    endloop
  endfacet
  facet normal -0.118752 0.598002 -0.792648
    outer loop
      vertex -95.3438 31.7366 38.1685
      vertex -95.3707 31.8369 38.2482
      vertex -95.2861 31.8537 38.2482
    endloop
  endfacet
  facet normal -0.128506 -0.0257012 -0.991376
    outer loop
      vertex -95.3884 -25.8505 38.0192
      vertex -95.3934 -25.8255 38.0192
      vertex -95.2632 -25.8169 38.0021
    endloop
  endfacet
  facet normal -0.375722 0.0747796 -0.92371
    outer loop
      vertex -95.5187 31.242 38.0531
      vertex -95.6385 31.2577 38.1031
      vertex -95.5105 31.2832 38.0531
    endloop
  endfacet
  facet normal -0.039583 0.608589 -0.792498
    outer loop
      vertex -95.2725 31.7508 38.1685
      vertex -95.2861 31.8537 38.2482
      vertex -95.2 31.8593 38.2482
    endloop
  endfacet
  facet normal -0.287935 0.252853 -0.923666
    outer loop
      vertex -95.4273 31.4273 38.0531
      vertex -95.5509 31.4692 38.1031
      vertex -95.5127 31.5127 38.1031
    endloop
  endfacet
  facet normal -0.33875 -0.507064 0.792549
    outer loop
      vertex -95.4778 -26.2811 40.2315
      vertex -95.6014 -26.3231 40.1518
      vertex -95.5297 -26.371 40.1518
    endloop
  endfacet
  facet normal -0.330634 -0.376096 0.865582
    outer loop
      vertex -95.5127 -26.1127 40.2969
      vertex -95.5928 -26.1928 40.2315
      vertex -95.5382 -26.2408 40.2315
    endloop
  endfacet
  facet normal -0.0833023 -0.245843 0.965723
    outer loop
      vertex -95.2747 -25.9802 40.3808
      vertex -95.323 -26.097 40.3469
      vertex -95.2505 -25.9884 40.3808
    endloop
  endfacet
  facet normal -0.216334 -0.143207 0.965759
    outer loop
      vertex -95.3689 -25.8975 40.3808
      vertex -95.4784 -25.9607 40.3469
      vertex -95.3548 -25.9188 40.3808
    endloop
  endfacet
  facet normal -0.277925 -0.416454 0.865635
    outer loop
      vertex -95.4692 -26.1509 40.2969
      vertex -95.4778 -26.2811 40.2315
      vertex -95.4211 -26.183 40.2969
    endloop
  endfacet
  facet normal -0.287935 -0.252853 0.923666
    outer loop
      vertex -95.4273 -26.0273 40.3469
      vertex -95.5509 -26.0692 40.2969
      vertex -95.5127 -26.1127 40.2969
    endloop
  endfacet
  facet normal 0.351059 -0.711802 0.608355
    outer loop
      vertex -68.4241 -26.4511 40.0593
      vertex -68.5123 -26.4946 40.0593
      vertex -68.3843 -26.5201 39.9556
    endloop
  endfacet
  facet normal -0.00871377 -0.130707 0.991383
    outer loop
      vertex -95.2 -25.8654 40.3979
      vertex -95.2255 -25.9934 40.3808
      vertex -95.2 -25.9951 40.3808
    endloop
  endfacet
  facet normal -0.0977293 -0.491241 0.865524
    outer loop
      vertex -95.3145 -26.2272 40.2969
      vertex -95.3438 -26.3366 40.2315
      vertex -95.2577 -26.2385 40.2969
    endloop
  endfacet
  facet normal -0.0330801 -0.499647 0.865597
    outer loop
      vertex -95.2 -26.2423 40.2969
      vertex -95.2725 -26.3508 40.2315
      vertex -95.2 -26.3556 40.2315
    endloop
  endfacet
  facet normal -0.130712 0 0.99142
    outer loop
      vertex -95.3951 31.2 40.3808
      vertex -95.2654 -25.8 40.3979
      vertex -95.2654 31.2 40.3979
    endloop
  endfacet
  facet normal -0.130712 0 0.99142
    outer loop
      vertex -95.2654 -25.8 40.3979
      vertex -95.3951 31.2 40.3808
      vertex -95.3951 -25.8 40.3808
    endloop
  endfacet
  facet normal -0.124117 0.0420562 0.991376
    outer loop
      vertex -95.3802 31.2747 40.3808
      vertex -95.3884 31.2505 40.3808
      vertex -95.2632 31.2169 40.3979
    endloop
  endfacet
  facet normal -0.694411 -0.13806 0.70621
    outer loop
      vertex -95.8537 -25.8861 40.1518
      vertex -95.9262 -25.9946 40.0593
      vertex -95.8369 -25.9706 40.1518
    endloop
  endfacet
  facet normal -0.751517 -0.25508 0.608405
    outer loop
      vertex -95.9262 -25.9946 40.0593
      vertex -95.9682 -26.1182 39.9556
      vertex -95.8946 -26.0877 40.0593
    endloop
  endfacet
  facet normal -0.768185 -0.513864 0.381884
    outer loop
      vertex -95.9115 -26.346 39.8423
      vertex -96.0201 -26.2735 39.7214
      vertex -95.9512 -26.3765 39.7214
    endloop
  endfacet
  facet normal -0.393292 -0.588706 0.70622
    outer loop
      vertex -95.5297 -26.371 40.1518
      vertex -95.6014 -26.3231 40.1518
      vertex -95.5759 -26.4511 40.0593
    endloop
  endfacet
  facet normal -0.25475 -0.751841 0.608143
    outer loop
      vertex -95.3946 -26.5262 40.0593
      vertex -95.5182 -26.5682 39.9556
      vertex -95.4152 -26.6031 39.9556
    endloop
  endfacet
  facet normal -0.179792 -0.90642 0.3822
    outer loop
      vertex -95.4321 -26.6663 39.8423
      vertex -95.4451 -26.7147 39.7214
      vertex -95.3236 -26.7388 39.7214
    endloop
  endfacet
  facet normal -0.319081 0.938701 0.130489
    outer loop
      vertex -95.4583 32.1639 39.4654
      vertex -95.5753 32.1061 39.5951
      vertex -95.4538 32.1474 39.5951
    endloop
  endfacet
  facet normal -0.297581 0.874843 -0.382225
    outer loop
      vertex -95.4321 32.0663 38.5577
      vertex -95.5624 32.0748 38.6786
      vertex -95.4451 32.1147 38.6786
    endloop
  endfacet
  facet normal 0.0257012 -0.128506 0.991376
    outer loop
      vertex -68.7495 -25.9884 40.3808
      vertex -68.7831 -25.8632 40.3979
      vertex -68.7745 -25.9934 40.3808
    endloop
  endfacet
  facet normal -0.192835 0.972526 0.130412
    outer loop
      vertex -95.3302 32.1893 39.4654
      vertex -95.4583 32.1639 39.4654
      vertex -95.4538 32.1474 39.5951
    endloop
  endfacet
  facet normal -0.803264 0.536764 -0.258171
    outer loop
      vertex -96.0201 31.6735 38.6786
      vertex -96.0494 31.6904 38.8049
      vertex -95.9781 31.7971 38.8049
    endloop
  endfacet
  facet normal -0.48134 0.720533 -0.499144
    outer loop
      vertex -95.7062 31.8596 38.4444
      vertex -95.746 31.9115 38.5577
      vertex -95.6484 31.9767 38.5577
    endloop
  endfacet
  facet normal -0.922401 0.0604486 0.381473
    outer loop
      vertex -96.1388 31.3236 39.7214
      vertex -96.1469 31.2 39.7214
      vertex -96.0969 31.2 39.8423
    endloop
  endfacet
  facet normal -0.711761 0.351136 0.608358
    outer loop
      vertex -95.9201 31.6157 39.9556
      vertex -95.9682 31.5182 39.9556
      vertex -95.8511 31.5759 40.0593
    endloop
  endfacet
  facet normal -0.849685 0.169618 0.499264
    outer loop
      vertex -96.0031 31.4152 39.9556
      vertex -96.0663 31.4321 39.8423
      vertex -96.0244 31.3085 39.9556
    endloop
  endfacet
  facet normal -0.277925 0.416454 0.865635
    outer loop
      vertex -95.4211 31.583 40.2969
      vertex -95.4778 31.6811 40.2315
      vertex -95.4692 31.5509 40.2969
    endloop
  endfacet
  facet normal 0.245819 0.0832941 0.96573
    outer loop
      vertex -68.4895 31.2832 40.3469
      vertex -68.6198 31.2747 40.3808
      vertex -68.6116 31.2505 40.3808
    endloop
  endfacet
  facet normal 0 -0.259233 0.965815
    outer loop
      vertex -95.2 -25.9951 40.3808
      vertex -68.8 -26.1214 40.3469
      vertex -68.8 -25.9951 40.3808
    endloop
  endfacet
  facet normal 0 -0.259233 0.965815
    outer loop
      vertex -68.8 -26.1214 40.3469
      vertex -95.2 -25.9951 40.3808
      vertex -95.2 -26.1214 40.3469
    endloop
  endfacet
  facet normal -0.382056 -0.0245608 0.923813
    outer loop
      vertex -95.5214 -25.8 40.3469
      vertex -95.6423 -25.8 40.2969
      vertex -95.5187 -25.842 40.3469
    endloop
  endfacet
  facet normal -0.608883 -0.0403122 0.792235
    outer loop
      vertex -95.7556 -25.8 40.2315
      vertex -95.8593 -25.8 40.1518
      vertex -95.7508 -25.8725 40.2315
    endloop
  endfacet
  facet normal -0.70636 -0.0459421 0.70636
    outer loop
      vertex -95.8593 -25.8 40.1518
      vertex -95.9518 -25.8 40.0593
      vertex -95.8537 -25.8861 40.1518
    endloop
  endfacet
  facet normal -0.467078 0.531927 0.706323
    outer loop
      vertex -95.6014 31.7231 40.1518
      vertex -95.7316 31.7316 40.0593
      vertex -95.6662 31.6662 40.1518
    endloop
  endfacet
  facet normal 0.441242 0.660039 0.607991
    outer loop
      vertex -68.2938 31.8596 39.9556
      vertex -68.3843 31.9201 39.9556
      vertex -68.3423 31.7965 40.0593
    endloop
  endfacet
  facet normal 0.768336 0.513274 0.382374
    outer loop
      vertex -67.9799 31.6735 39.7214
      vertex -68.0885 31.746 39.8423
      vertex -68.0233 31.6484 39.8423
    endloop
  endfacet
  facet normal 0.297015 0.875288 0.381646
    outer loop
      vertex -68.4376 32.0748 39.7214
      vertex -68.5679 32.0663 39.8423
      vertex -68.4568 32.0286 39.8423
    endloop
  endfacet
  facet normal 0 0.707107 0.707107
    outer loop
      vertex -68.8 31.9518 40.0593
      vertex -95.2 31.8593 40.1518
      vertex -68.8 31.8593 40.1518
    endloop
  endfacet
  facet normal 0 0.707107 0.707107
    outer loop
      vertex -95.2 31.8593 40.1518
      vertex -68.8 31.9518 40.0593
      vertex -95.2 31.9518 40.0593
    endloop
  endfacet
  facet normal 0.0568645 0.864784 -0.498915
    outer loop
      vertex -68.6915 32.0244 38.4444
      vertex -68.8 32.0969 38.5577
      vertex -68.6829 32.0892 38.5577
    endloop
  endfacet
  facet normal 0.179792 0.90642 -0.3822
    outer loop
      vertex -68.5679 32.0663 38.5577
      vertex -68.6764 32.1388 38.6786
      vertex -68.5549 32.1147 38.6786
    endloop
  endfacet
  facet normal 0 0.79288 -0.609378
    outer loop
      vertex -68.8 31.9518 38.3407
      vertex -95.2 32.0315 38.4444
      vertex -68.8 32.0315 38.4444
    endloop
  endfacet
  facet normal 0 0.79288 -0.609378
    outer loop
      vertex -95.2 32.0315 38.4444
      vertex -68.8 31.9518 38.3407
      vertex -95.2 31.9518 38.3407
    endloop
  endfacet
  facet normal 0.119116 0.598096 -0.792523
    outer loop
      vertex -68.6562 31.7366 38.1685
      vertex -68.7275 31.7508 38.1685
      vertex -68.7139 31.8537 38.2482
    endloop
  endfacet
  facet normal 0.039583 0.608589 -0.792498
    outer loop
      vertex -68.7275 31.7508 38.1685
      vertex -68.8 31.8593 38.2482
      vertex -68.7139 31.8537 38.2482
    endloop
  endfacet
  facet normal 0.277872 0.416464 0.865647
    outer loop
      vertex -68.5222 31.6811 40.2315
      vertex -68.5308 31.5509 40.2969
      vertex -68.4618 31.6408 40.2315
    endloop
  endfacet
  facet normal 0.277925 0.416454 0.865635
    outer loop
      vertex -68.5222 31.6811 40.2315
      vertex -68.5789 31.583 40.2969
      vertex -68.5308 31.5509 40.2969
    endloop
  endfacet
  facet normal 0.376187 0.330353 0.86565
    outer loop
      vertex -68.3592 31.5382 40.2315
      vertex -68.4873 31.5127 40.2969
      vertex -68.4491 31.4692 40.2969
    endloop
  endfacet
  facet normal 0.362794 0.123058 0.923708
    outer loop
      vertex -68.3914 31.3693 40.2969
      vertex -68.503 31.323 40.3469
      vertex -68.4895 31.2832 40.3469
    endloop
  endfacet
  facet normal -0.109234 0.0723098 0.991382
    outer loop
      vertex -95.2519 31.2398 40.3979
      vertex -95.3548 31.3188 40.3808
      vertex -95.2566 31.2327 40.3979
    endloop
  endfacet
  facet normal 0.194942 0.171468 0.96571
    outer loop
      vertex -68.5727 31.4273 40.3469
      vertex -68.662 31.3379 40.3808
      vertex -68.6452 31.3188 40.3808
    endloop
  endfacet
  facet normal 0.448935 0.221713 0.865622
    outer loop
      vertex -68.3189 31.4778 40.2315
      vertex -68.417 31.4211 40.2969
      vertex -68.2867 31.4126 40.2315
    endloop
  endfacet
  facet normal 0.416435 0.277912 0.865648
    outer loop
      vertex -68.3592 31.5382 40.2315
      vertex -68.4491 31.4692 40.2969
      vertex -68.417 31.4211 40.2969
    endloop
  endfacet
  facet normal 0.63503 0.313195 0.706148
    outer loop
      vertex -68.1489 31.5759 40.0593
      vertex -68.1908 31.4523 40.1518
      vertex -68.1054 31.4877 40.0593
    endloop
  endfacet
  facet normal 0.507194 0.338837 0.792429
    outer loop
      vertex -68.2769 31.6014 40.1518
      vertex -68.3592 31.5382 40.2315
      vertex -68.229 31.5297 40.1518
    endloop
  endfacet
  facet normal 0.906279 0.180468 0.382217
    outer loop
      vertex -67.8853 31.4451 39.7214
      vertex -67.9337 31.4321 39.8423
      vertex -67.9108 31.3171 39.8423
    endloop
  endfacet
  facet normal 0.778323 0.154858 0.608467
    outer loop
      vertex -67.9756 31.3085 39.9556
      vertex -68.0738 31.3946 40.0593
      vertex -68.0546 31.2981 40.0593
    endloop
  endfacet
  facet normal 0.777208 0.383433 0.498925
    outer loop
      vertex -68.0233 31.6484 39.8423
      vertex -68.0799 31.6157 39.9556
      vertex -67.9714 31.5432 39.8423
    endloop
  endfacet
  facet normal 0.947606 0.187961 0.25829
    outer loop
      vertex -67.8526 31.4538 39.5951
      vertex -67.8853 31.4451 39.7214
      vertex -67.8612 31.3236 39.7214
    endloop
  endfacet
  facet normal 0.972526 0.192835 0.130412
    outer loop
      vertex -67.8361 31.4583 39.4654
      vertex -67.8526 31.4538 39.5951
      vertex -67.8107 31.3302 39.4654
    endloop
  endfacet
  facet normal 0.408156 0.828997 0.382326
    outer loop
      vertex -68.3265 32.0201 39.7214
      vertex -68.4376 32.0748 39.7214
      vertex -68.3516 31.9767 39.8423
    endloop
  endfacet
  facet normal 0 0.99142 0.130712
    outer loop
      vertex -68.8 32.1979 39.4654
      vertex -95.2 32.1808 39.5951
      vertex -68.8 32.1808 39.5951
    endloop
  endfacet
  facet normal 0 0.99142 0.130712
    outer loop
      vertex -95.2 32.1808 39.5951
      vertex -68.8 32.1979 39.4654
      vertex -95.2 32.1979 39.4654
    endloop
  endfacet
  facet normal 0 0.965815 0.259233
    outer loop
      vertex -68.8 32.1808 39.5951
      vertex -95.2 32.1469 39.7214
      vertex -68.8 32.1469 39.7214
    endloop
  endfacet
  facet normal 0 0.965815 0.259233
    outer loop
      vertex -95.2 32.1469 39.7214
      vertex -68.8 32.1808 39.5951
      vertex -95.2 32.1808 39.5951
    endloop
  endfacet
  facet normal 0.531892 0.467115 -0.706325
    outer loop
      vertex -68.2035 31.6577 38.3407
      vertex -68.3338 31.6662 38.2482
      vertex -68.2684 31.7316 38.3407
    endloop
  endfacet
  facet normal 0.609156 0.695053 -0.381878
    outer loop
      vertex -68.1658 31.8342 38.5577
      vertex -68.254 31.9115 38.5577
      vertex -68.1304 31.8696 38.6786
    endloop
  endfacet
  facet normal 0.778323 0.154858 -0.608467
    outer loop
      vertex -68.0546 31.2981 38.3407
      vertex -68.0738 31.3946 38.3407
      vertex -67.9756 31.3085 38.4444
    endloop
  endfacet
  facet normal 0.252516 0.288069 -0.923716
    outer loop
      vertex -68.5727 31.4273 38.0531
      vertex -68.6043 31.455 38.0531
      vertex -68.5308 31.5509 38.1031
    endloop
  endfacet
  facet normal 0.27843 0.820519 -0.499225
    outer loop
      vertex -68.4568 32.0286 38.5577
      vertex -68.5848 32.0031 38.4444
      vertex -68.5679 32.0663 38.5577
    endloop
  endfacet
  facet normal 0.0518146 0.791815 -0.60856
    outer loop
      vertex -68.6915 32.0244 38.4444
      vertex -68.8 31.9518 38.3407
      vertex -68.8 32.0315 38.4444
    endloop
  endfacet
  facet normal 0.914807 0.310959 -0.257746
    outer loop
      vertex -67.8526 31.4538 38.8049
      vertex -67.9251 31.5624 38.6786
      vertex -67.8939 31.5753 38.8049
    endloop
  endfacet
  facet normal 0.408936 0.828903 -0.381695
    outer loop
      vertex -68.3516 31.9767 38.5577
      vertex -68.4568 32.0286 38.5577
      vertex -68.4376 32.0748 38.6786
    endloop
  endfacet
  facet normal 0.0329114 0.499734 -0.865554
    outer loop
      vertex -68.7423 31.6385 38.1031
      vertex -68.8 31.6423 38.1031
      vertex -68.7275 31.7508 38.1685
    endloop
  endfacet
  facet normal -0.0833023 -0.245843 -0.965723
    outer loop
      vertex -95.2505 -25.9884 38.0192
      vertex -95.323 -26.097 38.0531
      vertex -95.2747 -25.9802 38.0192
    endloop
  endfacet
  facet normal -0.254496 0.0508992 -0.965733
    outer loop
      vertex -95.3934 31.2255 38.0192
      vertex -95.5105 31.2832 38.0531
      vertex -95.3884 31.2505 38.0192
    endloop
  endfacet
  facet normal -0.160932 0.474144 -0.865615
    outer loop
      vertex -95.3693 31.6086 38.1031
      vertex -95.4126 31.7133 38.1685
      vertex -95.3145 31.6272 38.1031
    endloop
  endfacet
  facet normal -0.0245608 0.382056 -0.923813
    outer loop
      vertex -95.2 31.5214 38.0531
      vertex -95.242 31.5187 38.0531
      vertex -95.2 31.6423 38.1031
    endloop
  endfacet
  facet normal 0.596542 0.523892 -0.608009
    outer loop
      vertex -68.2035 31.6577 38.3407
      vertex -68.2684 31.7316 38.3407
      vertex -68.1404 31.7062 38.4444
    endloop
  endfacet
  facet normal 0.0577381 0.117538 -0.991388
    outer loop
      vertex -68.7025 31.369 38.0192
      vertex -68.7673 31.2566 38.0021
      vertex -68.7253 31.3802 38.0192
    endloop
  endfacet
  facet normal 0.330353 0.376187 -0.86565
    outer loop
      vertex -68.4873 31.5127 38.1031
      vertex -68.5308 31.5509 38.1031
      vertex -68.4618 31.6408 38.1685
    endloop
  endfacet
  facet normal 0.659825 0.441098 -0.608328
    outer loop
      vertex -68.0799 31.6157 38.4444
      vertex -68.1489 31.5759 38.3407
      vertex -68.1404 31.7062 38.4444
    endloop
  endfacet
  facet normal 0.947453 0.188286 -0.258613
    outer loop
      vertex -67.8276 31.328 38.8049
      vertex -67.8612 31.3236 38.6786
      vertex -67.8526 31.4538 38.8049
    endloop
  endfacet
  facet normal 0.751517 0.25508 -0.608405
    outer loop
      vertex -68.0738 31.3946 38.3407
      vertex -68.1054 31.4877 38.3407
      vertex -68.0318 31.5182 38.4444
    endloop
  endfacet
  facet normal -0.0257012 0.128506 -0.991376
    outer loop
      vertex -95.2169 31.2632 38.0021
      vertex -95.2505 31.3884 38.0192
      vertex -95.2255 31.3934 38.0192
    endloop
  endfacet
  facet normal 0.259197 0.0166627 -0.965681
    outer loop
      vertex -68.4786 31.2 38.0531
      vertex -68.6049 31.2 38.0192
      vertex -68.4813 31.242 38.0531
    endloop
  endfacet
  facet normal 0.546891 0.269912 -0.792501
    outer loop
      vertex -68.1908 31.4523 38.2482
      vertex -68.2867 31.4126 38.1685
      vertex -68.229 31.5297 38.2482
    endloop
  endfacet
  facet normal 0.491177 0.0978221 -0.86555
    outer loop
      vertex -68.2492 31.2725 38.1685
      vertex -68.3615 31.2577 38.1031
      vertex -68.2634 31.3438 38.1685
    endloop
  endfacet
  facet normal -0.726567 0.636819 0.257996
    outer loop
      vertex -95.8935 31.8935 39.5951
      vertex -95.9512 31.7765 39.7214
      vertex -95.8696 31.8696 39.7214
    endloop
  endfacet
  facet normal 0 0.99142 -0.130712
    outer loop
      vertex -68.8 32.1808 38.8049
      vertex -95.2 32.1979 38.9346
      vertex -68.8 32.1979 38.9346
    endloop
  endfacet
  facet normal 0 0.99142 -0.130712
    outer loop
      vertex -95.2 32.1979 38.9346
      vertex -68.8 32.1808 38.8049
      vertex -95.2 32.1808 38.8049
    endloop
  endfacet
  facet normal -0.828695 -0.408753 0.382341
    outer loop
      vertex -95.9767 -26.2484 39.8423
      vertex -96.0749 -26.1624 39.7214
      vertex -96.0201 -26.2735 39.7214
    endloop
  endfacet
  facet normal -0.914807 -0.310959 0.257746
    outer loop
      vertex -96.0749 -26.1624 39.7214
      vertex -96.1474 -26.0538 39.5951
      vertex -96.1061 -26.1753 39.5951
    endloop
  endfacet
  facet normal -0.989383 -0.0649283 0.130019
    outer loop
      vertex -96.1808 -25.8 39.5951
      vertex -96.1893 -25.9302 39.4654
      vertex -96.1724 -25.928 39.5951
    endloop
  endfacet
  facet normal -0.972526 -0.192835 0.130412
    outer loop
      vertex -96.1474 -26.0538 39.5951
      vertex -96.1893 -25.9302 39.4654
      vertex -96.1639 -26.0583 39.4654
    endloop
  endfacet
  facet normal -0.924091 0 -0.382172
    outer loop
      vertex -96.0969 -25.8 38.5577
      vertex -96.1469 31.2 38.6786
      vertex -96.0969 31.2 38.5577
    endloop
  endfacet
  facet normal -0.924091 -0 -0.382172
    outer loop
      vertex -96.1469 31.2 38.6786
      vertex -96.0969 -25.8 38.5577
      vertex -96.1469 -25.8 38.6786
    endloop
  endfacet
  facet normal -0.965815 0 -0.259233
    outer loop
      vertex -96.1469 -25.8 38.6786
      vertex -96.1808 31.2 38.8049
      vertex -96.1469 31.2 38.6786
    endloop
  endfacet
  facet normal -0.965815 -0 -0.259233
    outer loop
      vertex -96.1808 31.2 38.8049
      vertex -96.1469 -25.8 38.6786
      vertex -96.1808 -25.8 38.8049
    endloop
  endfacet
  facet normal -0.906652 -0.179838 -0.381629
    outer loop
      vertex -96.1147 -26.0451 38.6786
      vertex -96.1388 -25.9236 38.6786
      vertex -96.0892 -25.9171 38.5577
    endloop
  endfacet
  facet normal -0.694343 -0.138149 -0.70626
    outer loop
      vertex -95.9262 -25.9946 38.3407
      vertex -95.9454 -25.8981 38.3407
      vertex -95.8537 -25.8861 38.2482
    endloop
  endfacet
  facet normal -0.938701 0.319081 0.130489
    outer loop
      vertex -96.1061 31.5753 39.5951
      vertex -96.1639 31.4583 39.4654
      vertex -96.1474 31.4538 39.5951
    endloop
  endfacet
  facet normal -0.726051 -0.637177 0.258564
    outer loop
      vertex -95.9512 -26.3765 39.7214
      vertex -95.9781 -26.3971 39.5951
      vertex -95.8935 -26.4935 39.5951
    endloop
  endfacet
  facet normal -0.875064 -0.29691 0.382241
    outer loop
      vertex -96.0663 -26.0321 39.8423
      vertex -96.1147 -26.0451 39.7214
      vertex -96.0749 -26.1624 39.7214
    endloop
  endfacet
  facet normal -0.889425 -0.438144 0.130206
    outer loop
      vertex -96.0494 -26.2904 39.5951
      vertex -96.1061 -26.1753 39.5951
      vertex -96.0642 -26.2989 39.4654
    endloop
  endfacet
  facet normal -0.726051 -0.637177 -0.258564
    outer loop
      vertex -95.8935 -26.4935 38.8049
      vertex -95.9781 -26.3971 38.8049
      vertex -95.9512 -26.3765 38.6786
    endloop
  endfacet
  facet normal -0.824573 -0.550475 0.130602
    outer loop
      vertex -95.9781 -26.3971 39.5951
      vertex -96.0642 -26.2989 39.4654
      vertex -95.9917 -26.4075 39.4654
    endloop
  endfacet
  facet normal -0.550506 -0.82462 -0.130175
    outer loop
      vertex -95.6989 -26.6642 38.9346
      vertex -95.8075 -26.5917 38.9346
      vertex -95.6904 -26.6494 38.8049
    endloop
  endfacet
  facet normal -0.55084 -0.824328 -0.130606
    outer loop
      vertex -95.6904 -26.6494 38.8049
      vertex -95.8075 -26.5917 38.9346
      vertex -95.7971 -26.5781 38.8049
    endloop
  endfacet
  facet normal -0.803264 -0.536764 -0.258171
    outer loop
      vertex -95.9781 -26.3971 38.8049
      vertex -96.0494 -26.2904 38.8049
      vertex -96.0201 -26.2735 38.6786
    endloop
  endfacet
  facet normal -0.670505 -0.227583 -0.706136
    outer loop
      vertex -95.8946 -26.0877 38.3407
      vertex -95.9262 -25.9946 38.3407
      vertex -95.8092 -26.0523 38.2482
    endloop
  endfacet
  facet normal -0.408156 -0.828997 -0.382326
    outer loop
      vertex -95.5624 -26.6748 38.6786
      vertex -95.6735 -26.6201 38.6786
      vertex -95.6484 -26.5767 38.5577
    endloop
  endfacet
  facet normal 0.221864 -0.448927 -0.865587
    outer loop
      vertex -68.5874 -26.3133 38.1685
      vertex -68.6307 -26.2086 38.1031
      vertex -68.5789 -26.183 38.1031
    endloop
  endfacet
  facet normal -0.383433 -0.777208 -0.498925
    outer loop
      vertex -95.5432 -26.6286 38.5577
      vertex -95.6484 -26.5767 38.5577
      vertex -95.6157 -26.5201 38.4444
    endloop
  endfacet
  facet normal -0.0568645 -0.864784 -0.498915
    outer loop
      vertex -95.2 -26.6969 38.5577
      vertex -95.3171 -26.6892 38.5577
      vertex -95.3085 -26.6244 38.4444
    endloop
  endfacet
  facet normal 0.27843 -0.820519 0.499225
    outer loop
      vertex -68.4568 -26.6286 39.8423
      vertex -68.5848 -26.6031 39.9556
      vertex -68.5679 -26.6663 39.8423
    endloop
  endfacet
  facet normal 0.0516632 -0.7919 0.608461
    outer loop
      vertex -68.7019 -26.5454 40.0593
      vertex -68.8 -26.5518 40.0593
      vertex -68.6915 -26.6244 39.9556
    endloop
  endfacet
  facet normal 0.0568645 -0.864784 0.498915
    outer loop
      vertex -68.6915 -26.6244 39.9556
      vertex -68.8 -26.6969 39.8423
      vertex -68.6829 -26.6892 39.8423
    endloop
  endfacet
  facet normal 0.695032 -0.609179 0.381878
    outer loop
      vertex -68.0488 -26.3765 39.7214
      vertex -68.1658 -26.4342 39.8423
      vertex -68.1304 -26.4696 39.7214
    endloop
  endfacet
  facet normal -0.0518146 -0.791815 0.60856
    outer loop
      vertex -95.2 -26.5518 40.0593
      vertex -95.3085 -26.6244 39.9556
      vertex -95.2 -26.6315 39.9556
    endloop
  endfacet
  facet normal -0.637276 -0.726163 0.258006
    outer loop
      vertex -95.8696 -26.4696 39.7214
      vertex -95.8935 -26.4935 39.5951
      vertex -95.7971 -26.5781 39.5951
    endloop
  endfacet
  facet normal -0.653999 -0.745149 0.13053
    outer loop
      vertex -95.8935 -26.4935 39.5951
      vertex -95.9056 -26.5056 39.4654
      vertex -95.8075 -26.5917 39.4654
    endloop
  endfacet
  facet normal -0.318983 -0.938721 0.130587
    outer loop
      vertex -95.5753 -26.7061 39.5951
      vertex -95.5819 -26.7219 39.4654
      vertex -95.4583 -26.7639 39.4654
    endloop
  endfacet
  facet normal -0.321738 -0.946829 0
    outer loop
      vertex -95.5819 -26.7219 38.9346
      vertex -95.4583 -26.7639 39.4654
      vertex -95.5819 -26.7219 39.4654
    endloop
  endfacet
  facet normal -0.321738 -0.946829 -0
    outer loop
      vertex -95.4583 -26.7639 39.4654
      vertex -95.5819 -26.7219 38.9346
      vertex -95.4583 -26.7639 38.9346
    endloop
  endfacet
  facet normal -0.426716 -0.866694 0.25837
    outer loop
      vertex -95.5624 -26.6748 39.7214
      vertex -95.6735 -26.6201 39.7214
      vertex -95.5753 -26.7061 39.5951
    endloop
  endfacet
  facet normal -0.0604486 -0.922401 0.381473
    outer loop
      vertex -95.2 -26.6969 39.8423
      vertex -95.3236 -26.7388 39.7214
      vertex -95.2 -26.7469 39.7214
    endloop
  endfacet
  facet normal -0.383423 -0.777209 0.498932
    outer loop
      vertex -95.5182 -26.5682 39.9556
      vertex -95.6157 -26.5201 39.9556
      vertex -95.5432 -26.6286 39.8423
    endloop
  endfacet
  facet normal -0.513274 -0.768336 0.382374
    outer loop
      vertex -95.6484 -26.5767 39.8423
      vertex -95.746 -26.5115 39.8423
      vertex -95.6735 -26.6201 39.7214
    endloop
  endfacet
  facet normal -0.319081 -0.938701 0.130489
    outer loop
      vertex -95.4538 -26.7474 39.5951
      vertex -95.5753 -26.7061 39.5951
      vertex -95.4583 -26.7639 39.4654
    endloop
  endfacet
  facet normal -0.0632547 -0.963881 0.258714
    outer loop
      vertex -95.2 -26.7469 39.7214
      vertex -95.328 -26.7724 39.5951
      vertex -95.2 -26.7808 39.5951
    endloop
  endfacet
  facet normal -0.34363 0.169537 -0.923675
    outer loop
      vertex -95.497 31.323 38.0531
      vertex -95.583 31.4211 38.1031
      vertex -95.4784 31.3607 38.0531
    endloop
  endfacet
  facet normal -0.491241 0.0977293 -0.865524
    outer loop
      vertex -95.6385 31.2577 38.1031
      vertex -95.7366 31.3438 38.1685
      vertex -95.6272 31.3145 38.1031
    endloop
  endfacet
  facet normal 0 -0.259233 -0.965815
    outer loop
      vertex -95.2 -26.1214 38.0531
      vertex -68.8 -25.9951 38.0192
      vertex -68.8 -26.1214 38.0531
    endloop
  endfacet
  facet normal -0 -0.259233 -0.965815
    outer loop
      vertex -68.8 -25.9951 38.0192
      vertex -95.2 -26.1214 38.0531
      vertex -95.2 -25.9951 38.0192
    endloop
  endfacet
  facet normal -0.194942 0.171468 -0.96571
    outer loop
      vertex -95.3548 31.3188 38.0192
      vertex -95.4273 31.4273 38.0531
      vertex -95.338 31.3379 38.0192
    endloop
  endfacet
  facet normal -0.416435 -0.277912 -0.865648
    outer loop
      vertex -95.5509 -26.0692 38.1031
      vertex -95.6408 -26.1382 38.1685
      vertex -95.583 -26.0211 38.1031
    endloop
  endfacet
  facet normal 0.491241 -0.0977293 -0.865524
    outer loop
      vertex -68.2634 -25.9438 38.1685
      vertex -68.3728 -25.9145 38.1031
      vertex -68.3615 -25.8577 38.1031
    endloop
  endfacet
  facet normal 0.024493 -0.128589 -0.991396
    outer loop
      vertex -68.7745 -25.9934 38.0192
      vertex -68.7915 -25.8648 38.0021
      vertex -68.7831 -25.8632 38.0021
    endloop
  endfacet
  facet normal -0.972526 -0.192835 -0.130412
    outer loop
      vertex -96.1639 -26.0583 38.9346
      vertex -96.1893 -25.9302 38.9346
      vertex -96.1474 -26.0538 38.8049
    endloop
  endfacet
  facet normal -0.914853 -0.31041 -0.258244
    outer loop
      vertex -96.0749 -26.1624 38.6786
      vertex -96.1474 -26.0538 38.8049
      vertex -96.1147 -26.0451 38.6786
    endloop
  endfacet
  facet normal -0.947606 -0.187961 -0.25829
    outer loop
      vertex -96.1147 -26.0451 38.6786
      vertex -96.1474 -26.0538 38.8049
      vertex -96.1388 -25.9236 38.6786
    endloop
  endfacet
  facet normal -0.7919 -0.0516632 -0.608461
    outer loop
      vertex -95.9454 -25.8981 38.3407
      vertex -96.0244 -25.9085 38.4444
      vertex -95.9518 -25.8 38.3407
    endloop
  endfacet
  facet normal -0.802905 -0.537089 -0.258608
    outer loop
      vertex -95.9781 -26.3971 38.8049
      vertex -96.0201 -26.2735 38.6786
      vertex -95.9512 -26.3765 38.6786
    endloop
  endfacet
  facet normal -0.824376 -0.550872 -0.130171
    outer loop
      vertex -95.9781 -26.3971 38.8049
      vertex -96.0642 -26.2989 38.9346
      vertex -96.0494 -26.2904 38.8049
    endloop
  endfacet
  facet normal -0.491177 -0.0978221 -0.86555
    outer loop
      vertex -95.7366 -25.9438 38.1685
      vertex -95.7508 -25.8725 38.1685
      vertex -95.6385 -25.8577 38.1031
    endloop
  endfacet
  facet normal -0.57754 -0.195591 -0.792586
    outer loop
      vertex -95.7133 -26.0126 38.1685
      vertex -95.8369 -25.9706 38.2482
      vertex -95.7366 -25.9438 38.1685
    endloop
  endfacet
  facet normal -0.706421 -0.0460866 -0.70629
    outer loop
      vertex -95.9454 -25.8981 38.3407
      vertex -95.9518 -25.8 38.3407
      vertex -95.8537 -25.8861 38.2482
    endloop
  endfacet
  facet normal -0.499734 0.0329114 -0.865554
    outer loop
      vertex -95.6423 31.2 38.1031
      vertex -95.7508 31.2725 38.1685
      vertex -95.6385 31.2577 38.1031
    endloop
  endfacet
  facet normal -0.491177 0.0978221 -0.86555
    outer loop
      vertex -95.6385 31.2577 38.1031
      vertex -95.7508 31.2725 38.1685
      vertex -95.7366 31.3438 38.1685
    endloop
  endfacet
  facet normal -0.864784 0.0568645 -0.498915
    outer loop
      vertex -96.0244 31.3085 38.4444
      vertex -96.0969 31.2 38.5577
      vertex -96.0892 31.3171 38.5577
    endloop
  endfacet
  facet normal -0.828695 0.408753 -0.382341
    outer loop
      vertex -95.9767 31.6484 38.5577
      vertex -96.0749 31.5624 38.6786
      vertex -96.0201 31.6735 38.6786
    endloop
  endfacet
  facet normal -0.694343 0.138149 -0.70626
    outer loop
      vertex -95.8537 31.2861 38.2482
      vertex -95.9454 31.2981 38.3407
      vertex -95.9262 31.3946 38.3407
    endloop
  endfacet
  facet normal -0.694521 0.137919 -0.70613
    outer loop
      vertex -95.8537 31.2861 38.2482
      vertex -95.9262 31.3946 38.3407
      vertex -95.8369 31.3707 38.2482
    endloop
  endfacet
  facet normal 0.382056 0.0245608 0.923813
    outer loop
      vertex -68.3577 31.2 40.2969
      vertex -68.4813 31.242 40.3469
      vertex -68.4786 31.2 40.3469
    endloop
  endfacet
  facet normal 0 -0.130712 0.99142
    outer loop
      vertex -95.2 -25.8654 40.3979
      vertex -68.8 -25.9951 40.3808
      vertex -68.8 -25.8654 40.3979
    endloop
  endfacet
  facet normal 0 -0.130712 0.99142
    outer loop
      vertex -68.8 -25.9951 40.3808
      vertex -95.2 -25.8654 40.3979
      vertex -95.2 -25.9951 40.3808
    endloop
  endfacet
  facet normal 0.137919 -0.694521 0.70613
    outer loop
      vertex -68.6293 -26.4369 40.1518
      vertex -68.7139 -26.4537 40.1518
      vertex -68.6054 -26.5262 40.0593
    endloop
  endfacet
  facet normal 0.215922 -0.144359 0.96568
    outer loop
      vertex -68.5216 -25.9607 40.3469
      vertex -68.6452 -25.9188 40.3808
      vertex -68.545 -25.9957 40.3469
    endloop
  endfacet
  facet normal 0.84994 -0.169249 0.498956
    outer loop
      vertex -67.9108 -25.9171 39.8423
      vertex -67.9756 -25.9085 39.9556
      vertex -67.9337 -26.0321 39.8423
    endloop
  endfacet
  facet normal 0.965815 -0 0.259233
    outer loop
      vertex -67.8531 -25.8 39.7214
      vertex -67.8192 31.2 39.5951
      vertex -67.8531 31.2 39.7214
    endloop
  endfacet
  facet normal 0.965815 0 0.259233
    outer loop
      vertex -67.8192 31.2 39.5951
      vertex -67.8531 -25.8 39.7214
      vertex -67.8192 -25.8 39.5951
    endloop
  endfacet
  facet normal 0.906279 -0.180468 0.382217
    outer loop
      vertex -67.9108 -25.9171 39.8423
      vertex -67.9337 -26.0321 39.8423
      vertex -67.8853 -26.0451 39.7214
    endloop
  endfacet
  facet normal 0.711761 -0.351136 0.608358
    outer loop
      vertex -68.0318 -26.1182 39.9556
      vertex -68.1489 -26.1759 40.0593
      vertex -68.0799 -26.2157 39.9556
    endloop
  endfacet
  facet normal 0.499921 0 0.866071
    outer loop
      vertex -68.3577 31.2 40.2969
      vertex -68.2444 -25.8 40.2315
      vertex -68.2444 31.2 40.2315
    endloop
  endfacet
  facet normal 0.499921 0 0.866071
    outer loop
      vertex -68.2444 -25.8 40.2315
      vertex -68.3577 31.2 40.2969
      vertex -68.3577 -25.8 40.2969
    endloop
  endfacet
  facet normal 0.474391 0.160659 0.86553
    outer loop
      vertex -68.2867 31.4126 40.2315
      vertex -68.3728 31.3145 40.2969
      vertex -68.2634 31.3438 40.2315
    endloop
  endfacet
  facet normal 0.448927 0.221864 0.865587
    outer loop
      vertex -68.2867 31.4126 40.2315
      vertex -68.417 31.4211 40.2969
      vertex -68.3914 31.3693 40.2969
    endloop
  endfacet
  facet normal 0.609156 -0.695053 0.381878
    outer loop
      vertex -68.1658 -26.4342 39.8423
      vertex -68.254 -26.5115 39.8423
      vertex -68.1304 -26.4696 39.7214
    endloop
  endfacet
  facet normal -0.0653456 -0.989301 -0.130432
    outer loop
      vertex -95.2 -26.7979 38.9346
      vertex -95.3302 -26.7893 38.9346
      vertex -95.2 -26.7808 38.8049
    endloop
  endfacet
  facet normal 0.319081 -0.938701 0.130489
    outer loop
      vertex -68.4247 -26.7061 39.5951
      vertex -68.5462 -26.7474 39.5951
      vertex -68.5417 -26.7639 39.4654
    endloop
  endfacet
  facet normal 0.803264 -0.536764 0.258171
    outer loop
      vertex -67.9799 -26.2735 39.7214
      vertex -68.0219 -26.3971 39.5951
      vertex -67.9506 -26.2904 39.5951
    endloop
  endfacet
  facet normal 0.634857 -0.313327 0.706246
    outer loop
      vertex -68.1908 -26.0523 40.1518
      vertex -68.229 -26.1297 40.1518
      vertex -68.1489 -26.1759 40.0593
    endloop
  endfacet
  facet normal 0.523598 -0.596624 0.608182
    outer loop
      vertex -68.2684 -26.3316 40.0593
      vertex -68.2938 -26.4596 39.9556
      vertex -68.2121 -26.3879 39.9556
    endloop
  endfacet
  facet normal 0.596542 -0.523892 0.608009
    outer loop
      vertex -68.2035 -26.2577 40.0593
      vertex -68.2684 -26.3316 40.0593
      vertex -68.1404 -26.3062 39.9556
    endloop
  endfacet
  facet normal -0.118752 -0.598002 -0.792648
    outer loop
      vertex -95.2861 -26.4537 38.2482
      vertex -95.3707 -26.4369 38.2482
      vertex -95.3438 -26.3366 38.1685
    endloop
  endfacet
  facet normal -0.155401 -0.778463 -0.608149
    outer loop
      vertex -95.3085 -26.6244 38.4444
      vertex -95.4152 -26.6031 38.4444
      vertex -95.3946 -26.5262 38.3407
    endloop
  endfacet
  facet normal -0.426924 -0.866649 -0.258178
    outer loop
      vertex -95.5753 -26.7061 38.8049
      vertex -95.6904 -26.6494 38.8049
      vertex -95.6735 -26.6201 38.6786
    endloop
  endfacet
  facet normal -0.351059 -0.711802 -0.608355
    outer loop
      vertex -95.4877 -26.4946 38.3407
      vertex -95.6157 -26.5201 38.4444
      vertex -95.5759 -26.4511 38.3407
    endloop
  endfacet
  facet normal 0.866541 -0.427421 -0.257718
    outer loop
      vertex -67.8939 -26.1753 38.8049
      vertex -67.9799 -26.2735 38.6786
      vertex -67.9251 -26.1624 38.6786
    endloop
  endfacet
  facet normal 0.777208 -0.383433 -0.498925
    outer loop
      vertex -68.0233 -26.2484 38.5577
      vertex -68.0799 -26.2157 38.4444
      vertex -67.9714 -26.1432 38.5577
    endloop
  endfacet
  facet normal -0.169618 -0.849685 -0.499264
    outer loop
      vertex -95.3085 -26.6244 38.4444
      vertex -95.4321 -26.6663 38.5577
      vertex -95.4152 -26.6031 38.4444
    endloop
  endfacet
  facet normal 0 -0.965815 -0.259233
    outer loop
      vertex -95.2 -26.7469 38.6786
      vertex -68.8 -26.7808 38.8049
      vertex -95.2 -26.7808 38.8049
    endloop
  endfacet
  facet normal 0 -0.965815 -0.259233
    outer loop
      vertex -68.8 -26.7808 38.8049
      vertex -95.2 -26.7469 38.6786
      vertex -68.8 -26.7469 38.6786
    endloop
  endfacet
  facet normal 0.192835 -0.972526 -0.130412
    outer loop
      vertex -68.5417 -26.7639 38.9346
      vertex -68.6698 -26.7893 38.9346
      vertex -68.5462 -26.7474 38.8049
    endloop
  endfacet
  facet normal 0.188286 -0.947453 -0.258613
    outer loop
      vertex -68.672 -26.7724 38.8049
      vertex -68.6764 -26.7388 38.6786
      vertex -68.5462 -26.7474 38.8049
    endloop
  endfacet
  facet normal 0.99142 -0 0.130712
    outer loop
      vertex -67.8192 -25.8 39.5951
      vertex -67.8021 31.2 39.4654
      vertex -67.8192 31.2 39.5951
    endloop
  endfacet
  facet normal 0.99142 0 0.130712
    outer loop
      vertex -67.8021 31.2 39.4654
      vertex -67.8192 -25.8 39.5951
      vertex -67.8021 -25.8 39.4654
    endloop
  endfacet
  facet normal 0.0460866 -0.706421 -0.70629
    outer loop
      vertex -68.7019 -26.5454 38.3407
      vertex -68.8 -26.5518 38.3407
      vertex -68.7139 -26.4537 38.2482
    endloop
  endfacet
  facet normal 0.864683 -0.056583 -0.49912
    outer loop
      vertex -67.9031 -25.8 38.5577
      vertex -67.9756 -25.9085 38.4444
      vertex -67.9685 -25.8 38.4444
    endloop
  endfacet
  facet normal 0.889181 -0.438511 0.130634
    outer loop
      vertex -67.8939 -26.1753 39.5951
      vertex -67.9358 -26.2989 39.4654
      vertex -67.8781 -26.1819 39.4654
    endloop
  endfacet
  facet normal 0.751579 -0.659643 0
    outer loop
      vertex -68.0944 -26.5056 39.4654
      vertex -68.0083 -26.4075 38.9346
      vertex -68.0083 -26.4075 39.4654
    endloop
  endfacet
  facet normal 0.751579 -0.659643 0
    outer loop
      vertex -68.0083 -26.4075 38.9346
      vertex -68.0944 -26.5056 39.4654
      vertex -68.0944 -26.5056 38.9346
    endloop
  endfacet
  facet normal 0.778463 -0.155401 -0.608149
    outer loop
      vertex -67.9969 -26.0152 38.4444
      vertex -68.0738 -25.9946 38.3407
      vertex -67.9756 -25.9085 38.4444
    endloop
  endfacet
  facet normal 0.889425 -0.438144 0.130206
    outer loop
      vertex -67.8939 -26.1753 39.5951
      vertex -67.9506 -26.2904 39.5951
      vertex -67.9358 -26.2989 39.4654
    endloop
  endfacet
  facet normal 0.651666 -0.571131 -0.499139
    outer loop
      vertex -68.0885 -26.346 38.5577
      vertex -68.1658 -26.4342 38.5577
      vertex -68.1404 -26.3062 38.4444
    endloop
  endfacet
  facet normal 0.707107 0 -0.707107
    outer loop
      vertex -68.1407 -25.8 38.2482
      vertex -68.0482 31.2 38.3407
      vertex -68.0482 -25.8 38.3407
    endloop
  endfacet
  facet normal 0.707107 0 -0.707107
    outer loop
      vertex -68.0482 31.2 38.3407
      vertex -68.1407 -25.8 38.2482
      vertex -68.1407 31.2 38.2482
    endloop
  endfacet
  facet normal 0.130607 -0.00921932 -0.991391
    outer loop
      vertex -68.6066 -25.8255 38.0192
      vertex -68.7352 -25.8085 38.0021
      vertex -68.7346 -25.8 38.0021
    endloop
  endfacet
  facet normal 0.109234 0.0723098 -0.991382
    outer loop
      vertex -68.6311 31.2975 38.0192
      vertex -68.7434 31.2327 38.0021
      vertex -68.6452 31.3188 38.0192
    endloop
  endfacet
  facet normal 0.375722 0.0747796 -0.92371
    outer loop
      vertex -68.4813 31.242 38.0531
      vertex -68.4895 31.2832 38.0531
      vertex -68.3615 31.2577 38.1031
    endloop
  endfacet
  facet normal 0.499647 0.0330801 -0.865597
    outer loop
      vertex -68.2444 31.2 38.1685
      vertex -68.3577 31.2 38.1031
      vertex -68.2492 31.2725 38.1685
    endloop
  endfacet
  facet normal 0.947606 0.187961 -0.25829
    outer loop
      vertex -67.8612 31.3236 38.6786
      vertex -67.8853 31.4451 38.6786
      vertex -67.8526 31.4538 38.8049
    endloop
  endfacet
  facet normal 0.924091 0 -0.382172
    outer loop
      vertex -67.8531 -25.8 38.6786
      vertex -67.9031 31.2 38.5577
      vertex -67.8531 31.2 38.6786
    endloop
  endfacet
  facet normal 0.924091 0 -0.382172
    outer loop
      vertex -67.9031 31.2 38.5577
      vertex -67.8531 -25.8 38.6786
      vertex -67.9031 -25.8 38.5577
    endloop
  endfacet
  facet normal 0.7919 0.0516632 -0.608461
    outer loop
      vertex -68.0482 31.2 38.3407
      vertex -68.0546 31.2981 38.3407
      vertex -67.9756 31.3085 38.4444
    endloop
  endfacet
  facet normal 0.963902 -0.0632561 -0.258634
    outer loop
      vertex -67.8276 -25.928 38.8049
      vertex -67.8612 -25.9236 38.6786
      vertex -67.8192 -25.8 38.8049
    endloop
  endfacet
  facet normal -0.269912 0.546891 -0.792501
    outer loop
      vertex -95.4126 31.7133 38.1685
      vertex -95.5297 31.771 38.2482
      vertex -95.4523 31.8092 38.2482
    endloop
  endfacet
  facet normal -0.221713 0.448935 -0.865622
    outer loop
      vertex -95.4211 31.583 38.1031
      vertex -95.4778 31.6811 38.1685
      vertex -95.4126 31.7133 38.1685
    endloop
  endfacet
  facet normal -0.402358 0.458221 -0.792554
    outer loop
      vertex -95.5928 31.5928 38.1685
      vertex -95.6662 31.6662 38.2482
      vertex -95.6014 31.7231 38.2482
    endloop
  endfacet
  facet normal -0.376096 0.330634 -0.865582
    outer loop
      vertex -95.5127 31.5127 38.1031
      vertex -95.6408 31.5382 38.1685
      vertex -95.5928 31.5928 38.1685
    endloop
  endfacet
  facet normal -0.448935 0.221713 -0.865622
    outer loop
      vertex -95.583 31.4211 38.1031
      vertex -95.7133 31.4126 38.1685
      vertex -95.6811 31.4778 38.1685
    endloop
  endfacet
  facet normal -0.546751 0.270021 -0.79256
    outer loop
      vertex -95.7133 31.4126 38.1685
      vertex -95.771 31.5297 38.2482
      vertex -95.6811 31.4778 38.1685
    endloop
  endfacet
  facet normal -0.531906 0.46706 -0.70635
    outer loop
      vertex -95.7231 31.6014 38.2482
      vertex -95.7965 31.6577 38.3407
      vertex -95.6662 31.6662 38.2482
    endloop
  endfacet
  facet normal -0.507194 0.338837 -0.792429
    outer loop
      vertex -95.6408 31.5382 38.1685
      vertex -95.771 31.5297 38.2482
      vertex -95.7231 31.6014 38.2482
    endloop
  endfacet
  facet normal -0.212899 0.318439 -0.923727
    outer loop
      vertex -95.3957 31.455 38.0531
      vertex -95.4692 31.5509 38.1031
      vertex -95.3607 31.4784 38.0531
    endloop
  endfacet
  facet normal -0.25475 0.751841 -0.608143
    outer loop
      vertex -95.3946 31.9262 38.3407
      vertex -95.5182 31.9682 38.4444
      vertex -95.4152 32.0031 38.4444
    endloop
  endfacet
  facet normal -0.25508 0.751517 -0.608405
    outer loop
      vertex -95.4877 31.8946 38.3407
      vertex -95.5182 31.9682 38.4444
      vertex -95.3946 31.9262 38.3407
    endloop
  endfacet
  facet normal -0.571402 0.651096 -0.499573
    outer loop
      vertex -95.7879 31.7879 38.4444
      vertex -95.8342 31.8342 38.5577
      vertex -95.7062 31.8596 38.4444
    endloop
  endfacet
  facet normal -0.596624 0.523598 -0.608182
    outer loop
      vertex -95.7316 31.7316 38.3407
      vertex -95.8596 31.7062 38.4444
      vertex -95.7879 31.7879 38.4444
    endloop
  endfacet
  facet normal -0.523892 0.596542 -0.608009
    outer loop
      vertex -95.6577 31.7965 38.3407
      vertex -95.7316 31.7316 38.3407
      vertex -95.7062 31.8596 38.4444
    endloop
  endfacet
  facet normal -0.481645 0.720477 -0.49893
    outer loop
      vertex -95.6157 31.9201 38.4444
      vertex -95.7062 31.8596 38.4444
      vertex -95.6484 31.9767 38.5577
    endloop
  endfacet
  facet normal -0.778463 0.155401 -0.608149
    outer loop
      vertex -95.9262 31.3946 38.3407
      vertex -96.0244 31.3085 38.4444
      vertex -96.0031 31.4152 38.4444
    endloop
  endfacet
  facet normal -0.875046 0.296933 -0.382264
    outer loop
      vertex -96.0663 31.4321 38.5577
      vertex -96.0749 31.5624 38.6786
      vertex -96.0286 31.5432 38.5577
    endloop
  endfacet
  facet normal 0.024493 0.128589 -0.991396
    outer loop
      vertex -68.7831 31.2632 38.0021
      vertex -68.7915 31.2648 38.0021
      vertex -68.7745 31.3934 38.0192
    endloop
  endfacet
  facet normal 0.194942 0.171468 -0.96571
    outer loop
      vertex -68.6452 31.3188 38.0192
      vertex -68.662 31.3379 38.0192
      vertex -68.5727 31.4273 38.0531
    endloop
  endfacet
  facet normal -0.402739 -0.458115 0.792421
    outer loop
      vertex -95.5928 -26.1928 40.2315
      vertex -95.6014 -26.3231 40.1518
      vertex -95.5382 -26.2408 40.2315
    endloop
  endfacet
  facet normal -0.221713 -0.448935 0.865622
    outer loop
      vertex -95.4211 -26.183 40.2969
      vertex -95.4778 -26.2811 40.2315
      vertex -95.4126 -26.3133 40.2315
    endloop
  endfacet
  facet normal -0.588746 -0.392977 0.706362
    outer loop
      vertex -95.7231 -26.2014 40.1518
      vertex -95.8511 -26.1759 40.0593
      vertex -95.7965 -26.2577 40.0593
    endloop
  endfacet
  facet normal -0.457976 -0.402616 0.792565
    outer loop
      vertex -95.6408 -26.1382 40.2315
      vertex -95.6662 -26.2662 40.1518
      vertex -95.5928 -26.1928 40.2315
    endloop
  endfacet
  facet normal -0.440622 -0.660126 0.608346
    outer loop
      vertex -95.5759 -26.4511 40.0593
      vertex -95.6577 -26.3965 40.0593
      vertex -95.6157 -26.5201 39.9556
    endloop
  endfacet
  facet normal -0.192835 -0.972526 0.130412
    outer loop
      vertex -95.4538 -26.7474 39.5951
      vertex -95.4583 -26.7639 39.4654
      vertex -95.3302 -26.7893 39.4654
    endloop
  endfacet
  facet normal -0.0983014 -0.0864641 0.991393
    outer loop
      vertex -95.2462 -25.8462 40.3979
      vertex -95.3548 -25.9188 40.3808
      vertex -95.338 -25.9379 40.3808
    endloop
  endfacet
  facet normal -0.474144 -0.160932 0.865615
    outer loop
      vertex -95.6272 -25.9145 40.2969
      vertex -95.7133 -26.0126 40.2315
      vertex -95.6086 -25.9693 40.2969
    endloop
  endfacet
  facet normal 0.130712 0 0.99142
    outer loop
      vertex -68.7346 31.2 40.3979
      vertex -68.6049 -25.8 40.3808
      vertex -68.6049 31.2 40.3808
    endloop
  endfacet
  facet normal 0.130712 0 0.99142
    outer loop
      vertex -68.6049 -25.8 40.3808
      vertex -68.7346 31.2 40.3979
      vertex -68.7346 -25.8 40.3979
    endloop
  endfacet
  facet normal -0.0833736 -0.245798 0.965729
    outer loop
      vertex -95.2505 -25.9884 40.3808
      vertex -95.323 -26.097 40.3469
      vertex -95.2832 -26.1105 40.3469
    endloop
  endfacet
  facet normal -0.114891 -0.23287 0.965697
    outer loop
      vertex -95.2975 -25.969 40.3808
      vertex -95.3607 -26.0784 40.3469
      vertex -95.323 -26.097 40.3469
    endloop
  endfacet
  facet normal -0.0172669 -0.259003 0.965722
    outer loop
      vertex -95.2255 -25.9934 40.3808
      vertex -95.242 -26.1187 40.3469
      vertex -95.2 -25.9951 40.3808
    endloop
  endfacet
  facet normal -0.0257012 -0.128506 0.991376
    outer loop
      vertex -95.2169 -25.8632 40.3979
      vertex -95.2505 -25.9884 40.3808
      vertex -95.2255 -25.9934 40.3808
    endloop
  endfacet
  facet normal -0.0420562 -0.124117 0.991376
    outer loop
      vertex -95.2169 -25.8632 40.3979
      vertex -95.2747 -25.9802 40.3808
      vertex -95.2505 -25.9884 40.3808
    endloop
  endfacet
  facet normal -0.123048 -0.362765 0.923721
    outer loop
      vertex -95.2832 -26.1105 40.3469
      vertex -95.323 -26.097 40.3469
      vertex -95.3145 -26.2272 40.2969
    endloop
  endfacet
  facet normal 0.128589 0.024493 0.991396
    outer loop
      vertex -68.6066 31.2255 40.3808
      vertex -68.7368 31.2169 40.3979
      vertex -68.7352 31.2085 40.3979
    endloop
  endfacet
  facet normal 0.598096 -0.119116 0.792523
    outer loop
      vertex -68.2492 -25.8725 40.2315
      vertex -68.2634 -25.9438 40.2315
      vertex -68.1463 -25.8861 40.1518
    endloop
  endfacet
  facet normal -0.375722 0.0747796 0.92371
    outer loop
      vertex -95.5105 31.2832 40.3469
      vertex -95.6385 31.2577 40.2969
      vertex -95.5187 31.242 40.3469
    endloop
  endfacet
  facet normal -0.259233 0 0.965815
    outer loop
      vertex -95.5214 31.2 40.3469
      vertex -95.3951 -25.8 40.3808
      vertex -95.3951 31.2 40.3808
    endloop
  endfacet
  facet normal -0.259233 0 0.965815
    outer loop
      vertex -95.3951 -25.8 40.3808
      vertex -95.5214 31.2 40.3469
      vertex -95.5214 -25.8 40.3469
    endloop
  endfacet
  facet normal -0.864683 -0.056583 0.49912
    outer loop
      vertex -96.0315 -25.8 39.9556
      vertex -96.0969 -25.8 39.8423
      vertex -96.0244 -25.9085 39.9556
    endloop
  endfacet
  facet normal -0.376096 0.330634 0.865582
    outer loop
      vertex -95.5928 31.5928 40.2315
      vertex -95.6408 31.5382 40.2315
      vertex -95.5127 31.5127 40.2969
    endloop
  endfacet
  facet normal -0.711762 -0.351039 0.608413
    outer loop
      vertex -95.8946 -26.0877 40.0593
      vertex -95.9682 -26.1182 39.9556
      vertex -95.8511 -26.1759 40.0593
    endloop
  endfacet
  facet normal -0.670505 -0.227583 0.706136
    outer loop
      vertex -95.8092 -26.0523 40.1518
      vertex -95.9262 -25.9946 40.0593
      vertex -95.8946 -26.0877 40.0593
    endloop
  endfacet
  facet normal -0.720477 -0.481645 0.49893
    outer loop
      vertex -95.9201 -26.2157 39.9556
      vertex -95.9767 -26.2484 39.8423
      vertex -95.8596 -26.3062 39.9556
    endloop
  endfacet
  facet normal -0.659825 -0.441098 0.608328
    outer loop
      vertex -95.8511 -26.1759 40.0593
      vertex -95.9201 -26.2157 39.9556
      vertex -95.8596 -26.3062 39.9556
    endloop
  endfacet
  facet normal -0.0568645 0.864784 0.498915
    outer loop
      vertex -95.2 32.0969 39.8423
      vertex -95.3171 32.0892 39.8423
      vertex -95.3085 32.0244 39.9556
    endloop
  endfacet
  facet normal -0.169249 0.84994 0.498956
    outer loop
      vertex -95.3171 32.0892 39.8423
      vertex -95.4321 32.0663 39.8423
      vertex -95.3085 32.0244 39.9556
    endloop
  endfacet
  facet normal -0.609172 0.695024 0.381904
    outer loop
      vertex -95.7765 31.9512 39.7214
      vertex -95.8696 31.8696 39.7214
      vertex -95.746 31.9115 39.8423
    endloop
  endfacet
  facet normal -0.653961 0.745175 -0.130575
    outer loop
      vertex -95.7971 31.9781 38.8049
      vertex -95.8935 31.8935 38.8049
      vertex -95.8075 31.9917 38.9346
    endloop
  endfacet
  facet normal -0.963902 -0.0632561 0.258634
    outer loop
      vertex -96.1388 -25.9236 39.7214
      vertex -96.1808 -25.8 39.5951
      vertex -96.1724 -25.928 39.5951
    endloop
  endfacet
  facet normal -0.778463 -0.155401 0.608149
    outer loop
      vertex -95.9262 -25.9946 40.0593
      vertex -96.0244 -25.9085 39.9556
      vertex -96.0031 -26.0152 39.9556
    endloop
  endfacet
  facet normal -0.866071 0 0.499921
    outer loop
      vertex -96.0969 -25.8 39.8423
      vertex -96.0315 31.2 39.9556
      vertex -96.0969 31.2 39.8423
    endloop
  endfacet
  facet normal -0.866071 0 0.499921
    outer loop
      vertex -96.0315 31.2 39.9556
      vertex -96.0969 -25.8 39.8423
      vertex -96.0315 -25.8 39.9556
    endloop
  endfacet
  facet normal -0.745175 0.653961 0.130575
    outer loop
      vertex -95.8935 31.8935 39.5951
      vertex -95.9917 31.8075 39.4654
      vertex -95.9781 31.7971 39.5951
    endloop
  endfacet
  facet normal -0.972526 0.192835 -0.130412
    outer loop
      vertex -96.1474 31.4538 38.8049
      vertex -96.1893 31.3302 38.9346
      vertex -96.1639 31.4583 38.9346
    endloop
  endfacet
  facet normal -0.980903 0.194496 0
    outer loop
      vertex -96.1893 31.3302 38.9346
      vertex -96.1639 31.4583 39.4654
      vertex -96.1639 31.4583 38.9346
    endloop
  endfacet
  facet normal -0.980903 0.194496 0
    outer loop
      vertex -96.1639 31.4583 39.4654
      vertex -96.1893 31.3302 38.9346
      vertex -96.1893 31.3302 39.4654
    endloop
  endfacet
  facet normal -0.651096 0.571402 0.499573
    outer loop
      vertex -95.8342 31.8342 39.8423
      vertex -95.8596 31.7062 39.9556
      vertex -95.7879 31.7879 39.9556
    endloop
  endfacet
  facet normal -0.778463 0.155401 0.608149
    outer loop
      vertex -96.0031 31.4152 39.9556
      vertex -96.0244 31.3085 39.9556
      vertex -95.9262 31.3946 40.0593
    endloop
  endfacet
  facet normal -0.0978451 -0.0871433 0.991379
    outer loop
      vertex -95.2519 -25.8398 40.3979
      vertex -95.3548 -25.9188 40.3808
      vertex -95.2462 -25.8462 40.3979
    endloop
  endfacet
  facet normal -0.278116 0.820802 0.498935
    outer loop
      vertex -95.4152 32.0031 39.9556
      vertex -95.5432 32.0286 39.8423
      vertex -95.5182 31.9682 39.9556
    endloop
  endfacet
  facet normal 0.227583 0.670505 0.706136
    outer loop
      vertex -68.5123 31.8946 40.0593
      vertex -68.6054 31.9262 40.0593
      vertex -68.5477 31.8092 40.1518
    endloop
  endfacet
  facet normal -0.0518146 0.791815 0.60856
    outer loop
      vertex -95.2 32.0315 39.9556
      vertex -95.3085 32.0244 39.9556
      vertex -95.2 31.9518 40.0593
    endloop
  endfacet
  facet normal -0.0865357 0.0983127 0.991386
    outer loop
      vertex -95.3188 31.3548 40.3808
      vertex -95.338 31.3379 40.3808
      vertex -95.2398 31.2519 40.3979
    endloop
  endfacet
  facet normal -0.706421 -0.0460866 0.70629
    outer loop
      vertex -95.8537 -25.8861 40.1518
      vertex -95.9518 -25.8 40.0593
      vertex -95.9454 -25.8981 40.0593
    endloop
  endfacet
  facet normal -0.375722 -0.0747796 0.92371
    outer loop
      vertex -95.5187 -25.842 40.3469
      vertex -95.6385 -25.8577 40.2969
      vertex -95.5105 -25.8832 40.3469
    endloop
  endfacet
  facet normal -0.694343 -0.138149 0.70626
    outer loop
      vertex -95.8537 -25.8861 40.1518
      vertex -95.9454 -25.8981 40.0593
      vertex -95.9262 -25.9946 40.0593
    endloop
  endfacet
  facet normal -0.598041 -0.1189 0.792597
    outer loop
      vertex -95.7366 -25.9438 40.2315
      vertex -95.8537 -25.8861 40.1518
      vertex -95.8369 -25.9706 40.1518
    endloop
  endfacet
  facet normal 0.467078 0.531927 0.706323
    outer loop
      vertex -68.2684 31.7316 40.0593
      vertex -68.3986 31.7231 40.1518
      vertex -68.3338 31.6662 40.1518
    endloop
  endfacet
  facet normal 0.523892 0.596542 0.608009
    outer loop
      vertex -68.2938 31.8596 39.9556
      vertex -68.3423 31.7965 40.0593
      vertex -68.2684 31.7316 40.0593
    endloop
  endfacet
  facet normal 0.194496 0.980903 -0
    outer loop
      vertex -68.5417 32.1639 38.9346
      vertex -68.6698 32.1893 39.4654
      vertex -68.5417 32.1639 39.4654
    endloop
  endfacet
  facet normal 0.194496 0.980903 0
    outer loop
      vertex -68.6698 32.1893 39.4654
      vertex -68.5417 32.1639 38.9346
      vertex -68.6698 32.1893 38.9346
    endloop
  endfacet
  facet normal 0.180517 0.906524 0.381612
    outer loop
      vertex -68.6764 32.1388 39.7214
      vertex -68.6829 32.0892 39.8423
      vertex -68.5679 32.0663 39.8423
    endloop
  endfacet
  facet normal 0.25475 0.751841 0.608143
    outer loop
      vertex -68.5848 32.0031 39.9556
      vertex -68.6054 31.9262 40.0593
      vertex -68.4818 31.9682 39.9556
    endloop
  endfacet
  facet normal 0.137919 0.694521 0.70613
    outer loop
      vertex -68.6054 31.9262 40.0593
      vertex -68.7139 31.8537 40.1518
      vertex -68.6293 31.8369 40.1518
    endloop
  endfacet
  facet normal 0.319081 0.938701 -0.130489
    outer loop
      vertex -68.4247 32.1061 38.8049
      vertex -68.5462 32.1474 38.8049
      vertex -68.5417 32.1639 38.9346
    endloop
  endfacet
  facet normal 0.383433 0.777208 0.498925
    outer loop
      vertex -68.3516 31.9767 39.8423
      vertex -68.4568 32.0286 39.8423
      vertex -68.3843 31.9201 39.9556
    endloop
  endfacet
  facet normal 0.0606476 0.922316 0.381647
    outer loop
      vertex -68.6764 32.1388 39.7214
      vertex -68.8 32.0969 39.8423
      vertex -68.6829 32.0892 39.8423
    endloop
  endfacet
  facet normal 0.0518146 0.791815 0.60856
    outer loop
      vertex -68.8 32.0315 39.9556
      vertex -68.8 31.9518 40.0593
      vertex -68.6915 32.0244 39.9556
    endloop
  endfacet
  facet normal 0.056583 0.864683 -0.49912
    outer loop
      vertex -68.6915 32.0244 38.4444
      vertex -68.8 32.0315 38.4444
      vertex -68.8 32.0969 38.5577
    endloop
  endfacet
  facet normal 0.169618 0.849685 -0.499264
    outer loop
      vertex -68.5848 32.0031 38.4444
      vertex -68.6915 32.0244 38.4444
      vertex -68.5679 32.0663 38.5577
    endloop
  endfacet
  facet normal -0.0329114 0.499734 -0.865554
    outer loop
      vertex -95.2577 31.6385 38.1031
      vertex -95.2725 31.7508 38.1685
      vertex -95.2 31.6423 38.1031
    endloop
  endfacet
  facet normal -0.0459421 0.70636 -0.70636
    outer loop
      vertex -95.2 31.8593 38.2482
      vertex -95.2861 31.8537 38.2482
      vertex -95.2 31.9518 38.3407
    endloop
  endfacet
  facet normal 0.330353 0.376187 0.86565
    outer loop
      vertex -68.4618 31.6408 40.2315
      vertex -68.5308 31.5509 40.2969
      vertex -68.4873 31.5127 40.2969
    endloop
  endfacet
  facet normal 0.457976 0.402616 0.792565
    outer loop
      vertex -68.3338 31.6662 40.1518
      vertex -68.4072 31.5928 40.2315
      vertex -68.3592 31.5382 40.2315
    endloop
  endfacet
  facet normal 0.343434 0.169728 0.923713
    outer loop
      vertex -68.417 31.4211 40.2969
      vertex -68.503 31.323 40.3469
      vertex -68.3914 31.3693 40.2969
    endloop
  endfacet
  facet normal 0.375722 0.0747796 0.92371
    outer loop
      vertex -68.3615 31.2577 40.2969
      vertex -68.4895 31.2832 40.3469
      vertex -68.4813 31.242 40.3469
    endloop
  endfacet
  facet normal 0.245812 0.0833786 0.965725
    outer loop
      vertex -68.503 31.323 40.3469
      vertex -68.6198 31.2747 40.3808
      vertex -68.4895 31.2832 40.3469
    endloop
  endfacet
  facet normal -0.0747484 0.375726 0.923711
    outer loop
      vertex -95.2577 31.6385 40.2969
      vertex -95.3145 31.6272 40.2969
      vertex -95.242 31.5187 40.3469
    endloop
  endfacet
  facet normal 0.0726493 0.108974 0.991386
    outer loop
      vertex -68.7025 31.369 40.3808
      vertex -68.7602 31.2519 40.3979
      vertex -68.6812 31.3548 40.3808
    endloop
  endfacet
  facet normal 0.34363 0.169537 0.923675
    outer loop
      vertex -68.417 31.4211 40.2969
      vertex -68.5216 31.3607 40.3469
      vertex -68.503 31.323 40.3469
    endloop
  endfacet
  facet normal 0.318711 0.212695 0.92368
    outer loop
      vertex -68.4491 31.4692 40.2969
      vertex -68.5216 31.3607 40.3469
      vertex -68.417 31.4211 40.2969
    endloop
  endfacet
  facet normal 0.531906 0.46706 0.70635
    outer loop
      vertex -68.2035 31.6577 40.0593
      vertex -68.3338 31.6662 40.1518
      vertex -68.2769 31.6014 40.1518
    endloop
  endfacet
  facet normal 0.588746 0.392977 0.706362
    outer loop
      vertex -68.2035 31.6577 40.0593
      vertex -68.2769 31.6014 40.1518
      vertex -68.1489 31.5759 40.0593
    endloop
  endfacet
  facet normal 0.546751 0.270021 0.79256
    outer loop
      vertex -68.229 31.5297 40.1518
      vertex -68.3189 31.4778 40.2315
      vertex -68.2867 31.4126 40.2315
    endloop
  endfacet
  facet normal 0.507249 0.338446 0.792561
    outer loop
      vertex -68.229 31.5297 40.1518
      vertex -68.3592 31.5382 40.2315
      vertex -68.3189 31.4778 40.2315
    endloop
  endfacet
  facet normal 0.634857 0.313327 0.706246
    outer loop
      vertex -68.1489 31.5759 40.0593
      vertex -68.229 31.5297 40.1518
      vertex -68.1908 31.4523 40.1518
    endloop
  endfacet
  facet normal 0.546891 0.269912 0.792501
    outer loop
      vertex -68.229 31.5297 40.1518
      vertex -68.2867 31.4126 40.2315
      vertex -68.1908 31.4523 40.1518
    endloop
  endfacet
  facet normal 0.670509 0.227612 0.706123
    outer loop
      vertex -68.0738 31.3946 40.0593
      vertex -68.1908 31.4523 40.1518
      vertex -68.1631 31.3707 40.1518
    endloop
  endfacet
  facet normal 0.922316 0.0606476 0.381647
    outer loop
      vertex -67.8612 31.3236 39.7214
      vertex -67.9108 31.3171 39.8423
      vertex -67.9031 31.2 39.8423
    endloop
  endfacet
  facet normal 0.791815 -0.0518146 0.60856
    outer loop
      vertex -67.9685 -25.8 39.9556
      vertex -68.0482 -25.8 40.0593
      vertex -67.9756 -25.9085 39.9556
    endloop
  endfacet
  facet normal 0.864683 -0.056583 0.49912
    outer loop
      vertex -67.9685 -25.8 39.9556
      vertex -67.9756 -25.9085 39.9556
      vertex -67.9031 -25.8 39.8423
    endloop
  endfacet
  facet normal 0.906652 0.179838 0.381629
    outer loop
      vertex -67.8853 31.4451 39.7214
      vertex -67.9108 31.3171 39.8423
      vertex -67.8612 31.3236 39.7214
    endloop
  endfacet
  facet normal 0.989383 0.0649283 0.130019
    outer loop
      vertex -67.8107 31.3302 39.4654
      vertex -67.8276 31.328 39.5951
      vertex -67.8192 31.2 39.5951
    endloop
  endfacet
  facet normal 0.980903 0.194496 0
    outer loop
      vertex -67.8107 31.3302 39.4654
      vertex -67.8361 31.4583 38.9346
      vertex -67.8361 31.4583 39.4654
    endloop
  endfacet
  facet normal 0.980903 0.194496 0
    outer loop
      vertex -67.8361 31.4583 38.9346
      vertex -67.8107 31.3302 39.4654
      vertex -67.8107 31.3302 38.9346
    endloop
  endfacet
  facet normal 0.938701 0.319081 0.130489
    outer loop
      vertex -67.8361 31.4583 39.4654
      vertex -67.8939 31.5753 39.5951
      vertex -67.8526 31.4538 39.5951
    endloop
  endfacet
  facet normal 0.695032 0.609179 0.381878
    outer loop
      vertex -68.1304 31.8696 39.7214
      vertex -68.1658 31.8342 39.8423
      vertex -68.0488 31.7765 39.7214
    endloop
  endfacet
  facet normal 0.660364 0.440781 0.607973
    outer loop
      vertex -68.1404 31.7062 39.9556
      vertex -68.2035 31.6577 40.0593
      vertex -68.1489 31.5759 40.0593
    endloop
  endfacet
  facet normal 0.313195 0.63503 -0.706148
    outer loop
      vertex -68.4241 31.8511 38.3407
      vertex -68.5477 31.8092 38.2482
      vertex -68.5123 31.8946 38.3407
    endloop
  endfacet
  facet normal 0.351059 0.711802 -0.608355
    outer loop
      vertex -68.4241 31.8511 38.3407
      vertex -68.5123 31.8946 38.3407
      vertex -68.3843 31.9201 38.4444
    endloop
  endfacet
  facet normal 0.0631687 0.963908 -0.258632
    outer loop
      vertex -68.6764 32.1388 38.6786
      vertex -68.8 32.1469 38.6786
      vertex -68.672 32.1724 38.8049
    endloop
  endfacet
  facet normal 0.188286 0.947453 -0.258613
    outer loop
      vertex -68.5462 32.1474 38.8049
      vertex -68.6764 32.1388 38.6786
      vertex -68.672 32.1724 38.8049
    endloop
  endfacet
  facet normal 0.441242 0.660039 -0.607991
    outer loop
      vertex -68.3423 31.7965 38.3407
      vertex -68.3843 31.9201 38.4444
      vertex -68.2938 31.8596 38.4444
    endloop
  endfacet
  facet normal 0.609172 0.695024 -0.381904
    outer loop
      vertex -68.1304 31.8696 38.6786
      vertex -68.254 31.9115 38.5577
      vertex -68.2235 31.9512 38.6786
    endloop
  endfacet
  facet normal 0.914853 0.31041 -0.258244
    outer loop
      vertex -67.8853 31.4451 38.6786
      vertex -67.9251 31.5624 38.6786
      vertex -67.8526 31.4538 38.8049
    endloop
  endfacet
  facet normal 0.889425 0.438144 -0.130206
    outer loop
      vertex -67.8939 31.5753 38.8049
      vertex -67.9506 31.6904 38.8049
      vertex -67.9358 31.6989 38.9346
    endloop
  endfacet
  facet normal 0.277872 0.416464 -0.865647
    outer loop
      vertex -68.4618 31.6408 38.1685
      vertex -68.5308 31.5509 38.1031
      vertex -68.5222 31.6811 38.1685
    endloop
  endfacet
  facet normal 0.0977293 0.491241 -0.865524
    outer loop
      vertex -68.6855 31.6272 38.1031
      vertex -68.7423 31.6385 38.1031
      vertex -68.6562 31.7366 38.1685
    endloop
  endfacet
  facet normal -0.11444 0.232968 -0.965727
    outer loop
      vertex -95.2975 31.369 38.0192
      vertex -95.323 31.497 38.0531
      vertex -95.2747 31.3802 38.0192
    endloop
  endfacet
  facet normal 0.123761 0.0427814 -0.991389
    outer loop
      vertex -68.7368 31.2169 38.0021
      vertex -68.7396 31.225 38.0021
      vertex -68.6198 31.2747 38.0192
    endloop
  endfacet
  facet normal 0 0.382172 -0.924091
    outer loop
      vertex -95.2 31.5214 38.0531
      vertex -68.8 31.6423 38.1031
      vertex -68.8 31.5214 38.0531
    endloop
  endfacet
  facet normal 0 0.382172 -0.924091
    outer loop
      vertex -68.8 31.6423 38.1031
      vertex -95.2 31.5214 38.0531
      vertex -95.2 31.6423 38.1031
    endloop
  endfacet
  facet normal -0.0166627 0.259197 -0.965681
    outer loop
      vertex -95.2 31.3951 38.0192
      vertex -95.242 31.5187 38.0531
      vertex -95.2 31.5214 38.0531
    endloop
  endfacet
  facet normal -0.0506644 0.254558 -0.965729
    outer loop
      vertex -95.2505 31.3884 38.0192
      vertex -95.2832 31.5105 38.0531
      vertex -95.242 31.5187 38.0531
    endloop
  endfacet
  facet normal -0.119116 0.598096 -0.792523
    outer loop
      vertex -95.2725 31.7508 38.1685
      vertex -95.3438 31.7366 38.1685
      vertex -95.2861 31.8537 38.2482
    endloop
  endfacet
  facet normal -0.0978221 0.491177 -0.86555
    outer loop
      vertex -95.2577 31.6385 38.1031
      vertex -95.3438 31.7366 38.1685
      vertex -95.2725 31.7508 38.1685
    endloop
  endfacet
  facet normal 0.11444 0.232968 -0.965727
    outer loop
      vertex -68.7025 31.369 38.0192
      vertex -68.7253 31.3802 38.0192
      vertex -68.677 31.497 38.0531
    endloop
  endfacet
  facet normal 0.0983014 0.0864641 -0.991393
    outer loop
      vertex -68.6452 31.3188 38.0192
      vertex -68.7538 31.2462 38.0021
      vertex -68.662 31.3379 38.0192
    endloop
  endfacet
  facet normal 0.195553 0.577427 -0.792677
    outer loop
      vertex -68.5874 31.7133 38.1685
      vertex -68.6562 31.7366 38.1685
      vertex -68.6293 31.8369 38.2482
    endloop
  endfacet
  facet normal 0.196034 0.577486 -0.792515
    outer loop
      vertex -68.5874 31.7133 38.1685
      vertex -68.6293 31.8369 38.2482
      vertex -68.5477 31.8092 38.2482
    endloop
  endfacet
  facet normal 0.803264 0.536764 -0.258171
    outer loop
      vertex -67.9799 31.6735 38.6786
      vertex -68.0219 31.7971 38.8049
      vertex -67.9506 31.6904 38.8049
    endloop
  endfacet
  facet normal 0.588746 0.392977 -0.706362
    outer loop
      vertex -68.1489 31.5759 38.3407
      vertex -68.2769 31.6014 38.2482
      vertex -68.2035 31.6577 38.3407
    endloop
  endfacet
  facet normal 0.474144 0.160932 -0.865615
    outer loop
      vertex -68.3728 31.3145 38.1031
      vertex -68.3914 31.3693 38.1031
      vertex -68.2867 31.4126 38.1685
    endloop
  endfacet
  facet normal 0.41648 0.277883 -0.865636
    outer loop
      vertex -68.3189 31.4778 38.1685
      vertex -68.417 31.4211 38.1031
      vertex -68.3592 31.5382 38.1685
    endloop
  endfacet
  facet normal 0.608883 0.0403122 -0.792235
    outer loop
      vertex -68.2444 31.2 38.1685
      vertex -68.2492 31.2725 38.1685
      vertex -68.1407 31.2 38.2482
    endloop
  endfacet
  facet normal 0.608589 0.039583 -0.792498
    outer loop
      vertex -68.1407 31.2 38.2482
      vertex -68.2492 31.2725 38.1685
      vertex -68.1463 31.2861 38.2482
    endloop
  endfacet
  facet normal 0.318439 0.212899 -0.923727
    outer loop
      vertex -68.5216 31.3607 38.0531
      vertex -68.545 31.3957 38.0531
      vertex -68.4491 31.4692 38.1031
    endloop
  endfacet
  facet normal 0.0833736 0.245798 -0.965729
    outer loop
      vertex -68.677 31.497 38.0531
      vertex -68.7495 31.3884 38.0192
      vertex -68.7168 31.5105 38.0531
    endloop
  endfacet
  facet normal -0.187961 0.947606 0.25829
    outer loop
      vertex -95.3236 32.1388 39.7214
      vertex -95.4538 32.1474 39.5951
      vertex -95.4451 32.1147 39.7214
    endloop
  endfacet
  facet normal -0.802905 0.537089 -0.258608
    outer loop
      vertex -95.9512 31.7765 38.6786
      vertex -96.0201 31.6735 38.6786
      vertex -95.9781 31.7971 38.8049
    endloop
  endfacet
  facet normal -0.831697 0.55523 0
    outer loop
      vertex -96.0642 31.6989 38.9346
      vertex -95.9917 31.8075 39.4654
      vertex -95.9917 31.8075 38.9346
    endloop
  endfacet
  facet normal -0.831697 0.55523 0
    outer loop
      vertex -95.9917 31.8075 39.4654
      vertex -96.0642 31.6989 38.9346
      vertex -96.0642 31.6989 39.4654
    endloop
  endfacet
  facet normal -0.318983 0.938721 0.130587
    outer loop
      vertex -95.4583 32.1639 39.4654
      vertex -95.5819 32.1219 39.4654
      vertex -95.5753 32.1061 39.5951
    endloop
  endfacet
  facet normal -0.55523 0.831697 0
    outer loop
      vertex -95.6989 32.0642 38.9346
      vertex -95.8075 31.9917 39.4654
      vertex -95.6989 32.0642 39.4654
    endloop
  endfacet
  facet normal -0.55523 0.831697 0
    outer loop
      vertex -95.8075 31.9917 39.4654
      vertex -95.6989 32.0642 38.9346
      vertex -95.8075 31.9917 38.9346
    endloop
  endfacet
  facet normal -0.0604486 0.922401 -0.381473
    outer loop
      vertex -95.2 32.0969 38.5577
      vertex -95.3236 32.1388 38.6786
      vertex -95.2 32.1469 38.6786
    endloop
  endfacet
  facet normal -0.0606476 0.922316 -0.381647
    outer loop
      vertex -95.3171 32.0892 38.5577
      vertex -95.3236 32.1388 38.6786
      vertex -95.2 32.0969 38.5577
    endloop
  endfacet
  facet normal -0.938701 -0.319081 0.130489
    outer loop
      vertex -96.1474 -26.0538 39.5951
      vertex -96.1639 -26.0583 39.4654
      vertex -96.1061 -26.1753 39.5951
    endloop
  endfacet
  facet normal -0.938721 -0.318983 0.130587
    outer loop
      vertex -96.1061 -26.1753 39.5951
      vertex -96.1639 -26.0583 39.4654
      vertex -96.1219 -26.1819 39.4654
    endloop
  endfacet
  facet normal -0.820802 -0.278116 0.498935
    outer loop
      vertex -96.0031 -26.0152 39.9556
      vertex -96.0286 -26.1432 39.8423
      vertex -95.9682 -26.1182 39.9556
    endloop
  endfacet
  facet normal -0.820519 -0.27843 0.499225
    outer loop
      vertex -96.0031 -26.0152 39.9556
      vertex -96.0663 -26.0321 39.8423
      vertex -96.0286 -26.1432 39.8423
    endloop
  endfacet
  facet normal -0.914853 -0.31041 0.258244
    outer loop
      vertex -96.1147 -26.0451 39.7214
      vertex -96.1474 -26.0538 39.5951
      vertex -96.0749 -26.1624 39.7214
    endloop
  endfacet
  facet normal -0.972497 -0.193263 0.129995
    outer loop
      vertex -96.1724 -25.928 39.5951
      vertex -96.1893 -25.9302 39.4654
      vertex -96.1474 -26.0538 39.5951
    endloop
  endfacet
  facet normal -0.989383 0.0649283 -0.130019
    outer loop
      vertex -96.1808 31.2 38.8049
      vertex -96.1893 31.3302 38.9346
      vertex -96.1724 31.328 38.8049
    endloop
  endfacet
  facet normal -0.972497 0.193263 -0.129995
    outer loop
      vertex -96.1724 31.328 38.8049
      vertex -96.1893 31.3302 38.9346
      vertex -96.1474 31.4538 38.8049
    endloop
  endfacet
  facet normal -0.751841 -0.25475 -0.608143
    outer loop
      vertex -95.9682 -26.1182 38.4444
      vertex -96.0031 -26.0152 38.4444
      vertex -95.9262 -25.9946 38.3407
    endloop
  endfacet
  facet normal -0.791815 -0.0518146 -0.60856
    outer loop
      vertex -96.0244 -25.9085 38.4444
      vertex -96.0315 -25.8 38.4444
      vertex -95.9518 -25.8 38.3407
    endloop
  endfacet
  facet normal -0.577568 -0.195822 -0.792508
    outer loop
      vertex -95.8092 -26.0523 38.2482
      vertex -95.8369 -25.9706 38.2482
      vertex -95.7133 -26.0126 38.1685
    endloop
  endfacet
  facet normal -0.63503 -0.313195 -0.706148
    outer loop
      vertex -95.8511 -26.1759 38.3407
      vertex -95.8946 -26.0877 38.3407
      vertex -95.8092 -26.0523 38.2482
    endloop
  endfacet
  facet normal -0.726567 -0.636819 0.257996
    outer loop
      vertex -95.8696 -26.4696 39.7214
      vertex -95.9512 -26.3765 39.7214
      vertex -95.8935 -26.4935 39.5951
    endloop
  endfacet
  facet normal -0.653961 -0.745175 0.130575
    outer loop
      vertex -95.7971 -26.5781 39.5951
      vertex -95.8935 -26.4935 39.5951
      vertex -95.8075 -26.5917 39.4654
    endloop
  endfacet
  facet normal -0.751579 -0.659643 0
    outer loop
      vertex -95.9056 -26.5056 38.9346
      vertex -95.9917 -26.4075 39.4654
      vertex -95.9917 -26.4075 38.9346
    endloop
  endfacet
  facet normal -0.751579 -0.659643 0
    outer loop
      vertex -95.9917 -26.4075 39.4654
      vertex -95.9056 -26.5056 38.9346
      vertex -95.9056 -26.5056 39.4654
    endloop
  endfacet
  facet normal -0.55523 -0.831697 0
    outer loop
      vertex -95.8075 -26.5917 38.9346
      vertex -95.6989 -26.6642 39.4654
      vertex -95.8075 -26.5917 39.4654
    endloop
  endfacet
  facet normal -0.55523 -0.831697 -0
    outer loop
      vertex -95.6989 -26.6642 39.4654
      vertex -95.8075 -26.5917 38.9346
      vertex -95.6989 -26.6642 38.9346
    endloop
  endfacet
  facet normal -0.653961 -0.745175 -0.130575
    outer loop
      vertex -95.8075 -26.5917 38.9346
      vertex -95.8935 -26.4935 38.8049
      vertex -95.7971 -26.5781 38.8049
    endloop
  endfacet
  facet normal -0.653999 -0.745149 -0.13053
    outer loop
      vertex -95.8075 -26.5917 38.9346
      vertex -95.9056 -26.5056 38.9346
      vertex -95.8935 -26.4935 38.8049
    endloop
  endfacet
  facet normal -0.319081 -0.938701 -0.130489
    outer loop
      vertex -95.4583 -26.7639 38.9346
      vertex -95.5753 -26.7061 38.8049
      vertex -95.4538 -26.7474 38.8049
    endloop
  endfacet
  facet normal 0.194496 -0.980903 0
    outer loop
      vertex -68.6698 -26.7893 38.9346
      vertex -68.5417 -26.7639 39.4654
      vertex -68.6698 -26.7893 39.4654
    endloop
  endfacet
  facet normal 0.194496 -0.980903 0
    outer loop
      vertex -68.5417 -26.7639 39.4654
      vertex -68.6698 -26.7893 38.9346
      vertex -68.5417 -26.7639 38.9346
    endloop
  endfacet
  facet normal -0.408936 -0.828903 -0.381695
    outer loop
      vertex -95.5624 -26.6748 38.6786
      vertex -95.6484 -26.5767 38.5577
      vertex -95.5432 -26.6286 38.5577
    endloop
  endfacet
  facet normal -0.48134 -0.720533 -0.499144
    outer loop
      vertex -95.6484 -26.5767 38.5577
      vertex -95.746 -26.5115 38.5577
      vertex -95.7062 -26.4596 38.4444
    endloop
  endfacet
  facet normal -0.481645 -0.720477 -0.49893
    outer loop
      vertex -95.6484 -26.5767 38.5577
      vertex -95.7062 -26.4596 38.4444
      vertex -95.6157 -26.5201 38.4444
    endloop
  endfacet
  facet normal 0.55084 -0.824328 0.130606
    outer loop
      vertex -68.2029 -26.5781 39.5951
      vertex -68.3096 -26.6494 39.5951
      vertex -68.1925 -26.5917 39.4654
    endloop
  endfacet
  facet normal 0.0631687 -0.963908 0.258632
    outer loop
      vertex -68.6764 -26.7388 39.7214
      vertex -68.8 -26.7469 39.7214
      vertex -68.672 -26.7724 39.5951
    endloop
  endfacet
  facet normal 0.195553 -0.577427 0.792677
    outer loop
      vertex -68.5874 -26.3133 40.2315
      vertex -68.6562 -26.3366 40.2315
      vertex -68.6293 -26.4369 40.1518
    endloop
  endfacet
  facet normal 0.383433 -0.777208 0.498925
    outer loop
      vertex -68.3843 -26.5201 39.9556
      vertex -68.4568 -26.6286 39.8423
      vertex -68.3516 -26.5767 39.8423
    endloop
  endfacet
  facet normal 0.313195 -0.63503 0.706148
    outer loop
      vertex -68.4241 -26.4511 40.0593
      vertex -68.5477 -26.4092 40.1518
      vertex -68.5123 -26.4946 40.0593
    endloop
  endfacet
  facet normal 0.0403122 -0.608883 0.792235
    outer loop
      vertex -68.8 -26.3556 40.2315
      vertex -68.8 -26.4593 40.1518
      vertex -68.7275 -26.3508 40.2315
    endloop
  endfacet
  facet normal -0.550506 -0.82462 0.130175
    outer loop
      vertex -95.6904 -26.6494 39.5951
      vertex -95.8075 -26.5917 39.4654
      vertex -95.6989 -26.6642 39.4654
    endloop
  endfacet
  facet normal -0.311111 -0.914618 0.258232
    outer loop
      vertex -95.4451 -26.7147 39.7214
      vertex -95.5624 -26.6748 39.7214
      vertex -95.4538 -26.7474 39.5951
    endloop
  endfacet
  facet normal -0.310901 -0.914636 0.258422
    outer loop
      vertex -95.5624 -26.6748 39.7214
      vertex -95.5753 -26.7061 39.5951
      vertex -95.4538 -26.7474 39.5951
    endloop
  endfacet
  facet normal -0.297015 -0.875288 0.381646
    outer loop
      vertex -95.5432 -26.6286 39.8423
      vertex -95.5624 -26.6748 39.7214
      vertex -95.4321 -26.6663 39.8423
    endloop
  endfacet
  facet normal -0.0568645 -0.864784 0.498915
    outer loop
      vertex -95.3085 -26.6244 39.9556
      vertex -95.3171 -26.6892 39.8423
      vertex -95.2 -26.6969 39.8423
    endloop
  endfacet
  facet normal -0.0606476 -0.922316 0.381647
    outer loop
      vertex -95.3171 -26.6892 39.8423
      vertex -95.3236 -26.7388 39.7214
      vertex -95.2 -26.6969 39.8423
    endloop
  endfacet
  facet normal -0.193263 -0.972497 0.129995
    outer loop
      vertex -95.328 -26.7724 39.5951
      vertex -95.4538 -26.7474 39.5951
      vertex -95.3302 -26.7893 39.4654
    endloop
  endfacet
  facet normal -0.0631687 -0.963908 0.258632
    outer loop
      vertex -95.3236 -26.7388 39.7214
      vertex -95.328 -26.7724 39.5951
      vertex -95.2 -26.7469 39.7214
    endloop
  endfacet
  facet normal -0.441242 -0.660039 0.607991
    outer loop
      vertex -95.6577 -26.3965 40.0593
      vertex -95.7062 -26.4596 39.9556
      vertex -95.6157 -26.5201 39.9556
    endloop
  endfacet
  facet normal -0.481645 -0.720477 0.49893
    outer loop
      vertex -95.6157 -26.5201 39.9556
      vertex -95.7062 -26.4596 39.9556
      vertex -95.6484 -26.5767 39.8423
    endloop
  endfacet
  facet normal -0.408936 -0.828903 0.381695
    outer loop
      vertex -95.5432 -26.6286 39.8423
      vertex -95.6484 -26.5767 39.8423
      vertex -95.5624 -26.6748 39.7214
    endloop
  endfacet
  facet normal -0.408156 -0.828997 0.382326
    outer loop
      vertex -95.6484 -26.5767 39.8423
      vertex -95.6735 -26.6201 39.7214
      vertex -95.5624 -26.6748 39.7214
    endloop
  endfacet
  facet normal -0.180517 -0.906524 0.381612
    outer loop
      vertex -95.3171 -26.6892 39.8423
      vertex -95.4321 -26.6663 39.8423
      vertex -95.3236 -26.7388 39.7214
    endloop
  endfacet
  facet normal -0.169249 -0.84994 0.498956
    outer loop
      vertex -95.3085 -26.6244 39.9556
      vertex -95.4321 -26.6663 39.8423
      vertex -95.3171 -26.6892 39.8423
    endloop
  endfacet
  facet normal -0.130712 0 -0.99142
    outer loop
      vertex -95.3951 -25.8 38.0192
      vertex -95.2654 31.2 38.0021
      vertex -95.2654 -25.8 38.0021
    endloop
  endfacet
  facet normal -0.130712 0 -0.99142
    outer loop
      vertex -95.2654 31.2 38.0021
      vertex -95.3951 -25.8 38.0192
      vertex -95.3951 31.2 38.0192
    endloop
  endfacet
  facet normal 0.0983014 -0.0864641 -0.991393
    outer loop
      vertex -68.662 -25.9379 38.0192
      vertex -68.7538 -25.8462 38.0021
      vertex -68.6452 -25.9188 38.0192
    endloop
  endfacet
  facet normal -0.0245608 -0.382056 -0.923813
    outer loop
      vertex -95.2 -26.2423 38.1031
      vertex -95.242 -26.1187 38.0531
      vertex -95.2 -26.1214 38.0531
    endloop
  endfacet
  facet normal -0.0833736 -0.245798 -0.965729
    outer loop
      vertex -95.2832 -26.1105 38.0531
      vertex -95.323 -26.097 38.0531
      vertex -95.2505 -25.9884 38.0192
    endloop
  endfacet
  facet normal 0.00871377 0.130707 -0.991383
    outer loop
      vertex -68.7745 31.3934 38.0192
      vertex -68.8 31.2654 38.0021
      vertex -68.8 31.3951 38.0192
    endloop
  endfacet
  facet normal 0.608883 -0.0403122 -0.792235
    outer loop
      vertex -68.1407 -25.8 38.2482
      vertex -68.2492 -25.8725 38.1685
      vertex -68.2444 -25.8 38.1685
    endloop
  endfacet
  facet normal 0.546891 -0.269912 -0.792501
    outer loop
      vertex -68.229 -26.1297 38.2482
      vertex -68.2867 -26.0126 38.1685
      vertex -68.1908 -26.0523 38.2482
    endloop
  endfacet
  facet normal -0.34363 -0.169537 -0.923675
    outer loop
      vertex -95.4784 -25.9607 38.0531
      vertex -95.583 -26.0211 38.1031
      vertex -95.497 -25.923 38.0531
    endloop
  endfacet
  facet normal -0.252516 -0.288069 -0.923716
    outer loop
      vertex -95.3957 -26.055 38.0531
      vertex -95.4692 -26.1509 38.1031
      vertex -95.4273 -26.0273 38.0531
    endloop
  endfacet
  facet normal -0.382056 -0.0245608 -0.923813
    outer loop
      vertex -95.5187 -25.842 38.0531
      vertex -95.6423 -25.8 38.1031
      vertex -95.5214 -25.8 38.0531
    endloop
  endfacet
  facet normal -0.382172 0 -0.924091
    outer loop
      vertex -95.6423 -25.8 38.1031
      vertex -95.5214 31.2 38.0531
      vertex -95.5214 -25.8 38.0531
    endloop
  endfacet
  facet normal -0.382172 0 -0.924091
    outer loop
      vertex -95.5214 31.2 38.0531
      vertex -95.6423 -25.8 38.1031
      vertex -95.6423 31.2 38.1031
    endloop
  endfacet
  facet normal -0.972497 -0.193263 -0.129995
    outer loop
      vertex -96.1474 -26.0538 38.8049
      vertex -96.1893 -25.9302 38.9346
      vertex -96.1724 -25.928 38.8049
    endloop
  endfacet
  facet normal -0.989383 -0.0649283 -0.130019
    outer loop
      vertex -96.1724 -25.928 38.8049
      vertex -96.1893 -25.9302 38.9346
      vertex -96.1808 -25.8 38.8049
    endloop
  endfacet
  facet normal -0.922401 -0.0604486 -0.381473
    outer loop
      vertex -96.1388 -25.9236 38.6786
      vertex -96.1469 -25.8 38.6786
      vertex -96.0969 -25.8 38.5577
    endloop
  endfacet
  facet normal -0.922316 -0.0606476 -0.381647
    outer loop
      vertex -96.0892 -25.9171 38.5577
      vertex -96.1388 -25.9236 38.6786
      vertex -96.0969 -25.8 38.5577
    endloop
  endfacet
  facet normal -0.896867 -0.442301 0
    outer loop
      vertex -96.0642 -26.2989 38.9346
      vertex -96.1219 -26.1819 39.4654
      vertex -96.1219 -26.1819 38.9346
    endloop
  endfacet
  facet normal -0.896867 -0.442301 0
    outer loop
      vertex -96.1219 -26.1819 39.4654
      vertex -96.0642 -26.2989 38.9346
      vertex -96.0642 -26.2989 39.4654
    endloop
  endfacet
  facet normal -0.889425 -0.438144 -0.130206
    outer loop
      vertex -96.0642 -26.2989 38.9346
      vertex -96.1061 -26.1753 38.8049
      vertex -96.0494 -26.2904 38.8049
    endloop
  endfacet
  facet normal -0.768336 -0.513274 -0.382374
    outer loop
      vertex -95.9115 -26.346 38.5577
      vertex -96.0201 -26.2735 38.6786
      vertex -95.9767 -26.2484 38.5577
    endloop
  endfacet
  facet normal -0.695044 -0.609149 -0.381905
    outer loop
      vertex -95.8342 -26.4342 38.5577
      vertex -95.9512 -26.3765 38.6786
      vertex -95.9115 -26.346 38.5577
    endloop
  endfacet
  facet normal -0.651666 -0.571131 -0.499139
    outer loop
      vertex -95.8342 -26.4342 38.5577
      vertex -95.9115 -26.346 38.5577
      vertex -95.8596 -26.3062 38.4444
    endloop
  endfacet
  facet normal -0.70636 -0.0459421 -0.70636
    outer loop
      vertex -95.8537 -25.8861 38.2482
      vertex -95.9518 -25.8 38.3407
      vertex -95.8593 -25.8 38.2482
    endloop
  endfacet
  facet normal -0.707107 0 -0.707107
    outer loop
      vertex -95.9518 -25.8 38.3407
      vertex -95.8593 31.2 38.2482
      vertex -95.8593 -25.8 38.2482
    endloop
  endfacet
  facet normal -0.707107 0 -0.707107
    outer loop
      vertex -95.8593 31.2 38.2482
      vertex -95.9518 -25.8 38.3407
      vertex -95.9518 31.2 38.3407
    endloop
  endfacet
  facet normal -0.376187 -0.330353 -0.86565
    outer loop
      vertex -95.5127 -26.1127 38.1031
      vertex -95.6408 -26.1382 38.1685
      vertex -95.5509 -26.0692 38.1031
    endloop
  endfacet
  facet normal -0.588706 -0.393292 -0.70622
    outer loop
      vertex -95.7231 -26.2014 38.2482
      vertex -95.8511 -26.1759 38.3407
      vertex -95.771 -26.1297 38.2482
    endloop
  endfacet
  facet normal -0.382229 0.0251728 -0.923725
    outer loop
      vertex -95.5187 31.242 38.0531
      vertex -95.6423 31.2 38.1031
      vertex -95.6385 31.2577 38.1031
    endloop
  endfacet
  facet normal -0.254603 0.0506733 -0.965717
    outer loop
      vertex -95.3934 31.2255 38.0192
      vertex -95.5187 31.242 38.0531
      vertex -95.5105 31.2832 38.0531
    endloop
  endfacet
  facet normal -0.947606 0.187961 -0.25829
    outer loop
      vertex -96.1388 31.3236 38.6786
      vertex -96.1474 31.4538 38.8049
      vertex -96.1147 31.4451 38.6786
    endloop
  endfacet
  facet normal -0.875064 0.29691 -0.382241
    outer loop
      vertex -96.0663 31.4321 38.5577
      vertex -96.1147 31.4451 38.6786
      vertex -96.0749 31.5624 38.6786
    endloop
  endfacet
  facet normal -0.866541 0.427421 -0.257718
    outer loop
      vertex -96.0749 31.5624 38.6786
      vertex -96.1061 31.5753 38.8049
      vertex -96.0201 31.6735 38.6786
    endloop
  endfacet
  facet normal -0.914807 0.310959 -0.257746
    outer loop
      vertex -96.0749 31.5624 38.6786
      vertex -96.1474 31.4538 38.8049
      vertex -96.1061 31.5753 38.8049
    endloop
  endfacet
  facet normal -0.608589 0.039583 -0.792498
    outer loop
      vertex -95.7508 31.2725 38.1685
      vertex -95.8593 31.2 38.2482
      vertex -95.8537 31.2861 38.2482
    endloop
  endfacet
  facet normal -0.70636 0.0459421 -0.70636
    outer loop
      vertex -95.8593 31.2 38.2482
      vertex -95.9518 31.2 38.3407
      vertex -95.8537 31.2861 38.2482
    endloop
  endfacet
  facet normal 0.259197 0.0166627 0.965681
    outer loop
      vertex -68.4813 31.242 40.3469
      vertex -68.6049 31.2 40.3808
      vertex -68.4786 31.2 40.3469
    endloop
  endfacet
  facet normal 0.072264 0.109165 0.991393
    outer loop
      vertex -68.7025 31.369 40.3808
      vertex -68.7673 31.2566 40.3979
      vertex -68.7602 31.2519 40.3979
    endloop
  endfacet
  facet normal 0.41648 -0.277883 0.865636
    outer loop
      vertex -68.3189 -26.0778 40.2315
      vertex -68.417 -26.0211 40.2969
      vertex -68.3592 -26.1382 40.2315
    endloop
  endfacet
  facet normal 0.866541 -0.427421 0.257718
    outer loop
      vertex -67.9251 -26.1624 39.7214
      vertex -67.9799 -26.2735 39.7214
      vertex -67.8939 -26.1753 39.5951
    endloop
  endfacet
  facet normal 0.864784 -0.0568645 0.498915
    outer loop
      vertex -67.9031 -25.8 39.8423
      vertex -67.9756 -25.9085 39.9556
      vertex -67.9108 -25.9171 39.8423
    endloop
  endfacet
  facet normal 0.67047 -0.22732 0.706255
    outer loop
      vertex -68.1631 -25.9706 40.1518
      vertex -68.1908 -26.0523 40.1518
      vertex -68.0738 -25.9946 40.0593
    endloop
  endfacet
  facet normal 0.963902 -0.0632561 0.258634
    outer loop
      vertex -67.8192 -25.8 39.5951
      vertex -67.8612 -25.9236 39.7214
      vertex -67.8276 -25.928 39.5951
    endloop
  endfacet
  facet normal 0.866071 -0 0.499921
    outer loop
      vertex -67.9685 -25.8 39.9556
      vertex -67.9031 31.2 39.8423
      vertex -67.9685 31.2 39.9556
    endloop
  endfacet
  facet normal 0.866071 0 0.499921
    outer loop
      vertex -67.9031 31.2 39.8423
      vertex -67.9685 -25.8 39.9556
      vertex -67.9031 -25.8 39.8423
    endloop
  endfacet
  facet normal 0.245819 -0.0832941 0.96573
    outer loop
      vertex -68.6116 -25.8505 40.3808
      vertex -68.6198 -25.8747 40.3808
      vertex -68.4895 -25.8832 40.3469
    endloop
  endfacet
  facet normal 0.609378 0 0.79288
    outer loop
      vertex -68.2444 31.2 40.2315
      vertex -68.1407 -25.8 40.1518
      vertex -68.1407 31.2 40.1518
    endloop
  endfacet
  facet normal 0.609378 0 0.79288
    outer loop
      vertex -68.1407 -25.8 40.1518
      vertex -68.2444 31.2 40.2315
      vertex -68.2444 -25.8 40.2315
    endloop
  endfacet
  facet normal 0.608589 0.039583 0.792498
    outer loop
      vertex -68.1463 31.2861 40.1518
      vertex -68.2492 31.2725 40.2315
      vertex -68.1407 31.2 40.1518
    endloop
  endfacet
  facet normal 0.491177 0.0978221 0.86555
    outer loop
      vertex -68.2634 31.3438 40.2315
      vertex -68.3615 31.2577 40.2969
      vertex -68.2492 31.2725 40.2315
    endloop
  endfacet
  facet normal 0.778463 0.155401 0.608149
    outer loop
      vertex -67.9969 31.4152 39.9556
      vertex -68.0738 31.3946 40.0593
      vertex -67.9756 31.3085 39.9556
    endloop
  endfacet
  facet normal 0.706421 0.0460866 0.70629
    outer loop
      vertex -68.0546 31.2981 40.0593
      vertex -68.1463 31.2861 40.1518
      vertex -68.0482 31.2 40.0593
    endloop
  endfacet
  facet normal 0.820519 -0.27843 0.499225
    outer loop
      vertex -67.9337 -26.0321 39.8423
      vertex -67.9969 -26.0152 39.9556
      vertex -67.9714 -26.1432 39.8423
    endloop
  endfacet
  facet normal 0.408156 -0.828997 0.382326
    outer loop
      vertex -68.3516 -26.5767 39.8423
      vertex -68.4376 -26.6748 39.7214
      vertex -68.3265 -26.6201 39.7214
    endloop
  endfacet
  facet normal 0.588706 -0.393292 0.70622
    outer loop
      vertex -68.229 -26.1297 40.1518
      vertex -68.2769 -26.2014 40.1518
      vertex -68.1489 -26.1759 40.0593
    endloop
  endfacet
  facet normal 0.777209 -0.383423 0.498932
    outer loop
      vertex -68.0318 -26.1182 39.9556
      vertex -68.0799 -26.2157 39.9556
      vertex -67.9714 -26.1432 39.8423
    endloop
  endfacet
  facet normal 0.824376 -0.550872 0.130171
    outer loop
      vertex -67.9506 -26.2904 39.5951
      vertex -68.0219 -26.3971 39.5951
      vertex -67.9358 -26.2989 39.4654
    endloop
  endfacet
  facet normal 0.824573 -0.550475 0.130602
    outer loop
      vertex -67.9358 -26.2989 39.4654
      vertex -68.0219 -26.3971 39.5951
      vertex -68.0083 -26.4075 39.4654
    endloop
  endfacet
  facet normal -0.0747484 -0.375726 -0.923711
    outer loop
      vertex -95.2577 -26.2385 38.1031
      vertex -95.3145 -26.2272 38.1031
      vertex -95.242 -26.1187 38.0531
    endloop
  endfacet
  facet normal -0.33875 -0.507064 -0.792549
    outer loop
      vertex -95.5297 -26.371 38.2482
      vertex -95.6014 -26.3231 38.2482
      vertex -95.4778 -26.2811 38.1685
    endloop
  endfacet
  facet normal -0.056583 -0.864683 -0.49912
    outer loop
      vertex -95.2 -26.6969 38.5577
      vertex -95.3085 -26.6244 38.4444
      vertex -95.2 -26.6315 38.4444
    endloop
  endfacet
  facet normal -0.393292 -0.588706 -0.70622
    outer loop
      vertex -95.5759 -26.4511 38.3407
      vertex -95.6014 -26.3231 38.2482
      vertex -95.5297 -26.371 38.2482
    endloop
  endfacet
  facet normal -0.227612 -0.670509 -0.706123
    outer loop
      vertex -95.3946 -26.5262 38.3407
      vertex -95.4523 -26.4092 38.2482
      vertex -95.3707 -26.4369 38.2482
    endloop
  endfacet
  facet normal -0.351118 -0.711726 -0.60841
    outer loop
      vertex -95.5182 -26.5682 38.4444
      vertex -95.6157 -26.5201 38.4444
      vertex -95.4877 -26.4946 38.3407
    endloop
  endfacet
  facet normal -0.383423 -0.777209 -0.498932
    outer loop
      vertex -95.5432 -26.6286 38.5577
      vertex -95.6157 -26.5201 38.4444
      vertex -95.5182 -26.5682 38.4444
    endloop
  endfacet
  facet normal -0.426716 -0.866694 -0.25837
    outer loop
      vertex -95.5753 -26.7061 38.8049
      vertex -95.6735 -26.6201 38.6786
      vertex -95.5624 -26.6748 38.6786
    endloop
  endfacet
  facet normal -0.440622 -0.660126 -0.608346
    outer loop
      vertex -95.6157 -26.5201 38.4444
      vertex -95.6577 -26.3965 38.3407
      vertex -95.5759 -26.4511 38.3407
    endloop
  endfacet
  facet normal -0.659825 -0.441098 -0.608328
    outer loop
      vertex -95.8596 -26.3062 38.4444
      vertex -95.9201 -26.2157 38.4444
      vertex -95.8511 -26.1759 38.3407
    endloop
  endfacet
  facet normal 0.137919 -0.694521 -0.70613
    outer loop
      vertex -68.6054 -26.5262 38.3407
      vertex -68.7139 -26.4537 38.2482
      vertex -68.6293 -26.4369 38.2482
    endloop
  endfacet
  facet normal 0.408936 -0.828903 -0.381695
    outer loop
      vertex -68.4376 -26.6748 38.6786
      vertex -68.4568 -26.6286 38.5577
      vertex -68.3516 -26.5767 38.5577
    endloop
  endfacet
  facet normal 0.383433 -0.777208 -0.498925
    outer loop
      vertex -68.3516 -26.5767 38.5577
      vertex -68.4568 -26.6286 38.5577
      vertex -68.3843 -26.5201 38.4444
    endloop
  endfacet
  facet normal 0.828686 -0.408829 -0.38228
    outer loop
      vertex -67.9251 -26.1624 38.6786
      vertex -68.0233 -26.2484 38.5577
      vertex -67.9714 -26.1432 38.5577
    endloop
  endfacet
  facet normal -0.0649283 -0.989383 -0.130019
    outer loop
      vertex -95.2 -26.7808 38.8049
      vertex -95.3302 -26.7893 38.9346
      vertex -95.328 -26.7724 38.8049
    endloop
  endfacet
  facet normal -0.196034 -0.577486 -0.792515
    outer loop
      vertex -95.3707 -26.4369 38.2482
      vertex -95.4523 -26.4092 38.2482
      vertex -95.4126 -26.3133 38.1685
    endloop
  endfacet
  facet normal -0.27843 -0.820519 -0.499225
    outer loop
      vertex -95.4321 -26.6663 38.5577
      vertex -95.5432 -26.6286 38.5577
      vertex -95.4152 -26.6031 38.4444
    endloop
  endfacet
  facet normal 0.0632547 -0.963881 -0.258714
    outer loop
      vertex -68.672 -26.7724 38.8049
      vertex -68.8 -26.7808 38.8049
      vertex -68.8 -26.7469 38.6786
    endloop
  endfacet
  facet normal 0 -0.99142 0.130712
    outer loop
      vertex -95.2 -26.7979 39.4654
      vertex -68.8 -26.7808 39.5951
      vertex -95.2 -26.7808 39.5951
    endloop
  endfacet
  facet normal 0 -0.99142 0.130712
    outer loop
      vertex -68.8 -26.7808 39.5951
      vertex -95.2 -26.7979 39.4654
      vertex -68.8 -26.7979 39.4654
    endloop
  endfacet
  facet normal 0.187961 -0.947606 -0.25829
    outer loop
      vertex -68.5462 -26.7474 38.8049
      vertex -68.6764 -26.7388 38.6786
      vertex -68.5549 -26.7147 38.6786
    endloop
  endfacet
  facet normal 0.989383 -0.0649283 0.130019
    outer loop
      vertex -67.8192 -25.8 39.5951
      vertex -67.8276 -25.928 39.5951
      vertex -67.8107 -25.9302 39.4654
    endloop
  endfacet
  facet normal 0.989301 -0.0653456 0.130432
    outer loop
      vertex -67.8021 -25.8 39.4654
      vertex -67.8192 -25.8 39.5951
      vertex -67.8107 -25.9302 39.4654
    endloop
  endfacet
  facet normal 0.947606 -0.187961 0.25829
    outer loop
      vertex -67.8612 -25.9236 39.7214
      vertex -67.8853 -26.0451 39.7214
      vertex -67.8526 -26.0538 39.5951
    endloop
  endfacet
  facet normal 0.963886 -0.0631673 -0.258715
    outer loop
      vertex -67.8192 -25.8 38.8049
      vertex -67.8612 -25.9236 38.6786
      vertex -67.8531 -25.8 38.6786
    endloop
  endfacet
  facet normal 0.598096 -0.119116 -0.792523
    outer loop
      vertex -68.1463 -25.8861 38.2482
      vertex -68.2634 -25.9438 38.1685
      vertex -68.2492 -25.8725 38.1685
    endloop
  endfacet
  facet normal 0.188286 -0.947453 0.258613
    outer loop
      vertex -68.5462 -26.7474 39.5951
      vertex -68.6764 -26.7388 39.7214
      vertex -68.672 -26.7724 39.5951
    endloop
  endfacet
  facet normal 0.571402 -0.651096 -0.499573
    outer loop
      vertex -68.1658 -26.4342 38.5577
      vertex -68.2938 -26.4596 38.4444
      vertex -68.2121 -26.3879 38.4444
    endloop
  endfacet
  facet normal 0.458339 -0.402462 -0.792433
    outer loop
      vertex -68.3338 -26.2662 38.2482
      vertex -68.3592 -26.1382 38.1685
      vertex -68.2769 -26.2014 38.2482
    endloop
  endfacet
  facet normal 0.79288 0 -0.609378
    outer loop
      vertex -67.9685 -25.8 38.4444
      vertex -68.0482 31.2 38.3407
      vertex -67.9685 31.2 38.4444
    endloop
  endfacet
  facet normal 0.79288 0 -0.609378
    outer loop
      vertex -68.0482 31.2 38.3407
      vertex -67.9685 -25.8 38.4444
      vertex -68.0482 -25.8 38.3407
    endloop
  endfacet
  facet normal 0.57754 -0.195591 -0.792586
    outer loop
      vertex -68.1631 -25.9706 38.2482
      vertex -68.2867 -26.0126 38.1685
      vertex -68.2634 -25.9438 38.1685
    endloop
  endfacet
  facet normal 0.608589 -0.039583 -0.792498
    outer loop
      vertex -68.1463 -25.8861 38.2482
      vertex -68.2492 -25.8725 38.1685
      vertex -68.1407 -25.8 38.2482
    endloop
  endfacet
  facet normal 0.362794 0.123058 -0.923708
    outer loop
      vertex -68.4895 31.2832 38.0531
      vertex -68.503 31.323 38.0531
      vertex -68.3914 31.3693 38.1031
    endloop
  endfacet
  facet normal 0.448935 0.221713 -0.865622
    outer loop
      vertex -68.2867 31.4126 38.1685
      vertex -68.417 31.4211 38.1031
      vertex -68.3189 31.4778 38.1685
    endloop
  endfacet
  facet normal 0.598096 0.119116 -0.792523
    outer loop
      vertex -68.2492 31.2725 38.1685
      vertex -68.2634 31.3438 38.1685
      vertex -68.1463 31.2861 38.2482
    endloop
  endfacet
  facet normal 0.751841 0.25475 -0.608143
    outer loop
      vertex -67.9969 31.4152 38.4444
      vertex -68.0738 31.3946 38.3407
      vertex -68.0318 31.5182 38.4444
    endloop
  endfacet
  facet normal 0.922401 0.0604486 -0.381473
    outer loop
      vertex -67.8531 31.2 38.6786
      vertex -67.9031 31.2 38.5577
      vertex -67.8612 31.3236 38.6786
    endloop
  endfacet
  facet normal -0.227583 0.670505 -0.706136
    outer loop
      vertex -95.4523 31.8092 38.2482
      vertex -95.4877 31.8946 38.3407
      vertex -95.3946 31.9262 38.3407
    endloop
  endfacet
  facet normal -0.313195 0.63503 -0.706148
    outer loop
      vertex -95.4523 31.8092 38.2482
      vertex -95.5759 31.8511 38.3407
      vertex -95.4877 31.8946 38.3407
    endloop
  endfacet
  facet normal -0.196034 0.577486 -0.792515
    outer loop
      vertex -95.4126 31.7133 38.1685
      vertex -95.4523 31.8092 38.2482
      vertex -95.3707 31.8369 38.2482
    endloop
  endfacet
  facet normal -0.227612 0.670509 -0.706123
    outer loop
      vertex -95.3707 31.8369 38.2482
      vertex -95.4523 31.8092 38.2482
      vertex -95.3946 31.9262 38.3407
    endloop
  endfacet
  facet normal -0.467078 0.531927 -0.706323
    outer loop
      vertex -95.6662 31.6662 38.2482
      vertex -95.7316 31.7316 38.3407
      vertex -95.6014 31.7231 38.2482
    endloop
  endfacet
  facet normal -0.588746 0.392977 -0.706362
    outer loop
      vertex -95.7231 31.6014 38.2482
      vertex -95.8511 31.5759 38.3407
      vertex -95.7965 31.6577 38.3407
    endloop
  endfacet
  facet normal -0.474144 0.160932 -0.865615
    outer loop
      vertex -95.6272 31.3145 38.1031
      vertex -95.7133 31.4126 38.1685
      vertex -95.6086 31.3693 38.1031
    endloop
  endfacet
  facet normal -0.448927 0.221864 -0.865587
    outer loop
      vertex -95.6086 31.3693 38.1031
      vertex -95.7133 31.4126 38.1685
      vertex -95.583 31.4211 38.1031
    endloop
  endfacet
  facet normal -0.720533 0.48134 -0.499144
    outer loop
      vertex -95.8596 31.7062 38.4444
      vertex -95.9767 31.6484 38.5577
      vertex -95.9115 31.746 38.5577
    endloop
  endfacet
  facet normal -0.660364 0.440781 -0.607973
    outer loop
      vertex -95.8511 31.5759 38.3407
      vertex -95.8596 31.7062 38.4444
      vertex -95.7965 31.6577 38.3407
    endloop
  endfacet
  facet normal -0.507249 0.338446 -0.792561
    outer loop
      vertex -95.6811 31.4778 38.1685
      vertex -95.771 31.5297 38.2482
      vertex -95.6408 31.5382 38.1685
    endloop
  endfacet
  facet normal -0.41648 0.277883 -0.865636
    outer loop
      vertex -95.583 31.4211 38.1031
      vertex -95.6811 31.4778 38.1685
      vertex -95.6408 31.5382 38.1685
    endloop
  endfacet
  facet normal -0.634857 0.313327 -0.706246
    outer loop
      vertex -95.8092 31.4523 38.2482
      vertex -95.8511 31.5759 38.3407
      vertex -95.771 31.5297 38.2482
    endloop
  endfacet
  facet normal -0.63503 0.313195 -0.706148
    outer loop
      vertex -95.8092 31.4523 38.2482
      vertex -95.8946 31.4877 38.3407
      vertex -95.8511 31.5759 38.3407
    endloop
  endfacet
  facet normal -0.330353 0.376187 -0.86565
    outer loop
      vertex -95.5127 31.5127 38.1031
      vertex -95.5382 31.6408 38.1685
      vertex -95.4692 31.5509 38.1031
    endloop
  endfacet
  facet normal -0.457976 0.402616 -0.792565
    outer loop
      vertex -95.6408 31.5382 38.1685
      vertex -95.6662 31.6662 38.2482
      vertex -95.5928 31.5928 38.1685
    endloop
  endfacet
  facet normal -0.426716 0.866694 -0.25837
    outer loop
      vertex -95.5624 32.0748 38.6786
      vertex -95.6735 32.0201 38.6786
      vertex -95.5753 32.1061 38.8049
    endloop
  endfacet
  facet normal -0.169618 0.849685 -0.499264
    outer loop
      vertex -95.4152 32.0031 38.4444
      vertex -95.4321 32.0663 38.5577
      vertex -95.3085 32.0244 38.4444
    endloop
  endfacet
  facet normal -0.637276 0.726163 -0.258006
    outer loop
      vertex -95.8696 31.8696 38.6786
      vertex -95.8935 31.8935 38.8049
      vertex -95.7971 31.9781 38.8049
    endloop
  endfacet
  facet normal -0.513274 0.768336 -0.382374
    outer loop
      vertex -95.6484 31.9767 38.5577
      vertex -95.746 31.9115 38.5577
      vertex -95.6735 32.0201 38.6786
    endloop
  endfacet
  facet normal -0.351118 0.711726 -0.60841
    outer loop
      vertex -95.4877 31.8946 38.3407
      vertex -95.6157 31.9201 38.4444
      vertex -95.5182 31.9682 38.4444
    endloop
  endfacet
  facet normal -0.351059 0.711802 -0.608355
    outer loop
      vertex -95.5759 31.8511 38.3407
      vertex -95.6157 31.9201 38.4444
      vertex -95.4877 31.8946 38.3407
    endloop
  endfacet
  facet normal -0.777208 0.383433 -0.498925
    outer loop
      vertex -95.9201 31.6157 38.4444
      vertex -96.0286 31.5432 38.5577
      vertex -95.9767 31.6484 38.5577
    endloop
  endfacet
  facet normal -0.768336 0.513274 -0.382374
    outer loop
      vertex -95.9767 31.6484 38.5577
      vertex -96.0201 31.6735 38.6786
      vertex -95.9115 31.746 38.5577
    endloop
  endfacet
  facet normal -0.820802 0.278116 -0.498935
    outer loop
      vertex -96.0031 31.4152 38.4444
      vertex -96.0286 31.5432 38.5577
      vertex -95.9682 31.5182 38.4444
    endloop
  endfacet
  facet normal -0.849685 0.169618 -0.499264
    outer loop
      vertex -96.0244 31.3085 38.4444
      vertex -96.0663 31.4321 38.5577
      vertex -96.0031 31.4152 38.4444
    endloop
  endfacet
  facet normal -0.050914 -0.25457 -0.965713
    outer loop
      vertex -95.242 -26.1187 38.0531
      vertex -95.2505 -25.9884 38.0192
      vertex -95.2255 -25.9934 38.0192
    endloop
  endfacet
  facet normal -0.212695 -0.318711 0.92368
    outer loop
      vertex -95.3607 -26.0784 40.3469
      vertex -95.4692 -26.1509 40.2969
      vertex -95.4211 -26.183 40.2969
    endloop
  endfacet
  facet normal -0.252853 -0.287935 0.923666
    outer loop
      vertex -95.4273 -26.0273 40.3469
      vertex -95.5127 -26.1127 40.2969
      vertex -95.4692 -26.1509 40.2969
    endloop
  endfacet
  facet normal -0.467078 -0.531927 0.706323
    outer loop
      vertex -95.6662 -26.2662 40.1518
      vertex -95.7316 -26.3316 40.0593
      vertex -95.6014 -26.3231 40.1518
    endloop
  endfacet
  facet normal -0.376096 -0.330634 0.865582
    outer loop
      vertex -95.5127 -26.1127 40.2969
      vertex -95.6408 -26.1382 40.2315
      vertex -95.5928 -26.1928 40.2315
    endloop
  endfacet
  facet normal -0.375717 -0.0747465 0.923715
    outer loop
      vertex -95.5105 -25.8832 40.3469
      vertex -95.6385 -25.8577 40.2969
      vertex -95.6272 -25.9145 40.2969
    endloop
  endfacet
  facet normal -0.448927 -0.221864 0.865587
    outer loop
      vertex -95.6086 -25.9693 40.2969
      vertex -95.7133 -26.0126 40.2315
      vertex -95.583 -26.0211 40.2969
    endloop
  endfacet
  facet normal -0.313327 -0.634857 0.706246
    outer loop
      vertex -95.5297 -26.371 40.1518
      vertex -95.5759 -26.4511 40.0593
      vertex -95.4523 -26.4092 40.1518
    endloop
  endfacet
  facet normal -0.269912 -0.546891 0.792501
    outer loop
      vertex -95.4126 -26.3133 40.2315
      vertex -95.5297 -26.371 40.1518
      vertex -95.4523 -26.4092 40.1518
    endloop
  endfacet
  facet normal -0.48134 -0.720533 0.499144
    outer loop
      vertex -95.7062 -26.4596 39.9556
      vertex -95.746 -26.5115 39.8423
      vertex -95.6484 -26.5767 39.8423
    endloop
  endfacet
  facet normal -0.155401 -0.778463 0.608149
    outer loop
      vertex -95.3946 -26.5262 40.0593
      vertex -95.4152 -26.6031 39.9556
      vertex -95.3085 -26.6244 39.9556
    endloop
  endfacet
  facet normal -0.232716 -0.114815 0.965744
    outer loop
      vertex -95.3689 -25.8975 40.3808
      vertex -95.497 -25.923 40.3469
      vertex -95.4784 -25.9607 40.3469
    endloop
  endfacet
  facet normal -0.109234 -0.0723098 0.991382
    outer loop
      vertex -95.2566 -25.8327 40.3979
      vertex -95.3689 -25.8975 40.3808
      vertex -95.3548 -25.9188 40.3808
    endloop
  endfacet
  facet normal -0.171143 -0.195239 0.965708
    outer loop
      vertex -95.338 -25.9379 40.3808
      vertex -95.4273 -26.0273 40.3469
      vertex -95.3957 -26.055 40.3469
    endloop
  endfacet
  facet normal -0.11444 -0.232968 0.965727
    outer loop
      vertex -95.2975 -25.969 40.3808
      vertex -95.323 -26.097 40.3469
      vertex -95.2747 -25.9802 40.3808
    endloop
  endfacet
  facet normal -0.195315 -0.17121 0.965681
    outer loop
      vertex -95.3548 -25.9188 40.3808
      vertex -95.455 -25.9957 40.3469
      vertex -95.4273 -26.0273 40.3469
    endloop
  endfacet
  facet normal -0.194942 -0.171468 0.96571
    outer loop
      vertex -95.3548 -25.9188 40.3808
      vertex -95.4273 -26.0273 40.3469
      vertex -95.338 -25.9379 40.3808
    endloop
  endfacet
  facet normal 0.0245608 -0.382056 0.923813
    outer loop
      vertex -68.8 -26.1214 40.3469
      vertex -68.8 -26.2423 40.2969
      vertex -68.758 -26.1187 40.3469
    endloop
  endfacet
  facet normal -0.11746 0.0579672 0.991384
    outer loop
      vertex -95.2566 31.2327 40.3979
      vertex -95.3802 31.2747 40.3808
      vertex -95.2604 31.225 40.3979
    endloop
  endfacet
  facet normal -0.123129 -0.362766 0.92371
    outer loop
      vertex -95.323 -26.097 40.3469
      vertex -95.3693 -26.2086 40.2969
      vertex -95.3145 -26.2272 40.2969
    endloop
  endfacet
  facet normal -0.160932 -0.474144 0.865615
    outer loop
      vertex -95.3693 -26.2086 40.2969
      vertex -95.4126 -26.3133 40.2315
      vertex -95.3145 -26.2272 40.2969
    endloop
  endfacet
  facet normal -0.0747484 -0.375726 0.923711
    outer loop
      vertex -95.242 -26.1187 40.3469
      vertex -95.3145 -26.2272 40.2969
      vertex -95.2577 -26.2385 40.2969
    endloop
  endfacet
  facet normal -0.0329114 -0.499734 0.865554
    outer loop
      vertex -95.2577 -26.2385 40.2969
      vertex -95.2725 -26.3508 40.2315
      vertex -95.2 -26.2423 40.2969
    endloop
  endfacet
  facet normal -0.0245608 -0.382056 0.923813
    outer loop
      vertex -95.2 -26.1214 40.3469
      vertex -95.242 -26.1187 40.3469
      vertex -95.2 -26.2423 40.2969
    endloop
  endfacet
  facet normal -0.0166627 -0.259197 0.965681
    outer loop
      vertex -95.2 -25.9951 40.3808
      vertex -95.242 -26.1187 40.3469
      vertex -95.2 -26.1214 40.3469
    endloop
  endfacet
  facet normal -0.0506644 -0.254558 0.965729
    outer loop
      vertex -95.2505 -25.9884 40.3808
      vertex -95.2832 -26.1105 40.3469
      vertex -95.242 -26.1187 40.3469
    endloop
  endfacet
  facet normal -0.050914 -0.25457 0.965713
    outer loop
      vertex -95.2255 -25.9934 40.3808
      vertex -95.2505 -25.9884 40.3808
      vertex -95.242 -26.1187 40.3469
    endloop
  endfacet
  facet normal 0.212695 0.318711 0.92368
    outer loop
      vertex -68.5789 31.583 40.2969
      vertex -68.6393 31.4784 40.3469
      vertex -68.5308 31.5509 40.2969
    endloop
  endfacet
  facet normal -0.577427 0.195553 0.792677
    outer loop
      vertex -95.7133 31.4126 40.2315
      vertex -95.8369 31.3707 40.1518
      vertex -95.7366 31.3438 40.2315
    endloop
  endfacet
  facet normal -0.598096 -0.119116 0.792523
    outer loop
      vertex -95.7508 -25.8725 40.2315
      vertex -95.8537 -25.8861 40.1518
      vertex -95.7366 -25.9438 40.2315
    endloop
  endfacet
  facet normal -0.123761 0.0427814 0.991389
    outer loop
      vertex -95.2604 31.225 40.3979
      vertex -95.3802 31.2747 40.3808
      vertex -95.2632 31.2169 40.3979
    endloop
  endfacet
  facet normal -0.232716 0.114815 0.965744
    outer loop
      vertex -95.4784 31.3607 40.3469
      vertex -95.497 31.323 40.3469
      vertex -95.3689 31.2975 40.3808
    endloop
  endfacet
  facet normal 0.0983014 0.0864641 0.991393
    outer loop
      vertex -68.662 31.3379 40.3808
      vertex -68.7538 31.2462 40.3979
      vertex -68.6452 31.3188 40.3808
    endloop
  endfacet
  facet normal -0.130607 0.00921932 0.991391
    outer loop
      vertex -95.2648 31.2085 40.3979
      vertex -95.3934 31.2255 40.3808
      vertex -95.2654 31.2 40.3979
    endloop
  endfacet
  facet normal -0.875046 0.296933 0.382264
    outer loop
      vertex -96.0286 31.5432 39.8423
      vertex -96.0749 31.5624 39.7214
      vertex -96.0663 31.4321 39.8423
    endloop
  endfacet
  facet normal -0.695044 -0.609149 0.381905
    outer loop
      vertex -95.9115 -26.346 39.8423
      vertex -95.9512 -26.3765 39.7214
      vertex -95.8342 -26.4342 39.8423
    endloop
  endfacet
  facet normal -0.720533 -0.48134 0.499144
    outer loop
      vertex -95.8596 -26.3062 39.9556
      vertex -95.9767 -26.2484 39.8423
      vertex -95.9115 -26.346 39.8423
    endloop
  endfacet
  facet normal -0.777209 -0.383423 0.498932
    outer loop
      vertex -95.9682 -26.1182 39.9556
      vertex -96.0286 -26.1432 39.8423
      vertex -95.9201 -26.2157 39.9556
    endloop
  endfacet
  facet normal -0.777208 -0.383433 0.498925
    outer loop
      vertex -95.9201 -26.2157 39.9556
      vertex -96.0286 -26.1432 39.8423
      vertex -95.9767 -26.2484 39.8423
    endloop
  endfacet
  facet normal -0.0631687 0.963908 -0.258632
    outer loop
      vertex -95.3236 32.1388 38.6786
      vertex -95.328 32.1724 38.8049
      vertex -95.2 32.1469 38.6786
    endloop
  endfacet
  facet normal -0.408156 0.828997 0.382326
    outer loop
      vertex -95.5624 32.0748 39.7214
      vertex -95.6735 32.0201 39.7214
      vertex -95.6484 31.9767 39.8423
    endloop
  endfacet
  facet normal -0.180517 0.906524 0.381612
    outer loop
      vertex -95.3236 32.1388 39.7214
      vertex -95.4321 32.0663 39.8423
      vertex -95.3171 32.0892 39.8423
    endloop
  endfacet
  facet normal -0.0649283 0.989383 0.130019
    outer loop
      vertex -95.2 32.1808 39.5951
      vertex -95.3302 32.1893 39.4654
      vertex -95.328 32.1724 39.5951
    endloop
  endfacet
  facet normal -0.118752 0.598002 0.792648
    outer loop
      vertex -95.2861 31.8537 40.1518
      vertex -95.3707 31.8369 40.1518
      vertex -95.3438 31.7366 40.2315
    endloop
  endfacet
  facet normal -0.212695 0.318711 0.92368
    outer loop
      vertex -95.4211 31.583 40.2969
      vertex -95.4692 31.5509 40.2969
      vertex -95.3607 31.4784 40.3469
    endloop
  endfacet
  facet normal -0.906652 -0.179838 0.381629
    outer loop
      vertex -96.0892 -25.9171 39.8423
      vertex -96.1388 -25.9236 39.7214
      vertex -96.1147 -26.0451 39.7214
    endloop
  endfacet
  facet normal -0.778323 -0.154858 0.608467
    outer loop
      vertex -95.9454 -25.8981 40.0593
      vertex -96.0244 -25.9085 39.9556
      vertex -95.9262 -25.9946 40.0593
    endloop
  endfacet
  facet normal -0.694343 0.138149 0.70626
    outer loop
      vertex -95.9262 31.3946 40.0593
      vertex -95.9454 31.2981 40.0593
      vertex -95.8537 31.2861 40.1518
    endloop
  endfacet
  facet normal -0.922316 0.0606476 0.381647
    outer loop
      vertex -96.0892 31.3171 39.8423
      vertex -96.1388 31.3236 39.7214
      vertex -96.0969 31.2 39.8423
    endloop
  endfacet
  facet normal -0.965815 0 0.259233
    outer loop
      vertex -96.1808 -25.8 39.5951
      vertex -96.1469 31.2 39.7214
      vertex -96.1808 31.2 39.5951
    endloop
  endfacet
  facet normal -0.965815 0 0.259233
    outer loop
      vertex -96.1469 31.2 39.7214
      vertex -96.1808 -25.8 39.5951
      vertex -96.1469 -25.8 39.7214
    endloop
  endfacet
  facet normal -0.963902 0.0632561 0.258634
    outer loop
      vertex -96.1724 31.328 39.5951
      vertex -96.1808 31.2 39.5951
      vertex -96.1388 31.3236 39.7214
    endloop
  endfacet
  facet normal -0.963886 0.0631673 0.258715
    outer loop
      vertex -96.1388 31.3236 39.7214
      vertex -96.1808 31.2 39.5951
      vertex -96.1469 31.2 39.7214
    endloop
  endfacet
  facet normal -0.745175 0.653961 -0.130575
    outer loop
      vertex -95.9781 31.7971 38.8049
      vertex -95.9917 31.8075 38.9346
      vertex -95.8935 31.8935 38.8049
    endloop
  endfacet
  facet normal -0.989301 0.0653456 -0.130432
    outer loop
      vertex -96.1808 31.2 38.8049
      vertex -96.1979 31.2 38.9346
      vertex -96.1893 31.3302 38.9346
    endloop
  endfacet
  facet normal -0.889181 0.438511 -0.130634
    outer loop
      vertex -96.1061 31.5753 38.8049
      vertex -96.1219 31.5819 38.9346
      vertex -96.0642 31.6989 38.9346
    endloop
  endfacet
  facet normal -0.215922 0.144359 0.96568
    outer loop
      vertex -95.455 31.3957 40.3469
      vertex -95.4784 31.3607 40.3469
      vertex -95.3548 31.3188 40.3808
    endloop
  endfacet
  facet normal -0.34363 0.169537 0.923675
    outer loop
      vertex -95.4784 31.3607 40.3469
      vertex -95.583 31.4211 40.2969
      vertex -95.497 31.323 40.3469
    endloop
  endfacet
  facet normal -0.0257012 0.128506 0.991376
    outer loop
      vertex -95.2255 31.3934 40.3808
      vertex -95.2505 31.3884 40.3808
      vertex -95.2169 31.2632 40.3979
    endloop
  endfacet
  facet normal 0.393292 0.588706 0.70622
    outer loop
      vertex -68.4241 31.8511 40.0593
      vertex -68.4703 31.771 40.1518
      vertex -68.3986 31.7231 40.1518
    endloop
  endfacet
  facet normal 0.0459421 0.70636 0.70636
    outer loop
      vertex -68.8 31.9518 40.0593
      vertex -68.8 31.8593 40.1518
      vertex -68.7139 31.8537 40.1518
    endloop
  endfacet
  facet normal 0.448935 -0.221713 0.865622
    outer loop
      vertex -68.2867 -26.0126 40.2315
      vertex -68.417 -26.0211 40.2969
      vertex -68.3189 -26.0778 40.2315
    endloop
  endfacet
  facet normal -0.128506 -0.0257012 0.991376
    outer loop
      vertex -95.2632 -25.8169 40.3979
      vertex -95.3934 -25.8255 40.3808
      vertex -95.3884 -25.8505 40.3808
    endloop
  endfacet
  facet normal -0.507249 -0.338446 0.792561
    outer loop
      vertex -95.6811 -26.0778 40.2315
      vertex -95.771 -26.1297 40.1518
      vertex -95.6408 -26.1382 40.2315
    endloop
  endfacet
  facet normal -0.376187 -0.330353 0.86565
    outer loop
      vertex -95.5509 -26.0692 40.2969
      vertex -95.6408 -26.1382 40.2315
      vertex -95.5127 -26.1127 40.2969
    endloop
  endfacet
  facet normal -0.499734 -0.0329114 0.865554
    outer loop
      vertex -95.6423 -25.8 40.2969
      vertex -95.7508 -25.8725 40.2315
      vertex -95.6385 -25.8577 40.2969
    endloop
  endfacet
  facet normal -0.499647 -0.0330801 0.865597
    outer loop
      vertex -95.6423 -25.8 40.2969
      vertex -95.7556 -25.8 40.2315
      vertex -95.7508 -25.8725 40.2315
    endloop
  endfacet
  facet normal -0.67047 -0.22732 0.706255
    outer loop
      vertex -95.8369 -25.9706 40.1518
      vertex -95.9262 -25.9946 40.0593
      vertex -95.8092 -26.0523 40.1518
    endloop
  endfacet
  facet normal -0.577568 -0.195822 0.792508
    outer loop
      vertex -95.7133 -26.0126 40.2315
      vertex -95.8369 -25.9706 40.1518
      vertex -95.8092 -26.0523 40.1518
    endloop
  endfacet
  facet normal 0.720477 0.481645 0.49893
    outer loop
      vertex -68.0233 31.6484 39.8423
      vertex -68.1404 31.7062 39.9556
      vertex -68.0799 31.6157 39.9556
    endloop
  endfacet
  facet normal 0.659825 0.441098 0.608328
    outer loop
      vertex -68.1404 31.7062 39.9556
      vertex -68.1489 31.5759 40.0593
      vertex -68.0799 31.6157 39.9556
    endloop
  endfacet
  facet normal 0.269912 0.546891 0.792501
    outer loop
      vertex -68.5477 31.8092 40.1518
      vertex -68.5874 31.7133 40.2315
      vertex -68.4703 31.771 40.1518
    endloop
  endfacet
  facet normal 0.467099 0.531874 0.706349
    outer loop
      vertex -68.3423 31.7965 40.0593
      vertex -68.3986 31.7231 40.1518
      vertex -68.2684 31.7316 40.0593
    endloop
  endfacet
  facet normal 0.392977 0.588746 0.706362
    outer loop
      vertex -68.3423 31.7965 40.0593
      vertex -68.4241 31.8511 40.0593
      vertex -68.3986 31.7231 40.1518
    endloop
  endfacet
  facet normal 0.351118 0.711726 0.60841
    outer loop
      vertex -68.4818 31.9682 39.9556
      vertex -68.5123 31.8946 40.0593
      vertex -68.3843 31.9201 39.9556
    endloop
  endfacet
  facet normal 0.0659086 0.997826 -0
    outer loop
      vertex -68.6698 32.1893 38.9346
      vertex -68.8 32.1979 39.4654
      vertex -68.6698 32.1893 39.4654
    endloop
  endfacet
  facet normal 0.0659086 0.997826 0
    outer loop
      vertex -68.8 32.1979 39.4654
      vertex -68.6698 32.1893 38.9346
      vertex -68.8 32.1979 38.9346
    endloop
  endfacet
  facet normal 0.192835 0.972526 0.130412
    outer loop
      vertex -68.5417 32.1639 39.4654
      vertex -68.6698 32.1893 39.4654
      vertex -68.5462 32.1474 39.5951
    endloop
  endfacet
  facet normal 0.169249 0.84994 0.498956
    outer loop
      vertex -68.6829 32.0892 39.8423
      vertex -68.6915 32.0244 39.9556
      vertex -68.5679 32.0663 39.8423
    endloop
  endfacet
  facet normal 0.318983 0.938721 0.130587
    outer loop
      vertex -68.4181 32.1219 39.4654
      vertex -68.5417 32.1639 39.4654
      vertex -68.4247 32.1061 39.5951
    endloop
  endfacet
  facet normal 0.726567 0.636819 0.257996
    outer loop
      vertex -68.1065 31.8935 39.5951
      vertex -68.1304 31.8696 39.7214
      vertex -68.0488 31.7765 39.7214
    endloop
  endfacet
  facet normal 0 0.866071 0.499921
    outer loop
      vertex -68.8 32.0969 39.8423
      vertex -95.2 32.0315 39.9556
      vertex -68.8 32.0315 39.9556
    endloop
  endfacet
  facet normal 0 0.866071 0.499921
    outer loop
      vertex -95.2 32.0315 39.9556
      vertex -68.8 32.0969 39.8423
      vertex -95.2 32.0969 39.8423
    endloop
  endfacet
  facet normal 0.154858 0.778323 -0.608467
    outer loop
      vertex -68.6054 31.9262 38.3407
      vertex -68.7019 31.9454 38.3407
      vertex -68.6915 32.0244 38.4444
    endloop
  endfacet
  facet normal 0.0516632 0.7919 -0.608461
    outer loop
      vertex -68.7019 31.9454 38.3407
      vertex -68.8 31.9518 38.3407
      vertex -68.6915 32.0244 38.4444
    endloop
  endfacet
  facet normal -0.155401 0.778463 -0.608149
    outer loop
      vertex -95.3946 31.9262 38.3407
      vertex -95.4152 32.0031 38.4444
      vertex -95.3085 32.0244 38.4444
    endloop
  endfacet
  facet normal -0.27843 0.820519 -0.499225
    outer loop
      vertex -95.4152 32.0031 38.4444
      vertex -95.5432 32.0286 38.5577
      vertex -95.4321 32.0663 38.5577
    endloop
  endfacet
  facet normal 0.491241 0.0977293 0.865524
    outer loop
      vertex -68.2634 31.3438 40.2315
      vertex -68.3728 31.3145 40.2969
      vertex -68.3615 31.2577 40.2969
    endloop
  endfacet
  facet normal 0.375717 0.0747465 0.923715
    outer loop
      vertex -68.3728 31.3145 40.2969
      vertex -68.4895 31.2832 40.3469
      vertex -68.3615 31.2577 40.2969
    endloop
  endfacet
  facet normal 0.362744 0.123121 0.923719
    outer loop
      vertex -68.3914 31.3693 40.2969
      vertex -68.4895 31.2832 40.3469
      vertex -68.3728 31.3145 40.2969
    endloop
  endfacet
  facet normal 0.474144 0.160932 0.865615
    outer loop
      vertex -68.2867 31.4126 40.2315
      vertex -68.3914 31.3693 40.2969
      vertex -68.3728 31.3145 40.2969
    endloop
  endfacet
  facet normal 0.232614 0.115287 0.965712
    outer loop
      vertex -68.503 31.323 40.3469
      vertex -68.6311 31.2975 40.3808
      vertex -68.6198 31.2747 40.3808
    endloop
  endfacet
  facet normal 0.254603 0.0506733 0.965717
    outer loop
      vertex -68.4895 31.2832 40.3469
      vertex -68.6066 31.2255 40.3808
      vertex -68.4813 31.242 40.3469
    endloop
  endfacet
  facet normal 0.0166627 -0.259197 0.965681
    outer loop
      vertex -68.8 -25.9951 40.3808
      vertex -68.8 -26.1214 40.3469
      vertex -68.758 -26.1187 40.3469
    endloop
  endfacet
  facet normal -0.144086 -0.216129 0.965675
    outer loop
      vertex -95.3188 -25.9548 40.3808
      vertex -95.3957 -26.055 40.3469
      vertex -95.2975 -25.969 40.3808
    endloop
  endfacet
  facet normal 0.216334 0.143207 0.965759
    outer loop
      vertex -68.5216 31.3607 40.3469
      vertex -68.6452 31.3188 40.3808
      vertex -68.6311 31.2975 40.3808
    endloop
  endfacet
  facet normal 0.215922 0.144359 0.96568
    outer loop
      vertex -68.545 31.3957 40.3469
      vertex -68.6452 31.3188 40.3808
      vertex -68.5216 31.3607 40.3469
    endloop
  endfacet
  facet normal 0.144323 0.215868 0.965698
    outer loop
      vertex -68.6393 31.4784 40.3469
      vertex -68.7025 31.369 40.3808
      vertex -68.6043 31.455 40.3469
    endloop
  endfacet
  facet normal 0.376096 0.330634 0.865582
    outer loop
      vertex -68.4072 31.5928 40.2315
      vertex -68.4873 31.5127 40.2969
      vertex -68.3592 31.5382 40.2315
    endloop
  endfacet
  facet normal 0.0420562 0.124117 0.991376
    outer loop
      vertex -68.7495 31.3884 40.3808
      vertex -68.7831 31.2632 40.3979
      vertex -68.7253 31.3802 40.3808
    endloop
  endfacet
  facet normal 0.169728 0.343434 0.923713
    outer loop
      vertex -68.6307 31.6086 40.2969
      vertex -68.677 31.497 40.3469
      vertex -68.5789 31.583 40.2969
    endloop
  endfacet
  facet normal 0.0865357 0.0983127 0.991386
    outer loop
      vertex -68.6812 31.3548 40.3808
      vertex -68.7602 31.2519 40.3979
      vertex -68.662 31.3379 40.3808
    endloop
  endfacet
  facet normal 0.171631 0.194989 0.965672
    outer loop
      vertex -68.6043 31.455 40.3469
      vertex -68.6812 31.3548 40.3808
      vertex -68.662 31.3379 40.3808
    endloop
  endfacet
  facet normal 0.596542 0.523892 0.608009
    outer loop
      vertex -68.1404 31.7062 39.9556
      vertex -68.2684 31.7316 40.0593
      vertex -68.2035 31.6577 40.0593
    endloop
  endfacet
  facet normal 0.531892 0.467115 0.706325
    outer loop
      vertex -68.2684 31.7316 40.0593
      vertex -68.3338 31.6662 40.1518
      vertex -68.2035 31.6577 40.0593
    endloop
  endfacet
  facet normal 0.751841 0.25475 0.608143
    outer loop
      vertex -68.0318 31.5182 39.9556
      vertex -68.0738 31.3946 40.0593
      vertex -67.9969 31.4152 39.9556
    endloop
  endfacet
  facet normal 0.670505 0.227583 0.706136
    outer loop
      vertex -68.1054 31.4877 40.0593
      vertex -68.1908 31.4523 40.1518
      vertex -68.0738 31.3946 40.0593
    endloop
  endfacet
  facet normal 0.914807 0.310959 0.257746
    outer loop
      vertex -67.8939 31.5753 39.5951
      vertex -67.9251 31.5624 39.7214
      vertex -67.8526 31.4538 39.5951
    endloop
  endfacet
  facet normal 0.777209 0.383423 0.498932
    outer loop
      vertex -67.9714 31.5432 39.8423
      vertex -68.0799 31.6157 39.9556
      vertex -68.0318 31.5182 39.9556
    endloop
  endfacet
  facet normal 0.889425 0.438144 0.130206
    outer loop
      vertex -67.9358 31.6989 39.4654
      vertex -67.9506 31.6904 39.5951
      vertex -67.8939 31.5753 39.5951
    endloop
  endfacet
  facet normal 0.914853 0.31041 0.258244
    outer loop
      vertex -67.8526 31.4538 39.5951
      vertex -67.9251 31.5624 39.7214
      vertex -67.8853 31.4451 39.7214
    endloop
  endfacet
  facet normal 0.820802 0.278116 0.498935
    outer loop
      vertex -67.9714 31.5432 39.8423
      vertex -68.0318 31.5182 39.9556
      vertex -67.9969 31.4152 39.9556
    endloop
  endfacet
  facet normal 0.7919 0.0516632 0.608461
    outer loop
      vertex -67.9756 31.3085 39.9556
      vertex -68.0546 31.2981 40.0593
      vertex -68.0482 31.2 40.0593
    endloop
  endfacet
  facet normal 0.653961 0.745175 0.130575
    outer loop
      vertex -68.1925 31.9917 39.4654
      vertex -68.2029 31.9781 39.5951
      vertex -68.1065 31.8935 39.5951
    endloop
  endfacet
  facet normal 0.609156 0.695053 0.381878
    outer loop
      vertex -68.1304 31.8696 39.7214
      vertex -68.254 31.9115 39.8423
      vertex -68.1658 31.8342 39.8423
    endloop
  endfacet
  facet normal 0.745175 0.653961 0.130575
    outer loop
      vertex -68.0083 31.8075 39.4654
      vertex -68.1065 31.8935 39.5951
      vertex -68.0219 31.7971 39.5951
    endloop
  endfacet
  facet normal 0.726051 0.637177 0.258564
    outer loop
      vertex -68.0219 31.7971 39.5951
      vertex -68.1065 31.8935 39.5951
      vertex -68.0488 31.7765 39.7214
    endloop
  endfacet
  facet normal 0.659643 0.751579 -0
    outer loop
      vertex -68.0944 31.9056 38.9346
      vertex -68.1925 31.9917 39.4654
      vertex -68.0944 31.9056 39.4654
    endloop
  endfacet
  facet normal 0.659643 0.751579 0
    outer loop
      vertex -68.1925 31.9917 39.4654
      vertex -68.0944 31.9056 38.9346
      vertex -68.1925 31.9917 38.9346
    endloop
  endfacet
  facet normal 0.653961 0.745175 -0.130575
    outer loop
      vertex -68.1065 31.8935 38.8049
      vertex -68.2029 31.9781 38.8049
      vertex -68.1925 31.9917 38.9346
    endloop
  endfacet
  facet normal 0.536764 0.803264 0.258171
    outer loop
      vertex -68.3096 32.0494 39.5951
      vertex -68.3265 32.0201 39.7214
      vertex -68.2029 31.9781 39.5951
    endloop
  endfacet
  facet normal 0.550506 0.82462 0.130175
    outer loop
      vertex -68.3011 32.0642 39.4654
      vertex -68.3096 32.0494 39.5951
      vertex -68.1925 31.9917 39.4654
    endloop
  endfacet
  facet normal 0.25475 0.751841 -0.608143
    outer loop
      vertex -68.4818 31.9682 38.4444
      vertex -68.6054 31.9262 38.3407
      vertex -68.5848 32.0031 38.4444
    endloop
  endfacet
  facet normal 0.278116 0.820802 -0.498935
    outer loop
      vertex -68.4818 31.9682 38.4444
      vertex -68.5848 32.0031 38.4444
      vertex -68.4568 32.0286 38.5577
    endloop
  endfacet
  facet normal 0.596624 0.523598 -0.608182
    outer loop
      vertex -68.1404 31.7062 38.4444
      vertex -68.2684 31.7316 38.3407
      vertex -68.2121 31.7879 38.4444
    endloop
  endfacet
  facet normal 0.392977 0.588746 -0.706362
    outer loop
      vertex -68.3986 31.7231 38.2482
      vertex -68.4241 31.8511 38.3407
      vertex -68.3423 31.7965 38.3407
    endloop
  endfacet
  facet normal 0.193263 0.972497 -0.129995
    outer loop
      vertex -68.5462 32.1474 38.8049
      vertex -68.672 32.1724 38.8049
      vertex -68.6698 32.1893 38.9346
    endloop
  endfacet
  facet normal 0.0649283 0.989383 -0.130019
    outer loop
      vertex -68.672 32.1724 38.8049
      vertex -68.8 32.1808 38.8049
      vertex -68.6698 32.1893 38.9346
    endloop
  endfacet
  facet normal 0.0606476 0.922316 -0.381647
    outer loop
      vertex -68.6829 32.0892 38.5577
      vertex -68.8 32.0969 38.5577
      vertex -68.6764 32.1388 38.6786
    endloop
  endfacet
  facet normal 0.0604486 0.922401 -0.381473
    outer loop
      vertex -68.6764 32.1388 38.6786
      vertex -68.8 32.0969 38.5577
      vertex -68.8 32.1469 38.6786
    endloop
  endfacet
  facet normal 0.311111 0.914618 -0.258232
    outer loop
      vertex -68.4376 32.0748 38.6786
      vertex -68.5549 32.1147 38.6786
      vertex -68.5462 32.1474 38.8049
    endloop
  endfacet
  facet normal 0.169249 0.84994 -0.498956
    outer loop
      vertex -68.5679 32.0663 38.5577
      vertex -68.6915 32.0244 38.4444
      vertex -68.6829 32.0892 38.5577
    endloop
  endfacet
  facet normal 0.310901 0.914636 -0.258422
    outer loop
      vertex -68.4376 32.0748 38.6786
      vertex -68.5462 32.1474 38.8049
      vertex -68.4247 32.1061 38.8049
    endloop
  endfacet
  facet normal 0.426716 0.866694 -0.25837
    outer loop
      vertex -68.3265 32.0201 38.6786
      vertex -68.4376 32.0748 38.6786
      vertex -68.4247 32.1061 38.8049
    endloop
  endfacet
  facet normal 0.889181 0.438511 0.130634
    outer loop
      vertex -67.8781 31.5819 39.4654
      vertex -67.9358 31.6989 39.4654
      vertex -67.8939 31.5753 39.5951
    endloop
  endfacet
  facet normal 0.802905 0.537089 -0.258608
    outer loop
      vertex -67.9799 31.6735 38.6786
      vertex -68.0488 31.7765 38.6786
      vertex -68.0219 31.7971 38.8049
    endloop
  endfacet
  facet normal 0.938701 0.319081 -0.130489
    outer loop
      vertex -67.8526 31.4538 38.8049
      vertex -67.8939 31.5753 38.8049
      vertex -67.8361 31.4583 38.9346
    endloop
  endfacet
  facet normal 0.963902 0.0632561 -0.258634
    outer loop
      vertex -67.8192 31.2 38.8049
      vertex -67.8612 31.3236 38.6786
      vertex -67.8276 31.328 38.8049
    endloop
  endfacet
  facet normal 0.128506 -0.0257012 -0.991376
    outer loop
      vertex -68.6116 -25.8505 38.0192
      vertex -68.7368 -25.8169 38.0021
      vertex -68.6066 -25.8255 38.0192
    endloop
  endfacet
  facet normal -0.0577381 0.117538 -0.991388
    outer loop
      vertex -95.2327 31.2566 38.0021
      vertex -95.2975 31.369 38.0192
      vertex -95.2747 31.3802 38.0192
    endloop
  endfacet
  facet normal 0.0251728 0.382229 -0.923725
    outer loop
      vertex -68.758 31.5187 38.0531
      vertex -68.8 31.6423 38.1031
      vertex -68.7423 31.6385 38.1031
    endloop
  endfacet
  facet normal 0.160659 0.474391 -0.86553
    outer loop
      vertex -68.5874 31.7133 38.1685
      vertex -68.6855 31.6272 38.1031
      vertex -68.6562 31.7366 38.1685
    endloop
  endfacet
  facet normal -0.288069 0.252516 -0.923716
    outer loop
      vertex -95.455 31.3957 38.0531
      vertex -95.5509 31.4692 38.1031
      vertex -95.4273 31.4273 38.0531
    endloop
  endfacet
  facet normal -0.0983014 0.0864641 -0.991393
    outer loop
      vertex -95.2462 31.2462 38.0021
      vertex -95.3548 31.3188 38.0192
      vertex -95.338 31.3379 38.0192
    endloop
  endfacet
  facet normal -0.221864 0.448927 -0.865587
    outer loop
      vertex -95.3693 31.6086 38.1031
      vertex -95.4211 31.583 38.1031
      vertex -95.4126 31.7133 38.1685
    endloop
  endfacet
  facet normal -0.169728 0.343434 -0.923713
    outer loop
      vertex -95.323 31.497 38.0531
      vertex -95.4211 31.583 38.1031
      vertex -95.3693 31.6086 38.1031
    endloop
  endfacet
  facet normal -0.0747484 0.375726 -0.923711
    outer loop
      vertex -95.242 31.5187 38.0531
      vertex -95.3145 31.6272 38.1031
      vertex -95.2577 31.6385 38.1031
    endloop
  endfacet
  facet normal -0.0251728 0.382229 -0.923725
    outer loop
      vertex -95.242 31.5187 38.0531
      vertex -95.2577 31.6385 38.1031
      vertex -95.2 31.6423 38.1031
    endloop
  endfacet
  facet normal 0.128589 0.024493 -0.991396
    outer loop
      vertex -68.7352 31.2085 38.0021
      vertex -68.7368 31.2169 38.0021
      vertex -68.6066 31.2255 38.0192
    endloop
  endfacet
  facet normal 0.215922 0.144359 -0.96568
    outer loop
      vertex -68.5216 31.3607 38.0531
      vertex -68.6452 31.3188 38.0192
      vertex -68.545 31.3957 38.0531
    endloop
  endfacet
  facet normal 0.0172669 0.259003 -0.965722
    outer loop
      vertex -68.7745 31.3934 38.0192
      vertex -68.8 31.3951 38.0192
      vertex -68.758 31.5187 38.0531
    endloop
  endfacet
  facet normal 0.0257012 0.128506 -0.991376
    outer loop
      vertex -68.7495 31.3884 38.0192
      vertex -68.7831 31.2632 38.0021
      vertex -68.7745 31.3934 38.0192
    endloop
  endfacet
  facet normal 0.277925 0.416454 -0.865635
    outer loop
      vertex -68.5308 31.5509 38.1031
      vertex -68.5789 31.583 38.1031
      vertex -68.5222 31.6811 38.1685
    endloop
  endfacet
  facet normal 0.467078 0.531927 -0.706323
    outer loop
      vertex -68.3338 31.6662 38.2482
      vertex -68.3986 31.7231 38.2482
      vertex -68.2684 31.7316 38.3407
    endloop
  endfacet
  facet normal 0.221713 0.448935 -0.865622
    outer loop
      vertex -68.5789 31.583 38.1031
      vertex -68.5874 31.7133 38.1685
      vertex -68.5222 31.6811 38.1685
    endloop
  endfacet
  facet normal 0.33875 0.507064 -0.792549
    outer loop
      vertex -68.3986 31.7231 38.2482
      vertex -68.5222 31.6811 38.1685
      vertex -68.4703 31.771 38.2482
    endloop
  endfacet
  facet normal 0.221864 0.448927 -0.865587
    outer loop
      vertex -68.5789 31.583 38.1031
      vertex -68.6307 31.6086 38.1031
      vertex -68.5874 31.7133 38.1685
    endloop
  endfacet
  facet normal 0.072264 0.109165 -0.991393
    outer loop
      vertex -68.7602 31.2519 38.0021
      vertex -68.7673 31.2566 38.0021
      vertex -68.7025 31.369 38.0192
    endloop
  endfacet
  facet normal 0.694343 0.138149 -0.70626
    outer loop
      vertex -68.0546 31.2981 38.3407
      vertex -68.1463 31.2861 38.2482
      vertex -68.0738 31.3946 38.3407
    endloop
  endfacet
  facet normal 0.634857 0.313327 -0.706246
    outer loop
      vertex -68.1908 31.4523 38.2482
      vertex -68.229 31.5297 38.2482
      vertex -68.1489 31.5759 38.3407
    endloop
  endfacet
  facet normal 0.507249 0.338446 -0.792561
    outer loop
      vertex -68.3189 31.4778 38.1685
      vertex -68.3592 31.5382 38.1685
      vertex -68.229 31.5297 38.2482
    endloop
  endfacet
  facet normal 0.448927 0.221864 -0.865587
    outer loop
      vertex -68.3914 31.3693 38.1031
      vertex -68.417 31.4211 38.1031
      vertex -68.2867 31.4126 38.1685
    endloop
  endfacet
  facet normal 0.609378 0 -0.79288
    outer loop
      vertex -68.2444 -25.8 38.1685
      vertex -68.1407 31.2 38.2482
      vertex -68.1407 -25.8 38.2482
    endloop
  endfacet
  facet normal 0.609378 0 -0.79288
    outer loop
      vertex -68.1407 31.2 38.2482
      vertex -68.2444 -25.8 38.1685
      vertex -68.2444 31.2 38.1685
    endloop
  endfacet
  facet normal 0.34363 0.169537 -0.923675
    outer loop
      vertex -68.503 31.323 38.0531
      vertex -68.5216 31.3607 38.0531
      vertex -68.417 31.4211 38.1031
    endloop
  endfacet
  facet normal -0.0427814 -0.123761 -0.991389
    outer loop
      vertex -95.2169 -25.8632 38.0021
      vertex -95.2747 -25.9802 38.0192
      vertex -95.225 -25.8604 38.0021
    endloop
  endfacet
  facet normal -0.0659086 0.997826 0
    outer loop
      vertex -95.2 32.1979 38.9346
      vertex -95.3302 32.1893 39.4654
      vertex -95.2 32.1979 39.4654
    endloop
  endfacet
  facet normal -0.0659086 0.997826 0
    outer loop
      vertex -95.3302 32.1893 39.4654
      vertex -95.2 32.1979 38.9346
      vertex -95.3302 32.1893 38.9346
    endloop
  endfacet
  facet normal -0.550506 0.82462 0.130175
    outer loop
      vertex -95.6989 32.0642 39.4654
      vertex -95.8075 31.9917 39.4654
      vertex -95.6904 32.0494 39.5951
    endloop
  endfacet
  facet normal -0.192835 0.972526 -0.130412
    outer loop
      vertex -95.4538 32.1474 38.8049
      vertex -95.4583 32.1639 38.9346
      vertex -95.3302 32.1893 38.9346
    endloop
  endfacet
  facet normal -0.537089 0.802905 -0.258608
    outer loop
      vertex -95.7765 31.9512 38.6786
      vertex -95.7971 31.9781 38.8049
      vertex -95.6735 32.0201 38.6786
    endloop
  endfacet
  facet normal -0.824573 0.550475 -0.130602
    outer loop
      vertex -95.9781 31.7971 38.8049
      vertex -96.0642 31.6989 38.9346
      vertex -95.9917 31.8075 38.9346
    endloop
  endfacet
  facet normal -0.513274 0.768336 0.382374
    outer loop
      vertex -95.6735 32.0201 39.7214
      vertex -95.746 31.9115 39.8423
      vertex -95.6484 31.9767 39.8423
    endloop
  endfacet
  facet normal -0.513864 0.768185 0.381884
    outer loop
      vertex -95.6735 32.0201 39.7214
      vertex -95.7765 31.9512 39.7214
      vertex -95.746 31.9115 39.8423
    endloop
  endfacet
  facet normal -0.188286 0.947453 -0.258613
    outer loop
      vertex -95.3236 32.1388 38.6786
      vertex -95.4538 32.1474 38.8049
      vertex -95.328 32.1724 38.8049
    endloop
  endfacet
  facet normal -0.187961 0.947606 -0.25829
    outer loop
      vertex -95.4451 32.1147 38.6786
      vertex -95.4538 32.1474 38.8049
      vertex -95.3236 32.1388 38.6786
    endloop
  endfacet
  facet normal -0.828686 -0.408829 0.38228
    outer loop
      vertex -96.0286 -26.1432 39.8423
      vertex -96.0749 -26.1624 39.7214
      vertex -95.9767 -26.2484 39.8423
    endloop
  endfacet
  facet normal -0.875046 -0.296933 0.382264
    outer loop
      vertex -96.0663 -26.0321 39.8423
      vertex -96.0749 -26.1624 39.7214
      vertex -96.0286 -26.1432 39.8423
    endloop
  endfacet
  facet normal -0.947606 -0.187961 0.25829
    outer loop
      vertex -96.1388 -25.9236 39.7214
      vertex -96.1474 -26.0538 39.5951
      vertex -96.1147 -26.0451 39.7214
    endloop
  endfacet
  facet normal -0.922316 -0.0606476 0.381647
    outer loop
      vertex -96.0969 -25.8 39.8423
      vertex -96.1388 -25.9236 39.7214
      vertex -96.0892 -25.9171 39.8423
    endloop
  endfacet
  facet normal -0.711762 -0.351039 -0.608413
    outer loop
      vertex -95.8511 -26.1759 38.3407
      vertex -95.9682 -26.1182 38.4444
      vertex -95.8946 -26.0877 38.3407
    endloop
  endfacet
  facet normal -0.711761 -0.351136 -0.608358
    outer loop
      vertex -95.9201 -26.2157 38.4444
      vertex -95.9682 -26.1182 38.4444
      vertex -95.8511 -26.1759 38.3407
    endloop
  endfacet
  facet normal -0.609156 -0.695053 -0.381878
    outer loop
      vertex -95.746 -26.5115 38.5577
      vertex -95.8696 -26.4696 38.6786
      vertex -95.8342 -26.4342 38.5577
    endloop
  endfacet
  facet normal -0.637276 -0.726163 -0.258006
    outer loop
      vertex -95.7971 -26.5781 38.8049
      vertex -95.8935 -26.4935 38.8049
      vertex -95.8696 -26.4696 38.6786
    endloop
  endfacet
  facet normal -0.536764 -0.803264 -0.258171
    outer loop
      vertex -95.6904 -26.6494 38.8049
      vertex -95.7971 -26.5781 38.8049
      vertex -95.6735 -26.6201 38.6786
    endloop
  endfacet
  facet normal -0.537089 -0.802905 -0.258608
    outer loop
      vertex -95.6735 -26.6201 38.6786
      vertex -95.7971 -26.5781 38.8049
      vertex -95.7765 -26.5512 38.6786
    endloop
  endfacet
  facet normal -0.0659086 -0.997826 0
    outer loop
      vertex -95.3302 -26.7893 38.9346
      vertex -95.2 -26.7979 39.4654
      vertex -95.3302 -26.7893 39.4654
    endloop
  endfacet
  facet normal -0.0659086 -0.997826 -0
    outer loop
      vertex -95.2 -26.7979 39.4654
      vertex -95.3302 -26.7893 38.9346
      vertex -95.2 -26.7979 38.9346
    endloop
  endfacet
  facet normal -0.0653456 -0.989301 0.130432
    outer loop
      vertex -95.2 -26.7808 39.5951
      vertex -95.3302 -26.7893 39.4654
      vertex -95.2 -26.7979 39.4654
    endloop
  endfacet
  facet normal 0 -0.99142 -0.130712
    outer loop
      vertex -95.2 -26.7808 38.8049
      vertex -68.8 -26.7979 38.9346
      vertex -95.2 -26.7979 38.9346
    endloop
  endfacet
  facet normal 0 -0.99142 -0.130712
    outer loop
      vertex -68.8 -26.7979 38.9346
      vertex -95.2 -26.7808 38.8049
      vertex -68.8 -26.7808 38.8049
    endloop
  endfacet
  facet normal -0.442301 -0.896867 0
    outer loop
      vertex -95.6989 -26.6642 38.9346
      vertex -95.5819 -26.7219 39.4654
      vertex -95.6989 -26.6642 39.4654
    endloop
  endfacet
  facet normal -0.442301 -0.896867 -0
    outer loop
      vertex -95.5819 -26.7219 39.4654
      vertex -95.6989 -26.6642 38.9346
      vertex -95.5819 -26.7219 38.9346
    endloop
  endfacet
  facet normal -0.523892 -0.596542 -0.608009
    outer loop
      vertex -95.7062 -26.4596 38.4444
      vertex -95.7316 -26.3316 38.3407
      vertex -95.6577 -26.3965 38.3407
    endloop
  endfacet
  facet normal -0.651096 -0.571402 -0.499573
    outer loop
      vertex -95.8342 -26.4342 38.5577
      vertex -95.8596 -26.3062 38.4444
      vertex -95.7879 -26.3879 38.4444
    endloop
  endfacet
  facet normal 0.318983 -0.938721 0.130587
    outer loop
      vertex -68.4247 -26.7061 39.5951
      vertex -68.5417 -26.7639 39.4654
      vertex -68.4181 -26.7219 39.4654
    endloop
  endfacet
  facet normal 0.653961 -0.745175 0.130575
    outer loop
      vertex -68.1065 -26.4935 39.5951
      vertex -68.2029 -26.5781 39.5951
      vertex -68.1925 -26.5917 39.4654
    endloop
  endfacet
  facet normal 0.297581 -0.874843 0.382225
    outer loop
      vertex -68.4376 -26.6748 39.7214
      vertex -68.5679 -26.6663 39.8423
      vertex -68.5549 -26.7147 39.7214
    endloop
  endfacet
  facet normal 0.297015 -0.875288 0.381646
    outer loop
      vertex -68.4568 -26.6286 39.8423
      vertex -68.5679 -26.6663 39.8423
      vertex -68.4376 -26.6748 39.7214
    endloop
  endfacet
  facet normal 0.438511 -0.889181 0.130634
    outer loop
      vertex -68.3011 -26.6642 39.4654
      vertex -68.4247 -26.7061 39.5951
      vertex -68.4181 -26.7219 39.4654
    endloop
  endfacet
  facet normal 0 -0.866071 0.499921
    outer loop
      vertex -95.2 -26.6969 39.8423
      vertex -68.8 -26.6315 39.9556
      vertex -95.2 -26.6315 39.9556
    endloop
  endfacet
  facet normal 0 -0.866071 0.499921
    outer loop
      vertex -68.8 -26.6315 39.9556
      vertex -95.2 -26.6969 39.8423
      vertex -68.8 -26.6969 39.8423
    endloop
  endfacet
  facet normal 0.25475 -0.751841 0.608143
    outer loop
      vertex -68.4818 -26.5682 39.9556
      vertex -68.6054 -26.5262 40.0593
      vertex -68.5848 -26.6031 39.9556
    endloop
  endfacet
  facet normal 0.278116 -0.820802 0.498935
    outer loop
      vertex -68.4818 -26.5682 39.9556
      vertex -68.5848 -26.6031 39.9556
      vertex -68.4568 -26.6286 39.8423
    endloop
  endfacet
  facet normal 0.393292 -0.588706 0.70622
    outer loop
      vertex -68.3986 -26.3231 40.1518
      vertex -68.4703 -26.371 40.1518
      vertex -68.4241 -26.4511 40.0593
    endloop
  endfacet
  facet normal 0.440622 -0.660126 0.608346
    outer loop
      vertex -68.3423 -26.3965 40.0593
      vertex -68.4241 -26.4511 40.0593
      vertex -68.3843 -26.5201 39.9556
    endloop
  endfacet
  facet normal -0.636717 -0.726451 0.258574
    outer loop
      vertex -95.7765 -26.5512 39.7214
      vertex -95.8696 -26.4696 39.7214
      vertex -95.7971 -26.5781 39.5951
    endloop
  endfacet
  facet normal -0.537089 -0.802905 0.258608
    outer loop
      vertex -95.7765 -26.5512 39.7214
      vertex -95.7971 -26.5781 39.5951
      vertex -95.6735 -26.6201 39.7214
    endloop
  endfacet
  facet normal -0.438144 -0.889425 0.130206
    outer loop
      vertex -95.6904 -26.6494 39.5951
      vertex -95.6989 -26.6642 39.4654
      vertex -95.5753 -26.7061 39.5951
    endloop
  endfacet
  facet normal -0.426924 -0.866649 0.258178
    outer loop
      vertex -95.6735 -26.6201 39.7214
      vertex -95.6904 -26.6494 39.5951
      vertex -95.5753 -26.7061 39.5951
    endloop
  endfacet
  facet normal -0.188286 -0.947453 0.258613
    outer loop
      vertex -95.3236 -26.7388 39.7214
      vertex -95.4538 -26.7474 39.5951
      vertex -95.328 -26.7724 39.5951
    endloop
  endfacet
  facet normal -0.187961 -0.947606 0.25829
    outer loop
      vertex -95.4451 -26.7147 39.7214
      vertex -95.4538 -26.7474 39.5951
      vertex -95.3236 -26.7388 39.7214
    endloop
  endfacet
  facet normal -0.25508 -0.751517 0.608405
    outer loop
      vertex -95.4877 -26.4946 40.0593
      vertex -95.5182 -26.5682 39.9556
      vertex -95.3946 -26.5262 40.0593
    endloop
  endfacet
  facet normal -0.383433 -0.777208 0.498925
    outer loop
      vertex -95.6157 -26.5201 39.9556
      vertex -95.6484 -26.5767 39.8423
      vertex -95.5432 -26.6286 39.8423
    endloop
  endfacet
  facet normal -0.362744 0.123121 -0.923719
    outer loop
      vertex -95.5105 31.2832 38.0531
      vertex -95.6272 31.3145 38.1031
      vertex -95.6086 31.3693 38.1031
    endloop
  endfacet
  facet normal -0.215922 0.144359 -0.96568
    outer loop
      vertex -95.3548 31.3188 38.0192
      vertex -95.4784 31.3607 38.0531
      vertex -95.455 31.3957 38.0531
    endloop
  endfacet
  facet normal -0.0420562 0.124117 -0.991376
    outer loop
      vertex -95.2169 31.2632 38.0021
      vertex -95.2747 31.3802 38.0192
      vertex -95.2505 31.3884 38.0192
    endloop
  endfacet
  facet normal -0.375722 -0.0747796 -0.92371
    outer loop
      vertex -95.5105 -25.8832 38.0531
      vertex -95.6385 -25.8577 38.1031
      vertex -95.5187 -25.842 38.0531
    endloop
  endfacet
  facet normal -0.259003 -0.0172669 -0.965722
    outer loop
      vertex -95.3934 -25.8255 38.0192
      vertex -95.5187 -25.842 38.0531
      vertex -95.3951 -25.8 38.0192
    endloop
  endfacet
  facet normal -0.117387 -0.0581789 -0.991381
    outer loop
      vertex -95.3689 -25.8975 38.0192
      vertex -95.3802 -25.8747 38.0192
      vertex -95.2566 -25.8327 38.0021
    endloop
  endfacet
  facet normal 0.128589 -0.024493 -0.991396
    outer loop
      vertex -68.6066 -25.8255 38.0192
      vertex -68.7368 -25.8169 38.0021
      vertex -68.7352 -25.8085 38.0021
    endloop
  endfacet
  facet normal -0.171631 -0.194989 -0.965672
    outer loop
      vertex -95.3188 -25.9548 38.0192
      vertex -95.3957 -26.055 38.0531
      vertex -95.338 -25.9379 38.0192
    endloop
  endfacet
  facet normal 0.402358 -0.458221 -0.792554
    outer loop
      vertex -68.3986 -26.3231 38.2482
      vertex -68.4072 -26.1928 38.1685
      vertex -68.3338 -26.2662 38.2482
    endloop
  endfacet
  facet normal 0.393292 -0.588706 -0.70622
    outer loop
      vertex -68.4241 -26.4511 38.3407
      vertex -68.4703 -26.371 38.2482
      vertex -68.3986 -26.3231 38.2482
    endloop
  endfacet
  facet normal -0.109234 -0.0723098 -0.991382
    outer loop
      vertex -95.2519 -25.8398 38.0021
      vertex -95.3548 -25.9188 38.0192
      vertex -95.2566 -25.8327 38.0021
    endloop
  endfacet
  facet normal 0.171143 0.195239 -0.965708
    outer loop
      vertex -68.5727 31.4273 38.0531
      vertex -68.662 31.3379 38.0192
      vertex -68.6043 31.455 38.0531
    endloop
  endfacet
  facet normal 0.130712 0 -0.99142
    outer loop
      vertex -68.7346 -25.8 38.0021
      vertex -68.6049 31.2 38.0192
      vertex -68.6049 -25.8 38.0192
    endloop
  endfacet
  facet normal 0.130712 0 -0.99142
    outer loop
      vertex -68.6049 31.2 38.0192
      vertex -68.7346 -25.8 38.0021
      vertex -68.7346 31.2 38.0021
    endloop
  endfacet
  facet normal 0.216334 -0.143207 -0.965759
    outer loop
      vertex -68.5216 -25.9607 38.0531
      vertex -68.6452 -25.9188 38.0192
      vertex -68.6311 -25.8975 38.0192
    endloop
  endfacet
  facet normal -0.448927 -0.221864 -0.865587
    outer loop
      vertex -95.583 -26.0211 38.1031
      vertex -95.7133 -26.0126 38.1685
      vertex -95.6086 -25.9693 38.1031
    endloop
  endfacet
  facet normal -0.402739 -0.458115 -0.792421
    outer loop
      vertex -95.5382 -26.2408 38.1685
      vertex -95.6014 -26.3231 38.2482
      vertex -95.5928 -26.1928 38.1685
    endloop
  endfacet
  facet normal -0.947453 -0.188286 -0.258613
    outer loop
      vertex -96.1474 -26.0538 38.8049
      vertex -96.1724 -25.928 38.8049
      vertex -96.1388 -25.9236 38.6786
    endloop
  endfacet
  facet normal -0.963902 -0.0632561 -0.258634
    outer loop
      vertex -96.1724 -25.928 38.8049
      vertex -96.1808 -25.8 38.8049
      vertex -96.1388 -25.9236 38.6786
    endloop
  endfacet
  facet normal -0.84994 -0.169249 -0.498956
    outer loop
      vertex -96.0663 -26.0321 38.5577
      vertex -96.0892 -25.9171 38.5577
      vertex -96.0244 -25.9085 38.4444
    endloop
  endfacet
  facet normal -0.864784 -0.0568645 -0.498915
    outer loop
      vertex -96.0892 -25.9171 38.5577
      vertex -96.0969 -25.8 38.5577
      vertex -96.0244 -25.9085 38.4444
    endloop
  endfacet
  facet normal -0.889181 -0.438511 -0.130634
    outer loop
      vertex -96.0642 -26.2989 38.9346
      vertex -96.1219 -26.1819 38.9346
      vertex -96.1061 -26.1753 38.8049
    endloop
  endfacet
  facet normal -0.938721 -0.318983 -0.130587
    outer loop
      vertex -96.1219 -26.1819 38.9346
      vertex -96.1639 -26.0583 38.9346
      vertex -96.1061 -26.1753 38.8049
    endloop
  endfacet
  facet normal -0.828686 -0.408829 -0.38228
    outer loop
      vertex -95.9767 -26.2484 38.5577
      vertex -96.0749 -26.1624 38.6786
      vertex -96.0286 -26.1432 38.5577
    endloop
  endfacet
  facet normal -0.875046 -0.296933 -0.382264
    outer loop
      vertex -96.0286 -26.1432 38.5577
      vertex -96.0749 -26.1624 38.6786
      vertex -96.0663 -26.0321 38.5577
    endloop
  endfacet
  facet normal -0.507194 -0.338837 -0.792429
    outer loop
      vertex -95.7231 -26.2014 38.2482
      vertex -95.771 -26.1297 38.2482
      vertex -95.6408 -26.1382 38.1685
    endloop
  endfacet
  facet normal -0.634857 -0.313327 -0.706246
    outer loop
      vertex -95.771 -26.1297 38.2482
      vertex -95.8511 -26.1759 38.3407
      vertex -95.8092 -26.0523 38.2482
    endloop
  endfacet
  facet normal -0.499921 0 -0.866071
    outer loop
      vertex -95.7556 -25.8 38.1685
      vertex -95.6423 31.2 38.1031
      vertex -95.6423 -25.8 38.1031
    endloop
  endfacet
  facet normal -0.499921 0 -0.866071
    outer loop
      vertex -95.6423 31.2 38.1031
      vertex -95.7556 -25.8 38.1685
      vertex -95.7556 31.2 38.1685
    endloop
  endfacet
  facet normal -0.598041 -0.1189 -0.792597
    outer loop
      vertex -95.8369 -25.9706 38.2482
      vertex -95.8537 -25.8861 38.2482
      vertex -95.7366 -25.9438 38.1685
    endloop
  endfacet
  facet normal -0.474391 -0.160659 -0.86553
    outer loop
      vertex -95.7133 -26.0126 38.1685
      vertex -95.7366 -25.9438 38.1685
      vertex -95.6272 -25.9145 38.1031
    endloop
  endfacet
  facet normal -0.382229 -0.0251728 -0.923725
    outer loop
      vertex -95.6385 -25.8577 38.1031
      vertex -95.6423 -25.8 38.1031
      vertex -95.5187 -25.842 38.0531
    endloop
  endfacet
  facet normal -0.474144 -0.160932 -0.865615
    outer loop
      vertex -95.6086 -25.9693 38.1031
      vertex -95.7133 -26.0126 38.1685
      vertex -95.6272 -25.9145 38.1031
    endloop
  endfacet
  facet normal -0.906652 0.179838 -0.381629
    outer loop
      vertex -96.0892 31.3171 38.5577
      vertex -96.1388 31.3236 38.6786
      vertex -96.1147 31.4451 38.6786
    endloop
  endfacet
  facet normal -0.922401 0.0604486 -0.381473
    outer loop
      vertex -96.0969 31.2 38.5577
      vertex -96.1469 31.2 38.6786
      vertex -96.1388 31.3236 38.6786
    endloop
  endfacet
  facet normal -0.889425 0.438144 -0.130206
    outer loop
      vertex -96.0494 31.6904 38.8049
      vertex -96.1061 31.5753 38.8049
      vertex -96.0642 31.6989 38.9346
    endloop
  endfacet
  facet normal -0.866649 0.426924 -0.258178
    outer loop
      vertex -96.0201 31.6735 38.6786
      vertex -96.1061 31.5753 38.8049
      vertex -96.0494 31.6904 38.8049
    endloop
  endfacet
  facet normal -0.130607 -0.00921932 0.991391
    outer loop
      vertex -95.2654 -25.8 40.3979
      vertex -95.3934 -25.8255 40.3808
      vertex -95.2648 -25.8085 40.3979
    endloop
  endfacet
  facet normal 0.924091 -0 0.382172
    outer loop
      vertex -67.9031 -25.8 39.8423
      vertex -67.8531 31.2 39.7214
      vertex -67.9031 31.2 39.8423
    endloop
  endfacet
  facet normal 0.924091 0 0.382172
    outer loop
      vertex -67.8531 31.2 39.7214
      vertex -67.9031 -25.8 39.8423
      vertex -67.8531 -25.8 39.7214
    endloop
  endfacet
  facet normal 0.778463 -0.155401 0.608149
    outer loop
      vertex -67.9756 -25.9085 39.9556
      vertex -68.0738 -25.9946 40.0593
      vertex -67.9969 -26.0152 39.9556
    endloop
  endfacet
  facet normal 0.849685 -0.169618 0.499264
    outer loop
      vertex -67.9756 -25.9085 39.9556
      vertex -67.9969 -26.0152 39.9556
      vertex -67.9337 -26.0321 39.8423
    endloop
  endfacet
  facet normal 0.474144 -0.160932 0.865615
    outer loop
      vertex -68.3728 -25.9145 40.2969
      vertex -68.3914 -25.9693 40.2969
      vertex -68.2867 -26.0126 40.2315
    endloop
  endfacet
  facet normal 0.245812 -0.0833786 0.965725
    outer loop
      vertex -68.4895 -25.8832 40.3469
      vertex -68.6198 -25.8747 40.3808
      vertex -68.503 -25.923 40.3469
    endloop
  endfacet
  facet normal 0.707107 0 0.707107
    outer loop
      vertex -68.1407 31.2 40.1518
      vertex -68.0482 -25.8 40.0593
      vertex -68.0482 31.2 40.0593
    endloop
  endfacet
  facet normal 0.707107 0 0.707107
    outer loop
      vertex -68.0482 -25.8 40.0593
      vertex -68.1407 31.2 40.1518
      vertex -68.1407 -25.8 40.1518
    endloop
  endfacet
  facet normal 0.778323 -0.154858 0.608467
    outer loop
      vertex -68.0546 -25.8981 40.0593
      vertex -68.0738 -25.9946 40.0593
      vertex -67.9756 -25.9085 39.9556
    endloop
  endfacet
  facet normal 0.507194 -0.338837 0.792429
    outer loop
      vertex -68.229 -26.1297 40.1518
      vertex -68.3592 -26.1382 40.2315
      vertex -68.2769 -26.2014 40.1518
    endloop
  endfacet
  facet normal 0.48134 -0.720533 0.499144
    outer loop
      vertex -68.2938 -26.4596 39.9556
      vertex -68.3516 -26.5767 39.8423
      vertex -68.254 -26.5115 39.8423
    endloop
  endfacet
  facet normal 0.694343 -0.138149 0.70626
    outer loop
      vertex -68.0546 -25.8981 40.0593
      vertex -68.1463 -25.8861 40.1518
      vertex -68.0738 -25.9946 40.0593
    endloop
  endfacet
  facet normal 0.598041 -0.1189 0.792597
    outer loop
      vertex -68.1463 -25.8861 40.1518
      vertex -68.2634 -25.9438 40.2315
      vertex -68.1631 -25.9706 40.1518
    endloop
  endfacet
  facet normal 0.598096 0.119116 0.792523
    outer loop
      vertex -68.1463 31.2861 40.1518
      vertex -68.2634 31.3438 40.2315
      vertex -68.2492 31.2725 40.2315
    endloop
  endfacet
  facet normal 0.499734 0.0329114 0.865554
    outer loop
      vertex -68.2492 31.2725 40.2315
      vertex -68.3615 31.2577 40.2969
      vertex -68.3577 31.2 40.2969
    endloop
  endfacet
  facet normal 0.791815 0.0518146 0.60856
    outer loop
      vertex -67.9756 31.3085 39.9556
      vertex -68.0482 31.2 40.0593
      vertex -67.9685 31.2 39.9556
    endloop
  endfacet
  facet normal 0.864683 0.056583 0.49912
    outer loop
      vertex -67.9031 31.2 39.8423
      vertex -67.9756 31.3085 39.9556
      vertex -67.9685 31.2 39.9556
    endloop
  endfacet
  facet normal 0.571131 -0.651666 -0.499139
    outer loop
      vertex -68.254 -26.5115 38.5577
      vertex -68.2938 -26.4596 38.4444
      vertex -68.1658 -26.4342 38.5577
    endloop
  endfacet
  facet normal 0.653999 -0.745149 0.13053
    outer loop
      vertex -68.1065 -26.4935 39.5951
      vertex -68.1925 -26.5917 39.4654
      vertex -68.0944 -26.5056 39.4654
    endloop
  endfacet
  facet normal 0.720533 -0.48134 0.499144
    outer loop
      vertex -68.0233 -26.2484 39.8423
      vertex -68.1404 -26.3062 39.9556
      vertex -68.0885 -26.346 39.8423
    endloop
  endfacet
  facet normal 0.820802 -0.278116 0.498935
    outer loop
      vertex -67.9969 -26.0152 39.9556
      vertex -68.0318 -26.1182 39.9556
      vertex -67.9714 -26.1432 39.8423
    endloop
  endfacet
  facet normal 0.695044 -0.609149 0.381905
    outer loop
      vertex -68.0885 -26.346 39.8423
      vertex -68.1658 -26.4342 39.8423
      vertex -68.0488 -26.3765 39.7214
    endloop
  endfacet
  facet normal 0.726051 -0.637177 0.258564
    outer loop
      vertex -68.0488 -26.3765 39.7214
      vertex -68.1065 -26.4935 39.5951
      vertex -68.0219 -26.3971 39.5951
    endloop
  endfacet
  facet normal 0.914807 -0.310959 0.257746
    outer loop
      vertex -67.8526 -26.0538 39.5951
      vertex -67.9251 -26.1624 39.7214
      vertex -67.8939 -26.1753 39.5951
    endloop
  endfacet
  facet normal 0.875064 -0.29691 0.382241
    outer loop
      vertex -67.8853 -26.0451 39.7214
      vertex -67.9337 -26.0321 39.8423
      vertex -67.9251 -26.1624 39.7214
    endloop
  endfacet
  facet normal 0.751841 -0.25475 0.608143
    outer loop
      vertex -67.9969 -26.0152 39.9556
      vertex -68.0738 -25.9946 40.0593
      vertex -68.0318 -26.1182 39.9556
    endloop
  endfacet
  facet normal 0.751517 -0.25508 0.608405
    outer loop
      vertex -68.0738 -25.9946 40.0593
      vertex -68.1054 -26.0877 40.0593
      vertex -68.0318 -26.1182 39.9556
    endloop
  endfacet
  facet normal 0.896867 -0.442301 0
    outer loop
      vertex -67.9358 -26.2989 39.4654
      vertex -67.8781 -26.1819 38.9346
      vertex -67.8781 -26.1819 39.4654
    endloop
  endfacet
  facet normal 0.896867 -0.442301 0
    outer loop
      vertex -67.8781 -26.1819 38.9346
      vertex -67.9358 -26.2989 39.4654
      vertex -67.9358 -26.2989 38.9346
    endloop
  endfacet
  facet normal 0.536764 -0.803264 -0.258171
    outer loop
      vertex -68.3096 -26.6494 38.8049
      vertex -68.3265 -26.6201 38.6786
      vertex -68.2029 -26.5781 38.8049
    endloop
  endfacet
  facet normal -0.221713 -0.448935 -0.865622
    outer loop
      vertex -95.4126 -26.3133 38.1685
      vertex -95.4778 -26.2811 38.1685
      vertex -95.4211 -26.183 38.1031
    endloop
  endfacet
  facet normal -0.270021 -0.546751 -0.79256
    outer loop
      vertex -95.4126 -26.3133 38.1685
      vertex -95.5297 -26.371 38.2482
      vertex -95.4778 -26.2811 38.1685
    endloop
  endfacet
  facet normal -0.195553 -0.577427 -0.792677
    outer loop
      vertex -95.3707 -26.4369 38.2482
      vertex -95.4126 -26.3133 38.1685
      vertex -95.3438 -26.3366 38.1685
    endloop
  endfacet
  facet normal -0.154858 -0.778323 -0.608467
    outer loop
      vertex -95.3085 -26.6244 38.4444
      vertex -95.3946 -26.5262 38.3407
      vertex -95.2981 -26.5454 38.3407
    endloop
  endfacet
  facet normal -0.467099 -0.531874 -0.706349
    outer loop
      vertex -95.6577 -26.3965 38.3407
      vertex -95.7316 -26.3316 38.3407
      vertex -95.6014 -26.3231 38.2482
    endloop
  endfacet
  facet normal -0.441242 -0.660039 -0.607991
    outer loop
      vertex -95.6157 -26.5201 38.4444
      vertex -95.7062 -26.4596 38.4444
      vertex -95.6577 -26.3965 38.3407
    endloop
  endfacet
  facet normal 0.0459421 -0.70636 -0.70636
    outer loop
      vertex -68.7139 -26.4537 38.2482
      vertex -68.8 -26.5518 38.3407
      vertex -68.8 -26.4593 38.2482
    endloop
  endfacet
  facet normal 0.119116 -0.598096 -0.792523
    outer loop
      vertex -68.7139 -26.4537 38.2482
      vertex -68.7275 -26.3508 38.1685
      vertex -68.6562 -26.3366 38.1685
    endloop
  endfacet
  facet normal 0.297015 -0.875288 -0.381646
    outer loop
      vertex -68.4376 -26.6748 38.6786
      vertex -68.5679 -26.6663 38.5577
      vertex -68.4568 -26.6286 38.5577
    endloop
  endfacet
  facet normal 0.382056 -0.0245608 -0.923813
    outer loop
      vertex -68.3577 -25.8 38.1031
      vertex -68.4813 -25.842 38.0531
      vertex -68.4786 -25.8 38.0531
    endloop
  endfacet
  facet normal 0.180517 -0.906524 -0.381612
    outer loop
      vertex -68.6764 -26.7388 38.6786
      vertex -68.6829 -26.6892 38.5577
      vertex -68.5679 -26.6663 38.5577
    endloop
  endfacet
  facet normal 0.0606476 -0.922316 -0.381647
    outer loop
      vertex -68.6764 -26.7388 38.6786
      vertex -68.8 -26.6969 38.5577
      vertex -68.6829 -26.6892 38.5577
    endloop
  endfacet
  facet normal -0.194496 -0.980903 0
    outer loop
      vertex -95.4583 -26.7639 38.9346
      vertex -95.3302 -26.7893 39.4654
      vertex -95.4583 -26.7639 39.4654
    endloop
  endfacet
  facet normal -0.194496 -0.980903 -0
    outer loop
      vertex -95.3302 -26.7893 39.4654
      vertex -95.4583 -26.7639 38.9346
      vertex -95.3302 -26.7893 38.9346
    endloop
  endfacet
  facet normal -0.0632547 -0.963881 -0.258714
    outer loop
      vertex -95.2 -26.7808 38.8049
      vertex -95.328 -26.7724 38.8049
      vertex -95.2 -26.7469 38.6786
    endloop
  endfacet
  facet normal 0.0604486 -0.922401 -0.381473
    outer loop
      vertex -68.6764 -26.7388 38.6786
      vertex -68.8 -26.7469 38.6786
      vertex -68.8 -26.6969 38.5577
    endloop
  endfacet
  facet normal -0.138149 -0.694343 -0.70626
    outer loop
      vertex -95.2981 -26.5454 38.3407
      vertex -95.3946 -26.5262 38.3407
      vertex -95.2861 -26.4537 38.2482
    endloop
  endfacet
  facet normal -0.0606476 -0.922316 -0.381647
    outer loop
      vertex -95.2 -26.6969 38.5577
      vertex -95.3236 -26.7388 38.6786
      vertex -95.3171 -26.6892 38.5577
    endloop
  endfacet
  facet normal -0.0604486 -0.922401 -0.381473
    outer loop
      vertex -95.2 -26.7469 38.6786
      vertex -95.3236 -26.7388 38.6786
      vertex -95.2 -26.6969 38.5577
    endloop
  endfacet
  facet normal 0.193263 -0.972497 -0.129995
    outer loop
      vertex -68.6698 -26.7893 38.9346
      vertex -68.672 -26.7724 38.8049
      vertex -68.5462 -26.7474 38.8049
    endloop
  endfacet
  facet normal 0.0631687 -0.963908 -0.258632
    outer loop
      vertex -68.672 -26.7724 38.8049
      vertex -68.8 -26.7469 38.6786
      vertex -68.6764 -26.7388 38.6786
    endloop
  endfacet
  facet normal 0.187961 -0.947606 0.25829
    outer loop
      vertex -68.5549 -26.7147 39.7214
      vertex -68.6764 -26.7388 39.7214
      vertex -68.5462 -26.7474 39.5951
    endloop
  endfacet
  facet normal 0.972526 -0.192835 0.130412
    outer loop
      vertex -67.8107 -25.9302 39.4654
      vertex -67.8526 -26.0538 39.5951
      vertex -67.8361 -26.0583 39.4654
    endloop
  endfacet
  facet normal 0.938701 -0.319081 0.130489
    outer loop
      vertex -67.8526 -26.0538 39.5951
      vertex -67.8939 -26.1753 39.5951
      vertex -67.8361 -26.0583 39.4654
    endloop
  endfacet
  facet normal 0.922401 -0.0604486 0.381473
    outer loop
      vertex -67.8531 -25.8 39.7214
      vertex -67.9031 -25.8 39.8423
      vertex -67.8612 -25.9236 39.7214
    endloop
  endfacet
  facet normal 0.922316 -0.0606476 0.381647
    outer loop
      vertex -67.9031 -25.8 39.8423
      vertex -67.9108 -25.9171 39.8423
      vertex -67.8612 -25.9236 39.7214
    endloop
  endfacet
  facet normal 0.972497 -0.193263 0.129995
    outer loop
      vertex -67.8276 -25.928 39.5951
      vertex -67.8526 -26.0538 39.5951
      vertex -67.8107 -25.9302 39.4654
    endloop
  endfacet
  facet normal 0.947606 -0.187961 -0.25829
    outer loop
      vertex -67.8526 -26.0538 38.8049
      vertex -67.8853 -26.0451 38.6786
      vertex -67.8612 -25.9236 38.6786
    endloop
  endfacet
  facet normal 0.523892 -0.596542 -0.608009
    outer loop
      vertex -68.2938 -26.4596 38.4444
      vertex -68.3423 -26.3965 38.3407
      vertex -68.2684 -26.3316 38.3407
    endloop
  endfacet
  facet normal 0.864784 0.0568645 -0.498915
    outer loop
      vertex -67.9031 31.2 38.5577
      vertex -67.9756 31.3085 38.4444
      vertex -67.9108 31.3171 38.5577
    endloop
  endfacet
  facet normal 0.99142 0 -0.130712
    outer loop
      vertex -67.8021 -25.8 38.9346
      vertex -67.8192 31.2 38.8049
      vertex -67.8021 31.2 38.9346
    endloop
  endfacet
  facet normal 0.99142 0 -0.130712
    outer loop
      vertex -67.8192 31.2 38.8049
      vertex -67.8021 -25.8 38.9346
      vertex -67.8192 -25.8 38.8049
    endloop
  endfacet
  facet normal 0.694343 -0.138149 -0.70626
    outer loop
      vertex -68.0738 -25.9946 38.3407
      vertex -68.1463 -25.8861 38.2482
      vertex -68.0546 -25.8981 38.3407
    endloop
  endfacet
  facet normal 0.791815 -0.0518146 -0.60856
    outer loop
      vertex -67.9756 -25.9085 38.4444
      vertex -68.0482 -25.8 38.3407
      vertex -67.9685 -25.8 38.4444
    endloop
  endfacet
  facet normal 0.609156 -0.695053 -0.381878
    outer loop
      vertex -68.1304 -26.4696 38.6786
      vertex -68.254 -26.5115 38.5577
      vertex -68.1658 -26.4342 38.5577
    endloop
  endfacet
  facet normal 0.438511 -0.889181 -0.130634
    outer loop
      vertex -68.4181 -26.7219 38.9346
      vertex -68.4247 -26.7061 38.8049
      vertex -68.3011 -26.6642 38.9346
    endloop
  endfacet
  facet normal 0.824376 -0.550872 -0.130171
    outer loop
      vertex -67.9358 -26.2989 38.9346
      vertex -68.0219 -26.3971 38.8049
      vertex -67.9506 -26.2904 38.8049
    endloop
  endfacet
  facet normal 0.659643 -0.751579 0
    outer loop
      vertex -68.1925 -26.5917 38.9346
      vertex -68.0944 -26.5056 39.4654
      vertex -68.1925 -26.5917 39.4654
    endloop
  endfacet
  facet normal 0.659643 -0.751579 0
    outer loop
      vertex -68.0944 -26.5056 39.4654
      vertex -68.1925 -26.5917 38.9346
      vertex -68.0944 -26.5056 38.9346
    endloop
  endfacet
  facet normal 0.651096 -0.571402 -0.499573
    outer loop
      vertex -68.1658 -26.4342 38.5577
      vertex -68.2121 -26.3879 38.4444
      vertex -68.1404 -26.3062 38.4444
    endloop
  endfacet
  facet normal 0.711761 -0.351136 -0.608358
    outer loop
      vertex -68.0799 -26.2157 38.4444
      vertex -68.1489 -26.1759 38.3407
      vertex -68.0318 -26.1182 38.4444
    endloop
  endfacet
  facet normal 0.803264 -0.536764 -0.258171
    outer loop
      vertex -67.9506 -26.2904 38.8049
      vertex -68.0219 -26.3971 38.8049
      vertex -67.9799 -26.2735 38.6786
    endloop
  endfacet
  facet normal 0.481645 -0.720477 -0.49893
    outer loop
      vertex -68.3516 -26.5767 38.5577
      vertex -68.3843 -26.5201 38.4444
      vertex -68.2938 -26.4596 38.4444
    endloop
  endfacet
  facet normal 0.362794 -0.123058 -0.923708
    outer loop
      vertex -68.3914 -25.9693 38.1031
      vertex -68.503 -25.923 38.0531
      vertex -68.4895 -25.8832 38.0531
    endloop
  endfacet
  facet normal 0.70636 -0.0459421 -0.70636
    outer loop
      vertex -68.0482 -25.8 38.3407
      vertex -68.1463 -25.8861 38.2482
      vertex -68.1407 -25.8 38.2482
    endloop
  endfacet
  facet normal 0.706421 -0.0460866 -0.70629
    outer loop
      vertex -68.0546 -25.8981 38.3407
      vertex -68.1463 -25.8861 38.2482
      vertex -68.0482 -25.8 38.3407
    endloop
  endfacet
  facet normal 0.598041 -0.1189 -0.792597
    outer loop
      vertex -68.1631 -25.9706 38.2482
      vertex -68.2634 -25.9438 38.1685
      vertex -68.1463 -25.8861 38.2482
    endloop
  endfacet
  facet normal 0.362744 0.123121 -0.923719
    outer loop
      vertex -68.3728 31.3145 38.1031
      vertex -68.4895 31.2832 38.0531
      vertex -68.3914 31.3693 38.1031
    endloop
  endfacet
  facet normal 0.491241 0.0977293 -0.865524
    outer loop
      vertex -68.3615 31.2577 38.1031
      vertex -68.3728 31.3145 38.1031
      vertex -68.2634 31.3438 38.1685
    endloop
  endfacet
  facet normal 0.820802 0.278116 -0.498935
    outer loop
      vertex -67.9969 31.4152 38.4444
      vertex -68.0318 31.5182 38.4444
      vertex -67.9714 31.5432 38.5577
    endloop
  endfacet
  facet normal 0.849685 0.169618 -0.499264
    outer loop
      vertex -67.9756 31.3085 38.4444
      vertex -67.9969 31.4152 38.4444
      vertex -67.9337 31.4321 38.5577
    endloop
  endfacet
  facet normal -0.195553 0.577427 -0.792677
    outer loop
      vertex -95.3438 31.7366 38.1685
      vertex -95.4126 31.7133 38.1685
      vertex -95.3707 31.8369 38.2482
    endloop
  endfacet
  facet normal -0.137919 0.694521 -0.70613
    outer loop
      vertex -95.3707 31.8369 38.2482
      vertex -95.3946 31.9262 38.3407
      vertex -95.2861 31.8537 38.2482
    endloop
  endfacet
  facet normal -0.277925 0.416454 -0.865635
    outer loop
      vertex -95.4692 31.5509 38.1031
      vertex -95.4778 31.6811 38.1685
      vertex -95.4211 31.583 38.1031
    endloop
  endfacet
  facet normal -0.393292 0.588706 -0.70622
    outer loop
      vertex -95.5297 31.771 38.2482
      vertex -95.6014 31.7231 38.2482
      vertex -95.5759 31.8511 38.3407
    endloop
  endfacet
  facet normal -0.523598 0.596624 -0.608182
    outer loop
      vertex -95.7316 31.7316 38.3407
      vertex -95.7879 31.7879 38.4444
      vertex -95.7062 31.8596 38.4444
    endloop
  endfacet
  facet normal -0.467099 0.531874 -0.706349
    outer loop
      vertex -95.6014 31.7231 38.2482
      vertex -95.7316 31.7316 38.3407
      vertex -95.6577 31.7965 38.3407
    endloop
  endfacet
  facet normal -0.252516 0.288069 -0.923716
    outer loop
      vertex -95.4273 31.4273 38.0531
      vertex -95.4692 31.5509 38.1031
      vertex -95.3957 31.455 38.0531
    endloop
  endfacet
  facet normal -0.376187 0.330353 -0.86565
    outer loop
      vertex -95.5509 31.4692 38.1031
      vertex -95.6408 31.5382 38.1685
      vertex -95.5127 31.5127 38.1031
    endloop
  endfacet
  facet normal -0.179792 0.90642 -0.3822
    outer loop
      vertex -95.4321 32.0663 38.5577
      vertex -95.4451 32.1147 38.6786
      vertex -95.3236 32.1388 38.6786
    endloop
  endfacet
  facet normal -0.180517 0.906524 -0.381612
    outer loop
      vertex -95.3171 32.0892 38.5577
      vertex -95.4321 32.0663 38.5577
      vertex -95.3236 32.1388 38.6786
    endloop
  endfacet
  facet normal -0.297015 0.875288 -0.381646
    outer loop
      vertex -95.5432 32.0286 38.5577
      vertex -95.5624 32.0748 38.6786
      vertex -95.4321 32.0663 38.5577
    endloop
  endfacet
  facet normal -0.408936 0.828903 -0.381695
    outer loop
      vertex -95.5432 32.0286 38.5577
      vertex -95.6484 31.9767 38.5577
      vertex -95.5624 32.0748 38.6786
    endloop
  endfacet
  facet normal -0.651666 0.571131 -0.499139
    outer loop
      vertex -95.8596 31.7062 38.4444
      vertex -95.9115 31.746 38.5577
      vertex -95.8342 31.8342 38.5577
    endloop
  endfacet
  facet normal -0.651096 0.571402 -0.499573
    outer loop
      vertex -95.7879 31.7879 38.4444
      vertex -95.8596 31.7062 38.4444
      vertex -95.8342 31.8342 38.5577
    endloop
  endfacet
  facet normal -0.720477 0.481645 -0.49893
    outer loop
      vertex -95.9201 31.6157 38.4444
      vertex -95.9767 31.6484 38.5577
      vertex -95.8596 31.7062 38.4444
    endloop
  endfacet
  facet normal -0.711761 0.351136 -0.608358
    outer loop
      vertex -95.8511 31.5759 38.3407
      vertex -95.9682 31.5182 38.4444
      vertex -95.9201 31.6157 38.4444
    endloop
  endfacet
  facet normal -0.659825 0.441098 -0.608328
    outer loop
      vertex -95.8511 31.5759 38.3407
      vertex -95.9201 31.6157 38.4444
      vertex -95.8596 31.7062 38.4444
    endloop
  endfacet
  facet normal -0.777209 0.383423 -0.498932
    outer loop
      vertex -95.9682 31.5182 38.4444
      vertex -96.0286 31.5432 38.5577
      vertex -95.9201 31.6157 38.4444
    endloop
  endfacet
  facet normal -0.117387 0.0581789 -0.991381
    outer loop
      vertex -95.2566 31.2327 38.0021
      vertex -95.3802 31.2747 38.0192
      vertex -95.3689 31.2975 38.0192
    endloop
  endfacet
  facet normal -0.109234 0.0723098 -0.991382
    outer loop
      vertex -95.2566 31.2327 38.0021
      vertex -95.3548 31.3188 38.0192
      vertex -95.2519 31.2398 38.0021
    endloop
  endfacet
  facet normal -0.458339 -0.402462 0.792433
    outer loop
      vertex -95.6408 -26.1382 40.2315
      vertex -95.7231 -26.2014 40.1518
      vertex -95.6662 -26.2662 40.1518
    endloop
  endfacet
  facet normal -0.507194 -0.338837 0.792429
    outer loop
      vertex -95.6408 -26.1382 40.2315
      vertex -95.771 -26.1297 40.1518
      vertex -95.7231 -26.2014 40.1518
    endloop
  endfacet
  facet normal -0.467099 -0.531874 0.706349
    outer loop
      vertex -95.6014 -26.3231 40.1518
      vertex -95.7316 -26.3316 40.0593
      vertex -95.6577 -26.3965 40.0593
    endloop
  endfacet
  facet normal -0.392977 -0.588746 0.706362
    outer loop
      vertex -95.6014 -26.3231 40.1518
      vertex -95.6577 -26.3965 40.0593
      vertex -95.5759 -26.4511 40.0593
    endloop
  endfacet
  facet normal -0.318439 -0.212899 0.923727
    outer loop
      vertex -95.4784 -25.9607 40.3469
      vertex -95.5509 -26.0692 40.2969
      vertex -95.455 -25.9957 40.3469
    endloop
  endfacet
  facet normal -0.343434 -0.169728 0.923713
    outer loop
      vertex -95.497 -25.923 40.3469
      vertex -95.6086 -25.9693 40.2969
      vertex -95.583 -26.0211 40.2969
    endloop
  endfacet
  facet normal -0.351118 -0.711726 0.60841
    outer loop
      vertex -95.4877 -26.4946 40.0593
      vertex -95.6157 -26.5201 39.9556
      vertex -95.5182 -26.5682 39.9556
    endloop
  endfacet
  facet normal -0.351059 -0.711802 0.608355
    outer loop
      vertex -95.5759 -26.4511 40.0593
      vertex -95.6157 -26.5201 39.9556
      vertex -95.4877 -26.4946 40.0593
    endloop
  endfacet
  facet normal -0.651666 -0.571131 0.499139
    outer loop
      vertex -95.8596 -26.3062 39.9556
      vertex -95.9115 -26.346 39.8423
      vertex -95.8342 -26.4342 39.8423
    endloop
  endfacet
  facet normal -0.523598 -0.596624 0.608182
    outer loop
      vertex -95.7316 -26.3316 40.0593
      vertex -95.7879 -26.3879 39.9556
      vertex -95.7062 -26.4596 39.9556
    endloop
  endfacet
  facet normal -0.144323 -0.215868 0.965698
    outer loop
      vertex -95.2975 -25.969 40.3808
      vertex -95.3957 -26.055 40.3469
      vertex -95.3607 -26.0784 40.3469
    endloop
  endfacet
  facet normal -0.171631 -0.194989 0.965672
    outer loop
      vertex -95.338 -25.9379 40.3808
      vertex -95.3957 -26.055 40.3469
      vertex -95.3188 -25.9548 40.3808
    endloop
  endfacet
  facet normal -0.117387 -0.0581789 0.991381
    outer loop
      vertex -95.2566 -25.8327 40.3979
      vertex -95.3802 -25.8747 40.3808
      vertex -95.3689 -25.8975 40.3808
    endloop
  endfacet
  facet normal -0.232614 -0.115287 0.965712
    outer loop
      vertex -95.3802 -25.8747 40.3808
      vertex -95.497 -25.923 40.3469
      vertex -95.3689 -25.8975 40.3808
    endloop
  endfacet
  facet normal -0.0865357 -0.0983127 0.991386
    outer loop
      vertex -95.2398 -25.8519 40.3979
      vertex -95.338 -25.9379 40.3808
      vertex -95.3188 -25.9548 40.3808
    endloop
  endfacet
  facet normal -0.072264 -0.109165 0.991393
    outer loop
      vertex -95.2398 -25.8519 40.3979
      vertex -95.2975 -25.969 40.3808
      vertex -95.2327 -25.8566 40.3979
    endloop
  endfacet
  facet normal 0.196034 -0.577486 0.792515
    outer loop
      vertex -68.5874 -26.3133 40.2315
      vertex -68.6293 -26.4369 40.1518
      vertex -68.5477 -26.4092 40.1518
    endloop
  endfacet
  facet normal 0 -0.609378 0.79288
    outer loop
      vertex -95.2 -26.3556 40.2315
      vertex -68.8 -26.4593 40.1518
      vertex -68.8 -26.3556 40.2315
    endloop
  endfacet
  facet normal 0 -0.609378 0.79288
    outer loop
      vertex -68.8 -26.4593 40.1518
      vertex -95.2 -26.3556 40.2315
      vertex -95.2 -26.4593 40.1518
    endloop
  endfacet
  facet normal -0.259197 -0.0166627 0.965681
    outer loop
      vertex -95.3951 -25.8 40.3808
      vertex -95.5214 -25.8 40.3469
      vertex -95.5187 -25.842 40.3469
    endloop
  endfacet
  facet normal -0.124117 -0.0420562 0.991376
    outer loop
      vertex -95.2632 -25.8169 40.3979
      vertex -95.3884 -25.8505 40.3808
      vertex -95.3802 -25.8747 40.3808
    endloop
  endfacet
  facet normal -0.128589 0.024493 0.991396
    outer loop
      vertex -95.2632 31.2169 40.3979
      vertex -95.3934 31.2255 40.3808
      vertex -95.2648 31.2085 40.3979
    endloop
  endfacet
  facet normal -0.128506 0.0257012 0.991376
    outer loop
      vertex -95.3884 31.2505 40.3808
      vertex -95.3934 31.2255 40.3808
      vertex -95.2632 31.2169 40.3979
    endloop
  endfacet
  facet normal 0.0870445 0.0977342 0.991399
    outer loop
      vertex -68.662 31.3379 40.3808
      vertex -68.7602 31.2519 40.3979
      vertex -68.7538 31.2462 40.3979
    endloop
  endfacet
  facet normal -0.232614 0.115287 0.965712
    outer loop
      vertex -95.3689 31.2975 40.3808
      vertex -95.497 31.323 40.3469
      vertex -95.3802 31.2747 40.3808
    endloop
  endfacet
  facet normal 0.123761 -0.0427814 0.991389
    outer loop
      vertex -68.7368 -25.8169 40.3979
      vertex -68.7396 -25.825 40.3979
      vertex -68.6198 -25.8747 40.3808
    endloop
  endfacet
  facet normal -0.221713 0.448935 0.865622
    outer loop
      vertex -95.4126 31.7133 40.2315
      vertex -95.4778 31.6811 40.2315
      vertex -95.4211 31.583 40.2969
    endloop
  endfacet
  facet normal -0.670505 0.227583 0.706136
    outer loop
      vertex -95.8946 31.4877 40.0593
      vertex -95.9262 31.3946 40.0593
      vertex -95.8092 31.4523 40.1518
    endloop
  endfacet
  facet normal -0.259003 0.0172669 0.965722
    outer loop
      vertex -95.3934 31.2255 40.3808
      vertex -95.5187 31.242 40.3469
      vertex -95.3951 31.2 40.3808
    endloop
  endfacet
  facet normal -0.130707 0.00871377 0.991383
    outer loop
      vertex -95.3934 31.2255 40.3808
      vertex -95.3951 31.2 40.3808
      vertex -95.2654 31.2 40.3979
    endloop
  endfacet
  facet normal -0.695032 -0.609179 0.381878
    outer loop
      vertex -95.8342 -26.4342 39.8423
      vertex -95.9512 -26.3765 39.7214
      vertex -95.8696 -26.4696 39.7214
    endloop
  endfacet
  facet normal -0.609156 -0.695053 0.381878
    outer loop
      vertex -95.8342 -26.4342 39.8423
      vertex -95.8696 -26.4696 39.7214
      vertex -95.746 -26.5115 39.8423
    endloop
  endfacet
  facet normal -0 0.609378 0.79288
    outer loop
      vertex -95.2 31.8593 40.1518
      vertex -68.8 31.7556 40.2315
      vertex -68.8 31.8593 40.1518
    endloop
  endfacet
  facet normal 0 0.609378 0.79288
    outer loop
      vertex -68.8 31.7556 40.2315
      vertex -95.2 31.8593 40.1518
      vertex -95.2 31.7556 40.2315
    endloop
  endfacet
  facet normal -0.0977293 0.491241 0.865524
    outer loop
      vertex -95.2577 31.6385 40.2969
      vertex -95.3438 31.7366 40.2315
      vertex -95.3145 31.6272 40.2969
    endloop
  endfacet
  facet normal -0.0606476 0.922316 0.381647
    outer loop
      vertex -95.2 32.0969 39.8423
      vertex -95.3236 32.1388 39.7214
      vertex -95.3171 32.0892 39.8423
    endloop
  endfacet
  facet normal -0.0604486 0.922401 0.381473
    outer loop
      vertex -95.2 32.1469 39.7214
      vertex -95.3236 32.1388 39.7214
      vertex -95.2 32.0969 39.8423
    endloop
  endfacet
  facet normal -0.193263 0.972497 0.129995
    outer loop
      vertex -95.3302 32.1893 39.4654
      vertex -95.4538 32.1474 39.5951
      vertex -95.328 32.1724 39.5951
    endloop
  endfacet
  facet normal -0.0653456 0.989301 0.130432
    outer loop
      vertex -95.2 32.1979 39.4654
      vertex -95.3302 32.1893 39.4654
      vertex -95.2 32.1808 39.5951
    endloop
  endfacet
  facet normal -0.179792 0.90642 0.3822
    outer loop
      vertex -95.3236 32.1388 39.7214
      vertex -95.4451 32.1147 39.7214
      vertex -95.4321 32.0663 39.8423
    endloop
  endfacet
  facet normal -0.25475 0.751841 0.608143
    outer loop
      vertex -95.4152 32.0031 39.9556
      vertex -95.5182 31.9682 39.9556
      vertex -95.3946 31.9262 40.0593
    endloop
  endfacet
  facet normal -0.155401 0.778463 0.608149
    outer loop
      vertex -95.3085 32.0244 39.9556
      vertex -95.4152 32.0031 39.9556
      vertex -95.3946 31.9262 40.0593
    endloop
  endfacet
  facet normal -0.0459421 0.70636 0.70636
    outer loop
      vertex -95.2 31.9518 40.0593
      vertex -95.2861 31.8537 40.1518
      vertex -95.2 31.8593 40.1518
    endloop
  endfacet
  facet normal -0.906279 -0.180468 0.382217
    outer loop
      vertex -96.0892 -25.9171 39.8423
      vertex -96.1147 -26.0451 39.7214
      vertex -96.0663 -26.0321 39.8423
    endloop
  endfacet
  facet normal -0.546891 0.269912 0.792501
    outer loop
      vertex -95.771 31.5297 40.1518
      vertex -95.8092 31.4523 40.1518
      vertex -95.7133 31.4126 40.2315
    endloop
  endfacet
  facet normal -0.889425 0.438144 0.130206
    outer loop
      vertex -96.0642 31.6989 39.4654
      vertex -96.1061 31.5753 39.5951
      vertex -96.0494 31.6904 39.5951
    endloop
  endfacet
  facet normal -0.245819 0.0832941 0.96573
    outer loop
      vertex -95.3802 31.2747 40.3808
      vertex -95.5105 31.2832 40.3469
      vertex -95.3884 31.2505 40.3808
    endloop
  endfacet
  facet normal -0.245812 0.0833786 0.965725
    outer loop
      vertex -95.497 31.323 40.3469
      vertex -95.5105 31.2832 40.3469
      vertex -95.3802 31.2747 40.3808
    endloop
  endfacet
  facet normal -0.924091 0 0.382172
    outer loop
      vertex -96.1469 -25.8 39.7214
      vertex -96.0969 31.2 39.8423
      vertex -96.1469 31.2 39.7214
    endloop
  endfacet
  facet normal -0.924091 0 0.382172
    outer loop
      vertex -96.0969 31.2 39.8423
      vertex -96.1469 -25.8 39.7214
      vertex -96.0969 -25.8 39.8423
    endloop
  endfacet
  facet normal -1 0 0
    outer loop
      vertex -96.1979 -25.8 38.9346
      vertex -96.1979 31.2 39.4654
      vertex -96.1979 31.2 38.9346
    endloop
  endfacet
  facet normal -1 -0 0
    outer loop
      vertex -96.1979 31.2 39.4654
      vertex -96.1979 -25.8 38.9346
      vertex -96.1979 -25.8 39.4654
    endloop
  endfacet
  facet normal -0.745149 0.653999 0.13053
    outer loop
      vertex -95.9056 31.9056 39.4654
      vertex -95.9917 31.8075 39.4654
      vertex -95.8935 31.8935 39.5951
    endloop
  endfacet
  facet normal -0.442301 0.896867 0
    outer loop
      vertex -95.5819 32.1219 38.9346
      vertex -95.6989 32.0642 39.4654
      vertex -95.5819 32.1219 39.4654
    endloop
  endfacet
  facet normal -0.442301 0.896867 0
    outer loop
      vertex -95.6989 32.0642 39.4654
      vertex -95.5819 32.1219 38.9346
      vertex -95.6989 32.0642 38.9346
    endloop
  endfacet
  facet normal -0.938721 0.318983 -0.130587
    outer loop
      vertex -96.1061 31.5753 38.8049
      vertex -96.1639 31.4583 38.9346
      vertex -96.1219 31.5819 38.9346
    endloop
  endfacet
  facet normal -0.938701 0.319081 -0.130489
    outer loop
      vertex -96.1474 31.4538 38.8049
      vertex -96.1639 31.4583 38.9346
      vertex -96.1061 31.5753 38.8049
    endloop
  endfacet
  facet normal -0.376187 0.330353 0.86565
    outer loop
      vertex -95.5127 31.5127 40.2969
      vertex -95.6408 31.5382 40.2315
      vertex -95.5509 31.4692 40.2969
    endloop
  endfacet
  facet normal -0 0.382172 0.924091
    outer loop
      vertex -95.2 31.6423 40.2969
      vertex -68.8 31.5214 40.3469
      vertex -68.8 31.6423 40.2969
    endloop
  endfacet
  facet normal 0 0.382172 0.924091
    outer loop
      vertex -68.8 31.5214 40.3469
      vertex -95.2 31.6423 40.2969
      vertex -95.2 31.5214 40.3469
    endloop
  endfacet
  facet normal -0.70636 0.0459421 0.70636
    outer loop
      vertex -95.8537 31.2861 40.1518
      vertex -95.9518 31.2 40.0593
      vertex -95.8593 31.2 40.1518
    endloop
  endfacet
  facet normal -0.382056 0.0245608 0.923813
    outer loop
      vertex -95.5187 31.242 40.3469
      vertex -95.6423 31.2 40.2969
      vertex -95.5214 31.2 40.3469
    endloop
  endfacet
  facet normal -0.0506644 0.254558 0.965729
    outer loop
      vertex -95.242 31.5187 40.3469
      vertex -95.2832 31.5105 40.3469
      vertex -95.2505 31.3884 40.3808
    endloop
  endfacet
  facet normal -0 0.259233 0.965815
    outer loop
      vertex -95.2 31.5214 40.3469
      vertex -68.8 31.3951 40.3808
      vertex -68.8 31.5214 40.3469
    endloop
  endfacet
  facet normal 0 0.259233 0.965815
    outer loop
      vertex -68.8 31.3951 40.3808
      vertex -95.2 31.5214 40.3469
      vertex -95.2 31.3951 40.3808
    endloop
  endfacet
  facet normal 0.195553 0.577427 0.792677
    outer loop
      vertex -68.6293 31.8369 40.1518
      vertex -68.6562 31.7366 40.2315
      vertex -68.5874 31.7133 40.2315
    endloop
  endfacet
  facet normal -0.212899 0.318439 0.923727
    outer loop
      vertex -95.3607 31.4784 40.3469
      vertex -95.4692 31.5509 40.2969
      vertex -95.3957 31.455 40.3469
    endloop
  endfacet
  facet normal -0.252516 0.288069 0.923716
    outer loop
      vertex -95.3957 31.455 40.3469
      vertex -95.4692 31.5509 40.2969
      vertex -95.4273 31.4273 40.3469
    endloop
  endfacet
  facet normal 0.196034 0.577486 0.792515
    outer loop
      vertex -68.5477 31.8092 40.1518
      vertex -68.6293 31.8369 40.1518
      vertex -68.5874 31.7133 40.2315
    endloop
  endfacet
  facet normal 0.0251728 0.382229 0.923725
    outer loop
      vertex -68.7423 31.6385 40.2969
      vertex -68.8 31.6423 40.2969
      vertex -68.758 31.5187 40.3469
    endloop
  endfacet
  facet normal 0.154858 0.778323 0.608467
    outer loop
      vertex -68.6915 32.0244 39.9556
      vertex -68.7019 31.9454 40.0593
      vertex -68.6054 31.9262 40.0593
    endloop
  endfacet
  facet normal 0.0516632 0.7919 0.608461
    outer loop
      vertex -68.6915 32.0244 39.9556
      vertex -68.8 31.9518 40.0593
      vertex -68.7019 31.9454 40.0593
    endloop
  endfacet
  facet normal -0.0579672 0.11746 0.991384
    outer loop
      vertex -95.225 31.2604 40.3979
      vertex -95.2747 31.3802 40.3808
      vertex -95.2327 31.2566 40.3979
    endloop
  endfacet
  facet normal -0.491241 -0.0977293 0.865524
    outer loop
      vertex -95.6385 -25.8577 40.2969
      vertex -95.7366 -25.9438 40.2315
      vertex -95.6272 -25.9145 40.2969
    endloop
  endfacet
  facet normal -0.382229 -0.0251728 0.923725
    outer loop
      vertex -95.5187 -25.842 40.3469
      vertex -95.6423 -25.8 40.2969
      vertex -95.6385 -25.8577 40.2969
    endloop
  endfacet
  facet normal -0.63503 -0.313195 0.706148
    outer loop
      vertex -95.8092 -26.0523 40.1518
      vertex -95.8946 -26.0877 40.0593
      vertex -95.8511 -26.1759 40.0593
    endloop
  endfacet
  facet normal -0.634857 -0.313327 0.706246
    outer loop
      vertex -95.8092 -26.0523 40.1518
      vertex -95.8511 -26.1759 40.0593
      vertex -95.771 -26.1297 40.1518
    endloop
  endfacet
  facet normal 0.711761 0.351136 0.608358
    outer loop
      vertex -68.0799 31.6157 39.9556
      vertex -68.1489 31.5759 40.0593
      vertex -68.0318 31.5182 39.9556
    endloop
  endfacet
  facet normal 0.820519 0.27843 0.499225
    outer loop
      vertex -67.9714 31.5432 39.8423
      vertex -67.9969 31.4152 39.9556
      vertex -67.9337 31.4321 39.8423
    endloop
  endfacet
  facet normal 0.402739 0.458115 0.792421
    outer loop
      vertex -68.3986 31.7231 40.1518
      vertex -68.4618 31.6408 40.2315
      vertex -68.4072 31.5928 40.2315
    endloop
  endfacet
  facet normal 0.402358 0.458221 0.792554
    outer loop
      vertex -68.3986 31.7231 40.1518
      vertex -68.4072 31.5928 40.2315
      vertex -68.3338 31.6662 40.1518
    endloop
  endfacet
  facet normal 0.313195 0.63503 0.706148
    outer loop
      vertex -68.5123 31.8946 40.0593
      vertex -68.5477 31.8092 40.1518
      vertex -68.4241 31.8511 40.0593
    endloop
  endfacet
  facet normal 0.313327 0.634857 0.706246
    outer loop
      vertex -68.4241 31.8511 40.0593
      vertex -68.5477 31.8092 40.1518
      vertex -68.4703 31.771 40.1518
    endloop
  endfacet
  facet normal 0.0568645 0.864784 0.498915
    outer loop
      vertex -68.6829 32.0892 39.8423
      vertex -68.8 32.0969 39.8423
      vertex -68.6915 32.0244 39.9556
    endloop
  endfacet
  facet normal 0.311111 0.914618 0.258232
    outer loop
      vertex -68.5462 32.1474 39.5951
      vertex -68.5549 32.1147 39.7214
      vertex -68.4376 32.0748 39.7214
    endloop
  endfacet
  facet normal 0.193263 0.972497 0.129995
    outer loop
      vertex -68.6698 32.1893 39.4654
      vertex -68.672 32.1724 39.5951
      vertex -68.5462 32.1474 39.5951
    endloop
  endfacet
  facet normal 0.426716 0.866694 0.25837
    outer loop
      vertex -68.4247 32.1061 39.5951
      vertex -68.4376 32.0748 39.7214
      vertex -68.3265 32.0201 39.7214
    endloop
  endfacet
  facet normal 0.0653456 0.989301 0.130432
    outer loop
      vertex -68.8 32.1979 39.4654
      vertex -68.8 32.1808 39.5951
      vertex -68.6698 32.1893 39.4654
    endloop
  endfacet
  facet normal 0.0632547 0.963881 0.258714
    outer loop
      vertex -68.8 32.1808 39.5951
      vertex -68.8 32.1469 39.7214
      vertex -68.672 32.1724 39.5951
    endloop
  endfacet
  facet normal 0.123761 0.0427814 0.991389
    outer loop
      vertex -68.6198 31.2747 40.3808
      vertex -68.7396 31.225 40.3979
      vertex -68.7368 31.2169 40.3979
    endloop
  endfacet
  facet normal 0.212899 0.318439 0.923727
    outer loop
      vertex -68.5308 31.5509 40.2969
      vertex -68.6393 31.4784 40.3469
      vertex -68.6043 31.455 40.3469
    endloop
  endfacet
  facet normal 0.144086 0.216129 0.965675
    outer loop
      vertex -68.6043 31.455 40.3469
      vertex -68.7025 31.369 40.3808
      vertex -68.6812 31.3548 40.3808
    endloop
  endfacet
  facet normal 0.171143 0.195239 0.965708
    outer loop
      vertex -68.6043 31.455 40.3469
      vertex -68.662 31.3379 40.3808
      vertex -68.5727 31.4273 40.3469
    endloop
  endfacet
  facet normal 0.287935 0.252853 0.923666
    outer loop
      vertex -68.4873 31.5127 40.2969
      vertex -68.5727 31.4273 40.3469
      vertex -68.4491 31.4692 40.2969
    endloop
  endfacet
  facet normal 0.0420562 -0.124117 0.991376
    outer loop
      vertex -68.7253 -25.9802 40.3808
      vertex -68.7831 -25.8632 40.3979
      vertex -68.7495 -25.9884 40.3808
    endloop
  endfacet
  facet normal 0.751517 0.25508 0.608405
    outer loop
      vertex -68.0318 31.5182 39.9556
      vertex -68.1054 31.4877 40.0593
      vertex -68.0738 31.3946 40.0593
    endloop
  endfacet
  facet normal 0.711762 0.351039 0.608413
    outer loop
      vertex -68.0318 31.5182 39.9556
      vertex -68.1489 31.5759 40.0593
      vertex -68.1054 31.4877 40.0593
    endloop
  endfacet
  facet normal 0.947453 0.188286 0.258613
    outer loop
      vertex -67.8526 31.4538 39.5951
      vertex -67.8612 31.3236 39.7214
      vertex -67.8276 31.328 39.5951
    endloop
  endfacet
  facet normal 0.963902 0.0632561 0.258634
    outer loop
      vertex -67.8276 31.328 39.5951
      vertex -67.8612 31.3236 39.7214
      vertex -67.8192 31.2 39.5951
    endloop
  endfacet
  facet normal 0.866541 0.427421 0.257718
    outer loop
      vertex -67.8939 31.5753 39.5951
      vertex -67.9799 31.6735 39.7214
      vertex -67.9251 31.5624 39.7214
    endloop
  endfacet
  facet normal 0.866649 0.426924 0.258178
    outer loop
      vertex -67.9506 31.6904 39.5951
      vertex -67.9799 31.6735 39.7214
      vertex -67.8939 31.5753 39.5951
    endloop
  endfacet
  facet normal 0.84994 0.169249 0.498956
    outer loop
      vertex -67.9337 31.4321 39.8423
      vertex -67.9756 31.3085 39.9556
      vertex -67.9108 31.3171 39.8423
    endloop
  endfacet
  facet normal 0.864784 0.0568645 0.498915
    outer loop
      vertex -67.9108 31.3171 39.8423
      vertex -67.9756 31.3085 39.9556
      vertex -67.9031 31.2 39.8423
    endloop
  endfacet
  facet normal 0.803264 0.536764 0.258171
    outer loop
      vertex -67.9506 31.6904 39.5951
      vertex -68.0219 31.7971 39.5951
      vertex -67.9799 31.6735 39.7214
    endloop
  endfacet
  facet normal 0.824376 0.550872 0.130171
    outer loop
      vertex -67.9358 31.6989 39.4654
      vertex -68.0219 31.7971 39.5951
      vertex -67.9506 31.6904 39.5951
    endloop
  endfacet
  facet normal 0.513864 0.768185 0.381884
    outer loop
      vertex -68.2235 31.9512 39.7214
      vertex -68.3265 32.0201 39.7214
      vertex -68.254 31.9115 39.8423
    endloop
  endfacet
  facet normal 0.571131 0.651666 0.499139
    outer loop
      vertex -68.254 31.9115 39.8423
      vertex -68.2938 31.8596 39.9556
      vertex -68.1658 31.8342 39.8423
    endloop
  endfacet
  facet normal 0.745175 0.653961 -0.130575
    outer loop
      vertex -68.0219 31.7971 38.8049
      vertex -68.1065 31.8935 38.8049
      vertex -68.0083 31.8075 38.9346
    endloop
  endfacet
  facet normal 0.745149 0.653999 -0.13053
    outer loop
      vertex -68.0083 31.8075 38.9346
      vertex -68.1065 31.8935 38.8049
      vertex -68.0944 31.9056 38.9346
    endloop
  endfacet
  facet normal 0.653999 0.745149 -0.13053
    outer loop
      vertex -68.1065 31.8935 38.8049
      vertex -68.1925 31.9917 38.9346
      vertex -68.0944 31.9056 38.9346
    endloop
  endfacet
  facet normal 0.653999 0.745149 0.13053
    outer loop
      vertex -68.0944 31.9056 39.4654
      vertex -68.1925 31.9917 39.4654
      vertex -68.1065 31.8935 39.5951
    endloop
  endfacet
  facet normal 0.55084 0.824328 0.130606
    outer loop
      vertex -68.1925 31.9917 39.4654
      vertex -68.3096 32.0494 39.5951
      vertex -68.2029 31.9781 39.5951
    endloop
  endfacet
  facet normal 0.319081 0.938701 0.130489
    outer loop
      vertex -68.5417 32.1639 39.4654
      vertex -68.5462 32.1474 39.5951
      vertex -68.4247 32.1061 39.5951
    endloop
  endfacet
  facet normal 0.440622 0.660126 -0.608346
    outer loop
      vertex -68.3423 31.7965 38.3407
      vertex -68.4241 31.8511 38.3407
      vertex -68.3843 31.9201 38.4444
    endloop
  endfacet
  facet normal 0.313327 0.634857 -0.706246
    outer loop
      vertex -68.4703 31.771 38.2482
      vertex -68.5477 31.8092 38.2482
      vertex -68.4241 31.8511 38.3407
    endloop
  endfacet
  facet normal 0.457976 0.402616 -0.792565
    outer loop
      vertex -68.3592 31.5382 38.1685
      vertex -68.4072 31.5928 38.1685
      vertex -68.3338 31.6662 38.2482
    endloop
  endfacet
  facet normal 0.660364 0.440781 -0.607973
    outer loop
      vertex -68.1489 31.5759 38.3407
      vertex -68.2035 31.6577 38.3407
      vertex -68.1404 31.7062 38.4444
    endloop
  endfacet
  facet normal 0.0649283 0.989383 0.130019
    outer loop
      vertex -68.6698 32.1893 39.4654
      vertex -68.8 32.1808 39.5951
      vertex -68.672 32.1724 39.5951
    endloop
  endfacet
  facet normal 0.310901 0.914636 0.258422
    outer loop
      vertex -68.4247 32.1061 39.5951
      vertex -68.5462 32.1474 39.5951
      vertex -68.4376 32.0748 39.7214
    endloop
  endfacet
  facet normal 0.321738 0.946829 -0
    outer loop
      vertex -68.4181 32.1219 38.9346
      vertex -68.5417 32.1639 39.4654
      vertex -68.4181 32.1219 39.4654
    endloop
  endfacet
  facet normal 0.321738 0.946829 0
    outer loop
      vertex -68.5417 32.1639 39.4654
      vertex -68.4181 32.1219 38.9346
      vertex -68.5417 32.1639 38.9346
    endloop
  endfacet
  facet normal 0.297581 0.874843 -0.382225
    outer loop
      vertex -68.4376 32.0748 38.6786
      vertex -68.5679 32.0663 38.5577
      vertex -68.5549 32.1147 38.6786
    endloop
  endfacet
  facet normal 0.297015 0.875288 -0.381646
    outer loop
      vertex -68.4568 32.0286 38.5577
      vertex -68.5679 32.0663 38.5577
      vertex -68.4376 32.0748 38.6786
    endloop
  endfacet
  facet normal 0.55523 0.831697 -0
    outer loop
      vertex -68.1925 31.9917 38.9346
      vertex -68.3011 32.0642 39.4654
      vertex -68.1925 31.9917 39.4654
    endloop
  endfacet
  facet normal 0.55523 0.831697 0
    outer loop
      vertex -68.3011 32.0642 39.4654
      vertex -68.1925 31.9917 38.9346
      vertex -68.3011 32.0642 38.9346
    endloop
  endfacet
  facet normal 0.768185 0.513864 -0.381884
    outer loop
      vertex -67.9799 31.6735 38.6786
      vertex -68.0885 31.746 38.5577
      vertex -68.0488 31.7765 38.6786
    endloop
  endfacet
  facet normal 0.438144 0.889425 -0.130206
    outer loop
      vertex -68.3096 32.0494 38.8049
      vertex -68.4247 32.1061 38.8049
      vertex -68.3011 32.0642 38.9346
    endloop
  endfacet
  facet normal 0.824376 0.550872 -0.130171
    outer loop
      vertex -67.9506 31.6904 38.8049
      vertex -68.0219 31.7971 38.8049
      vertex -67.9358 31.6989 38.9346
    endloop
  endfacet
  facet normal 0.828695 0.408753 -0.382341
    outer loop
      vertex -67.9251 31.5624 38.6786
      vertex -68.0233 31.6484 38.5577
      vertex -67.9799 31.6735 38.6786
    endloop
  endfacet
  facet normal 0.720533 0.48134 -0.499144
    outer loop
      vertex -68.0233 31.6484 38.5577
      vertex -68.1404 31.7062 38.4444
      vertex -68.0885 31.746 38.5577
    endloop
  endfacet
  facet normal 0.963886 0.0631673 -0.258715
    outer loop
      vertex -67.8531 31.2 38.6786
      vertex -67.8612 31.3236 38.6786
      vertex -67.8192 31.2 38.8049
    endloop
  endfacet
  facet normal 0.938721 0.318983 -0.130587
    outer loop
      vertex -67.8361 31.4583 38.9346
      vertex -67.8939 31.5753 38.8049
      vertex -67.8781 31.5819 38.9346
    endloop
  endfacet
  facet normal 0.938721 0.318983 0.130587
    outer loop
      vertex -67.8781 31.5819 39.4654
      vertex -67.8939 31.5753 39.5951
      vertex -67.8361 31.4583 39.4654
    endloop
  endfacet
  facet normal 0.997826 0.0659086 0
    outer loop
      vertex -67.8021 31.2 39.4654
      vertex -67.8107 31.3302 38.9346
      vertex -67.8107 31.3302 39.4654
    endloop
  endfacet
  facet normal 0.997826 0.0659086 0
    outer loop
      vertex -67.8107 31.3302 38.9346
      vertex -67.8021 31.2 39.4654
      vertex -67.8021 31.2 38.9346
    endloop
  endfacet
  facet normal -0.0833023 0.245843 -0.965723
    outer loop
      vertex -95.2747 31.3802 38.0192
      vertex -95.323 31.497 38.0531
      vertex -95.2505 31.3884 38.0192
    endloop
  endfacet
  facet normal -0.00921932 0.130607 -0.991391
    outer loop
      vertex -95.2085 31.2648 38.0021
      vertex -95.2255 31.3934 38.0192
      vertex -95.2 31.2654 38.0021
    endloop
  endfacet
  facet normal -0.109234 0.0723098 -0.991382
    outer loop
      vertex -95.2566 31.2327 38.0021
      vertex -95.3689 31.2975 38.0192
      vertex -95.3548 31.3188 38.0192
    endloop
  endfacet
  facet normal -0.318439 0.212899 -0.923727
    outer loop
      vertex -95.4784 31.3607 38.0531
      vertex -95.5509 31.4692 38.1031
      vertex -95.455 31.3957 38.0531
    endloop
  endfacet
  facet normal -0.0865357 0.0983127 -0.991386
    outer loop
      vertex -95.2398 31.2519 38.0021
      vertex -95.338 31.3379 38.0192
      vertex -95.3188 31.3548 38.0192
    endloop
  endfacet
  facet normal -0.252853 0.287935 -0.923666
    outer loop
      vertex -95.4273 31.4273 38.0531
      vertex -95.5127 31.5127 38.1031
      vertex -95.4692 31.5509 38.1031
    endloop
  endfacet
  facet normal -0.338549 0.507404 -0.792417
    outer loop
      vertex -95.5382 31.6408 38.1685
      vertex -95.6014 31.7231 38.2482
      vertex -95.4778 31.6811 38.1685
    endloop
  endfacet
  facet normal -0.277872 0.416464 -0.865647
    outer loop
      vertex -95.4692 31.5509 38.1031
      vertex -95.5382 31.6408 38.1685
      vertex -95.4778 31.6811 38.1685
    endloop
  endfacet
  facet normal 0.245812 0.0833786 -0.965725
    outer loop
      vertex -68.4895 31.2832 38.0531
      vertex -68.6198 31.2747 38.0192
      vertex -68.503 31.323 38.0531
    endloop
  endfacet
  facet normal 0.318711 0.212695 -0.92368
    outer loop
      vertex -68.417 31.4211 38.1031
      vertex -68.5216 31.3607 38.0531
      vertex -68.4491 31.4692 38.1031
    endloop
  endfacet
  facet normal 0.375717 0.0747465 -0.923715
    outer loop
      vertex -68.3615 31.2577 38.1031
      vertex -68.4895 31.2832 38.0531
      vertex -68.3728 31.3145 38.1031
    endloop
  endfacet
  facet normal 0.130607 0.00921932 -0.991391
    outer loop
      vertex -68.7346 31.2 38.0021
      vertex -68.7352 31.2085 38.0021
      vertex -68.6066 31.2255 38.0192
    endloop
  endfacet
  facet normal 0.00921932 0.130607 -0.991391
    outer loop
      vertex -68.7915 31.2648 38.0021
      vertex -68.8 31.2654 38.0021
      vertex -68.7745 31.3934 38.0192
    endloop
  endfacet
  facet normal 0.169728 0.343434 -0.923713
    outer loop
      vertex -68.5789 31.583 38.1031
      vertex -68.677 31.497 38.0531
      vertex -68.6307 31.6086 38.1031
    endloop
  endfacet
  facet normal 0.169537 0.34363 -0.923675
    outer loop
      vertex -68.6393 31.4784 38.0531
      vertex -68.677 31.497 38.0531
      vertex -68.5789 31.583 38.1031
    endloop
  endfacet
  facet normal 0.0427814 -0.123761 -0.991389
    outer loop
      vertex -68.7253 -25.9802 38.0192
      vertex -68.7831 -25.8632 38.0021
      vertex -68.775 -25.8604 38.0021
    endloop
  endfacet
  facet normal 0.0427814 0.123761 -0.991389
    outer loop
      vertex -68.775 31.2604 38.0021
      vertex -68.7831 31.2632 38.0021
      vertex -68.7253 31.3802 38.0192
    endloop
  endfacet
  facet normal 0.0978451 0.0871433 -0.991379
    outer loop
      vertex -68.7481 31.2398 38.0021
      vertex -68.7538 31.2462 38.0021
      vertex -68.6452 31.3188 38.0192
    endloop
  endfacet
  facet normal 0.123761 -0.0427814 -0.991389
    outer loop
      vertex -68.6198 -25.8747 38.0192
      vertex -68.7396 -25.825 38.0021
      vertex -68.7368 -25.8169 38.0021
    endloop
  endfacet
  facet normal 0.402739 0.458115 -0.792421
    outer loop
      vertex -68.4072 31.5928 38.1685
      vertex -68.4618 31.6408 38.1685
      vertex -68.3986 31.7231 38.2482
    endloop
  endfacet
  facet normal 0.376187 0.330353 -0.86565
    outer loop
      vertex -68.4491 31.4692 38.1031
      vertex -68.4873 31.5127 38.1031
      vertex -68.3592 31.5382 38.1685
    endloop
  endfacet
  facet normal 0.123129 0.362766 -0.92371
    outer loop
      vertex -68.677 31.497 38.0531
      vertex -68.6855 31.6272 38.1031
      vertex -68.6307 31.6086 38.1031
    endloop
  endfacet
  facet normal 0.160932 0.474144 -0.865615
    outer loop
      vertex -68.6307 31.6086 38.1031
      vertex -68.6855 31.6272 38.1031
      vertex -68.5874 31.7133 38.1685
    endloop
  endfacet
  facet normal 0.577427 0.195553 -0.792677
    outer loop
      vertex -68.2634 31.3438 38.1685
      vertex -68.2867 31.4126 38.1685
      vertex -68.1631 31.3707 38.2482
    endloop
  endfacet
  facet normal 0.577486 0.196034 -0.792515
    outer loop
      vertex -68.1631 31.3707 38.2482
      vertex -68.2867 31.4126 38.1685
      vertex -68.1908 31.4523 38.2482
    endloop
  endfacet
  facet normal 0.906279 0.180468 -0.382217
    outer loop
      vertex -67.9108 31.3171 38.5577
      vertex -67.9337 31.4321 38.5577
      vertex -67.8853 31.4451 38.6786
    endloop
  endfacet
  facet normal 0.84994 0.169249 -0.498956
    outer loop
      vertex -67.9108 31.3171 38.5577
      vertex -67.9756 31.3085 38.4444
      vertex -67.9337 31.4321 38.5577
    endloop
  endfacet
  facet normal 0.245819 0.0832941 -0.96573
    outer loop
      vertex -68.6116 31.2505 38.0192
      vertex -68.6198 31.2747 38.0192
      vertex -68.4895 31.2832 38.0531
    endloop
  endfacet
  facet normal 0.254603 0.0506733 -0.965717
    outer loop
      vertex -68.4813 31.242 38.0531
      vertex -68.6066 31.2255 38.0192
      vertex -68.4895 31.2832 38.0531
    endloop
  endfacet
  facet normal -0.426924 0.866649 -0.258178
    outer loop
      vertex -95.6735 32.0201 38.6786
      vertex -95.6904 32.0494 38.8049
      vertex -95.5753 32.1061 38.8049
    endloop
  endfacet
  facet normal -0.536764 0.803264 -0.258171
    outer loop
      vertex -95.6735 32.0201 38.6786
      vertex -95.7971 31.9781 38.8049
      vertex -95.6904 32.0494 38.8049
    endloop
  endfacet
  facet normal -0.513864 0.768185 -0.381884
    outer loop
      vertex -95.746 31.9115 38.5577
      vertex -95.7765 31.9512 38.6786
      vertex -95.6735 32.0201 38.6786
    endloop
  endfacet
  facet normal -0.609156 0.695053 -0.381878
    outer loop
      vertex -95.8342 31.8342 38.5577
      vertex -95.8696 31.8696 38.6786
      vertex -95.746 31.9115 38.5577
    endloop
  endfacet
  facet normal -0.695032 0.609179 -0.381878
    outer loop
      vertex -95.8342 31.8342 38.5577
      vertex -95.9512 31.7765 38.6786
      vertex -95.8696 31.8696 38.6786
    endloop
  endfacet
  facet normal -0.726567 0.636819 -0.257996
    outer loop
      vertex -95.8696 31.8696 38.6786
      vertex -95.9512 31.7765 38.6786
      vertex -95.8935 31.8935 38.8049
    endloop
  endfacet
  facet normal -0.383433 0.777208 0.498925
    outer loop
      vertex -95.5432 32.0286 39.8423
      vertex -95.6484 31.9767 39.8423
      vertex -95.6157 31.9201 39.9556
    endloop
  endfacet
  facet normal -0.609156 0.695053 0.381878
    outer loop
      vertex -95.746 31.9115 39.8423
      vertex -95.8696 31.8696 39.7214
      vertex -95.8342 31.8342 39.8423
    endloop
  endfacet
  facet normal -0.0649283 0.989383 -0.130019
    outer loop
      vertex -95.328 32.1724 38.8049
      vertex -95.3302 32.1893 38.9346
      vertex -95.2 32.1808 38.8049
    endloop
  endfacet
  facet normal -0.0632547 0.963881 -0.258714
    outer loop
      vertex -95.2 32.1469 38.6786
      vertex -95.328 32.1724 38.8049
      vertex -95.2 32.1808 38.8049
    endloop
  endfacet
  facet normal -0.695032 -0.609179 -0.381878
    outer loop
      vertex -95.8696 -26.4696 38.6786
      vertex -95.9512 -26.3765 38.6786
      vertex -95.8342 -26.4342 38.5577
    endloop
  endfacet
  facet normal -0.609172 -0.695024 -0.381904
    outer loop
      vertex -95.7765 -26.5512 38.6786
      vertex -95.8696 -26.4696 38.6786
      vertex -95.746 -26.5115 38.5577
    endloop
  endfacet
  facet normal -0.297015 -0.875288 -0.381646
    outer loop
      vertex -95.4321 -26.6663 38.5577
      vertex -95.5624 -26.6748 38.6786
      vertex -95.5432 -26.6286 38.5577
    endloop
  endfacet
  facet normal -0.297581 -0.874843 -0.382225
    outer loop
      vertex -95.4451 -26.7147 38.6786
      vertex -95.5624 -26.6748 38.6786
      vertex -95.4321 -26.6663 38.5577
    endloop
  endfacet
  facet normal -0.318983 -0.938721 -0.130587
    outer loop
      vertex -95.4583 -26.7639 38.9346
      vertex -95.5819 -26.7219 38.9346
      vertex -95.5753 -26.7061 38.8049
    endloop
  endfacet
  facet normal -0.438511 -0.889181 -0.130634
    outer loop
      vertex -95.5819 -26.7219 38.9346
      vertex -95.6989 -26.6642 38.9346
      vertex -95.5753 -26.7061 38.8049
    endloop
  endfacet
  facet normal -0.720533 -0.48134 -0.499144
    outer loop
      vertex -95.9115 -26.346 38.5577
      vertex -95.9767 -26.2484 38.5577
      vertex -95.8596 -26.3062 38.4444
    endloop
  endfacet
  facet normal -0.720477 -0.481645 -0.49893
    outer loop
      vertex -95.8596 -26.3062 38.4444
      vertex -95.9767 -26.2484 38.5577
      vertex -95.9201 -26.2157 38.4444
    endloop
  endfacet
  facet normal 0.726567 -0.636819 0.257996
    outer loop
      vertex -68.0488 -26.3765 39.7214
      vertex -68.1304 -26.4696 39.7214
      vertex -68.1065 -26.4935 39.5951
    endloop
  endfacet
  facet normal 0.550506 -0.82462 0.130175
    outer loop
      vertex -68.1925 -26.5917 39.4654
      vertex -68.3096 -26.6494 39.5951
      vertex -68.3011 -26.6642 39.4654
    endloop
  endfacet
  facet normal 0.169249 -0.84994 0.498956
    outer loop
      vertex -68.5679 -26.6663 39.8423
      vertex -68.6915 -26.6244 39.9556
      vertex -68.6829 -26.6892 39.8423
    endloop
  endfacet
  facet normal 0.169618 -0.849685 0.499264
    outer loop
      vertex -68.5848 -26.6031 39.9556
      vertex -68.6915 -26.6244 39.9556
      vertex -68.5679 -26.6663 39.8423
    endloop
  endfacet
  facet normal 0.0649283 -0.989383 0.130019
    outer loop
      vertex -68.672 -26.7724 39.5951
      vertex -68.8 -26.7808 39.5951
      vertex -68.6698 -26.7893 39.4654
    endloop
  endfacet
  facet normal 0 -1 0
    outer loop
      vertex -95.2 -26.7979 38.9346
      vertex -68.8 -26.7979 39.4654
      vertex -95.2 -26.7979 39.4654
    endloop
  endfacet
  facet normal 0 -1 -0
    outer loop
      vertex -68.8 -26.7979 39.4654
      vertex -95.2 -26.7979 38.9346
      vertex -68.8 -26.7979 38.9346
    endloop
  endfacet
  facet normal 0.155401 -0.778463 0.608149
    outer loop
      vertex -68.6054 -26.5262 40.0593
      vertex -68.6915 -26.6244 39.9556
      vertex -68.5848 -26.6031 39.9556
    endloop
  endfacet
  facet normal 0.154858 -0.778323 0.608467
    outer loop
      vertex -68.6054 -26.5262 40.0593
      vertex -68.7019 -26.5454 40.0593
      vertex -68.6915 -26.6244 39.9556
    endloop
  endfacet
  facet normal 0.392977 -0.588746 0.706362
    outer loop
      vertex -68.3986 -26.3231 40.1518
      vertex -68.4241 -26.4511 40.0593
      vertex -68.3423 -26.3965 40.0593
    endloop
  endfacet
  facet normal -0.27843 -0.820519 0.499225
    outer loop
      vertex -95.4152 -26.6031 39.9556
      vertex -95.5432 -26.6286 39.8423
      vertex -95.4321 -26.6663 39.8423
    endloop
  endfacet
  facet normal -0.169618 -0.849685 0.499264
    outer loop
      vertex -95.4152 -26.6031 39.9556
      vertex -95.4321 -26.6663 39.8423
      vertex -95.3085 -26.6244 39.9556
    endloop
  endfacet
  facet normal -0.232614 0.115287 -0.965712
    outer loop
      vertex -95.3802 31.2747 38.0192
      vertex -95.497 31.323 38.0531
      vertex -95.3689 31.2975 38.0192
    endloop
  endfacet
  facet normal -0.245812 0.0833786 -0.965725
    outer loop
      vertex -95.3802 31.2747 38.0192
      vertex -95.5105 31.2832 38.0531
      vertex -95.497 31.323 38.0531
    endloop
  endfacet
  facet normal -0.259197 0.0166627 -0.965681
    outer loop
      vertex -95.3951 31.2 38.0192
      vertex -95.5214 31.2 38.0531
      vertex -95.5187 31.242 38.0531
    endloop
  endfacet
  facet normal -0.382056 0.0245608 -0.923813
    outer loop
      vertex -95.5214 31.2 38.0531
      vertex -95.6423 31.2 38.1031
      vertex -95.5187 31.242 38.0531
    endloop
  endfacet
  facet normal 0.0579672 -0.11746 -0.991384
    outer loop
      vertex -68.7253 -25.9802 38.0192
      vertex -68.775 -25.8604 38.0021
      vertex -68.7673 -25.8566 38.0021
    endloop
  endfacet
  facet normal 0.254603 -0.0506733 -0.965717
    outer loop
      vertex -68.4895 -25.8832 38.0531
      vertex -68.6066 -25.8255 38.0192
      vertex -68.4813 -25.842 38.0531
    endloop
  endfacet
  facet normal 0.0506644 -0.254558 -0.965729
    outer loop
      vertex -68.7168 -26.1105 38.0531
      vertex -68.758 -26.1187 38.0531
      vertex -68.7495 -25.9884 38.0192
    endloop
  endfacet
  facet normal -0.124117 -0.0420562 -0.991376
    outer loop
      vertex -95.3802 -25.8747 38.0192
      vertex -95.3884 -25.8505 38.0192
      vertex -95.2632 -25.8169 38.0021
    endloop
  endfacet
  facet normal -0.0978451 -0.0871433 -0.991379
    outer loop
      vertex -95.2462 -25.8462 38.0021
      vertex -95.3548 -25.9188 38.0192
      vertex -95.2519 -25.8398 38.0021
    endloop
  endfacet
  facet normal -0.109234 -0.0723098 -0.991382
    outer loop
      vertex -95.3548 -25.9188 38.0192
      vertex -95.3689 -25.8975 38.0192
      vertex -95.2566 -25.8327 38.0021
    endloop
  endfacet
  facet normal -0.0506644 -0.254558 -0.965729
    outer loop
      vertex -95.242 -26.1187 38.0531
      vertex -95.2832 -26.1105 38.0531
      vertex -95.2505 -25.9884 38.0192
    endloop
  endfacet
  facet normal -0.169537 -0.34363 -0.923675
    outer loop
      vertex -95.323 -26.097 38.0531
      vertex -95.4211 -26.183 38.1031
      vertex -95.3607 -26.0784 38.0531
    endloop
  endfacet
  facet normal -0.0579672 0.11746 -0.991384
    outer loop
      vertex -95.2327 31.2566 38.0021
      vertex -95.2747 31.3802 38.0192
      vertex -95.225 31.2604 38.0021
    endloop
  endfacet
  facet normal 0 -0.130712 -0.99142
    outer loop
      vertex -95.2 -25.9951 38.0192
      vertex -68.8 -25.8654 38.0021
      vertex -68.8 -25.9951 38.0192
    endloop
  endfacet
  facet normal -0 -0.130712 -0.99142
    outer loop
      vertex -68.8 -25.8654 38.0021
      vertex -95.2 -25.9951 38.0192
      vertex -95.2 -25.8654 38.0021
    endloop
  endfacet
  facet normal 0.34363 -0.169537 -0.923675
    outer loop
      vertex -68.417 -26.0211 38.1031
      vertex -68.5216 -25.9607 38.0531
      vertex -68.503 -25.923 38.0531
    endloop
  endfacet
  facet normal -0.0251728 -0.382229 -0.923725
    outer loop
      vertex -95.2 -26.2423 38.1031
      vertex -95.2577 -26.2385 38.1031
      vertex -95.242 -26.1187 38.0531
    endloop
  endfacet
  facet normal -0.0977293 -0.491241 -0.865524
    outer loop
      vertex -95.2577 -26.2385 38.1031
      vertex -95.3438 -26.3366 38.1685
      vertex -95.3145 -26.2272 38.1031
    endloop
  endfacet
  facet normal 0 -0.382172 -0.924091
    outer loop
      vertex -95.2 -26.2423 38.1031
      vertex -68.8 -26.1214 38.0531
      vertex -68.8 -26.2423 38.1031
    endloop
  endfacet
  facet normal -0 -0.382172 -0.924091
    outer loop
      vertex -68.8 -26.1214 38.0531
      vertex -95.2 -26.2423 38.1031
      vertex -95.2 -26.1214 38.0531
    endloop
  endfacet
  facet normal -0.00921932 -0.130607 -0.991391
    outer loop
      vertex -95.2 -25.8654 38.0021
      vertex -95.2255 -25.9934 38.0192
      vertex -95.2085 -25.8648 38.0021
    endloop
  endfacet
  facet normal 0.362744 -0.123121 -0.923719
    outer loop
      vertex -68.3914 -25.9693 38.1031
      vertex -68.4895 -25.8832 38.0531
      vertex -68.3728 -25.9145 38.1031
    endloop
  endfacet
  facet normal 0.259197 -0.0166627 -0.965681
    outer loop
      vertex -68.4813 -25.842 38.0531
      vertex -68.6049 -25.8 38.0192
      vertex -68.4786 -25.8 38.0531
    endloop
  endfacet
  facet normal 0.499647 -0.0330801 -0.865597
    outer loop
      vertex -68.2492 -25.8725 38.1685
      vertex -68.3577 -25.8 38.1031
      vertex -68.2444 -25.8 38.1685
    endloop
  endfacet
  facet normal 0.474391 -0.160659 -0.86553
    outer loop
      vertex -68.2867 -26.0126 38.1685
      vertex -68.3728 -25.9145 38.1031
      vertex -68.2634 -25.9438 38.1685
    endloop
  endfacet
  facet normal 0.474144 -0.160932 -0.865615
    outer loop
      vertex -68.2867 -26.0126 38.1685
      vertex -68.3914 -25.9693 38.1031
      vertex -68.3728 -25.9145 38.1031
    endloop
  endfacet
  facet normal 0.259233 0 -0.965815
    outer loop
      vertex -68.6049 -25.8 38.0192
      vertex -68.4786 31.2 38.0531
      vertex -68.4786 -25.8 38.0531
    endloop
  endfacet
  facet normal 0.259233 0 -0.965815
    outer loop
      vertex -68.4786 31.2 38.0531
      vertex -68.6049 -25.8 38.0192
      vertex -68.6049 31.2 38.0192
    endloop
  endfacet
  facet normal -0.376096 -0.330634 -0.865582
    outer loop
      vertex -95.5928 -26.1928 38.1685
      vertex -95.6408 -26.1382 38.1685
      vertex -95.5127 -26.1127 38.1031
    endloop
  endfacet
  facet normal -0.330353 -0.376187 -0.86565
    outer loop
      vertex -95.4692 -26.1509 38.1031
      vertex -95.5382 -26.2408 38.1685
      vertex -95.5127 -26.1127 38.1031
    endloop
  endfacet
  facet normal -0.906279 -0.180468 -0.382217
    outer loop
      vertex -96.0663 -26.0321 38.5577
      vertex -96.1147 -26.0451 38.6786
      vertex -96.0892 -25.9171 38.5577
    endloop
  endfacet
  facet normal -0.875064 -0.29691 -0.382241
    outer loop
      vertex -96.0749 -26.1624 38.6786
      vertex -96.1147 -26.0451 38.6786
      vertex -96.0663 -26.0321 38.5577
    endloop
  endfacet
  facet normal -0.849685 -0.169618 -0.499264
    outer loop
      vertex -96.0031 -26.0152 38.4444
      vertex -96.0663 -26.0321 38.5577
      vertex -96.0244 -25.9085 38.4444
    endloop
  endfacet
  facet normal -0.778463 -0.155401 -0.608149
    outer loop
      vertex -96.0031 -26.0152 38.4444
      vertex -96.0244 -25.9085 38.4444
      vertex -95.9262 -25.9946 38.3407
    endloop
  endfacet
  facet normal -0.820802 -0.278116 -0.498935
    outer loop
      vertex -95.9682 -26.1182 38.4444
      vertex -96.0286 -26.1432 38.5577
      vertex -96.0031 -26.0152 38.4444
    endloop
  endfacet
  facet normal -0.777209 -0.383423 -0.498932
    outer loop
      vertex -95.9201 -26.2157 38.4444
      vertex -96.0286 -26.1432 38.5577
      vertex -95.9682 -26.1182 38.4444
    endloop
  endfacet
  facet normal -0.457976 -0.402616 -0.792565
    outer loop
      vertex -95.5928 -26.1928 38.1685
      vertex -95.6662 -26.2662 38.2482
      vertex -95.6408 -26.1382 38.1685
    endloop
  endfacet
  facet normal -0.546891 -0.269912 -0.792501
    outer loop
      vertex -95.771 -26.1297 38.2482
      vertex -95.8092 -26.0523 38.2482
      vertex -95.7133 -26.0126 38.1685
    endloop
  endfacet
  facet normal -0.588746 -0.392977 -0.706362
    outer loop
      vertex -95.7965 -26.2577 38.3407
      vertex -95.8511 -26.1759 38.3407
      vertex -95.7231 -26.2014 38.2482
    endloop
  endfacet
  facet normal -0.531906 -0.46706 -0.70635
    outer loop
      vertex -95.6662 -26.2662 38.2482
      vertex -95.7965 -26.2577 38.3407
      vertex -95.7231 -26.2014 38.2482
    endloop
  endfacet
  facet normal -0.598096 -0.119116 -0.792523
    outer loop
      vertex -95.7366 -25.9438 38.1685
      vertex -95.8537 -25.8861 38.2482
      vertex -95.7508 -25.8725 38.1685
    endloop
  endfacet
  facet normal -0.608589 -0.039583 -0.792498
    outer loop
      vertex -95.8537 -25.8861 38.2482
      vertex -95.8593 -25.8 38.2482
      vertex -95.7508 -25.8725 38.1685
    endloop
  endfacet
  facet normal -0.963902 0.0632561 -0.258634
    outer loop
      vertex -96.1388 31.3236 38.6786
      vertex -96.1808 31.2 38.8049
      vertex -96.1724 31.328 38.8049
    endloop
  endfacet
  facet normal -0.947453 0.188286 -0.258613
    outer loop
      vertex -96.1388 31.3236 38.6786
      vertex -96.1724 31.328 38.8049
      vertex -96.1474 31.4538 38.8049
    endloop
  endfacet
  facet normal -0.0427814 0.123761 0.991389
    outer loop
      vertex -95.2169 31.2632 40.3979
      vertex -95.2747 31.3802 40.3808
      vertex -95.225 31.2604 40.3979
    endloop
  endfacet
  facet normal 0.128506 0.0257012 0.991376
    outer loop
      vertex -68.6116 31.2505 40.3808
      vertex -68.7368 31.2169 40.3979
      vertex -68.6066 31.2255 40.3808
    endloop
  endfacet
  facet normal 0.259233 0 0.965815
    outer loop
      vertex -68.6049 31.2 40.3808
      vertex -68.4786 -25.8 40.3469
      vertex -68.4786 31.2 40.3469
    endloop
  endfacet
  facet normal 0.259233 0 0.965815
    outer loop
      vertex -68.4786 -25.8 40.3469
      vertex -68.6049 31.2 40.3808
      vertex -68.6049 -25.8 40.3808
    endloop
  endfacet
  facet normal -0.0579672 -0.11746 0.991384
    outer loop
      vertex -95.2327 -25.8566 40.3979
      vertex -95.2747 -25.9802 40.3808
      vertex -95.225 -25.8604 40.3979
    endloop
  endfacet
  facet normal 0.362794 -0.123058 0.923708
    outer loop
      vertex -68.4895 -25.8832 40.3469
      vertex -68.503 -25.923 40.3469
      vertex -68.3914 -25.9693 40.2969
    endloop
  endfacet
  facet normal 0.507249 -0.338446 0.792561
    outer loop
      vertex -68.3189 -26.0778 40.2315
      vertex -68.3592 -26.1382 40.2315
      vertex -68.229 -26.1297 40.1518
    endloop
  endfacet
  facet normal 0.608883 -0.0403122 0.792235
    outer loop
      vertex -68.2444 -25.8 40.2315
      vertex -68.2492 -25.8725 40.2315
      vertex -68.1407 -25.8 40.1518
    endloop
  endfacet
  facet normal 0.499647 -0.0330801 0.865597
    outer loop
      vertex -68.2444 -25.8 40.2315
      vertex -68.3577 -25.8 40.2969
      vertex -68.2492 -25.8725 40.2315
    endloop
  endfacet
  facet normal 0.546751 -0.270021 0.79256
    outer loop
      vertex -68.2867 -26.0126 40.2315
      vertex -68.3189 -26.0778 40.2315
      vertex -68.229 -26.1297 40.1518
    endloop
  endfacet
  facet normal 0.457976 -0.402616 0.792565
    outer loop
      vertex -68.3592 -26.1382 40.2315
      vertex -68.4072 -26.1928 40.2315
      vertex -68.3338 -26.2662 40.1518
    endloop
  endfacet
  facet normal 0.7919 -0.0516632 0.608461
    outer loop
      vertex -68.0482 -25.8 40.0593
      vertex -68.0546 -25.8981 40.0593
      vertex -67.9756 -25.9085 39.9556
    endloop
  endfacet
  facet normal 0.70636 -0.0459421 0.70636
    outer loop
      vertex -68.1407 -25.8 40.1518
      vertex -68.1463 -25.8861 40.1518
      vertex -68.0482 -25.8 40.0593
    endloop
  endfacet
  facet normal 0.598002 0.118752 0.792648
    outer loop
      vertex -68.1631 31.3707 40.1518
      vertex -68.2634 31.3438 40.2315
      vertex -68.1463 31.2861 40.1518
    endloop
  endfacet
  facet normal 0.577427 0.195553 0.792677
    outer loop
      vertex -68.1631 31.3707 40.1518
      vertex -68.2867 31.4126 40.2315
      vertex -68.2634 31.3438 40.2315
    endloop
  endfacet
  facet normal 0.802905 -0.537089 -0.258608
    outer loop
      vertex -68.0219 -26.3971 38.8049
      vertex -68.0488 -26.3765 38.6786
      vertex -67.9799 -26.2735 38.6786
    endloop
  endfacet
  facet normal 0.653999 -0.745149 -0.13053
    outer loop
      vertex -68.0944 -26.5056 38.9346
      vertex -68.1925 -26.5917 38.9346
      vertex -68.1065 -26.4935 38.8049
    endloop
  endfacet
  facet normal 0.55523 -0.831697 0
    outer loop
      vertex -68.3011 -26.6642 38.9346
      vertex -68.1925 -26.5917 39.4654
      vertex -68.3011 -26.6642 39.4654
    endloop
  endfacet
  facet normal 0.55523 -0.831697 0
    outer loop
      vertex -68.1925 -26.5917 39.4654
      vertex -68.3011 -26.6642 38.9346
      vertex -68.1925 -26.5917 38.9346
    endloop
  endfacet
  facet normal 0.777208 -0.383433 0.498925
    outer loop
      vertex -67.9714 -26.1432 39.8423
      vertex -68.0799 -26.2157 39.9556
      vertex -68.0233 -26.2484 39.8423
    endloop
  endfacet
  facet normal 0.711762 -0.351039 0.608413
    outer loop
      vertex -68.1054 -26.0877 40.0593
      vertex -68.1489 -26.1759 40.0593
      vertex -68.0318 -26.1182 39.9556
    endloop
  endfacet
  facet normal 0.458339 -0.402462 0.792433
    outer loop
      vertex -68.2769 -26.2014 40.1518
      vertex -68.3592 -26.1382 40.2315
      vertex -68.3338 -26.2662 40.1518
    endloop
  endfacet
  facet normal 0.467099 -0.531874 0.706349
    outer loop
      vertex -68.2684 -26.3316 40.0593
      vertex -68.3986 -26.3231 40.1518
      vertex -68.3423 -26.3965 40.0593
    endloop
  endfacet
  facet normal 0.513864 -0.768185 0.381884
    outer loop
      vertex -68.254 -26.5115 39.8423
      vertex -68.3265 -26.6201 39.7214
      vertex -68.2235 -26.5512 39.7214
    endloop
  endfacet
  facet normal 0.802905 -0.537089 0.258608
    outer loop
      vertex -67.9799 -26.2735 39.7214
      vertex -68.0488 -26.3765 39.7214
      vertex -68.0219 -26.3971 39.5951
    endloop
  endfacet
  facet normal 0.768185 -0.513864 0.381884
    outer loop
      vertex -67.9799 -26.2735 39.7214
      vertex -68.0885 -26.346 39.8423
      vertex -68.0488 -26.3765 39.7214
    endloop
  endfacet
  facet normal 0.768336 -0.513274 0.382374
    outer loop
      vertex -68.0233 -26.2484 39.8423
      vertex -68.0885 -26.346 39.8423
      vertex -67.9799 -26.2735 39.7214
    endloop
  endfacet
  facet normal 0.828686 -0.408829 0.38228
    outer loop
      vertex -67.9714 -26.1432 39.8423
      vertex -68.0233 -26.2484 39.8423
      vertex -67.9251 -26.1624 39.7214
    endloop
  endfacet
  facet normal 0.875046 -0.296933 0.382264
    outer loop
      vertex -67.9337 -26.0321 39.8423
      vertex -67.9714 -26.1432 39.8423
      vertex -67.9251 -26.1624 39.7214
    endloop
  endfacet
  facet normal 0.831697 -0.55523 0
    outer loop
      vertex -68.0083 -26.4075 39.4654
      vertex -67.9358 -26.2989 38.9346
      vertex -67.9358 -26.2989 39.4654
    endloop
  endfacet
  facet normal 0.831697 -0.55523 0
    outer loop
      vertex -67.9358 -26.2989 38.9346
      vertex -68.0083 -26.4075 39.4654
      vertex -68.0083 -26.4075 38.9346
    endloop
  endfacet
  facet normal 0.875046 -0.296933 -0.382264
    outer loop
      vertex -67.9251 -26.1624 38.6786
      vertex -67.9714 -26.1432 38.5577
      vertex -67.9337 -26.0321 38.5577
    endloop
  endfacet
  facet normal 0.938721 -0.318983 -0.130587
    outer loop
      vertex -67.8781 -26.1819 38.9346
      vertex -67.8939 -26.1753 38.8049
      vertex -67.8361 -26.0583 38.9346
    endloop
  endfacet
  facet normal -0.269912 -0.546891 -0.792501
    outer loop
      vertex -95.4523 -26.4092 38.2482
      vertex -95.5297 -26.371 38.2482
      vertex -95.4126 -26.3133 38.1685
    endloop
  endfacet
  facet normal -0.313327 -0.634857 -0.706246
    outer loop
      vertex -95.4523 -26.4092 38.2482
      vertex -95.5759 -26.4511 38.3407
      vertex -95.5297 -26.371 38.2482
    endloop
  endfacet
  facet normal -0.330634 -0.376096 -0.865582
    outer loop
      vertex -95.5382 -26.2408 38.1685
      vertex -95.5928 -26.1928 38.1685
      vertex -95.5127 -26.1127 38.1031
    endloop
  endfacet
  facet normal -0.277925 -0.416454 -0.865635
    outer loop
      vertex -95.4211 -26.183 38.1031
      vertex -95.4778 -26.2811 38.1685
      vertex -95.4692 -26.1509 38.1031
    endloop
  endfacet
  facet normal -0.0459421 -0.70636 -0.70636
    outer loop
      vertex -95.2 -26.5518 38.3407
      vertex -95.2861 -26.4537 38.2482
      vertex -95.2 -26.4593 38.2482
    endloop
  endfacet
  facet normal -0.0516632 -0.7919 -0.608461
    outer loop
      vertex -95.2 -26.5518 38.3407
      vertex -95.3085 -26.6244 38.4444
      vertex -95.2981 -26.5454 38.3407
    endloop
  endfacet
  facet normal -0.596542 -0.523892 -0.608009
    outer loop
      vertex -95.7316 -26.3316 38.3407
      vertex -95.8596 -26.3062 38.4444
      vertex -95.7965 -26.2577 38.3407
    endloop
  endfacet
  facet normal -0.392977 -0.588746 -0.706362
    outer loop
      vertex -95.5759 -26.4511 38.3407
      vertex -95.6577 -26.3965 38.3407
      vertex -95.6014 -26.3231 38.2482
    endloop
  endfacet
  facet normal 0.221713 -0.448935 -0.865622
    outer loop
      vertex -68.5222 -26.2811 38.1685
      vertex -68.5874 -26.3133 38.1685
      vertex -68.5789 -26.183 38.1031
    endloop
  endfacet
  facet normal 0.270021 -0.546751 -0.79256
    outer loop
      vertex -68.4703 -26.371 38.2482
      vertex -68.5874 -26.3133 38.1685
      vertex -68.5222 -26.2811 38.1685
    endloop
  endfacet
  facet normal 0.0330801 -0.499647 -0.865597
    outer loop
      vertex -68.7275 -26.3508 38.1685
      vertex -68.8 -26.3556 38.1685
      vertex -68.8 -26.2423 38.1031
    endloop
  endfacet
  facet normal 0.507194 -0.338837 -0.792429
    outer loop
      vertex -68.2769 -26.2014 38.2482
      vertex -68.3592 -26.1382 38.1685
      vertex -68.229 -26.1297 38.2482
    endloop
  endfacet
  facet normal 0.154858 -0.778323 -0.608467
    outer loop
      vertex -68.6915 -26.6244 38.4444
      vertex -68.7019 -26.5454 38.3407
      vertex -68.6054 -26.5262 38.3407
    endloop
  endfacet
  facet normal 0.138149 -0.694343 -0.70626
    outer loop
      vertex -68.7019 -26.5454 38.3407
      vertex -68.7139 -26.4537 38.2482
      vertex -68.6054 -26.5262 38.3407
    endloop
  endfacet
  facet normal 0.383423 -0.777209 -0.498932
    outer loop
      vertex -68.4568 -26.6286 38.5577
      vertex -68.4818 -26.5682 38.4444
      vertex -68.3843 -26.5201 38.4444
    endloop
  endfacet
  facet normal 0.155401 -0.778463 -0.608149
    outer loop
      vertex -68.5848 -26.6031 38.4444
      vertex -68.6915 -26.6244 38.4444
      vertex -68.6054 -26.5262 38.3407
    endloop
  endfacet
  facet normal -0.192835 -0.972526 -0.130412
    outer loop
      vertex -95.3302 -26.7893 38.9346
      vertex -95.4583 -26.7639 38.9346
      vertex -95.4538 -26.7474 38.8049
    endloop
  endfacet
  facet normal -0.193263 -0.972497 -0.129995
    outer loop
      vertex -95.3302 -26.7893 38.9346
      vertex -95.4538 -26.7474 38.8049
      vertex -95.328 -26.7724 38.8049
    endloop
  endfacet
  facet normal 0 -0.79288 -0.609378
    outer loop
      vertex -95.2 -26.5518 38.3407
      vertex -68.8 -26.6315 38.4444
      vertex -95.2 -26.6315 38.4444
    endloop
  endfacet
  facet normal 0 -0.79288 -0.609378
    outer loop
      vertex -68.8 -26.6315 38.4444
      vertex -95.2 -26.5518 38.3407
      vertex -68.8 -26.5518 38.3407
    endloop
  endfacet
  facet normal 0 -0.924091 -0.382172
    outer loop
      vertex -95.2 -26.6969 38.5577
      vertex -68.8 -26.7469 38.6786
      vertex -95.2 -26.7469 38.6786
    endloop
  endfacet
  facet normal 0 -0.924091 -0.382172
    outer loop
      vertex -68.8 -26.7469 38.6786
      vertex -95.2 -26.6969 38.5577
      vertex -68.8 -26.6969 38.5577
    endloop
  endfacet
  facet normal -0.278116 -0.820802 -0.498935
    outer loop
      vertex -95.4152 -26.6031 38.4444
      vertex -95.5432 -26.6286 38.5577
      vertex -95.5182 -26.5682 38.4444
    endloop
  endfacet
  facet normal -0.137919 -0.694521 -0.70613
    outer loop
      vertex -95.2861 -26.4537 38.2482
      vertex -95.3946 -26.5262 38.3407
      vertex -95.3707 -26.4369 38.2482
    endloop
  endfacet
  facet normal 0.311111 -0.914618 -0.258232
    outer loop
      vertex -68.5462 -26.7474 38.8049
      vertex -68.5549 -26.7147 38.6786
      vertex -68.4376 -26.6748 38.6786
    endloop
  endfacet
  facet normal 0.0649283 -0.989383 -0.130019
    outer loop
      vertex -68.6698 -26.7893 38.9346
      vertex -68.8 -26.7808 38.8049
      vertex -68.672 -26.7724 38.8049
    endloop
  endfacet
  facet normal 0.179792 -0.90642 -0.3822
    outer loop
      vertex -68.5549 -26.7147 38.6786
      vertex -68.6764 -26.7388 38.6786
      vertex -68.5679 -26.6663 38.5577
    endloop
  endfacet
  facet normal 0.297581 -0.874843 -0.382225
    outer loop
      vertex -68.5549 -26.7147 38.6786
      vertex -68.5679 -26.6663 38.5577
      vertex -68.4376 -26.6748 38.6786
    endloop
  endfacet
  facet normal 0.321738 -0.946829 0
    outer loop
      vertex -68.5417 -26.7639 38.9346
      vertex -68.4181 -26.7219 39.4654
      vertex -68.5417 -26.7639 39.4654
    endloop
  endfacet
  facet normal 0.321738 -0.946829 0
    outer loop
      vertex -68.4181 -26.7219 39.4654
      vertex -68.5417 -26.7639 38.9346
      vertex -68.4181 -26.7219 38.9346
    endloop
  endfacet
  facet normal 0.972526 -0.192835 -0.130412
    outer loop
      vertex -67.8361 -26.0583 38.9346
      vertex -67.8526 -26.0538 38.8049
      vertex -67.8107 -25.9302 38.9346
    endloop
  endfacet
  facet normal 0.938721 -0.318983 0.130587
    outer loop
      vertex -67.8361 -26.0583 39.4654
      vertex -67.8939 -26.1753 39.5951
      vertex -67.8781 -26.1819 39.4654
    endloop
  endfacet
  facet normal 0.864784 -0.0568645 -0.498915
    outer loop
      vertex -67.9108 -25.9171 38.5577
      vertex -67.9756 -25.9085 38.4444
      vertex -67.9031 -25.8 38.5577
    endloop
  endfacet
  facet normal 0.906652 -0.179838 -0.381629
    outer loop
      vertex -67.8853 -26.0451 38.6786
      vertex -67.9108 -25.9171 38.5577
      vertex -67.8612 -25.9236 38.6786
    endloop
  endfacet
  facet normal 0.922316 0.0606476 -0.381647
    outer loop
      vertex -67.9031 31.2 38.5577
      vertex -67.9108 31.3171 38.5577
      vertex -67.8612 31.3236 38.6786
    endloop
  endfacet
  facet normal 0.906652 0.179838 -0.381629
    outer loop
      vertex -67.8612 31.3236 38.6786
      vertex -67.9108 31.3171 38.5577
      vertex -67.8853 31.4451 38.6786
    endloop
  endfacet
  facet normal 0.922316 -0.0606476 -0.381647
    outer loop
      vertex -67.8612 -25.9236 38.6786
      vertex -67.9108 -25.9171 38.5577
      vertex -67.9031 -25.8 38.5577
    endloop
  endfacet
  facet normal 0.922401 -0.0604486 -0.381473
    outer loop
      vertex -67.8612 -25.9236 38.6786
      vertex -67.9031 -25.8 38.5577
      vertex -67.8531 -25.8 38.6786
    endloop
  endfacet
  facet normal 0.7919 -0.0516632 -0.608461
    outer loop
      vertex -67.9756 -25.9085 38.4444
      vertex -68.0546 -25.8981 38.3407
      vertex -68.0482 -25.8 38.3407
    endloop
  endfacet
  facet normal 0.778323 -0.154858 -0.608467
    outer loop
      vertex -67.9756 -25.9085 38.4444
      vertex -68.0738 -25.9946 38.3407
      vertex -68.0546 -25.8981 38.3407
    endloop
  endfacet
  facet normal 0.55084 -0.824328 -0.130606
    outer loop
      vertex -68.1925 -26.5917 38.9346
      vertex -68.3096 -26.6494 38.8049
      vertex -68.2029 -26.5781 38.8049
    endloop
  endfacet
  facet normal 0.550506 -0.82462 -0.130175
    outer loop
      vertex -68.3011 -26.6642 38.9346
      vertex -68.3096 -26.6494 38.8049
      vertex -68.1925 -26.5917 38.9346
    endloop
  endfacet
  facet normal 0.726567 -0.636819 -0.257996
    outer loop
      vertex -68.1065 -26.4935 38.8049
      vertex -68.1304 -26.4696 38.6786
      vertex -68.0488 -26.3765 38.6786
    endloop
  endfacet
  facet normal 0.537089 -0.802905 -0.258608
    outer loop
      vertex -68.2029 -26.5781 38.8049
      vertex -68.3265 -26.6201 38.6786
      vertex -68.2235 -26.5512 38.6786
    endloop
  endfacet
  facet normal 0.914807 -0.310959 -0.257746
    outer loop
      vertex -67.8939 -26.1753 38.8049
      vertex -67.9251 -26.1624 38.6786
      vertex -67.8526 -26.0538 38.8049
    endloop
  endfacet
  facet normal 0.670505 -0.227583 -0.706136
    outer loop
      vertex -68.1054 -26.0877 38.3407
      vertex -68.1908 -26.0523 38.2482
      vertex -68.0738 -25.9946 38.3407
    endloop
  endfacet
  facet normal 0.820802 -0.278116 -0.498935
    outer loop
      vertex -67.9714 -26.1432 38.5577
      vertex -68.0318 -26.1182 38.4444
      vertex -67.9969 -26.0152 38.4444
    endloop
  endfacet
  facet normal 0.777209 -0.383423 -0.498932
    outer loop
      vertex -67.9714 -26.1432 38.5577
      vertex -68.0799 -26.2157 38.4444
      vertex -68.0318 -26.1182 38.4444
    endloop
  endfacet
  facet normal 0.768185 -0.513864 -0.381884
    outer loop
      vertex -68.0488 -26.3765 38.6786
      vertex -68.0885 -26.346 38.5577
      vertex -67.9799 -26.2735 38.6786
    endloop
  endfacet
  facet normal 0.726051 -0.637177 -0.258564
    outer loop
      vertex -68.0219 -26.3971 38.8049
      vertex -68.1065 -26.4935 38.8049
      vertex -68.0488 -26.3765 38.6786
    endloop
  endfacet
  facet normal 0.252516 -0.288069 -0.923716
    outer loop
      vertex -68.5308 -26.1509 38.1031
      vertex -68.6043 -26.055 38.0531
      vertex -68.5727 -26.0273 38.0531
    endloop
  endfacet
  facet normal 0.277872 -0.416464 -0.865647
    outer loop
      vertex -68.5222 -26.2811 38.1685
      vertex -68.5308 -26.1509 38.1031
      vertex -68.4618 -26.2408 38.1685
    endloop
  endfacet
  facet normal 0.531906 -0.46706 -0.70635
    outer loop
      vertex -68.2035 -26.2577 38.3407
      vertex -68.3338 -26.2662 38.2482
      vertex -68.2769 -26.2014 38.2482
    endloop
  endfacet
  facet normal 0.441242 -0.660039 -0.607991
    outer loop
      vertex -68.2938 -26.4596 38.4444
      vertex -68.3843 -26.5201 38.4444
      vertex -68.3423 -26.3965 38.3407
    endloop
  endfacet
  facet normal 0.416435 -0.277912 -0.865648
    outer loop
      vertex -68.3592 -26.1382 38.1685
      vertex -68.4491 -26.0692 38.1031
      vertex -68.417 -26.0211 38.1031
    endloop
  endfacet
  facet normal 0.0251728 -0.382229 -0.923725
    outer loop
      vertex -68.7423 -26.2385 38.1031
      vertex -68.8 -26.2423 38.1031
      vertex -68.758 -26.1187 38.0531
    endloop
  endfacet
  facet normal 0.67047 -0.22732 -0.706255
    outer loop
      vertex -68.0738 -25.9946 38.3407
      vertex -68.1908 -26.0523 38.2482
      vertex -68.1631 -25.9706 38.2482
    endloop
  endfacet
  facet normal 0.577568 -0.195822 -0.792508
    outer loop
      vertex -68.1908 -26.0523 38.2482
      vertex -68.2867 -26.0126 38.1685
      vertex -68.1631 -25.9706 38.2482
    endloop
  endfacet
  facet normal -0.0403122 0.608883 -0.792235
    outer loop
      vertex -95.2 31.7556 38.1685
      vertex -95.2725 31.7508 38.1685
      vertex -95.2 31.8593 38.2482
    endloop
  endfacet
  facet normal -0.0330801 0.499647 -0.865597
    outer loop
      vertex -95.2 31.6423 38.1031
      vertex -95.2725 31.7508 38.1685
      vertex -95.2 31.7556 38.1685
    endloop
  endfacet
  facet normal -0.33875 0.507064 -0.792549
    outer loop
      vertex -95.4778 31.6811 38.1685
      vertex -95.6014 31.7231 38.2482
      vertex -95.5297 31.771 38.2482
    endloop
  endfacet
  facet normal -0.270021 0.546751 -0.79256
    outer loop
      vertex -95.4778 31.6811 38.1685
      vertex -95.5297 31.771 38.2482
      vertex -95.4126 31.7133 38.1685
    endloop
  endfacet
  facet normal -0.441242 0.660039 -0.607991
    outer loop
      vertex -95.6577 31.7965 38.3407
      vertex -95.7062 31.8596 38.4444
      vertex -95.6157 31.9201 38.4444
    endloop
  endfacet
  facet normal -0.440622 0.660126 -0.608346
    outer loop
      vertex -95.5759 31.8511 38.3407
      vertex -95.6577 31.7965 38.3407
      vertex -95.6157 31.9201 38.4444
    endloop
  endfacet
  facet normal -0.596542 0.523892 -0.608009
    outer loop
      vertex -95.7965 31.6577 38.3407
      vertex -95.8596 31.7062 38.4444
      vertex -95.7316 31.7316 38.3407
    endloop
  endfacet
  facet normal -0.531892 0.467115 -0.706325
    outer loop
      vertex -95.6662 31.6662 38.2482
      vertex -95.7965 31.6577 38.3407
      vertex -95.7316 31.7316 38.3407
    endloop
  endfacet
  facet normal -0.711762 0.351039 -0.608413
    outer loop
      vertex -95.8946 31.4877 38.3407
      vertex -95.9682 31.5182 38.4444
      vertex -95.8511 31.5759 38.3407
    endloop
  endfacet
  facet normal -0.751517 0.25508 -0.608405
    outer loop
      vertex -95.9262 31.3946 38.3407
      vertex -95.9682 31.5182 38.4444
      vertex -95.8946 31.4877 38.3407
    endloop
  endfacet
  facet normal -0.277872 -0.416464 0.865647
    outer loop
      vertex -95.4692 -26.1509 40.2969
      vertex -95.5382 -26.2408 40.2315
      vertex -95.4778 -26.2811 40.2315
    endloop
  endfacet
  facet normal -0.330353 -0.376187 0.86565
    outer loop
      vertex -95.5127 -26.1127 40.2969
      vertex -95.5382 -26.2408 40.2315
      vertex -95.4692 -26.1509 40.2969
    endloop
  endfacet
  facet normal -0.41648 -0.277883 0.865636
    outer loop
      vertex -95.583 -26.0211 40.2969
      vertex -95.6811 -26.0778 40.2315
      vertex -95.6408 -26.1382 40.2315
    endloop
  endfacet
  facet normal -0.416435 -0.277912 0.865648
    outer loop
      vertex -95.583 -26.0211 40.2969
      vertex -95.6408 -26.1382 40.2315
      vertex -95.5509 -26.0692 40.2969
    endloop
  endfacet
  facet normal -0.448935 -0.221713 0.865622
    outer loop
      vertex -95.583 -26.0211 40.2969
      vertex -95.7133 -26.0126 40.2315
      vertex -95.6811 -26.0778 40.2315
    endloop
  endfacet
  facet normal -0.546751 -0.270021 0.79256
    outer loop
      vertex -95.7133 -26.0126 40.2315
      vertex -95.771 -26.1297 40.1518
      vertex -95.6811 -26.0778 40.2315
    endloop
  endfacet
  facet normal -0.109234 -0.0723098 0.991382
    outer loop
      vertex -95.2566 -25.8327 40.3979
      vertex -95.3548 -25.9188 40.3808
      vertex -95.2519 -25.8398 40.3979
    endloop
  endfacet
  facet normal -0.109234 0.0723098 0.991382
    outer loop
      vertex -95.3548 31.3188 40.3808
      vertex -95.3689 31.2975 40.3808
      vertex -95.2566 31.2327 40.3979
    endloop
  endfacet
  facet normal -0.117387 0.0581789 0.991381
    outer loop
      vertex -95.3689 31.2975 40.3808
      vertex -95.3802 31.2747 40.3808
      vertex -95.2566 31.2327 40.3979
    endloop
  endfacet
  facet normal -0.0870445 0.0977342 0.991399
    outer loop
      vertex -95.2398 31.2519 40.3979
      vertex -95.338 31.3379 40.3808
      vertex -95.2462 31.2462 40.3979
    endloop
  endfacet
  facet normal -0.216334 0.143207 0.965759
    outer loop
      vertex -95.3548 31.3188 40.3808
      vertex -95.4784 31.3607 40.3469
      vertex -95.3689 31.2975 40.3808
    endloop
  endfacet
  facet normal 0.160659 -0.474391 0.86553
    outer loop
      vertex -68.5874 -26.3133 40.2315
      vertex -68.6855 -26.2272 40.2969
      vertex -68.6562 -26.3366 40.2315
    endloop
  endfacet
  facet normal 0.119116 -0.598096 0.792523
    outer loop
      vertex -68.6562 -26.3366 40.2315
      vertex -68.7275 -26.3508 40.2315
      vertex -68.7139 -26.4537 40.1518
    endloop
  endfacet
  facet normal -0.362744 -0.123121 0.923719
    outer loop
      vertex -95.5105 -25.8832 40.3469
      vertex -95.6272 -25.9145 40.2969
      vertex -95.6086 -25.9693 40.2969
    endloop
  endfacet
  facet normal -0.362794 -0.123058 0.923708
    outer loop
      vertex -95.5105 -25.8832 40.3469
      vertex -95.6086 -25.9693 40.2969
      vertex -95.497 -25.923 40.3469
    endloop
  endfacet
  facet normal 0.252516 -0.288069 0.923716
    outer loop
      vertex -68.5727 -26.0273 40.3469
      vertex -68.6043 -26.055 40.3469
      vertex -68.5308 -26.1509 40.2969
    endloop
  endfacet
  facet normal -0.254603 -0.0506733 0.965717
    outer loop
      vertex -95.3934 -25.8255 40.3808
      vertex -95.5187 -25.842 40.3469
      vertex -95.5105 -25.8832 40.3469
    endloop
  endfacet
  facet normal -0.259003 -0.0172669 0.965722
    outer loop
      vertex -95.3951 -25.8 40.3808
      vertex -95.5187 -25.842 40.3469
      vertex -95.3934 -25.8255 40.3808
    endloop
  endfacet
  facet normal -0.00921932 0.130607 0.991391
    outer loop
      vertex -95.2 31.2654 40.3979
      vertex -95.2255 31.3934 40.3808
      vertex -95.2085 31.2648 40.3979
    endloop
  endfacet
  facet normal -0.0978451 0.0871433 0.991379
    outer loop
      vertex -95.2462 31.2462 40.3979
      vertex -95.3548 31.3188 40.3808
      vertex -95.2519 31.2398 40.3979
    endloop
  endfacet
  facet normal -0.0983014 0.0864641 0.991393
    outer loop
      vertex -95.338 31.3379 40.3808
      vertex -95.3548 31.3188 40.3808
      vertex -95.2462 31.2462 40.3979
    endloop
  endfacet
  facet normal 0.0579672 -0.11746 0.991384
    outer loop
      vertex -68.7673 -25.8566 40.3979
      vertex -68.775 -25.8604 40.3979
      vertex -68.7253 -25.9802 40.3808
    endloop
  endfacet
  facet normal -0.11746 -0.0579672 0.991384
    outer loop
      vertex -95.2604 -25.825 40.3979
      vertex -95.3802 -25.8747 40.3808
      vertex -95.2566 -25.8327 40.3979
    endloop
  endfacet
  facet normal -0.288069 0.252516 0.923716
    outer loop
      vertex -95.4273 31.4273 40.3469
      vertex -95.5509 31.4692 40.2969
      vertex -95.455 31.3957 40.3469
    endloop
  endfacet
  facet normal -0.277872 0.416464 0.865647
    outer loop
      vertex -95.4778 31.6811 40.2315
      vertex -95.5382 31.6408 40.2315
      vertex -95.4692 31.5509 40.2969
    endloop
  endfacet
  facet normal -0.195315 0.17121 0.965681
    outer loop
      vertex -95.4273 31.4273 40.3469
      vertex -95.455 31.3957 40.3469
      vertex -95.3548 31.3188 40.3808
    endloop
  endfacet
  facet normal -0.194942 0.171468 0.96571
    outer loop
      vertex -95.338 31.3379 40.3808
      vertex -95.4273 31.4273 40.3469
      vertex -95.3548 31.3188 40.3808
    endloop
  endfacet
  facet normal -0.188286 0.947453 0.258613
    outer loop
      vertex -95.328 32.1724 39.5951
      vertex -95.4538 32.1474 39.5951
      vertex -95.3236 32.1388 39.7214
    endloop
  endfacet
  facet normal -0.0631687 0.963908 0.258632
    outer loop
      vertex -95.2 32.1469 39.7214
      vertex -95.328 32.1724 39.5951
      vertex -95.3236 32.1388 39.7214
    endloop
  endfacet
  facet normal -0.194496 0.980903 0
    outer loop
      vertex -95.3302 32.1893 38.9346
      vertex -95.4583 32.1639 39.4654
      vertex -95.3302 32.1893 39.4654
    endloop
  endfacet
  facet normal -0.194496 0.980903 0
    outer loop
      vertex -95.4583 32.1639 39.4654
      vertex -95.3302 32.1893 38.9346
      vertex -95.4583 32.1639 38.9346
    endloop
  endfacet
  facet normal -0.426716 0.866694 0.25837
    outer loop
      vertex -95.5753 32.1061 39.5951
      vertex -95.6735 32.0201 39.7214
      vertex -95.5624 32.0748 39.7214
    endloop
  endfacet
  facet normal -0.338549 0.507404 0.792417
    outer loop
      vertex -95.4778 31.6811 40.2315
      vertex -95.6014 31.7231 40.1518
      vertex -95.5382 31.6408 40.2315
    endloop
  endfacet
  facet normal -0.457976 0.402616 0.792565
    outer loop
      vertex -95.5928 31.5928 40.2315
      vertex -95.6662 31.6662 40.1518
      vertex -95.6408 31.5382 40.2315
    endloop
  endfacet
  facet normal -0.351059 0.711802 0.608355
    outer loop
      vertex -95.4877 31.8946 40.0593
      vertex -95.6157 31.9201 39.9556
      vertex -95.5759 31.8511 40.0593
    endloop
  endfacet
  facet normal -0.313195 0.63503 0.706148
    outer loop
      vertex -95.4877 31.8946 40.0593
      vertex -95.5759 31.8511 40.0593
      vertex -95.4523 31.8092 40.1518
    endloop
  endfacet
  facet normal -0.270021 0.546751 0.79256
    outer loop
      vertex -95.4126 31.7133 40.2315
      vertex -95.5297 31.771 40.1518
      vertex -95.4778 31.6811 40.2315
    endloop
  endfacet
  facet normal -0.169618 0.849685 0.499264
    outer loop
      vertex -95.3085 32.0244 39.9556
      vertex -95.4321 32.0663 39.8423
      vertex -95.4152 32.0031 39.9556
    endloop
  endfacet
  facet normal -0.27843 0.820519 0.499225
    outer loop
      vertex -95.4321 32.0663 39.8423
      vertex -95.5432 32.0286 39.8423
      vertex -95.4152 32.0031 39.9556
    endloop
  endfacet
  facet normal 0 0.79288 0.609378
    outer loop
      vertex -68.8 32.0315 39.9556
      vertex -95.2 31.9518 40.0593
      vertex -68.8 31.9518 40.0593
    endloop
  endfacet
  facet normal 0 0.79288 0.609378
    outer loop
      vertex -95.2 31.9518 40.0593
      vertex -68.8 32.0315 39.9556
      vertex -95.2 32.0315 39.9556
    endloop
  endfacet
  facet normal -0.137919 0.694521 0.70613
    outer loop
      vertex -95.2861 31.8537 40.1518
      vertex -95.3946 31.9262 40.0593
      vertex -95.3707 31.8369 40.1518
    endloop
  endfacet
  facet normal -0.0251728 0.382229 0.923725
    outer loop
      vertex -95.2 31.6423 40.2969
      vertex -95.2577 31.6385 40.2969
      vertex -95.242 31.5187 40.3469
    endloop
  endfacet
  facet normal 0.119116 0.598096 0.792523
    outer loop
      vertex -68.7139 31.8537 40.1518
      vertex -68.7275 31.7508 40.2315
      vertex -68.6562 31.7366 40.2315
    endloop
  endfacet
  facet normal 0.0245608 0.382056 0.923813
    outer loop
      vertex -68.8 31.6423 40.2969
      vertex -68.8 31.5214 40.3469
      vertex -68.758 31.5187 40.3469
    endloop
  endfacet
  facet normal -0.864784 -0.0568645 0.498915
    outer loop
      vertex -96.0244 -25.9085 39.9556
      vertex -96.0969 -25.8 39.8423
      vertex -96.0892 -25.9171 39.8423
    endloop
  endfacet
  facet normal -0.84994 -0.169249 0.498956
    outer loop
      vertex -96.0244 -25.9085 39.9556
      vertex -96.0892 -25.9171 39.8423
      vertex -96.0663 -26.0321 39.8423
    endloop
  endfacet
  facet normal -0.914807 0.310959 0.257746
    outer loop
      vertex -96.1061 31.5753 39.5951
      vertex -96.1474 31.4538 39.5951
      vertex -96.0749 31.5624 39.7214
    endloop
  endfacet
  facet normal -0.906279 0.180468 0.382217
    outer loop
      vertex -96.0663 31.4321 39.8423
      vertex -96.1147 31.4451 39.7214
      vertex -96.0892 31.3171 39.8423
    endloop
  endfacet
  facet normal -0.922401 -0.0604486 0.381473
    outer loop
      vertex -96.0969 -25.8 39.8423
      vertex -96.1469 -25.8 39.7214
      vertex -96.1388 -25.9236 39.7214
    endloop
  endfacet
  facet normal -0.963886 -0.0631673 0.258715
    outer loop
      vertex -96.1469 -25.8 39.7214
      vertex -96.1808 -25.8 39.5951
      vertex -96.1388 -25.9236 39.7214
    endloop
  endfacet
  facet normal -0.989301 0.0653456 0.130432
    outer loop
      vertex -96.1893 31.3302 39.4654
      vertex -96.1979 31.2 39.4654
      vertex -96.1808 31.2 39.5951
    endloop
  endfacet
  facet normal -0.989383 0.0649283 0.130019
    outer loop
      vertex -96.1724 31.328 39.5951
      vertex -96.1893 31.3302 39.4654
      vertex -96.1808 31.2 39.5951
    endloop
  endfacet
  facet normal -0.637276 0.726163 0.258006
    outer loop
      vertex -95.7971 31.9781 39.5951
      vertex -95.8935 31.8935 39.5951
      vertex -95.8696 31.8696 39.7214
    endloop
  endfacet
  facet normal -0.653961 0.745175 0.130575
    outer loop
      vertex -95.8075 31.9917 39.4654
      vertex -95.8935 31.8935 39.5951
      vertex -95.7971 31.9781 39.5951
    endloop
  endfacet
  facet normal -0.318983 0.938721 -0.130587
    outer loop
      vertex -95.5753 32.1061 38.8049
      vertex -95.5819 32.1219 38.9346
      vertex -95.4583 32.1639 38.9346
    endloop
  endfacet
  facet normal -0.745149 0.653999 -0.13053
    outer loop
      vertex -95.8935 31.8935 38.8049
      vertex -95.9917 31.8075 38.9346
      vertex -95.9056 31.9056 38.9346
    endloop
  endfacet
  facet normal -0.946829 0.321738 0
    outer loop
      vertex -96.1639 31.4583 38.9346
      vertex -96.1219 31.5819 39.4654
      vertex -96.1219 31.5819 38.9346
    endloop
  endfacet
  facet normal -0.946829 0.321738 0
    outer loop
      vertex -96.1219 31.5819 39.4654
      vertex -96.1639 31.4583 38.9346
      vertex -96.1639 31.4583 39.4654
    endloop
  endfacet
  facet normal -0.896867 0.442301 0
    outer loop
      vertex -96.1219 31.5819 38.9346
      vertex -96.0642 31.6989 39.4654
      vertex -96.0642 31.6989 38.9346
    endloop
  endfacet
  facet normal -0.896867 0.442301 0
    outer loop
      vertex -96.0642 31.6989 39.4654
      vertex -96.1219 31.5819 38.9346
      vertex -96.1219 31.5819 39.4654
    endloop
  endfacet
  facet normal -0.588746 0.392977 0.706362
    outer loop
      vertex -95.7965 31.6577 40.0593
      vertex -95.8511 31.5759 40.0593
      vertex -95.7231 31.6014 40.1518
    endloop
  endfacet
  facet normal -0.48134 0.720533 0.499144
    outer loop
      vertex -95.6484 31.9767 39.8423
      vertex -95.746 31.9115 39.8423
      vertex -95.7062 31.8596 39.9556
    endloop
  endfacet
  facet normal -0.820519 0.27843 0.499225
    outer loop
      vertex -96.0286 31.5432 39.8423
      vertex -96.0663 31.4321 39.8423
      vertex -96.0031 31.4152 39.9556
    endloop
  endfacet
  facet normal -0.778323 0.154858 0.608467
    outer loop
      vertex -95.9262 31.3946 40.0593
      vertex -96.0244 31.3085 39.9556
      vertex -95.9454 31.2981 40.0593
    endloop
  endfacet
  facet normal -0.128589 -0.024493 0.991396
    outer loop
      vertex -95.2648 -25.8085 40.3979
      vertex -95.3934 -25.8255 40.3808
      vertex -95.2632 -25.8169 40.3979
    endloop
  endfacet
  facet normal -0.00871377 0.130707 0.991383
    outer loop
      vertex -95.2 31.3951 40.3808
      vertex -95.2255 31.3934 40.3808
      vertex -95.2 31.2654 40.3979
    endloop
  endfacet
  facet normal -0 0.130712 0.99142
    outer loop
      vertex -95.2 31.3951 40.3808
      vertex -68.8 31.2654 40.3979
      vertex -68.8 31.3951 40.3808
    endloop
  endfacet
  facet normal 0 0.130712 0.99142
    outer loop
      vertex -68.8 31.2654 40.3979
      vertex -95.2 31.3951 40.3808
      vertex -95.2 31.2654 40.3979
    endloop
  endfacet
  facet normal 0.160659 0.474391 0.86553
    outer loop
      vertex -68.6562 31.7366 40.2315
      vertex -68.6855 31.6272 40.2969
      vertex -68.5874 31.7133 40.2315
    endloop
  endfacet
  facet normal -0.0172669 0.259003 0.965722
    outer loop
      vertex -95.2 31.3951 40.3808
      vertex -95.242 31.5187 40.3469
      vertex -95.2255 31.3934 40.3808
    endloop
  endfacet
  facet normal -0.0166627 0.259197 0.965681
    outer loop
      vertex -95.2 31.5214 40.3469
      vertex -95.242 31.5187 40.3469
      vertex -95.2 31.3951 40.3808
    endloop
  endfacet
  facet normal -0.313327 0.634857 0.706246
    outer loop
      vertex -95.4523 31.8092 40.1518
      vertex -95.5759 31.8511 40.0593
      vertex -95.5297 31.771 40.1518
    endloop
  endfacet
  facet normal -0.114891 0.23287 0.965697
    outer loop
      vertex -95.323 31.497 40.3469
      vertex -95.3607 31.4784 40.3469
      vertex -95.2975 31.369 40.3808
    endloop
  endfacet
  facet normal 0.270021 0.546751 0.79256
    outer loop
      vertex -68.4703 31.771 40.1518
      vertex -68.5874 31.7133 40.2315
      vertex -68.5222 31.6811 40.2315
    endloop
  endfacet
  facet normal 0.221713 0.448935 0.865622
    outer loop
      vertex -68.5222 31.6811 40.2315
      vertex -68.5874 31.7133 40.2315
      vertex -68.5789 31.583 40.2969
    endloop
  endfacet
  facet normal -0.11444 0.232968 0.965727
    outer loop
      vertex -95.2747 31.3802 40.3808
      vertex -95.323 31.497 40.3469
      vertex -95.2975 31.369 40.3808
    endloop
  endfacet
  facet normal -0.0577381 0.117538 0.991388
    outer loop
      vertex -95.2747 31.3802 40.3808
      vertex -95.2975 31.369 40.3808
      vertex -95.2327 31.2566 40.3979
    endloop
  endfacet
  facet normal 0.169618 0.849685 0.499264
    outer loop
      vertex -68.5679 32.0663 39.8423
      vertex -68.6915 32.0244 39.9556
      vertex -68.5848 32.0031 39.9556
    endloop
  endfacet
  facet normal 0.408936 0.828903 0.381695
    outer loop
      vertex -68.4376 32.0748 39.7214
      vertex -68.4568 32.0286 39.8423
      vertex -68.3516 31.9767 39.8423
    endloop
  endfacet
  facet normal 0.188286 0.947453 0.258613
    outer loop
      vertex -68.672 32.1724 39.5951
      vertex -68.6764 32.1388 39.7214
      vertex -68.5462 32.1474 39.5951
    endloop
  endfacet
  facet normal 0.187961 0.947606 0.25829
    outer loop
      vertex -68.5462 32.1474 39.5951
      vertex -68.6764 32.1388 39.7214
      vertex -68.5549 32.1147 39.7214
    endloop
  endfacet
  facet normal 0.252853 0.287935 0.923666
    outer loop
      vertex -68.5308 31.5509 40.2969
      vertex -68.5727 31.4273 40.3469
      vertex -68.4873 31.5127 40.2969
    endloop
  endfacet
  facet normal 0.252516 0.288069 0.923716
    outer loop
      vertex -68.5308 31.5509 40.2969
      vertex -68.6043 31.455 40.3469
      vertex -68.5727 31.4273 40.3469
    endloop
  endfacet
  facet normal 0.00921932 0.130607 0.991391
    outer loop
      vertex -68.7745 31.3934 40.3808
      vertex -68.8 31.2654 40.3979
      vertex -68.7915 31.2648 40.3979
    endloop
  endfacet
  facet normal 0.114891 0.23287 0.965697
    outer loop
      vertex -68.677 31.497 40.3469
      vertex -68.7025 31.369 40.3808
      vertex -68.6393 31.4784 40.3469
    endloop
  endfacet
  facet normal 0.875046 0.296933 0.382264
    outer loop
      vertex -67.9251 31.5624 39.7214
      vertex -67.9714 31.5432 39.8423
      vertex -67.9337 31.4321 39.8423
    endloop
  endfacet
  facet normal 0.828686 0.408829 0.38228
    outer loop
      vertex -67.9251 31.5624 39.7214
      vertex -68.0233 31.6484 39.8423
      vertex -67.9714 31.5432 39.8423
    endloop
  endfacet
  facet normal 0.802905 0.537089 0.258608
    outer loop
      vertex -68.0219 31.7971 39.5951
      vertex -68.0488 31.7765 39.7214
      vertex -67.9799 31.6735 39.7214
    endloop
  endfacet
  facet normal 0.695044 0.609149 0.381905
    outer loop
      vertex -68.0488 31.7765 39.7214
      vertex -68.1658 31.8342 39.8423
      vertex -68.0885 31.746 39.8423
    endloop
  endfacet
  facet normal 0.523598 0.596624 0.608182
    outer loop
      vertex -68.2121 31.7879 39.9556
      vertex -68.2938 31.8596 39.9556
      vertex -68.2684 31.7316 40.0593
    endloop
  endfacet
  facet normal 0.768185 0.513864 0.381884
    outer loop
      vertex -68.0488 31.7765 39.7214
      vertex -68.0885 31.746 39.8423
      vertex -67.9799 31.6735 39.7214
    endloop
  endfacet
  facet normal 0.636717 0.726451 0.258574
    outer loop
      vertex -68.2029 31.9781 39.5951
      vertex -68.2235 31.9512 39.7214
      vertex -68.1304 31.8696 39.7214
    endloop
  endfacet
  facet normal 0.637276 0.726163 0.258006
    outer loop
      vertex -68.1065 31.8935 39.5951
      vertex -68.2029 31.9781 39.5951
      vertex -68.1304 31.8696 39.7214
    endloop
  endfacet
  facet normal 0.338549 0.507404 -0.792417
    outer loop
      vertex -68.4618 31.6408 38.1685
      vertex -68.5222 31.6811 38.1685
      vertex -68.3986 31.7231 38.2482
    endloop
  endfacet
  facet normal 0.393292 0.588706 -0.70622
    outer loop
      vertex -68.3986 31.7231 38.2482
      vertex -68.4703 31.771 38.2482
      vertex -68.4241 31.8511 38.3407
    endloop
  endfacet
  facet normal 0.720477 0.481645 -0.49893
    outer loop
      vertex -68.0799 31.6157 38.4444
      vertex -68.1404 31.7062 38.4444
      vertex -68.0233 31.6484 38.5577
    endloop
  endfacet
  facet normal 0.48134 0.720533 -0.499144
    outer loop
      vertex -68.2938 31.8596 38.4444
      vertex -68.3516 31.9767 38.5577
      vertex -68.254 31.9115 38.5577
    endloop
  endfacet
  facet normal 0.442301 0.896867 -0
    outer loop
      vertex -68.3011 32.0642 38.9346
      vertex -68.4181 32.1219 39.4654
      vertex -68.3011 32.0642 39.4654
    endloop
  endfacet
  facet normal 0.442301 0.896867 0
    outer loop
      vertex -68.4181 32.1219 39.4654
      vertex -68.3011 32.0642 38.9346
      vertex -68.4181 32.1219 38.9346
    endloop
  endfacet
  facet normal 0.768336 0.513274 -0.382374
    outer loop
      vertex -68.0233 31.6484 38.5577
      vertex -68.0885 31.746 38.5577
      vertex -67.9799 31.6735 38.6786
    endloop
  endfacet
  facet normal 0.408156 0.828997 -0.382326
    outer loop
      vertex -68.3516 31.9767 38.5577
      vertex -68.4376 32.0748 38.6786
      vertex -68.3265 32.0201 38.6786
    endloop
  endfacet
  facet normal 0.824573 0.550475 -0.130602
    outer loop
      vertex -67.9358 31.6989 38.9346
      vertex -68.0219 31.7971 38.8049
      vertex -68.0083 31.8075 38.9346
    endloop
  endfacet
  facet normal 0.726051 0.637177 -0.258564
    outer loop
      vertex -68.0488 31.7765 38.6786
      vertex -68.1065 31.8935 38.8049
      vertex -68.0219 31.7971 38.8049
    endloop
  endfacet
  facet normal 0.831697 0.55523 0
    outer loop
      vertex -67.9358 31.6989 39.4654
      vertex -68.0083 31.8075 38.9346
      vertex -68.0083 31.8075 39.4654
    endloop
  endfacet
  facet normal 0.831697 0.55523 0
    outer loop
      vertex -68.0083 31.8075 38.9346
      vertex -67.9358 31.6989 39.4654
      vertex -67.9358 31.6989 38.9346
    endloop
  endfacet
  facet normal 0.866541 0.427421 -0.257718
    outer loop
      vertex -67.9251 31.5624 38.6786
      vertex -67.9799 31.6735 38.6786
      vertex -67.8939 31.5753 38.8049
    endloop
  endfacet
  facet normal 0.866649 0.426924 -0.258178
    outer loop
      vertex -67.8939 31.5753 38.8049
      vertex -67.9799 31.6735 38.6786
      vertex -67.9506 31.6904 38.8049
    endloop
  endfacet
  facet normal 0.946829 0.321738 0
    outer loop
      vertex -67.8361 31.4583 39.4654
      vertex -67.8781 31.5819 38.9346
      vertex -67.8781 31.5819 39.4654
    endloop
  endfacet
  facet normal 0.946829 0.321738 0
    outer loop
      vertex -67.8781 31.5819 38.9346
      vertex -67.8361 31.4583 39.4654
      vertex -67.8361 31.4583 38.9346
    endloop
  endfacet
  facet normal 0.972497 0.193263 -0.129995
    outer loop
      vertex -67.8276 31.328 38.8049
      vertex -67.8526 31.4538 38.8049
      vertex -67.8107 31.3302 38.9346
    endloop
  endfacet
  facet normal 0.989383 0.0649283 -0.130019
    outer loop
      vertex -67.8192 31.2 38.8049
      vertex -67.8276 31.328 38.8049
      vertex -67.8107 31.3302 38.9346
    endloop
  endfacet
  facet normal -0.0747771 0.375709 -0.923716
    outer loop
      vertex -95.2832 31.5105 38.0531
      vertex -95.3145 31.6272 38.1031
      vertex -95.242 31.5187 38.0531
    endloop
  endfacet
  facet normal -0.024493 0.128589 -0.991396
    outer loop
      vertex -95.2169 31.2632 38.0021
      vertex -95.2255 31.3934 38.0192
      vertex -95.2085 31.2648 38.0021
    endloop
  endfacet
  facet normal -0.215922 -0.144359 -0.96568
    outer loop
      vertex -95.455 -25.9957 38.0531
      vertex -95.4784 -25.9607 38.0531
      vertex -95.3548 -25.9188 38.0192
    endloop
  endfacet
  facet normal -0.0870445 -0.0977342 -0.991399
    outer loop
      vertex -95.2398 -25.8519 38.0021
      vertex -95.338 -25.9379 38.0192
      vertex -95.2462 -25.8462 38.0021
    endloop
  endfacet
  facet normal -0.123761 0.0427814 -0.991389
    outer loop
      vertex -95.2632 31.2169 38.0021
      vertex -95.3802 31.2747 38.0192
      vertex -95.2604 31.225 38.0021
    endloop
  endfacet
  facet normal -0.259003 0.0172669 -0.965722
    outer loop
      vertex -95.3951 31.2 38.0192
      vertex -95.5187 31.242 38.0531
      vertex -95.3934 31.2255 38.0192
    endloop
  endfacet
  facet normal -0.0870445 0.0977342 -0.991399
    outer loop
      vertex -95.2462 31.2462 38.0021
      vertex -95.338 31.3379 38.0192
      vertex -95.2398 31.2519 38.0021
    endloop
  endfacet
  facet normal -0.195315 0.17121 -0.965681
    outer loop
      vertex -95.3548 31.3188 38.0192
      vertex -95.455 31.3957 38.0531
      vertex -95.4273 31.4273 38.0531
    endloop
  endfacet
  facet normal -0.212695 0.318711 -0.92368
    outer loop
      vertex -95.3607 31.4784 38.0531
      vertex -95.4692 31.5509 38.1031
      vertex -95.4211 31.583 38.1031
    endloop
  endfacet
  facet normal -0.169537 0.34363 -0.923675
    outer loop
      vertex -95.3607 31.4784 38.0531
      vertex -95.4211 31.583 38.1031
      vertex -95.323 31.497 38.0531
    endloop
  endfacet
  facet normal 0.382229 0.0251728 -0.923725
    outer loop
      vertex -68.3577 31.2 38.1031
      vertex -68.4813 31.242 38.0531
      vertex -68.3615 31.2577 38.1031
    endloop
  endfacet
  facet normal 0.382056 0.0245608 -0.923813
    outer loop
      vertex -68.4786 31.2 38.0531
      vertex -68.4813 31.242 38.0531
      vertex -68.3577 31.2 38.1031
    endloop
  endfacet
  facet normal 0.252853 0.287935 -0.923666
    outer loop
      vertex -68.4873 31.5127 38.1031
      vertex -68.5727 31.4273 38.0531
      vertex -68.5308 31.5509 38.1031
    endloop
  endfacet
  facet normal 0.287935 0.252853 -0.923666
    outer loop
      vertex -68.4491 31.4692 38.1031
      vertex -68.5727 31.4273 38.0531
      vertex -68.4873 31.5127 38.1031
    endloop
  endfacet
  facet normal 0.124117 0.0420562 -0.991376
    outer loop
      vertex -68.6116 31.2505 38.0192
      vertex -68.7368 31.2169 38.0021
      vertex -68.6198 31.2747 38.0192
    endloop
  endfacet
  facet normal 0.109234 0.0723098 -0.991382
    outer loop
      vertex -68.7434 31.2327 38.0021
      vertex -68.7481 31.2398 38.0021
      vertex -68.6452 31.3188 38.0192
    endloop
  endfacet
  facet normal 0.287935 -0.252853 -0.923666
    outer loop
      vertex -68.4873 -26.1127 38.1031
      vertex -68.5727 -26.0273 38.0531
      vertex -68.4491 -26.0692 38.1031
    endloop
  endfacet
  facet normal -0.216334 -0.143207 -0.965759
    outer loop
      vertex -95.3548 -25.9188 38.0192
      vertex -95.4784 -25.9607 38.0531
      vertex -95.3689 -25.8975 38.0192
    endloop
  endfacet
  facet normal 0.212695 0.318711 -0.92368
    outer loop
      vertex -68.5308 31.5509 38.1031
      vertex -68.6393 31.4784 38.0531
      vertex -68.5789 31.583 38.1031
    endloop
  endfacet
  facet normal 0.212899 0.318439 -0.923727
    outer loop
      vertex -68.6043 31.455 38.0531
      vertex -68.6393 31.4784 38.0531
      vertex -68.5308 31.5509 38.1031
    endloop
  endfacet
  facet normal 0.0420562 0.124117 -0.991376
    outer loop
      vertex -68.7253 31.3802 38.0192
      vertex -68.7831 31.2632 38.0021
      vertex -68.7495 31.3884 38.0192
    endloop
  endfacet
  facet normal 0.0833023 0.245843 -0.965723
    outer loop
      vertex -68.7253 31.3802 38.0192
      vertex -68.7495 31.3884 38.0192
      vertex -68.677 31.497 38.0531
    endloop
  endfacet
  facet normal 0.376096 0.330634 -0.865582
    outer loop
      vertex -68.3592 31.5382 38.1685
      vertex -68.4873 31.5127 38.1031
      vertex -68.4072 31.5928 38.1685
    endloop
  endfacet
  facet normal 0.330634 0.376096 -0.865582
    outer loop
      vertex -68.4072 31.5928 38.1685
      vertex -68.4873 31.5127 38.1031
      vertex -68.4618 31.6408 38.1685
    endloop
  endfacet
  facet normal 0.546751 0.270021 -0.79256
    outer loop
      vertex -68.2867 31.4126 38.1685
      vertex -68.3189 31.4778 38.1685
      vertex -68.229 31.5297 38.2482
    endloop
  endfacet
  facet normal 0.670509 0.227612 -0.706123
    outer loop
      vertex -68.1631 31.3707 38.2482
      vertex -68.1908 31.4523 38.2482
      vertex -68.0738 31.3946 38.3407
    endloop
  endfacet
  facet normal 0.507194 0.338837 -0.792429
    outer loop
      vertex -68.229 31.5297 38.2482
      vertex -68.3592 31.5382 38.1685
      vertex -68.2769 31.6014 38.2482
    endloop
  endfacet
  facet normal 0.588706 0.393292 -0.70622
    outer loop
      vertex -68.229 31.5297 38.2482
      vertex -68.2769 31.6014 38.2482
      vertex -68.1489 31.5759 38.3407
    endloop
  endfacet
  facet normal 0.670505 0.227583 -0.706136
    outer loop
      vertex -68.0738 31.3946 38.3407
      vertex -68.1908 31.4523 38.2482
      vertex -68.1054 31.4877 38.3407
    endloop
  endfacet
  facet normal 0.63503 0.313195 -0.706148
    outer loop
      vertex -68.1054 31.4877 38.3407
      vertex -68.1908 31.4523 38.2482
      vertex -68.1489 31.5759 38.3407
    endloop
  endfacet
  facet normal 0.694521 0.137919 -0.70613
    outer loop
      vertex -68.1463 31.2861 38.2482
      vertex -68.1631 31.3707 38.2482
      vertex -68.0738 31.3946 38.3407
    endloop
  endfacet
  facet normal 0.598002 0.118752 -0.792648
    outer loop
      vertex -68.1463 31.2861 38.2482
      vertex -68.2634 31.3438 38.1685
      vertex -68.1631 31.3707 38.2482
    endloop
  endfacet
  facet normal 0.875046 0.296933 -0.382264
    outer loop
      vertex -67.9337 31.4321 38.5577
      vertex -67.9714 31.5432 38.5577
      vertex -67.9251 31.5624 38.6786
    endloop
  endfacet
  facet normal 0.875064 0.29691 -0.382241
    outer loop
      vertex -67.8853 31.4451 38.6786
      vertex -67.9337 31.4321 38.5577
      vertex -67.9251 31.5624 38.6786
    endloop
  endfacet
  facet normal -0.438144 0.889425 -0.130206
    outer loop
      vertex -95.6904 32.0494 38.8049
      vertex -95.6989 32.0642 38.9346
      vertex -95.5753 32.1061 38.8049
    endloop
  endfacet
  facet normal -0.55084 0.824328 -0.130606
    outer loop
      vertex -95.7971 31.9781 38.8049
      vertex -95.8075 31.9917 38.9346
      vertex -95.6904 32.0494 38.8049
    endloop
  endfacet
  facet normal -0.695044 0.609149 -0.381905
    outer loop
      vertex -95.9115 31.746 38.5577
      vertex -95.9512 31.7765 38.6786
      vertex -95.8342 31.8342 38.5577
    endloop
  endfacet
  facet normal -0.768185 0.513864 -0.381884
    outer loop
      vertex -95.9115 31.746 38.5577
      vertex -96.0201 31.6735 38.6786
      vertex -95.9512 31.7765 38.6786
    endloop
  endfacet
  facet normal -0.609172 0.695024 -0.381904
    outer loop
      vertex -95.746 31.9115 38.5577
      vertex -95.8696 31.8696 38.6786
      vertex -95.7765 31.9512 38.6786
    endloop
  endfacet
  facet normal -0.636717 0.726451 -0.258574
    outer loop
      vertex -95.7765 31.9512 38.6786
      vertex -95.8696 31.8696 38.6786
      vertex -95.7971 31.9781 38.8049
    endloop
  endfacet
  facet normal -0.720477 0.481645 0.49893
    outer loop
      vertex -95.8596 31.7062 39.9556
      vertex -95.9767 31.6484 39.8423
      vertex -95.9201 31.6157 39.9556
    endloop
  endfacet
  facet normal -0.726051 0.637177 0.258564
    outer loop
      vertex -95.8935 31.8935 39.5951
      vertex -95.9781 31.7971 39.5951
      vertex -95.9512 31.7765 39.7214
    endloop
  endfacet
  facet normal -0.571402 -0.651096 -0.499573
    outer loop
      vertex -95.7062 -26.4596 38.4444
      vertex -95.8342 -26.4342 38.5577
      vertex -95.7879 -26.3879 38.4444
    endloop
  endfacet
  facet normal -0.571131 -0.651666 -0.499139
    outer loop
      vertex -95.746 -26.5115 38.5577
      vertex -95.8342 -26.4342 38.5577
      vertex -95.7062 -26.4596 38.4444
    endloop
  endfacet
  facet normal -0.310901 -0.914636 -0.258422
    outer loop
      vertex -95.4538 -26.7474 38.8049
      vertex -95.5753 -26.7061 38.8049
      vertex -95.5624 -26.6748 38.6786
    endloop
  endfacet
  facet normal -0.311111 -0.914618 -0.258232
    outer loop
      vertex -95.4538 -26.7474 38.8049
      vertex -95.5624 -26.6748 38.6786
      vertex -95.4451 -26.7147 38.6786
    endloop
  endfacet
  facet normal 0.651666 -0.571131 0.499139
    outer loop
      vertex -68.1404 -26.3062 39.9556
      vertex -68.1658 -26.4342 39.8423
      vertex -68.0885 -26.346 39.8423
    endloop
  endfacet
  facet normal 0.513274 -0.768336 0.382374
    outer loop
      vertex -68.254 -26.5115 39.8423
      vertex -68.3516 -26.5767 39.8423
      vertex -68.3265 -26.6201 39.7214
    endloop
  endfacet
  facet normal 0.537089 -0.802905 0.258608
    outer loop
      vertex -68.2235 -26.5512 39.7214
      vertex -68.3265 -26.6201 39.7214
      vertex -68.2029 -26.5781 39.5951
    endloop
  endfacet
  facet normal 0.637276 -0.726163 0.258006
    outer loop
      vertex -68.1304 -26.4696 39.7214
      vertex -68.2029 -26.5781 39.5951
      vertex -68.1065 -26.4935 39.5951
    endloop
  endfacet
  facet normal 0.180517 -0.906524 0.381612
    outer loop
      vertex -68.5679 -26.6663 39.8423
      vertex -68.6829 -26.6892 39.8423
      vertex -68.6764 -26.7388 39.7214
    endloop
  endfacet
  facet normal 0.0606476 -0.922316 0.381647
    outer loop
      vertex -68.6829 -26.6892 39.8423
      vertex -68.8 -26.6969 39.8423
      vertex -68.6764 -26.7388 39.7214
    endloop
  endfacet
  facet normal 0.0518146 -0.791815 0.60856
    outer loop
      vertex -68.8 -26.5518 40.0593
      vertex -68.8 -26.6315 39.9556
      vertex -68.6915 -26.6244 39.9556
    endloop
  endfacet
  facet normal 0.056583 -0.864683 0.49912
    outer loop
      vertex -68.8 -26.6315 39.9556
      vertex -68.8 -26.6969 39.8423
      vertex -68.6915 -26.6244 39.9556
    endloop
  endfacet
  facet normal 0.0653456 -0.989301 0.130432
    outer loop
      vertex -68.8 -26.7808 39.5951
      vertex -68.8 -26.7979 39.4654
      vertex -68.6698 -26.7893 39.4654
    endloop
  endfacet
  facet normal 0.0459421 -0.70636 0.70636
    outer loop
      vertex -68.8 -26.4593 40.1518
      vertex -68.8 -26.5518 40.0593
      vertex -68.7139 -26.4537 40.1518
    endloop
  endfacet
  facet normal 0.0577381 -0.117538 0.991388
    outer loop
      vertex -68.7025 -25.969 40.3808
      vertex -68.7673 -25.8566 40.3979
      vertex -68.7253 -25.9802 40.3808
    endloop
  endfacet
  facet normal 0.402358 -0.458221 0.792554
    outer loop
      vertex -68.3338 -26.2662 40.1518
      vertex -68.4072 -26.1928 40.2315
      vertex -68.3986 -26.3231 40.1518
    endloop
  endfacet
  facet normal -0.232614 -0.115287 -0.965712
    outer loop
      vertex -95.3689 -25.8975 38.0192
      vertex -95.497 -25.923 38.0531
      vertex -95.3802 -25.8747 38.0192
    endloop
  endfacet
  facet normal -0.362794 -0.123058 -0.923708
    outer loop
      vertex -95.497 -25.923 38.0531
      vertex -95.6086 -25.9693 38.1031
      vertex -95.5105 -25.8832 38.0531
    endloop
  endfacet
  facet normal -0.232716 -0.114815 -0.965744
    outer loop
      vertex -95.4784 -25.9607 38.0531
      vertex -95.497 -25.923 38.0531
      vertex -95.3689 -25.8975 38.0192
    endloop
  endfacet
  facet normal -0.11746 -0.0579672 -0.991384
    outer loop
      vertex -95.2566 -25.8327 38.0021
      vertex -95.3802 -25.8747 38.0192
      vertex -95.2604 -25.825 38.0021
    endloop
  endfacet
  facet normal -0.11746 0.0579672 -0.991384
    outer loop
      vertex -95.2604 31.225 38.0021
      vertex -95.3802 31.2747 38.0192
      vertex -95.2566 31.2327 38.0021
    endloop
  endfacet
  facet normal 0.123129 -0.362766 -0.92371
    outer loop
      vertex -68.6307 -26.2086 38.1031
      vertex -68.6855 -26.2272 38.1031
      vertex -68.677 -26.097 38.0531
    endloop
  endfacet
  facet normal 0.0172669 -0.259003 -0.965722
    outer loop
      vertex -68.758 -26.1187 38.0531
      vertex -68.8 -25.9951 38.0192
      vertex -68.7745 -25.9934 38.0192
    endloop
  endfacet
  facet normal -0.0865357 -0.0983127 -0.991386
    outer loop
      vertex -95.3188 -25.9548 38.0192
      vertex -95.338 -25.9379 38.0192
      vertex -95.2398 -25.8519 38.0021
    endloop
  endfacet
  facet normal -0.072264 -0.109165 -0.991393
    outer loop
      vertex -95.2327 -25.8566 38.0021
      vertex -95.2975 -25.969 38.0192
      vertex -95.2398 -25.8519 38.0021
    endloop
  endfacet
  facet normal -0.160659 -0.474391 -0.86553
    outer loop
      vertex -95.3438 -26.3366 38.1685
      vertex -95.4126 -26.3133 38.1685
      vertex -95.3145 -26.2272 38.1031
    endloop
  endfacet
  facet normal -0.123129 -0.362766 -0.92371
    outer loop
      vertex -95.3145 -26.2272 38.1031
      vertex -95.3693 -26.2086 38.1031
      vertex -95.323 -26.097 38.0531
    endloop
  endfacet
  facet normal 0 -0.609378 -0.79288
    outer loop
      vertex -95.2 -26.4593 38.2482
      vertex -68.8 -26.3556 38.1685
      vertex -68.8 -26.4593 38.2482
    endloop
  endfacet
  facet normal -0 -0.609378 -0.79288
    outer loop
      vertex -68.8 -26.3556 38.1685
      vertex -95.2 -26.4593 38.2482
      vertex -95.2 -26.3556 38.1685
    endloop
  endfacet
  facet normal 0.0870445 -0.0977342 -0.991399
    outer loop
      vertex -68.662 -25.9379 38.0192
      vertex -68.7602 -25.8519 38.0021
      vertex -68.7538 -25.8462 38.0021
    endloop
  endfacet
  facet normal 0.0420562 -0.124117 -0.991376
    outer loop
      vertex -68.7495 -25.9884 38.0192
      vertex -68.7831 -25.8632 38.0021
      vertex -68.7253 -25.9802 38.0192
    endloop
  endfacet
  facet normal -0.0172669 -0.259003 -0.965722
    outer loop
      vertex -95.2 -25.9951 38.0192
      vertex -95.242 -26.1187 38.0531
      vertex -95.2255 -25.9934 38.0192
    endloop
  endfacet
  facet normal -0.0427814 0.123761 -0.991389
    outer loop
      vertex -95.225 31.2604 38.0021
      vertex -95.2747 31.3802 38.0192
      vertex -95.2169 31.2632 38.0021
    endloop
  endfacet
  facet normal 0.109234 -0.0723098 -0.991382
    outer loop
      vertex -68.6452 -25.9188 38.0192
      vertex -68.7481 -25.8398 38.0021
      vertex -68.7434 -25.8327 38.0021
    endloop
  endfacet
  facet normal 0.195553 -0.577427 -0.792677
    outer loop
      vertex -68.6293 -26.4369 38.2482
      vertex -68.6562 -26.3366 38.1685
      vertex -68.5874 -26.3133 38.1685
    endloop
  endfacet
  facet normal 0.00871377 -0.130707 -0.991383
    outer loop
      vertex -68.7745 -25.9934 38.0192
      vertex -68.8 -25.9951 38.0192
      vertex -68.8 -25.8654 38.0021
    endloop
  endfacet
  facet normal 0.382229 -0.0251728 -0.923725
    outer loop
      vertex -68.3615 -25.8577 38.1031
      vertex -68.4813 -25.842 38.0531
      vertex -68.3577 -25.8 38.1031
    endloop
  endfacet
  facet normal 0.109234 -0.0723098 -0.991382
    outer loop
      vertex -68.6452 -25.9188 38.0192
      vertex -68.7434 -25.8327 38.0021
      vertex -68.6311 -25.8975 38.0192
    endloop
  endfacet
  facet normal 0.499734 -0.0329114 -0.865554
    outer loop
      vertex -68.2492 -25.8725 38.1685
      vertex -68.3615 -25.8577 38.1031
      vertex -68.3577 -25.8 38.1031
    endloop
  endfacet
  facet normal 0.491177 -0.0978221 -0.86555
    outer loop
      vertex -68.2634 -25.9438 38.1685
      vertex -68.3615 -25.8577 38.1031
      vertex -68.2492 -25.8725 38.1685
    endloop
  endfacet
  facet normal 0.254496 -0.0508992 -0.965733
    outer loop
      vertex -68.4895 -25.8832 38.0531
      vertex -68.6116 -25.8505 38.0192
      vertex -68.6066 -25.8255 38.0192
    endloop
  endfacet
  facet normal 0.448927 -0.221864 -0.865587
    outer loop
      vertex -68.2867 -26.0126 38.1685
      vertex -68.417 -26.0211 38.1031
      vertex -68.3914 -25.9693 38.1031
    endloop
  endfacet
  facet normal -0.318711 -0.212695 -0.92368
    outer loop
      vertex -95.5509 -26.0692 38.1031
      vertex -95.583 -26.0211 38.1031
      vertex -95.4784 -25.9607 38.0531
    endloop
  endfacet
  facet normal -0.252853 -0.287935 -0.923666
    outer loop
      vertex -95.4692 -26.1509 38.1031
      vertex -95.5127 -26.1127 38.1031
      vertex -95.4273 -26.0273 38.0531
    endloop
  endfacet
  facet normal -0.362744 -0.123121 -0.923719
    outer loop
      vertex -95.6086 -25.9693 38.1031
      vertex -95.6272 -25.9145 38.1031
      vertex -95.5105 -25.8832 38.0531
    endloop
  endfacet
  facet normal -0.343434 -0.169728 -0.923713
    outer loop
      vertex -95.583 -26.0211 38.1031
      vertex -95.6086 -25.9693 38.1031
      vertex -95.497 -25.923 38.0531
    endloop
  endfacet
  facet normal -0.523598 -0.596624 -0.608182
    outer loop
      vertex -95.7062 -26.4596 38.4444
      vertex -95.7879 -26.3879 38.4444
      vertex -95.7316 -26.3316 38.3407
    endloop
  endfacet
  facet normal -0.660364 -0.440781 -0.607973
    outer loop
      vertex -95.7965 -26.2577 38.3407
      vertex -95.8596 -26.3062 38.4444
      vertex -95.8511 -26.1759 38.3407
    endloop
  endfacet
  facet normal -0.375717 -0.0747465 -0.923715
    outer loop
      vertex -95.6272 -25.9145 38.1031
      vertex -95.6385 -25.8577 38.1031
      vertex -95.5105 -25.8832 38.0531
    endloop
  endfacet
  facet normal -0.491241 -0.0977293 -0.865524
    outer loop
      vertex -95.6272 -25.9145 38.1031
      vertex -95.7366 -25.9438 38.1685
      vertex -95.6385 -25.8577 38.1031
    endloop
  endfacet
  facet normal 0.0865357 -0.0983127 0.991386
    outer loop
      vertex -68.662 -25.9379 40.3808
      vertex -68.7602 -25.8519 40.3979
      vertex -68.6812 -25.9548 40.3808
    endloop
  endfacet
  facet normal 0.130607 0.00921932 0.991391
    outer loop
      vertex -68.6066 31.2255 40.3808
      vertex -68.7352 31.2085 40.3979
      vertex -68.7346 31.2 40.3979
    endloop
  endfacet
  facet normal 0 -0.382172 0.924091
    outer loop
      vertex -95.2 -26.1214 40.3469
      vertex -68.8 -26.2423 40.2969
      vertex -68.8 -26.1214 40.3469
    endloop
  endfacet
  facet normal 0 -0.382172 0.924091
    outer loop
      vertex -68.8 -26.2423 40.2969
      vertex -95.2 -26.1214 40.3469
      vertex -95.2 -26.2423 40.2969
    endloop
  endfacet
  facet normal 0 -0.499921 0.866071
    outer loop
      vertex -95.2 -26.2423 40.2969
      vertex -68.8 -26.3556 40.2315
      vertex -68.8 -26.2423 40.2969
    endloop
  endfacet
  facet normal 0 -0.499921 0.866071
    outer loop
      vertex -68.8 -26.3556 40.2315
      vertex -95.2 -26.2423 40.2969
      vertex -95.2 -26.3556 40.2315
    endloop
  endfacet
  facet normal 0.11746 0.0579672 0.991384
    outer loop
      vertex -68.6198 31.2747 40.3808
      vertex -68.7434 31.2327 40.3979
      vertex -68.7396 31.225 40.3979
    endloop
  endfacet
  facet normal -0.0726493 -0.108974 0.991386
    outer loop
      vertex -95.2398 -25.8519 40.3979
      vertex -95.3188 -25.9548 40.3808
      vertex -95.2975 -25.969 40.3808
    endloop
  endfacet
  facet normal 0.0251728 -0.382229 0.923725
    outer loop
      vertex -68.758 -26.1187 40.3469
      vertex -68.8 -26.2423 40.2969
      vertex -68.7423 -26.2385 40.2969
    endloop
  endfacet
  facet normal 0.128506 -0.0257012 0.991376
    outer loop
      vertex -68.6066 -25.8255 40.3808
      vertex -68.7368 -25.8169 40.3979
      vertex -68.6116 -25.8505 40.3808
    endloop
  endfacet
  facet normal 0.254603 -0.0506733 0.965717
    outer loop
      vertex -68.4813 -25.842 40.3469
      vertex -68.6066 -25.8255 40.3808
      vertex -68.4895 -25.8832 40.3469
    endloop
  endfacet
  facet normal 0.362744 -0.123121 0.923719
    outer loop
      vertex -68.3728 -25.9145 40.2969
      vertex -68.4895 -25.8832 40.3469
      vertex -68.3914 -25.9693 40.2969
    endloop
  endfacet
  facet normal 0.608589 -0.039583 0.792498
    outer loop
      vertex -68.1407 -25.8 40.1518
      vertex -68.2492 -25.8725 40.2315
      vertex -68.1463 -25.8861 40.1518
    endloop
  endfacet
  facet normal 0.491177 -0.0978221 0.86555
    outer loop
      vertex -68.2492 -25.8725 40.2315
      vertex -68.3615 -25.8577 40.2969
      vertex -68.2634 -25.9438 40.2315
    endloop
  endfacet
  facet normal 0.546891 -0.269912 0.792501
    outer loop
      vertex -68.1908 -26.0523 40.1518
      vertex -68.2867 -26.0126 40.2315
      vertex -68.229 -26.1297 40.1518
    endloop
  endfacet
  facet normal 0.577568 -0.195822 0.792508
    outer loop
      vertex -68.1631 -25.9706 40.1518
      vertex -68.2867 -26.0126 40.2315
      vertex -68.1908 -26.0523 40.1518
    endloop
  endfacet
  facet normal 0.79288 -0 0.609378
    outer loop
      vertex -68.0482 -25.8 40.0593
      vertex -67.9685 31.2 39.9556
      vertex -68.0482 31.2 40.0593
    endloop
  endfacet
  facet normal 0.79288 0 0.609378
    outer loop
      vertex -67.9685 31.2 39.9556
      vertex -68.0482 -25.8 40.0593
      vertex -67.9685 -25.8 39.9556
    endloop
  endfacet
  facet normal 0.659825 -0.441098 0.608328
    outer loop
      vertex -68.0799 -26.2157 39.9556
      vertex -68.1489 -26.1759 40.0593
      vertex -68.1404 -26.3062 39.9556
    endloop
  endfacet
  facet normal 0.720477 -0.481645 0.49893
    outer loop
      vertex -68.0799 -26.2157 39.9556
      vertex -68.1404 -26.3062 39.9556
      vertex -68.0233 -26.2484 39.8423
    endloop
  endfacet
  facet normal 0.441242 -0.660039 0.607991
    outer loop
      vertex -68.3423 -26.3965 40.0593
      vertex -68.3843 -26.5201 39.9556
      vertex -68.2938 -26.4596 39.9556
    endloop
  endfacet
  facet normal 0.481645 -0.720477 0.49893
    outer loop
      vertex -68.2938 -26.4596 39.9556
      vertex -68.3843 -26.5201 39.9556
      vertex -68.3516 -26.5767 39.8423
    endloop
  endfacet
  facet normal 0.660364 -0.440781 0.607973
    outer loop
      vertex -68.1489 -26.1759 40.0593
      vertex -68.2035 -26.2577 40.0593
      vertex -68.1404 -26.3062 39.9556
    endloop
  endfacet
  facet normal 0.588746 -0.392977 0.706362
    outer loop
      vertex -68.1489 -26.1759 40.0593
      vertex -68.2769 -26.2014 40.1518
      vertex -68.2035 -26.2577 40.0593
    endloop
  endfacet
  facet normal 0.531892 -0.467115 0.706325
    outer loop
      vertex -68.2035 -26.2577 40.0593
      vertex -68.3338 -26.2662 40.1518
      vertex -68.2684 -26.3316 40.0593
    endloop
  endfacet
  facet normal 0.531906 -0.46706 0.70635
    outer loop
      vertex -68.2769 -26.2014 40.1518
      vertex -68.3338 -26.2662 40.1518
      vertex -68.2035 -26.2577 40.0593
    endloop
  endfacet
  facet normal -0.338549 -0.507404 -0.792417
    outer loop
      vertex -95.4778 -26.2811 38.1685
      vertex -95.6014 -26.3231 38.2482
      vertex -95.5382 -26.2408 38.1685
    endloop
  endfacet
  facet normal -0.277872 -0.416464 -0.865647
    outer loop
      vertex -95.4778 -26.2811 38.1685
      vertex -95.5382 -26.2408 38.1685
      vertex -95.4692 -26.1509 38.1031
    endloop
  endfacet
  facet normal -0.212899 -0.318439 -0.923727
    outer loop
      vertex -95.3607 -26.0784 38.0531
      vertex -95.4692 -26.1509 38.1031
      vertex -95.3957 -26.055 38.0531
    endloop
  endfacet
  facet normal -0.212695 -0.318711 -0.92368
    outer loop
      vertex -95.4211 -26.183 38.1031
      vertex -95.4692 -26.1509 38.1031
      vertex -95.3607 -26.0784 38.0531
    endloop
  endfacet
  facet normal 0 -0.707107 -0.707107
    outer loop
      vertex -95.2 -26.5518 38.3407
      vertex -68.8 -26.4593 38.2482
      vertex -68.8 -26.5518 38.3407
    endloop
  endfacet
  facet normal -0 -0.707107 -0.707107
    outer loop
      vertex -68.8 -26.4593 38.2482
      vertex -95.2 -26.5518 38.3407
      vertex -95.2 -26.4593 38.2482
    endloop
  endfacet
  facet normal -0.039583 -0.608589 -0.792498
    outer loop
      vertex -95.2 -26.4593 38.2482
      vertex -95.2861 -26.4537 38.2482
      vertex -95.2725 -26.3508 38.1685
    endloop
  endfacet
  facet normal -0.119116 -0.598096 -0.792523
    outer loop
      vertex -95.2861 -26.4537 38.2482
      vertex -95.3438 -26.3366 38.1685
      vertex -95.2725 -26.3508 38.1685
    endloop
  endfacet
  facet normal -0.531892 -0.467115 -0.706325
    outer loop
      vertex -95.7316 -26.3316 38.3407
      vertex -95.7965 -26.2577 38.3407
      vertex -95.6662 -26.2662 38.2482
    endloop
  endfacet
  facet normal -0.467078 -0.531927 -0.706323
    outer loop
      vertex -95.6014 -26.3231 38.2482
      vertex -95.7316 -26.3316 38.3407
      vertex -95.6662 -26.2662 38.2482
    endloop
  endfacet
  facet normal 0.169618 -0.849685 -0.499264
    outer loop
      vertex -68.5679 -26.6663 38.5577
      vertex -68.6915 -26.6244 38.4444
      vertex -68.5848 -26.6031 38.4444
    endloop
  endfacet
  facet normal 0.169249 -0.84994 -0.498956
    outer loop
      vertex -68.6829 -26.6892 38.5577
      vertex -68.6915 -26.6244 38.4444
      vertex -68.5679 -26.6663 38.5577
    endloop
  endfacet
  facet normal 0.27843 -0.820519 -0.499225
    outer loop
      vertex -68.5679 -26.6663 38.5577
      vertex -68.5848 -26.6031 38.4444
      vertex -68.4568 -26.6286 38.5577
    endloop
  endfacet
  facet normal 0.313327 -0.634857 -0.706246
    outer loop
      vertex -68.4241 -26.4511 38.3407
      vertex -68.5477 -26.4092 38.2482
      vertex -68.4703 -26.371 38.2482
    endloop
  endfacet
  facet normal 0.0518146 -0.791815 -0.60856
    outer loop
      vertex -68.6915 -26.6244 38.4444
      vertex -68.8 -26.6315 38.4444
      vertex -68.8 -26.5518 38.3407
    endloop
  endfacet
  facet normal 0.25475 -0.751841 -0.608143
    outer loop
      vertex -68.5848 -26.6031 38.4444
      vertex -68.6054 -26.5262 38.3407
      vertex -68.4818 -26.5682 38.4444
    endloop
  endfacet
  facet normal 0.278116 -0.820802 -0.498935
    outer loop
      vertex -68.4568 -26.6286 38.5577
      vertex -68.5848 -26.6031 38.4444
      vertex -68.4818 -26.5682 38.4444
    endloop
  endfacet
  facet normal -0.188286 -0.947453 -0.258613
    outer loop
      vertex -95.328 -26.7724 38.8049
      vertex -95.4538 -26.7474 38.8049
      vertex -95.3236 -26.7388 38.6786
    endloop
  endfacet
  facet normal -0.187961 -0.947606 -0.25829
    outer loop
      vertex -95.3236 -26.7388 38.6786
      vertex -95.4538 -26.7474 38.8049
      vertex -95.4451 -26.7147 38.6786
    endloop
  endfacet
  facet normal 0.056583 -0.864683 -0.49912
    outer loop
      vertex -68.6915 -26.6244 38.4444
      vertex -68.8 -26.6969 38.5577
      vertex -68.8 -26.6315 38.4444
    endloop
  endfacet
  facet normal 0.0568645 -0.864784 -0.498915
    outer loop
      vertex -68.6829 -26.6892 38.5577
      vertex -68.8 -26.6969 38.5577
      vertex -68.6915 -26.6244 38.4444
    endloop
  endfacet
  facet normal -0.0518146 -0.791815 -0.60856
    outer loop
      vertex -95.2 -26.6315 38.4444
      vertex -95.3085 -26.6244 38.4444
      vertex -95.2 -26.5518 38.3407
    endloop
  endfacet
  facet normal -0.25475 -0.751841 -0.608143
    outer loop
      vertex -95.4152 -26.6031 38.4444
      vertex -95.5182 -26.5682 38.4444
      vertex -95.3946 -26.5262 38.3407
    endloop
  endfacet
  facet normal -0.25508 -0.751517 -0.608405
    outer loop
      vertex -95.3946 -26.5262 38.3407
      vertex -95.5182 -26.5682 38.4444
      vertex -95.4877 -26.4946 38.3407
    endloop
  endfacet
  facet normal 0.310901 -0.914636 -0.258422
    outer loop
      vertex -68.4247 -26.7061 38.8049
      vertex -68.5462 -26.7474 38.8049
      vertex -68.4376 -26.6748 38.6786
    endloop
  endfacet
  facet normal 0.319081 -0.938701 -0.130489
    outer loop
      vertex -68.5417 -26.7639 38.9346
      vertex -68.5462 -26.7474 38.8049
      vertex -68.4247 -26.7061 38.8049
    endloop
  endfacet
  facet normal 0.426716 -0.866694 0.25837
    outer loop
      vertex -68.3265 -26.6201 39.7214
      vertex -68.4376 -26.6748 39.7214
      vertex -68.4247 -26.7061 39.5951
    endloop
  endfacet
  facet normal 0.193263 -0.972497 0.129995
    outer loop
      vertex -68.5462 -26.7474 39.5951
      vertex -68.672 -26.7724 39.5951
      vertex -68.6698 -26.7893 39.4654
    endloop
  endfacet
  facet normal 0.947453 -0.188286 -0.258613
    outer loop
      vertex -67.8526 -26.0538 38.8049
      vertex -67.8612 -25.9236 38.6786
      vertex -67.8276 -25.928 38.8049
    endloop
  endfacet
  facet normal 0.989301 -0.0653456 -0.130432
    outer loop
      vertex -67.8107 -25.9302 38.9346
      vertex -67.8192 -25.8 38.8049
      vertex -67.8021 -25.8 38.9346
    endloop
  endfacet
  facet normal 0.426924 -0.866649 -0.258178
    outer loop
      vertex -68.3096 -26.6494 38.8049
      vertex -68.4247 -26.7061 38.8049
      vertex -68.3265 -26.6201 38.6786
    endloop
  endfacet
  facet normal 0.426716 -0.866694 -0.25837
    outer loop
      vertex -68.4247 -26.7061 38.8049
      vertex -68.4376 -26.6748 38.6786
      vertex -68.3265 -26.6201 38.6786
    endloop
  endfacet
  facet normal 0.513864 -0.768185 -0.381884
    outer loop
      vertex -68.2235 -26.5512 38.6786
      vertex -68.3265 -26.6201 38.6786
      vertex -68.254 -26.5115 38.5577
    endloop
  endfacet
  facet normal 0.660364 -0.440781 -0.607973
    outer loop
      vertex -68.1404 -26.3062 38.4444
      vertex -68.2035 -26.2577 38.3407
      vertex -68.1489 -26.1759 38.3407
    endloop
  endfacet
  facet normal 0.659825 -0.441098 -0.608328
    outer loop
      vertex -68.1404 -26.3062 38.4444
      vertex -68.1489 -26.1759 38.3407
      vertex -68.0799 -26.2157 38.4444
    endloop
  endfacet
  facet normal 0.588706 -0.393292 -0.70622
    outer loop
      vertex -68.1489 -26.1759 38.3407
      vertex -68.2769 -26.2014 38.2482
      vertex -68.229 -26.1297 38.2482
    endloop
  endfacet
  facet normal 0.84994 -0.169249 -0.498956
    outer loop
      vertex -67.9337 -26.0321 38.5577
      vertex -67.9756 -25.9085 38.4444
      vertex -67.9108 -25.9171 38.5577
    endloop
  endfacet
  facet normal 0.906279 -0.180468 -0.382217
    outer loop
      vertex -67.8853 -26.0451 38.6786
      vertex -67.9337 -26.0321 38.5577
      vertex -67.9108 -25.9171 38.5577
    endloop
  endfacet
  facet normal 0.751841 -0.25475 -0.608143
    outer loop
      vertex -68.0318 -26.1182 38.4444
      vertex -68.0738 -25.9946 38.3407
      vertex -67.9969 -26.0152 38.4444
    endloop
  endfacet
  facet normal 0.768336 -0.513274 -0.382374
    outer loop
      vertex -67.9799 -26.2735 38.6786
      vertex -68.0885 -26.346 38.5577
      vertex -68.0233 -26.2484 38.5577
    endloop
  endfacet
  facet normal 0.866649 -0.426924 -0.258178
    outer loop
      vertex -67.9506 -26.2904 38.8049
      vertex -67.9799 -26.2735 38.6786
      vertex -67.8939 -26.1753 38.8049
    endloop
  endfacet
  facet normal 0.889425 -0.438144 -0.130206
    outer loop
      vertex -67.9358 -26.2989 38.9346
      vertex -67.9506 -26.2904 38.8049
      vertex -67.8939 -26.1753 38.8049
    endloop
  endfacet
  facet normal 0.63503 -0.313195 -0.706148
    outer loop
      vertex -68.1489 -26.1759 38.3407
      vertex -68.1908 -26.0523 38.2482
      vertex -68.1054 -26.0877 38.3407
    endloop
  endfacet
  facet normal 0.634857 -0.313327 -0.706246
    outer loop
      vertex -68.1489 -26.1759 38.3407
      vertex -68.229 -26.1297 38.2482
      vertex -68.1908 -26.0523 38.2482
    endloop
  endfacet
  facet normal -0.0977293 0.491241 -0.865524
    outer loop
      vertex -95.3145 31.6272 38.1031
      vertex -95.3438 31.7366 38.1685
      vertex -95.2577 31.6385 38.1031
    endloop
  endfacet
  facet normal -0.160659 0.474391 -0.86553
    outer loop
      vertex -95.3145 31.6272 38.1031
      vertex -95.4126 31.7133 38.1685
      vertex -95.3438 31.7366 38.1685
    endloop
  endfacet
  facet normal -0.318711 -0.212695 0.92368
    outer loop
      vertex -95.4784 -25.9607 40.3469
      vertex -95.583 -26.0211 40.2969
      vertex -95.5509 -26.0692 40.2969
    endloop
  endfacet
  facet normal -0.34363 -0.169537 0.923675
    outer loop
      vertex -95.497 -25.923 40.3469
      vertex -95.583 -26.0211 40.2969
      vertex -95.4784 -25.9607 40.3469
    endloop
  endfacet
  facet normal 0.117387 0.0581789 0.991381
    outer loop
      vertex -68.6311 31.2975 40.3808
      vertex -68.7434 31.2327 40.3979
      vertex -68.6198 31.2747 40.3808
    endloop
  endfacet
  facet normal 0.0870445 -0.0977342 0.991399
    outer loop
      vertex -68.7538 -25.8462 40.3979
      vertex -68.7602 -25.8519 40.3979
      vertex -68.662 -25.9379 40.3808
    endloop
  endfacet
  facet normal -0.123761 -0.0427814 0.991389
    outer loop
      vertex -95.2632 -25.8169 40.3979
      vertex -95.3802 -25.8747 40.3808
      vertex -95.2604 -25.825 40.3979
    endloop
  endfacet
  facet normal 0.25508 -0.751517 0.608405
    outer loop
      vertex -68.5123 -26.4946 40.0593
      vertex -68.6054 -26.5262 40.0593
      vertex -68.4818 -26.5682 39.9556
    endloop
  endfacet
  facet normal 0.351118 -0.711726 0.60841
    outer loop
      vertex -68.3843 -26.5201 39.9556
      vertex -68.5123 -26.4946 40.0593
      vertex -68.4818 -26.5682 39.9556
    endloop
  endfacet
  facet normal 0.0460866 -0.706421 0.70629
    outer loop
      vertex -68.7139 -26.4537 40.1518
      vertex -68.8 -26.5518 40.0593
      vertex -68.7019 -26.5454 40.0593
    endloop
  endfacet
  facet normal 0.138149 -0.694343 0.70626
    outer loop
      vertex -68.6054 -26.5262 40.0593
      vertex -68.7139 -26.4537 40.1518
      vertex -68.7019 -26.5454 40.0593
    endloop
  endfacet
  facet normal -0.254496 -0.0508992 0.965733
    outer loop
      vertex -95.3934 -25.8255 40.3808
      vertex -95.5105 -25.8832 40.3469
      vertex -95.3884 -25.8505 40.3808
    endloop
  endfacet
  facet normal -0.245819 -0.0832941 0.96573
    outer loop
      vertex -95.3884 -25.8505 40.3808
      vertex -95.5105 -25.8832 40.3469
      vertex -95.3802 -25.8747 40.3808
    endloop
  endfacet
  facet normal 0.130607 -0.00921932 0.991391
    outer loop
      vertex -68.7346 -25.8 40.3979
      vertex -68.7352 -25.8085 40.3979
      vertex -68.6066 -25.8255 40.3808
    endloop
  endfacet
  facet normal -0.577486 0.196034 0.792515
    outer loop
      vertex -95.8092 31.4523 40.1518
      vertex -95.8369 31.3707 40.1518
      vertex -95.7133 31.4126 40.2315
    endloop
  endfacet
  facet normal -0.330634 0.376096 0.865582
    outer loop
      vertex -95.5382 31.6408 40.2315
      vertex -95.5928 31.5928 40.2315
      vertex -95.5127 31.5127 40.2969
    endloop
  endfacet
  facet normal -0.169537 0.34363 0.923675
    outer loop
      vertex -95.323 31.497 40.3469
      vertex -95.4211 31.583 40.2969
      vertex -95.3607 31.4784 40.3469
    endloop
  endfacet
  facet normal -0.0833736 0.245798 0.965729
    outer loop
      vertex -95.2832 31.5105 40.3469
      vertex -95.323 31.497 40.3469
      vertex -95.2505 31.3884 40.3808
    endloop
  endfacet
  facet normal -0.311111 0.914618 0.258232
    outer loop
      vertex -95.4538 32.1474 39.5951
      vertex -95.5624 32.0748 39.7214
      vertex -95.4451 32.1147 39.7214
    endloop
  endfacet
  facet normal -0.297581 0.874843 0.382225
    outer loop
      vertex -95.4451 32.1147 39.7214
      vertex -95.5624 32.0748 39.7214
      vertex -95.4321 32.0663 39.8423
    endloop
  endfacet
  facet normal -0.571131 0.651666 0.499139
    outer loop
      vertex -95.746 31.9115 39.8423
      vertex -95.8342 31.8342 39.8423
      vertex -95.7062 31.8596 39.9556
    endloop
  endfacet
  facet normal -0.571402 0.651096 0.499573
    outer loop
      vertex -95.7062 31.8596 39.9556
      vertex -95.8342 31.8342 39.8423
      vertex -95.7879 31.7879 39.9556
    endloop
  endfacet
  facet normal -0.481645 0.720477 0.49893
    outer loop
      vertex -95.6484 31.9767 39.8423
      vertex -95.7062 31.8596 39.9556
      vertex -95.6157 31.9201 39.9556
    endloop
  endfacet
  facet normal -0.196034 0.577486 0.792515
    outer loop
      vertex -95.3707 31.8369 40.1518
      vertex -95.4523 31.8092 40.1518
      vertex -95.4126 31.7133 40.2315
    endloop
  endfacet
  facet normal -0.0516632 0.7919 0.608461
    outer loop
      vertex -95.2 31.9518 40.0593
      vertex -95.3085 32.0244 39.9556
      vertex -95.2981 31.9454 40.0593
    endloop
  endfacet
  facet normal -0.154858 0.778323 0.608467
    outer loop
      vertex -95.3085 32.0244 39.9556
      vertex -95.3946 31.9262 40.0593
      vertex -95.2981 31.9454 40.0593
    endloop
  endfacet
  facet normal -0.0245608 0.382056 0.923813
    outer loop
      vertex -95.2 31.6423 40.2969
      vertex -95.242 31.5187 40.3469
      vertex -95.2 31.5214 40.3469
    endloop
  endfacet
  facet normal -0.160659 0.474391 0.86553
    outer loop
      vertex -95.3438 31.7366 40.2315
      vertex -95.4126 31.7133 40.2315
      vertex -95.3145 31.6272 40.2969
    endloop
  endfacet
  facet normal -0.227612 0.670509 0.706123
    outer loop
      vertex -95.3946 31.9262 40.0593
      vertex -95.4523 31.8092 40.1518
      vertex -95.3707 31.8369 40.1518
    endloop
  endfacet
  facet normal -0.227583 0.670505 0.706136
    outer loop
      vertex -95.3946 31.9262 40.0593
      vertex -95.4877 31.8946 40.0593
      vertex -95.4523 31.8092 40.1518
    endloop
  endfacet
  facet normal 0.138149 0.694343 0.70626
    outer loop
      vertex -68.7019 31.9454 40.0593
      vertex -68.7139 31.8537 40.1518
      vertex -68.6054 31.9262 40.0593
    endloop
  endfacet
  facet normal 0.0460866 0.706421 0.70629
    outer loop
      vertex -68.7019 31.9454 40.0593
      vertex -68.8 31.9518 40.0593
      vertex -68.7139 31.8537 40.1518
    endloop
  endfacet
  facet normal -0.7919 0.0516632 0.608461
    outer loop
      vertex -95.9454 31.2981 40.0593
      vertex -96.0244 31.3085 39.9556
      vertex -95.9518 31.2 40.0593
    endloop
  endfacet
  facet normal -0.866541 0.427421 0.257718
    outer loop
      vertex -96.0201 31.6735 39.7214
      vertex -96.1061 31.5753 39.5951
      vertex -96.0749 31.5624 39.7214
    endloop
  endfacet
  facet normal -0.947453 0.188286 0.258613
    outer loop
      vertex -96.1474 31.4538 39.5951
      vertex -96.1724 31.328 39.5951
      vertex -96.1388 31.3236 39.7214
    endloop
  endfacet
  facet normal -0.938721 0.318983 0.130587
    outer loop
      vertex -96.1219 31.5819 39.4654
      vertex -96.1639 31.4583 39.4654
      vertex -96.1061 31.5753 39.5951
    endloop
  endfacet
  facet normal -0.889181 0.438511 0.130634
    outer loop
      vertex -96.0642 31.6989 39.4654
      vertex -96.1219 31.5819 39.4654
      vertex -96.1061 31.5753 39.5951
    endloop
  endfacet
  facet normal -0.84994 0.169249 0.498956
    outer loop
      vertex -96.0663 31.4321 39.8423
      vertex -96.0892 31.3171 39.8423
      vertex -96.0244 31.3085 39.9556
    endloop
  endfacet
  facet normal -0.864784 0.0568645 0.498915
    outer loop
      vertex -96.0892 31.3171 39.8423
      vertex -96.0969 31.2 39.8423
      vertex -96.0244 31.3085 39.9556
    endloop
  endfacet
  facet normal -0.99142 0 0.130712
    outer loop
      vertex -96.1979 -25.8 39.4654
      vertex -96.1808 31.2 39.5951
      vertex -96.1979 31.2 39.4654
    endloop
  endfacet
  facet normal -0.99142 0 0.130712
    outer loop
      vertex -96.1808 31.2 39.5951
      vertex -96.1979 -25.8 39.4654
      vertex -96.1808 -25.8 39.5951
    endloop
  endfacet
  facet normal -0.537089 0.802905 0.258608
    outer loop
      vertex -95.6735 32.0201 39.7214
      vertex -95.7971 31.9781 39.5951
      vertex -95.7765 31.9512 39.7214
    endloop
  endfacet
  facet normal -0.636717 0.726451 0.258574
    outer loop
      vertex -95.7971 31.9781 39.5951
      vertex -95.8696 31.8696 39.7214
      vertex -95.7765 31.9512 39.7214
    endloop
  endfacet
  facet normal -0.55084 0.824328 0.130606
    outer loop
      vertex -95.6904 32.0494 39.5951
      vertex -95.8075 31.9917 39.4654
      vertex -95.7971 31.9781 39.5951
    endloop
  endfacet
  facet normal -0.536764 0.803264 0.258171
    outer loop
      vertex -95.6904 32.0494 39.5951
      vertex -95.7971 31.9781 39.5951
      vertex -95.6735 32.0201 39.7214
    endloop
  endfacet
  facet normal -0.653999 0.745149 0.13053
    outer loop
      vertex -95.8075 31.9917 39.4654
      vertex -95.9056 31.9056 39.4654
      vertex -95.8935 31.8935 39.5951
    endloop
  endfacet
  facet normal -0.802905 0.537089 0.258608
    outer loop
      vertex -95.9781 31.7971 39.5951
      vertex -96.0201 31.6735 39.7214
      vertex -95.9512 31.7765 39.7214
    endloop
  endfacet
  facet normal -0.828695 0.408753 0.382341
    outer loop
      vertex -96.0201 31.6735 39.7214
      vertex -96.0749 31.5624 39.7214
      vertex -95.9767 31.6484 39.8423
    endloop
  endfacet
  facet normal -0.820802 0.278116 0.498935
    outer loop
      vertex -95.9682 31.5182 39.9556
      vertex -96.0286 31.5432 39.8423
      vertex -96.0031 31.4152 39.9556
    endloop
  endfacet
  facet normal -0.706421 0.0460866 0.70629
    outer loop
      vertex -95.9454 31.2981 40.0593
      vertex -95.9518 31.2 40.0593
      vertex -95.8537 31.2861 40.1518
    endloop
  endfacet
  facet normal -0.598096 0.119116 0.792523
    outer loop
      vertex -95.7366 31.3438 40.2315
      vertex -95.8537 31.2861 40.1518
      vertex -95.7508 31.2725 40.2315
    endloop
  endfacet
  facet normal 0.118752 0.598002 0.792648
    outer loop
      vertex -68.6293 31.8369 40.1518
      vertex -68.7139 31.8537 40.1518
      vertex -68.6562 31.7366 40.2315
    endloop
  endfacet
  facet normal 0.0747484 0.375726 0.923711
    outer loop
      vertex -68.7423 31.6385 40.2969
      vertex -68.758 31.5187 40.3469
      vertex -68.6855 31.6272 40.2969
    endloop
  endfacet
  facet normal 0.338549 0.507404 0.792417
    outer loop
      vertex -68.3986 31.7231 40.1518
      vertex -68.5222 31.6811 40.2315
      vertex -68.4618 31.6408 40.2315
    endloop
  endfacet
  facet normal 0.33875 0.507064 0.792549
    outer loop
      vertex -68.4703 31.771 40.1518
      vertex -68.5222 31.6811 40.2315
      vertex -68.3986 31.7231 40.1518
    endloop
  endfacet
  facet normal -0.144323 0.215868 0.965698
    outer loop
      vertex -95.3607 31.4784 40.3469
      vertex -95.3957 31.455 40.3469
      vertex -95.2975 31.369 40.3808
    endloop
  endfacet
  facet normal -0.0726493 0.108974 0.991386
    outer loop
      vertex -95.2975 31.369 40.3808
      vertex -95.3188 31.3548 40.3808
      vertex -95.2398 31.2519 40.3979
    endloop
  endfacet
  facet normal 0.232614 -0.115287 0.965712
    outer loop
      vertex -68.6198 -25.8747 40.3808
      vertex -68.6311 -25.8975 40.3808
      vertex -68.503 -25.923 40.3469
    endloop
  endfacet
  facet normal -0.0833023 0.245843 0.965723
    outer loop
      vertex -95.2505 31.3884 40.3808
      vertex -95.323 31.497 40.3469
      vertex -95.2747 31.3802 40.3808
    endloop
  endfacet
  facet normal -0.0420562 0.124117 0.991376
    outer loop
      vertex -95.2505 31.3884 40.3808
      vertex -95.2747 31.3802 40.3808
      vertex -95.2169 31.2632 40.3979
    endloop
  endfacet
  facet normal 0.27843 0.820519 0.499225
    outer loop
      vertex -68.5679 32.0663 39.8423
      vertex -68.5848 32.0031 39.9556
      vertex -68.4568 32.0286 39.8423
    endloop
  endfacet
  facet normal 0.278116 0.820802 0.498935
    outer loop
      vertex -68.4568 32.0286 39.8423
      vertex -68.5848 32.0031 39.9556
      vertex -68.4818 31.9682 39.9556
    endloop
  endfacet
  facet normal 0.179792 0.90642 0.3822
    outer loop
      vertex -68.5549 32.1147 39.7214
      vertex -68.6764 32.1388 39.7214
      vertex -68.5679 32.0663 39.8423
    endloop
  endfacet
  facet normal 0.297581 0.874843 0.382225
    outer loop
      vertex -68.5549 32.1147 39.7214
      vertex -68.5679 32.0663 39.8423
      vertex -68.4376 32.0748 39.7214
    endloop
  endfacet
  facet normal 0.426924 0.866649 0.258178
    outer loop
      vertex -68.3096 32.0494 39.5951
      vertex -68.4247 32.1061 39.5951
      vertex -68.3265 32.0201 39.7214
    endloop
  endfacet
  facet normal 0.438144 0.889425 0.130206
    outer loop
      vertex -68.3011 32.0642 39.4654
      vertex -68.4247 32.1061 39.5951
      vertex -68.3096 32.0494 39.5951
    endloop
  endfacet
  facet normal 0.109234 0.0723098 0.991382
    outer loop
      vertex -68.6452 31.3188 40.3808
      vertex -68.7434 31.2327 40.3979
      vertex -68.6311 31.2975 40.3808
    endloop
  endfacet
  facet normal 0.109234 0.0723098 0.991382
    outer loop
      vertex -68.6452 31.3188 40.3808
      vertex -68.7481 31.2398 40.3979
      vertex -68.7434 31.2327 40.3979
    endloop
  endfacet
  facet normal 0.195315 0.17121 0.965681
    outer loop
      vertex -68.5727 31.4273 40.3469
      vertex -68.6452 31.3188 40.3808
      vertex -68.545 31.3957 40.3469
    endloop
  endfacet
  facet normal 0.288069 0.252516 0.923716
    outer loop
      vertex -68.4491 31.4692 40.2969
      vertex -68.5727 31.4273 40.3469
      vertex -68.545 31.3957 40.3469
    endloop
  endfacet
  facet normal 0.0166627 0.259197 0.965681
    outer loop
      vertex -68.8 31.5214 40.3469
      vertex -68.8 31.3951 40.3808
      vertex -68.758 31.5187 40.3469
    endloop
  endfacet
  facet normal 0.160932 0.474144 0.865615
    outer loop
      vertex -68.5874 31.7133 40.2315
      vertex -68.6855 31.6272 40.2969
      vertex -68.6307 31.6086 40.2969
    endloop
  endfacet
  facet normal 0.0427814 0.123761 0.991389
    outer loop
      vertex -68.7253 31.3802 40.3808
      vertex -68.7831 31.2632 40.3979
      vertex -68.775 31.2604 40.3979
    endloop
  endfacet
  facet normal 0.024493 0.128589 0.991396
    outer loop
      vertex -68.7745 31.3934 40.3808
      vertex -68.7915 31.2648 40.3979
      vertex -68.7831 31.2632 40.3979
    endloop
  endfacet
  facet normal 0.651666 0.571131 0.499139
    outer loop
      vertex -68.0885 31.746 39.8423
      vertex -68.1658 31.8342 39.8423
      vertex -68.1404 31.7062 39.9556
    endloop
  endfacet
  facet normal 0.720533 0.48134 0.499144
    outer loop
      vertex -68.0885 31.746 39.8423
      vertex -68.1404 31.7062 39.9556
      vertex -68.0233 31.6484 39.8423
    endloop
  endfacet
  facet normal 0.537089 0.802905 0.258608
    outer loop
      vertex -68.2029 31.9781 39.5951
      vertex -68.3265 32.0201 39.7214
      vertex -68.2235 31.9512 39.7214
    endloop
  endfacet
  facet normal 0.609172 0.695024 0.381904
    outer loop
      vertex -68.2235 31.9512 39.7214
      vertex -68.254 31.9115 39.8423
      vertex -68.1304 31.8696 39.7214
    endloop
  endfacet
  facet normal 0.651096 0.571402 0.499573
    outer loop
      vertex -68.1658 31.8342 39.8423
      vertex -68.2121 31.7879 39.9556
      vertex -68.1404 31.7062 39.9556
    endloop
  endfacet
  facet normal 0.571402 0.651096 0.499573
    outer loop
      vertex -68.1658 31.8342 39.8423
      vertex -68.2938 31.8596 39.9556
      vertex -68.2121 31.7879 39.9556
    endloop
  endfacet
  facet normal 0.270021 0.546751 -0.79256
    outer loop
      vertex -68.5222 31.6811 38.1685
      vertex -68.5874 31.7133 38.1685
      vertex -68.4703 31.771 38.2482
    endloop
  endfacet
  facet normal 0.269912 0.546891 -0.792501
    outer loop
      vertex -68.4703 31.771 38.2482
      vertex -68.5874 31.7133 38.1685
      vertex -68.5477 31.8092 38.2482
    endloop
  endfacet
  facet normal 0.402358 0.458221 -0.792554
    outer loop
      vertex -68.3338 31.6662 38.2482
      vertex -68.4072 31.5928 38.1685
      vertex -68.3986 31.7231 38.2482
    endloop
  endfacet
  facet normal 0.467099 0.531874 -0.706349
    outer loop
      vertex -68.2684 31.7316 38.3407
      vertex -68.3986 31.7231 38.2482
      vertex -68.3423 31.7965 38.3407
    endloop
  endfacet
  facet normal 0.523598 0.596624 -0.608182
    outer loop
      vertex -68.2684 31.7316 38.3407
      vertex -68.2938 31.8596 38.4444
      vertex -68.2121 31.7879 38.4444
    endloop
  endfacet
  facet normal 0.523892 0.596542 -0.608009
    outer loop
      vertex -68.2684 31.7316 38.3407
      vertex -68.3423 31.7965 38.3407
      vertex -68.2938 31.8596 38.4444
    endloop
  endfacet
  facet normal 0.828686 0.408829 -0.38228
    outer loop
      vertex -67.9714 31.5432 38.5577
      vertex -68.0233 31.6484 38.5577
      vertex -67.9251 31.5624 38.6786
    endloop
  endfacet
  facet normal 0.777208 0.383433 -0.498925
    outer loop
      vertex -67.9714 31.5432 38.5577
      vertex -68.0799 31.6157 38.4444
      vertex -68.0233 31.6484 38.5577
    endloop
  endfacet
  facet normal 0.481645 0.720477 -0.49893
    outer loop
      vertex -68.2938 31.8596 38.4444
      vertex -68.3843 31.9201 38.4444
      vertex -68.3516 31.9767 38.5577
    endloop
  endfacet
  facet normal 0.383433 0.777208 -0.498925
    outer loop
      vertex -68.3843 31.9201 38.4444
      vertex -68.4568 32.0286 38.5577
      vertex -68.3516 31.9767 38.5577
    endloop
  endfacet
  facet normal 0.537089 0.802905 -0.258608
    outer loop
      vertex -68.2235 31.9512 38.6786
      vertex -68.3265 32.0201 38.6786
      vertex -68.2029 31.9781 38.8049
    endloop
  endfacet
  facet normal 0.426924 0.866649 -0.258178
    outer loop
      vertex -68.3265 32.0201 38.6786
      vertex -68.4247 32.1061 38.8049
      vertex -68.3096 32.0494 38.8049
    endloop
  endfacet
  facet normal 0.889181 0.438511 -0.130634
    outer loop
      vertex -67.8939 31.5753 38.8049
      vertex -67.9358 31.6989 38.9346
      vertex -67.8781 31.5819 38.9346
    endloop
  endfacet
  facet normal 0.896867 0.442301 0
    outer loop
      vertex -67.8781 31.5819 39.4654
      vertex -67.9358 31.6989 38.9346
      vertex -67.9358 31.6989 39.4654
    endloop
  endfacet
  facet normal 0.896867 0.442301 0
    outer loop
      vertex -67.9358 31.6989 38.9346
      vertex -67.8781 31.5819 39.4654
      vertex -67.8781 31.5819 38.9346
    endloop
  endfacet
  facet normal -0.050914 0.25457 -0.965713
    outer loop
      vertex -95.2255 31.3934 38.0192
      vertex -95.2505 31.3884 38.0192
      vertex -95.242 31.5187 38.0531
    endloop
  endfacet
  facet normal -0.0172669 0.259003 -0.965722
    outer loop
      vertex -95.2255 31.3934 38.0192
      vertex -95.242 31.5187 38.0531
      vertex -95.2 31.3951 38.0192
    endloop
  endfacet
  facet normal -0.0833736 0.245798 -0.965729
    outer loop
      vertex -95.2505 31.3884 38.0192
      vertex -95.323 31.497 38.0531
      vertex -95.2832 31.5105 38.0531
    endloop
  endfacet
  facet normal -0.123048 0.362765 -0.923721
    outer loop
      vertex -95.2832 31.5105 38.0531
      vertex -95.323 31.497 38.0531
      vertex -95.3145 31.6272 38.1031
    endloop
  endfacet
  facet normal -0.144323 0.215868 -0.965698
    outer loop
      vertex -95.2975 31.369 38.0192
      vertex -95.3957 31.455 38.0531
      vertex -95.3607 31.4784 38.0531
    endloop
  endfacet
  facet normal -0.114891 0.23287 -0.965697
    outer loop
      vertex -95.2975 31.369 38.0192
      vertex -95.3607 31.4784 38.0531
      vertex -95.323 31.497 38.0531
    endloop
  endfacet
  facet normal -0.0420562 -0.124117 -0.991376
    outer loop
      vertex -95.2505 -25.9884 38.0192
      vertex -95.2747 -25.9802 38.0192
      vertex -95.2169 -25.8632 38.0021
    endloop
  endfacet
  facet normal -0.0978451 0.0871433 -0.991379
    outer loop
      vertex -95.2519 31.2398 38.0021
      vertex -95.3548 31.3188 38.0192
      vertex -95.2462 31.2462 38.0021
    endloop
  endfacet
  facet normal -0.128589 0.024493 -0.991396
    outer loop
      vertex -95.2648 31.2085 38.0021
      vertex -95.3934 31.2255 38.0192
      vertex -95.2632 31.2169 38.0021
    endloop
  endfacet
  facet normal -0.130607 0.00921932 -0.991391
    outer loop
      vertex -95.2654 31.2 38.0021
      vertex -95.3934 31.2255 38.0192
      vertex -95.2648 31.2085 38.0021
    endloop
  endfacet
  facet normal -0.362794 0.123058 -0.923708
    outer loop
      vertex -95.5105 31.2832 38.0531
      vertex -95.6086 31.3693 38.1031
      vertex -95.497 31.323 38.0531
    endloop
  endfacet
  facet normal -0.343434 0.169728 -0.923713
    outer loop
      vertex -95.497 31.323 38.0531
      vertex -95.6086 31.3693 38.1031
      vertex -95.583 31.4211 38.1031
    endloop
  endfacet
  facet normal -0.232716 0.114815 -0.965744
    outer loop
      vertex -95.3689 31.2975 38.0192
      vertex -95.497 31.323 38.0531
      vertex -95.4784 31.3607 38.0531
    endloop
  endfacet
  facet normal -0.216334 0.143207 -0.965759
    outer loop
      vertex -95.3689 31.2975 38.0192
      vertex -95.4784 31.3607 38.0531
      vertex -95.3548 31.3188 38.0192
    endloop
  endfacet
  facet normal -0.171143 0.195239 -0.965708
    outer loop
      vertex -95.338 31.3379 38.0192
      vertex -95.4273 31.4273 38.0531
      vertex -95.3957 31.455 38.0531
    endloop
  endfacet
  facet normal -0.171631 0.194989 -0.965672
    outer loop
      vertex -95.338 31.3379 38.0192
      vertex -95.3957 31.455 38.0531
      vertex -95.3188 31.3548 38.0192
    endloop
  endfacet
  facet normal 0.259003 0.0172669 -0.965722
    outer loop
      vertex -68.6049 31.2 38.0192
      vertex -68.6066 31.2255 38.0192
      vertex -68.4813 31.242 38.0531
    endloop
  endfacet
  facet normal 0.130707 0.00871377 -0.991383
    outer loop
      vertex -68.6049 31.2 38.0192
      vertex -68.7346 31.2 38.0021
      vertex -68.6066 31.2255 38.0192
    endloop
  endfacet
  facet normal 0.195315 0.17121 -0.965681
    outer loop
      vertex -68.545 31.3957 38.0531
      vertex -68.6452 31.3188 38.0192
      vertex -68.5727 31.4273 38.0531
    endloop
  endfacet
  facet normal 0.288069 0.252516 -0.923716
    outer loop
      vertex -68.545 31.3957 38.0531
      vertex -68.5727 31.4273 38.0531
      vertex -68.4491 31.4692 38.1031
    endloop
  endfacet
  facet normal 0.343434 0.169728 -0.923713
    outer loop
      vertex -68.3914 31.3693 38.1031
      vertex -68.503 31.323 38.0531
      vertex -68.417 31.4211 38.1031
    endloop
  endfacet
  facet normal 0.117387 0.0581789 -0.991381
    outer loop
      vertex -68.6198 31.2747 38.0192
      vertex -68.7434 31.2327 38.0021
      vertex -68.6311 31.2975 38.0192
    endloop
  endfacet
  facet normal 0.232614 0.115287 -0.965712
    outer loop
      vertex -68.6198 31.2747 38.0192
      vertex -68.6311 31.2975 38.0192
      vertex -68.503 31.323 38.0531
    endloop
  endfacet
  facet normal 0.232716 0.114815 -0.965744
    outer loop
      vertex -68.503 31.323 38.0531
      vertex -68.6311 31.2975 38.0192
      vertex -68.5216 31.3607 38.0531
    endloop
  endfacet
  facet normal -0.0579672 -0.11746 -0.991384
    outer loop
      vertex -95.225 -25.8604 38.0021
      vertex -95.2747 -25.9802 38.0192
      vertex -95.2327 -25.8566 38.0021
    endloop
  endfacet
  facet normal 0.050914 0.25457 -0.965713
    outer loop
      vertex -68.7495 31.3884 38.0192
      vertex -68.7745 31.3934 38.0192
      vertex -68.758 31.5187 38.0531
    endloop
  endfacet
  facet normal 0.0506644 0.254558 -0.965729
    outer loop
      vertex -68.7495 31.3884 38.0192
      vertex -68.758 31.5187 38.0531
      vertex -68.7168 31.5105 38.0531
    endloop
  endfacet
  facet normal 0.114891 0.23287 -0.965697
    outer loop
      vertex -68.6393 31.4784 38.0531
      vertex -68.7025 31.369 38.0192
      vertex -68.677 31.497 38.0531
    endloop
  endfacet
  facet normal 0.144323 0.215868 -0.965698
    outer loop
      vertex -68.6043 31.455 38.0531
      vertex -68.7025 31.369 38.0192
      vertex -68.6393 31.4784 38.0531
    endloop
  endfacet
  facet normal -0.438511 0.889181 -0.130634
    outer loop
      vertex -95.5753 32.1061 38.8049
      vertex -95.6989 32.0642 38.9346
      vertex -95.5819 32.1219 38.9346
    endloop
  endfacet
  facet normal -0.828686 0.408829 0.38228
    outer loop
      vertex -95.9767 31.6484 39.8423
      vertex -96.0749 31.5624 39.7214
      vertex -96.0286 31.5432 39.8423
    endloop
  endfacet
  facet normal -0.695032 0.609179 0.381878
    outer loop
      vertex -95.8696 31.8696 39.7214
      vertex -95.9512 31.7765 39.7214
      vertex -95.8342 31.8342 39.8423
    endloop
  endfacet
  facet normal -0.803264 0.536764 0.258171
    outer loop
      vertex -95.9781 31.7971 39.5951
      vertex -96.0494 31.6904 39.5951
      vertex -96.0201 31.6735 39.7214
    endloop
  endfacet
  facet normal -0.824376 0.550872 0.130171
    outer loop
      vertex -95.9781 31.7971 39.5951
      vertex -96.0642 31.6989 39.4654
      vertex -96.0494 31.6904 39.5951
    endloop
  endfacet
  facet normal 0.636717 -0.726451 0.258574
    outer loop
      vertex -68.1304 -26.4696 39.7214
      vertex -68.2235 -26.5512 39.7214
      vertex -68.2029 -26.5781 39.5951
    endloop
  endfacet
  facet normal 0.609172 -0.695024 0.381904
    outer loop
      vertex -68.1304 -26.4696 39.7214
      vertex -68.254 -26.5115 39.8423
      vertex -68.2235 -26.5512 39.7214
    endloop
  endfacet
  facet normal 0.330353 -0.376187 0.86565
    outer loop
      vertex -68.4873 -26.1127 40.2969
      vertex -68.5308 -26.1509 40.2969
      vertex -68.4618 -26.2408 40.2315
    endloop
  endfacet
  facet normal 0.376096 -0.330634 0.865582
    outer loop
      vertex -68.3592 -26.1382 40.2315
      vertex -68.4873 -26.1127 40.2969
      vertex -68.4072 -26.1928 40.2315
    endloop
  endfacet
  facet normal -0.254603 -0.0506733 -0.965717
    outer loop
      vertex -95.5105 -25.8832 38.0531
      vertex -95.5187 -25.842 38.0531
      vertex -95.3934 -25.8255 38.0192
    endloop
  endfacet
  facet normal -0.254496 -0.0508992 -0.965733
    outer loop
      vertex -95.3884 -25.8505 38.0192
      vertex -95.5105 -25.8832 38.0531
      vertex -95.3934 -25.8255 38.0192
    endloop
  endfacet
  facet normal -0.245812 -0.0833786 -0.965725
    outer loop
      vertex -95.497 -25.923 38.0531
      vertex -95.5105 -25.8832 38.0531
      vertex -95.3802 -25.8747 38.0192
    endloop
  endfacet
  facet normal -0.245819 -0.0832941 -0.96573
    outer loop
      vertex -95.3802 -25.8747 38.0192
      vertex -95.5105 -25.8832 38.0531
      vertex -95.3884 -25.8505 38.0192
    endloop
  endfacet
  facet normal -0.0983014 -0.0864641 -0.991393
    outer loop
      vertex -95.338 -25.9379 38.0192
      vertex -95.3548 -25.9188 38.0192
      vertex -95.2462 -25.8462 38.0021
    endloop
  endfacet
  facet normal -0.195315 -0.17121 -0.965681
    outer loop
      vertex -95.4273 -26.0273 38.0531
      vertex -95.455 -25.9957 38.0531
      vertex -95.3548 -25.9188 38.0192
    endloop
  endfacet
  facet normal 0.0978451 -0.0871433 -0.991379
    outer loop
      vertex -68.6452 -25.9188 38.0192
      vertex -68.7538 -25.8462 38.0021
      vertex -68.7481 -25.8398 38.0021
    endloop
  endfacet
  facet normal -0.114891 -0.23287 -0.965697
    outer loop
      vertex -95.323 -26.097 38.0531
      vertex -95.3607 -26.0784 38.0531
      vertex -95.2975 -25.969 38.0192
    endloop
  endfacet
  facet normal -0.144323 -0.215868 -0.965698
    outer loop
      vertex -95.3607 -26.0784 38.0531
      vertex -95.3957 -26.055 38.0531
      vertex -95.2975 -25.969 38.0192
    endloop
  endfacet
  facet normal -0.160932 -0.474144 -0.865615
    outer loop
      vertex -95.3145 -26.2272 38.1031
      vertex -95.4126 -26.3133 38.1685
      vertex -95.3693 -26.2086 38.1031
    endloop
  endfacet
  facet normal -0.221864 -0.448927 -0.865587
    outer loop
      vertex -95.4126 -26.3133 38.1685
      vertex -95.4211 -26.183 38.1031
      vertex -95.3693 -26.2086 38.1031
    endloop
  endfacet
  facet normal -0.0747771 -0.375709 -0.923716
    outer loop
      vertex -95.242 -26.1187 38.0531
      vertex -95.3145 -26.2272 38.1031
      vertex -95.2832 -26.1105 38.0531
    endloop
  endfacet
  facet normal -0.123048 -0.362765 -0.923721
    outer loop
      vertex -95.3145 -26.2272 38.1031
      vertex -95.323 -26.097 38.0531
      vertex -95.2832 -26.1105 38.0531
    endloop
  endfacet
  facet normal -0.0329114 -0.499734 -0.865554
    outer loop
      vertex -95.2 -26.2423 38.1031
      vertex -95.2725 -26.3508 38.1685
      vertex -95.2577 -26.2385 38.1031
    endloop
  endfacet
  facet normal -0.0978221 -0.491177 -0.86555
    outer loop
      vertex -95.2725 -26.3508 38.1685
      vertex -95.3438 -26.3366 38.1685
      vertex -95.2577 -26.2385 38.1031
    endloop
  endfacet
  facet normal 0.252853 -0.287935 -0.923666
    outer loop
      vertex -68.5308 -26.1509 38.1031
      vertex -68.5727 -26.0273 38.0531
      vertex -68.4873 -26.1127 38.1031
    endloop
  endfacet
  facet normal 0.318439 -0.212899 -0.923727
    outer loop
      vertex -68.4491 -26.0692 38.1031
      vertex -68.545 -25.9957 38.0531
      vertex -68.5216 -25.9607 38.0531
    endloop
  endfacet
  facet normal 0.313195 -0.63503 -0.706148
    outer loop
      vertex -68.5123 -26.4946 38.3407
      vertex -68.5477 -26.4092 38.2482
      vertex -68.4241 -26.4511 38.3407
    endloop
  endfacet
  facet normal 0.123048 -0.362765 -0.923721
    outer loop
      vertex -68.6855 -26.2272 38.1031
      vertex -68.7168 -26.1105 38.0531
      vertex -68.677 -26.097 38.0531
    endloop
  endfacet
  facet normal 0.0833023 -0.245843 -0.965723
    outer loop
      vertex -68.677 -26.097 38.0531
      vertex -68.7495 -25.9884 38.0192
      vertex -68.7253 -25.9802 38.0192
    endloop
  endfacet
  facet normal 0.288069 -0.252516 -0.923716
    outer loop
      vertex -68.4491 -26.0692 38.1031
      vertex -68.5727 -26.0273 38.0531
      vertex -68.545 -25.9957 38.0531
    endloop
  endfacet
  facet normal 0.0726493 -0.108974 -0.991386
    outer loop
      vertex -68.7025 -25.969 38.0192
      vertex -68.7602 -25.8519 38.0021
      vertex -68.6812 -25.9548 38.0192
    endloop
  endfacet
  facet normal -0.024493 -0.128589 -0.991396
    outer loop
      vertex -95.2085 -25.8648 38.0021
      vertex -95.2255 -25.9934 38.0192
      vertex -95.2169 -25.8632 38.0021
    endloop
  endfacet
  facet normal 0.232614 -0.115287 -0.965712
    outer loop
      vertex -68.503 -25.923 38.0531
      vertex -68.6311 -25.8975 38.0192
      vertex -68.6198 -25.8747 38.0192
    endloop
  endfacet
  facet normal 0.232716 -0.114815 -0.965744
    outer loop
      vertex -68.5216 -25.9607 38.0531
      vertex -68.6311 -25.8975 38.0192
      vertex -68.503 -25.923 38.0531
    endloop
  endfacet
  facet normal 0.245812 -0.0833786 -0.965725
    outer loop
      vertex -68.503 -25.923 38.0531
      vertex -68.6198 -25.8747 38.0192
      vertex -68.4895 -25.8832 38.0531
    endloop
  endfacet
  facet normal 0.259003 -0.0172669 -0.965722
    outer loop
      vertex -68.4813 -25.842 38.0531
      vertex -68.6066 -25.8255 38.0192
      vertex -68.6049 -25.8 38.0192
    endloop
  endfacet
  facet normal -0.194942 -0.171468 -0.96571
    outer loop
      vertex -95.338 -25.9379 38.0192
      vertex -95.4273 -26.0273 38.0531
      vertex -95.3548 -25.9188 38.0192
    endloop
  endfacet
  facet normal -0.171143 -0.195239 -0.965708
    outer loop
      vertex -95.3957 -26.055 38.0531
      vertex -95.4273 -26.0273 38.0531
      vertex -95.338 -25.9379 38.0192
    endloop
  endfacet
  facet normal -0.41648 -0.277883 -0.865636
    outer loop
      vertex -95.6408 -26.1382 38.1685
      vertex -95.6811 -26.0778 38.1685
      vertex -95.583 -26.0211 38.1031
    endloop
  endfacet
  facet normal -0.507249 -0.338446 -0.792561
    outer loop
      vertex -95.6408 -26.1382 38.1685
      vertex -95.771 -26.1297 38.2482
      vertex -95.6811 -26.0778 38.1685
    endloop
  endfacet
  facet normal 0.039583 -0.608589 0.792498
    outer loop
      vertex -68.7275 -26.3508 40.2315
      vertex -68.8 -26.4593 40.1518
      vertex -68.7139 -26.4537 40.1518
    endloop
  endfacet
  facet normal 0.402739 -0.458115 0.792421
    outer loop
      vertex -68.4072 -26.1928 40.2315
      vertex -68.4618 -26.2408 40.2315
      vertex -68.3986 -26.3231 40.1518
    endloop
  endfacet
  facet normal 0.259197 -0.0166627 0.965681
    outer loop
      vertex -68.4786 -25.8 40.3469
      vertex -68.6049 -25.8 40.3808
      vertex -68.4813 -25.842 40.3469
    endloop
  endfacet
  facet normal 0.130707 -0.00871377 0.991383
    outer loop
      vertex -68.6049 -25.8 40.3808
      vertex -68.7346 -25.8 40.3979
      vertex -68.6066 -25.8255 40.3808
    endloop
  endfacet
  facet normal 0.109234 -0.0723098 0.991382
    outer loop
      vertex -68.6311 -25.8975 40.3808
      vertex -68.7434 -25.8327 40.3979
      vertex -68.6452 -25.9188 40.3808
    endloop
  endfacet
  facet normal 0.109234 -0.0723098 0.991382
    outer loop
      vertex -68.7434 -25.8327 40.3979
      vertex -68.7481 -25.8398 40.3979
      vertex -68.6452 -25.9188 40.3808
    endloop
  endfacet
  facet normal 0.375717 -0.0747465 0.923715
    outer loop
      vertex -68.3615 -25.8577 40.2969
      vertex -68.4895 -25.8832 40.3469
      vertex -68.3728 -25.9145 40.2969
    endloop
  endfacet
  facet normal 0.491241 -0.0977293 0.865524
    outer loop
      vertex -68.3615 -25.8577 40.2969
      vertex -68.3728 -25.9145 40.2969
      vertex -68.2634 -25.9438 40.2315
    endloop
  endfacet
  facet normal 0.499734 -0.0329114 0.865554
    outer loop
      vertex -68.3577 -25.8 40.2969
      vertex -68.3615 -25.8577 40.2969
      vertex -68.2492 -25.8725 40.2315
    endloop
  endfacet
  facet normal 0.375722 -0.0747796 0.92371
    outer loop
      vertex -68.4813 -25.842 40.3469
      vertex -68.4895 -25.8832 40.3469
      vertex -68.3615 -25.8577 40.2969
    endloop
  endfacet
  facet normal 0.474391 -0.160659 0.86553
    outer loop
      vertex -68.2634 -25.9438 40.2315
      vertex -68.3728 -25.9145 40.2969
      vertex -68.2867 -26.0126 40.2315
    endloop
  endfacet
  facet normal 0.57754 -0.195591 0.792586
    outer loop
      vertex -68.2634 -25.9438 40.2315
      vertex -68.2867 -26.0126 40.2315
      vertex -68.1631 -25.9706 40.1518
    endloop
  endfacet
  facet normal 0.232716 -0.114815 0.965744
    outer loop
      vertex -68.503 -25.923 40.3469
      vertex -68.6311 -25.8975 40.3808
      vertex -68.5216 -25.9607 40.3469
    endloop
  endfacet
  facet normal 0.448927 -0.221864 0.865587
    outer loop
      vertex -68.3914 -25.9693 40.2969
      vertex -68.417 -26.0211 40.2969
      vertex -68.2867 -26.0126 40.2315
    endloop
  endfacet
  facet normal 0.596624 -0.523598 0.608182
    outer loop
      vertex -68.1404 -26.3062 39.9556
      vertex -68.2684 -26.3316 40.0593
      vertex -68.2121 -26.3879 39.9556
    endloop
  endfacet
  facet normal 0.571131 -0.651666 0.499139
    outer loop
      vertex -68.1658 -26.4342 39.8423
      vertex -68.2938 -26.4596 39.9556
      vertex -68.254 -26.5115 39.8423
    endloop
  endfacet
  facet normal -0.0330801 -0.499647 -0.865597
    outer loop
      vertex -95.2 -26.3556 38.1685
      vertex -95.2725 -26.3508 38.1685
      vertex -95.2 -26.2423 38.1031
    endloop
  endfacet
  facet normal -0.0403122 -0.608883 -0.792235
    outer loop
      vertex -95.2 -26.4593 38.2482
      vertex -95.2725 -26.3508 38.1685
      vertex -95.2 -26.3556 38.1685
    endloop
  endfacet
  facet normal 0.227583 -0.670505 -0.706136
    outer loop
      vertex -68.5123 -26.4946 38.3407
      vertex -68.6054 -26.5262 38.3407
      vertex -68.5477 -26.4092 38.2482
    endloop
  endfacet
  facet normal 0.227612 -0.670509 -0.706123
    outer loop
      vertex -68.6054 -26.5262 38.3407
      vertex -68.6293 -26.4369 38.2482
      vertex -68.5477 -26.4092 38.2482
    endloop
  endfacet
  facet normal 0.25508 -0.751517 -0.608405
    outer loop
      vertex -68.4818 -26.5682 38.4444
      vertex -68.6054 -26.5262 38.3407
      vertex -68.5123 -26.4946 38.3407
    endloop
  endfacet
  facet normal 0.351118 -0.711726 -0.60841
    outer loop
      vertex -68.4818 -26.5682 38.4444
      vertex -68.5123 -26.4946 38.3407
      vertex -68.3843 -26.5201 38.4444
    endloop
  endfacet
  facet normal -0.180517 -0.906524 -0.381612
    outer loop
      vertex -95.3236 -26.7388 38.6786
      vertex -95.4321 -26.6663 38.5577
      vertex -95.3171 -26.6892 38.5577
    endloop
  endfacet
  facet normal -0.169249 -0.84994 -0.498956
    outer loop
      vertex -95.3171 -26.6892 38.5577
      vertex -95.4321 -26.6663 38.5577
      vertex -95.3085 -26.6244 38.4444
    endloop
  endfacet
  facet normal 0.310901 -0.914636 0.258422
    outer loop
      vertex -68.4376 -26.6748 39.7214
      vertex -68.5462 -26.7474 39.5951
      vertex -68.4247 -26.7061 39.5951
    endloop
  endfacet
  facet normal 0.311111 -0.914618 0.258232
    outer loop
      vertex -68.4376 -26.6748 39.7214
      vertex -68.5549 -26.7147 39.7214
      vertex -68.5462 -26.7474 39.5951
    endloop
  endfacet
  facet normal 0.426924 -0.866649 0.258178
    outer loop
      vertex -68.3265 -26.6201 39.7214
      vertex -68.4247 -26.7061 39.5951
      vertex -68.3096 -26.6494 39.5951
    endloop
  endfacet
  facet normal 0.438144 -0.889425 0.130206
    outer loop
      vertex -68.3096 -26.6494 39.5951
      vertex -68.4247 -26.7061 39.5951
      vertex -68.3011 -26.6642 39.4654
    endloop
  endfacet
  facet normal 0.989383 -0.0649283 -0.130019
    outer loop
      vertex -67.8107 -25.9302 38.9346
      vertex -67.8276 -25.928 38.8049
      vertex -67.8192 -25.8 38.8049
    endloop
  endfacet
  facet normal 0.972497 -0.193263 -0.129995
    outer loop
      vertex -67.8107 -25.9302 38.9346
      vertex -67.8526 -26.0538 38.8049
      vertex -67.8276 -25.928 38.8049
    endloop
  endfacet
  facet normal 0.609172 -0.695024 -0.381904
    outer loop
      vertex -68.2235 -26.5512 38.6786
      vertex -68.254 -26.5115 38.5577
      vertex -68.1304 -26.4696 38.6786
    endloop
  endfacet
  facet normal 0.636717 -0.726451 -0.258574
    outer loop
      vertex -68.2029 -26.5781 38.8049
      vertex -68.2235 -26.5512 38.6786
      vertex -68.1304 -26.4696 38.6786
    endloop
  endfacet
  facet normal 0.720477 -0.481645 -0.49893
    outer loop
      vertex -68.0233 -26.2484 38.5577
      vertex -68.1404 -26.3062 38.4444
      vertex -68.0799 -26.2157 38.4444
    endloop
  endfacet
  facet normal 0.720533 -0.48134 -0.499144
    outer loop
      vertex -68.0885 -26.346 38.5577
      vertex -68.1404 -26.3062 38.4444
      vertex -68.0233 -26.2484 38.5577
    endloop
  endfacet
  facet normal 0.820519 -0.27843 -0.499225
    outer loop
      vertex -67.9714 -26.1432 38.5577
      vertex -67.9969 -26.0152 38.4444
      vertex -67.9337 -26.0321 38.5577
    endloop
  endfacet
  facet normal 0.828695 -0.408753 -0.382341
    outer loop
      vertex -67.9799 -26.2735 38.6786
      vertex -68.0233 -26.2484 38.5577
      vertex -67.9251 -26.1624 38.6786
    endloop
  endfacet
  facet normal 0.824573 -0.550475 -0.130602
    outer loop
      vertex -68.0083 -26.4075 38.9346
      vertex -68.0219 -26.3971 38.8049
      vertex -67.9358 -26.2989 38.9346
    endloop
  endfacet
  facet normal 0.637276 -0.726163 -0.258006
    outer loop
      vertex -68.1065 -26.4935 38.8049
      vertex -68.2029 -26.5781 38.8049
      vertex -68.1304 -26.4696 38.6786
    endloop
  endfacet
  facet normal 0.118752 -0.598002 0.792648
    outer loop
      vertex -68.6562 -26.3366 40.2315
      vertex -68.7139 -26.4537 40.1518
      vertex -68.6293 -26.4369 40.1518
    endloop
  endfacet
  facet normal 0.227612 -0.670509 0.706123
    outer loop
      vertex -68.5477 -26.4092 40.1518
      vertex -68.6293 -26.4369 40.1518
      vertex -68.6054 -26.5262 40.0593
    endloop
  endfacet
  facet normal -0.382172 0 0.924091
    outer loop
      vertex -95.6423 31.2 40.2969
      vertex -95.5214 -25.8 40.3469
      vertex -95.5214 31.2 40.3469
    endloop
  endfacet
  facet normal -0.382172 0 0.924091
    outer loop
      vertex -95.5214 -25.8 40.3469
      vertex -95.6423 31.2 40.2969
      vertex -95.6423 -25.8 40.2969
    endloop
  endfacet
  facet normal -0.474391 0.160659 0.86553
    outer loop
      vertex -95.7133 31.4126 40.2315
      vertex -95.7366 31.3438 40.2315
      vertex -95.6272 31.3145 40.2969
    endloop
  endfacet
  facet normal -0.33875 0.507064 0.792549
    outer loop
      vertex -95.5297 31.771 40.1518
      vertex -95.6014 31.7231 40.1518
      vertex -95.4778 31.6811 40.2315
    endloop
  endfacet
  facet normal -0.531892 0.467115 0.706325
    outer loop
      vertex -95.7316 31.7316 40.0593
      vertex -95.7965 31.6577 40.0593
      vertex -95.6662 31.6662 40.1518
    endloop
  endfacet
  facet normal -0.221864 0.448927 0.865587
    outer loop
      vertex -95.4126 31.7133 40.2315
      vertex -95.4211 31.583 40.2969
      vertex -95.3693 31.6086 40.2969
    endloop
  endfacet
  facet normal -0.169728 0.343434 0.923713
    outer loop
      vertex -95.3693 31.6086 40.2969
      vertex -95.4211 31.583 40.2969
      vertex -95.323 31.497 40.3469
    endloop
  endfacet
  facet normal -0.416435 0.277912 0.865648
    outer loop
      vertex -95.5509 31.4692 40.2969
      vertex -95.6408 31.5382 40.2315
      vertex -95.583 31.4211 40.2969
    endloop
  endfacet
  facet normal -0.287935 0.252853 0.923666
    outer loop
      vertex -95.5127 31.5127 40.2969
      vertex -95.5509 31.4692 40.2969
      vertex -95.4273 31.4273 40.3469
    endloop
  endfacet
  facet normal -0.351118 0.711726 0.60841
    outer loop
      vertex -95.5182 31.9682 39.9556
      vertex -95.6157 31.9201 39.9556
      vertex -95.4877 31.8946 40.0593
    endloop
  endfacet
  facet normal -0.383423 0.777209 0.498932
    outer loop
      vertex -95.5432 32.0286 39.8423
      vertex -95.6157 31.9201 39.9556
      vertex -95.5182 31.9682 39.9556
    endloop
  endfacet
  facet normal -0.0747771 0.375709 0.923716
    outer loop
      vertex -95.242 31.5187 40.3469
      vertex -95.3145 31.6272 40.2969
      vertex -95.2832 31.5105 40.3469
    endloop
  endfacet
  facet normal -0.123048 0.362765 0.923721
    outer loop
      vertex -95.3145 31.6272 40.2969
      vertex -95.323 31.497 40.3469
      vertex -95.2832 31.5105 40.3469
    endloop
  endfacet
  facet normal -0.039583 0.608589 0.792498
    outer loop
      vertex -95.2 31.8593 40.1518
      vertex -95.2861 31.8537 40.1518
      vertex -95.2725 31.7508 40.2315
    endloop
  endfacet
  facet normal -0.0460866 0.706421 0.70629
    outer loop
      vertex -95.2 31.9518 40.0593
      vertex -95.2981 31.9454 40.0593
      vertex -95.2861 31.8537 40.1518
    endloop
  endfacet
  facet normal -0.138149 0.694343 0.70626
    outer loop
      vertex -95.2981 31.9454 40.0593
      vertex -95.3946 31.9262 40.0593
      vertex -95.2861 31.8537 40.1518
    endloop
  endfacet
  facet normal -0.467099 0.531874 0.706349
    outer loop
      vertex -95.6577 31.7965 40.0593
      vertex -95.7316 31.7316 40.0593
      vertex -95.6014 31.7231 40.1518
    endloop
  endfacet
  facet normal -0.269912 0.546891 0.792501
    outer loop
      vertex -95.4523 31.8092 40.1518
      vertex -95.5297 31.771 40.1518
      vertex -95.4126 31.7133 40.2315
    endloop
  endfacet
  facet normal -0.906652 0.179838 0.381629
    outer loop
      vertex -96.1147 31.4451 39.7214
      vertex -96.1388 31.3236 39.7214
      vertex -96.0892 31.3171 39.8423
    endloop
  endfacet
  facet normal -0.947606 0.187961 0.25829
    outer loop
      vertex -96.1147 31.4451 39.7214
      vertex -96.1474 31.4538 39.5951
      vertex -96.1388 31.3236 39.7214
    endloop
  endfacet
  facet normal -0.914853 0.31041 0.258244
    outer loop
      vertex -96.0749 31.5624 39.7214
      vertex -96.1474 31.4538 39.5951
      vertex -96.1147 31.4451 39.7214
    endloop
  endfacet
  facet normal -0.875064 0.29691 0.382241
    outer loop
      vertex -96.0749 31.5624 39.7214
      vertex -96.1147 31.4451 39.7214
      vertex -96.0663 31.4321 39.8423
    endloop
  endfacet
  facet normal -0.972526 0.192835 0.130412
    outer loop
      vertex -96.1639 31.4583 39.4654
      vertex -96.1893 31.3302 39.4654
      vertex -96.1474 31.4538 39.5951
    endloop
  endfacet
  facet normal -0.972497 0.193263 0.129995
    outer loop
      vertex -96.1474 31.4538 39.5951
      vertex -96.1893 31.3302 39.4654
      vertex -96.1724 31.328 39.5951
    endloop
  endfacet
  facet normal -0.791815 0.0518146 0.60856
    outer loop
      vertex -96.0244 31.3085 39.9556
      vertex -96.0315 31.2 39.9556
      vertex -95.9518 31.2 40.0593
    endloop
  endfacet
  facet normal -0.864683 0.056583 0.49912
    outer loop
      vertex -96.0244 31.3085 39.9556
      vertex -96.0969 31.2 39.8423
      vertex -96.0315 31.2 39.9556
    endloop
  endfacet
  facet normal -0.438144 0.889425 0.130206
    outer loop
      vertex -95.5753 32.1061 39.5951
      vertex -95.6989 32.0642 39.4654
      vertex -95.6904 32.0494 39.5951
    endloop
  endfacet
  facet normal -0.438511 0.889181 0.130634
    outer loop
      vertex -95.5819 32.1219 39.4654
      vertex -95.6989 32.0642 39.4654
      vertex -95.5753 32.1061 39.5951
    endloop
  endfacet
  facet normal -0.659643 0.751579 0
    outer loop
      vertex -95.8075 31.9917 38.9346
      vertex -95.9056 31.9056 39.4654
      vertex -95.8075 31.9917 39.4654
    endloop
  endfacet
  facet normal -0.659643 0.751579 0
    outer loop
      vertex -95.9056 31.9056 39.4654
      vertex -95.8075 31.9917 38.9346
      vertex -95.9056 31.9056 38.9346
    endloop
  endfacet
  facet normal -0.824573 0.550475 0.130602
    outer loop
      vertex -95.9917 31.8075 39.4654
      vertex -96.0642 31.6989 39.4654
      vertex -95.9781 31.7971 39.5951
    endloop
  endfacet
  facet normal -0.63503 0.313195 0.706148
    outer loop
      vertex -95.8511 31.5759 40.0593
      vertex -95.8946 31.4877 40.0593
      vertex -95.8092 31.4523 40.1518
    endloop
  endfacet
  facet normal -0.695044 0.609149 0.381905
    outer loop
      vertex -95.8342 31.8342 39.8423
      vertex -95.9512 31.7765 39.7214
      vertex -95.9115 31.746 39.8423
    endloop
  endfacet
  facet normal -0.546751 0.270021 0.79256
    outer loop
      vertex -95.6811 31.4778 40.2315
      vertex -95.771 31.5297 40.1518
      vertex -95.7133 31.4126 40.2315
    endloop
  endfacet
  facet normal -0.711762 0.351039 0.608413
    outer loop
      vertex -95.8511 31.5759 40.0593
      vertex -95.9682 31.5182 39.9556
      vertex -95.8946 31.4877 40.0593
    endloop
  endfacet
  facet normal -0.707107 0 0.707107
    outer loop
      vertex -95.9518 31.2 40.0593
      vertex -95.8593 -25.8 40.1518
      vertex -95.8593 31.2 40.1518
    endloop
  endfacet
  facet normal -0.707107 0 0.707107
    outer loop
      vertex -95.8593 -25.8 40.1518
      vertex -95.9518 31.2 40.0593
      vertex -95.9518 -25.8 40.0593
    endloop
  endfacet
  facet normal -0.609378 0 0.79288
    outer loop
      vertex -95.8593 31.2 40.1518
      vertex -95.7556 -25.8 40.2315
      vertex -95.7556 31.2 40.2315
    endloop
  endfacet
  facet normal -0.609378 0 0.79288
    outer loop
      vertex -95.7556 -25.8 40.2315
      vertex -95.8593 31.2 40.1518
      vertex -95.8593 -25.8 40.1518
    endloop
  endfacet
  facet normal -0.448927 0.221864 0.865587
    outer loop
      vertex -95.583 31.4211 40.2969
      vertex -95.7133 31.4126 40.2315
      vertex -95.6086 31.3693 40.2969
    endloop
  endfacet
  facet normal -0.499647 0.0330801 0.865597
    outer loop
      vertex -95.7508 31.2725 40.2315
      vertex -95.7556 31.2 40.2315
      vertex -95.6423 31.2 40.2969
    endloop
  endfacet
  facet normal 0.039583 0.608589 0.792498
    outer loop
      vertex -68.7139 31.8537 40.1518
      vertex -68.8 31.8593 40.1518
      vertex -68.7275 31.7508 40.2315
    endloop
  endfacet
  facet normal 0.0403122 0.608883 0.792235
    outer loop
      vertex -68.8 31.8593 40.1518
      vertex -68.8 31.7556 40.2315
      vertex -68.7275 31.7508 40.2315
    endloop
  endfacet
  facet normal -0.144086 0.216129 0.965675
    outer loop
      vertex -95.2975 31.369 40.3808
      vertex -95.3957 31.455 40.3469
      vertex -95.3188 31.3548 40.3808
    endloop
  endfacet
  facet normal -0.171631 0.194989 0.965672
    outer loop
      vertex -95.3188 31.3548 40.3808
      vertex -95.3957 31.455 40.3469
      vertex -95.338 31.3379 40.3808
    endloop
  endfacet
  facet normal 0.128589 -0.024493 0.991396
    outer loop
      vertex -68.7352 -25.8085 40.3979
      vertex -68.7368 -25.8169 40.3979
      vertex -68.6066 -25.8255 40.3808
    endloop
  endfacet
  facet normal 0.0983014 -0.0864641 0.991393
    outer loop
      vertex -68.6452 -25.9188 40.3808
      vertex -68.7538 -25.8462 40.3979
      vertex -68.662 -25.9379 40.3808
    endloop
  endfacet
  facet normal 0.0747771 0.375709 0.923716
    outer loop
      vertex -68.6855 31.6272 40.2969
      vertex -68.758 31.5187 40.3469
      vertex -68.7168 31.5105 40.3469
    endloop
  endfacet
  facet normal 0.0506644 0.254558 0.965729
    outer loop
      vertex -68.7168 31.5105 40.3469
      vertex -68.758 31.5187 40.3469
      vertex -68.7495 31.3884 40.3808
    endloop
  endfacet
  facet normal 0.123129 0.362766 0.92371
    outer loop
      vertex -68.6307 31.6086 40.2969
      vertex -68.6855 31.6272 40.2969
      vertex -68.677 31.497 40.3469
    endloop
  endfacet
  facet normal 0.0977293 0.491241 0.865524
    outer loop
      vertex -68.6562 31.7366 40.2315
      vertex -68.7423 31.6385 40.2969
      vertex -68.6855 31.6272 40.2969
    endloop
  endfacet
  facet normal 0.0172669 0.259003 0.965722
    outer loop
      vertex -68.758 31.5187 40.3469
      vertex -68.8 31.3951 40.3808
      vertex -68.7745 31.3934 40.3808
    endloop
  endfacet
  facet normal 0.00871377 0.130707 0.991383
    outer loop
      vertex -68.8 31.3951 40.3808
      vertex -68.8 31.2654 40.3979
      vertex -68.7745 31.3934 40.3808
    endloop
  endfacet
  facet normal 0.0579672 0.11746 0.991384
    outer loop
      vertex -68.7253 31.3802 40.3808
      vertex -68.775 31.2604 40.3979
      vertex -68.7673 31.2566 40.3979
    endloop
  endfacet
  facet normal 0.0577381 0.117538 0.991388
    outer loop
      vertex -68.7253 31.3802 40.3808
      vertex -68.7673 31.2566 40.3979
      vertex -68.7025 31.369 40.3808
    endloop
  endfacet
  facet normal 0.513274 0.768336 0.382374
    outer loop
      vertex -68.3265 32.0201 39.7214
      vertex -68.3516 31.9767 39.8423
      vertex -68.254 31.9115 39.8423
    endloop
  endfacet
  facet normal 0.48134 0.720533 0.499144
    outer loop
      vertex -68.254 31.9115 39.8423
      vertex -68.3516 31.9767 39.8423
      vertex -68.2938 31.8596 39.9556
    endloop
  endfacet
  facet normal 0.531906 0.46706 -0.70635
    outer loop
      vertex -68.2769 31.6014 38.2482
      vertex -68.3338 31.6662 38.2482
      vertex -68.2035 31.6577 38.3407
    endloop
  endfacet
  facet normal 0.458339 0.402462 -0.792433
    outer loop
      vertex -68.2769 31.6014 38.2482
      vertex -68.3592 31.5382 38.1685
      vertex -68.3338 31.6662 38.2482
    endloop
  endfacet
  facet normal 0.571131 0.651666 -0.499139
    outer loop
      vertex -68.1658 31.8342 38.5577
      vertex -68.2938 31.8596 38.4444
      vertex -68.254 31.9115 38.5577
    endloop
  endfacet
  facet normal 0.695032 0.609179 -0.381878
    outer loop
      vertex -68.0488 31.7765 38.6786
      vertex -68.1658 31.8342 38.5577
      vertex -68.1304 31.8696 38.6786
    endloop
  endfacet
  facet normal 0.513274 0.768336 -0.382374
    outer loop
      vertex -68.254 31.9115 38.5577
      vertex -68.3516 31.9767 38.5577
      vertex -68.3265 32.0201 38.6786
    endloop
  endfacet
  facet normal 0.513864 0.768185 -0.381884
    outer loop
      vertex -68.254 31.9115 38.5577
      vertex -68.3265 32.0201 38.6786
      vertex -68.2235 31.9512 38.6786
    endloop
  endfacet
  facet normal 0.536764 0.803264 -0.258171
    outer loop
      vertex -68.2029 31.9781 38.8049
      vertex -68.3265 32.0201 38.6786
      vertex -68.3096 32.0494 38.8049
    endloop
  endfacet
  facet normal 0.55084 0.824328 -0.130606
    outer loop
      vertex -68.2029 31.9781 38.8049
      vertex -68.3096 32.0494 38.8049
      vertex -68.1925 31.9917 38.9346
    endloop
  endfacet
  facet normal 0 0 -1
    outer loop
      vertex -71.7504 -23.1173 38.0021
      vertex -92.2496 -23.1173 38.0021
      vertex -71.6253 -22.9747 38.0021
    endloop
  endfacet
  facet normal 0 0 -1
    outer loop
      vertex -85.25 21.65 38.0021
      vertex -91.9624 29.2107 38.0021
      vertex -91.95 29.4 38.0021
    endloop
  endfacet
  facet normal 0 0 -1
    outer loop
      vertex -92.3747 -22.9747 38.0021
      vertex -71.6253 -22.9747 38.0021
      vertex -92.2496 -23.1173 38.0021
    endloop
  endfacet
  facet normal 0 0 -1
    outer loop
      vertex -85.25 21.65 38.0021
      vertex -91.9994 29.0247 38.0021
      vertex -91.9624 29.2107 38.0021
    endloop
  endfacet
  facet normal 0 0 -1
    outer loop
      vertex -71.6253 -22.9747 38.0021
      vertex -92.3747 -22.9747 38.0021
      vertex -71.4827 -22.8496 38.0021
    endloop
  endfacet
  facet normal 0 0 -1
    outer loop
      vertex -85.25 21.65 38.0021
      vertex -92.0604 28.8451 38.0021
      vertex -91.9994 29.0247 38.0021
    endloop
  endfacet
  facet normal 0 0 -1
    outer loop
      vertex -92.5173 -22.8496 38.0021
      vertex -71.4827 -22.8496 38.0021
      vertex -92.3747 -22.9747 38.0021
    endloop
  endfacet
  facet normal 0 0 -1
    outer loop
      vertex -85.25 21.65 38.0021
      vertex -92.1443 28.675 38.0021
      vertex -92.0604 28.8451 38.0021
    endloop
  endfacet
  facet normal 0 0 -1
    outer loop
      vertex -71.4827 -22.8496 38.0021
      vertex -92.5173 -22.8496 38.0021
      vertex -71.325 -22.7443 38.0021
    endloop
  endfacet
  facet normal 0 0 -1
    outer loop
      vertex -85.25 21.65 38.0021
      vertex -92.2496 28.5173 38.0021
      vertex -92.1443 28.675 38.0021
    endloop
  endfacet
  facet normal 0 0 -1
    outer loop
      vertex -92.675 -22.7443 38.0021
      vertex -71.325 -22.7443 38.0021
      vertex -92.5173 -22.8496 38.0021
    endloop
  endfacet
  facet normal 0 0 -1
    outer loop
      vertex -85.25 21.65 38.0021
      vertex -92.3747 28.3747 38.0021
      vertex -92.2496 28.5173 38.0021
    endloop
  endfacet
  facet normal 0 0 -1
    outer loop
      vertex -71.325 -22.7443 38.0021
      vertex -92.675 -22.7443 38.0021
      vertex -85.25 21.65 38.0021
    endloop
  endfacet
  facet normal 0 0 -1
    outer loop
      vertex -85.25 21.65 38.0021
      vertex -92.5173 28.2496 38.0021
      vertex -92.3747 28.3747 38.0021
    endloop
  endfacet
  facet normal 0 0 -1
    outer loop
      vertex -92.8451 -22.6604 38.0021
      vertex -85.25 21.65 38.0021
      vertex -92.675 -22.7443 38.0021
    endloop
  endfacet
  facet normal 0 0 -1
    outer loop
      vertex -85.25 21.65 38.0021
      vertex -92.675 28.1443 38.0021
      vertex -92.5173 28.2496 38.0021
    endloop
  endfacet
  facet normal 0 0 -1
    outer loop
      vertex -93.0247 -22.5994 38.0021
      vertex -85.25 21.65 38.0021
      vertex -92.8451 -22.6604 38.0021
    endloop
  endfacet
  facet normal 0 0 -1
    outer loop
      vertex -85.25 21.65 38.0021
      vertex -92.8451 28.0604 38.0021
      vertex -92.675 28.1443 38.0021
    endloop
  endfacet
  facet normal 0 0 -1
    outer loop
      vertex -93.2107 -22.5624 38.0021
      vertex -85.25 21.65 38.0021
      vertex -93.0247 -22.5994 38.0021
    endloop
  endfacet
  facet normal 0 0 -1
    outer loop
      vertex -85.25 21.65 38.0021
      vertex -93.0247 27.9994 38.0021
      vertex -92.8451 28.0604 38.0021
    endloop
  endfacet
  facet normal 0 0 -1
    outer loop
      vertex -93.4 -22.55 38.0021
      vertex -85.25 21.65 38.0021
      vertex -93.2107 -22.5624 38.0021
    endloop
  endfacet
  facet normal 0 0 -1
    outer loop
      vertex -85.25 21.65 38.0021
      vertex -93.2107 27.9624 38.0021
      vertex -93.0247 27.9994 38.0021
    endloop
  endfacet
  facet normal 0 0 -1
    outer loop
      vertex -93.5893 -22.5624 38.0021
      vertex -85.25 21.65 38.0021
      vertex -93.4 -22.55 38.0021
    endloop
  endfacet
  facet normal 0 0 -1
    outer loop
      vertex -85.25 21.65 38.0021
      vertex -93.4 27.95 38.0021
      vertex -93.2107 27.9624 38.0021
    endloop
  endfacet
  facet normal 0 0 -1
    outer loop
      vertex -93.7753 -22.5994 38.0021
      vertex -85.25 21.65 38.0021
      vertex -93.5893 -22.5624 38.0021
    endloop
  endfacet
  facet normal 0 0 -1
    outer loop
      vertex -85.25 21.65 38.0021
      vertex -93.5893 27.9624 38.0021
      vertex -93.4 27.95 38.0021
    endloop
  endfacet
  facet normal 0 0 -1
    outer loop
      vertex -93.9549 -22.6604 38.0021
      vertex -85.25 21.65 38.0021
      vertex -93.7753 -22.5994 38.0021
    endloop
  endfacet
  facet normal 0 0 -1
    outer loop
      vertex -85.25 21.65 38.0021
      vertex -93.7753 27.9994 38.0021
      vertex -93.5893 27.9624 38.0021
    endloop
  endfacet
  facet normal 0 0 -1
    outer loop
      vertex -93.9549 28.0604 38.0021
      vertex -85.25 21.65 38.0021
      vertex -93.9549 -22.6604 38.0021
    endloop
  endfacet
  facet normal 0 0 -1
    outer loop
      vertex -85.25 21.65 38.0021
      vertex -93.9549 28.0604 38.0021
      vertex -93.7753 27.9994 38.0021
    endloop
  endfacet
  facet normal 0 0 -1
    outer loop
      vertex -94.125 -22.7443 38.0021
      vertex -93.9549 28.0604 38.0021
      vertex -93.9549 -22.6604 38.0021
    endloop
  endfacet
  facet normal 0 0 -1
    outer loop
      vertex -94.125 -22.7443 38.0021
      vertex -94.125 28.1443 38.0021
      vertex -93.9549 28.0604 38.0021
    endloop
  endfacet
  facet normal 0 0 -1
    outer loop
      vertex -94.2827 -22.8496 38.0021
      vertex -94.125 28.1443 38.0021
      vertex -94.125 -22.7443 38.0021
    endloop
  endfacet
  facet normal 0 0 -1
    outer loop
      vertex -94.2827 -22.8496 38.0021
      vertex -94.2827 28.2496 38.0021
      vertex -94.125 28.1443 38.0021
    endloop
  endfacet
  facet normal 0 0 -1
    outer loop
      vertex -94.4253 -22.9747 38.0021
      vertex -94.2827 28.2496 38.0021
      vertex -94.2827 -22.8496 38.0021
    endloop
  endfacet
  facet normal 0 0 -1
    outer loop
      vertex -94.4253 -22.9747 38.0021
      vertex -94.4253 28.3747 38.0021
      vertex -94.2827 28.2496 38.0021
    endloop
  endfacet
  facet normal 0 0 -1
    outer loop
      vertex -94.5504 -23.1173 38.0021
      vertex -94.4253 28.3747 38.0021
      vertex -94.4253 -22.9747 38.0021
    endloop
  endfacet
  facet normal 0 0 -1
    outer loop
      vertex -94.5504 -23.1173 38.0021
      vertex -94.5504 28.5173 38.0021
      vertex -94.4253 28.3747 38.0021
    endloop
  endfacet
  facet normal 0 0 -1
    outer loop
      vertex -94.6557 -23.275 38.0021
      vertex -94.5504 28.5173 38.0021
      vertex -94.5504 -23.1173 38.0021
    endloop
  endfacet
  facet normal 0 0 -1
    outer loop
      vertex -94.6557 -23.275 38.0021
      vertex -94.6557 28.675 38.0021
      vertex -94.5504 28.5173 38.0021
    endloop
  endfacet
  facet normal 0 0 -1
    outer loop
      vertex -94.7396 -23.4451 38.0021
      vertex -94.6557 28.675 38.0021
      vertex -94.6557 -23.275 38.0021
    endloop
  endfacet
  facet normal 0 0 -1
    outer loop
      vertex -94.7396 -23.4451 38.0021
      vertex -94.7396 28.8451 38.0021
      vertex -94.6557 28.675 38.0021
    endloop
  endfacet
  facet normal 0 0 -1
    outer loop
      vertex -94.8006 -23.6247 38.0021
      vertex -94.7396 28.8451 38.0021
      vertex -94.7396 -23.4451 38.0021
    endloop
  endfacet
  facet normal 0 0 -1
    outer loop
      vertex -94.8006 -23.6247 38.0021
      vertex -94.8006 29.0247 38.0021
      vertex -94.7396 28.8451 38.0021
    endloop
  endfacet
  facet normal 0 0 -1
    outer loop
      vertex -94.8376 -23.8107 38.0021
      vertex -94.8006 29.0247 38.0021
      vertex -94.8006 -23.6247 38.0021
    endloop
  endfacet
  facet normal 0 0 -1
    outer loop
      vertex -94.8376 -23.8107 38.0021
      vertex -94.8376 29.2107 38.0021
      vertex -94.8006 29.0247 38.0021
    endloop
  endfacet
  facet normal 0 0 -1
    outer loop
      vertex -95.2654 -25.8 38.0021
      vertex -94.8376 -23.8107 38.0021
      vertex -94.85 -24 38.0021
    endloop
  endfacet
  facet normal -0 0 -1
    outer loop
      vertex -94.8376 -23.8107 38.0021
      vertex -95.2654 -25.8 38.0021
      vertex -94.8376 29.2107 38.0021
    endloop
  endfacet
  facet normal 0 0 -1
    outer loop
      vertex -69.1624 29.2107 38.0021
      vertex -68.7346 31.2 38.0021
      vertex -69.1624 -23.8107 38.0021
    endloop
  endfacet
  facet normal 0 0 -1
    outer loop
      vertex -68.7346 31.2 38.0021
      vertex -69.1624 29.2107 38.0021
      vertex -69.15 29.4 38.0021
    endloop
  endfacet
  facet normal 0 0 -1
    outer loop
      vertex -69.1994 -23.6247 38.0021
      vertex -69.1624 29.2107 38.0021
      vertex -69.1624 -23.8107 38.0021
    endloop
  endfacet
  facet normal 0 0 -1
    outer loop
      vertex -69.1994 -23.6247 38.0021
      vertex -69.1994 29.0247 38.0021
      vertex -69.1624 29.2107 38.0021
    endloop
  endfacet
  facet normal 0 0 -1
    outer loop
      vertex -69.2604 -23.4451 38.0021
      vertex -69.1994 29.0247 38.0021
      vertex -69.1994 -23.6247 38.0021
    endloop
  endfacet
  facet normal 0 0 -1
    outer loop
      vertex -69.2604 -23.4451 38.0021
      vertex -69.2604 28.8451 38.0021
      vertex -69.1994 29.0247 38.0021
    endloop
  endfacet
  facet normal 0 0 -1
    outer loop
      vertex -69.3443 -23.275 38.0021
      vertex -69.2604 28.8451 38.0021
      vertex -69.2604 -23.4451 38.0021
    endloop
  endfacet
  facet normal 0 0 -1
    outer loop
      vertex -69.3443 -23.275 38.0021
      vertex -69.3443 28.675 38.0021
      vertex -69.2604 28.8451 38.0021
    endloop
  endfacet
  facet normal 0 0 -1
    outer loop
      vertex -69.4496 -23.1173 38.0021
      vertex -69.3443 28.675 38.0021
      vertex -69.3443 -23.275 38.0021
    endloop
  endfacet
  facet normal 0 0 -1
    outer loop
      vertex -69.4496 -23.1173 38.0021
      vertex -69.4496 28.5173 38.0021
      vertex -69.3443 28.675 38.0021
    endloop
  endfacet
  facet normal 0 0 -1
    outer loop
      vertex -69.5747 -22.9747 38.0021
      vertex -69.4496 28.5173 38.0021
      vertex -69.4496 -23.1173 38.0021
    endloop
  endfacet
  facet normal 0 0 -1
    outer loop
      vertex -69.5747 -22.9747 38.0021
      vertex -69.5747 28.3747 38.0021
      vertex -69.4496 28.5173 38.0021
    endloop
  endfacet
  facet normal 0 0 -1
    outer loop
      vertex -74.75 21.65 38.0021
      vertex -69.5747 -22.9747 38.0021
      vertex -69.7173 -22.8496 38.0021
    endloop
  endfacet
  facet normal 0 0 -1
    outer loop
      vertex -69.5747 -22.9747 38.0021
      vertex -74.75 21.65 38.0021
      vertex -69.5747 28.3747 38.0021
    endloop
  endfacet
  facet normal 0 0 -1
    outer loop
      vertex -74.75 21.65 38.0021
      vertex -69.7173 -22.8496 38.0021
      vertex -69.875 -22.7443 38.0021
    endloop
  endfacet
  facet normal 0 0 -1
    outer loop
      vertex -69.5747 28.3747 38.0021
      vertex -74.75 21.65 38.0021
      vertex -69.7173 28.2496 38.0021
    endloop
  endfacet
  facet normal 0 0 -1
    outer loop
      vertex -74.75 21.65 38.0021
      vertex -69.875 -22.7443 38.0021
      vertex -70.0451 -22.6604 38.0021
    endloop
  endfacet
  facet normal 0 0 -1
    outer loop
      vertex -69.7173 28.2496 38.0021
      vertex -74.75 21.65 38.0021
      vertex -69.875 28.1443 38.0021
    endloop
  endfacet
  facet normal 0 0 -1
    outer loop
      vertex -74.75 21.65 38.0021
      vertex -70.0451 -22.6604 38.0021
      vertex -70.2247 -22.5994 38.0021
    endloop
  endfacet
  facet normal 0 0 -1
    outer loop
      vertex -69.875 28.1443 38.0021
      vertex -74.75 21.65 38.0021
      vertex -70.0451 28.0604 38.0021
    endloop
  endfacet
  facet normal 0 0 -1
    outer loop
      vertex -74.75 21.65 38.0021
      vertex -70.2247 -22.5994 38.0021
      vertex -70.4107 -22.5624 38.0021
    endloop
  endfacet
  facet normal 0 0 -1
    outer loop
      vertex -70.0451 28.0604 38.0021
      vertex -74.75 21.65 38.0021
      vertex -70.2247 27.9994 38.0021
    endloop
  endfacet
  facet normal 0 0 -1
    outer loop
      vertex -74.75 21.65 38.0021
      vertex -70.4107 -22.5624 38.0021
      vertex -70.6 -22.55 38.0021
    endloop
  endfacet
  facet normal 0 0 -1
    outer loop
      vertex -70.2247 27.9994 38.0021
      vertex -74.75 21.65 38.0021
      vertex -70.4107 27.9624 38.0021
    endloop
  endfacet
  facet normal 0 0 -1
    outer loop
      vertex -74.75 21.65 38.0021
      vertex -70.6 -22.55 38.0021
      vertex -70.7893 -22.5624 38.0021
    endloop
  endfacet
  facet normal 0 0 -1
    outer loop
      vertex -70.4107 27.9624 38.0021
      vertex -74.75 21.65 38.0021
      vertex -70.6 27.95 38.0021
    endloop
  endfacet
  facet normal 0 0 -1
    outer loop
      vertex -74.75 21.65 38.0021
      vertex -70.7893 -22.5624 38.0021
      vertex -70.9753 -22.5994 38.0021
    endloop
  endfacet
  facet normal -0 0 -1
    outer loop
      vertex -70.6 27.95 38.0021
      vertex -74.75 21.65 38.0021
      vertex -70.7893 27.9624 38.0021
    endloop
  endfacet
  facet normal 0 0 -1
    outer loop
      vertex -74.75 21.65 38.0021
      vertex -70.9753 -22.5994 38.0021
      vertex -71.1549 -22.6604 38.0021
    endloop
  endfacet
  facet normal 0 0 -1
    outer loop
      vertex -74.75 26.15 38.0021
      vertex -70.7893 27.9624 38.0021
      vertex -74.75 21.65 38.0021
    endloop
  endfacet
  facet normal 0 0 -1
    outer loop
      vertex -85.25 21.65 38.0021
      vertex -71.1549 -22.6604 38.0021
      vertex -71.325 -22.7443 38.0021
    endloop
  endfacet
  facet normal -0 0 -1
    outer loop
      vertex -70.7893 27.9624 38.0021
      vertex -74.75 26.15 38.0021
      vertex -70.9753 27.9994 38.0021
    endloop
  endfacet
  facet normal 0 0 -1
    outer loop
      vertex -92.1443 -23.275 38.0021
      vertex -71.8557 -23.275 38.0021
      vertex -92.0604 -23.4451 38.0021
    endloop
  endfacet
  facet normal -0 0 -1
    outer loop
      vertex -70.9753 27.9994 38.0021
      vertex -74.75 26.15 38.0021
      vertex -71.1549 28.0604 38.0021
    endloop
  endfacet
  facet normal 0 0 -1
    outer loop
      vertex -71.9396 -23.4451 38.0021
      vertex -92.0604 -23.4451 38.0021
      vertex -71.8557 -23.275 38.0021
    endloop
  endfacet
  facet normal -0 0 -1
    outer loop
      vertex -71.1549 28.0604 38.0021
      vertex -74.75 26.15 38.0021
      vertex -71.325 28.1443 38.0021
    endloop
  endfacet
  facet normal 0 0 -1
    outer loop
      vertex -92.0604 -23.4451 38.0021
      vertex -71.9396 -23.4451 38.0021
      vertex -91.9994 -23.6247 38.0021
    endloop
  endfacet
  facet normal -0 0 -1
    outer loop
      vertex -71.325 28.1443 38.0021
      vertex -74.75 26.15 38.0021
      vertex -71.4827 28.2496 38.0021
    endloop
  endfacet
  facet normal 0 0 -1
    outer loop
      vertex -72.0006 -23.6247 38.0021
      vertex -91.9994 -23.6247 38.0021
      vertex -71.9396 -23.4451 38.0021
    endloop
  endfacet
  facet normal -0 0 -1
    outer loop
      vertex -71.4827 28.2496 38.0021
      vertex -74.75 26.15 38.0021
      vertex -71.6253 28.3747 38.0021
    endloop
  endfacet
  facet normal 0 0 -1
    outer loop
      vertex -91.9994 -23.6247 38.0021
      vertex -72.0006 -23.6247 38.0021
      vertex -91.9624 -23.8107 38.0021
    endloop
  endfacet
  facet normal -0 0 -1
    outer loop
      vertex -71.6253 28.3747 38.0021
      vertex -74.75 26.15 38.0021
      vertex -71.7504 28.5173 38.0021
    endloop
  endfacet
  facet normal 0 0 -1
    outer loop
      vertex -72.0376 -23.8107 38.0021
      vertex -91.9624 -23.8107 38.0021
      vertex -72.0006 -23.6247 38.0021
    endloop
  endfacet
  facet normal -0 0 -1
    outer loop
      vertex -71.7504 28.5173 38.0021
      vertex -74.75 26.15 38.0021
      vertex -71.8557 28.675 38.0021
    endloop
  endfacet
  facet normal 0 0 -1
    outer loop
      vertex -91.9624 -23.8107 38.0021
      vertex -72.0376 -23.8107 38.0021
      vertex -91.95 -24 38.0021
    endloop
  endfacet
  facet normal -0 0 -1
    outer loop
      vertex -71.8557 28.675 38.0021
      vertex -74.75 26.15 38.0021
      vertex -71.9396 28.8451 38.0021
    endloop
  endfacet
  facet normal 0 0 -1
    outer loop
      vertex -91.95 -24 38.0021
      vertex -72.0376 -23.8107 38.0021
      vertex -72.05 -24 38.0021
    endloop
  endfacet
  facet normal -0 0 -1
    outer loop
      vertex -71.9396 28.8451 38.0021
      vertex -74.75 26.15 38.0021
      vertex -72.0006 29.0247 38.0021
    endloop
  endfacet
  facet normal 0 0 -1
    outer loop
      vertex -68.8 -25.8654 38.0021
      vertex -68.7346 -25.8 38.0021
      vertex -68.7352 -25.8085 38.0021
    endloop
  endfacet
  facet normal 0 0 -1
    outer loop
      vertex -69.1624 -23.8107 38.0021
      vertex -68.7346 -25.8 38.0021
      vertex -69.15 -24 38.0021
    endloop
  endfacet
  facet normal 0 0 -1
    outer loop
      vertex -68.8 -25.8654 38.0021
      vertex -68.7352 -25.8085 38.0021
      vertex -68.7368 -25.8169 38.0021
    endloop
  endfacet
  facet normal 0 0 -1
    outer loop
      vertex -68.7346 -25.8 38.0021
      vertex -69.1624 -23.8107 38.0021
      vertex -68.7346 31.2 38.0021
    endloop
  endfacet
  facet normal 0 0 -1
    outer loop
      vertex -68.8 -25.8654 38.0021
      vertex -68.7368 -25.8169 38.0021
      vertex -68.7396 -25.825 38.0021
    endloop
  endfacet
  facet normal 0 0 -1
    outer loop
      vertex -69.1624 29.5893 38.0021
      vertex -68.7346 31.2 38.0021
      vertex -69.15 29.4 38.0021
    endloop
  endfacet
  facet normal 0 0 -1
    outer loop
      vertex -68.8 -25.8654 38.0021
      vertex -68.7396 -25.825 38.0021
      vertex -68.7434 -25.8327 38.0021
    endloop
  endfacet
  facet normal 0 0 -1
    outer loop
      vertex -69.1994 29.7753 38.0021
      vertex -68.7346 31.2 38.0021
      vertex -69.1624 29.5893 38.0021
    endloop
  endfacet
  facet normal 0 0 -1
    outer loop
      vertex -68.8 -25.8654 38.0021
      vertex -68.7434 -25.8327 38.0021
      vertex -68.7481 -25.8398 38.0021
    endloop
  endfacet
  facet normal 0 0 -1
    outer loop
      vertex -69.2604 29.9549 38.0021
      vertex -68.7346 31.2 38.0021
      vertex -69.1994 29.7753 38.0021
    endloop
  endfacet
  facet normal 0 0 -1
    outer loop
      vertex -68.8 -25.8654 38.0021
      vertex -68.7481 -25.8398 38.0021
      vertex -68.7538 -25.8462 38.0021
    endloop
  endfacet
  facet normal 0 0 -1
    outer loop
      vertex -69.3443 30.125 38.0021
      vertex -68.7346 31.2 38.0021
      vertex -69.2604 29.9549 38.0021
    endloop
  endfacet
  facet normal 0 0 -1
    outer loop
      vertex -68.8 -25.8654 38.0021
      vertex -68.7538 -25.8462 38.0021
      vertex -68.7602 -25.8519 38.0021
    endloop
  endfacet
  facet normal 0 0 -1
    outer loop
      vertex -69.4496 30.2827 38.0021
      vertex -68.7346 31.2 38.0021
      vertex -69.3443 30.125 38.0021
    endloop
  endfacet
  facet normal 0 0 -1
    outer loop
      vertex -68.8 -25.8654 38.0021
      vertex -68.7602 -25.8519 38.0021
      vertex -68.7673 -25.8566 38.0021
    endloop
  endfacet
  facet normal 0 0 -1
    outer loop
      vertex -69.5747 30.4253 38.0021
      vertex -68.7346 31.2 38.0021
      vertex -69.4496 30.2827 38.0021
    endloop
  endfacet
  facet normal 0 0 -1
    outer loop
      vertex -68.8 -25.8654 38.0021
      vertex -68.7673 -25.8566 38.0021
      vertex -68.775 -25.8604 38.0021
    endloop
  endfacet
  facet normal 0 -0 -1
    outer loop
      vertex -68.8 31.2654 38.0021
      vertex -68.7346 31.2 38.0021
      vertex -69.5747 30.4253 38.0021
    endloop
  endfacet
  facet normal 0 0 -1
    outer loop
      vertex -68.8 -25.8654 38.0021
      vertex -68.775 -25.8604 38.0021
      vertex -68.7831 -25.8632 38.0021
    endloop
  endfacet
  facet normal 0 0 -1
    outer loop
      vertex -68.7346 31.2 38.0021
      vertex -68.8 31.2654 38.0021
      vertex -68.7352 31.2085 38.0021
    endloop
  endfacet
  facet normal 0 0 -1
    outer loop
      vertex -68.8 -25.8654 38.0021
      vertex -68.7831 -25.8632 38.0021
      vertex -68.7915 -25.8648 38.0021
    endloop
  endfacet
  facet normal 0 0 -1
    outer loop
      vertex -68.7352 31.2085 38.0021
      vertex -68.8 31.2654 38.0021
      vertex -68.7368 31.2169 38.0021
    endloop
  endfacet
  facet normal -0 0 -1
    outer loop
      vertex -68.7346 -25.8 38.0021
      vertex -68.8 -25.8654 38.0021
      vertex -69.5747 -25.0253 38.0021
    endloop
  endfacet
  facet normal 0 0 -1
    outer loop
      vertex -68.7396 31.225 38.0021
      vertex -68.8 31.2654 38.0021
      vertex -68.7434 31.2327 38.0021
    endloop
  endfacet
  facet normal 0 0 -1
    outer loop
      vertex -68.7434 31.2327 38.0021
      vertex -68.8 31.2654 38.0021
      vertex -68.7481 31.2398 38.0021
    endloop
  endfacet
  facet normal 0 0 -1
    outer loop
      vertex -68.7346 -25.8 38.0021
      vertex -69.1624 -24.1893 38.0021
      vertex -69.15 -24 38.0021
    endloop
  endfacet
  facet normal 0 0 -1
    outer loop
      vertex -68.7346 -25.8 38.0021
      vertex -69.1994 -24.3753 38.0021
      vertex -69.1624 -24.1893 38.0021
    endloop
  endfacet
  facet normal 0 0 -1
    outer loop
      vertex -68.7346 -25.8 38.0021
      vertex -69.2604 -24.5549 38.0021
      vertex -69.1994 -24.3753 38.0021
    endloop
  endfacet
  facet normal 0 0 -1
    outer loop
      vertex -68.7346 -25.8 38.0021
      vertex -69.3443 -24.725 38.0021
      vertex -69.2604 -24.5549 38.0021
    endloop
  endfacet
  facet normal 0 0 -1
    outer loop
      vertex -68.7346 -25.8 38.0021
      vertex -69.4496 -24.8827 38.0021
      vertex -69.3443 -24.725 38.0021
    endloop
  endfacet
  facet normal 0 0 -1
    outer loop
      vertex -68.7346 -25.8 38.0021
      vertex -69.5747 -25.0253 38.0021
      vertex -69.4496 -24.8827 38.0021
    endloop
  endfacet
  facet normal 0 0 -1
    outer loop
      vertex -68.8 -25.8654 38.0021
      vertex -69.7173 -25.1504 38.0021
      vertex -69.5747 -25.0253 38.0021
    endloop
  endfacet
  facet normal 0 0 -1
    outer loop
      vertex -68.8 -25.8654 38.0021
      vertex -69.875 -25.2557 38.0021
      vertex -69.7173 -25.1504 38.0021
    endloop
  endfacet
  facet normal 0 0 -1
    outer loop
      vertex -68.8 -25.8654 38.0021
      vertex -70.0451 -25.3396 38.0021
      vertex -69.875 -25.2557 38.0021
    endloop
  endfacet
  facet normal 0 0 -1
    outer loop
      vertex -68.8 -25.8654 38.0021
      vertex -70.2247 -25.4006 38.0021
      vertex -70.0451 -25.3396 38.0021
    endloop
  endfacet
  facet normal 0 0 -1
    outer loop
      vertex -68.8 -25.8654 38.0021
      vertex -70.4107 -25.4376 38.0021
      vertex -70.2247 -25.4006 38.0021
    endloop
  endfacet
  facet normal 0 0 -1
    outer loop
      vertex -68.8 -25.8654 38.0021
      vertex -70.6 -25.45 38.0021
      vertex -70.4107 -25.4376 38.0021
    endloop
  endfacet
  facet normal 0 0 -1
    outer loop
      vertex -68.8 -25.8654 38.0021
      vertex -70.7893 -25.4376 38.0021
      vertex -70.6 -25.45 38.0021
    endloop
  endfacet
  facet normal 0 0 -1
    outer loop
      vertex -68.8 -25.8654 38.0021
      vertex -70.9753 -25.4006 38.0021
      vertex -70.7893 -25.4376 38.0021
    endloop
  endfacet
  facet normal -0 0 -1
    outer loop
      vertex -72.0006 29.0247 38.0021
      vertex -74.75 26.15 38.0021
      vertex -72.0376 29.2107 38.0021
    endloop
  endfacet
  facet normal 0 0 -1
    outer loop
      vertex -71.1549 -22.6604 38.0021
      vertex -85.25 21.65 38.0021
      vertex -74.75 21.65 38.0021
    endloop
  endfacet
  facet normal 0 0 -1
    outer loop
      vertex -91.95 -24 38.0021
      vertex -72.05 -24 38.0021
      vertex -72.0376 -24.1893 38.0021
    endloop
  endfacet
  facet normal 0 0 -1
    outer loop
      vertex -91.9624 -24.1893 38.0021
      vertex -72.0376 -24.1893 38.0021
      vertex -72.0006 -24.3753 38.0021
    endloop
  endfacet
  facet normal 0 0 -1
    outer loop
      vertex -92.2496 -23.1173 38.0021
      vertex -71.7504 -23.1173 38.0021
      vertex -92.1443 -23.275 38.0021
    endloop
  endfacet
  facet normal 0 0 -1
    outer loop
      vertex -71.8557 -23.275 38.0021
      vertex -92.1443 -23.275 38.0021
      vertex -71.7504 -23.1173 38.0021
    endloop
  endfacet
  facet normal 0 0 -1
    outer loop
      vertex -91.9994 -24.3753 38.0021
      vertex -72.0006 -24.3753 38.0021
      vertex -71.9396 -24.5549 38.0021
    endloop
  endfacet
  facet normal 0 0 -1
    outer loop
      vertex -92.0604 -24.5549 38.0021
      vertex -71.9396 -24.5549 38.0021
      vertex -71.8557 -24.725 38.0021
    endloop
  endfacet
  facet normal 0 0 -1
    outer loop
      vertex -92.1443 -24.725 38.0021
      vertex -71.8557 -24.725 38.0021
      vertex -71.7504 -24.8827 38.0021
    endloop
  endfacet
  facet normal 0 0 -1
    outer loop
      vertex -92.2496 -24.8827 38.0021
      vertex -71.7504 -24.8827 38.0021
      vertex -71.6253 -25.0253 38.0021
    endloop
  endfacet
  facet normal 0 0 -1
    outer loop
      vertex -92.3747 -25.0253 38.0021
      vertex -71.6253 -25.0253 38.0021
      vertex -71.4827 -25.1504 38.0021
    endloop
  endfacet
  facet normal 0 0 -1
    outer loop
      vertex -92.5173 -25.1504 38.0021
      vertex -71.4827 -25.1504 38.0021
      vertex -71.325 -25.2557 38.0021
    endloop
  endfacet
  facet normal 0 0 -1
    outer loop
      vertex -92.675 -25.2557 38.0021
      vertex -71.325 -25.2557 38.0021
      vertex -71.1549 -25.3396 38.0021
    endloop
  endfacet
  facet normal 0 0 -1
    outer loop
      vertex -92.8451 -25.3396 38.0021
      vertex -71.1549 -25.3396 38.0021
      vertex -70.9753 -25.4006 38.0021
    endloop
  endfacet
  facet normal 0 0 -1
    outer loop
      vertex -93.0247 -25.4006 38.0021
      vertex -70.9753 -25.4006 38.0021
      vertex -68.8 -25.8654 38.0021
    endloop
  endfacet
  facet normal 0 0 -1
    outer loop
      vertex -72.0376 -24.1893 38.0021
      vertex -91.9624 -24.1893 38.0021
      vertex -91.95 -24 38.0021
    endloop
  endfacet
  facet normal 0 0 -1
    outer loop
      vertex -72.0006 -24.3753 38.0021
      vertex -91.9994 -24.3753 38.0021
      vertex -91.9624 -24.1893 38.0021
    endloop
  endfacet
  facet normal 0 0 -1
    outer loop
      vertex -71.9396 -24.5549 38.0021
      vertex -92.0604 -24.5549 38.0021
      vertex -91.9994 -24.3753 38.0021
    endloop
  endfacet
  facet normal 0 0 -1
    outer loop
      vertex -71.8557 -24.725 38.0021
      vertex -92.1443 -24.725 38.0021
      vertex -92.0604 -24.5549 38.0021
    endloop
  endfacet
  facet normal 0 0 -1
    outer loop
      vertex -71.7504 -24.8827 38.0021
      vertex -92.2496 -24.8827 38.0021
      vertex -92.1443 -24.725 38.0021
    endloop
  endfacet
  facet normal 0 0 -1
    outer loop
      vertex -71.6253 -25.0253 38.0021
      vertex -92.3747 -25.0253 38.0021
      vertex -92.2496 -24.8827 38.0021
    endloop
  endfacet
  facet normal 0 0 -1
    outer loop
      vertex -71.4827 -25.1504 38.0021
      vertex -92.5173 -25.1504 38.0021
      vertex -92.3747 -25.0253 38.0021
    endloop
  endfacet
  facet normal 0 0 -1
    outer loop
      vertex -71.325 -25.2557 38.0021
      vertex -92.675 -25.2557 38.0021
      vertex -92.5173 -25.1504 38.0021
    endloop
  endfacet
  facet normal 0 0 -1
    outer loop
      vertex -71.1549 -25.3396 38.0021
      vertex -92.8451 -25.3396 38.0021
      vertex -92.675 -25.2557 38.0021
    endloop
  endfacet
  facet normal 0 0 -1
    outer loop
      vertex -70.9753 -25.4006 38.0021
      vertex -93.0247 -25.4006 38.0021
      vertex -92.8451 -25.3396 38.0021
    endloop
  endfacet
  facet normal 0 0 -1
    outer loop
      vertex -68.8 -25.8654 38.0021
      vertex -93.2107 -25.4376 38.0021
      vertex -93.0247 -25.4006 38.0021
    endloop
  endfacet
  facet normal 0 0 -1
    outer loop
      vertex -95.2 -25.8654 38.0021
      vertex -93.2107 -25.4376 38.0021
      vertex -68.8 -25.8654 38.0021
    endloop
  endfacet
  facet normal -0 0 -1
    outer loop
      vertex -94.8376 -24.1893 38.0021
      vertex -95.2654 -25.8 38.0021
      vertex -94.85 -24 38.0021
    endloop
  endfacet
  facet normal -0 0 -1
    outer loop
      vertex -94.8006 -24.3753 38.0021
      vertex -95.2654 -25.8 38.0021
      vertex -94.8376 -24.1893 38.0021
    endloop
  endfacet
  facet normal -0 0 -1
    outer loop
      vertex -94.7396 -24.5549 38.0021
      vertex -95.2654 -25.8 38.0021
      vertex -94.8006 -24.3753 38.0021
    endloop
  endfacet
  facet normal -0 0 -1
    outer loop
      vertex -94.6557 -24.725 38.0021
      vertex -95.2654 -25.8 38.0021
      vertex -94.7396 -24.5549 38.0021
    endloop
  endfacet
  facet normal -0 0 -1
    outer loop
      vertex -94.5504 -24.8827 38.0021
      vertex -95.2654 -25.8 38.0021
      vertex -94.6557 -24.725 38.0021
    endloop
  endfacet
  facet normal -0 0 -1
    outer loop
      vertex -94.4253 -25.0253 38.0021
      vertex -95.2654 -25.8 38.0021
      vertex -94.5504 -24.8827 38.0021
    endloop
  endfacet
  facet normal 0 0 -1
    outer loop
      vertex -95.2654 -25.8 38.0021
      vertex -94.4253 -25.0253 38.0021
      vertex -95.2 -25.8654 38.0021
    endloop
  endfacet
  facet normal -0 0 -1
    outer loop
      vertex -94.2827 -25.1504 38.0021
      vertex -95.2 -25.8654 38.0021
      vertex -94.4253 -25.0253 38.0021
    endloop
  endfacet
  facet normal -0 0 -1
    outer loop
      vertex -94.125 -25.2557 38.0021
      vertex -95.2 -25.8654 38.0021
      vertex -94.2827 -25.1504 38.0021
    endloop
  endfacet
  facet normal -0 0 -1
    outer loop
      vertex -93.9549 -25.3396 38.0021
      vertex -95.2 -25.8654 38.0021
      vertex -94.125 -25.2557 38.0021
    endloop
  endfacet
  facet normal -0 0 -1
    outer loop
      vertex -93.7753 -25.4006 38.0021
      vertex -95.2 -25.8654 38.0021
      vertex -93.9549 -25.3396 38.0021
    endloop
  endfacet
  facet normal -0 0 -1
    outer loop
      vertex -93.5893 -25.4376 38.0021
      vertex -95.2 -25.8654 38.0021
      vertex -93.7753 -25.4006 38.0021
    endloop
  endfacet
  facet normal -0 0 -1
    outer loop
      vertex -93.4 -25.45 38.0021
      vertex -95.2 -25.8654 38.0021
      vertex -93.5893 -25.4376 38.0021
    endloop
  endfacet
  facet normal 0 0 -1
    outer loop
      vertex -93.2107 -25.4376 38.0021
      vertex -95.2 -25.8654 38.0021
      vertex -93.4 -25.45 38.0021
    endloop
  endfacet
  facet normal 0 0 -1
    outer loop
      vertex -68.7481 31.2398 38.0021
      vertex -68.8 31.2654 38.0021
      vertex -68.7538 31.2462 38.0021
    endloop
  endfacet
  facet normal 0 0 -1
    outer loop
      vertex -68.7538 31.2462 38.0021
      vertex -68.8 31.2654 38.0021
      vertex -68.7602 31.2519 38.0021
    endloop
  endfacet
  facet normal 0 0 -1
    outer loop
      vertex -68.7602 31.2519 38.0021
      vertex -68.8 31.2654 38.0021
      vertex -68.7673 31.2566 38.0021
    endloop
  endfacet
  facet normal 0 0 -1
    outer loop
      vertex -68.7673 31.2566 38.0021
      vertex -68.8 31.2654 38.0021
      vertex -68.775 31.2604 38.0021
    endloop
  endfacet
  facet normal 0 0 -1
    outer loop
      vertex -68.775 31.2604 38.0021
      vertex -68.8 31.2654 38.0021
      vertex -68.7831 31.2632 38.0021
    endloop
  endfacet
  facet normal 0 0 -1
    outer loop
      vertex -68.7831 31.2632 38.0021
      vertex -68.8 31.2654 38.0021
      vertex -68.7915 31.2648 38.0021
    endloop
  endfacet
  facet normal 0 0 -1
    outer loop
      vertex -68.7368 31.2169 38.0021
      vertex -68.8 31.2654 38.0021
      vertex -68.7396 31.225 38.0021
    endloop
  endfacet
  facet normal 0 0 -1
    outer loop
      vertex -69.7173 30.5504 38.0021
      vertex -68.8 31.2654 38.0021
      vertex -69.5747 30.4253 38.0021
    endloop
  endfacet
  facet normal 0 0 -1
    outer loop
      vertex -69.875 30.6557 38.0021
      vertex -68.8 31.2654 38.0021
      vertex -69.7173 30.5504 38.0021
    endloop
  endfacet
  facet normal 0 0 -1
    outer loop
      vertex -70.0451 30.7396 38.0021
      vertex -68.8 31.2654 38.0021
      vertex -69.875 30.6557 38.0021
    endloop
  endfacet
  facet normal 0 0 -1
    outer loop
      vertex -70.2247 30.8006 38.0021
      vertex -68.8 31.2654 38.0021
      vertex -70.0451 30.7396 38.0021
    endloop
  endfacet
  facet normal 0 0 -1
    outer loop
      vertex -70.4107 30.8376 38.0021
      vertex -68.8 31.2654 38.0021
      vertex -70.2247 30.8006 38.0021
    endloop
  endfacet
  facet normal 0 0 -1
    outer loop
      vertex -70.6 30.85 38.0021
      vertex -68.8 31.2654 38.0021
      vertex -70.4107 30.8376 38.0021
    endloop
  endfacet
  facet normal 0 0 -1
    outer loop
      vertex -70.7893 30.8376 38.0021
      vertex -68.8 31.2654 38.0021
      vertex -70.6 30.85 38.0021
    endloop
  endfacet
  facet normal 0 0 -1
    outer loop
      vertex -70.9753 30.8006 38.0021
      vertex -68.8 31.2654 38.0021
      vertex -70.7893 30.8376 38.0021
    endloop
  endfacet
  facet normal -0 0 -1
    outer loop
      vertex -72.0376 29.2107 38.0021
      vertex -74.75 26.15 38.0021
      vertex -72.05 29.4 38.0021
    endloop
  endfacet
  facet normal -0 0 -1
    outer loop
      vertex -72.05 29.4 38.0021
      vertex -74.75 26.15 38.0021
      vertex -72.0376 29.5893 38.0021
    endloop
  endfacet
  facet normal -0 0 -1
    outer loop
      vertex -72.0376 29.5893 38.0021
      vertex -74.75 26.15 38.0021
      vertex -72.0006 29.7753 38.0021
    endloop
  endfacet
  facet normal 0 0 -1
    outer loop
      vertex -74.75 26.15 38.0021
      vertex -71.9396 29.9549 38.0021
      vertex -72.0006 29.7753 38.0021
    endloop
  endfacet
  facet normal 0 0 -1
    outer loop
      vertex -85.25 26.15 38.0021
      vertex -71.9396 29.9549 38.0021
      vertex -74.75 26.15 38.0021
    endloop
  endfacet
  facet normal -0 0 -1
    outer loop
      vertex -71.9396 29.9549 38.0021
      vertex -85.25 26.15 38.0021
      vertex -71.8557 30.125 38.0021
    endloop
  endfacet
  facet normal -0 0 -1
    outer loop
      vertex -71.8557 30.125 38.0021
      vertex -85.25 26.15 38.0021
      vertex -71.7504 30.2827 38.0021
    endloop
  endfacet
  facet normal 0 0 -1
    outer loop
      vertex -85.25 26.15 38.0021
      vertex -71.6253 30.4253 38.0021
      vertex -71.7504 30.2827 38.0021
    endloop
  endfacet
  facet normal 0 0 -1
    outer loop
      vertex -92.3747 30.4253 38.0021
      vertex -71.6253 30.4253 38.0021
      vertex -85.25 26.15 38.0021
    endloop
  endfacet
  facet normal 0 0 -1
    outer loop
      vertex -71.6253 30.4253 38.0021
      vertex -92.3747 30.4253 38.0021
      vertex -71.4827 30.5504 38.0021
    endloop
  endfacet
  facet normal 0 0 -1
    outer loop
      vertex -92.5173 30.5504 38.0021
      vertex -71.4827 30.5504 38.0021
      vertex -92.3747 30.4253 38.0021
    endloop
  endfacet
  facet normal 0 0 -1
    outer loop
      vertex -71.4827 30.5504 38.0021
      vertex -92.5173 30.5504 38.0021
      vertex -71.325 30.6557 38.0021
    endloop
  endfacet
  facet normal 0 0 -1
    outer loop
      vertex -85.25 21.65 38.0021
      vertex -91.95 29.4 38.0021
      vertex -85.25 26.15 38.0021
    endloop
  endfacet
  facet normal 0 0 -1
    outer loop
      vertex -91.9624 29.5893 38.0021
      vertex -85.25 26.15 38.0021
      vertex -91.95 29.4 38.0021
    endloop
  endfacet
  facet normal 0 0 -1
    outer loop
      vertex -91.9994 29.7753 38.0021
      vertex -85.25 26.15 38.0021
      vertex -91.9624 29.5893 38.0021
    endloop
  endfacet
  facet normal 0 0 -1
    outer loop
      vertex -92.0604 29.9549 38.0021
      vertex -85.25 26.15 38.0021
      vertex -91.9994 29.7753 38.0021
    endloop
  endfacet
  facet normal 0 0 -1
    outer loop
      vertex -92.1443 30.125 38.0021
      vertex -85.25 26.15 38.0021
      vertex -92.0604 29.9549 38.0021
    endloop
  endfacet
  facet normal 0 0 -1
    outer loop
      vertex -92.2496 30.2827 38.0021
      vertex -85.25 26.15 38.0021
      vertex -92.1443 30.125 38.0021
    endloop
  endfacet
  facet normal 0 0 -1
    outer loop
      vertex -92.3747 30.4253 38.0021
      vertex -85.25 26.15 38.0021
      vertex -92.2496 30.2827 38.0021
    endloop
  endfacet
  facet normal 0 0 -1
    outer loop
      vertex -92.675 30.6557 38.0021
      vertex -71.325 30.6557 38.0021
      vertex -92.5173 30.5504 38.0021
    endloop
  endfacet
  facet normal 0 0 -1
    outer loop
      vertex -71.325 30.6557 38.0021
      vertex -92.675 30.6557 38.0021
      vertex -71.1549 30.7396 38.0021
    endloop
  endfacet
  facet normal 0 0 -1
    outer loop
      vertex -92.8451 30.7396 38.0021
      vertex -71.1549 30.7396 38.0021
      vertex -92.675 30.6557 38.0021
    endloop
  endfacet
  facet normal 0 0 -1
    outer loop
      vertex -71.1549 30.7396 38.0021
      vertex -92.8451 30.7396 38.0021
      vertex -70.9753 30.8006 38.0021
    endloop
  endfacet
  facet normal 0 0 -1
    outer loop
      vertex -93.0247 30.8006 38.0021
      vertex -70.9753 30.8006 38.0021
      vertex -92.8451 30.7396 38.0021
    endloop
  endfacet
  facet normal 0 0 -1
    outer loop
      vertex -70.9753 30.8006 38.0021
      vertex -93.0247 30.8006 38.0021
      vertex -68.8 31.2654 38.0021
    endloop
  endfacet
  facet normal 0 0 -1
    outer loop
      vertex -93.2107 30.8376 38.0021
      vertex -68.8 31.2654 38.0021
      vertex -93.0247 30.8006 38.0021
    endloop
  endfacet
  facet normal 0 0 -1
    outer loop
      vertex -95.2 31.2654 38.0021
      vertex -93.2107 30.8376 38.0021
      vertex -93.4 30.85 38.0021
    endloop
  endfacet
  facet normal 0 0 -1
    outer loop
      vertex -93.2107 30.8376 38.0021
      vertex -95.2 31.2654 38.0021
      vertex -68.8 31.2654 38.0021
    endloop
  endfacet
  facet normal 0 0 -1
    outer loop
      vertex -93.5893 30.8376 38.0021
      vertex -95.2 31.2654 38.0021
      vertex -93.4 30.85 38.0021
    endloop
  endfacet
  facet normal 0 0 -1
    outer loop
      vertex -93.7753 30.8006 38.0021
      vertex -95.2 31.2654 38.0021
      vertex -93.5893 30.8376 38.0021
    endloop
  endfacet
  facet normal 0 0 -1
    outer loop
      vertex -93.9549 30.7396 38.0021
      vertex -95.2 31.2654 38.0021
      vertex -93.7753 30.8006 38.0021
    endloop
  endfacet
  facet normal 0 0 -1
    outer loop
      vertex -94.125 30.6557 38.0021
      vertex -95.2 31.2654 38.0021
      vertex -93.9549 30.7396 38.0021
    endloop
  endfacet
  facet normal 0 0 -1
    outer loop
      vertex -94.2827 30.5504 38.0021
      vertex -95.2 31.2654 38.0021
      vertex -94.125 30.6557 38.0021
    endloop
  endfacet
  facet normal 0 0 -1
    outer loop
      vertex -94.4253 30.4253 38.0021
      vertex -95.2 31.2654 38.0021
      vertex -94.2827 30.5504 38.0021
    endloop
  endfacet
  facet normal 0 0 -1
    outer loop
      vertex -95.2654 31.2 38.0021
      vertex -94.4253 30.4253 38.0021
      vertex -94.5504 30.2827 38.0021
    endloop
  endfacet
  facet normal 0 0 -1
    outer loop
      vertex -95.2654 31.2 38.0021
      vertex -94.5504 30.2827 38.0021
      vertex -94.6557 30.125 38.0021
    endloop
  endfacet
  facet normal 0 0 -1
    outer loop
      vertex -95.2654 31.2 38.0021
      vertex -94.6557 30.125 38.0021
      vertex -94.7396 29.9549 38.0021
    endloop
  endfacet
  facet normal 0 0 -1
    outer loop
      vertex -95.2654 31.2 38.0021
      vertex -94.7396 29.9549 38.0021
      vertex -94.8006 29.7753 38.0021
    endloop
  endfacet
  facet normal 0 0 -1
    outer loop
      vertex -95.2654 31.2 38.0021
      vertex -94.8006 29.7753 38.0021
      vertex -94.8376 29.5893 38.0021
    endloop
  endfacet
  facet normal 0 0 -1
    outer loop
      vertex -95.2654 31.2 38.0021
      vertex -94.8376 29.5893 38.0021
      vertex -94.85 29.4 38.0021
    endloop
  endfacet
  facet normal 0 0 -1
    outer loop
      vertex -95.2654 31.2 38.0021
      vertex -94.8376 29.2107 38.0021
      vertex -95.2654 -25.8 38.0021
    endloop
  endfacet
  facet normal 0 0 -1
    outer loop
      vertex -95.2654 -25.8 38.0021
      vertex -95.2 -25.8654 38.0021
      vertex -95.2085 -25.8648 38.0021
    endloop
  endfacet
  facet normal 0 0 -1
    outer loop
      vertex -94.8376 29.2107 38.0021
      vertex -95.2654 31.2 38.0021
      vertex -94.85 29.4 38.0021
    endloop
  endfacet
  facet normal 0 0 -1
    outer loop
      vertex -95.2654 -25.8 38.0021
      vertex -95.2085 -25.8648 38.0021
      vertex -95.2169 -25.8632 38.0021
    endloop
  endfacet
  facet normal 0 0 -1
    outer loop
      vertex -94.4253 30.4253 38.0021
      vertex -95.2654 31.2 38.0021
      vertex -95.2 31.2654 38.0021
    endloop
  endfacet
  facet normal 0 0 -1
    outer loop
      vertex -95.2654 -25.8 38.0021
      vertex -95.2169 -25.8632 38.0021
      vertex -95.225 -25.8604 38.0021
    endloop
  endfacet
  facet normal 0 0 -1
    outer loop
      vertex -95.2 31.2654 38.0021
      vertex -95.2654 31.2 38.0021
      vertex -95.2085 31.2648 38.0021
    endloop
  endfacet
  facet normal 0 0 -1
    outer loop
      vertex -95.2654 -25.8 38.0021
      vertex -95.225 -25.8604 38.0021
      vertex -95.2327 -25.8566 38.0021
    endloop
  endfacet
  facet normal 0 0 -1
    outer loop
      vertex -95.2085 31.2648 38.0021
      vertex -95.2654 31.2 38.0021
      vertex -95.2169 31.2632 38.0021
    endloop
  endfacet
  facet normal 0 0 -1
    outer loop
      vertex -95.2654 -25.8 38.0021
      vertex -95.2327 -25.8566 38.0021
      vertex -95.2398 -25.8519 38.0021
    endloop
  endfacet
  facet normal 0 0 -1
    outer loop
      vertex -95.2169 31.2632 38.0021
      vertex -95.2654 31.2 38.0021
      vertex -95.225 31.2604 38.0021
    endloop
  endfacet
  facet normal 0 0 -1
    outer loop
      vertex -95.2654 -25.8 38.0021
      vertex -95.2398 -25.8519 38.0021
      vertex -95.2462 -25.8462 38.0021
    endloop
  endfacet
  facet normal 0 0 -1
    outer loop
      vertex -95.225 31.2604 38.0021
      vertex -95.2654 31.2 38.0021
      vertex -95.2327 31.2566 38.0021
    endloop
  endfacet
  facet normal 0 0 -1
    outer loop
      vertex -95.2654 -25.8 38.0021
      vertex -95.2462 -25.8462 38.0021
      vertex -95.2519 -25.8398 38.0021
    endloop
  endfacet
  facet normal 0 0 -1
    outer loop
      vertex -95.2327 31.2566 38.0021
      vertex -95.2654 31.2 38.0021
      vertex -95.2398 31.2519 38.0021
    endloop
  endfacet
  facet normal 0 0 -1
    outer loop
      vertex -95.2654 -25.8 38.0021
      vertex -95.2519 -25.8398 38.0021
      vertex -95.2566 -25.8327 38.0021
    endloop
  endfacet
  facet normal 0 0 -1
    outer loop
      vertex -95.2398 31.2519 38.0021
      vertex -95.2654 31.2 38.0021
      vertex -95.2462 31.2462 38.0021
    endloop
  endfacet
  facet normal 0 0 -1
    outer loop
      vertex -95.2654 -25.8 38.0021
      vertex -95.2566 -25.8327 38.0021
      vertex -95.2604 -25.825 38.0021
    endloop
  endfacet
  facet normal 0 0 -1
    outer loop
      vertex -95.2462 31.2462 38.0021
      vertex -95.2654 31.2 38.0021
      vertex -95.2519 31.2398 38.0021
    endloop
  endfacet
  facet normal 0 0 -1
    outer loop
      vertex -95.2654 -25.8 38.0021
      vertex -95.2604 -25.825 38.0021
      vertex -95.2632 -25.8169 38.0021
    endloop
  endfacet
  facet normal 0 0 -1
    outer loop
      vertex -95.2519 31.2398 38.0021
      vertex -95.2654 31.2 38.0021
      vertex -95.2566 31.2327 38.0021
    endloop
  endfacet
  facet normal 0 0 -1
    outer loop
      vertex -95.2654 -25.8 38.0021
      vertex -95.2632 -25.8169 38.0021
      vertex -95.2648 -25.8085 38.0021
    endloop
  endfacet
  facet normal 0 0 -1
    outer loop
      vertex -95.2566 31.2327 38.0021
      vertex -95.2654 31.2 38.0021
      vertex -95.2604 31.225 38.0021
    endloop
  endfacet
  facet normal 0 0 -1
    outer loop
      vertex -95.2604 31.225 38.0021
      vertex -95.2654 31.2 38.0021
      vertex -95.2632 31.2169 38.0021
    endloop
  endfacet
  facet normal 0 0 -1
    outer loop
      vertex -95.2632 31.2169 38.0021
      vertex -95.2654 31.2 38.0021
      vertex -95.2648 31.2085 38.0021
    endloop
  endfacet
  facet normal -0.245819 0.0832941 -0.96573
    outer loop
      vertex -95.3884 31.2505 38.0192
      vertex -95.5105 31.2832 38.0531
      vertex -95.3802 31.2747 38.0192
    endloop
  endfacet
  facet normal -0.124117 0.0420562 -0.991376
    outer loop
      vertex -95.2632 31.2169 38.0021
      vertex -95.3884 31.2505 38.0192
      vertex -95.3802 31.2747 38.0192
    endloop
  endfacet
  facet normal 0.254496 0.0508992 -0.965733
    outer loop
      vertex -68.6066 31.2255 38.0192
      vertex -68.6116 31.2505 38.0192
      vertex -68.4895 31.2832 38.0531
    endloop
  endfacet
  facet normal 0.128506 0.0257012 -0.991376
    outer loop
      vertex -68.6066 31.2255 38.0192
      vertex -68.7368 31.2169 38.0021
      vertex -68.6116 31.2505 38.0192
    endloop
  endfacet
  facet normal 0.0726493 0.108974 -0.991386
    outer loop
      vertex -68.6812 31.3548 38.0192
      vertex -68.7602 31.2519 38.0021
      vertex -68.7025 31.369 38.0192
    endloop
  endfacet
  facet normal 0.144086 0.216129 -0.965675
    outer loop
      vertex -68.6812 31.3548 38.0192
      vertex -68.7025 31.369 38.0192
      vertex -68.6043 31.455 38.0531
    endloop
  endfacet
  facet normal -0.321738 0.946829 0
    outer loop
      vertex -95.4583 32.1639 38.9346
      vertex -95.5819 32.1219 39.4654
      vertex -95.4583 32.1639 39.4654
    endloop
  endfacet
  facet normal -0.321738 0.946829 0
    outer loop
      vertex -95.5819 32.1219 39.4654
      vertex -95.4583 32.1639 38.9346
      vertex -95.5819 32.1219 38.9346
    endloop
  endfacet
  facet normal 0.171143 -0.195239 0.965708
    outer loop
      vertex -68.5727 -26.0273 40.3469
      vertex -68.662 -25.9379 40.3808
      vertex -68.6043 -26.055 40.3469
    endloop
  endfacet
  facet normal 0.376187 -0.330353 0.86565
    outer loop
      vertex -68.4491 -26.0692 40.2969
      vertex -68.4873 -26.1127 40.2969
      vertex -68.3592 -26.1382 40.2315
    endloop
  endfacet
  facet normal -0.0257012 -0.128506 -0.991376
    outer loop
      vertex -95.2255 -25.9934 38.0192
      vertex -95.2505 -25.9884 38.0192
      vertex -95.2169 -25.8632 38.0021
    endloop
  endfacet
  facet normal -0.0726493 -0.108974 -0.991386
    outer loop
      vertex -95.2975 -25.969 38.0192
      vertex -95.3188 -25.9548 38.0192
      vertex -95.2398 -25.8519 38.0021
    endloop
  endfacet
  facet normal -0.144086 -0.216129 -0.965675
    outer loop
      vertex -95.2975 -25.969 38.0192
      vertex -95.3957 -26.055 38.0531
      vertex -95.3188 -25.9548 38.0192
    endloop
  endfacet
  facet normal 0.33875 -0.507064 -0.792549
    outer loop
      vertex -68.4703 -26.371 38.2482
      vertex -68.5222 -26.2811 38.1685
      vertex -68.3986 -26.3231 38.2482
    endloop
  endfacet
  facet normal 0.318711 -0.212695 -0.92368
    outer loop
      vertex -68.4491 -26.0692 38.1031
      vertex -68.5216 -25.9607 38.0531
      vertex -68.417 -26.0211 38.1031
    endloop
  endfacet
  facet normal 0.507249 -0.338446 -0.792561
    outer loop
      vertex -68.229 -26.1297 38.2482
      vertex -68.3592 -26.1382 38.1685
      vertex -68.3189 -26.0778 38.1685
    endloop
  endfacet
  facet normal 0.41648 -0.277883 -0.865636
    outer loop
      vertex -68.3592 -26.1382 38.1685
      vertex -68.417 -26.0211 38.1031
      vertex -68.3189 -26.0778 38.1685
    endloop
  endfacet
  facet normal 0.160659 -0.474391 -0.86553
    outer loop
      vertex -68.6562 -26.3366 38.1685
      vertex -68.6855 -26.2272 38.1031
      vertex -68.5874 -26.3133 38.1685
    endloop
  endfacet
  facet normal 0.215922 -0.144359 -0.96568
    outer loop
      vertex -68.545 -25.9957 38.0531
      vertex -68.6452 -25.9188 38.0192
      vertex -68.5216 -25.9607 38.0531
    endloop
  endfacet
  facet normal 0.118752 -0.598002 -0.792648
    outer loop
      vertex -68.6293 -26.4369 38.2482
      vertex -68.7139 -26.4537 38.2482
      vertex -68.6562 -26.3366 38.1685
    endloop
  endfacet
  facet normal 0.277925 -0.416454 -0.865635
    outer loop
      vertex -68.5222 -26.2811 38.1685
      vertex -68.5789 -26.183 38.1031
      vertex -68.5308 -26.1509 38.1031
    endloop
  endfacet
  facet normal 0.523598 -0.596624 -0.608182
    outer loop
      vertex -68.2121 -26.3879 38.4444
      vertex -68.2938 -26.4596 38.4444
      vertex -68.2684 -26.3316 38.3407
    endloop
  endfacet
  facet normal 0.392977 -0.588746 -0.706362
    outer loop
      vertex -68.3423 -26.3965 38.3407
      vertex -68.4241 -26.4511 38.3407
      vertex -68.3986 -26.3231 38.2482
    endloop
  endfacet
  facet normal 0.0245608 -0.382056 -0.923813
    outer loop
      vertex -68.758 -26.1187 38.0531
      vertex -68.8 -26.2423 38.1031
      vertex -68.8 -26.1214 38.0531
    endloop
  endfacet
  facet normal 0.0166627 -0.259197 -0.965681
    outer loop
      vertex -68.758 -26.1187 38.0531
      vertex -68.8 -26.1214 38.0531
      vertex -68.8 -25.9951 38.0192
    endloop
  endfacet
  facet normal 0.114891 -0.23287 -0.965697
    outer loop
      vertex -68.677 -26.097 38.0531
      vertex -68.7025 -25.969 38.0192
      vertex -68.6393 -26.0784 38.0531
    endloop
  endfacet
  facet normal 0.11444 -0.232968 -0.965727
    outer loop
      vertex -68.677 -26.097 38.0531
      vertex -68.7253 -25.9802 38.0192
      vertex -68.7025 -25.969 38.0192
    endloop
  endfacet
  facet normal 0.117387 -0.0581789 -0.991381
    outer loop
      vertex -68.6311 -25.8975 38.0192
      vertex -68.7434 -25.8327 38.0021
      vertex -68.6198 -25.8747 38.0192
    endloop
  endfacet
  facet normal 0.11746 -0.0579672 -0.991384
    outer loop
      vertex -68.6198 -25.8747 38.0192
      vertex -68.7434 -25.8327 38.0021
      vertex -68.7396 -25.825 38.0021
    endloop
  endfacet
  facet normal 0.375722 -0.0747796 -0.92371
    outer loop
      vertex -68.3615 -25.8577 38.1031
      vertex -68.4895 -25.8832 38.0531
      vertex -68.4813 -25.842 38.0531
    endloop
  endfacet
  facet normal 0.375717 -0.0747465 -0.923715
    outer loop
      vertex -68.3728 -25.9145 38.1031
      vertex -68.4895 -25.8832 38.0531
      vertex -68.3615 -25.8577 38.1031
    endloop
  endfacet
  facet normal -0.288069 -0.252516 -0.923716
    outer loop
      vertex -95.4273 -26.0273 38.0531
      vertex -95.5509 -26.0692 38.1031
      vertex -95.455 -25.9957 38.0531
    endloop
  endfacet
  facet normal -0.318439 -0.212899 -0.923727
    outer loop
      vertex -95.455 -25.9957 38.0531
      vertex -95.5509 -26.0692 38.1031
      vertex -95.4784 -25.9607 38.0531
    endloop
  endfacet
  facet normal -0.546751 -0.270021 -0.79256
    outer loop
      vertex -95.6811 -26.0778 38.1685
      vertex -95.771 -26.1297 38.2482
      vertex -95.7133 -26.0126 38.1685
    endloop
  endfacet
  facet normal -0.448935 -0.221713 -0.865622
    outer loop
      vertex -95.6811 -26.0778 38.1685
      vertex -95.7133 -26.0126 38.1685
      vertex -95.583 -26.0211 38.1031
    endloop
  endfacet
  facet normal 0.0977293 -0.491241 0.865524
    outer loop
      vertex -68.6855 -26.2272 40.2969
      vertex -68.7423 -26.2385 40.2969
      vertex -68.6562 -26.3366 40.2315
    endloop
  endfacet
  facet normal 0.277925 -0.416454 0.865635
    outer loop
      vertex -68.5308 -26.1509 40.2969
      vertex -68.5789 -26.183 40.2969
      vertex -68.5222 -26.2811 40.2315
    endloop
  endfacet
  facet normal 0.0747484 -0.375726 0.923711
    outer loop
      vertex -68.6855 -26.2272 40.2969
      vertex -68.758 -26.1187 40.3469
      vertex -68.7423 -26.2385 40.2969
    endloop
  endfacet
  facet normal 0.0978221 -0.491177 0.86555
    outer loop
      vertex -68.6562 -26.3366 40.2315
      vertex -68.7423 -26.2385 40.2969
      vertex -68.7275 -26.3508 40.2315
    endloop
  endfacet
  facet normal 0.117387 -0.0581789 0.991381
    outer loop
      vertex -68.6198 -25.8747 40.3808
      vertex -68.7434 -25.8327 40.3979
      vertex -68.6311 -25.8975 40.3808
    endloop
  endfacet
  facet normal 0.11746 -0.0579672 0.991384
    outer loop
      vertex -68.7396 -25.825 40.3979
      vertex -68.7434 -25.8327 40.3979
      vertex -68.6198 -25.8747 40.3808
    endloop
  endfacet
  facet normal 0.254496 -0.0508992 0.965733
    outer loop
      vertex -68.6066 -25.8255 40.3808
      vertex -68.6116 -25.8505 40.3808
      vertex -68.4895 -25.8832 40.3469
    endloop
  endfacet
  facet normal 0.259003 -0.0172669 0.965722
    outer loop
      vertex -68.6049 -25.8 40.3808
      vertex -68.6066 -25.8255 40.3808
      vertex -68.4813 -25.842 40.3469
    endloop
  endfacet
  facet normal 0.124117 -0.0420562 0.991376
    outer loop
      vertex -68.6116 -25.8505 40.3808
      vertex -68.7368 -25.8169 40.3979
      vertex -68.6198 -25.8747 40.3808
    endloop
  endfacet
  facet normal 0.0978451 -0.0871433 0.991379
    outer loop
      vertex -68.7481 -25.8398 40.3979
      vertex -68.7538 -25.8462 40.3979
      vertex -68.6452 -25.9188 40.3808
    endloop
  endfacet
  facet normal 0.194942 -0.171468 0.96571
    outer loop
      vertex -68.6452 -25.9188 40.3808
      vertex -68.662 -25.9379 40.3808
      vertex -68.5727 -26.0273 40.3469
    endloop
  endfacet
  facet normal 0.00871377 -0.130707 0.991383
    outer loop
      vertex -68.8 -25.8654 40.3979
      vertex -68.8 -25.9951 40.3808
      vertex -68.7745 -25.9934 40.3808
    endloop
  endfacet
  facet normal 0.571402 -0.651096 0.499573
    outer loop
      vertex -68.2121 -26.3879 39.9556
      vertex -68.2938 -26.4596 39.9556
      vertex -68.1658 -26.4342 39.8423
    endloop
  endfacet
  facet normal 0.651096 -0.571402 0.499573
    outer loop
      vertex -68.1404 -26.3062 39.9556
      vertex -68.2121 -26.3879 39.9556
      vertex -68.1658 -26.4342 39.8423
    endloop
  endfacet
  facet normal 0.513274 -0.768336 -0.382374
    outer loop
      vertex -68.3265 -26.6201 38.6786
      vertex -68.3516 -26.5767 38.5577
      vertex -68.254 -26.5115 38.5577
    endloop
  endfacet
  facet normal 0.48134 -0.720533 -0.499144
    outer loop
      vertex -68.254 -26.5115 38.5577
      vertex -68.3516 -26.5767 38.5577
      vertex -68.2938 -26.4596 38.4444
    endloop
  endfacet
  facet normal 0.596624 -0.523598 -0.608182
    outer loop
      vertex -68.2121 -26.3879 38.4444
      vertex -68.2684 -26.3316 38.3407
      vertex -68.1404 -26.3062 38.4444
    endloop
  endfacet
  facet normal 0.588746 -0.392977 -0.706362
    outer loop
      vertex -68.2035 -26.2577 38.3407
      vertex -68.2769 -26.2014 38.2482
      vertex -68.1489 -26.1759 38.3407
    endloop
  endfacet
  facet normal 0.875064 -0.29691 -0.382241
    outer loop
      vertex -67.9251 -26.1624 38.6786
      vertex -67.9337 -26.0321 38.5577
      vertex -67.8853 -26.0451 38.6786
    endloop
  endfacet
  facet normal 0.914853 -0.31041 -0.258244
    outer loop
      vertex -67.8526 -26.0538 38.8049
      vertex -67.9251 -26.1624 38.6786
      vertex -67.8853 -26.0451 38.6786
    endloop
  endfacet
  facet normal 0.711762 -0.351039 -0.608413
    outer loop
      vertex -68.0318 -26.1182 38.4444
      vertex -68.1489 -26.1759 38.3407
      vertex -68.1054 -26.0877 38.3407
    endloop
  endfacet
  facet normal 0.751517 -0.25508 -0.608405
    outer loop
      vertex -68.0318 -26.1182 38.4444
      vertex -68.1054 -26.0877 38.3407
      vertex -68.0738 -25.9946 38.3407
    endloop
  endfacet
  facet normal 0.745175 -0.653961 -0.130575
    outer loop
      vertex -68.0083 -26.4075 38.9346
      vertex -68.1065 -26.4935 38.8049
      vertex -68.0219 -26.3971 38.8049
    endloop
  endfacet
  facet normal 0.745149 -0.653999 -0.13053
    outer loop
      vertex -68.0944 -26.5056 38.9346
      vertex -68.1065 -26.4935 38.8049
      vertex -68.0083 -26.4075 38.9346
    endloop
  endfacet
  facet normal 0.695032 -0.609179 -0.381878
    outer loop
      vertex -68.1304 -26.4696 38.6786
      vertex -68.1658 -26.4342 38.5577
      vertex -68.0488 -26.3765 38.6786
    endloop
  endfacet
  facet normal 0.695044 -0.609149 -0.381905
    outer loop
      vertex -68.0488 -26.3765 38.6786
      vertex -68.1658 -26.4342 38.5577
      vertex -68.0885 -26.346 38.5577
    endloop
  endfacet
  facet normal 0.160932 -0.474144 0.865615
    outer loop
      vertex -68.6307 -26.2086 40.2969
      vertex -68.6855 -26.2272 40.2969
      vertex -68.5874 -26.3133 40.2315
    endloop
  endfacet
  facet normal 0.313327 -0.634857 0.706246
    outer loop
      vertex -68.4703 -26.371 40.1518
      vertex -68.5477 -26.4092 40.1518
      vertex -68.4241 -26.4511 40.0593
    endloop
  endfacet
  facet normal -0.318711 0.212695 0.92368
    outer loop
      vertex -95.5509 31.4692 40.2969
      vertex -95.583 31.4211 40.2969
      vertex -95.4784 31.3607 40.3469
    endloop
  endfacet
  facet normal -0.318439 0.212899 0.923727
    outer loop
      vertex -95.455 31.3957 40.3469
      vertex -95.5509 31.4692 40.2969
      vertex -95.4784 31.3607 40.3469
    endloop
  endfacet
  facet normal -0.507249 0.338446 0.792561
    outer loop
      vertex -95.6408 31.5382 40.2315
      vertex -95.771 31.5297 40.1518
      vertex -95.6811 31.4778 40.2315
    endloop
  endfacet
  facet normal -0.588706 0.393292 0.70622
    outer loop
      vertex -95.7231 31.6014 40.1518
      vertex -95.8511 31.5759 40.0593
      vertex -95.771 31.5297 40.1518
    endloop
  endfacet
  facet normal -0.491241 0.0977293 0.865524
    outer loop
      vertex -95.6272 31.3145 40.2969
      vertex -95.7366 31.3438 40.2315
      vertex -95.6385 31.2577 40.2969
    endloop
  endfacet
  facet normal -0.499921 0 0.866071
    outer loop
      vertex -95.7556 31.2 40.2315
      vertex -95.6423 -25.8 40.2969
      vertex -95.6423 31.2 40.2969
    endloop
  endfacet
  facet normal -0.499921 0 0.866071
    outer loop
      vertex -95.6423 -25.8 40.2969
      vertex -95.7556 31.2 40.2315
      vertex -95.7556 -25.8 40.2315
    endloop
  endfacet
  facet normal -0.523892 0.596542 0.608009
    outer loop
      vertex -95.7062 31.8596 39.9556
      vertex -95.7316 31.7316 40.0593
      vertex -95.6577 31.7965 40.0593
    endloop
  endfacet
  facet normal -0.523598 0.596624 0.608182
    outer loop
      vertex -95.7062 31.8596 39.9556
      vertex -95.7879 31.7879 39.9556
      vertex -95.7316 31.7316 40.0593
    endloop
  endfacet
  facet normal -0.402358 0.458221 0.792554
    outer loop
      vertex -95.6014 31.7231 40.1518
      vertex -95.6662 31.6662 40.1518
      vertex -95.5928 31.5928 40.2315
    endloop
  endfacet
  facet normal -0.402739 0.458115 0.792421
    outer loop
      vertex -95.5382 31.6408 40.2315
      vertex -95.6014 31.7231 40.1518
      vertex -95.5928 31.5928 40.2315
    endloop
  endfacet
  facet normal -0.123129 0.362766 0.92371
    outer loop
      vertex -95.3145 31.6272 40.2969
      vertex -95.3693 31.6086 40.2969
      vertex -95.323 31.497 40.3469
    endloop
  endfacet
  facet normal -0.160932 0.474144 0.865615
    outer loop
      vertex -95.3145 31.6272 40.2969
      vertex -95.4126 31.7133 40.2315
      vertex -95.3693 31.6086 40.2969
    endloop
  endfacet
  facet normal -0 0.499921 0.866071
    outer loop
      vertex -95.2 31.7556 40.2315
      vertex -68.8 31.6423 40.2969
      vertex -68.8 31.7556 40.2315
    endloop
  endfacet
  facet normal 0 0.499921 0.866071
    outer loop
      vertex -68.8 31.6423 40.2969
      vertex -95.2 31.7556 40.2315
      vertex -95.2 31.6423 40.2969
    endloop
  endfacet
  facet normal -0.0329114 0.499734 0.865554
    outer loop
      vertex -95.2 31.6423 40.2969
      vertex -95.2725 31.7508 40.2315
      vertex -95.2577 31.6385 40.2969
    endloop
  endfacet
  facet normal -0.0978221 0.491177 0.86555
    outer loop
      vertex -95.2725 31.7508 40.2315
      vertex -95.3438 31.7366 40.2315
      vertex -95.2577 31.6385 40.2969
    endloop
  endfacet
  facet normal -0.660364 0.440781 0.607973
    outer loop
      vertex -95.7965 31.6577 40.0593
      vertex -95.8596 31.7062 39.9556
      vertex -95.8511 31.5759 40.0593
    endloop
  endfacet
  facet normal -0.768336 0.513274 0.382374
    outer loop
      vertex -95.9115 31.746 39.8423
      vertex -96.0201 31.6735 39.7214
      vertex -95.9767 31.6484 39.8423
    endloop
  endfacet
  facet normal -0.751579 0.659643 0
    outer loop
      vertex -95.9917 31.8075 38.9346
      vertex -95.9056 31.9056 39.4654
      vertex -95.9056 31.9056 38.9346
    endloop
  endfacet
  facet normal -0.751579 0.659643 0
    outer loop
      vertex -95.9056 31.9056 39.4654
      vertex -95.9917 31.8075 38.9346
      vertex -95.9917 31.8075 39.4654
    endloop
  endfacet
  facet normal -0.694521 0.137919 0.70613
    outer loop
      vertex -95.8369 31.3707 40.1518
      vertex -95.9262 31.3946 40.0593
      vertex -95.8537 31.2861 40.1518
    endloop
  endfacet
  facet normal -0.670509 0.227612 0.706123
    outer loop
      vertex -95.8092 31.4523 40.1518
      vertex -95.9262 31.3946 40.0593
      vertex -95.8369 31.3707 40.1518
    endloop
  endfacet
  facet normal -0.507194 0.338837 0.792429
    outer loop
      vertex -95.7231 31.6014 40.1518
      vertex -95.771 31.5297 40.1518
      vertex -95.6408 31.5382 40.2315
    endloop
  endfacet
  facet normal -0.634857 0.313327 0.706246
    outer loop
      vertex -95.771 31.5297 40.1518
      vertex -95.8511 31.5759 40.0593
      vertex -95.8092 31.4523 40.1518
    endloop
  endfacet
  facet normal 0.0978221 0.491177 0.86555
    outer loop
      vertex -68.7275 31.7508 40.2315
      vertex -68.7423 31.6385 40.2969
      vertex -68.6562 31.7366 40.2315
    endloop
  endfacet
  facet normal 0.0329114 0.499734 0.865554
    outer loop
      vertex -68.7275 31.7508 40.2315
      vertex -68.8 31.6423 40.2969
      vertex -68.7423 31.6385 40.2969
    endloop
  endfacet
  facet normal 0.0833023 0.245843 0.965723
    outer loop
      vertex -68.677 31.497 40.3469
      vertex -68.7495 31.3884 40.3808
      vertex -68.7253 31.3802 40.3808
    endloop
  endfacet
  facet normal 0.11444 0.232968 0.965727
    outer loop
      vertex -68.677 31.497 40.3469
      vertex -68.7253 31.3802 40.3808
      vertex -68.7025 31.369 40.3808
    endloop
  endfacet
  facet normal 0.651666 0.571131 -0.499139
    outer loop
      vertex -68.1404 31.7062 38.4444
      vertex -68.1658 31.8342 38.5577
      vertex -68.0885 31.746 38.5577
    endloop
  endfacet
  facet normal 0.695044 0.609149 -0.381905
    outer loop
      vertex -68.0885 31.746 38.5577
      vertex -68.1658 31.8342 38.5577
      vertex -68.0488 31.7765 38.6786
    endloop
  endfacet
  facet normal 0.571402 0.651096 -0.499573
    outer loop
      vertex -68.2121 31.7879 38.4444
      vertex -68.2938 31.8596 38.4444
      vertex -68.1658 31.8342 38.5577
    endloop
  endfacet
  facet normal 0.651096 0.571402 -0.499573
    outer loop
      vertex -68.1404 31.7062 38.4444
      vertex -68.2121 31.7879 38.4444
      vertex -68.1658 31.8342 38.5577
    endloop
  endfacet
  facet normal 0.637276 0.726163 -0.258006
    outer loop
      vertex -68.1304 31.8696 38.6786
      vertex -68.2029 31.9781 38.8049
      vertex -68.1065 31.8935 38.8049
    endloop
  endfacet
  facet normal 0.726567 0.636819 -0.257996
    outer loop
      vertex -68.0488 31.7765 38.6786
      vertex -68.1304 31.8696 38.6786
      vertex -68.1065 31.8935 38.8049
    endloop
  endfacet
  facet normal 0.0865357 0.0983127 -0.991386
    outer loop
      vertex -68.662 31.3379 38.0192
      vertex -68.7602 31.2519 38.0021
      vertex -68.6812 31.3548 38.0192
    endloop
  endfacet
  facet normal 0.171631 0.194989 -0.965672
    outer loop
      vertex -68.662 31.3379 38.0192
      vertex -68.6812 31.3548 38.0192
      vertex -68.6043 31.455 38.0531
    endloop
  endfacet
  facet normal 0.318711 -0.212695 0.92368
    outer loop
      vertex -68.417 -26.0211 40.2969
      vertex -68.5216 -25.9607 40.3469
      vertex -68.4491 -26.0692 40.2969
    endloop
  endfacet
  facet normal 0.416435 -0.277912 0.865648
    outer loop
      vertex -68.417 -26.0211 40.2969
      vertex -68.4491 -26.0692 40.2969
      vertex -68.3592 -26.1382 40.2315
    endloop
  endfacet
  facet normal -0.11444 -0.232968 -0.965727
    outer loop
      vertex -95.2747 -25.9802 38.0192
      vertex -95.323 -26.097 38.0531
      vertex -95.2975 -25.969 38.0192
    endloop
  endfacet
  facet normal -0.0577381 -0.117538 -0.991388
    outer loop
      vertex -95.2747 -25.9802 38.0192
      vertex -95.2975 -25.969 38.0192
      vertex -95.2327 -25.8566 38.0021
    endloop
  endfacet
  facet normal 0.376187 -0.330353 -0.86565
    outer loop
      vertex -68.3592 -26.1382 38.1685
      vertex -68.4873 -26.1127 38.1031
      vertex -68.4491 -26.0692 38.1031
    endloop
  endfacet
  facet normal 0.330353 -0.376187 -0.86565
    outer loop
      vertex -68.4618 -26.2408 38.1685
      vertex -68.5308 -26.1509 38.1031
      vertex -68.4873 -26.1127 38.1031
    endloop
  endfacet
  facet normal 0.448935 -0.221713 -0.865622
    outer loop
      vertex -68.3189 -26.0778 38.1685
      vertex -68.417 -26.0211 38.1031
      vertex -68.2867 -26.0126 38.1685
    endloop
  endfacet
  facet normal 0.546751 -0.270021 -0.79256
    outer loop
      vertex -68.229 -26.1297 38.2482
      vertex -68.3189 -26.0778 38.1685
      vertex -68.2867 -26.0126 38.1685
    endloop
  endfacet
  facet normal 0.144086 -0.216129 -0.965675
    outer loop
      vertex -68.6043 -26.055 38.0531
      vertex -68.7025 -25.969 38.0192
      vertex -68.6812 -25.9548 38.0192
    endloop
  endfacet
  facet normal 0.195315 -0.17121 -0.965681
    outer loop
      vertex -68.5727 -26.0273 38.0531
      vertex -68.6452 -25.9188 38.0192
      vertex -68.545 -25.9957 38.0531
    endloop
  endfacet
  facet normal 0.039583 -0.608589 -0.792498
    outer loop
      vertex -68.7139 -26.4537 38.2482
      vertex -68.8 -26.4593 38.2482
      vertex -68.7275 -26.3508 38.1685
    endloop
  endfacet
  facet normal 0.0403122 -0.608883 -0.792235
    outer loop
      vertex -68.7275 -26.3508 38.1685
      vertex -68.8 -26.4593 38.2482
      vertex -68.8 -26.3556 38.1685
    endloop
  endfacet
  facet normal 0.0977293 -0.491241 -0.865524
    outer loop
      vertex -68.6562 -26.3366 38.1685
      vertex -68.7423 -26.2385 38.1031
      vertex -68.6855 -26.2272 38.1031
    endloop
  endfacet
  facet normal 0.0747484 -0.375726 -0.923711
    outer loop
      vertex -68.7423 -26.2385 38.1031
      vertex -68.758 -26.1187 38.0531
      vertex -68.6855 -26.2272 38.1031
    endloop
  endfacet
  facet normal 0.330634 -0.376096 -0.865582
    outer loop
      vertex -68.4618 -26.2408 38.1685
      vertex -68.4873 -26.1127 38.1031
      vertex -68.4072 -26.1928 38.1685
    endloop
  endfacet
  facet normal 0.402739 -0.458115 -0.792421
    outer loop
      vertex -68.3986 -26.3231 38.2482
      vertex -68.4618 -26.2408 38.1685
      vertex -68.4072 -26.1928 38.1685
    endloop
  endfacet
  facet normal 0.0747771 -0.375709 -0.923716
    outer loop
      vertex -68.6855 -26.2272 38.1031
      vertex -68.758 -26.1187 38.0531
      vertex -68.7168 -26.1105 38.0531
    endloop
  endfacet
  facet normal 0.0833736 -0.245798 -0.965729
    outer loop
      vertex -68.7168 -26.1105 38.0531
      vertex -68.7495 -25.9884 38.0192
      vertex -68.677 -26.097 38.0531
    endloop
  endfacet
  facet normal 0.171631 -0.194989 -0.965672
    outer loop
      vertex -68.6043 -26.055 38.0531
      vertex -68.6812 -25.9548 38.0192
      vertex -68.662 -25.9379 38.0192
    endloop
  endfacet
  facet normal 0.0865357 -0.0983127 -0.991386
    outer loop
      vertex -68.6812 -25.9548 38.0192
      vertex -68.7602 -25.8519 38.0021
      vertex -68.662 -25.9379 38.0192
    endloop
  endfacet
  facet normal 0.245819 -0.0832941 -0.96573
    outer loop
      vertex -68.4895 -25.8832 38.0531
      vertex -68.6198 -25.8747 38.0192
      vertex -68.6116 -25.8505 38.0192
    endloop
  endfacet
  facet normal 0.124117 -0.0420562 -0.991376
    outer loop
      vertex -68.6198 -25.8747 38.0192
      vertex -68.7368 -25.8169 38.0021
      vertex -68.6116 -25.8505 38.0192
    endloop
  endfacet
  facet normal 0.0329114 -0.499734 0.865554
    outer loop
      vertex -68.7423 -26.2385 40.2969
      vertex -68.8 -26.2423 40.2969
      vertex -68.7275 -26.3508 40.2315
    endloop
  endfacet
  facet normal 0.0330801 -0.499647 0.865597
    outer loop
      vertex -68.8 -26.2423 40.2969
      vertex -68.8 -26.3556 40.2315
      vertex -68.7275 -26.3508 40.2315
    endloop
  endfacet
  facet normal 0.269912 -0.546891 0.792501
    outer loop
      vertex -68.4703 -26.371 40.1518
      vertex -68.5874 -26.3133 40.2315
      vertex -68.5477 -26.4092 40.1518
    endloop
  endfacet
  facet normal 0.212695 -0.318711 0.92368
    outer loop
      vertex -68.5308 -26.1509 40.2969
      vertex -68.6393 -26.0784 40.3469
      vertex -68.5789 -26.183 40.2969
    endloop
  endfacet
  facet normal 0.382229 -0.0251728 0.923725
    outer loop
      vertex -68.3577 -25.8 40.2969
      vertex -68.4813 -25.842 40.3469
      vertex -68.3615 -25.8577 40.2969
    endloop
  endfacet
  facet normal 0.382056 -0.0245608 0.923813
    outer loop
      vertex -68.4786 -25.8 40.3469
      vertex -68.4813 -25.842 40.3469
      vertex -68.3577 -25.8 40.2969
    endloop
  endfacet
  facet normal 0.216334 -0.143207 0.965759
    outer loop
      vertex -68.6311 -25.8975 40.3808
      vertex -68.6452 -25.9188 40.3808
      vertex -68.5216 -25.9607 40.3469
    endloop
  endfacet
  facet normal 0.34363 -0.169537 0.923675
    outer loop
      vertex -68.503 -25.923 40.3469
      vertex -68.5216 -25.9607 40.3469
      vertex -68.417 -26.0211 40.2969
    endloop
  endfacet
  facet normal 0.343434 -0.169728 0.923713
    outer loop
      vertex -68.3914 -25.9693 40.2969
      vertex -68.503 -25.923 40.3469
      vertex -68.417 -26.0211 40.2969
    endloop
  endfacet
  facet normal 0.123048 -0.362765 0.923721
    outer loop
      vertex -68.677 -26.097 40.3469
      vertex -68.7168 -26.1105 40.3469
      vertex -68.6855 -26.2272 40.2969
    endloop
  endfacet
  facet normal 0.0833023 -0.245843 0.965723
    outer loop
      vertex -68.7253 -25.9802 40.3808
      vertex -68.7495 -25.9884 40.3808
      vertex -68.677 -26.097 40.3469
    endloop
  endfacet
  facet normal 0.221864 -0.448927 0.865587
    outer loop
      vertex -68.5789 -26.183 40.2969
      vertex -68.6307 -26.2086 40.2969
      vertex -68.5874 -26.3133 40.2315
    endloop
  endfacet
  facet normal 0.330634 -0.376096 0.865582
    outer loop
      vertex -68.4072 -26.1928 40.2315
      vertex -68.4873 -26.1127 40.2969
      vertex -68.4618 -26.2408 40.2315
    endloop
  endfacet
  facet normal 0.287935 -0.252853 0.923666
    outer loop
      vertex -68.4491 -26.0692 40.2969
      vertex -68.5727 -26.0273 40.3469
      vertex -68.4873 -26.1127 40.2969
    endloop
  endfacet
  facet normal 0.195315 -0.17121 0.965681
    outer loop
      vertex -68.545 -25.9957 40.3469
      vertex -68.6452 -25.9188 40.3808
      vertex -68.5727 -26.0273 40.3469
    endloop
  endfacet
  facet normal 0.0427814 -0.123761 0.991389
    outer loop
      vertex -68.775 -25.8604 40.3979
      vertex -68.7831 -25.8632 40.3979
      vertex -68.7253 -25.9802 40.3808
    endloop
  endfacet
  facet normal 0.0833736 -0.245798 0.965729
    outer loop
      vertex -68.677 -26.097 40.3469
      vertex -68.7495 -25.9884 40.3808
      vertex -68.7168 -26.1105 40.3469
    endloop
  endfacet
  facet normal 0.467099 -0.531874 -0.706349
    outer loop
      vertex -68.3423 -26.3965 38.3407
      vertex -68.3986 -26.3231 38.2482
      vertex -68.2684 -26.3316 38.3407
    endloop
  endfacet
  facet normal 0.467078 -0.531927 -0.706323
    outer loop
      vertex -68.2684 -26.3316 38.3407
      vertex -68.3986 -26.3231 38.2482
      vertex -68.3338 -26.2662 38.2482
    endloop
  endfacet
  facet normal -0.252853 0.287935 0.923666
    outer loop
      vertex -95.4692 31.5509 40.2969
      vertex -95.5127 31.5127 40.2969
      vertex -95.4273 31.4273 40.3469
    endloop
  endfacet
  facet normal -0.330353 0.376187 0.86565
    outer loop
      vertex -95.4692 31.5509 40.2969
      vertex -95.5382 31.6408 40.2315
      vertex -95.5127 31.5127 40.2969
    endloop
  endfacet
  facet normal -0.598002 0.118752 0.792648
    outer loop
      vertex -95.8369 31.3707 40.1518
      vertex -95.8537 31.2861 40.1518
      vertex -95.7366 31.3438 40.2315
    endloop
  endfacet
  facet normal -0.491177 0.0978221 0.86555
    outer loop
      vertex -95.7366 31.3438 40.2315
      vertex -95.7508 31.2725 40.2315
      vertex -95.6385 31.2577 40.2969
    endloop
  endfacet
  facet normal -0.448935 0.221713 0.865622
    outer loop
      vertex -95.6811 31.4778 40.2315
      vertex -95.7133 31.4126 40.2315
      vertex -95.583 31.4211 40.2969
    endloop
  endfacet
  facet normal -0.41648 0.277883 0.865636
    outer loop
      vertex -95.6408 31.5382 40.2315
      vertex -95.6811 31.4778 40.2315
      vertex -95.583 31.4211 40.2969
    endloop
  endfacet
  facet normal -0.499734 0.0329114 0.865554
    outer loop
      vertex -95.6385 31.2577 40.2969
      vertex -95.7508 31.2725 40.2315
      vertex -95.6423 31.2 40.2969
    endloop
  endfacet
  facet normal -0.382229 0.0251728 0.923725
    outer loop
      vertex -95.6385 31.2577 40.2969
      vertex -95.6423 31.2 40.2969
      vertex -95.5187 31.242 40.3469
    endloop
  endfacet
  facet normal -0.392977 0.588746 0.706362
    outer loop
      vertex -95.5759 31.8511 40.0593
      vertex -95.6577 31.7965 40.0593
      vertex -95.6014 31.7231 40.1518
    endloop
  endfacet
  facet normal -0.393292 0.588706 0.70622
    outer loop
      vertex -95.5759 31.8511 40.0593
      vertex -95.6014 31.7231 40.1518
      vertex -95.5297 31.771 40.1518
    endloop
  endfacet
  facet normal -0.0330801 0.499647 0.865597
    outer loop
      vertex -95.2 31.7556 40.2315
      vertex -95.2725 31.7508 40.2315
      vertex -95.2 31.6423 40.2969
    endloop
  endfacet
  facet normal -0.0403122 0.608883 0.792235
    outer loop
      vertex -95.2 31.8593 40.1518
      vertex -95.2725 31.7508 40.2315
      vertex -95.2 31.7556 40.2315
    endloop
  endfacet
  facet normal -0.659825 0.441098 0.608328
    outer loop
      vertex -95.8596 31.7062 39.9556
      vertex -95.9201 31.6157 39.9556
      vertex -95.8511 31.5759 40.0593
    endloop
  endfacet
  facet normal -0.768185 0.513864 0.381884
    outer loop
      vertex -95.9512 31.7765 39.7214
      vertex -96.0201 31.6735 39.7214
      vertex -95.9115 31.746 39.8423
    endloop
  endfacet
  facet normal -0.458339 0.402462 0.792433
    outer loop
      vertex -95.6662 31.6662 40.1518
      vertex -95.7231 31.6014 40.1518
      vertex -95.6408 31.5382 40.2315
    endloop
  endfacet
  facet normal -0.531906 0.46706 0.70635
    outer loop
      vertex -95.6662 31.6662 40.1518
      vertex -95.7965 31.6577 40.0593
      vertex -95.7231 31.6014 40.1518
    endloop
  endfacet
  facet normal 0.0833736 0.245798 0.965729
    outer loop
      vertex -68.7168 31.5105 40.3469
      vertex -68.7495 31.3884 40.3808
      vertex -68.677 31.497 40.3469
    endloop
  endfacet
  facet normal 0.123048 0.362765 0.923721
    outer loop
      vertex -68.6855 31.6272 40.2969
      vertex -68.7168 31.5105 40.3469
      vertex -68.677 31.497 40.3469
    endloop
  endfacet
  facet normal 0.144323 -0.215868 -0.965698
    outer loop
      vertex -68.6393 -26.0784 38.0531
      vertex -68.7025 -25.969 38.0192
      vertex -68.6043 -26.055 38.0531
    endloop
  endfacet
  facet normal 0.212899 -0.318439 -0.923727
    outer loop
      vertex -68.5308 -26.1509 38.1031
      vertex -68.6393 -26.0784 38.0531
      vertex -68.6043 -26.055 38.0531
    endloop
  endfacet
  facet normal 0.0978221 -0.491177 -0.86555
    outer loop
      vertex -68.7275 -26.3508 38.1685
      vertex -68.7423 -26.2385 38.1031
      vertex -68.6562 -26.3366 38.1685
    endloop
  endfacet
  facet normal 0.0329114 -0.499734 -0.865554
    outer loop
      vertex -68.7275 -26.3508 38.1685
      vertex -68.8 -26.2423 38.1031
      vertex -68.7423 -26.2385 38.1031
    endloop
  endfacet
  facet normal 0.169728 -0.343434 -0.923713
    outer loop
      vertex -68.6307 -26.2086 38.1031
      vertex -68.677 -26.097 38.0531
      vertex -68.5789 -26.183 38.1031
    endloop
  endfacet
  facet normal 0.160932 -0.474144 -0.865615
    outer loop
      vertex -68.5874 -26.3133 38.1685
      vertex -68.6855 -26.2272 38.1031
      vertex -68.6307 -26.2086 38.1031
    endloop
  endfacet
  facet normal 0.376096 -0.330634 -0.865582
    outer loop
      vertex -68.4072 -26.1928 38.1685
      vertex -68.4873 -26.1127 38.1031
      vertex -68.3592 -26.1382 38.1685
    endloop
  endfacet
  facet normal 0.457976 -0.402616 -0.792565
    outer loop
      vertex -68.3338 -26.2662 38.2482
      vertex -68.4072 -26.1928 38.1685
      vertex -68.3592 -26.1382 38.1685
    endloop
  endfacet
  facet normal 0.050914 -0.25457 -0.965713
    outer loop
      vertex -68.758 -26.1187 38.0531
      vertex -68.7745 -25.9934 38.0192
      vertex -68.7495 -25.9884 38.0192
    endloop
  endfacet
  facet normal 0.0257012 -0.128506 -0.991376
    outer loop
      vertex -68.7745 -25.9934 38.0192
      vertex -68.7831 -25.8632 38.0021
      vertex -68.7495 -25.9884 38.0192
    endloop
  endfacet
  facet normal 0.171143 -0.195239 -0.965708
    outer loop
      vertex -68.6043 -26.055 38.0531
      vertex -68.662 -25.9379 38.0192
      vertex -68.5727 -26.0273 38.0531
    endloop
  endfacet
  facet normal 0.194942 -0.171468 -0.96571
    outer loop
      vertex -68.5727 -26.0273 38.0531
      vertex -68.662 -25.9379 38.0192
      vertex -68.6452 -25.9188 38.0192
    endloop
  endfacet
  facet normal 0.221713 -0.448935 0.865622
    outer loop
      vertex -68.5789 -26.183 40.2969
      vertex -68.5874 -26.3133 40.2315
      vertex -68.5222 -26.2811 40.2315
    endloop
  endfacet
  facet normal 0.33875 -0.507064 0.792549
    outer loop
      vertex -68.3986 -26.3231 40.1518
      vertex -68.5222 -26.2811 40.2315
      vertex -68.4703 -26.371 40.1518
    endloop
  endfacet
  facet normal -0 0 1
    outer loop
      vertex -92.0604 28.8451 40.3979
      vertex -85.25 26.15 40.3979
      vertex -91.9994 29.0247 40.3979
    endloop
  endfacet
  facet normal 0 0 1
    outer loop
      vertex -85.25 21.65 40.3979
      vertex -91.9624 -23.8107 40.3979
      vertex -91.95 -24 40.3979
    endloop
  endfacet
  facet normal -0 0 1
    outer loop
      vertex -92.1443 28.675 40.3979
      vertex -85.25 26.15 40.3979
      vertex -92.0604 28.8451 40.3979
    endloop
  endfacet
  facet normal 0 0 1
    outer loop
      vertex -85.25 21.65 40.3979
      vertex -91.9994 -23.6247 40.3979
      vertex -91.9624 -23.8107 40.3979
    endloop
  endfacet
  facet normal -0 0 1
    outer loop
      vertex -92.2496 28.5173 40.3979
      vertex -85.25 26.15 40.3979
      vertex -92.1443 28.675 40.3979
    endloop
  endfacet
  facet normal 0 0 1
    outer loop
      vertex -85.25 21.65 40.3979
      vertex -92.0604 -23.4451 40.3979
      vertex -91.9994 -23.6247 40.3979
    endloop
  endfacet
  facet normal -0 0 1
    outer loop
      vertex -92.3747 28.3747 40.3979
      vertex -85.25 26.15 40.3979
      vertex -92.2496 28.5173 40.3979
    endloop
  endfacet
  facet normal 0 0 1
    outer loop
      vertex -85.25 21.65 40.3979
      vertex -92.1443 -23.275 40.3979
      vertex -92.0604 -23.4451 40.3979
    endloop
  endfacet
  facet normal -0 0 1
    outer loop
      vertex -92.5173 28.2496 40.3979
      vertex -85.25 26.15 40.3979
      vertex -92.3747 28.3747 40.3979
    endloop
  endfacet
  facet normal 0 0 1
    outer loop
      vertex -85.25 21.65 40.3979
      vertex -92.2496 -23.1173 40.3979
      vertex -92.1443 -23.275 40.3979
    endloop
  endfacet
  facet normal -0 0 1
    outer loop
      vertex -92.675 28.1443 40.3979
      vertex -85.25 26.15 40.3979
      vertex -92.5173 28.2496 40.3979
    endloop
  endfacet
  facet normal 0 0 1
    outer loop
      vertex -85.25 21.65 40.3979
      vertex -92.3747 -22.9747 40.3979
      vertex -92.2496 -23.1173 40.3979
    endloop
  endfacet
  facet normal 0 0 1
    outer loop
      vertex -85.25 26.15 40.3979
      vertex -92.675 28.1443 40.3979
      vertex -85.25 21.65 40.3979
    endloop
  endfacet
  facet normal 0 0 1
    outer loop
      vertex -85.25 21.65 40.3979
      vertex -92.5173 -22.8496 40.3979
      vertex -92.3747 -22.9747 40.3979
    endloop
  endfacet
  facet normal -0 0 1
    outer loop
      vertex -92.8451 28.0604 40.3979
      vertex -85.25 21.65 40.3979
      vertex -92.675 28.1443 40.3979
    endloop
  endfacet
  facet normal 0 0 1
    outer loop
      vertex -85.25 21.65 40.3979
      vertex -92.675 -22.7443 40.3979
      vertex -92.5173 -22.8496 40.3979
    endloop
  endfacet
  facet normal -0 0 1
    outer loop
      vertex -93.0247 27.9994 40.3979
      vertex -85.25 21.65 40.3979
      vertex -92.8451 28.0604 40.3979
    endloop
  endfacet
  facet normal 0 0 1
    outer loop
      vertex -85.25 21.65 40.3979
      vertex -92.8451 -22.6604 40.3979
      vertex -92.675 -22.7443 40.3979
    endloop
  endfacet
  facet normal -0 0 1
    outer loop
      vertex -93.2107 27.9624 40.3979
      vertex -85.25 21.65 40.3979
      vertex -93.0247 27.9994 40.3979
    endloop
  endfacet
  facet normal 0 0 1
    outer loop
      vertex -85.25 21.65 40.3979
      vertex -93.0247 -22.5994 40.3979
      vertex -92.8451 -22.6604 40.3979
    endloop
  endfacet
  facet normal -0 0 1
    outer loop
      vertex -93.4 27.95 40.3979
      vertex -85.25 21.65 40.3979
      vertex -93.2107 27.9624 40.3979
    endloop
  endfacet
  facet normal 0 0 1
    outer loop
      vertex -85.25 21.65 40.3979
      vertex -93.2107 -22.5624 40.3979
      vertex -93.0247 -22.5994 40.3979
    endloop
  endfacet
  facet normal 0 0 1
    outer loop
      vertex -93.5893 27.9624 40.3979
      vertex -85.25 21.65 40.3979
      vertex -93.4 27.95 40.3979
    endloop
  endfacet
  facet normal 0 0 1
    outer loop
      vertex -85.25 21.65 40.3979
      vertex -93.4 -22.55 40.3979
      vertex -93.2107 -22.5624 40.3979
    endloop
  endfacet
  facet normal 0 0 1
    outer loop
      vertex -93.7753 27.9994 40.3979
      vertex -85.25 21.65 40.3979
      vertex -93.5893 27.9624 40.3979
    endloop
  endfacet
  facet normal 0 0 1
    outer loop
      vertex -85.25 21.65 40.3979
      vertex -93.5893 -22.5624 40.3979
      vertex -93.4 -22.55 40.3979
    endloop
  endfacet
  facet normal 0 0 1
    outer loop
      vertex -93.9549 28.0604 40.3979
      vertex -85.25 21.65 40.3979
      vertex -93.7753 27.9994 40.3979
    endloop
  endfacet
  facet normal 0 0 1
    outer loop
      vertex -85.25 21.65 40.3979
      vertex -93.7753 -22.5994 40.3979
      vertex -93.5893 -22.5624 40.3979
    endloop
  endfacet
  facet normal 0 0 1
    outer loop
      vertex -93.9549 -22.6604 40.3979
      vertex -85.25 21.65 40.3979
      vertex -93.9549 28.0604 40.3979
    endloop
  endfacet
  facet normal 0 0 1
    outer loop
      vertex -85.25 21.65 40.3979
      vertex -93.9549 -22.6604 40.3979
      vertex -93.7753 -22.5994 40.3979
    endloop
  endfacet
  facet normal 0 0 1
    outer loop
      vertex -94.125 28.1443 40.3979
      vertex -93.9549 -22.6604 40.3979
      vertex -93.9549 28.0604 40.3979
    endloop
  endfacet
  facet normal 0 0 1
    outer loop
      vertex -94.125 28.1443 40.3979
      vertex -94.125 -22.7443 40.3979
      vertex -93.9549 -22.6604 40.3979
    endloop
  endfacet
  facet normal 0 0 1
    outer loop
      vertex -94.2827 28.2496 40.3979
      vertex -94.125 -22.7443 40.3979
      vertex -94.125 28.1443 40.3979
    endloop
  endfacet
  facet normal 0 0 1
    outer loop
      vertex -94.2827 28.2496 40.3979
      vertex -94.2827 -22.8496 40.3979
      vertex -94.125 -22.7443 40.3979
    endloop
  endfacet
  facet normal 0 0 1
    outer loop
      vertex -94.4253 28.3747 40.3979
      vertex -94.2827 -22.8496 40.3979
      vertex -94.2827 28.2496 40.3979
    endloop
  endfacet
  facet normal 0 0 1
    outer loop
      vertex -94.4253 28.3747 40.3979
      vertex -94.4253 -22.9747 40.3979
      vertex -94.2827 -22.8496 40.3979
    endloop
  endfacet
  facet normal 0 0 1
    outer loop
      vertex -94.5504 28.5173 40.3979
      vertex -94.4253 -22.9747 40.3979
      vertex -94.4253 28.3747 40.3979
    endloop
  endfacet
  facet normal 0 0 1
    outer loop
      vertex -94.5504 28.5173 40.3979
      vertex -94.5504 -23.1173 40.3979
      vertex -94.4253 -22.9747 40.3979
    endloop
  endfacet
  facet normal 0 0 1
    outer loop
      vertex -94.6557 28.675 40.3979
      vertex -94.5504 -23.1173 40.3979
      vertex -94.5504 28.5173 40.3979
    endloop
  endfacet
  facet normal 0 0 1
    outer loop
      vertex -94.6557 28.675 40.3979
      vertex -94.6557 -23.275 40.3979
      vertex -94.5504 -23.1173 40.3979
    endloop
  endfacet
  facet normal 0 0 1
    outer loop
      vertex -94.7396 28.8451 40.3979
      vertex -94.6557 -23.275 40.3979
      vertex -94.6557 28.675 40.3979
    endloop
  endfacet
  facet normal 0 0 1
    outer loop
      vertex -94.7396 28.8451 40.3979
      vertex -94.7396 -23.4451 40.3979
      vertex -94.6557 -23.275 40.3979
    endloop
  endfacet
  facet normal 0 0 1
    outer loop
      vertex -94.8006 29.0247 40.3979
      vertex -94.7396 -23.4451 40.3979
      vertex -94.7396 28.8451 40.3979
    endloop
  endfacet
  facet normal 0 0 1
    outer loop
      vertex -94.8006 29.0247 40.3979
      vertex -94.8006 -23.6247 40.3979
      vertex -94.7396 -23.4451 40.3979
    endloop
  endfacet
  facet normal 0 0 1
    outer loop
      vertex -94.8376 29.2107 40.3979
      vertex -94.8006 -23.6247 40.3979
      vertex -94.8006 29.0247 40.3979
    endloop
  endfacet
  facet normal 0 0 1
    outer loop
      vertex -94.8376 29.2107 40.3979
      vertex -94.8376 -23.8107 40.3979
      vertex -94.8006 -23.6247 40.3979
    endloop
  endfacet
  facet normal 0 0 1
    outer loop
      vertex -95.2654 31.2 40.3979
      vertex -94.8376 29.2107 40.3979
      vertex -94.85 29.4 40.3979
    endloop
  endfacet
  facet normal 0 0 1
    outer loop
      vertex -94.8376 29.2107 40.3979
      vertex -95.2654 31.2 40.3979
      vertex -94.8376 -23.8107 40.3979
    endloop
  endfacet
  facet normal -0 0 1
    outer loop
      vertex -69.1624 -23.8107 40.3979
      vertex -68.7346 -25.8 40.3979
      vertex -69.1624 29.2107 40.3979
    endloop
  endfacet
  facet normal 0 0 1
    outer loop
      vertex -68.7346 -25.8 40.3979
      vertex -69.1624 -23.8107 40.3979
      vertex -69.15 -24 40.3979
    endloop
  endfacet
  facet normal -0 0 1
    outer loop
      vertex -69.1994 29.0247 40.3979
      vertex -69.1624 -23.8107 40.3979
      vertex -69.1624 29.2107 40.3979
    endloop
  endfacet
  facet normal 0 0 1
    outer loop
      vertex -69.1994 29.0247 40.3979
      vertex -69.1994 -23.6247 40.3979
      vertex -69.1624 -23.8107 40.3979
    endloop
  endfacet
  facet normal -0 0 1
    outer loop
      vertex -69.2604 28.8451 40.3979
      vertex -69.1994 -23.6247 40.3979
      vertex -69.1994 29.0247 40.3979
    endloop
  endfacet
  facet normal 0 0 1
    outer loop
      vertex -69.2604 28.8451 40.3979
      vertex -69.2604 -23.4451 40.3979
      vertex -69.1994 -23.6247 40.3979
    endloop
  endfacet
  facet normal -0 0 1
    outer loop
      vertex -69.3443 28.675 40.3979
      vertex -69.2604 -23.4451 40.3979
      vertex -69.2604 28.8451 40.3979
    endloop
  endfacet
  facet normal 0 0 1
    outer loop
      vertex -69.3443 28.675 40.3979
      vertex -69.3443 -23.275 40.3979
      vertex -69.2604 -23.4451 40.3979
    endloop
  endfacet
  facet normal -0 0 1
    outer loop
      vertex -69.4496 28.5173 40.3979
      vertex -69.3443 -23.275 40.3979
      vertex -69.3443 28.675 40.3979
    endloop
  endfacet
  facet normal 0 0 1
    outer loop
      vertex -69.4496 28.5173 40.3979
      vertex -69.4496 -23.1173 40.3979
      vertex -69.3443 -23.275 40.3979
    endloop
  endfacet
  facet normal -0 0 1
    outer loop
      vertex -69.5747 28.3747 40.3979
      vertex -69.4496 -23.1173 40.3979
      vertex -69.4496 28.5173 40.3979
    endloop
  endfacet
  facet normal 0 0 1
    outer loop
      vertex -69.5747 28.3747 40.3979
      vertex -69.5747 -22.9747 40.3979
      vertex -69.4496 -23.1173 40.3979
    endloop
  endfacet
  facet normal 0 0 1
    outer loop
      vertex -74.75 21.65 40.3979
      vertex -69.5747 28.3747 40.3979
      vertex -69.7173 28.2496 40.3979
    endloop
  endfacet
  facet normal 0 0 1
    outer loop
      vertex -69.5747 28.3747 40.3979
      vertex -74.75 21.65 40.3979
      vertex -69.5747 -22.9747 40.3979
    endloop
  endfacet
  facet normal 0 0 1
    outer loop
      vertex -74.75 21.65 40.3979
      vertex -69.7173 28.2496 40.3979
      vertex -69.875 28.1443 40.3979
    endloop
  endfacet
  facet normal 0 0 1
    outer loop
      vertex -69.5747 -22.9747 40.3979
      vertex -74.75 21.65 40.3979
      vertex -69.7173 -22.8496 40.3979
    endloop
  endfacet
  facet normal 0 0 1
    outer loop
      vertex -74.75 21.65 40.3979
      vertex -69.875 28.1443 40.3979
      vertex -70.0451 28.0604 40.3979
    endloop
  endfacet
  facet normal 0 0 1
    outer loop
      vertex -69.7173 -22.8496 40.3979
      vertex -74.75 21.65 40.3979
      vertex -69.875 -22.7443 40.3979
    endloop
  endfacet
  facet normal 0 0 1
    outer loop
      vertex -74.75 21.65 40.3979
      vertex -70.0451 28.0604 40.3979
      vertex -70.2247 27.9994 40.3979
    endloop
  endfacet
  facet normal 0 0 1
    outer loop
      vertex -69.875 -22.7443 40.3979
      vertex -74.75 21.65 40.3979
      vertex -70.0451 -22.6604 40.3979
    endloop
  endfacet
  facet normal 0 0 1
    outer loop
      vertex -74.75 21.65 40.3979
      vertex -70.2247 27.9994 40.3979
      vertex -70.4107 27.9624 40.3979
    endloop
  endfacet
  facet normal 0 0 1
    outer loop
      vertex -70.0451 -22.6604 40.3979
      vertex -74.75 21.65 40.3979
      vertex -70.2247 -22.5994 40.3979
    endloop
  endfacet
  facet normal 0 0 1
    outer loop
      vertex -74.75 21.65 40.3979
      vertex -70.4107 27.9624 40.3979
      vertex -70.6 27.95 40.3979
    endloop
  endfacet
  facet normal 0 0 1
    outer loop
      vertex -70.2247 -22.5994 40.3979
      vertex -74.75 21.65 40.3979
      vertex -70.4107 -22.5624 40.3979
    endloop
  endfacet
  facet normal 0 0 1
    outer loop
      vertex -74.75 21.65 40.3979
      vertex -70.6 27.95 40.3979
      vertex -70.7893 27.9624 40.3979
    endloop
  endfacet
  facet normal 0 0 1
    outer loop
      vertex -70.4107 -22.5624 40.3979
      vertex -74.75 21.65 40.3979
      vertex -70.6 -22.55 40.3979
    endloop
  endfacet
  facet normal 0 0 1
    outer loop
      vertex -74.75 26.15 40.3979
      vertex -70.7893 27.9624 40.3979
      vertex -70.9753 27.9994 40.3979
    endloop
  endfacet
  facet normal 0 0 1
    outer loop
      vertex -70.6 -22.55 40.3979
      vertex -74.75 21.65 40.3979
      vertex -70.7893 -22.5624 40.3979
    endloop
  endfacet
  facet normal 0 0 1
    outer loop
      vertex -74.75 26.15 40.3979
      vertex -70.9753 27.9994 40.3979
      vertex -71.1549 28.0604 40.3979
    endloop
  endfacet
  facet normal 0 0 1
    outer loop
      vertex -70.7893 -22.5624 40.3979
      vertex -74.75 21.65 40.3979
      vertex -70.9753 -22.5994 40.3979
    endloop
  endfacet
  facet normal 0 0 1
    outer loop
      vertex -74.75 26.15 40.3979
      vertex -71.1549 28.0604 40.3979
      vertex -71.325 28.1443 40.3979
    endloop
  endfacet
  facet normal 0 0 1
    outer loop
      vertex -70.9753 -22.5994 40.3979
      vertex -74.75 21.65 40.3979
      vertex -71.1549 -22.6604 40.3979
    endloop
  endfacet
  facet normal 0 0 1
    outer loop
      vertex -74.75 26.15 40.3979
      vertex -71.325 28.1443 40.3979
      vertex -71.4827 28.2496 40.3979
    endloop
  endfacet
  facet normal -0 0 1
    outer loop
      vertex -85.25 21.65 40.3979
      vertex -71.1549 -22.6604 40.3979
      vertex -74.75 21.65 40.3979
    endloop
  endfacet
  facet normal 0 0 1
    outer loop
      vertex -74.75 26.15 40.3979
      vertex -71.4827 28.2496 40.3979
      vertex -71.6253 28.3747 40.3979
    endloop
  endfacet
  facet normal 0 0 1
    outer loop
      vertex -71.1549 -22.6604 40.3979
      vertex -85.25 21.65 40.3979
      vertex -71.325 -22.7443 40.3979
    endloop
  endfacet
  facet normal 0 0 1
    outer loop
      vertex -74.75 26.15 40.3979
      vertex -71.6253 28.3747 40.3979
      vertex -71.7504 28.5173 40.3979
    endloop
  endfacet
  facet normal 0 0 1
    outer loop
      vertex -91.95 -24 40.3979
      vertex -71.325 -22.7443 40.3979
      vertex -85.25 21.65 40.3979
    endloop
  endfacet
  facet normal 0 0 1
    outer loop
      vertex -74.75 26.15 40.3979
      vertex -71.7504 28.5173 40.3979
      vertex -71.8557 28.675 40.3979
    endloop
  endfacet
  facet normal 0 0 1
    outer loop
      vertex -71.325 -22.7443 40.3979
      vertex -91.95 -24 40.3979
      vertex -71.4827 -22.8496 40.3979
    endloop
  endfacet
  facet normal 0 0 1
    outer loop
      vertex -74.75 26.15 40.3979
      vertex -71.8557 28.675 40.3979
      vertex -71.9396 28.8451 40.3979
    endloop
  endfacet
  facet normal 0 0 1
    outer loop
      vertex -71.4827 -22.8496 40.3979
      vertex -91.95 -24 40.3979
      vertex -71.6253 -22.9747 40.3979
    endloop
  endfacet
  facet normal 0 0 1
    outer loop
      vertex -74.75 26.15 40.3979
      vertex -71.9396 28.8451 40.3979
      vertex -72.0006 29.0247 40.3979
    endloop
  endfacet
  facet normal 0 0 1
    outer loop
      vertex -71.6253 -22.9747 40.3979
      vertex -91.95 -24 40.3979
      vertex -71.7504 -23.1173 40.3979
    endloop
  endfacet
  facet normal 0 0 1
    outer loop
      vertex -74.75 26.15 40.3979
      vertex -72.0006 29.0247 40.3979
      vertex -72.0376 29.2107 40.3979
    endloop
  endfacet
  facet normal 0 0 1
    outer loop
      vertex -71.7504 -23.1173 40.3979
      vertex -91.95 -24 40.3979
      vertex -71.8557 -23.275 40.3979
    endloop
  endfacet
  facet normal 0 0 1
    outer loop
      vertex -74.75 26.15 40.3979
      vertex -72.0376 29.2107 40.3979
      vertex -72.05 29.4 40.3979
    endloop
  endfacet
  facet normal 0 0 1
    outer loop
      vertex -71.8557 -23.275 40.3979
      vertex -91.95 -24 40.3979
      vertex -71.9396 -23.4451 40.3979
    endloop
  endfacet
  facet normal 0 0 1
    outer loop
      vertex -68.8 31.2654 40.3979
      vertex -68.7346 31.2 40.3979
      vertex -68.7352 31.2085 40.3979
    endloop
  endfacet
  facet normal 0 0 1
    outer loop
      vertex -69.1624 29.2107 40.3979
      vertex -68.7346 31.2 40.3979
      vertex -69.15 29.4 40.3979
    endloop
  endfacet
  facet normal 0 0 1
    outer loop
      vertex -68.8 31.2654 40.3979
      vertex -68.7352 31.2085 40.3979
      vertex -68.7368 31.2169 40.3979
    endloop
  endfacet
  facet normal 0 0 1
    outer loop
      vertex -68.7346 31.2 40.3979
      vertex -69.1624 29.2107 40.3979
      vertex -68.7346 -25.8 40.3979
    endloop
  endfacet
  facet normal 0 0 1
    outer loop
      vertex -68.8 31.2654 40.3979
      vertex -68.7368 31.2169 40.3979
      vertex -68.7396 31.225 40.3979
    endloop
  endfacet
  facet normal -0 0 1
    outer loop
      vertex -69.1624 -24.1893 40.3979
      vertex -68.7346 -25.8 40.3979
      vertex -69.15 -24 40.3979
    endloop
  endfacet
  facet normal 0 0 1
    outer loop
      vertex -68.8 31.2654 40.3979
      vertex -68.7396 31.225 40.3979
      vertex -68.7434 31.2327 40.3979
    endloop
  endfacet
  facet normal -0 0 1
    outer loop
      vertex -69.1994 -24.3753 40.3979
      vertex -68.7346 -25.8 40.3979
      vertex -69.1624 -24.1893 40.3979
    endloop
  endfacet
  facet normal 0 0 1
    outer loop
      vertex -68.8 31.2654 40.3979
      vertex -68.7434 31.2327 40.3979
      vertex -68.7481 31.2398 40.3979
    endloop
  endfacet
  facet normal -0 0 1
    outer loop
      vertex -69.2604 -24.5549 40.3979
      vertex -68.7346 -25.8 40.3979
      vertex -69.1994 -24.3753 40.3979
    endloop
  endfacet
  facet normal 0 0 1
    outer loop
      vertex -68.8 31.2654 40.3979
      vertex -68.7481 31.2398 40.3979
      vertex -68.7538 31.2462 40.3979
    endloop
  endfacet
  facet normal -0 0 1
    outer loop
      vertex -69.3443 -24.725 40.3979
      vertex -68.7346 -25.8 40.3979
      vertex -69.2604 -24.5549 40.3979
    endloop
  endfacet
  facet normal 0 0 1
    outer loop
      vertex -68.8 31.2654 40.3979
      vertex -68.7538 31.2462 40.3979
      vertex -68.7602 31.2519 40.3979
    endloop
  endfacet
  facet normal -0 0 1
    outer loop
      vertex -69.4496 -24.8827 40.3979
      vertex -68.7346 -25.8 40.3979
      vertex -69.3443 -24.725 40.3979
    endloop
  endfacet
  facet normal 0 0 1
    outer loop
      vertex -68.8 31.2654 40.3979
      vertex -68.7602 31.2519 40.3979
      vertex -68.7673 31.2566 40.3979
    endloop
  endfacet
  facet normal -0 0 1
    outer loop
      vertex -69.5747 -25.0253 40.3979
      vertex -68.7346 -25.8 40.3979
      vertex -69.4496 -24.8827 40.3979
    endloop
  endfacet
  facet normal 0 0 1
    outer loop
      vertex -68.8 31.2654 40.3979
      vertex -68.7673 31.2566 40.3979
      vertex -68.775 31.2604 40.3979
    endloop
  endfacet
  facet normal 0 -0 1
    outer loop
      vertex -68.8 -25.8654 40.3979
      vertex -68.7346 -25.8 40.3979
      vertex -69.5747 -25.0253 40.3979
    endloop
  endfacet
  facet normal 0 0 1
    outer loop
      vertex -68.8 31.2654 40.3979
      vertex -68.775 31.2604 40.3979
      vertex -68.7831 31.2632 40.3979
    endloop
  endfacet
  facet normal 0 0 1
    outer loop
      vertex -68.7346 -25.8 40.3979
      vertex -68.8 -25.8654 40.3979
      vertex -68.7352 -25.8085 40.3979
    endloop
  endfacet
  facet normal 0 0 1
    outer loop
      vertex -68.8 31.2654 40.3979
      vertex -68.7831 31.2632 40.3979
      vertex -68.7915 31.2648 40.3979
    endloop
  endfacet
  facet normal 0 0 1
    outer loop
      vertex -68.7352 -25.8085 40.3979
      vertex -68.8 -25.8654 40.3979
      vertex -68.7368 -25.8169 40.3979
    endloop
  endfacet
  facet normal 0 0 1
    outer loop
      vertex -68.7346 31.2 40.3979
      vertex -68.8 31.2654 40.3979
      vertex -69.5747 30.4253 40.3979
    endloop
  endfacet
  facet normal 0 0 1
    outer loop
      vertex -68.7396 -25.825 40.3979
      vertex -68.8 -25.8654 40.3979
      vertex -68.7434 -25.8327 40.3979
    endloop
  endfacet
  facet normal 0 0 1
    outer loop
      vertex -68.7434 -25.8327 40.3979
      vertex -68.8 -25.8654 40.3979
      vertex -68.7481 -25.8398 40.3979
    endloop
  endfacet
  facet normal 0 0 1
    outer loop
      vertex -68.7346 31.2 40.3979
      vertex -69.1624 29.5893 40.3979
      vertex -69.15 29.4 40.3979
    endloop
  endfacet
  facet normal 0 0 1
    outer loop
      vertex -68.7346 31.2 40.3979
      vertex -69.1994 29.7753 40.3979
      vertex -69.1624 29.5893 40.3979
    endloop
  endfacet
  facet normal 0 0 1
    outer loop
      vertex -68.7346 31.2 40.3979
      vertex -69.2604 29.9549 40.3979
      vertex -69.1994 29.7753 40.3979
    endloop
  endfacet
  facet normal 0 0 1
    outer loop
      vertex -68.7346 31.2 40.3979
      vertex -69.3443 30.125 40.3979
      vertex -69.2604 29.9549 40.3979
    endloop
  endfacet
  facet normal 0 0 1
    outer loop
      vertex -68.7346 31.2 40.3979
      vertex -69.4496 30.2827 40.3979
      vertex -69.3443 30.125 40.3979
    endloop
  endfacet
  facet normal 0 0 1
    outer loop
      vertex -68.7346 31.2 40.3979
      vertex -69.5747 30.4253 40.3979
      vertex -69.4496 30.2827 40.3979
    endloop
  endfacet
  facet normal 0 0 1
    outer loop
      vertex -68.8 31.2654 40.3979
      vertex -69.7173 30.5504 40.3979
      vertex -69.5747 30.4253 40.3979
    endloop
  endfacet
  facet normal 0 0 1
    outer loop
      vertex -68.8 31.2654 40.3979
      vertex -69.875 30.6557 40.3979
      vertex -69.7173 30.5504 40.3979
    endloop
  endfacet
  facet normal 0 0 1
    outer loop
      vertex -68.8 31.2654 40.3979
      vertex -70.0451 30.7396 40.3979
      vertex -69.875 30.6557 40.3979
    endloop
  endfacet
  facet normal 0 0 1
    outer loop
      vertex -68.8 31.2654 40.3979
      vertex -70.2247 30.8006 40.3979
      vertex -70.0451 30.7396 40.3979
    endloop
  endfacet
  facet normal 0 0 1
    outer loop
      vertex -68.8 31.2654 40.3979
      vertex -70.4107 30.8376 40.3979
      vertex -70.2247 30.8006 40.3979
    endloop
  endfacet
  facet normal 0 0 1
    outer loop
      vertex -68.8 31.2654 40.3979
      vertex -70.6 30.85 40.3979
      vertex -70.4107 30.8376 40.3979
    endloop
  endfacet
  facet normal 0 0 1
    outer loop
      vertex -68.8 31.2654 40.3979
      vertex -70.7893 30.8376 40.3979
      vertex -70.6 30.85 40.3979
    endloop
  endfacet
  facet normal 0 0 1
    outer loop
      vertex -68.8 31.2654 40.3979
      vertex -70.9753 30.8006 40.3979
      vertex -70.7893 30.8376 40.3979
    endloop
  endfacet
  facet normal 0 0 1
    outer loop
      vertex -70.7893 27.9624 40.3979
      vertex -74.75 26.15 40.3979
      vertex -74.75 21.65 40.3979
    endloop
  endfacet
  facet normal 0 0 1
    outer loop
      vertex -72.0376 29.5893 40.3979
      vertex -74.75 26.15 40.3979
      vertex -72.05 29.4 40.3979
    endloop
  endfacet
  facet normal 0 0 1
    outer loop
      vertex -72.0006 29.7753 40.3979
      vertex -74.75 26.15 40.3979
      vertex -72.0376 29.5893 40.3979
    endloop
  endfacet
  facet normal 0 0 1
    outer loop
      vertex -71.9396 29.9549 40.3979
      vertex -74.75 26.15 40.3979
      vertex -72.0006 29.7753 40.3979
    endloop
  endfacet
  facet normal 0 0 1
    outer loop
      vertex -85.25 26.15 40.3979
      vertex -71.9396 29.9549 40.3979
      vertex -71.8557 30.125 40.3979
    endloop
  endfacet
  facet normal 0 0 1
    outer loop
      vertex -85.25 26.15 40.3979
      vertex -71.8557 30.125 40.3979
      vertex -71.7504 30.2827 40.3979
    endloop
  endfacet
  facet normal 0 0 1
    outer loop
      vertex -71.9396 29.9549 40.3979
      vertex -85.25 26.15 40.3979
      vertex -74.75 26.15 40.3979
    endloop
  endfacet
  facet normal 0 0 1
    outer loop
      vertex -71.6253 30.4253 40.3979
      vertex -85.25 26.15 40.3979
      vertex -71.7504 30.2827 40.3979
    endloop
  endfacet
  facet normal 0 0 1
    outer loop
      vertex -92.3747 30.4253 40.3979
      vertex -71.6253 30.4253 40.3979
      vertex -71.4827 30.5504 40.3979
    endloop
  endfacet
  facet normal 0 0 1
    outer loop
      vertex -92.5173 30.5504 40.3979
      vertex -71.4827 30.5504 40.3979
      vertex -71.325 30.6557 40.3979
    endloop
  endfacet
  facet normal 0 0 1
    outer loop
      vertex -92.675 30.6557 40.3979
      vertex -71.325 30.6557 40.3979
      vertex -71.1549 30.7396 40.3979
    endloop
  endfacet
  facet normal 0 0 1
    outer loop
      vertex -92.8451 30.7396 40.3979
      vertex -71.1549 30.7396 40.3979
      vertex -70.9753 30.8006 40.3979
    endloop
  endfacet
  facet normal -0 0 1
    outer loop
      vertex -91.9624 29.2107 40.3979
      vertex -85.25 26.15 40.3979
      vertex -91.95 29.4 40.3979
    endloop
  endfacet
  facet normal 0 0 1
    outer loop
      vertex -71.6253 30.4253 40.3979
      vertex -92.3747 30.4253 40.3979
      vertex -85.25 26.15 40.3979
    endloop
  endfacet
  facet normal 0 0 1
    outer loop
      vertex -93.0247 30.8006 40.3979
      vertex -70.9753 30.8006 40.3979
      vertex -68.8 31.2654 40.3979
    endloop
  endfacet
  facet normal 0 0 1
    outer loop
      vertex -85.25 26.15 40.3979
      vertex -91.9624 29.5893 40.3979
      vertex -91.95 29.4 40.3979
    endloop
  endfacet
  facet normal 0 0 1
    outer loop
      vertex -85.25 26.15 40.3979
      vertex -91.9994 29.7753 40.3979
      vertex -91.9624 29.5893 40.3979
    endloop
  endfacet
  facet normal 0 0 1
    outer loop
      vertex -85.25 26.15 40.3979
      vertex -92.0604 29.9549 40.3979
      vertex -91.9994 29.7753 40.3979
    endloop
  endfacet
  facet normal 0 0 1
    outer loop
      vertex -85.25 26.15 40.3979
      vertex -92.1443 30.125 40.3979
      vertex -92.0604 29.9549 40.3979
    endloop
  endfacet
  facet normal 0 0 1
    outer loop
      vertex -85.25 26.15 40.3979
      vertex -92.2496 30.2827 40.3979
      vertex -92.1443 30.125 40.3979
    endloop
  endfacet
  facet normal 0 0 1
    outer loop
      vertex -85.25 26.15 40.3979
      vertex -92.3747 30.4253 40.3979
      vertex -92.2496 30.2827 40.3979
    endloop
  endfacet
  facet normal 0 0 1
    outer loop
      vertex -71.4827 30.5504 40.3979
      vertex -92.5173 30.5504 40.3979
      vertex -92.3747 30.4253 40.3979
    endloop
  endfacet
  facet normal 0 0 1
    outer loop
      vertex -71.325 30.6557 40.3979
      vertex -92.675 30.6557 40.3979
      vertex -92.5173 30.5504 40.3979
    endloop
  endfacet
  facet normal 0 0 1
    outer loop
      vertex -71.1549 30.7396 40.3979
      vertex -92.8451 30.7396 40.3979
      vertex -92.675 30.6557 40.3979
    endloop
  endfacet
  facet normal 0 0 1
    outer loop
      vertex -70.9753 30.8006 40.3979
      vertex -93.0247 30.8006 40.3979
      vertex -92.8451 30.7396 40.3979
    endloop
  endfacet
  facet normal 0 0 1
    outer loop
      vertex -68.8 31.2654 40.3979
      vertex -93.2107 30.8376 40.3979
      vertex -93.0247 30.8006 40.3979
    endloop
  endfacet
  facet normal -0 0 1
    outer loop
      vertex -95.2 31.2654 40.3979
      vertex -93.2107 30.8376 40.3979
      vertex -68.8 31.2654 40.3979
    endloop
  endfacet
  facet normal 0 0 1
    outer loop
      vertex -94.8376 29.5893 40.3979
      vertex -95.2654 31.2 40.3979
      vertex -94.85 29.4 40.3979
    endloop
  endfacet
  facet normal 0 0 1
    outer loop
      vertex -94.8006 29.7753 40.3979
      vertex -95.2654 31.2 40.3979
      vertex -94.8376 29.5893 40.3979
    endloop
  endfacet
  facet normal 0 0 1
    outer loop
      vertex -94.7396 29.9549 40.3979
      vertex -95.2654 31.2 40.3979
      vertex -94.8006 29.7753 40.3979
    endloop
  endfacet
  facet normal 0 0 1
    outer loop
      vertex -94.6557 30.125 40.3979
      vertex -95.2654 31.2 40.3979
      vertex -94.7396 29.9549 40.3979
    endloop
  endfacet
  facet normal 0 0 1
    outer loop
      vertex -94.5504 30.2827 40.3979
      vertex -95.2654 31.2 40.3979
      vertex -94.6557 30.125 40.3979
    endloop
  endfacet
  facet normal 0 0 1
    outer loop
      vertex -94.4253 30.4253 40.3979
      vertex -95.2654 31.2 40.3979
      vertex -94.5504 30.2827 40.3979
    endloop
  endfacet
  facet normal -0 0 1
    outer loop
      vertex -95.2654 31.2 40.3979
      vertex -94.4253 30.4253 40.3979
      vertex -95.2 31.2654 40.3979
    endloop
  endfacet
  facet normal 0 0 1
    outer loop
      vertex -94.2827 30.5504 40.3979
      vertex -95.2 31.2654 40.3979
      vertex -94.4253 30.4253 40.3979
    endloop
  endfacet
  facet normal 0 0 1
    outer loop
      vertex -94.125 30.6557 40.3979
      vertex -95.2 31.2654 40.3979
      vertex -94.2827 30.5504 40.3979
    endloop
  endfacet
  facet normal 0 0 1
    outer loop
      vertex -93.9549 30.7396 40.3979
      vertex -95.2 31.2654 40.3979
      vertex -94.125 30.6557 40.3979
    endloop
  endfacet
  facet normal 0 0 1
    outer loop
      vertex -93.7753 30.8006 40.3979
      vertex -95.2 31.2654 40.3979
      vertex -93.9549 30.7396 40.3979
    endloop
  endfacet
  facet normal 0 0 1
    outer loop
      vertex -93.5893 30.8376 40.3979
      vertex -95.2 31.2654 40.3979
      vertex -93.7753 30.8006 40.3979
    endloop
  endfacet
  facet normal 0 0 1
    outer loop
      vertex -93.4 30.85 40.3979
      vertex -95.2 31.2654 40.3979
      vertex -93.5893 30.8376 40.3979
    endloop
  endfacet
  facet normal 0 0 1
    outer loop
      vertex -93.2107 30.8376 40.3979
      vertex -95.2 31.2654 40.3979
      vertex -93.4 30.85 40.3979
    endloop
  endfacet
  facet normal 0 0 1
    outer loop
      vertex -68.7481 -25.8398 40.3979
      vertex -68.8 -25.8654 40.3979
      vertex -68.7538 -25.8462 40.3979
    endloop
  endfacet
  facet normal 0 0 1
    outer loop
      vertex -68.7538 -25.8462 40.3979
      vertex -68.8 -25.8654 40.3979
      vertex -68.7602 -25.8519 40.3979
    endloop
  endfacet
  facet normal 0 0 1
    outer loop
      vertex -68.7602 -25.8519 40.3979
      vertex -68.8 -25.8654 40.3979
      vertex -68.7673 -25.8566 40.3979
    endloop
  endfacet
  facet normal 0 0 1
    outer loop
      vertex -68.7673 -25.8566 40.3979
      vertex -68.8 -25.8654 40.3979
      vertex -68.775 -25.8604 40.3979
    endloop
  endfacet
  facet normal 0 0 1
    outer loop
      vertex -68.775 -25.8604 40.3979
      vertex -68.8 -25.8654 40.3979
      vertex -68.7831 -25.8632 40.3979
    endloop
  endfacet
  facet normal 0 0 1
    outer loop
      vertex -68.7831 -25.8632 40.3979
      vertex -68.8 -25.8654 40.3979
      vertex -68.7915 -25.8648 40.3979
    endloop
  endfacet
  facet normal 0 0 1
    outer loop
      vertex -68.7368 -25.8169 40.3979
      vertex -68.8 -25.8654 40.3979
      vertex -68.7396 -25.825 40.3979
    endloop
  endfacet
  facet normal -0 0 1
    outer loop
      vertex -69.7173 -25.1504 40.3979
      vertex -68.8 -25.8654 40.3979
      vertex -69.5747 -25.0253 40.3979
    endloop
  endfacet
  facet normal -0 0 1
    outer loop
      vertex -69.875 -25.2557 40.3979
      vertex -68.8 -25.8654 40.3979
      vertex -69.7173 -25.1504 40.3979
    endloop
  endfacet
  facet normal -0 0 1
    outer loop
      vertex -70.0451 -25.3396 40.3979
      vertex -68.8 -25.8654 40.3979
      vertex -69.875 -25.2557 40.3979
    endloop
  endfacet
  facet normal -0 0 1
    outer loop
      vertex -70.2247 -25.4006 40.3979
      vertex -68.8 -25.8654 40.3979
      vertex -70.0451 -25.3396 40.3979
    endloop
  endfacet
  facet normal -0 0 1
    outer loop
      vertex -70.4107 -25.4376 40.3979
      vertex -68.8 -25.8654 40.3979
      vertex -70.2247 -25.4006 40.3979
    endloop
  endfacet
  facet normal -0 0 1
    outer loop
      vertex -70.6 -25.45 40.3979
      vertex -68.8 -25.8654 40.3979
      vertex -70.4107 -25.4376 40.3979
    endloop
  endfacet
  facet normal 0 0 1
    outer loop
      vertex -70.7893 -25.4376 40.3979
      vertex -68.8 -25.8654 40.3979
      vertex -70.6 -25.45 40.3979
    endloop
  endfacet
  facet normal 0 0 1
    outer loop
      vertex -70.9753 -25.4006 40.3979
      vertex -68.8 -25.8654 40.3979
      vertex -70.7893 -25.4376 40.3979
    endloop
  endfacet
  facet normal 0 0 1
    outer loop
      vertex -71.9396 -23.4451 40.3979
      vertex -91.95 -24 40.3979
      vertex -72.0006 -23.6247 40.3979
    endloop
  endfacet
  facet normal 0 0 1
    outer loop
      vertex -72.0006 -23.6247 40.3979
      vertex -91.95 -24 40.3979
      vertex -72.0376 -23.8107 40.3979
    endloop
  endfacet
  facet normal 0 0 1
    outer loop
      vertex -72.0376 -23.8107 40.3979
      vertex -91.95 -24 40.3979
      vertex -72.05 -24 40.3979
    endloop
  endfacet
  facet normal 0 0 1
    outer loop
      vertex -72.05 -24 40.3979
      vertex -91.95 -24 40.3979
      vertex -72.0376 -24.1893 40.3979
    endloop
  endfacet
  facet normal -0 0 1
    outer loop
      vertex -91.9994 29.0247 40.3979
      vertex -85.25 26.15 40.3979
      vertex -91.9624 29.2107 40.3979
    endloop
  endfacet
  facet normal 0 0 1
    outer loop
      vertex -91.9624 -24.1893 40.3979
      vertex -72.0376 -24.1893 40.3979
      vertex -91.95 -24 40.3979
    endloop
  endfacet
  facet normal 0 0 1
    outer loop
      vertex -72.0376 -24.1893 40.3979
      vertex -91.9624 -24.1893 40.3979
      vertex -72.0006 -24.3753 40.3979
    endloop
  endfacet
  facet normal 0 0 1
    outer loop
      vertex -91.9994 -24.3753 40.3979
      vertex -72.0006 -24.3753 40.3979
      vertex -91.9624 -24.1893 40.3979
    endloop
  endfacet
  facet normal 0 0 1
    outer loop
      vertex -72.0006 -24.3753 40.3979
      vertex -91.9994 -24.3753 40.3979
      vertex -71.9396 -24.5549 40.3979
    endloop
  endfacet
  facet normal 0 0 1
    outer loop
      vertex -92.0604 -24.5549 40.3979
      vertex -71.9396 -24.5549 40.3979
      vertex -91.9994 -24.3753 40.3979
    endloop
  endfacet
  facet normal 0 0 1
    outer loop
      vertex -71.9396 -24.5549 40.3979
      vertex -92.0604 -24.5549 40.3979
      vertex -71.8557 -24.725 40.3979
    endloop
  endfacet
  facet normal 0 0 1
    outer loop
      vertex -92.1443 -24.725 40.3979
      vertex -71.8557 -24.725 40.3979
      vertex -92.0604 -24.5549 40.3979
    endloop
  endfacet
  facet normal 0 0 1
    outer loop
      vertex -71.8557 -24.725 40.3979
      vertex -92.1443 -24.725 40.3979
      vertex -71.7504 -24.8827 40.3979
    endloop
  endfacet
  facet normal 0 0 1
    outer loop
      vertex -92.2496 -24.8827 40.3979
      vertex -71.7504 -24.8827 40.3979
      vertex -92.1443 -24.725 40.3979
    endloop
  endfacet
  facet normal 0 0 1
    outer loop
      vertex -71.7504 -24.8827 40.3979
      vertex -92.2496 -24.8827 40.3979
      vertex -71.6253 -25.0253 40.3979
    endloop
  endfacet
  facet normal 0 0 1
    outer loop
      vertex -92.3747 -25.0253 40.3979
      vertex -71.6253 -25.0253 40.3979
      vertex -92.2496 -24.8827 40.3979
    endloop
  endfacet
  facet normal 0 0 1
    outer loop
      vertex -71.6253 -25.0253 40.3979
      vertex -92.3747 -25.0253 40.3979
      vertex -71.4827 -25.1504 40.3979
    endloop
  endfacet
  facet normal 0 0 1
    outer loop
      vertex -92.5173 -25.1504 40.3979
      vertex -71.4827 -25.1504 40.3979
      vertex -92.3747 -25.0253 40.3979
    endloop
  endfacet
  facet normal 0 0 1
    outer loop
      vertex -71.4827 -25.1504 40.3979
      vertex -92.5173 -25.1504 40.3979
      vertex -71.325 -25.2557 40.3979
    endloop
  endfacet
  facet normal 0 0 1
    outer loop
      vertex -92.675 -25.2557 40.3979
      vertex -71.325 -25.2557 40.3979
      vertex -92.5173 -25.1504 40.3979
    endloop
  endfacet
  facet normal 0 0 1
    outer loop
      vertex -71.325 -25.2557 40.3979
      vertex -92.675 -25.2557 40.3979
      vertex -71.1549 -25.3396 40.3979
    endloop
  endfacet
  facet normal 0 0 1
    outer loop
      vertex -92.8451 -25.3396 40.3979
      vertex -71.1549 -25.3396 40.3979
      vertex -92.675 -25.2557 40.3979
    endloop
  endfacet
  facet normal 0 0 1
    outer loop
      vertex -71.1549 -25.3396 40.3979
      vertex -92.8451 -25.3396 40.3979
      vertex -70.9753 -25.4006 40.3979
    endloop
  endfacet
  facet normal 0 0 1
    outer loop
      vertex -93.0247 -25.4006 40.3979
      vertex -70.9753 -25.4006 40.3979
      vertex -92.8451 -25.3396 40.3979
    endloop
  endfacet
  facet normal 0 0 1
    outer loop
      vertex -70.9753 -25.4006 40.3979
      vertex -93.0247 -25.4006 40.3979
      vertex -68.8 -25.8654 40.3979
    endloop
  endfacet
  facet normal -0 0 1
    outer loop
      vertex -93.2107 -25.4376 40.3979
      vertex -68.8 -25.8654 40.3979
      vertex -93.0247 -25.4006 40.3979
    endloop
  endfacet
  facet normal 0 0 1
    outer loop
      vertex -95.2 -25.8654 40.3979
      vertex -93.2107 -25.4376 40.3979
      vertex -93.4 -25.45 40.3979
    endloop
  endfacet
  facet normal 0 0 1
    outer loop
      vertex -93.2107 -25.4376 40.3979
      vertex -95.2 -25.8654 40.3979
      vertex -68.8 -25.8654 40.3979
    endloop
  endfacet
  facet normal 0 0 1
    outer loop
      vertex -93.5893 -25.4376 40.3979
      vertex -95.2 -25.8654 40.3979
      vertex -93.4 -25.45 40.3979
    endloop
  endfacet
  facet normal 0 0 1
    outer loop
      vertex -93.7753 -25.4006 40.3979
      vertex -95.2 -25.8654 40.3979
      vertex -93.5893 -25.4376 40.3979
    endloop
  endfacet
  facet normal 0 0 1
    outer loop
      vertex -93.9549 -25.3396 40.3979
      vertex -95.2 -25.8654 40.3979
      vertex -93.7753 -25.4006 40.3979
    endloop
  endfacet
  facet normal 0 0 1
    outer loop
      vertex -94.125 -25.2557 40.3979
      vertex -95.2 -25.8654 40.3979
      vertex -93.9549 -25.3396 40.3979
    endloop
  endfacet
  facet normal 0 0 1
    outer loop
      vertex -94.2827 -25.1504 40.3979
      vertex -95.2 -25.8654 40.3979
      vertex -94.125 -25.2557 40.3979
    endloop
  endfacet
  facet normal 0 0 1
    outer loop
      vertex -94.4253 -25.0253 40.3979
      vertex -95.2 -25.8654 40.3979
      vertex -94.2827 -25.1504 40.3979
    endloop
  endfacet
  facet normal 0 0 1
    outer loop
      vertex -95.2654 -25.8 40.3979
      vertex -94.4253 -25.0253 40.3979
      vertex -94.5504 -24.8827 40.3979
    endloop
  endfacet
  facet normal 0 0 1
    outer loop
      vertex -95.2654 -25.8 40.3979
      vertex -94.5504 -24.8827 40.3979
      vertex -94.6557 -24.725 40.3979
    endloop
  endfacet
  facet normal 0 0 1
    outer loop
      vertex -95.2654 -25.8 40.3979
      vertex -94.6557 -24.725 40.3979
      vertex -94.7396 -24.5549 40.3979
    endloop
  endfacet
  facet normal 0 0 1
    outer loop
      vertex -95.2654 -25.8 40.3979
      vertex -94.7396 -24.5549 40.3979
      vertex -94.8006 -24.3753 40.3979
    endloop
  endfacet
  facet normal 0 0 1
    outer loop
      vertex -95.2654 -25.8 40.3979
      vertex -94.8006 -24.3753 40.3979
      vertex -94.8376 -24.1893 40.3979
    endloop
  endfacet
  facet normal 0 0 1
    outer loop
      vertex -95.2654 -25.8 40.3979
      vertex -94.8376 -24.1893 40.3979
      vertex -94.85 -24 40.3979
    endloop
  endfacet
  facet normal 0 0 1
    outer loop
      vertex -95.2654 -25.8 40.3979
      vertex -94.8376 -23.8107 40.3979
      vertex -95.2654 31.2 40.3979
    endloop
  endfacet
  facet normal 0 0 1
    outer loop
      vertex -95.2654 31.2 40.3979
      vertex -95.2 31.2654 40.3979
      vertex -95.2085 31.2648 40.3979
    endloop
  endfacet
  facet normal 0 0 1
    outer loop
      vertex -94.8376 -23.8107 40.3979
      vertex -95.2654 -25.8 40.3979
      vertex -94.85 -24 40.3979
    endloop
  endfacet
  facet normal 0 0 1
    outer loop
      vertex -95.2654 31.2 40.3979
      vertex -95.2085 31.2648 40.3979
      vertex -95.2169 31.2632 40.3979
    endloop
  endfacet
  facet normal 0 0 1
    outer loop
      vertex -94.4253 -25.0253 40.3979
      vertex -95.2654 -25.8 40.3979
      vertex -95.2 -25.8654 40.3979
    endloop
  endfacet
  facet normal 0 0 1
    outer loop
      vertex -95.2654 31.2 40.3979
      vertex -95.2169 31.2632 40.3979
      vertex -95.225 31.2604 40.3979
    endloop
  endfacet
  facet normal 0 0 1
    outer loop
      vertex -95.2 -25.8654 40.3979
      vertex -95.2654 -25.8 40.3979
      vertex -95.2085 -25.8648 40.3979
    endloop
  endfacet
  facet normal 0 0 1
    outer loop
      vertex -95.2654 31.2 40.3979
      vertex -95.225 31.2604 40.3979
      vertex -95.2327 31.2566 40.3979
    endloop
  endfacet
  facet normal 0 0 1
    outer loop
      vertex -95.2085 -25.8648 40.3979
      vertex -95.2654 -25.8 40.3979
      vertex -95.2169 -25.8632 40.3979
    endloop
  endfacet
  facet normal 0 0 1
    outer loop
      vertex -95.2654 31.2 40.3979
      vertex -95.2327 31.2566 40.3979
      vertex -95.2398 31.2519 40.3979
    endloop
  endfacet
  facet normal 0 0 1
    outer loop
      vertex -95.2169 -25.8632 40.3979
      vertex -95.2654 -25.8 40.3979
      vertex -95.225 -25.8604 40.3979
    endloop
  endfacet
  facet normal 0 0 1
    outer loop
      vertex -95.2654 31.2 40.3979
      vertex -95.2398 31.2519 40.3979
      vertex -95.2462 31.2462 40.3979
    endloop
  endfacet
  facet normal 0 0 1
    outer loop
      vertex -95.225 -25.8604 40.3979
      vertex -95.2654 -25.8 40.3979
      vertex -95.2327 -25.8566 40.3979
    endloop
  endfacet
  facet normal 0 0 1
    outer loop
      vertex -95.2654 31.2 40.3979
      vertex -95.2462 31.2462 40.3979
      vertex -95.2519 31.2398 40.3979
    endloop
  endfacet
  facet normal 0 0 1
    outer loop
      vertex -95.2327 -25.8566 40.3979
      vertex -95.2654 -25.8 40.3979
      vertex -95.2398 -25.8519 40.3979
    endloop
  endfacet
  facet normal 0 0 1
    outer loop
      vertex -95.2654 31.2 40.3979
      vertex -95.2519 31.2398 40.3979
      vertex -95.2566 31.2327 40.3979
    endloop
  endfacet
  facet normal 0 0 1
    outer loop
      vertex -95.2398 -25.8519 40.3979
      vertex -95.2654 -25.8 40.3979
      vertex -95.2462 -25.8462 40.3979
    endloop
  endfacet
  facet normal 0 0 1
    outer loop
      vertex -95.2654 31.2 40.3979
      vertex -95.2566 31.2327 40.3979
      vertex -95.2604 31.225 40.3979
    endloop
  endfacet
  facet normal 0 0 1
    outer loop
      vertex -95.2462 -25.8462 40.3979
      vertex -95.2654 -25.8 40.3979
      vertex -95.2519 -25.8398 40.3979
    endloop
  endfacet
  facet normal 0 0 1
    outer loop
      vertex -95.2654 31.2 40.3979
      vertex -95.2604 31.225 40.3979
      vertex -95.2632 31.2169 40.3979
    endloop
  endfacet
  facet normal 0 0 1
    outer loop
      vertex -95.2519 -25.8398 40.3979
      vertex -95.2654 -25.8 40.3979
      vertex -95.2566 -25.8327 40.3979
    endloop
  endfacet
  facet normal 0 0 1
    outer loop
      vertex -95.2654 31.2 40.3979
      vertex -95.2632 31.2169 40.3979
      vertex -95.2648 31.2085 40.3979
    endloop
  endfacet
  facet normal 0 0 1
    outer loop
      vertex -95.2566 -25.8327 40.3979
      vertex -95.2654 -25.8 40.3979
      vertex -95.2604 -25.825 40.3979
    endloop
  endfacet
  facet normal 0 0 1
    outer loop
      vertex -95.2604 -25.825 40.3979
      vertex -95.2654 -25.8 40.3979
      vertex -95.2632 -25.8169 40.3979
    endloop
  endfacet
  facet normal 0 0 1
    outer loop
      vertex -95.2632 -25.8169 40.3979
      vertex -95.2654 -25.8 40.3979
      vertex -95.2648 -25.8085 40.3979
    endloop
  endfacet
  facet normal 0.0506644 -0.254558 0.965729
    outer loop
      vertex -68.7495 -25.9884 40.3808
      vertex -68.758 -26.1187 40.3469
      vertex -68.7168 -26.1105 40.3469
    endloop
  endfacet
  facet normal 0.0747771 -0.375709 0.923716
    outer loop
      vertex -68.7168 -26.1105 40.3469
      vertex -68.758 -26.1187 40.3469
      vertex -68.6855 -26.2272 40.2969
    endloop
  endfacet
  facet normal 0.169728 -0.343434 0.923713
    outer loop
      vertex -68.5789 -26.183 40.2969
      vertex -68.677 -26.097 40.3469
      vertex -68.6307 -26.2086 40.2969
    endloop
  endfacet
  facet normal 0.123129 -0.362766 0.92371
    outer loop
      vertex -68.677 -26.097 40.3469
      vertex -68.6855 -26.2272 40.2969
      vertex -68.6307 -26.2086 40.2969
    endloop
  endfacet
  facet normal 0.288069 -0.252516 0.923716
    outer loop
      vertex -68.545 -25.9957 40.3469
      vertex -68.5727 -26.0273 40.3469
      vertex -68.4491 -26.0692 40.2969
    endloop
  endfacet
  facet normal 0.318439 -0.212899 0.923727
    outer loop
      vertex -68.5216 -25.9607 40.3469
      vertex -68.545 -25.9957 40.3469
      vertex -68.4491 -26.0692 40.2969
    endloop
  endfacet
  facet normal 0.050914 -0.25457 0.965713
    outer loop
      vertex -68.7495 -25.9884 40.3808
      vertex -68.7745 -25.9934 40.3808
      vertex -68.758 -26.1187 40.3469
    endloop
  endfacet
  facet normal 0.0172669 -0.259003 0.965722
    outer loop
      vertex -68.7745 -25.9934 40.3808
      vertex -68.8 -25.9951 40.3808
      vertex -68.758 -26.1187 40.3469
    endloop
  endfacet
  facet normal 0.169537 -0.34363 0.923675
    outer loop
      vertex -68.6393 -26.0784 40.3469
      vertex -68.677 -26.097 40.3469
      vertex -68.5789 -26.183 40.2969
    endloop
  endfacet
  facet normal 0.270021 -0.546751 0.79256
    outer loop
      vertex -68.5222 -26.2811 40.2315
      vertex -68.5874 -26.3133 40.2315
      vertex -68.4703 -26.371 40.1518
    endloop
  endfacet
  facet normal 0.596542 -0.523892 -0.608009
    outer loop
      vertex -68.1404 -26.3062 38.4444
      vertex -68.2684 -26.3316 38.3407
      vertex -68.2035 -26.2577 38.3407
    endloop
  endfacet
  facet normal 0.531892 -0.467115 -0.706325
    outer loop
      vertex -68.2684 -26.3316 38.3407
      vertex -68.3338 -26.2662 38.2482
      vertex -68.2035 -26.2577 38.3407
    endloop
  endfacet
  facet normal -0.375717 0.0747465 0.923715
    outer loop
      vertex -95.6272 31.3145 40.2969
      vertex -95.6385 31.2577 40.2969
      vertex -95.5105 31.2832 40.3469
    endloop
  endfacet
  facet normal -0.474144 0.160932 0.865615
    outer loop
      vertex -95.6086 31.3693 40.2969
      vertex -95.7133 31.4126 40.2315
      vertex -95.6272 31.3145 40.2969
    endloop
  endfacet
  facet normal -0.608589 0.039583 0.792498
    outer loop
      vertex -95.8537 31.2861 40.1518
      vertex -95.8593 31.2 40.1518
      vertex -95.7508 31.2725 40.2315
    endloop
  endfacet
  facet normal -0.608883 0.0403122 0.792235
    outer loop
      vertex -95.7508 31.2725 40.2315
      vertex -95.8593 31.2 40.1518
      vertex -95.7556 31.2 40.2315
    endloop
  endfacet
  facet normal -0.440622 0.660126 0.608346
    outer loop
      vertex -95.6157 31.9201 39.9556
      vertex -95.6577 31.7965 40.0593
      vertex -95.5759 31.8511 40.0593
    endloop
  endfacet
  facet normal -0.441242 0.660039 0.607991
    outer loop
      vertex -95.6157 31.9201 39.9556
      vertex -95.7062 31.8596 39.9556
      vertex -95.6577 31.7965 40.0593
    endloop
  endfacet
  facet normal -0.720533 0.48134 0.499144
    outer loop
      vertex -95.9115 31.746 39.8423
      vertex -95.9767 31.6484 39.8423
      vertex -95.8596 31.7062 39.9556
    endloop
  endfacet
  facet normal -0.651666 0.571131 0.499139
    outer loop
      vertex -95.8342 31.8342 39.8423
      vertex -95.9115 31.746 39.8423
      vertex -95.8596 31.7062 39.9556
    endloop
  endfacet
  facet normal -0.751841 0.25475 0.608143
    outer loop
      vertex -95.9682 31.5182 39.9556
      vertex -96.0031 31.4152 39.9556
      vertex -95.9262 31.3946 40.0593
    endloop
  endfacet
  facet normal -0.751517 0.25508 0.608405
    outer loop
      vertex -95.8946 31.4877 40.0593
      vertex -95.9682 31.5182 39.9556
      vertex -95.9262 31.3946 40.0593
    endloop
  endfacet
  facet normal 0.0577381 -0.117538 -0.991388
    outer loop
      vertex -68.7253 -25.9802 38.0192
      vertex -68.7673 -25.8566 38.0021
      vertex -68.7025 -25.969 38.0192
    endloop
  endfacet
  facet normal 0.072264 -0.109165 -0.991393
    outer loop
      vertex -68.7025 -25.969 38.0192
      vertex -68.7673 -25.8566 38.0021
      vertex -68.7602 -25.8519 38.0021
    endloop
  endfacet
  facet normal 0.169537 -0.34363 -0.923675
    outer loop
      vertex -68.5789 -26.183 38.1031
      vertex -68.677 -26.097 38.0531
      vertex -68.6393 -26.0784 38.0531
    endloop
  endfacet
  facet normal 0.212695 -0.318711 -0.92368
    outer loop
      vertex -68.5789 -26.183 38.1031
      vertex -68.6393 -26.0784 38.0531
      vertex -68.5308 -26.1509 38.1031
    endloop
  endfacet
  facet normal 0.269912 -0.546891 -0.792501
    outer loop
      vertex -68.5477 -26.4092 38.2482
      vertex -68.5874 -26.3133 38.1685
      vertex -68.4703 -26.371 38.2482
    endloop
  endfacet
  facet normal 0.196034 -0.577486 -0.792515
    outer loop
      vertex -68.5477 -26.4092 38.2482
      vertex -68.6293 -26.4369 38.2482
      vertex -68.5874 -26.3133 38.1685
    endloop
  endfacet
  facet normal 0.252853 -0.287935 0.923666
    outer loop
      vertex -68.4873 -26.1127 40.2969
      vertex -68.5727 -26.0273 40.3469
      vertex -68.5308 -26.1509 40.2969
    endloop
  endfacet
  facet normal 0.212899 -0.318439 0.923727
    outer loop
      vertex -68.6043 -26.055 40.3469
      vertex -68.6393 -26.0784 40.3469
      vertex -68.5308 -26.1509 40.2969
    endloop
  endfacet
  facet normal 0.338549 -0.507404 0.792417
    outer loop
      vertex -68.4618 -26.2408 40.2315
      vertex -68.5222 -26.2811 40.2315
      vertex -68.3986 -26.3231 40.1518
    endloop
  endfacet
  facet normal 0.277872 -0.416464 0.865647
    outer loop
      vertex -68.4618 -26.2408 40.2315
      vertex -68.5308 -26.1509 40.2969
      vertex -68.5222 -26.2811 40.2315
    endloop
  endfacet
  facet normal 0.024493 -0.128589 0.991396
    outer loop
      vertex -68.7831 -25.8632 40.3979
      vertex -68.7915 -25.8648 40.3979
      vertex -68.7745 -25.9934 40.3808
    endloop
  endfacet
  facet normal 0.00921932 -0.130607 0.991391
    outer loop
      vertex -68.7915 -25.8648 40.3979
      vertex -68.8 -25.8654 40.3979
      vertex -68.7745 -25.9934 40.3808
    endloop
  endfacet
  facet normal 0.144086 -0.216129 0.965675
    outer loop
      vertex -68.6812 -25.9548 40.3808
      vertex -68.7025 -25.969 40.3808
      vertex -68.6043 -26.055 40.3469
    endloop
  endfacet
  facet normal 0.0726493 -0.108974 0.991386
    outer loop
      vertex -68.6812 -25.9548 40.3808
      vertex -68.7602 -25.8519 40.3979
      vertex -68.7025 -25.969 40.3808
    endloop
  endfacet
  facet normal -0.362744 0.123121 0.923719
    outer loop
      vertex -95.6086 31.3693 40.2969
      vertex -95.6272 31.3145 40.2969
      vertex -95.5105 31.2832 40.3469
    endloop
  endfacet
  facet normal -0.362794 0.123058 0.923708
    outer loop
      vertex -95.497 31.323 40.3469
      vertex -95.6086 31.3693 40.2969
      vertex -95.5105 31.2832 40.3469
    endloop
  endfacet
  facet normal -0.596542 0.523892 0.608009
    outer loop
      vertex -95.7316 31.7316 40.0593
      vertex -95.8596 31.7062 39.9556
      vertex -95.7965 31.6577 40.0593
    endloop
  endfacet
  facet normal -0.596624 0.523598 0.608182
    outer loop
      vertex -95.7879 31.7879 39.9556
      vertex -95.8596 31.7062 39.9556
      vertex -95.7316 31.7316 40.0593
    endloop
  endfacet
  facet normal 0.171631 -0.194989 0.965672
    outer loop
      vertex -68.662 -25.9379 40.3808
      vertex -68.6812 -25.9548 40.3808
      vertex -68.6043 -26.055 40.3469
    endloop
  endfacet
  facet normal 0.072264 -0.109165 0.991393
    outer loop
      vertex -68.7602 -25.8519 40.3979
      vertex -68.7673 -25.8566 40.3979
      vertex -68.7025 -25.969 40.3808
    endloop
  endfacet
  facet normal 0.11444 -0.232968 0.965727
    outer loop
      vertex -68.7025 -25.969 40.3808
      vertex -68.7253 -25.9802 40.3808
      vertex -68.677 -26.097 40.3469
    endloop
  endfacet
  facet normal 0.114891 -0.23287 0.965697
    outer loop
      vertex -68.6393 -26.0784 40.3469
      vertex -68.7025 -25.969 40.3808
      vertex -68.677 -26.097 40.3469
    endloop
  endfacet
  facet normal -0.777208 0.383433 0.498925
    outer loop
      vertex -95.9767 31.6484 39.8423
      vertex -96.0286 31.5432 39.8423
      vertex -95.9201 31.6157 39.9556
    endloop
  endfacet
  facet normal -0.777209 0.383423 0.498932
    outer loop
      vertex -95.9201 31.6157 39.9556
      vertex -96.0286 31.5432 39.8423
      vertex -95.9682 31.5182 39.9556
    endloop
  endfacet
  facet normal -1 0 0
    outer loop
      vertex -74.75 21.65 38.0021
      vertex -74.75 26.15 40.3979
      vertex -74.75 26.15 38.0021
    endloop
  endfacet
  facet normal -1 -0 0
    outer loop
      vertex -74.75 26.15 40.3979
      vertex -74.75 21.65 38.0021
      vertex -74.75 21.65 40.3979
    endloop
  endfacet
  facet normal 1 -0 0
    outer loop
      vertex -85.25 21.65 40.3979
      vertex -85.25 26.15 38.0021
      vertex -85.25 26.15 40.3979
    endloop
  endfacet
  facet normal 1 0 0
    outer loop
      vertex -85.25 26.15 38.0021
      vertex -85.25 21.65 40.3979
      vertex -85.25 21.65 38.0021
    endloop
  endfacet
  facet normal 0 -1 0
    outer loop
      vertex -85.25 26.15 38.0021
      vertex -74.75 26.15 40.3979
      vertex -85.25 26.15 40.3979
    endloop
  endfacet
  facet normal 0 -1 -0
    outer loop
      vertex -74.75 26.15 40.3979
      vertex -85.25 26.15 38.0021
      vertex -74.75 26.15 38.0021
    endloop
  endfacet
  facet normal 0 1 -0
    outer loop
      vertex -74.75 21.65 38.0021
      vertex -85.25 21.65 40.3979
      vertex -74.75 21.65 40.3979
    endloop
  endfacet
  facet normal 0 1 0
    outer loop
      vertex -85.25 21.65 40.3979
      vertex -74.75 21.65 38.0021
      vertex -85.25 21.65 38.0021
    endloop
  endfacet
endsolid OpenSCAD_Model
