solid OpenSCAD_Model
  facet normal 0 -0.760414 0.649438
    outer loop
      vertex 0 -1.09217 0.793509
      vertex 43 -0.954594 0.954594
      vertex 0 -0.954594 0.954594
    endloop
  endfacet
  facet normal 0 -0.760414 0.649438
    outer loop
      vertex 43 -0.954594 0.954594
      vertex 0 -1.09217 0.793509
      vertex 43 -1.09217 0.793509
    endloop
  endfacet
  facet normal 0 0.233433 -0.972373
    outer loop
      vertex 0 0.211186 -1.33338
      vertex 43 0.417172 -1.28393
      vertex 43 0.211186 -1.33338
    endloop
  endfacet
  facet normal 0 0.233433 -0.972373
    outer loop
      vertex 43 0.417172 -1.28393
      vertex 0 0.211186 -1.33338
      vertex 0 0.417172 -1.28393
    endloop
  endfacet
  facet normal 0 -0.233433 0.972373
    outer loop
      vertex 0 -0.211186 1.33338
      vertex 43 -0.417172 1.28393
      vertex 43 -0.211186 1.33338
    endloop
  endfacet
  facet normal 0 -0.233433 0.972373
    outer loop
      vertex 43 -0.417172 1.28393
      vertex 0 -0.211186 1.33338
      vertex 0 -0.417172 1.28393
    endloop
  endfacet
  facet normal 0 -0.972373 0.233433
    outer loop
      vertex 0 -1.33338 0.211186
      vertex 43 -1.28393 0.417172
      vertex 0 -1.28393 0.417172
    endloop
  endfacet
  facet normal 0 -0.972373 0.233433
    outer loop
      vertex 43 -1.28393 0.417172
      vertex 0 -1.33338 0.211186
      vertex 43 -1.33338 0.211186
    endloop
  endfacet
  facet normal 1 0 0
    outer loop
      vertex 43 1.33338 0.211186
      vertex 43 1.33338 -0.211186
      vertex 43 1.35 0
    endloop
  endfacet
  facet normal 1 0 0
    outer loop
      vertex 43 1.28393 0.417172
      vertex 43 1.33338 -0.211186
      vertex 43 1.33338 0.211186
    endloop
  endfacet
  facet normal 1 0 0
    outer loop
      vertex 43 1.28393 0.417172
      vertex 43 1.28393 -0.417172
      vertex 43 1.33338 -0.211186
    endloop
  endfacet
  facet normal 1 0 0
    outer loop
      vertex 43 1.20286 0.612886
      vertex 43 1.28393 -0.417172
      vertex 43 1.28393 0.417172
    endloop
  endfacet
  facet normal 1 0 0
    outer loop
      vertex 43 1.20286 0.612886
      vertex 43 1.20286 -0.612886
      vertex 43 1.28393 -0.417172
    endloop
  endfacet
  facet normal 1 0 0
    outer loop
      vertex 43 1.09217 0.793509
      vertex 43 1.20286 -0.612886
      vertex 43 1.20286 0.612886
    endloop
  endfacet
  facet normal 1 0 0
    outer loop
      vertex 43 1.09217 0.793509
      vertex 43 1.09217 -0.793509
      vertex 43 1.20286 -0.612886
    endloop
  endfacet
  facet normal 1 0 0
    outer loop
      vertex 43 0.954594 0.954594
      vertex 43 1.09217 -0.793509
      vertex 43 1.09217 0.793509
    endloop
  endfacet
  facet normal 1 0 0
    outer loop
      vertex 43 0.954594 0.954594
      vertex 43 0.954594 -0.954594
      vertex 43 1.09217 -0.793509
    endloop
  endfacet
  facet normal 1 0 0
    outer loop
      vertex 43 0.793509 1.09217
      vertex 43 0.954594 -0.954594
      vertex 43 0.954594 0.954594
    endloop
  endfacet
  facet normal 1 0 0
    outer loop
      vertex 43 0.793509 1.09217
      vertex 43 0.793509 -1.09217
      vertex 43 0.954594 -0.954594
    endloop
  endfacet
  facet normal 1 0 0
    outer loop
      vertex 43 0.612886 1.20286
      vertex 43 0.793509 -1.09217
      vertex 43 0.793509 1.09217
    endloop
  endfacet
  facet normal 1 0 0
    outer loop
      vertex 43 0.612886 1.20286
      vertex 43 0.612886 -1.20286
      vertex 43 0.793509 -1.09217
    endloop
  endfacet
  facet normal 1 0 0
    outer loop
      vertex 43 0.417172 1.28393
      vertex 43 0.612886 -1.20286
      vertex 43 0.612886 1.20286
    endloop
  endfacet
  facet normal 1 0 0
    outer loop
      vertex 43 0.417172 1.28393
      vertex 43 0.417172 -1.28393
      vertex 43 0.612886 -1.20286
    endloop
  endfacet
  facet normal 1 0 0
    outer loop
      vertex 43 0.211186 1.33338
      vertex 43 0.417172 -1.28393
      vertex 43 0.417172 1.28393
    endloop
  endfacet
  facet normal 1 0 0
    outer loop
      vertex 43 0.211186 1.33338
      vertex 43 0.211186 -1.33338
      vertex 43 0.417172 -1.28393
    endloop
  endfacet
  facet normal 1 0 0
    outer loop
      vertex 43 0 1.35
      vertex 43 0.211186 -1.33338
      vertex 43 0.211186 1.33338
    endloop
  endfacet
  facet normal 1 0 0
    outer loop
      vertex 43 0 1.35
      vertex 43 0 -1.35
      vertex 43 0.211186 -1.33338
    endloop
  endfacet
  facet normal 1 -0 0
    outer loop
      vertex 43 -0.211186 1.33338
      vertex 43 0 -1.35
      vertex 43 0 1.35
    endloop
  endfacet
  facet normal 1 0 0
    outer loop
      vertex 43 -0.211186 1.33338
      vertex 43 -0.211186 -1.33338
      vertex 43 0 -1.35
    endloop
  endfacet
  facet normal 1 -0 0
    outer loop
      vertex 43 -0.417172 1.28393
      vertex 43 -0.211186 -1.33338
      vertex 43 -0.211186 1.33338
    endloop
  endfacet
  facet normal 1 0 0
    outer loop
      vertex 43 -0.417172 1.28393
      vertex 43 -0.417172 -1.28393
      vertex 43 -0.211186 -1.33338
    endloop
  endfacet
  facet normal 1 -0 0
    outer loop
      vertex 43 -0.612886 1.20286
      vertex 43 -0.417172 -1.28393
      vertex 43 -0.417172 1.28393
    endloop
  endfacet
  facet normal 1 0 0
    outer loop
      vertex 43 -0.612886 1.20286
      vertex 43 -0.612886 -1.20286
      vertex 43 -0.417172 -1.28393
    endloop
  endfacet
  facet normal 1 -0 0
    outer loop
      vertex 43 -0.793509 1.09217
      vertex 43 -0.612886 -1.20286
      vertex 43 -0.612886 1.20286
    endloop
  endfacet
  facet normal 1 0 0
    outer loop
      vertex 43 -0.793509 1.09217
      vertex 43 -0.793509 -1.09217
      vertex 43 -0.612886 -1.20286
    endloop
  endfacet
  facet normal 1 -0 0
    outer loop
      vertex 43 -0.954594 0.954594
      vertex 43 -0.793509 -1.09217
      vertex 43 -0.793509 1.09217
    endloop
  endfacet
  facet normal 1 0 0
    outer loop
      vertex 43 -0.954594 0.954594
      vertex 43 -0.954594 -0.954594
      vertex 43 -0.793509 -1.09217
    endloop
  endfacet
  facet normal 1 -0 0
    outer loop
      vertex 43 -1.09217 0.793509
      vertex 43 -0.954594 -0.954594
      vertex 43 -0.954594 0.954594
    endloop
  endfacet
  facet normal 1 0 0
    outer loop
      vertex 43 -1.09217 0.793509
      vertex 43 -1.09217 -0.793509
      vertex 43 -0.954594 -0.954594
    endloop
  endfacet
  facet normal 1 -0 0
    outer loop
      vertex 43 -1.20286 0.612886
      vertex 43 -1.09217 -0.793509
      vertex 43 -1.09217 0.793509
    endloop
  endfacet
  facet normal 1 0 0
    outer loop
      vertex 43 -1.20286 0.612886
      vertex 43 -1.20286 -0.612886
      vertex 43 -1.09217 -0.793509
    endloop
  endfacet
  facet normal 1 -0 0
    outer loop
      vertex 43 -1.28393 0.417172
      vertex 43 -1.20286 -0.612886
      vertex 43 -1.20286 0.612886
    endloop
  endfacet
  facet normal 1 0 0
    outer loop
      vertex 43 -1.28393 0.417172
      vertex 43 -1.28393 -0.417172
      vertex 43 -1.20286 -0.612886
    endloop
  endfacet
  facet normal 1 -0 0
    outer loop
      vertex 43 -1.33338 0.211186
      vertex 43 -1.28393 -0.417172
      vertex 43 -1.28393 0.417172
    endloop
  endfacet
  facet normal 1 0 0
    outer loop
      vertex 43 -1.33338 0.211186
      vertex 43 -1.33338 -0.211186
      vertex 43 -1.28393 -0.417172
    endloop
  endfacet
  facet normal 1 0 -0
    outer loop
      vertex 43 -1.33338 -0.211186
      vertex 43 -1.33338 0.211186
      vertex 43 -1.35 0
    endloop
  endfacet
  facet normal 0 0.852632 0.522513
    outer loop
      vertex 43 1.20286 0.612886
      vertex 0 1.09217 0.793509
      vertex 43 1.09217 0.793509
    endloop
  endfacet
  facet normal 0 0.852632 0.522513
    outer loop
      vertex 0 1.09217 0.793509
      vertex 43 1.20286 0.612886
      vertex 0 1.20286 0.612886
    endloop
  endfacet
  facet normal 0 -0.0784558 0.996918
    outer loop
      vertex 0 0 1.35
      vertex 43 -0.211186 1.33338
      vertex 43 0 1.35
    endloop
  endfacet
  facet normal 0 -0.0784558 0.996918
    outer loop
      vertex 43 -0.211186 1.33338
      vertex 0 0 1.35
      vertex 0 -0.211186 1.33338
    endloop
  endfacet
  facet normal 0 -0.852632 -0.522513
    outer loop
      vertex 0 -1.09217 -0.793509
      vertex 43 -1.20286 -0.612886
      vertex 0 -1.20286 -0.612886
    endloop
  endfacet
  facet normal 0 -0.852632 -0.522513
    outer loop
      vertex 43 -1.20286 -0.612886
      vertex 0 -1.09217 -0.793509
      vertex 43 -1.09217 -0.793509
    endloop
  endfacet
  facet normal 0 0.972373 0.233433
    outer loop
      vertex 43 1.33338 0.211186
      vertex 0 1.28393 0.417172
      vertex 43 1.28393 0.417172
    endloop
  endfacet
  facet normal 0 0.972373 0.233433
    outer loop
      vertex 0 1.28393 0.417172
      vertex 43 1.33338 0.211186
      vertex 0 1.33338 0.211186
    endloop
  endfacet
  facet normal 0 -0.522513 -0.852632
    outer loop
      vertex 0 -0.793509 -1.09217
      vertex 43 -0.612886 -1.20286
      vertex 43 -0.793509 -1.09217
    endloop
  endfacet
  facet normal -0 -0.522513 -0.852632
    outer loop
      vertex 43 -0.612886 -1.20286
      vertex 0 -0.793509 -1.09217
      vertex 0 -0.612886 -1.20286
    endloop
  endfacet
  facet normal 0 0.760414 -0.649438
    outer loop
      vertex 43 0.954594 -0.954594
      vertex 0 1.09217 -0.793509
      vertex 43 1.09217 -0.793509
    endloop
  endfacet
  facet normal 0 0.760414 -0.649438
    outer loop
      vertex 0 1.09217 -0.793509
      vertex 43 0.954594 -0.954594
      vertex 0 0.954594 -0.954594
    endloop
  endfacet
  facet normal 0 -0.760414 -0.649438
    outer loop
      vertex 0 -0.954594 -0.954594
      vertex 43 -1.09217 -0.793509
      vertex 0 -1.09217 -0.793509
    endloop
  endfacet
  facet normal 0 -0.760414 -0.649438
    outer loop
      vertex 43 -1.09217 -0.793509
      vertex 0 -0.954594 -0.954594
      vertex 43 -0.954594 -0.954594
    endloop
  endfacet
  facet normal 0 -0.852632 0.522513
    outer loop
      vertex 0 -1.20286 0.612886
      vertex 43 -1.09217 0.793509
      vertex 0 -1.09217 0.793509
    endloop
  endfacet
  facet normal 0 -0.852632 0.522513
    outer loop
      vertex 43 -1.09217 0.793509
      vertex 0 -1.20286 0.612886
      vertex 43 -1.20286 0.612886
    endloop
  endfacet
  facet normal 0 0.0784558 -0.996918
    outer loop
      vertex 0 0 -1.35
      vertex 43 0.211186 -1.33338
      vertex 43 0 -1.35
    endloop
  endfacet
  facet normal 0 0.0784558 -0.996918
    outer loop
      vertex 43 0.211186 -1.33338
      vertex 0 0 -1.35
      vertex 0 0.211186 -1.33338
    endloop
  endfacet
  facet normal 0 0.852632 -0.522513
    outer loop
      vertex 43 1.09217 -0.793509
      vertex 0 1.20286 -0.612886
      vertex 43 1.20286 -0.612886
    endloop
  endfacet
  facet normal 0 0.852632 -0.522513
    outer loop
      vertex 0 1.20286 -0.612886
      vertex 43 1.09217 -0.793509
      vertex 0 1.09217 -0.793509
    endloop
  endfacet
  facet normal 0 -0.923875 -0.382694
    outer loop
      vertex 0 -1.20286 -0.612886
      vertex 43 -1.28393 -0.417172
      vertex 0 -1.28393 -0.417172
    endloop
  endfacet
  facet normal 0 -0.923875 -0.382694
    outer loop
      vertex 43 -1.28393 -0.417172
      vertex 0 -1.20286 -0.612886
      vertex 43 -1.20286 -0.612886
    endloop
  endfacet
  facet normal 0 -0.649438 -0.760414
    outer loop
      vertex 0 -0.954594 -0.954594
      vertex 43 -0.793509 -1.09217
      vertex 43 -0.954594 -0.954594
    endloop
  endfacet
  facet normal -0 -0.649438 -0.760414
    outer loop
      vertex 43 -0.793509 -1.09217
      vertex 0 -0.954594 -0.954594
      vertex 0 -0.793509 -1.09217
    endloop
  endfacet
  facet normal 0 -0.0784558 -0.996918
    outer loop
      vertex 0 -0.211186 -1.33338
      vertex 43 0 -1.35
      vertex 43 -0.211186 -1.33338
    endloop
  endfacet
  facet normal -0 -0.0784558 -0.996918
    outer loop
      vertex 43 0 -1.35
      vertex 0 -0.211186 -1.33338
      vertex 0 0 -1.35
    endloop
  endfacet
  facet normal 0 -0.233433 -0.972373
    outer loop
      vertex 0 -0.417172 -1.28393
      vertex 43 -0.211186 -1.33338
      vertex 43 -0.417172 -1.28393
    endloop
  endfacet
  facet normal -0 -0.233433 -0.972373
    outer loop
      vertex 43 -0.211186 -1.33338
      vertex 0 -0.417172 -1.28393
      vertex 0 -0.211186 -1.33338
    endloop
  endfacet
  facet normal -0 0.0784558 0.996918
    outer loop
      vertex 0 0.211186 1.33338
      vertex 43 0 1.35
      vertex 43 0.211186 1.33338
    endloop
  endfacet
  facet normal 0 0.0784558 0.996918
    outer loop
      vertex 43 0 1.35
      vertex 0 0.211186 1.33338
      vertex 0 0 1.35
    endloop
  endfacet
  facet normal 0 -0.996918 -0.0784558
    outer loop
      vertex 0 -1.33338 -0.211186
      vertex 43 -1.35 0
      vertex 0 -1.35 0
    endloop
  endfacet
  facet normal 0 -0.996918 -0.0784558
    outer loop
      vertex 43 -1.35 0
      vertex 0 -1.33338 -0.211186
      vertex 43 -1.33338 -0.211186
    endloop
  endfacet
  facet normal 0 0.649438 -0.760414
    outer loop
      vertex 0 0.793509 -1.09217
      vertex 43 0.954594 -0.954594
      vertex 43 0.793509 -1.09217
    endloop
  endfacet
  facet normal 0 0.649438 -0.760414
    outer loop
      vertex 43 0.954594 -0.954594
      vertex 0 0.793509 -1.09217
      vertex 0 0.954594 -0.954594
    endloop
  endfacet
  facet normal -0 0.649438 0.760414
    outer loop
      vertex 0 0.954594 0.954594
      vertex 43 0.793509 1.09217
      vertex 43 0.954594 0.954594
    endloop
  endfacet
  facet normal 0 0.649438 0.760414
    outer loop
      vertex 43 0.793509 1.09217
      vertex 0 0.954594 0.954594
      vertex 0 0.793509 1.09217
    endloop
  endfacet
  facet normal 0 0.923875 -0.382694
    outer loop
      vertex 43 1.20286 -0.612886
      vertex 0 1.28393 -0.417172
      vertex 43 1.28393 -0.417172
    endloop
  endfacet
  facet normal 0 0.923875 -0.382694
    outer loop
      vertex 0 1.28393 -0.417172
      vertex 43 1.20286 -0.612886
      vertex 0 1.20286 -0.612886
    endloop
  endfacet
  facet normal 0 -0.522513 0.852632
    outer loop
      vertex 0 -0.612886 1.20286
      vertex 43 -0.793509 1.09217
      vertex 43 -0.612886 1.20286
    endloop
  endfacet
  facet normal 0 -0.522513 0.852632
    outer loop
      vertex 43 -0.793509 1.09217
      vertex 0 -0.612886 1.20286
      vertex 0 -0.793509 1.09217
    endloop
  endfacet
  facet normal -0 0.233433 0.972373
    outer loop
      vertex 0 0.417172 1.28393
      vertex 43 0.211186 1.33338
      vertex 43 0.417172 1.28393
    endloop
  endfacet
  facet normal 0 0.233433 0.972373
    outer loop
      vertex 43 0.211186 1.33338
      vertex 0 0.417172 1.28393
      vertex 0 0.211186 1.33338
    endloop
  endfacet
  facet normal 0 0.522513 -0.852632
    outer loop
      vertex 0 0.612886 -1.20286
      vertex 43 0.793509 -1.09217
      vertex 43 0.612886 -1.20286
    endloop
  endfacet
  facet normal 0 0.522513 -0.852632
    outer loop
      vertex 43 0.793509 -1.09217
      vertex 0 0.612886 -1.20286
      vertex 0 0.793509 -1.09217
    endloop
  endfacet
  facet normal 0 0.760414 0.649438
    outer loop
      vertex 43 1.09217 0.793509
      vertex 0 0.954594 0.954594
      vertex 43 0.954594 0.954594
    endloop
  endfacet
  facet normal 0 0.760414 0.649438
    outer loop
      vertex 0 0.954594 0.954594
      vertex 43 1.09217 0.793509
      vertex 0 1.09217 0.793509
    endloop
  endfacet
  facet normal 0 0.972373 -0.233433
    outer loop
      vertex 43 1.28393 -0.417172
      vertex 0 1.33338 -0.211186
      vertex 43 1.33338 -0.211186
    endloop
  endfacet
  facet normal 0 0.972373 -0.233433
    outer loop
      vertex 0 1.33338 -0.211186
      vertex 43 1.28393 -0.417172
      vertex 0 1.28393 -0.417172
    endloop
  endfacet
  facet normal -0 0.522513 0.852632
    outer loop
      vertex 0 0.793509 1.09217
      vertex 43 0.612886 1.20286
      vertex 43 0.793509 1.09217
    endloop
  endfacet
  facet normal 0 0.522513 0.852632
    outer loop
      vertex 43 0.612886 1.20286
      vertex 0 0.793509 1.09217
      vertex 0 0.612886 1.20286
    endloop
  endfacet
  facet normal 0 -0.382694 -0.923875
    outer loop
      vertex 0 -0.612886 -1.20286
      vertex 43 -0.417172 -1.28393
      vertex 43 -0.612886 -1.20286
    endloop
  endfacet
  facet normal -0 -0.382694 -0.923875
    outer loop
      vertex 43 -0.417172 -1.28393
      vertex 0 -0.612886 -1.20286
      vertex 0 -0.417172 -1.28393
    endloop
  endfacet
  facet normal 0 -0.972373 -0.233433
    outer loop
      vertex 0 -1.28393 -0.417172
      vertex 43 -1.33338 -0.211186
      vertex 0 -1.33338 -0.211186
    endloop
  endfacet
  facet normal 0 -0.972373 -0.233433
    outer loop
      vertex 43 -1.33338 -0.211186
      vertex 0 -1.28393 -0.417172
      vertex 43 -1.28393 -0.417172
    endloop
  endfacet
  facet normal 0 0.923875 0.382694
    outer loop
      vertex 43 1.28393 0.417172
      vertex 0 1.20286 0.612886
      vertex 43 1.20286 0.612886
    endloop
  endfacet
  facet normal 0 0.923875 0.382694
    outer loop
      vertex 0 1.20286 0.612886
      vertex 43 1.28393 0.417172
      vertex 0 1.28393 0.417172
    endloop
  endfacet
  facet normal 0 0.382694 -0.923875
    outer loop
      vertex 0 0.417172 -1.28393
      vertex 43 0.612886 -1.20286
      vertex 43 0.417172 -1.28393
    endloop
  endfacet
  facet normal 0 0.382694 -0.923875
    outer loop
      vertex 43 0.612886 -1.20286
      vertex 0 0.417172 -1.28393
      vertex 0 0.612886 -1.20286
    endloop
  endfacet
  facet normal 0 -0.649438 0.760414
    outer loop
      vertex 0 -0.793509 1.09217
      vertex 43 -0.954594 0.954594
      vertex 43 -0.793509 1.09217
    endloop
  endfacet
  facet normal 0 -0.649438 0.760414
    outer loop
      vertex 43 -0.954594 0.954594
      vertex 0 -0.793509 1.09217
      vertex 0 -0.954594 0.954594
    endloop
  endfacet
  facet normal 0 -0.923875 0.382694
    outer loop
      vertex 0 -1.28393 0.417172
      vertex 43 -1.20286 0.612886
      vertex 0 -1.20286 0.612886
    endloop
  endfacet
  facet normal 0 -0.923875 0.382694
    outer loop
      vertex 43 -1.20286 0.612886
      vertex 0 -1.28393 0.417172
      vertex 43 -1.28393 0.417172
    endloop
  endfacet
  facet normal -0 0.382694 0.923875
    outer loop
      vertex 0 0.612886 1.20286
      vertex 43 0.417172 1.28393
      vertex 43 0.612886 1.20286
    endloop
  endfacet
  facet normal 0 0.382694 0.923875
    outer loop
      vertex 43 0.417172 1.28393
      vertex 0 0.612886 1.20286
      vertex 0 0.417172 1.28393
    endloop
  endfacet
  facet normal 0 -0.996918 0.0784558
    outer loop
      vertex 0 -1.35 0
      vertex 43 -1.33338 0.211186
      vertex 0 -1.33338 0.211186
    endloop
  endfacet
  facet normal 0 -0.996918 0.0784558
    outer loop
      vertex 43 -1.33338 0.211186
      vertex 0 -1.35 0
      vertex 43 -1.35 0
    endloop
  endfacet
  facet normal 1 0 0
    outer loop
      vertex 0 1.35 0
      vertex 0 2.5 0
      vertex 0 2.46922 0.391086
    endloop
  endfacet
  facet normal 1 0 0
    outer loop
      vertex 0 1.33338 0.211186
      vertex 0 2.46922 0.391086
      vertex 0 2.37764 0.772542
    endloop
  endfacet
  facet normal 1 0 0
    outer loop
      vertex 0 2.5 0
      vertex 0 1.35 0
      vertex 0 2.46922 -0.391086
    endloop
  endfacet
  facet normal 1 0 0
    outer loop
      vertex 0 1.28393 0.417172
      vertex 0 2.37764 0.772542
      vertex 0 2.22752 1.13498
    endloop
  endfacet
  facet normal 1 -0 0
    outer loop
      vertex 0 1.33338 -0.211186
      vertex 0 2.46922 -0.391086
      vertex 0 1.35 0
    endloop
  endfacet
  facet normal 1 0 0
    outer loop
      vertex 0 1.20286 0.612886
      vertex 0 2.22752 1.13498
      vertex 0 2.02254 1.46946
    endloop
  endfacet
  facet normal 1 0 0
    outer loop
      vertex 0 2.46922 -0.391086
      vertex 0 1.33338 -0.211186
      vertex 0 2.37764 -0.772542
    endloop
  endfacet
  facet normal 1 0 0
    outer loop
      vertex 0 1.09217 0.793509
      vertex 0 2.02254 1.46946
      vertex 0 1.76777 1.76777
    endloop
  endfacet
  facet normal 1 -0 0
    outer loop
      vertex 0 1.28393 -0.417172
      vertex 0 2.37764 -0.772542
      vertex 0 1.33338 -0.211186
    endloop
  endfacet
  facet normal 1 0 0
    outer loop
      vertex 0 0.954594 0.954594
      vertex 0 1.76777 1.76777
      vertex 0 1.46946 2.02254
    endloop
  endfacet
  facet normal 1 0 0
    outer loop
      vertex 0 2.37764 -0.772542
      vertex 0 1.28393 -0.417172
      vertex 0 2.22752 -1.13498
    endloop
  endfacet
  facet normal 1 -0 0
    outer loop
      vertex 0 1.20286 -0.612886
      vertex 0 2.22752 -1.13498
      vertex 0 1.28393 -0.417172
    endloop
  endfacet
  facet normal 1 0 0
    outer loop
      vertex 0 2.46922 0.391086
      vertex 0 1.33338 0.211186
      vertex 0 1.35 0
    endloop
  endfacet
  facet normal 1 0 0
    outer loop
      vertex 0 2.37764 0.772542
      vertex 0 1.28393 0.417172
      vertex 0 1.33338 0.211186
    endloop
  endfacet
  facet normal 1 0 0
    outer loop
      vertex 0 2.22752 1.13498
      vertex 0 1.20286 0.612886
      vertex 0 1.28393 0.417172
    endloop
  endfacet
  facet normal 1 0 0
    outer loop
      vertex 0 0.793509 1.09217
      vertex 0 1.46946 2.02254
      vertex 0 1.13498 2.22752
    endloop
  endfacet
  facet normal 1 0 0
    outer loop
      vertex 0 2.02254 1.46946
      vertex 0 1.09217 0.793509
      vertex 0 1.20286 0.612886
    endloop
  endfacet
  facet normal 1 0 0
    outer loop
      vertex 0 1.76777 1.76777
      vertex 0 0.954594 0.954594
      vertex 0 1.09217 0.793509
    endloop
  endfacet
  facet normal 1 0 0
    outer loop
      vertex 0 1.46946 2.02254
      vertex 0 0.793509 1.09217
      vertex 0 0.954594 0.954594
    endloop
  endfacet
  facet normal 1 0 0
    outer loop
      vertex 0 0.612886 1.20286
      vertex 0 1.13498 2.22752
      vertex 0 0.772542 2.37764
    endloop
  endfacet
  facet normal 1 0 0
    outer loop
      vertex 0 1.13498 2.22752
      vertex 0 0.612886 1.20286
      vertex 0 0.793509 1.09217
    endloop
  endfacet
  facet normal 1 0 0
    outer loop
      vertex 0 0.772542 2.37764
      vertex 0 0.417172 1.28393
      vertex 0 0.612886 1.20286
    endloop
  endfacet
  facet normal 1 0 0
    outer loop
      vertex 0 0.391086 2.46922
      vertex 0 0.417172 1.28393
      vertex 0 0.772542 2.37764
    endloop
  endfacet
  facet normal 1 0 0
    outer loop
      vertex 0 0.391086 2.46922
      vertex 0 0.211186 1.33338
      vertex 0 0.417172 1.28393
    endloop
  endfacet
  facet normal 1 0 0
    outer loop
      vertex 0 0 2.5
      vertex 0 0.211186 1.33338
      vertex 0 0.391086 2.46922
    endloop
  endfacet
  facet normal 1 0 0
    outer loop
      vertex 0 0 2.5
      vertex 0 0 1.35
      vertex 0 0.211186 1.33338
    endloop
  endfacet
  facet normal 1 0 0
    outer loop
      vertex 0 0 2.5
      vertex 0 -0.211186 1.33338
      vertex 0 0 1.35
    endloop
  endfacet
  facet normal 1 -0 0
    outer loop
      vertex 0 -0.391086 2.46922
      vertex 0 -0.211186 1.33338
      vertex 0 0 2.5
    endloop
  endfacet
  facet normal 1 0 0
    outer loop
      vertex 0 -0.391086 2.46922
      vertex 0 -0.417172 1.28393
      vertex 0 -0.211186 1.33338
    endloop
  endfacet
  facet normal 1 -0 0
    outer loop
      vertex 0 -0.772542 2.37764
      vertex 0 -0.417172 1.28393
      vertex 0 -0.391086 2.46922
    endloop
  endfacet
  facet normal 1 0 0
    outer loop
      vertex 0 -0.417172 1.28393
      vertex 0 -0.772542 2.37764
      vertex 0 -0.612886 1.20286
    endloop
  endfacet
  facet normal 1 -0 0
    outer loop
      vertex 0 -1.13498 2.22752
      vertex 0 -0.612886 1.20286
      vertex 0 -0.772542 2.37764
    endloop
  endfacet
  facet normal 1 0 0
    outer loop
      vertex 0 -0.612886 1.20286
      vertex 0 -1.13498 2.22752
      vertex 0 -0.793509 1.09217
    endloop
  endfacet
  facet normal 1 -0 0
    outer loop
      vertex 0 -1.46946 2.02254
      vertex 0 -0.793509 1.09217
      vertex 0 -1.13498 2.22752
    endloop
  endfacet
  facet normal 1 0 0
    outer loop
      vertex 0 -0.793509 1.09217
      vertex 0 -1.46946 2.02254
      vertex 0 -0.954594 0.954594
    endloop
  endfacet
  facet normal 1 -0 0
    outer loop
      vertex 0 -1.76777 1.76777
      vertex 0 -0.954594 0.954594
      vertex 0 -1.46946 2.02254
    endloop
  endfacet
  facet normal 1 0 0
    outer loop
      vertex 0 -0.954594 0.954594
      vertex 0 -1.76777 1.76777
      vertex 0 -1.09217 0.793509
    endloop
  endfacet
  facet normal 1 -0 0
    outer loop
      vertex 0 -2.02254 1.46946
      vertex 0 -1.09217 0.793509
      vertex 0 -1.76777 1.76777
    endloop
  endfacet
  facet normal 1 -0 0
    outer loop
      vertex 0 -2.22752 1.13498
      vertex 0 -1.20286 0.612886
      vertex 0 -2.02254 1.46946
    endloop
  endfacet
  facet normal 1 0 0
    outer loop
      vertex 0 -1.09217 0.793509
      vertex 0 -2.02254 1.46946
      vertex 0 -1.20286 0.612886
    endloop
  endfacet
  facet normal 1 0 0
    outer loop
      vertex 0 2.22752 -1.13498
      vertex 0 1.20286 -0.612886
      vertex 0 2.02254 -1.46946
    endloop
  endfacet
  facet normal 1 -0 0
    outer loop
      vertex 0 1.09217 -0.793509
      vertex 0 2.02254 -1.46946
      vertex 0 1.20286 -0.612886
    endloop
  endfacet
  facet normal 1 0 0
    outer loop
      vertex 0 2.02254 -1.46946
      vertex 0 1.09217 -0.793509
      vertex 0 1.76777 -1.76777
    endloop
  endfacet
  facet normal 1 -0 0
    outer loop
      vertex 0 0.954594 -0.954594
      vertex 0 1.76777 -1.76777
      vertex 0 1.09217 -0.793509
    endloop
  endfacet
  facet normal 1 0 0
    outer loop
      vertex 0 1.76777 -1.76777
      vertex 0 0.954594 -0.954594
      vertex 0 1.46946 -2.02254
    endloop
  endfacet
  facet normal 1 -0 0
    outer loop
      vertex 0 0.793509 -1.09217
      vertex 0 1.46946 -2.02254
      vertex 0 0.954594 -0.954594
    endloop
  endfacet
  facet normal 1 0 0
    outer loop
      vertex 0 1.46946 -2.02254
      vertex 0 0.793509 -1.09217
      vertex 0 1.13498 -2.22752
    endloop
  endfacet
  facet normal 1 -0 0
    outer loop
      vertex 0 0.612886 -1.20286
      vertex 0 1.13498 -2.22752
      vertex 0 0.793509 -1.09217
    endloop
  endfacet
  facet normal 1 0 0
    outer loop
      vertex 0 1.13498 -2.22752
      vertex 0 0.612886 -1.20286
      vertex 0 0.772542 -2.37764
    endloop
  endfacet
  facet normal 1 -0 0
    outer loop
      vertex 0 0.417172 -1.28393
      vertex 0 0.772542 -2.37764
      vertex 0 0.612886 -1.20286
    endloop
  endfacet
  facet normal 1 0 0
    outer loop
      vertex 0 0.417172 -1.28393
      vertex 0 0.391086 -2.46922
      vertex 0 0.772542 -2.37764
    endloop
  endfacet
  facet normal 1 -0 0
    outer loop
      vertex 0 0.211186 -1.33338
      vertex 0 0.391086 -2.46922
      vertex 0 0.417172 -1.28393
    endloop
  endfacet
  facet normal 1 -0 0
    outer loop
      vertex 0 0 -1.35
      vertex 0 0.391086 -2.46922
      vertex 0 0.211186 -1.33338
    endloop
  endfacet
  facet normal 1 0 0
    outer loop
      vertex 0 0 -1.35
      vertex 0 0 -2.5
      vertex 0 0.391086 -2.46922
    endloop
  endfacet
  facet normal 1 0 0
    outer loop
      vertex 0 -0.211186 -1.33338
      vertex 0 0 -2.5
      vertex 0 0 -1.35
    endloop
  endfacet
  facet normal 1 0 0
    outer loop
      vertex 0 -0.211186 -1.33338
      vertex 0 -0.391086 -2.46922
      vertex 0 0 -2.5
    endloop
  endfacet
  facet normal 1 0 0
    outer loop
      vertex 0 -0.417172 -1.28393
      vertex 0 -0.391086 -2.46922
      vertex 0 -0.211186 -1.33338
    endloop
  endfacet
  facet normal 1 0 0
    outer loop
      vertex 0 -0.772542 -2.37764
      vertex 0 -0.417172 -1.28393
      vertex 0 -0.612886 -1.20286
    endloop
  endfacet
  facet normal 1 0 0
    outer loop
      vertex 0 -0.417172 -1.28393
      vertex 0 -0.772542 -2.37764
      vertex 0 -0.391086 -2.46922
    endloop
  endfacet
  facet normal 1 0 0
    outer loop
      vertex 0 -1.13498 -2.22752
      vertex 0 -0.612886 -1.20286
      vertex 0 -0.793509 -1.09217
    endloop
  endfacet
  facet normal 1 0 0
    outer loop
      vertex 0 -1.46946 -2.02254
      vertex 0 -0.793509 -1.09217
      vertex 0 -0.954594 -0.954594
    endloop
  endfacet
  facet normal 1 0 0
    outer loop
      vertex 0 -1.76777 -1.76777
      vertex 0 -0.954594 -0.954594
      vertex 0 -1.09217 -0.793509
    endloop
  endfacet
  facet normal 1 0 0
    outer loop
      vertex 0 -0.612886 -1.20286
      vertex 0 -1.13498 -2.22752
      vertex 0 -0.772542 -2.37764
    endloop
  endfacet
  facet normal 1 0 0
    outer loop
      vertex 0 -2.02254 -1.46946
      vertex 0 -1.09217 -0.793509
      vertex 0 -1.20286 -0.612886
    endloop
  endfacet
  facet normal 1 0 0
    outer loop
      vertex 0 -2.22752 -1.13498
      vertex 0 -1.20286 -0.612886
      vertex 0 -1.28393 -0.417172
    endloop
  endfacet
  facet normal 1 0 0
    outer loop
      vertex 0 -2.37764 -0.772542
      vertex 0 -1.28393 -0.417172
      vertex 0 -1.33338 -0.211186
    endloop
  endfacet
  facet normal 1 0 0
    outer loop
      vertex 0 -0.793509 -1.09217
      vertex 0 -1.46946 -2.02254
      vertex 0 -1.13498 -2.22752
    endloop
  endfacet
  facet normal 1 0 0
    outer loop
      vertex 0 -2.46922 -0.391086
      vertex 0 -1.33338 -0.211186
      vertex 0 -1.35 0
    endloop
  endfacet
  facet normal 1 0 0
    outer loop
      vertex 0 -1.20286 0.612886
      vertex 0 -2.22752 1.13498
      vertex 0 -1.28393 0.417172
    endloop
  endfacet
  facet normal 1 -0 0
    outer loop
      vertex 0 -2.37764 0.772542
      vertex 0 -1.28393 0.417172
      vertex 0 -2.22752 1.13498
    endloop
  endfacet
  facet normal 1 0 0
    outer loop
      vertex 0 -0.954594 -0.954594
      vertex 0 -1.76777 -1.76777
      vertex 0 -1.46946 -2.02254
    endloop
  endfacet
  facet normal 1 0 0
    outer loop
      vertex 0 -1.28393 0.417172
      vertex 0 -2.37764 0.772542
      vertex 0 -1.33338 0.211186
    endloop
  endfacet
  facet normal 1 0 0
    outer loop
      vertex 0 -1.09217 -0.793509
      vertex 0 -2.02254 -1.46946
      vertex 0 -1.76777 -1.76777
    endloop
  endfacet
  facet normal 1 -0 0
    outer loop
      vertex 0 -2.46922 0.391086
      vertex 0 -1.33338 0.211186
      vertex 0 -2.37764 0.772542
    endloop
  endfacet
  facet normal 1 0 0
    outer loop
      vertex 0 -1.20286 -0.612886
      vertex 0 -2.22752 -1.13498
      vertex 0 -2.02254 -1.46946
    endloop
  endfacet
  facet normal 1 0 0
    outer loop
      vertex 0 -1.33338 0.211186
      vertex 0 -2.46922 0.391086
      vertex 0 -1.35 0
    endloop
  endfacet
  facet normal 1 0 0
    outer loop
      vertex 0 -1.28393 -0.417172
      vertex 0 -2.37764 -0.772542
      vertex 0 -2.22752 -1.13498
    endloop
  endfacet
  facet normal 1 0 0
    outer loop
      vertex 0 -2.5 0
      vertex 0 -1.35 0
      vertex 0 -2.46922 0.391086
    endloop
  endfacet
  facet normal 1 0 0
    outer loop
      vertex 0 -1.33338 -0.211186
      vertex 0 -2.46922 -0.391086
      vertex 0 -2.37764 -0.772542
    endloop
  endfacet
  facet normal 1 0 0
    outer loop
      vertex 0 -1.35 0
      vertex 0 -2.5 0
      vertex 0 -2.46922 -0.391086
    endloop
  endfacet
  facet normal 0 0.996918 -0.0784558
    outer loop
      vertex 43 1.33338 -0.211186
      vertex 0 1.35 0
      vertex 43 1.35 0
    endloop
  endfacet
  facet normal 0 0.996918 -0.0784558
    outer loop
      vertex 0 1.35 0
      vertex 43 1.33338 -0.211186
      vertex 0 1.33338 -0.211186
    endloop
  endfacet
  facet normal 0 0.996918 0.0784558
    outer loop
      vertex 43 1.35 0
      vertex 0 1.33338 0.211186
      vertex 43 1.33338 0.211186
    endloop
  endfacet
  facet normal 0 0.996918 0.0784558
    outer loop
      vertex 0 1.33338 0.211186
      vertex 43 1.35 0
      vertex 0 1.35 0
    endloop
  endfacet
  facet normal 0 -0.382694 0.923875
    outer loop
      vertex 0 -0.417172 1.28393
      vertex 43 -0.612886 1.20286
      vertex 43 -0.417172 1.28393
    endloop
  endfacet
  facet normal 0 -0.382694 0.923875
    outer loop
      vertex 43 -0.612886 1.20286
      vertex 0 -0.417172 1.28393
      vertex 0 -0.612886 1.20286
    endloop
  endfacet
  facet normal 0 -0.233447 0.97237
    outer loop
      vertex -1.8 -0.391086 2.46922
      vertex 0 -0.772542 2.37764
      vertex 0 -0.391086 2.46922
    endloop
  endfacet
  facet normal 0 -0.233447 0.97237
    outer loop
      vertex 0 -0.772542 2.37764
      vertex -1.8 -0.391086 2.46922
      vertex -1.8 -0.772542 2.37764
    endloop
  endfacet
  facet normal 0 0.233447 -0.97237
    outer loop
      vertex -1.8 0.391086 -2.46922
      vertex 0 0.772542 -2.37764
      vertex 0 0.391086 -2.46922
    endloop
  endfacet
  facet normal 0 0.233447 -0.97237
    outer loop
      vertex 0 0.772542 -2.37764
      vertex -1.8 0.391086 -2.46922
      vertex -1.8 0.772542 -2.37764
    endloop
  endfacet
  facet normal 0 0.0784613 -0.996917
    outer loop
      vertex -1.8 0 -2.5
      vertex 0 0.391086 -2.46922
      vertex 0 0 -2.5
    endloop
  endfacet
  facet normal 0 0.0784613 -0.996917
    outer loop
      vertex 0 0.391086 -2.46922
      vertex -1.8 0 -2.5
      vertex -1.8 0.391086 -2.46922
    endloop
  endfacet
  facet normal 0 0.382669 -0.923886
    outer loop
      vertex -1.8 0.772542 -2.37764
      vertex 0 1.13498 -2.22752
      vertex 0 0.772542 -2.37764
    endloop
  endfacet
  facet normal 0 0.382669 -0.923886
    outer loop
      vertex 0 1.13498 -2.22752
      vertex -1.8 0.772542 -2.37764
      vertex -1.8 1.13498 -2.22752
    endloop
  endfacet
  facet normal 0 -0.923886 -0.382669
    outer loop
      vertex -1.8 -2.22752 -1.13498
      vertex 0 -2.37764 -0.772542
      vertex -1.8 -2.37764 -0.772542
    endloop
  endfacet
  facet normal 0 -0.923886 -0.382669
    outer loop
      vertex 0 -2.37764 -0.772542
      vertex -1.8 -2.22752 -1.13498
      vertex 0 -2.22752 -1.13498
    endloop
  endfacet
  facet normal 0 -0.522518 -0.852628
    outer loop
      vertex -1.8 -1.46946 -2.02254
      vertex 0 -1.13498 -2.22752
      vertex 0 -1.46946 -2.02254
    endloop
  endfacet
  facet normal -0 -0.522518 -0.852628
    outer loop
      vertex 0 -1.13498 -2.22752
      vertex -1.8 -1.46946 -2.02254
      vertex -1.8 -1.13498 -2.22752
    endloop
  endfacet
  facet normal 0 0.76042 0.649432
    outer loop
      vertex 0 2.02254 1.46946
      vertex -1.8 1.76777 1.76777
      vertex 0 1.76777 1.76777
    endloop
  endfacet
  facet normal 0 0.76042 0.649432
    outer loop
      vertex -1.8 1.76777 1.76777
      vertex 0 2.02254 1.46946
      vertex -1.8 2.02254 1.46946
    endloop
  endfacet
  facet normal 0 0.923886 0.382669
    outer loop
      vertex 0 2.37764 0.772542
      vertex -1.8 2.22752 1.13498
      vertex 0 2.22752 1.13498
    endloop
  endfacet
  facet normal 0 0.923886 0.382669
    outer loop
      vertex -1.8 2.22752 1.13498
      vertex 0 2.37764 0.772542
      vertex -1.8 2.37764 0.772542
    endloop
  endfacet
  facet normal 0 -0.649432 -0.76042
    outer loop
      vertex -1.8 -1.76777 -1.76777
      vertex 0 -1.46946 -2.02254
      vertex 0 -1.76777 -1.76777
    endloop
  endfacet
  facet normal -0 -0.649432 -0.76042
    outer loop
      vertex 0 -1.46946 -2.02254
      vertex -1.8 -1.76777 -1.76777
      vertex -1.8 -1.46946 -2.02254
    endloop
  endfacet
  facet normal 0 -0.0784613 -0.996917
    outer loop
      vertex -1.8 -0.391086 -2.46922
      vertex 0 0 -2.5
      vertex 0 -0.391086 -2.46922
    endloop
  endfacet
  facet normal -0 -0.0784613 -0.996917
    outer loop
      vertex 0 0 -2.5
      vertex -1.8 -0.391086 -2.46922
      vertex -1.8 0 -2.5
    endloop
  endfacet
  facet normal 0 -0.382669 -0.923886
    outer loop
      vertex -1.8 -1.13498 -2.22752
      vertex 0 -0.772542 -2.37764
      vertex 0 -1.13498 -2.22752
    endloop
  endfacet
  facet normal -0 -0.382669 -0.923886
    outer loop
      vertex 0 -0.772542 -2.37764
      vertex -1.8 -1.13498 -2.22752
      vertex -1.8 -0.772542 -2.37764
    endloop
  endfacet
  facet normal 0 -0.382669 0.923886
    outer loop
      vertex -1.8 -0.772542 2.37764
      vertex 0 -1.13498 2.22752
      vertex 0 -0.772542 2.37764
    endloop
  endfacet
  facet normal 0 -0.382669 0.923886
    outer loop
      vertex 0 -1.13498 2.22752
      vertex -1.8 -0.772542 2.37764
      vertex -1.8 -1.13498 2.22752
    endloop
  endfacet
  facet normal -0 0.0784613 0.996917
    outer loop
      vertex -1.8 0.391086 2.46922
      vertex 0 0 2.5
      vertex 0 0.391086 2.46922
    endloop
  endfacet
  facet normal 0 0.0784613 0.996917
    outer loop
      vertex 0 0 2.5
      vertex -1.8 0.391086 2.46922
      vertex -1.8 0 2.5
    endloop
  endfacet
  facet normal -0 0.233447 0.97237
    outer loop
      vertex -1.8 0.772542 2.37764
      vertex 0 0.391086 2.46922
      vertex 0 0.772542 2.37764
    endloop
  endfacet
  facet normal 0 0.233447 0.97237
    outer loop
      vertex 0 0.391086 2.46922
      vertex -1.8 0.772542 2.37764
      vertex -1.8 0.391086 2.46922
    endloop
  endfacet
  facet normal 0 0.97237 -0.233447
    outer loop
      vertex 0 2.37764 -0.772542
      vertex -1.8 2.46922 -0.391086
      vertex 0 2.46922 -0.391086
    endloop
  endfacet
  facet normal 0 0.97237 -0.233447
    outer loop
      vertex -1.8 2.46922 -0.391086
      vertex 0 2.37764 -0.772542
      vertex -1.8 2.37764 -0.772542
    endloop
  endfacet
  facet normal 0 0.996917 0.0784613
    outer loop
      vertex 0 2.5 0
      vertex -1.8 2.46922 0.391086
      vertex 0 2.46922 0.391086
    endloop
  endfacet
  facet normal 0 0.996917 0.0784613
    outer loop
      vertex -1.8 2.46922 0.391086
      vertex 0 2.5 0
      vertex -1.8 2.5 0
    endloop
  endfacet
  facet normal 0 -0.649432 0.76042
    outer loop
      vertex -1.8 -1.46946 2.02254
      vertex 0 -1.76777 1.76777
      vertex 0 -1.46946 2.02254
    endloop
  endfacet
  facet normal 0 -0.649432 0.76042
    outer loop
      vertex 0 -1.76777 1.76777
      vertex -1.8 -1.46946 2.02254
      vertex -1.8 -1.76777 1.76777
    endloop
  endfacet
  facet normal 0 -0.97237 0.233447
    outer loop
      vertex -1.8 -2.46922 0.391086
      vertex 0 -2.37764 0.772542
      vertex -1.8 -2.37764 0.772542
    endloop
  endfacet
  facet normal 0 -0.97237 0.233447
    outer loop
      vertex 0 -2.37764 0.772542
      vertex -1.8 -2.46922 0.391086
      vertex 0 -2.46922 0.391086
    endloop
  endfacet
  facet normal 0 -0.76042 0.649432
    outer loop
      vertex -1.8 -2.02254 1.46946
      vertex 0 -1.76777 1.76777
      vertex -1.8 -1.76777 1.76777
    endloop
  endfacet
  facet normal 0 -0.76042 0.649432
    outer loop
      vertex 0 -1.76777 1.76777
      vertex -1.8 -2.02254 1.46946
      vertex 0 -2.02254 1.46946
    endloop
  endfacet
  facet normal 0 0.522518 -0.852628
    outer loop
      vertex -1.8 1.13498 -2.22752
      vertex 0 1.46946 -2.02254
      vertex 0 1.13498 -2.22752
    endloop
  endfacet
  facet normal 0 0.522518 -0.852628
    outer loop
      vertex 0 1.46946 -2.02254
      vertex -1.8 1.13498 -2.22752
      vertex -1.8 1.46946 -2.02254
    endloop
  endfacet
  facet normal -0 0.382669 0.923886
    outer loop
      vertex -1.8 1.13498 2.22752
      vertex 0 0.772542 2.37764
      vertex 0 1.13498 2.22752
    endloop
  endfacet
  facet normal 0 0.382669 0.923886
    outer loop
      vertex 0 0.772542 2.37764
      vertex -1.8 1.13498 2.22752
      vertex -1.8 0.772542 2.37764
    endloop
  endfacet
  facet normal 0 0.852628 0.522518
    outer loop
      vertex 0 2.22752 1.13498
      vertex -1.8 2.02254 1.46946
      vertex 0 2.02254 1.46946
    endloop
  endfacet
  facet normal 0 0.852628 0.522518
    outer loop
      vertex -1.8 2.02254 1.46946
      vertex 0 2.22752 1.13498
      vertex -1.8 2.22752 1.13498
    endloop
  endfacet
  facet normal 0 -0.996917 0.0784613
    outer loop
      vertex -1.8 -2.5 0
      vertex 0 -2.46922 0.391086
      vertex -1.8 -2.46922 0.391086
    endloop
  endfacet
  facet normal 0 -0.996917 0.0784613
    outer loop
      vertex 0 -2.46922 0.391086
      vertex -1.8 -2.5 0
      vertex 0 -2.5 0
    endloop
  endfacet
  facet normal 0 0.852628 -0.522518
    outer loop
      vertex 0 2.02254 -1.46946
      vertex -1.8 2.22752 -1.13498
      vertex 0 2.22752 -1.13498
    endloop
  endfacet
  facet normal 0 0.852628 -0.522518
    outer loop
      vertex -1.8 2.22752 -1.13498
      vertex 0 2.02254 -1.46946
      vertex -1.8 2.02254 -1.46946
    endloop
  endfacet
  facet normal 0 -0.852628 -0.522518
    outer loop
      vertex -1.8 -2.02254 -1.46946
      vertex 0 -2.22752 -1.13498
      vertex -1.8 -2.22752 -1.13498
    endloop
  endfacet
  facet normal 0 -0.852628 -0.522518
    outer loop
      vertex 0 -2.22752 -1.13498
      vertex -1.8 -2.02254 -1.46946
      vertex 0 -2.02254 -1.46946
    endloop
  endfacet
  facet normal -0 0.649432 0.76042
    outer loop
      vertex -1.8 1.76777 1.76777
      vertex 0 1.46946 2.02254
      vertex 0 1.76777 1.76777
    endloop
  endfacet
  facet normal 0 0.649432 0.76042
    outer loop
      vertex 0 1.46946 2.02254
      vertex -1.8 1.76777 1.76777
      vertex -1.8 1.46946 2.02254
    endloop
  endfacet
  facet normal 0 0.97237 0.233447
    outer loop
      vertex 0 2.46922 0.391086
      vertex -1.8 2.37764 0.772542
      vertex 0 2.37764 0.772542
    endloop
  endfacet
  facet normal 0 0.97237 0.233447
    outer loop
      vertex -1.8 2.37764 0.772542
      vertex 0 2.46922 0.391086
      vertex -1.8 2.46922 0.391086
    endloop
  endfacet
  facet normal -1 0 0
    outer loop
      vertex -1.8 2.46922 -0.391086
      vertex -1.8 2.46922 0.391086
      vertex -1.8 2.5 0
    endloop
  endfacet
  facet normal -1 0 0
    outer loop
      vertex -1.8 2.37764 -0.772542
      vertex -1.8 2.46922 0.391086
      vertex -1.8 2.46922 -0.391086
    endloop
  endfacet
  facet normal -1 0 0
    outer loop
      vertex -1.8 2.37764 -0.772542
      vertex -1.8 2.37764 0.772542
      vertex -1.8 2.46922 0.391086
    endloop
  endfacet
  facet normal -1 0 0
    outer loop
      vertex -1.8 2.22752 -1.13498
      vertex -1.8 2.37764 0.772542
      vertex -1.8 2.37764 -0.772542
    endloop
  endfacet
  facet normal -1 0 0
    outer loop
      vertex -1.8 2.22752 -1.13498
      vertex -1.8 2.22752 1.13498
      vertex -1.8 2.37764 0.772542
    endloop
  endfacet
  facet normal -1 0 0
    outer loop
      vertex -1.8 2.02254 -1.46946
      vertex -1.8 2.22752 1.13498
      vertex -1.8 2.22752 -1.13498
    endloop
  endfacet
  facet normal -1 0 0
    outer loop
      vertex -1.8 2.02254 -1.46946
      vertex -1.8 2.02254 1.46946
      vertex -1.8 2.22752 1.13498
    endloop
  endfacet
  facet normal -1 0 0
    outer loop
      vertex -1.8 1.76777 -1.76777
      vertex -1.8 2.02254 1.46946
      vertex -1.8 2.02254 -1.46946
    endloop
  endfacet
  facet normal -1 0 0
    outer loop
      vertex -1.8 1.76777 -1.76777
      vertex -1.8 1.76777 1.76777
      vertex -1.8 2.02254 1.46946
    endloop
  endfacet
  facet normal -1 0 0
    outer loop
      vertex -1.8 1.46946 -2.02254
      vertex -1.8 1.76777 1.76777
      vertex -1.8 1.76777 -1.76777
    endloop
  endfacet
  facet normal -1 0 0
    outer loop
      vertex -1.8 1.46946 -2.02254
      vertex -1.8 1.46946 2.02254
      vertex -1.8 1.76777 1.76777
    endloop
  endfacet
  facet normal -1 0 0
    outer loop
      vertex -1.8 1.13498 -2.22752
      vertex -1.8 1.46946 2.02254
      vertex -1.8 1.46946 -2.02254
    endloop
  endfacet
  facet normal -1 0 0
    outer loop
      vertex -1.8 1.13498 -2.22752
      vertex -1.8 1.13498 2.22752
      vertex -1.8 1.46946 2.02254
    endloop
  endfacet
  facet normal -1 0 0
    outer loop
      vertex -1.8 0.772542 -2.37764
      vertex -1.8 1.13498 2.22752
      vertex -1.8 1.13498 -2.22752
    endloop
  endfacet
  facet normal -1 0 0
    outer loop
      vertex -1.8 0.772542 -2.37764
      vertex -1.8 0.772542 2.37764
      vertex -1.8 1.13498 2.22752
    endloop
  endfacet
  facet normal -1 0 0
    outer loop
      vertex -1.8 0.391086 -2.46922
      vertex -1.8 0.772542 2.37764
      vertex -1.8 0.772542 -2.37764
    endloop
  endfacet
  facet normal -1 0 0
    outer loop
      vertex -1.8 0.391086 -2.46922
      vertex -1.8 0.391086 2.46922
      vertex -1.8 0.772542 2.37764
    endloop
  endfacet
  facet normal -1 0 0
    outer loop
      vertex -1.8 0 -2.5
      vertex -1.8 0.391086 2.46922
      vertex -1.8 0.391086 -2.46922
    endloop
  endfacet
  facet normal -1 0 0
    outer loop
      vertex -1.8 0 -2.5
      vertex -1.8 0 2.5
      vertex -1.8 0.391086 2.46922
    endloop
  endfacet
  facet normal -1 0 0
    outer loop
      vertex -1.8 -0.391086 -2.46922
      vertex -1.8 0 2.5
      vertex -1.8 0 -2.5
    endloop
  endfacet
  facet normal -1 0 0
    outer loop
      vertex -1.8 -0.391086 -2.46922
      vertex -1.8 -0.391086 2.46922
      vertex -1.8 0 2.5
    endloop
  endfacet
  facet normal -1 0 0
    outer loop
      vertex -1.8 -0.772542 -2.37764
      vertex -1.8 -0.391086 2.46922
      vertex -1.8 -0.391086 -2.46922
    endloop
  endfacet
  facet normal -1 0 0
    outer loop
      vertex -1.8 -0.772542 -2.37764
      vertex -1.8 -0.772542 2.37764
      vertex -1.8 -0.391086 2.46922
    endloop
  endfacet
  facet normal -1 0 0
    outer loop
      vertex -1.8 -1.13498 -2.22752
      vertex -1.8 -0.772542 2.37764
      vertex -1.8 -0.772542 -2.37764
    endloop
  endfacet
  facet normal -1 0 0
    outer loop
      vertex -1.8 -1.13498 -2.22752
      vertex -1.8 -1.13498 2.22752
      vertex -1.8 -0.772542 2.37764
    endloop
  endfacet
  facet normal -1 0 0
    outer loop
      vertex -1.8 -1.46946 -2.02254
      vertex -1.8 -1.13498 2.22752
      vertex -1.8 -1.13498 -2.22752
    endloop
  endfacet
  facet normal -1 0 0
    outer loop
      vertex -1.8 -1.46946 -2.02254
      vertex -1.8 -1.46946 2.02254
      vertex -1.8 -1.13498 2.22752
    endloop
  endfacet
  facet normal -1 0 0
    outer loop
      vertex -1.8 -1.76777 -1.76777
      vertex -1.8 -1.46946 2.02254
      vertex -1.8 -1.46946 -2.02254
    endloop
  endfacet
  facet normal -1 0 0
    outer loop
      vertex -1.8 -1.76777 -1.76777
      vertex -1.8 -1.76777 1.76777
      vertex -1.8 -1.46946 2.02254
    endloop
  endfacet
  facet normal -1 0 0
    outer loop
      vertex -1.8 -2.02254 -1.46946
      vertex -1.8 -1.76777 1.76777
      vertex -1.8 -1.76777 -1.76777
    endloop
  endfacet
  facet normal -1 0 0
    outer loop
      vertex -1.8 -2.02254 -1.46946
      vertex -1.8 -2.02254 1.46946
      vertex -1.8 -1.76777 1.76777
    endloop
  endfacet
  facet normal -1 0 0
    outer loop
      vertex -1.8 -2.22752 -1.13498
      vertex -1.8 -2.02254 1.46946
      vertex -1.8 -2.02254 -1.46946
    endloop
  endfacet
  facet normal -1 0 0
    outer loop
      vertex -1.8 -2.22752 -1.13498
      vertex -1.8 -2.22752 1.13498
      vertex -1.8 -2.02254 1.46946
    endloop
  endfacet
  facet normal -1 0 0
    outer loop
      vertex -1.8 -2.37764 -0.772542
      vertex -1.8 -2.22752 1.13498
      vertex -1.8 -2.22752 -1.13498
    endloop
  endfacet
  facet normal -1 0 0
    outer loop
      vertex -1.8 -2.37764 -0.772542
      vertex -1.8 -2.37764 0.772542
      vertex -1.8 -2.22752 1.13498
    endloop
  endfacet
  facet normal -1 0 0
    outer loop
      vertex -1.8 -2.46922 -0.391086
      vertex -1.8 -2.37764 0.772542
      vertex -1.8 -2.37764 -0.772542
    endloop
  endfacet
  facet normal -1 0 0
    outer loop
      vertex -1.8 -2.46922 -0.391086
      vertex -1.8 -2.46922 0.391086
      vertex -1.8 -2.37764 0.772542
    endloop
  endfacet
  facet normal -1 0 -0
    outer loop
      vertex -1.8 -2.46922 0.391086
      vertex -1.8 -2.46922 -0.391086
      vertex -1.8 -2.5 0
    endloop
  endfacet
  facet normal 0 -0.852628 0.522518
    outer loop
      vertex -1.8 -2.22752 1.13498
      vertex 0 -2.02254 1.46946
      vertex -1.8 -2.02254 1.46946
    endloop
  endfacet
  facet normal 0 -0.852628 0.522518
    outer loop
      vertex 0 -2.02254 1.46946
      vertex -1.8 -2.22752 1.13498
      vertex 0 -2.22752 1.13498
    endloop
  endfacet
  facet normal 0 0.649432 -0.76042
    outer loop
      vertex -1.8 1.46946 -2.02254
      vertex 0 1.76777 -1.76777
      vertex 0 1.46946 -2.02254
    endloop
  endfacet
  facet normal 0 0.649432 -0.76042
    outer loop
      vertex 0 1.76777 -1.76777
      vertex -1.8 1.46946 -2.02254
      vertex -1.8 1.76777 -1.76777
    endloop
  endfacet
  facet normal 0 0.76042 -0.649432
    outer loop
      vertex 0 1.76777 -1.76777
      vertex -1.8 2.02254 -1.46946
      vertex 0 2.02254 -1.46946
    endloop
  endfacet
  facet normal 0 0.76042 -0.649432
    outer loop
      vertex -1.8 2.02254 -1.46946
      vertex 0 1.76777 -1.76777
      vertex -1.8 1.76777 -1.76777
    endloop
  endfacet
  facet normal 0 -0.996917 -0.0784613
    outer loop
      vertex -1.8 -2.46922 -0.391086
      vertex 0 -2.5 0
      vertex -1.8 -2.5 0
    endloop
  endfacet
  facet normal 0 -0.996917 -0.0784613
    outer loop
      vertex 0 -2.5 0
      vertex -1.8 -2.46922 -0.391086
      vertex 0 -2.46922 -0.391086
    endloop
  endfacet
  facet normal 0 -0.923886 0.382669
    outer loop
      vertex -1.8 -2.37764 0.772542
      vertex 0 -2.22752 1.13498
      vertex -1.8 -2.22752 1.13498
    endloop
  endfacet
  facet normal 0 -0.923886 0.382669
    outer loop
      vertex 0 -2.22752 1.13498
      vertex -1.8 -2.37764 0.772542
      vertex 0 -2.37764 0.772542
    endloop
  endfacet
  facet normal 0 -0.522518 0.852628
    outer loop
      vertex -1.8 -1.13498 2.22752
      vertex 0 -1.46946 2.02254
      vertex 0 -1.13498 2.22752
    endloop
  endfacet
  facet normal 0 -0.522518 0.852628
    outer loop
      vertex 0 -1.46946 2.02254
      vertex -1.8 -1.13498 2.22752
      vertex -1.8 -1.46946 2.02254
    endloop
  endfacet
  facet normal 0 -0.97237 -0.233447
    outer loop
      vertex -1.8 -2.37764 -0.772542
      vertex 0 -2.46922 -0.391086
      vertex -1.8 -2.46922 -0.391086
    endloop
  endfacet
  facet normal 0 -0.97237 -0.233447
    outer loop
      vertex 0 -2.46922 -0.391086
      vertex -1.8 -2.37764 -0.772542
      vertex 0 -2.37764 -0.772542
    endloop
  endfacet
  facet normal 0 -0.76042 -0.649432
    outer loop
      vertex -1.8 -1.76777 -1.76777
      vertex 0 -2.02254 -1.46946
      vertex -1.8 -2.02254 -1.46946
    endloop
  endfacet
  facet normal 0 -0.76042 -0.649432
    outer loop
      vertex 0 -2.02254 -1.46946
      vertex -1.8 -1.76777 -1.76777
      vertex 0 -1.76777 -1.76777
    endloop
  endfacet
  facet normal 0 -0.0784613 0.996917
    outer loop
      vertex -1.8 0 2.5
      vertex 0 -0.391086 2.46922
      vertex 0 0 2.5
    endloop
  endfacet
  facet normal 0 -0.0784613 0.996917
    outer loop
      vertex 0 -0.391086 2.46922
      vertex -1.8 0 2.5
      vertex -1.8 -0.391086 2.46922
    endloop
  endfacet
  facet normal 0 -0.233447 -0.97237
    outer loop
      vertex -1.8 -0.772542 -2.37764
      vertex 0 -0.391086 -2.46922
      vertex 0 -0.772542 -2.37764
    endloop
  endfacet
  facet normal -0 -0.233447 -0.97237
    outer loop
      vertex 0 -0.391086 -2.46922
      vertex -1.8 -0.772542 -2.37764
      vertex -1.8 -0.391086 -2.46922
    endloop
  endfacet
  facet normal 0 0.923886 -0.382669
    outer loop
      vertex 0 2.22752 -1.13498
      vertex -1.8 2.37764 -0.772542
      vertex 0 2.37764 -0.772542
    endloop
  endfacet
  facet normal 0 0.923886 -0.382669
    outer loop
      vertex -1.8 2.37764 -0.772542
      vertex 0 2.22752 -1.13498
      vertex -1.8 2.22752 -1.13498
    endloop
  endfacet
  facet normal 0 0.996917 -0.0784613
    outer loop
      vertex 0 2.46922 -0.391086
      vertex -1.8 2.5 0
      vertex 0 2.5 0
    endloop
  endfacet
  facet normal 0 0.996917 -0.0784613
    outer loop
      vertex -1.8 2.5 0
      vertex 0 2.46922 -0.391086
      vertex -1.8 2.46922 -0.391086
    endloop
  endfacet
  facet normal -0 0.522518 0.852628
    outer loop
      vertex -1.8 1.46946 2.02254
      vertex 0 1.13498 2.22752
      vertex 0 1.46946 2.02254
    endloop
  endfacet
  facet normal 0 0.522518 0.852628
    outer loop
      vertex 0 1.13498 2.22752
      vertex -1.8 1.46946 2.02254
      vertex -1.8 1.13498 2.22752
    endloop
  endfacet
  facet normal 0 -0.760405 0.649449
    outer loop
      vertex 0 6.90783 0.793509
      vertex 43 7.04541 0.954594
      vertex 0 7.04541 0.954594
    endloop
  endfacet
  facet normal 0 -0.760405 0.649449
    outer loop
      vertex 43 7.04541 0.954594
      vertex 0 6.90783 0.793509
      vertex 43 6.90783 0.793509
    endloop
  endfacet
  facet normal 0 0.233439 -0.972371
    outer loop
      vertex 0 8.21119 -1.33338
      vertex 43 8.41717 -1.28393
      vertex 43 8.21119 -1.33338
    endloop
  endfacet
  facet normal 0 0.233439 -0.972371
    outer loop
      vertex 43 8.41717 -1.28393
      vertex 0 8.21119 -1.33338
      vertex 0 8.41717 -1.28393
    endloop
  endfacet
  facet normal 0 -0.233439 0.972371
    outer loop
      vertex 0 7.78881 1.33338
      vertex 43 7.58283 1.28393
      vertex 43 7.78881 1.33338
    endloop
  endfacet
  facet normal 0 -0.233439 0.972371
    outer loop
      vertex 43 7.58283 1.28393
      vertex 0 7.78881 1.33338
      vertex 0 7.58283 1.28393
    endloop
  endfacet
  facet normal 0 -0.972373 0.233433
    outer loop
      vertex 0 6.66662 0.211186
      vertex 43 6.71607 0.417172
      vertex 0 6.71607 0.417172
    endloop
  endfacet
  facet normal 0 -0.972373 0.233433
    outer loop
      vertex 43 6.71607 0.417172
      vertex 0 6.66662 0.211186
      vertex 43 6.66662 0.211186
    endloop
  endfacet
  facet normal 1 0 0
    outer loop
      vertex 43 9.33338 0.211186
      vertex 43 9.33338 -0.211186
      vertex 43 9.35 0
    endloop
  endfacet
  facet normal 1 0 0
    outer loop
      vertex 43 9.28393 0.417172
      vertex 43 9.33338 -0.211186
      vertex 43 9.33338 0.211186
    endloop
  endfacet
  facet normal 1 0 0
    outer loop
      vertex 43 9.28393 0.417172
      vertex 43 9.28393 -0.417172
      vertex 43 9.33338 -0.211186
    endloop
  endfacet
  facet normal 1 0 0
    outer loop
      vertex 43 9.20286 0.612886
      vertex 43 9.28393 -0.417172
      vertex 43 9.28393 0.417172
    endloop
  endfacet
  facet normal 1 0 0
    outer loop
      vertex 43 9.20286 0.612886
      vertex 43 9.20286 -0.612886
      vertex 43 9.28393 -0.417172
    endloop
  endfacet
  facet normal 1 0 0
    outer loop
      vertex 43 9.09217 0.793509
      vertex 43 9.20286 -0.612886
      vertex 43 9.20286 0.612886
    endloop
  endfacet
  facet normal 1 0 0
    outer loop
      vertex 43 9.09217 0.793509
      vertex 43 9.09217 -0.793509
      vertex 43 9.20286 -0.612886
    endloop
  endfacet
  facet normal 1 0 0
    outer loop
      vertex 43 8.95459 0.954594
      vertex 43 9.09217 -0.793509
      vertex 43 9.09217 0.793509
    endloop
  endfacet
  facet normal 1 0 0
    outer loop
      vertex 43 8.95459 0.954594
      vertex 43 8.95459 -0.954594
      vertex 43 9.09217 -0.793509
    endloop
  endfacet
  facet normal 1 0 0
    outer loop
      vertex 43 8.79351 1.09217
      vertex 43 8.95459 -0.954594
      vertex 43 8.95459 0.954594
    endloop
  endfacet
  facet normal 1 0 0
    outer loop
      vertex 43 8.79351 1.09217
      vertex 43 8.79351 -1.09217
      vertex 43 8.95459 -0.954594
    endloop
  endfacet
  facet normal 1 0 0
    outer loop
      vertex 43 8.61289 1.20286
      vertex 43 8.79351 -1.09217
      vertex 43 8.79351 1.09217
    endloop
  endfacet
  facet normal 1 0 0
    outer loop
      vertex 43 8.61289 1.20286
      vertex 43 8.61289 -1.20286
      vertex 43 8.79351 -1.09217
    endloop
  endfacet
  facet normal 1 0 0
    outer loop
      vertex 43 8.41717 1.28393
      vertex 43 8.61289 -1.20286
      vertex 43 8.61289 1.20286
    endloop
  endfacet
  facet normal 1 0 0
    outer loop
      vertex 43 8.41717 1.28393
      vertex 43 8.41717 -1.28393
      vertex 43 8.61289 -1.20286
    endloop
  endfacet
  facet normal 1 0 0
    outer loop
      vertex 43 8.21119 1.33338
      vertex 43 8.41717 -1.28393
      vertex 43 8.41717 1.28393
    endloop
  endfacet
  facet normal 1 0 0
    outer loop
      vertex 43 8.21119 1.33338
      vertex 43 8.21119 -1.33338
      vertex 43 8.41717 -1.28393
    endloop
  endfacet
  facet normal 1 0 0
    outer loop
      vertex 43 8 1.35
      vertex 43 8.21119 -1.33338
      vertex 43 8.21119 1.33338
    endloop
  endfacet
  facet normal 1 0 0
    outer loop
      vertex 43 8 1.35
      vertex 43 8 -1.35
      vertex 43 8.21119 -1.33338
    endloop
  endfacet
  facet normal 1 -0 0
    outer loop
      vertex 43 7.78881 1.33338
      vertex 43 8 -1.35
      vertex 43 8 1.35
    endloop
  endfacet
  facet normal 1 0 0
    outer loop
      vertex 43 7.78881 1.33338
      vertex 43 7.78881 -1.33338
      vertex 43 8 -1.35
    endloop
  endfacet
  facet normal 1 -0 0
    outer loop
      vertex 43 7.58283 1.28393
      vertex 43 7.78881 -1.33338
      vertex 43 7.78881 1.33338
    endloop
  endfacet
  facet normal 1 0 0
    outer loop
      vertex 43 7.58283 1.28393
      vertex 43 7.58283 -1.28393
      vertex 43 7.78881 -1.33338
    endloop
  endfacet
  facet normal 1 -0 0
    outer loop
      vertex 43 7.38711 1.20286
      vertex 43 7.58283 -1.28393
      vertex 43 7.58283 1.28393
    endloop
  endfacet
  facet normal 1 0 0
    outer loop
      vertex 43 7.38711 1.20286
      vertex 43 7.38711 -1.20286
      vertex 43 7.58283 -1.28393
    endloop
  endfacet
  facet normal 1 -0 0
    outer loop
      vertex 43 7.20649 1.09217
      vertex 43 7.38711 -1.20286
      vertex 43 7.38711 1.20286
    endloop
  endfacet
  facet normal 1 0 0
    outer loop
      vertex 43 7.20649 1.09217
      vertex 43 7.20649 -1.09217
      vertex 43 7.38711 -1.20286
    endloop
  endfacet
  facet normal 1 -0 0
    outer loop
      vertex 43 7.04541 0.954594
      vertex 43 7.20649 -1.09217
      vertex 43 7.20649 1.09217
    endloop
  endfacet
  facet normal 1 0 0
    outer loop
      vertex 43 7.04541 0.954594
      vertex 43 7.04541 -0.954594
      vertex 43 7.20649 -1.09217
    endloop
  endfacet
  facet normal 1 -0 0
    outer loop
      vertex 43 6.90783 0.793509
      vertex 43 7.04541 -0.954594
      vertex 43 7.04541 0.954594
    endloop
  endfacet
  facet normal 1 0 0
    outer loop
      vertex 43 6.90783 0.793509
      vertex 43 6.90783 -0.793509
      vertex 43 7.04541 -0.954594
    endloop
  endfacet
  facet normal 1 -0 0
    outer loop
      vertex 43 6.79714 0.612886
      vertex 43 6.90783 -0.793509
      vertex 43 6.90783 0.793509
    endloop
  endfacet
  facet normal 1 0 0
    outer loop
      vertex 43 6.79714 0.612886
      vertex 43 6.79714 -0.612886
      vertex 43 6.90783 -0.793509
    endloop
  endfacet
  facet normal 1 -0 0
    outer loop
      vertex 43 6.71607 0.417172
      vertex 43 6.79714 -0.612886
      vertex 43 6.79714 0.612886
    endloop
  endfacet
  facet normal 1 0 0
    outer loop
      vertex 43 6.71607 0.417172
      vertex 43 6.71607 -0.417172
      vertex 43 6.79714 -0.612886
    endloop
  endfacet
  facet normal 1 -0 0
    outer loop
      vertex 43 6.66662 0.211186
      vertex 43 6.71607 -0.417172
      vertex 43 6.71607 0.417172
    endloop
  endfacet
  facet normal 1 0 0
    outer loop
      vertex 43 6.66662 0.211186
      vertex 43 6.66662 -0.211186
      vertex 43 6.71607 -0.417172
    endloop
  endfacet
  facet normal 1 0 -0
    outer loop
      vertex 43 6.66662 -0.211186
      vertex 43 6.66662 0.211186
      vertex 43 6.65 0
    endloop
  endfacet
  facet normal 0 0.852632 0.522513
    outer loop
      vertex 43 9.20286 0.612886
      vertex 0 9.09217 0.793509
      vertex 43 9.09217 0.793509
    endloop
  endfacet
  facet normal 0 0.852632 0.522513
    outer loop
      vertex 0 9.09217 0.793509
      vertex 43 9.20286 0.612886
      vertex 0 9.20286 0.612886
    endloop
  endfacet
  facet normal 0 -0.0784543 0.996918
    outer loop
      vertex 0 8 1.35
      vertex 43 7.78881 1.33338
      vertex 43 8 1.35
    endloop
  endfacet
  facet normal 0 -0.0784543 0.996918
    outer loop
      vertex 43 7.78881 1.33338
      vertex 0 8 1.35
      vertex 0 7.78881 1.33338
    endloop
  endfacet
  facet normal 0 -0.852632 -0.522513
    outer loop
      vertex 0 6.90783 -0.793509
      vertex 43 6.79714 -0.612886
      vertex 0 6.79714 -0.612886
    endloop
  endfacet
  facet normal 0 -0.852632 -0.522513
    outer loop
      vertex 43 6.79714 -0.612886
      vertex 0 6.90783 -0.793509
      vertex 43 6.90783 -0.793509
    endloop
  endfacet
  facet normal 0 0.972373 0.233433
    outer loop
      vertex 43 9.33338 0.211186
      vertex 0 9.28393 0.417172
      vertex 43 9.28393 0.417172
    endloop
  endfacet
  facet normal 0 0.972373 0.233433
    outer loop
      vertex 0 9.28393 0.417172
      vertex 43 9.33338 0.211186
      vertex 0 9.33338 0.211186
    endloop
  endfacet
  facet normal 0 -0.522519 -0.852628
    outer loop
      vertex 0 7.20649 -1.09217
      vertex 43 7.38711 -1.20286
      vertex 43 7.20649 -1.09217
    endloop
  endfacet
  facet normal -0 -0.522519 -0.852628
    outer loop
      vertex 43 7.38711 -1.20286
      vertex 0 7.20649 -1.09217
      vertex 0 7.38711 -1.20286
    endloop
  endfacet
  facet normal 0 0.760405 -0.649449
    outer loop
      vertex 43 8.95459 -0.954594
      vertex 0 9.09217 -0.793509
      vertex 43 9.09217 -0.793509
    endloop
  endfacet
  facet normal 0 0.760405 -0.649449
    outer loop
      vertex 0 9.09217 -0.793509
      vertex 43 8.95459 -0.954594
      vertex 0 8.95459 -0.954594
    endloop
  endfacet
  facet normal 0 -0.760405 -0.649449
    outer loop
      vertex 0 7.04541 -0.954594
      vertex 43 6.90783 -0.793509
      vertex 0 6.90783 -0.793509
    endloop
  endfacet
  facet normal 0 -0.760405 -0.649449
    outer loop
      vertex 43 6.90783 -0.793509
      vertex 0 7.04541 -0.954594
      vertex 43 7.04541 -0.954594
    endloop
  endfacet
  facet normal 0 -0.852632 0.522513
    outer loop
      vertex 0 6.79714 0.612886
      vertex 43 6.90783 0.793509
      vertex 0 6.90783 0.793509
    endloop
  endfacet
  facet normal 0 -0.852632 0.522513
    outer loop
      vertex 43 6.90783 0.793509
      vertex 0 6.79714 0.612886
      vertex 43 6.79714 0.612886
    endloop
  endfacet
  facet normal 0 0.0784543 -0.996918
    outer loop
      vertex 0 8 -1.35
      vertex 43 8.21119 -1.33338
      vertex 43 8 -1.35
    endloop
  endfacet
  facet normal 0 0.0784543 -0.996918
    outer loop
      vertex 43 8.21119 -1.33338
      vertex 0 8 -1.35
      vertex 0 8.21119 -1.33338
    endloop
  endfacet
  facet normal 0 0.852632 -0.522513
    outer loop
      vertex 43 9.09217 -0.793509
      vertex 0 9.20286 -0.612886
      vertex 43 9.20286 -0.612886
    endloop
  endfacet
  facet normal 0 0.852632 -0.522513
    outer loop
      vertex 0 9.20286 -0.612886
      vertex 43 9.09217 -0.793509
      vertex 0 9.09217 -0.793509
    endloop
  endfacet
  facet normal 0 -0.923875 -0.382694
    outer loop
      vertex 0 6.79714 -0.612886
      vertex 43 6.71607 -0.417172
      vertex 0 6.71607 -0.417172
    endloop
  endfacet
  facet normal 0 -0.923875 -0.382694
    outer loop
      vertex 43 6.71607 -0.417172
      vertex 0 6.79714 -0.612886
      vertex 43 6.79714 -0.612886
    endloop
  endfacet
  facet normal 0 -0.64945 -0.760404
    outer loop
      vertex 0 7.04541 -0.954594
      vertex 43 7.20649 -1.09217
      vertex 43 7.04541 -0.954594
    endloop
  endfacet
  facet normal -0 -0.64945 -0.760404
    outer loop
      vertex 43 7.20649 -1.09217
      vertex 0 7.04541 -0.954594
      vertex 0 7.20649 -1.09217
    endloop
  endfacet
  facet normal 0 -0.0784543 -0.996918
    outer loop
      vertex 0 7.78881 -1.33338
      vertex 43 8 -1.35
      vertex 43 7.78881 -1.33338
    endloop
  endfacet
  facet normal -0 -0.0784543 -0.996918
    outer loop
      vertex 43 8 -1.35
      vertex 0 7.78881 -1.33338
      vertex 0 8 -1.35
    endloop
  endfacet
  facet normal 0 -0.233439 -0.972371
    outer loop
      vertex 0 7.58283 -1.28393
      vertex 43 7.78881 -1.33338
      vertex 43 7.58283 -1.28393
    endloop
  endfacet
  facet normal -0 -0.233439 -0.972371
    outer loop
      vertex 43 7.78881 -1.33338
      vertex 0 7.58283 -1.28393
      vertex 0 7.78881 -1.33338
    endloop
  endfacet
  facet normal -0 0.0784543 0.996918
    outer loop
      vertex 0 8.21119 1.33338
      vertex 43 8 1.35
      vertex 43 8.21119 1.33338
    endloop
  endfacet
  facet normal 0 0.0784543 0.996918
    outer loop
      vertex 43 8 1.35
      vertex 0 8.21119 1.33338
      vertex 0 8 1.35
    endloop
  endfacet
  facet normal 0 -0.996918 -0.0784558
    outer loop
      vertex 0 6.66662 -0.211186
      vertex 43 6.65 0
      vertex 0 6.65 0
    endloop
  endfacet
  facet normal 0 -0.996918 -0.0784558
    outer loop
      vertex 43 6.65 0
      vertex 0 6.66662 -0.211186
      vertex 43 6.66662 -0.211186
    endloop
  endfacet
  facet normal 0 0.64945 -0.760404
    outer loop
      vertex 0 8.79351 -1.09217
      vertex 43 8.95459 -0.954594
      vertex 43 8.79351 -1.09217
    endloop
  endfacet
  facet normal 0 0.64945 -0.760404
    outer loop
      vertex 43 8.95459 -0.954594
      vertex 0 8.79351 -1.09217
      vertex 0 8.95459 -0.954594
    endloop
  endfacet
  facet normal -0 0.64945 0.760404
    outer loop
      vertex 0 8.95459 0.954594
      vertex 43 8.79351 1.09217
      vertex 43 8.95459 0.954594
    endloop
  endfacet
  facet normal 0 0.64945 0.760404
    outer loop
      vertex 43 8.79351 1.09217
      vertex 0 8.95459 0.954594
      vertex 0 8.79351 1.09217
    endloop
  endfacet
  facet normal 0 0.923875 -0.382694
    outer loop
      vertex 43 9.20286 -0.612886
      vertex 0 9.28393 -0.417172
      vertex 43 9.28393 -0.417172
    endloop
  endfacet
  facet normal 0 0.923875 -0.382694
    outer loop
      vertex 0 9.28393 -0.417172
      vertex 43 9.20286 -0.612886
      vertex 0 9.20286 -0.612886
    endloop
  endfacet
  facet normal 0 -0.522519 0.852628
    outer loop
      vertex 0 7.38711 1.20286
      vertex 43 7.20649 1.09217
      vertex 43 7.38711 1.20286
    endloop
  endfacet
  facet normal 0 -0.522519 0.852628
    outer loop
      vertex 43 7.20649 1.09217
      vertex 0 7.38711 1.20286
      vertex 0 7.20649 1.09217
    endloop
  endfacet
  facet normal -0 0.233439 0.972371
    outer loop
      vertex 0 8.41717 1.28393
      vertex 43 8.21119 1.33338
      vertex 43 8.41717 1.28393
    endloop
  endfacet
  facet normal 0 0.233439 0.972371
    outer loop
      vertex 43 8.21119 1.33338
      vertex 0 8.41717 1.28393
      vertex 0 8.21119 1.33338
    endloop
  endfacet
  facet normal 0 0.522519 -0.852628
    outer loop
      vertex 0 8.61289 -1.20286
      vertex 43 8.79351 -1.09217
      vertex 43 8.61289 -1.20286
    endloop
  endfacet
  facet normal 0 0.522519 -0.852628
    outer loop
      vertex 43 8.79351 -1.09217
      vertex 0 8.61289 -1.20286
      vertex 0 8.79351 -1.09217
    endloop
  endfacet
  facet normal 0 0.760405 0.649449
    outer loop
      vertex 43 9.09217 0.793509
      vertex 0 8.95459 0.954594
      vertex 43 8.95459 0.954594
    endloop
  endfacet
  facet normal 0 0.760405 0.649449
    outer loop
      vertex 0 8.95459 0.954594
      vertex 43 9.09217 0.793509
      vertex 0 9.09217 0.793509
    endloop
  endfacet
  facet normal 0 0.972373 -0.233433
    outer loop
      vertex 43 9.28393 -0.417172
      vertex 0 9.33338 -0.211186
      vertex 43 9.33338 -0.211186
    endloop
  endfacet
  facet normal 0 0.972373 -0.233433
    outer loop
      vertex 0 9.33338 -0.211186
      vertex 43 9.28393 -0.417172
      vertex 0 9.28393 -0.417172
    endloop
  endfacet
  facet normal -0 0.522519 0.852628
    outer loop
      vertex 0 8.79351 1.09217
      vertex 43 8.61289 1.20286
      vertex 43 8.79351 1.09217
    endloop
  endfacet
  facet normal 0 0.522519 0.852628
    outer loop
      vertex 43 8.61289 1.20286
      vertex 0 8.79351 1.09217
      vertex 0 8.61289 1.20286
    endloop
  endfacet
  facet normal 0 -0.382684 -0.923879
    outer loop
      vertex 0 7.38711 -1.20286
      vertex 43 7.58283 -1.28393
      vertex 43 7.38711 -1.20286
    endloop
  endfacet
  facet normal -0 -0.382684 -0.923879
    outer loop
      vertex 43 7.58283 -1.28393
      vertex 0 7.38711 -1.20286
      vertex 0 7.58283 -1.28393
    endloop
  endfacet
  facet normal 0 -0.972373 -0.233433
    outer loop
      vertex 0 6.71607 -0.417172
      vertex 43 6.66662 -0.211186
      vertex 0 6.66662 -0.211186
    endloop
  endfacet
  facet normal 0 -0.972373 -0.233433
    outer loop
      vertex 43 6.66662 -0.211186
      vertex 0 6.71607 -0.417172
      vertex 43 6.71607 -0.417172
    endloop
  endfacet
  facet normal 0 0.923875 0.382694
    outer loop
      vertex 43 9.28393 0.417172
      vertex 0 9.20286 0.612886
      vertex 43 9.20286 0.612886
    endloop
  endfacet
  facet normal 0 0.923875 0.382694
    outer loop
      vertex 0 9.20286 0.612886
      vertex 43 9.28393 0.417172
      vertex 0 9.28393 0.417172
    endloop
  endfacet
  facet normal 0 0.382684 -0.923879
    outer loop
      vertex 0 8.41717 -1.28393
      vertex 43 8.61289 -1.20286
      vertex 43 8.41717 -1.28393
    endloop
  endfacet
  facet normal 0 0.382684 -0.923879
    outer loop
      vertex 43 8.61289 -1.20286
      vertex 0 8.41717 -1.28393
      vertex 0 8.61289 -1.20286
    endloop
  endfacet
  facet normal 0 -0.64945 0.760404
    outer loop
      vertex 0 7.20649 1.09217
      vertex 43 7.04541 0.954594
      vertex 43 7.20649 1.09217
    endloop
  endfacet
  facet normal 0 -0.64945 0.760404
    outer loop
      vertex 43 7.04541 0.954594
      vertex 0 7.20649 1.09217
      vertex 0 7.04541 0.954594
    endloop
  endfacet
  facet normal 0 -0.923875 0.382694
    outer loop
      vertex 0 6.71607 0.417172
      vertex 43 6.79714 0.612886
      vertex 0 6.79714 0.612886
    endloop
  endfacet
  facet normal 0 -0.923875 0.382694
    outer loop
      vertex 43 6.79714 0.612886
      vertex 0 6.71607 0.417172
      vertex 43 6.71607 0.417172
    endloop
  endfacet
  facet normal -0 0.382684 0.923879
    outer loop
      vertex 0 8.61289 1.20286
      vertex 43 8.41717 1.28393
      vertex 43 8.61289 1.20286
    endloop
  endfacet
  facet normal 0 0.382684 0.923879
    outer loop
      vertex 43 8.41717 1.28393
      vertex 0 8.61289 1.20286
      vertex 0 8.41717 1.28393
    endloop
  endfacet
  facet normal 0 -0.996918 0.0784558
    outer loop
      vertex 0 6.65 0
      vertex 43 6.66662 0.211186
      vertex 0 6.66662 0.211186
    endloop
  endfacet
  facet normal 0 -0.996918 0.0784558
    outer loop
      vertex 43 6.66662 0.211186
      vertex 0 6.65 0
      vertex 43 6.65 0
    endloop
  endfacet
  facet normal 1 0 0
    outer loop
      vertex 0 9.35 0
      vertex 0 10.5 0
      vertex 0 10.4692 0.391086
    endloop
  endfacet
  facet normal 1 0 0
    outer loop
      vertex 0 9.33338 0.211186
      vertex 0 10.4692 0.391086
      vertex 0 10.3776 0.772542
    endloop
  endfacet
  facet normal 1 0 0
    outer loop
      vertex 0 10.5 0
      vertex 0 9.35 0
      vertex 0 10.4692 -0.391086
    endloop
  endfacet
  facet normal 1 0 0
    outer loop
      vertex 0 9.28393 0.417172
      vertex 0 10.3776 0.772542
      vertex 0 10.2275 1.13498
    endloop
  endfacet
  facet normal 1 -0 0
    outer loop
      vertex 0 9.33338 -0.211186
      vertex 0 10.4692 -0.391086
      vertex 0 9.35 0
    endloop
  endfacet
  facet normal 1 0 0
    outer loop
      vertex 0 9.20286 0.612886
      vertex 0 10.2275 1.13498
      vertex 0 10.0225 1.46946
    endloop
  endfacet
  facet normal 1 0 0
    outer loop
      vertex 0 10.4692 -0.391086
      vertex 0 9.33338 -0.211186
      vertex 0 10.3776 -0.772542
    endloop
  endfacet
  facet normal 1 0 0
    outer loop
      vertex 0 9.09217 0.793509
      vertex 0 10.0225 1.46946
      vertex 0 9.76777 1.76777
    endloop
  endfacet
  facet normal 1 -0 0
    outer loop
      vertex 0 9.28393 -0.417172
      vertex 0 10.3776 -0.772542
      vertex 0 9.33338 -0.211186
    endloop
  endfacet
  facet normal 1 0 0
    outer loop
      vertex 0 8.95459 0.954594
      vertex 0 9.76777 1.76777
      vertex 0 9.46946 2.02254
    endloop
  endfacet
  facet normal 1 0 0
    outer loop
      vertex 0 10.3776 -0.772542
      vertex 0 9.28393 -0.417172
      vertex 0 10.2275 -1.13498
    endloop
  endfacet
  facet normal 1 -0 0
    outer loop
      vertex 0 9.20286 -0.612886
      vertex 0 10.2275 -1.13498
      vertex 0 9.28393 -0.417172
    endloop
  endfacet
  facet normal 1 0 0
    outer loop
      vertex 0 10.4692 0.391086
      vertex 0 9.33338 0.211186
      vertex 0 9.35 0
    endloop
  endfacet
  facet normal 1 0 0
    outer loop
      vertex 0 10.3776 0.772542
      vertex 0 9.28393 0.417172
      vertex 0 9.33338 0.211186
    endloop
  endfacet
  facet normal 1 0 0
    outer loop
      vertex 0 10.2275 1.13498
      vertex 0 9.20286 0.612886
      vertex 0 9.28393 0.417172
    endloop
  endfacet
  facet normal 1 0 0
    outer loop
      vertex 0 8.79351 1.09217
      vertex 0 9.46946 2.02254
      vertex 0 9.13498 2.22752
    endloop
  endfacet
  facet normal 1 0 0
    outer loop
      vertex 0 10.0225 1.46946
      vertex 0 9.09217 0.793509
      vertex 0 9.20286 0.612886
    endloop
  endfacet
  facet normal 1 0 0
    outer loop
      vertex 0 9.76777 1.76777
      vertex 0 8.95459 0.954594
      vertex 0 9.09217 0.793509
    endloop
  endfacet
  facet normal 1 0 0
    outer loop
      vertex 0 9.46946 2.02254
      vertex 0 8.79351 1.09217
      vertex 0 8.95459 0.954594
    endloop
  endfacet
  facet normal 1 0 0
    outer loop
      vertex 0 8.61289 1.20286
      vertex 0 9.13498 2.22752
      vertex 0 8.77254 2.37764
    endloop
  endfacet
  facet normal 1 0 0
    outer loop
      vertex 0 9.13498 2.22752
      vertex 0 8.61289 1.20286
      vertex 0 8.79351 1.09217
    endloop
  endfacet
  facet normal 1 0 0
    outer loop
      vertex 0 8.77254 2.37764
      vertex 0 8.41717 1.28393
      vertex 0 8.61289 1.20286
    endloop
  endfacet
  facet normal 1 0 0
    outer loop
      vertex 0 8.39109 2.46922
      vertex 0 8.41717 1.28393
      vertex 0 8.77254 2.37764
    endloop
  endfacet
  facet normal 1 0 0
    outer loop
      vertex 0 8.39109 2.46922
      vertex 0 8.21119 1.33338
      vertex 0 8.41717 1.28393
    endloop
  endfacet
  facet normal 1 0 0
    outer loop
      vertex 0 8 2.5
      vertex 0 8.21119 1.33338
      vertex 0 8.39109 2.46922
    endloop
  endfacet
  facet normal 1 0 0
    outer loop
      vertex 0 8 2.5
      vertex 0 8 1.35
      vertex 0 8.21119 1.33338
    endloop
  endfacet
  facet normal 1 0 0
    outer loop
      vertex 0 8 2.5
      vertex 0 7.78881 1.33338
      vertex 0 8 1.35
    endloop
  endfacet
  facet normal 1 -0 0
    outer loop
      vertex 0 7.60891 2.46922
      vertex 0 7.78881 1.33338
      vertex 0 8 2.5
    endloop
  endfacet
  facet normal 1 0 0
    outer loop
      vertex 0 7.60891 2.46922
      vertex 0 7.58283 1.28393
      vertex 0 7.78881 1.33338
    endloop
  endfacet
  facet normal 1 -0 0
    outer loop
      vertex 0 7.22746 2.37764
      vertex 0 7.58283 1.28393
      vertex 0 7.60891 2.46922
    endloop
  endfacet
  facet normal 1 0 0
    outer loop
      vertex 0 7.58283 1.28393
      vertex 0 7.22746 2.37764
      vertex 0 7.38711 1.20286
    endloop
  endfacet
  facet normal 1 -0 0
    outer loop
      vertex 0 6.86502 2.22752
      vertex 0 7.38711 1.20286
      vertex 0 7.22746 2.37764
    endloop
  endfacet
  facet normal 1 0 0
    outer loop
      vertex 0 7.38711 1.20286
      vertex 0 6.86502 2.22752
      vertex 0 7.20649 1.09217
    endloop
  endfacet
  facet normal 1 -0 0
    outer loop
      vertex 0 6.53054 2.02254
      vertex 0 7.20649 1.09217
      vertex 0 6.86502 2.22752
    endloop
  endfacet
  facet normal 1 0 0
    outer loop
      vertex 0 7.20649 1.09217
      vertex 0 6.53054 2.02254
      vertex 0 7.04541 0.954594
    endloop
  endfacet
  facet normal 1 -0 0
    outer loop
      vertex 0 6.23223 1.76777
      vertex 0 7.04541 0.954594
      vertex 0 6.53054 2.02254
    endloop
  endfacet
  facet normal 1 0 0
    outer loop
      vertex 0 7.04541 0.954594
      vertex 0 6.23223 1.76777
      vertex 0 6.90783 0.793509
    endloop
  endfacet
  facet normal 1 -0 0
    outer loop
      vertex 0 5.97746 1.46946
      vertex 0 6.90783 0.793509
      vertex 0 6.23223 1.76777
    endloop
  endfacet
  facet normal 1 -0 0
    outer loop
      vertex 0 5.77248 1.13498
      vertex 0 6.79714 0.612886
      vertex 0 5.97746 1.46946
    endloop
  endfacet
  facet normal 1 0 0
    outer loop
      vertex 0 6.90783 0.793509
      vertex 0 5.97746 1.46946
      vertex 0 6.79714 0.612886
    endloop
  endfacet
  facet normal 1 0 0
    outer loop
      vertex 0 10.2275 -1.13498
      vertex 0 9.20286 -0.612886
      vertex 0 10.0225 -1.46946
    endloop
  endfacet
  facet normal 1 -0 0
    outer loop
      vertex 0 9.09217 -0.793509
      vertex 0 10.0225 -1.46946
      vertex 0 9.20286 -0.612886
    endloop
  endfacet
  facet normal 1 0 0
    outer loop
      vertex 0 10.0225 -1.46946
      vertex 0 9.09217 -0.793509
      vertex 0 9.76777 -1.76777
    endloop
  endfacet
  facet normal 1 -0 0
    outer loop
      vertex 0 8.95459 -0.954594
      vertex 0 9.76777 -1.76777
      vertex 0 9.09217 -0.793509
    endloop
  endfacet
  facet normal 1 0 0
    outer loop
      vertex 0 9.76777 -1.76777
      vertex 0 8.95459 -0.954594
      vertex 0 9.46946 -2.02254
    endloop
  endfacet
  facet normal 1 -0 0
    outer loop
      vertex 0 8.79351 -1.09217
      vertex 0 9.46946 -2.02254
      vertex 0 8.95459 -0.954594
    endloop
  endfacet
  facet normal 1 0 0
    outer loop
      vertex 0 9.46946 -2.02254
      vertex 0 8.79351 -1.09217
      vertex 0 9.13498 -2.22752
    endloop
  endfacet
  facet normal 1 -0 0
    outer loop
      vertex 0 8.61289 -1.20286
      vertex 0 9.13498 -2.22752
      vertex 0 8.79351 -1.09217
    endloop
  endfacet
  facet normal 1 0 0
    outer loop
      vertex 0 9.13498 -2.22752
      vertex 0 8.61289 -1.20286
      vertex 0 8.77254 -2.37764
    endloop
  endfacet
  facet normal 1 -0 0
    outer loop
      vertex 0 8.41717 -1.28393
      vertex 0 8.77254 -2.37764
      vertex 0 8.61289 -1.20286
    endloop
  endfacet
  facet normal 1 0 0
    outer loop
      vertex 0 8.41717 -1.28393
      vertex 0 8.39109 -2.46922
      vertex 0 8.77254 -2.37764
    endloop
  endfacet
  facet normal 1 -0 0
    outer loop
      vertex 0 8.21119 -1.33338
      vertex 0 8.39109 -2.46922
      vertex 0 8.41717 -1.28393
    endloop
  endfacet
  facet normal 1 -0 0
    outer loop
      vertex 0 8 -1.35
      vertex 0 8.39109 -2.46922
      vertex 0 8.21119 -1.33338
    endloop
  endfacet
  facet normal 1 0 0
    outer loop
      vertex 0 8 -1.35
      vertex 0 8 -2.5
      vertex 0 8.39109 -2.46922
    endloop
  endfacet
  facet normal 1 0 0
    outer loop
      vertex 0 7.78881 -1.33338
      vertex 0 8 -2.5
      vertex 0 8 -1.35
    endloop
  endfacet
  facet normal 1 0 0
    outer loop
      vertex 0 7.78881 -1.33338
      vertex 0 7.60891 -2.46922
      vertex 0 8 -2.5
    endloop
  endfacet
  facet normal 1 0 0
    outer loop
      vertex 0 7.58283 -1.28393
      vertex 0 7.60891 -2.46922
      vertex 0 7.78881 -1.33338
    endloop
  endfacet
  facet normal 1 0 0
    outer loop
      vertex 0 7.22746 -2.37764
      vertex 0 7.58283 -1.28393
      vertex 0 7.38711 -1.20286
    endloop
  endfacet
  facet normal 1 0 0
    outer loop
      vertex 0 7.58283 -1.28393
      vertex 0 7.22746 -2.37764
      vertex 0 7.60891 -2.46922
    endloop
  endfacet
  facet normal 1 0 0
    outer loop
      vertex 0 6.86502 -2.22752
      vertex 0 7.38711 -1.20286
      vertex 0 7.20649 -1.09217
    endloop
  endfacet
  facet normal 1 0 0
    outer loop
      vertex 0 6.53054 -2.02254
      vertex 0 7.20649 -1.09217
      vertex 0 7.04541 -0.954594
    endloop
  endfacet
  facet normal 1 0 0
    outer loop
      vertex 0 6.23223 -1.76777
      vertex 0 7.04541 -0.954594
      vertex 0 6.90783 -0.793509
    endloop
  endfacet
  facet normal 1 0 0
    outer loop
      vertex 0 7.38711 -1.20286
      vertex 0 6.86502 -2.22752
      vertex 0 7.22746 -2.37764
    endloop
  endfacet
  facet normal 1 0 0
    outer loop
      vertex 0 5.97746 -1.46946
      vertex 0 6.90783 -0.793509
      vertex 0 6.79714 -0.612886
    endloop
  endfacet
  facet normal 1 0 0
    outer loop
      vertex 0 5.77248 -1.13498
      vertex 0 6.79714 -0.612886
      vertex 0 6.71607 -0.417172
    endloop
  endfacet
  facet normal 1 0 0
    outer loop
      vertex 0 5.62236 -0.772542
      vertex 0 6.71607 -0.417172
      vertex 0 6.66662 -0.211186
    endloop
  endfacet
  facet normal 1 0 0
    outer loop
      vertex 0 7.20649 -1.09217
      vertex 0 6.53054 -2.02254
      vertex 0 6.86502 -2.22752
    endloop
  endfacet
  facet normal 1 0 0
    outer loop
      vertex 0 5.53078 -0.391086
      vertex 0 6.66662 -0.211186
      vertex 0 6.65 0
    endloop
  endfacet
  facet normal 1 0 0
    outer loop
      vertex 0 6.79714 0.612886
      vertex 0 5.77248 1.13498
      vertex 0 6.71607 0.417172
    endloop
  endfacet
  facet normal 1 -0 0
    outer loop
      vertex 0 5.62236 0.772542
      vertex 0 6.71607 0.417172
      vertex 0 5.77248 1.13498
    endloop
  endfacet
  facet normal 1 0 0
    outer loop
      vertex 0 7.04541 -0.954594
      vertex 0 6.23223 -1.76777
      vertex 0 6.53054 -2.02254
    endloop
  endfacet
  facet normal 1 0 0
    outer loop
      vertex 0 6.71607 0.417172
      vertex 0 5.62236 0.772542
      vertex 0 6.66662 0.211186
    endloop
  endfacet
  facet normal 1 0 0
    outer loop
      vertex 0 6.90783 -0.793509
      vertex 0 5.97746 -1.46946
      vertex 0 6.23223 -1.76777
    endloop
  endfacet
  facet normal 1 -0 0
    outer loop
      vertex 0 5.53078 0.391086
      vertex 0 6.66662 0.211186
      vertex 0 5.62236 0.772542
    endloop
  endfacet
  facet normal 1 0 0
    outer loop
      vertex 0 6.79714 -0.612886
      vertex 0 5.77248 -1.13498
      vertex 0 5.97746 -1.46946
    endloop
  endfacet
  facet normal 1 0 0
    outer loop
      vertex 0 6.66662 0.211186
      vertex 0 5.53078 0.391086
      vertex 0 6.65 0
    endloop
  endfacet
  facet normal 1 0 0
    outer loop
      vertex 0 6.71607 -0.417172
      vertex 0 5.62236 -0.772542
      vertex 0 5.77248 -1.13498
    endloop
  endfacet
  facet normal 1 0 0
    outer loop
      vertex 0 5.5 0
      vertex 0 6.65 0
      vertex 0 5.53078 0.391086
    endloop
  endfacet
  facet normal 1 0 0
    outer loop
      vertex 0 6.66662 -0.211186
      vertex 0 5.53078 -0.391086
      vertex 0 5.62236 -0.772542
    endloop
  endfacet
  facet normal 1 0 0
    outer loop
      vertex 0 6.65 0
      vertex 0 5.5 0
      vertex 0 5.53078 -0.391086
    endloop
  endfacet
  facet normal 0 0.996918 -0.0784558
    outer loop
      vertex 43 9.33338 -0.211186
      vertex 0 9.35 0
      vertex 43 9.35 0
    endloop
  endfacet
  facet normal 0 0.996918 -0.0784558
    outer loop
      vertex 0 9.35 0
      vertex 43 9.33338 -0.211186
      vertex 0 9.33338 -0.211186
    endloop
  endfacet
  facet normal 0 0.996918 0.0784558
    outer loop
      vertex 43 9.35 0
      vertex 0 9.33338 0.211186
      vertex 43 9.33338 0.211186
    endloop
  endfacet
  facet normal 0 0.996918 0.0784558
    outer loop
      vertex 0 9.33338 0.211186
      vertex 43 9.35 0
      vertex 0 9.35 0
    endloop
  endfacet
  facet normal 0 -0.382684 0.923879
    outer loop
      vertex 0 7.58283 1.28393
      vertex 43 7.38711 1.20286
      vertex 43 7.58283 1.28393
    endloop
  endfacet
  facet normal 0 -0.382684 0.923879
    outer loop
      vertex 43 7.38711 1.20286
      vertex 0 7.58283 1.28393
      vertex 0 7.38711 1.20286
    endloop
  endfacet
  facet normal 0 -0.23345 0.972369
    outer loop
      vertex -1.8 7.60891 2.46922
      vertex 0 7.22746 2.37764
      vertex 0 7.60891 2.46922
    endloop
  endfacet
  facet normal 0 -0.23345 0.972369
    outer loop
      vertex 0 7.22746 2.37764
      vertex -1.8 7.60891 2.46922
      vertex -1.8 7.22746 2.37764
    endloop
  endfacet
  facet normal 0 0.23345 -0.972369
    outer loop
      vertex -1.8 8.39109 -2.46922
      vertex 0 8.77254 -2.37764
      vertex 0 8.39109 -2.46922
    endloop
  endfacet
  facet normal 0 0.23345 -0.972369
    outer loop
      vertex 0 8.77254 -2.37764
      vertex -1.8 8.39109 -2.46922
      vertex -1.8 8.77254 -2.37764
    endloop
  endfacet
  facet normal 0 0.0784605 -0.996917
    outer loop
      vertex -1.8 8 -2.5
      vertex 0 8.39109 -2.46922
      vertex 0 8 -2.5
    endloop
  endfacet
  facet normal 0 0.0784605 -0.996917
    outer loop
      vertex 0 8.39109 -2.46922
      vertex -1.8 8 -2.5
      vertex -1.8 8.39109 -2.46922
    endloop
  endfacet
  facet normal 0 0.382667 -0.923886
    outer loop
      vertex -1.8 8.77254 -2.37764
      vertex 0 9.13498 -2.22752
      vertex 0 8.77254 -2.37764
    endloop
  endfacet
  facet normal 0 0.382667 -0.923886
    outer loop
      vertex 0 9.13498 -2.22752
      vertex -1.8 8.77254 -2.37764
      vertex -1.8 9.13498 -2.22752
    endloop
  endfacet
  facet normal 0 -0.923886 -0.382669
    outer loop
      vertex -1.8 5.77248 -1.13498
      vertex 0 5.62236 -0.772542
      vertex -1.8 5.62236 -0.772542
    endloop
  endfacet
  facet normal 0 -0.923886 -0.382669
    outer loop
      vertex 0 5.62236 -0.772542
      vertex -1.8 5.77248 -1.13498
      vertex 0 5.77248 -1.13498
    endloop
  endfacet
  facet normal 0 -0.522518 -0.852628
    outer loop
      vertex -1.8 6.53054 -2.02254
      vertex 0 6.86502 -2.22752
      vertex 0 6.53054 -2.02254
    endloop
  endfacet
  facet normal -0 -0.522518 -0.852628
    outer loop
      vertex 0 6.86502 -2.22752
      vertex -1.8 6.53054 -2.02254
      vertex -1.8 6.86502 -2.22752
    endloop
  endfacet
  facet normal 0 0.76047 0.649373
    outer loop
      vertex 0 10.0225 1.46946
      vertex -1.8 9.76777 1.76777
      vertex 0 9.76777 1.76777
    endloop
  endfacet
  facet normal 0 0.76047 0.649373
    outer loop
      vertex -1.8 9.76777 1.76777
      vertex 0 10.0225 1.46946
      vertex -1.8 10.0225 1.46946
    endloop
  endfacet
  facet normal 0 0.923904 0.382625
    outer loop
      vertex 0 10.3776 0.772542
      vertex -1.8 10.2275 1.13498
      vertex 0 10.2275 1.13498
    endloop
  endfacet
  facet normal 0 0.923904 0.382625
    outer loop
      vertex -1.8 10.2275 1.13498
      vertex 0 10.3776 0.772542
      vertex -1.8 10.3776 0.772542
    endloop
  endfacet
  facet normal 0 -0.649432 -0.76042
    outer loop
      vertex -1.8 6.23223 -1.76777
      vertex 0 6.53054 -2.02254
      vertex 0 6.23223 -1.76777
    endloop
  endfacet
  facet normal -0 -0.649432 -0.76042
    outer loop
      vertex 0 6.53054 -2.02254
      vertex -1.8 6.23223 -1.76777
      vertex -1.8 6.53054 -2.02254
    endloop
  endfacet
  facet normal 0 -0.0784605 -0.996917
    outer loop
      vertex -1.8 7.60891 -2.46922
      vertex 0 8 -2.5
      vertex 0 7.60891 -2.46922
    endloop
  endfacet
  facet normal -0 -0.0784605 -0.996917
    outer loop
      vertex 0 8 -2.5
      vertex -1.8 7.60891 -2.46922
      vertex -1.8 8 -2.5
    endloop
  endfacet
  facet normal 0 -0.382667 -0.923886
    outer loop
      vertex -1.8 6.86502 -2.22752
      vertex 0 7.22746 -2.37764
      vertex 0 6.86502 -2.22752
    endloop
  endfacet
  facet normal -0 -0.382667 -0.923886
    outer loop
      vertex 0 7.22746 -2.37764
      vertex -1.8 6.86502 -2.22752
      vertex -1.8 7.22746 -2.37764
    endloop
  endfacet
  facet normal 0 -0.382667 0.923886
    outer loop
      vertex -1.8 7.22746 2.37764
      vertex 0 6.86502 2.22752
      vertex 0 7.22746 2.37764
    endloop
  endfacet
  facet normal 0 -0.382667 0.923886
    outer loop
      vertex 0 6.86502 2.22752
      vertex -1.8 7.22746 2.37764
      vertex -1.8 6.86502 2.22752
    endloop
  endfacet
  facet normal -0 0.0784605 0.996917
    outer loop
      vertex -1.8 8.39109 2.46922
      vertex 0 8 2.5
      vertex 0 8.39109 2.46922
    endloop
  endfacet
  facet normal 0 0.0784605 0.996917
    outer loop
      vertex 0 8 2.5
      vertex -1.8 8.39109 2.46922
      vertex -1.8 8 2.5
    endloop
  endfacet
  facet normal -0 0.23345 0.972369
    outer loop
      vertex -1.8 8.77254 2.37764
      vertex 0 8.39109 2.46922
      vertex 0 8.77254 2.37764
    endloop
  endfacet
  facet normal 0 0.23345 0.972369
    outer loop
      vertex 0 8.39109 2.46922
      vertex -1.8 8.77254 2.37764
      vertex -1.8 8.39109 2.46922
    endloop
  endfacet
  facet normal 0 0.972358 -0.233495
    outer loop
      vertex 0 10.3776 -0.772542
      vertex -1.8 10.4692 -0.391086
      vertex 0 10.4692 -0.391086
    endloop
  endfacet
  facet normal 0 0.972358 -0.233495
    outer loop
      vertex -1.8 10.4692 -0.391086
      vertex 0 10.3776 -0.772542
      vertex -1.8 10.3776 -0.772542
    endloop
  endfacet
  facet normal 0 0.996913 0.078512
    outer loop
      vertex 0 10.5 0
      vertex -1.8 10.4692 0.391086
      vertex 0 10.4692 0.391086
    endloop
  endfacet
  facet normal 0 0.996913 0.078512
    outer loop
      vertex -1.8 10.4692 0.391086
      vertex 0 10.5 0
      vertex -1.8 10.5 0
    endloop
  endfacet
  facet normal 0 -0.649432 0.76042
    outer loop
      vertex -1.8 6.53054 2.02254
      vertex 0 6.23223 1.76777
      vertex 0 6.53054 2.02254
    endloop
  endfacet
  facet normal 0 -0.649432 0.76042
    outer loop
      vertex 0 6.23223 1.76777
      vertex -1.8 6.53054 2.02254
      vertex -1.8 6.23223 1.76777
    endloop
  endfacet
  facet normal 0 -0.97237 0.233447
    outer loop
      vertex -1.8 5.53078 0.391086
      vertex 0 5.62236 0.772542
      vertex -1.8 5.62236 0.772542
    endloop
  endfacet
  facet normal 0 -0.97237 0.233447
    outer loop
      vertex 0 5.62236 0.772542
      vertex -1.8 5.53078 0.391086
      vertex 0 5.53078 0.391086
    endloop
  endfacet
  facet normal 0 -0.76042 0.649432
    outer loop
      vertex -1.8 5.97746 1.46946
      vertex 0 6.23223 1.76777
      vertex -1.8 6.23223 1.76777
    endloop
  endfacet
  facet normal 0 -0.76042 0.649432
    outer loop
      vertex 0 6.23223 1.76777
      vertex -1.8 5.97746 1.46946
      vertex 0 5.97746 1.46946
    endloop
  endfacet
  facet normal 0 0.522518 -0.852628
    outer loop
      vertex -1.8 9.13498 -2.22752
      vertex 0 9.46946 -2.02254
      vertex 0 9.13498 -2.22752
    endloop
  endfacet
  facet normal 0 0.522518 -0.852628
    outer loop
      vertex 0 9.46946 -2.02254
      vertex -1.8 9.13498 -2.22752
      vertex -1.8 9.46946 -2.02254
    endloop
  endfacet
  facet normal -0 0.382667 0.923886
    outer loop
      vertex -1.8 9.13498 2.22752
      vertex 0 8.77254 2.37764
      vertex 0 9.13498 2.22752
    endloop
  endfacet
  facet normal 0 0.382667 0.923886
    outer loop
      vertex 0 8.77254 2.37764
      vertex -1.8 9.13498 2.22752
      vertex -1.8 8.77254 2.37764
    endloop
  endfacet
  facet normal 0 0.852606 0.522555
    outer loop
      vertex 0 10.2275 1.13498
      vertex -1.8 10.0225 1.46946
      vertex 0 10.0225 1.46946
    endloop
  endfacet
  facet normal 0 0.852606 0.522555
    outer loop
      vertex -1.8 10.0225 1.46946
      vertex 0 10.2275 1.13498
      vertex -1.8 10.2275 1.13498
    endloop
  endfacet
  facet normal 0 -0.996917 0.0784613
    outer loop
      vertex -1.8 5.5 0
      vertex 0 5.53078 0.391086
      vertex -1.8 5.53078 0.391086
    endloop
  endfacet
  facet normal 0 -0.996917 0.0784613
    outer loop
      vertex 0 5.53078 0.391086
      vertex -1.8 5.5 0
      vertex 0 5.5 0
    endloop
  endfacet
  facet normal 0 0.852606 -0.522555
    outer loop
      vertex 0 10.0225 -1.46946
      vertex -1.8 10.2275 -1.13498
      vertex 0 10.2275 -1.13498
    endloop
  endfacet
  facet normal 0 0.852606 -0.522555
    outer loop
      vertex -1.8 10.2275 -1.13498
      vertex 0 10.0225 -1.46946
      vertex -1.8 10.0225 -1.46946
    endloop
  endfacet
  facet normal 0 -0.852628 -0.522518
    outer loop
      vertex -1.8 5.97746 -1.46946
      vertex 0 5.77248 -1.13498
      vertex -1.8 5.77248 -1.13498
    endloop
  endfacet
  facet normal 0 -0.852628 -0.522518
    outer loop
      vertex 0 5.77248 -1.13498
      vertex -1.8 5.97746 -1.46946
      vertex 0 5.97746 -1.46946
    endloop
  endfacet
  facet normal -0 0.649432 0.76042
    outer loop
      vertex -1.8 9.76777 1.76777
      vertex 0 9.46946 2.02254
      vertex 0 9.76777 1.76777
    endloop
  endfacet
  facet normal 0 0.649432 0.76042
    outer loop
      vertex 0 9.46946 2.02254
      vertex -1.8 9.76777 1.76777
      vertex -1.8 9.46946 2.02254
    endloop
  endfacet
  facet normal 0 0.972358 0.233495
    outer loop
      vertex 0 10.4692 0.391086
      vertex -1.8 10.3776 0.772542
      vertex 0 10.3776 0.772542
    endloop
  endfacet
  facet normal 0 0.972358 0.233495
    outer loop
      vertex -1.8 10.3776 0.772542
      vertex 0 10.4692 0.391086
      vertex -1.8 10.4692 0.391086
    endloop
  endfacet
  facet normal -1 0 0
    outer loop
      vertex -1.8 10.4692 -0.391086
      vertex -1.8 10.4692 0.391086
      vertex -1.8 10.5 0
    endloop
  endfacet
  facet normal -1 0 0
    outer loop
      vertex -1.8 10.3776 -0.772542
      vertex -1.8 10.4692 0.391086
      vertex -1.8 10.4692 -0.391086
    endloop
  endfacet
  facet normal -1 0 0
    outer loop
      vertex -1.8 10.3776 -0.772542
      vertex -1.8 10.3776 0.772542
      vertex -1.8 10.4692 0.391086
    endloop
  endfacet
  facet normal -1 0 0
    outer loop
      vertex -1.8 10.2275 -1.13498
      vertex -1.8 10.3776 0.772542
      vertex -1.8 10.3776 -0.772542
    endloop
  endfacet
  facet normal -1 0 0
    outer loop
      vertex -1.8 10.2275 -1.13498
      vertex -1.8 10.2275 1.13498
      vertex -1.8 10.3776 0.772542
    endloop
  endfacet
  facet normal -1 0 0
    outer loop
      vertex -1.8 10.0225 -1.46946
      vertex -1.8 10.2275 1.13498
      vertex -1.8 10.2275 -1.13498
    endloop
  endfacet
  facet normal -1 0 0
    outer loop
      vertex -1.8 10.0225 -1.46946
      vertex -1.8 10.0225 1.46946
      vertex -1.8 10.2275 1.13498
    endloop
  endfacet
  facet normal -1 0 0
    outer loop
      vertex -1.8 9.76777 -1.76777
      vertex -1.8 10.0225 1.46946
      vertex -1.8 10.0225 -1.46946
    endloop
  endfacet
  facet normal -1 0 0
    outer loop
      vertex -1.8 9.76777 -1.76777
      vertex -1.8 9.76777 1.76777
      vertex -1.8 10.0225 1.46946
    endloop
  endfacet
  facet normal -1 0 0
    outer loop
      vertex -1.8 9.46946 -2.02254
      vertex -1.8 9.76777 1.76777
      vertex -1.8 9.76777 -1.76777
    endloop
  endfacet
  facet normal -1 0 0
    outer loop
      vertex -1.8 9.46946 -2.02254
      vertex -1.8 9.46946 2.02254
      vertex -1.8 9.76777 1.76777
    endloop
  endfacet
  facet normal -1 0 0
    outer loop
      vertex -1.8 9.13498 -2.22752
      vertex -1.8 9.46946 2.02254
      vertex -1.8 9.46946 -2.02254
    endloop
  endfacet
  facet normal -1 0 0
    outer loop
      vertex -1.8 9.13498 -2.22752
      vertex -1.8 9.13498 2.22752
      vertex -1.8 9.46946 2.02254
    endloop
  endfacet
  facet normal -1 0 0
    outer loop
      vertex -1.8 8.77254 -2.37764
      vertex -1.8 9.13498 2.22752
      vertex -1.8 9.13498 -2.22752
    endloop
  endfacet
  facet normal -1 0 0
    outer loop
      vertex -1.8 8.77254 -2.37764
      vertex -1.8 8.77254 2.37764
      vertex -1.8 9.13498 2.22752
    endloop
  endfacet
  facet normal -1 0 0
    outer loop
      vertex -1.8 8.39109 -2.46922
      vertex -1.8 8.77254 2.37764
      vertex -1.8 8.77254 -2.37764
    endloop
  endfacet
  facet normal -1 0 0
    outer loop
      vertex -1.8 8.39109 -2.46922
      vertex -1.8 8.39109 2.46922
      vertex -1.8 8.77254 2.37764
    endloop
  endfacet
  facet normal -1 0 0
    outer loop
      vertex -1.8 8 -2.5
      vertex -1.8 8.39109 2.46922
      vertex -1.8 8.39109 -2.46922
    endloop
  endfacet
  facet normal -1 0 0
    outer loop
      vertex -1.8 8 -2.5
      vertex -1.8 8 2.5
      vertex -1.8 8.39109 2.46922
    endloop
  endfacet
  facet normal -1 0 0
    outer loop
      vertex -1.8 7.60891 -2.46922
      vertex -1.8 8 2.5
      vertex -1.8 8 -2.5
    endloop
  endfacet
  facet normal -1 0 0
    outer loop
      vertex -1.8 7.60891 -2.46922
      vertex -1.8 7.60891 2.46922
      vertex -1.8 8 2.5
    endloop
  endfacet
  facet normal -1 0 0
    outer loop
      vertex -1.8 7.22746 -2.37764
      vertex -1.8 7.60891 2.46922
      vertex -1.8 7.60891 -2.46922
    endloop
  endfacet
  facet normal -1 0 0
    outer loop
      vertex -1.8 7.22746 -2.37764
      vertex -1.8 7.22746 2.37764
      vertex -1.8 7.60891 2.46922
    endloop
  endfacet
  facet normal -1 0 0
    outer loop
      vertex -1.8 6.86502 -2.22752
      vertex -1.8 7.22746 2.37764
      vertex -1.8 7.22746 -2.37764
    endloop
  endfacet
  facet normal -1 0 0
    outer loop
      vertex -1.8 6.86502 -2.22752
      vertex -1.8 6.86502 2.22752
      vertex -1.8 7.22746 2.37764
    endloop
  endfacet
  facet normal -1 0 0
    outer loop
      vertex -1.8 6.53054 -2.02254
      vertex -1.8 6.86502 2.22752
      vertex -1.8 6.86502 -2.22752
    endloop
  endfacet
  facet normal -1 0 0
    outer loop
      vertex -1.8 6.53054 -2.02254
      vertex -1.8 6.53054 2.02254
      vertex -1.8 6.86502 2.22752
    endloop
  endfacet
  facet normal -1 0 0
    outer loop
      vertex -1.8 6.23223 -1.76777
      vertex -1.8 6.53054 2.02254
      vertex -1.8 6.53054 -2.02254
    endloop
  endfacet
  facet normal -1 0 0
    outer loop
      vertex -1.8 6.23223 -1.76777
      vertex -1.8 6.23223 1.76777
      vertex -1.8 6.53054 2.02254
    endloop
  endfacet
  facet normal -1 0 0
    outer loop
      vertex -1.8 5.97746 -1.46946
      vertex -1.8 6.23223 1.76777
      vertex -1.8 6.23223 -1.76777
    endloop
  endfacet
  facet normal -1 0 0
    outer loop
      vertex -1.8 5.97746 -1.46946
      vertex -1.8 5.97746 1.46946
      vertex -1.8 6.23223 1.76777
    endloop
  endfacet
  facet normal -1 0 0
    outer loop
      vertex -1.8 5.77248 -1.13498
      vertex -1.8 5.97746 1.46946
      vertex -1.8 5.97746 -1.46946
    endloop
  endfacet
  facet normal -1 0 0
    outer loop
      vertex -1.8 5.77248 -1.13498
      vertex -1.8 5.77248 1.13498
      vertex -1.8 5.97746 1.46946
    endloop
  endfacet
  facet normal -1 0 0
    outer loop
      vertex -1.8 5.62236 -0.772542
      vertex -1.8 5.77248 1.13498
      vertex -1.8 5.77248 -1.13498
    endloop
  endfacet
  facet normal -1 0 0
    outer loop
      vertex -1.8 5.62236 -0.772542
      vertex -1.8 5.62236 0.772542
      vertex -1.8 5.77248 1.13498
    endloop
  endfacet
  facet normal -1 0 0
    outer loop
      vertex -1.8 5.53078 -0.391086
      vertex -1.8 5.62236 0.772542
      vertex -1.8 5.62236 -0.772542
    endloop
  endfacet
  facet normal -1 0 0
    outer loop
      vertex -1.8 5.53078 -0.391086
      vertex -1.8 5.53078 0.391086
      vertex -1.8 5.62236 0.772542
    endloop
  endfacet
  facet normal -1 0 -0
    outer loop
      vertex -1.8 5.53078 0.391086
      vertex -1.8 5.53078 -0.391086
      vertex -1.8 5.5 0
    endloop
  endfacet
  facet normal 0 -0.852628 0.522518
    outer loop
      vertex -1.8 5.77248 1.13498
      vertex 0 5.97746 1.46946
      vertex -1.8 5.97746 1.46946
    endloop
  endfacet
  facet normal 0 -0.852628 0.522518
    outer loop
      vertex 0 5.97746 1.46946
      vertex -1.8 5.77248 1.13498
      vertex 0 5.77248 1.13498
    endloop
  endfacet
  facet normal 0 0.649432 -0.76042
    outer loop
      vertex -1.8 9.46946 -2.02254
      vertex 0 9.76777 -1.76777
      vertex 0 9.46946 -2.02254
    endloop
  endfacet
  facet normal 0 0.649432 -0.76042
    outer loop
      vertex 0 9.76777 -1.76777
      vertex -1.8 9.46946 -2.02254
      vertex -1.8 9.76777 -1.76777
    endloop
  endfacet
  facet normal 0 0.76047 -0.649373
    outer loop
      vertex 0 9.76777 -1.76777
      vertex -1.8 10.0225 -1.46946
      vertex 0 10.0225 -1.46946
    endloop
  endfacet
  facet normal 0 0.76047 -0.649373
    outer loop
      vertex -1.8 10.0225 -1.46946
      vertex 0 9.76777 -1.76777
      vertex -1.8 9.76777 -1.76777
    endloop
  endfacet
  facet normal 0 -0.996917 -0.0784613
    outer loop
      vertex -1.8 5.53078 -0.391086
      vertex 0 5.5 0
      vertex -1.8 5.5 0
    endloop
  endfacet
  facet normal 0 -0.996917 -0.0784613
    outer loop
      vertex 0 5.5 0
      vertex -1.8 5.53078 -0.391086
      vertex 0 5.53078 -0.391086
    endloop
  endfacet
  facet normal 0 -0.923886 0.382669
    outer loop
      vertex -1.8 5.62236 0.772542
      vertex 0 5.77248 1.13498
      vertex -1.8 5.77248 1.13498
    endloop
  endfacet
  facet normal 0 -0.923886 0.382669
    outer loop
      vertex 0 5.77248 1.13498
      vertex -1.8 5.62236 0.772542
      vertex 0 5.62236 0.772542
    endloop
  endfacet
  facet normal 0 -0.522518 0.852628
    outer loop
      vertex -1.8 6.86502 2.22752
      vertex 0 6.53054 2.02254
      vertex 0 6.86502 2.22752
    endloop
  endfacet
  facet normal 0 -0.522518 0.852628
    outer loop
      vertex 0 6.53054 2.02254
      vertex -1.8 6.86502 2.22752
      vertex -1.8 6.53054 2.02254
    endloop
  endfacet
  facet normal 0 -0.97237 -0.233447
    outer loop
      vertex -1.8 5.62236 -0.772542
      vertex 0 5.53078 -0.391086
      vertex -1.8 5.53078 -0.391086
    endloop
  endfacet
  facet normal 0 -0.97237 -0.233447
    outer loop
      vertex 0 5.53078 -0.391086
      vertex -1.8 5.62236 -0.772542
      vertex 0 5.62236 -0.772542
    endloop
  endfacet
  facet normal 0 -0.76042 -0.649432
    outer loop
      vertex -1.8 6.23223 -1.76777
      vertex 0 5.97746 -1.46946
      vertex -1.8 5.97746 -1.46946
    endloop
  endfacet
  facet normal 0 -0.76042 -0.649432
    outer loop
      vertex 0 5.97746 -1.46946
      vertex -1.8 6.23223 -1.76777
      vertex 0 6.23223 -1.76777
    endloop
  endfacet
  facet normal 0 -0.0784605 0.996917
    outer loop
      vertex -1.8 8 2.5
      vertex 0 7.60891 2.46922
      vertex 0 8 2.5
    endloop
  endfacet
  facet normal 0 -0.0784605 0.996917
    outer loop
      vertex 0 7.60891 2.46922
      vertex -1.8 8 2.5
      vertex -1.8 7.60891 2.46922
    endloop
  endfacet
  facet normal 0 -0.23345 -0.972369
    outer loop
      vertex -1.8 7.22746 -2.37764
      vertex 0 7.60891 -2.46922
      vertex 0 7.22746 -2.37764
    endloop
  endfacet
  facet normal -0 -0.23345 -0.972369
    outer loop
      vertex 0 7.60891 -2.46922
      vertex -1.8 7.22746 -2.37764
      vertex -1.8 7.60891 -2.46922
    endloop
  endfacet
  facet normal 0 0.923904 -0.382625
    outer loop
      vertex 0 10.2275 -1.13498
      vertex -1.8 10.3776 -0.772542
      vertex 0 10.3776 -0.772542
    endloop
  endfacet
  facet normal 0 0.923904 -0.382625
    outer loop
      vertex -1.8 10.3776 -0.772542
      vertex 0 10.2275 -1.13498
      vertex -1.8 10.2275 -1.13498
    endloop
  endfacet
  facet normal 0 0.996913 -0.078512
    outer loop
      vertex 0 10.4692 -0.391086
      vertex -1.8 10.5 0
      vertex 0 10.5 0
    endloop
  endfacet
  facet normal 0 0.996913 -0.078512
    outer loop
      vertex -1.8 10.5 0
      vertex 0 10.4692 -0.391086
      vertex -1.8 10.4692 -0.391086
    endloop
  endfacet
  facet normal -0 0.522518 0.852628
    outer loop
      vertex -1.8 9.46946 2.02254
      vertex 0 9.13498 2.22752
      vertex 0 9.46946 2.02254
    endloop
  endfacet
  facet normal 0 0.522518 0.852628
    outer loop
      vertex 0 9.13498 2.22752
      vertex -1.8 9.46946 2.02254
      vertex -1.8 9.13498 2.22752
    endloop
  endfacet
  facet normal -0 0.382773 0.923842
    outer loop
      vertex 0 16.5334 1.04693
      vertex 10 16.3631 1.11749
      vertex 10 16.5334 1.04693
    endloop
  endfacet
  facet normal 0 0.382773 0.923842
    outer loop
      vertex 10 16.3631 1.11749
      vertex 0 16.5334 1.04693
      vertex 0 16.3631 1.11749
    endloop
  endfacet
  facet normal 0 0.233414 -0.972377
    outer loop
      vertex 0 16.1838 -1.16053
      vertex 10 16.3631 -1.11749
      vertex 10 16.1838 -1.16053
    endloop
  endfacet
  facet normal 0 0.233414 -0.972377
    outer loop
      vertex 10 16.3631 -1.11749
      vertex 0 16.1838 -1.16053
      vertex 0 16.3631 -1.11749
    endloop
  endfacet
  facet normal 0 0.078484 -0.996915
    outer loop
      vertex 0 16 -1.175
      vertex 10 16.1838 -1.16053
      vertex 10 16 -1.175
    endloop
  endfacet
  facet normal 0 0.078484 -0.996915
    outer loop
      vertex 10 16.1838 -1.16053
      vertex 0 16 -1.175
      vertex 0 16.1838 -1.16053
    endloop
  endfacet
  facet normal 0 0.382773 -0.923842
    outer loop
      vertex 0 16.3631 -1.11749
      vertex 10 16.5334 -1.04693
      vertex 10 16.3631 -1.11749
    endloop
  endfacet
  facet normal 0 0.382773 -0.923842
    outer loop
      vertex 10 16.5334 -1.04693
      vertex 0 16.3631 -1.11749
      vertex 0 16.5334 -1.04693
    endloop
  endfacet
  facet normal 0 0.923801 -0.382872
    outer loop
      vertex 10 17.0469 -0.533439
      vertex 0 17.1175 -0.363094
      vertex 10 17.1175 -0.363094
    endloop
  endfacet
  facet normal 0 0.923801 -0.382872
    outer loop
      vertex 0 17.1175 -0.363094
      vertex 10 17.0469 -0.533439
      vertex 0 17.0469 -0.533439
    endloop
  endfacet
  facet normal 0 0.649457 -0.760398
    outer loop
      vertex 0 16.6906 -0.950595
      vertex 10 16.8308 -0.83085
      vertex 10 16.6906 -0.950595
    endloop
  endfacet
  facet normal 0 0.649457 -0.760398
    outer loop
      vertex 10 16.8308 -0.83085
      vertex 0 16.6906 -0.950595
      vertex 0 16.8308 -0.83085
    endloop
  endfacet
  facet normal 0 -0.522509 -0.852634
    outer loop
      vertex 0 15.3094 -0.950595
      vertex 10 15.4666 -1.04693
      vertex 10 15.3094 -0.950595
    endloop
  endfacet
  facet normal -0 -0.522509 -0.852634
    outer loop
      vertex 10 15.4666 -1.04693
      vertex 0 15.3094 -0.950595
      vertex 0 15.4666 -1.04693
    endloop
  endfacet
  facet normal 0 -0.233414 0.972377
    outer loop
      vertex 0 15.8162 1.16053
      vertex 10 15.6369 1.11749
      vertex 10 15.8162 1.16053
    endloop
  endfacet
  facet normal 0 -0.233414 0.972377
    outer loop
      vertex 10 15.6369 1.11749
      vertex 0 15.8162 1.16053
      vertex 0 15.6369 1.11749
    endloop
  endfacet
  facet normal 0 0.522509 -0.852634
    outer loop
      vertex 0 16.5334 -1.04693
      vertex 10 16.6906 -0.950595
      vertex 10 16.5334 -1.04693
    endloop
  endfacet
  facet normal 0 0.522509 -0.852634
    outer loop
      vertex 10 16.6906 -0.950595
      vertex 0 16.5334 -1.04693
      vertex 0 16.6906 -0.950595
    endloop
  endfacet
  facet normal 0 -0.078484 -0.996915
    outer loop
      vertex 0 15.8162 -1.16053
      vertex 10 16 -1.175
      vertex 10 15.8162 -1.16053
    endloop
  endfacet
  facet normal -0 -0.078484 -0.996915
    outer loop
      vertex 10 16 -1.175
      vertex 0 15.8162 -1.16053
      vertex 0 16 -1.175
    endloop
  endfacet
  facet normal 0 0.85273 0.522352
    outer loop
      vertex 10 17.0469 0.533439
      vertex 0 16.9506 0.690647
      vertex 10 16.9506 0.690647
    endloop
  endfacet
  facet normal 0 0.85273 0.522352
    outer loop
      vertex 0 16.9506 0.690647
      vertex 10 17.0469 0.533439
      vertex 0 17.0469 0.533439
    endloop
  endfacet
  facet normal 0 -0.996903 0.0786415
    outer loop
      vertex 0 14.825 0
      vertex 10 14.8395 0.18381
      vertex 0 14.8395 0.18381
    endloop
  endfacet
  facet normal 0 -0.996903 0.0786415
    outer loop
      vertex 10 14.8395 0.18381
      vertex 0 14.825 0
      vertex 10 14.825 0
    endloop
  endfacet
  facet normal -0 0.649457 0.760398
    outer loop
      vertex 0 16.8308 0.83085
      vertex 10 16.6906 0.950595
      vertex 10 16.8308 0.83085
    endloop
  endfacet
  facet normal 0 0.649457 0.760398
    outer loop
      vertex 10 16.6906 0.950595
      vertex 0 16.8308 0.83085
      vertex 0 16.6906 0.950595
    endloop
  endfacet
  facet normal 0 0.760258 0.649622
    outer loop
      vertex 10 16.9506 0.690647
      vertex 0 16.8308 0.83085
      vertex 10 16.8308 0.83085
    endloop
  endfacet
  facet normal 0 0.760258 0.649622
    outer loop
      vertex 0 16.8308 0.83085
      vertex 10 16.9506 0.690647
      vertex 0 16.9506 0.690647
    endloop
  endfacet
  facet normal 0 -0.923801 -0.382872
    outer loop
      vertex 0 14.9531 -0.533439
      vertex 10 14.8825 -0.363094
      vertex 0 14.8825 -0.363094
    endloop
  endfacet
  facet normal 0 -0.923801 -0.382872
    outer loop
      vertex 10 14.8825 -0.363094
      vertex 0 14.9531 -0.533439
      vertex 10 14.9531 -0.533439
    endloop
  endfacet
  facet normal 0 -0.85273 -0.522352
    outer loop
      vertex 0 15.0494 -0.690647
      vertex 10 14.9531 -0.533439
      vertex 0 14.9531 -0.533439
    endloop
  endfacet
  facet normal 0 -0.85273 -0.522352
    outer loop
      vertex 10 14.9531 -0.533439
      vertex 0 15.0494 -0.690647
      vertex 10 15.0494 -0.690647
    endloop
  endfacet
  facet normal 0 0.923801 0.382872
    outer loop
      vertex 10 17.1175 0.363094
      vertex 0 17.0469 0.533439
      vertex 10 17.0469 0.533439
    endloop
  endfacet
  facet normal 0 0.923801 0.382872
    outer loop
      vertex 0 17.0469 0.533439
      vertex 10 17.1175 0.363094
      vertex 0 17.1175 0.363094
    endloop
  endfacet
  facet normal 0 -0.85273 0.522352
    outer loop
      vertex 0 14.9531 0.533439
      vertex 10 15.0494 0.690647
      vertex 0 15.0494 0.690647
    endloop
  endfacet
  facet normal 0 -0.85273 0.522352
    outer loop
      vertex 10 15.0494 0.690647
      vertex 0 14.9531 0.533439
      vertex 10 14.9531 0.533439
    endloop
  endfacet
  facet normal -0 0.233414 0.972377
    outer loop
      vertex 0 16.3631 1.11749
      vertex 10 16.1838 1.16053
      vertex 10 16.3631 1.11749
    endloop
  endfacet
  facet normal 0 0.233414 0.972377
    outer loop
      vertex 10 16.1838 1.16053
      vertex 0 16.3631 1.11749
      vertex 0 16.1838 1.16053
    endloop
  endfacet
  facet normal 0 0.996903 0.0786415
    outer loop
      vertex 10 17.175 0
      vertex 0 17.1605 0.18381
      vertex 10 17.1605 0.18381
    endloop
  endfacet
  facet normal 0 0.996903 0.0786415
    outer loop
      vertex 0 17.1605 0.18381
      vertex 10 17.175 0
      vertex 0 17.175 0
    endloop
  endfacet
  facet normal 0 0.972422 0.233229
    outer loop
      vertex 10 17.1605 0.18381
      vertex 0 17.1175 0.363094
      vertex 10 17.1175 0.363094
    endloop
  endfacet
  facet normal 0 0.972422 0.233229
    outer loop
      vertex 0 17.1175 0.363094
      vertex 10 17.1605 0.18381
      vertex 0 17.1605 0.18381
    endloop
  endfacet
  facet normal 0 -0.078484 0.996915
    outer loop
      vertex 0 16 1.175
      vertex 10 15.8162 1.16053
      vertex 10 16 1.175
    endloop
  endfacet
  facet normal 0 -0.078484 0.996915
    outer loop
      vertex 10 15.8162 1.16053
      vertex 0 16 1.175
      vertex 0 15.8162 1.16053
    endloop
  endfacet
  facet normal 0 -0.996903 -0.0786415
    outer loop
      vertex 0 14.8395 -0.18381
      vertex 10 14.825 0
      vertex 0 14.825 0
    endloop
  endfacet
  facet normal 0 -0.996903 -0.0786415
    outer loop
      vertex 10 14.825 0
      vertex 0 14.8395 -0.18381
      vertex 10 14.8395 -0.18381
    endloop
  endfacet
  facet normal 0 -0.382773 -0.923842
    outer loop
      vertex 0 15.4666 -1.04693
      vertex 10 15.6369 -1.11749
      vertex 10 15.4666 -1.04693
    endloop
  endfacet
  facet normal -0 -0.382773 -0.923842
    outer loop
      vertex 10 15.6369 -1.11749
      vertex 0 15.4666 -1.04693
      vertex 0 15.6369 -1.11749
    endloop
  endfacet
  facet normal 0 0.760258 -0.649622
    outer loop
      vertex 10 16.8308 -0.83085
      vertex 0 16.9506 -0.690647
      vertex 10 16.9506 -0.690647
    endloop
  endfacet
  facet normal 0 0.760258 -0.649622
    outer loop
      vertex 0 16.9506 -0.690647
      vertex 10 16.8308 -0.83085
      vertex 0 16.8308 -0.83085
    endloop
  endfacet
  facet normal 0 0.85273 -0.522352
    outer loop
      vertex 10 16.9506 -0.690647
      vertex 0 17.0469 -0.533439
      vertex 10 17.0469 -0.533439
    endloop
  endfacet
  facet normal 0 0.85273 -0.522352
    outer loop
      vertex 0 17.0469 -0.533439
      vertex 10 16.9506 -0.690647
      vertex 0 16.9506 -0.690647
    endloop
  endfacet
  facet normal 0 -0.233414 -0.972377
    outer loop
      vertex 0 15.6369 -1.11749
      vertex 10 15.8162 -1.16053
      vertex 10 15.6369 -1.11749
    endloop
  endfacet
  facet normal -0 -0.233414 -0.972377
    outer loop
      vertex 10 15.8162 -1.16053
      vertex 0 15.6369 -1.11749
      vertex 0 15.8162 -1.16053
    endloop
  endfacet
  facet normal 0 0.972422 -0.233229
    outer loop
      vertex 10 17.1175 -0.363094
      vertex 0 17.1605 -0.18381
      vertex 10 17.1605 -0.18381
    endloop
  endfacet
  facet normal 0 0.972422 -0.233229
    outer loop
      vertex 0 17.1605 -0.18381
      vertex 10 17.1175 -0.363094
      vertex 0 17.1175 -0.363094
    endloop
  endfacet
  facet normal 0 -0.382773 0.923842
    outer loop
      vertex 0 15.6369 1.11749
      vertex 10 15.4666 1.04693
      vertex 10 15.6369 1.11749
    endloop
  endfacet
  facet normal 0 -0.382773 0.923842
    outer loop
      vertex 10 15.4666 1.04693
      vertex 0 15.6369 1.11749
      vertex 0 15.4666 1.04693
    endloop
  endfacet
  facet normal 0 -0.522509 0.852634
    outer loop
      vertex 0 15.4666 1.04693
      vertex 10 15.3094 0.950595
      vertex 10 15.4666 1.04693
    endloop
  endfacet
  facet normal 0 -0.522509 0.852634
    outer loop
      vertex 10 15.3094 0.950595
      vertex 0 15.4666 1.04693
      vertex 0 15.3094 0.950595
    endloop
  endfacet
  facet normal 0 -0.923801 0.382872
    outer loop
      vertex 0 14.8825 0.363094
      vertex 10 14.9531 0.533439
      vertex 0 14.9531 0.533439
    endloop
  endfacet
  facet normal 0 -0.923801 0.382872
    outer loop
      vertex 10 14.9531 0.533439
      vertex 0 14.8825 0.363094
      vertex 10 14.8825 0.363094
    endloop
  endfacet
  facet normal 0 -0.649457 0.760398
    outer loop
      vertex 0 15.3094 0.950595
      vertex 10 15.1692 0.83085
      vertex 10 15.3094 0.950595
    endloop
  endfacet
  facet normal 0 -0.649457 0.760398
    outer loop
      vertex 10 15.1692 0.83085
      vertex 0 15.3094 0.950595
      vertex 0 15.1692 0.83085
    endloop
  endfacet
  facet normal 0 -0.972422 -0.233229
    outer loop
      vertex 0 14.8825 -0.363094
      vertex 10 14.8395 -0.18381
      vertex 0 14.8395 -0.18381
    endloop
  endfacet
  facet normal 0 -0.972422 -0.233229
    outer loop
      vertex 10 14.8395 -0.18381
      vertex 0 14.8825 -0.363094
      vertex 10 14.8825 -0.363094
    endloop
  endfacet
  facet normal 0 -0.760258 0.649622
    outer loop
      vertex 0 15.0494 0.690647
      vertex 10 15.1692 0.83085
      vertex 0 15.1692 0.83085
    endloop
  endfacet
  facet normal 0 -0.760258 0.649622
    outer loop
      vertex 10 15.1692 0.83085
      vertex 0 15.0494 0.690647
      vertex 10 15.0494 0.690647
    endloop
  endfacet
  facet normal 1 0 0
    outer loop
      vertex 0 17.175 0
      vertex 0 18.5 0
      vertex 0 18.4692 0.391086
    endloop
  endfacet
  facet normal 1 0 0
    outer loop
      vertex 0 17.1605 0.18381
      vertex 0 18.4692 0.391086
      vertex 0 18.3776 0.772542
    endloop
  endfacet
  facet normal 1 0 0
    outer loop
      vertex 0 18.5 0
      vertex 0 17.175 0
      vertex 0 18.4692 -0.391086
    endloop
  endfacet
  facet normal 1 0 0
    outer loop
      vertex 0 17.1175 0.363094
      vertex 0 18.3776 0.772542
      vertex 0 18.2275 1.13498
    endloop
  endfacet
  facet normal 1 -0 0
    outer loop
      vertex 0 17.1605 -0.18381
      vertex 0 18.4692 -0.391086
      vertex 0 17.175 0
    endloop
  endfacet
  facet normal 1 0 0
    outer loop
      vertex 0 17.0469 0.533439
      vertex 0 18.2275 1.13498
      vertex 0 18.0225 1.46946
    endloop
  endfacet
  facet normal 1 0 0
    outer loop
      vertex 0 18.4692 -0.391086
      vertex 0 17.1605 -0.18381
      vertex 0 18.3776 -0.772542
    endloop
  endfacet
  facet normal 1 0 0
    outer loop
      vertex 0 16.9506 0.690647
      vertex 0 18.0225 1.46946
      vertex 0 17.7678 1.76777
    endloop
  endfacet
  facet normal 1 -0 0
    outer loop
      vertex 0 17.1175 -0.363094
      vertex 0 18.3776 -0.772542
      vertex 0 17.1605 -0.18381
    endloop
  endfacet
  facet normal 1 0 0
    outer loop
      vertex 0 16.8308 0.83085
      vertex 0 17.7678 1.76777
      vertex 0 17.4695 2.02254
    endloop
  endfacet
  facet normal 1 0 0
    outer loop
      vertex 0 18.3776 -0.772542
      vertex 0 17.1175 -0.363094
      vertex 0 18.2275 -1.13498
    endloop
  endfacet
  facet normal 1 -0 0
    outer loop
      vertex 0 17.0469 -0.533439
      vertex 0 18.2275 -1.13498
      vertex 0 17.1175 -0.363094
    endloop
  endfacet
  facet normal 1 0 0
    outer loop
      vertex 0 18.4692 0.391086
      vertex 0 17.1605 0.18381
      vertex 0 17.175 0
    endloop
  endfacet
  facet normal 1 0 0
    outer loop
      vertex 0 16.6906 0.950595
      vertex 0 17.4695 2.02254
      vertex 0 17.135 2.22752
    endloop
  endfacet
  facet normal 1 0 0
    outer loop
      vertex 0 18.3776 0.772542
      vertex 0 17.1175 0.363094
      vertex 0 17.1605 0.18381
    endloop
  endfacet
  facet normal 1 0 0
    outer loop
      vertex 0 18.2275 1.13498
      vertex 0 17.0469 0.533439
      vertex 0 17.1175 0.363094
    endloop
  endfacet
  facet normal 1 0 0
    outer loop
      vertex 0 18.0225 1.46946
      vertex 0 16.9506 0.690647
      vertex 0 17.0469 0.533439
    endloop
  endfacet
  facet normal 1 0 0
    outer loop
      vertex 0 17.7678 1.76777
      vertex 0 16.8308 0.83085
      vertex 0 16.9506 0.690647
    endloop
  endfacet
  facet normal 1 0 0
    outer loop
      vertex 0 16.5334 1.04693
      vertex 0 17.135 2.22752
      vertex 0 16.7725 2.37764
    endloop
  endfacet
  facet normal 1 0 0
    outer loop
      vertex 0 17.4695 2.02254
      vertex 0 16.6906 0.950595
      vertex 0 16.8308 0.83085
    endloop
  endfacet
  facet normal 1 0 0
    outer loop
      vertex 0 17.135 2.22752
      vertex 0 16.5334 1.04693
      vertex 0 16.6906 0.950595
    endloop
  endfacet
  facet normal 1 0 0
    outer loop
      vertex 0 16.3631 1.11749
      vertex 0 16.7725 2.37764
      vertex 0 16.3911 2.46922
    endloop
  endfacet
  facet normal 1 0 0
    outer loop
      vertex 0 16.7725 2.37764
      vertex 0 16.3631 1.11749
      vertex 0 16.5334 1.04693
    endloop
  endfacet
  facet normal 1 0 0
    outer loop
      vertex 0 16.3911 2.46922
      vertex 0 16.1838 1.16053
      vertex 0 16.3631 1.11749
    endloop
  endfacet
  facet normal 1 0 0
    outer loop
      vertex 0 16 2.5
      vertex 0 16.1838 1.16053
      vertex 0 16.3911 2.46922
    endloop
  endfacet
  facet normal 1 0 0
    outer loop
      vertex 0 16 2.5
      vertex 0 16 1.175
      vertex 0 16.1838 1.16053
    endloop
  endfacet
  facet normal 1 0 0
    outer loop
      vertex 0 16 2.5
      vertex 0 15.8162 1.16053
      vertex 0 16 1.175
    endloop
  endfacet
  facet normal 1 -0 0
    outer loop
      vertex 0 15.6089 2.46922
      vertex 0 15.8162 1.16053
      vertex 0 16 2.5
    endloop
  endfacet
  facet normal 1 0 0
    outer loop
      vertex 0 15.8162 1.16053
      vertex 0 15.6089 2.46922
      vertex 0 15.6369 1.11749
    endloop
  endfacet
  facet normal 1 -0 0
    outer loop
      vertex 0 15.2275 2.37764
      vertex 0 15.6369 1.11749
      vertex 0 15.6089 2.46922
    endloop
  endfacet
  facet normal 1 0 0
    outer loop
      vertex 0 15.6369 1.11749
      vertex 0 15.2275 2.37764
      vertex 0 15.4666 1.04693
    endloop
  endfacet
  facet normal 1 -0 0
    outer loop
      vertex 0 14.865 2.22752
      vertex 0 15.4666 1.04693
      vertex 0 15.2275 2.37764
    endloop
  endfacet
  facet normal 1 0 0
    outer loop
      vertex 0 15.4666 1.04693
      vertex 0 14.865 2.22752
      vertex 0 15.3094 0.950595
    endloop
  endfacet
  facet normal 1 -0 0
    outer loop
      vertex 0 14.5305 2.02254
      vertex 0 15.3094 0.950595
      vertex 0 14.865 2.22752
    endloop
  endfacet
  facet normal 1 0 0
    outer loop
      vertex 0 15.3094 0.950595
      vertex 0 14.5305 2.02254
      vertex 0 15.1692 0.83085
    endloop
  endfacet
  facet normal 1 -0 0
    outer loop
      vertex 0 14.2322 1.76777
      vertex 0 15.1692 0.83085
      vertex 0 14.5305 2.02254
    endloop
  endfacet
  facet normal 1 0 0
    outer loop
      vertex 0 15.1692 0.83085
      vertex 0 14.2322 1.76777
      vertex 0 15.0494 0.690647
    endloop
  endfacet
  facet normal 1 -0 0
    outer loop
      vertex 0 13.9775 1.46946
      vertex 0 15.0494 0.690647
      vertex 0 14.2322 1.76777
    endloop
  endfacet
  facet normal 1 0 0
    outer loop
      vertex 0 15.0494 0.690647
      vertex 0 13.9775 1.46946
      vertex 0 14.9531 0.533439
    endloop
  endfacet
  facet normal 1 -0 0
    outer loop
      vertex 0 13.7725 1.13498
      vertex 0 14.9531 0.533439
      vertex 0 13.9775 1.46946
    endloop
  endfacet
  facet normal 1 0 0
    outer loop
      vertex 0 18.2275 -1.13498
      vertex 0 17.0469 -0.533439
      vertex 0 18.0225 -1.46946
    endloop
  endfacet
  facet normal 1 -0 0
    outer loop
      vertex 0 16.9506 -0.690647
      vertex 0 18.0225 -1.46946
      vertex 0 17.0469 -0.533439
    endloop
  endfacet
  facet normal 1 0 0
    outer loop
      vertex 0 18.0225 -1.46946
      vertex 0 16.9506 -0.690647
      vertex 0 17.7678 -1.76777
    endloop
  endfacet
  facet normal 1 -0 0
    outer loop
      vertex 0 16.8308 -0.83085
      vertex 0 17.7678 -1.76777
      vertex 0 16.9506 -0.690647
    endloop
  endfacet
  facet normal 1 0 0
    outer loop
      vertex 0 17.7678 -1.76777
      vertex 0 16.8308 -0.83085
      vertex 0 17.4695 -2.02254
    endloop
  endfacet
  facet normal 1 -0 0
    outer loop
      vertex 0 16.6906 -0.950595
      vertex 0 17.4695 -2.02254
      vertex 0 16.8308 -0.83085
    endloop
  endfacet
  facet normal 1 0 0
    outer loop
      vertex 0 17.4695 -2.02254
      vertex 0 16.6906 -0.950595
      vertex 0 17.135 -2.22752
    endloop
  endfacet
  facet normal 1 -0 0
    outer loop
      vertex 0 16.5334 -1.04693
      vertex 0 17.135 -2.22752
      vertex 0 16.6906 -0.950595
    endloop
  endfacet
  facet normal 1 0 0
    outer loop
      vertex 0 17.135 -2.22752
      vertex 0 16.5334 -1.04693
      vertex 0 16.7725 -2.37764
    endloop
  endfacet
  facet normal 1 -0 0
    outer loop
      vertex 0 16.3631 -1.11749
      vertex 0 16.7725 -2.37764
      vertex 0 16.5334 -1.04693
    endloop
  endfacet
  facet normal 1 0 0
    outer loop
      vertex 0 16.7725 -2.37764
      vertex 0 16.3631 -1.11749
      vertex 0 16.3911 -2.46922
    endloop
  endfacet
  facet normal 1 -0 0
    outer loop
      vertex 0 16.1838 -1.16053
      vertex 0 16.3911 -2.46922
      vertex 0 16.3631 -1.11749
    endloop
  endfacet
  facet normal 1 -0 0
    outer loop
      vertex 0 16 -1.175
      vertex 0 16.3911 -2.46922
      vertex 0 16.1838 -1.16053
    endloop
  endfacet
  facet normal 1 0 0
    outer loop
      vertex 0 16 -1.175
      vertex 0 16 -2.5
      vertex 0 16.3911 -2.46922
    endloop
  endfacet
  facet normal 1 0 0
    outer loop
      vertex 0 15.8162 -1.16053
      vertex 0 16 -2.5
      vertex 0 16 -1.175
    endloop
  endfacet
  facet normal 1 0 0
    outer loop
      vertex 0 15.6089 -2.46922
      vertex 0 15.8162 -1.16053
      vertex 0 15.6369 -1.11749
    endloop
  endfacet
  facet normal 1 0 0
    outer loop
      vertex 0 15.8162 -1.16053
      vertex 0 15.6089 -2.46922
      vertex 0 16 -2.5
    endloop
  endfacet
  facet normal 1 0 0
    outer loop
      vertex 0 15.2275 -2.37764
      vertex 0 15.6369 -1.11749
      vertex 0 15.4666 -1.04693
    endloop
  endfacet
  facet normal 1 0 0
    outer loop
      vertex 0 14.865 -2.22752
      vertex 0 15.4666 -1.04693
      vertex 0 15.3094 -0.950595
    endloop
  endfacet
  facet normal 1 0 0
    outer loop
      vertex 0 15.6369 -1.11749
      vertex 0 15.2275 -2.37764
      vertex 0 15.6089 -2.46922
    endloop
  endfacet
  facet normal 1 0 0
    outer loop
      vertex 0 14.5305 -2.02254
      vertex 0 15.3094 -0.950595
      vertex 0 15.1692 -0.83085
    endloop
  endfacet
  facet normal 1 0 0
    outer loop
      vertex 0 14.2322 -1.76777
      vertex 0 15.1692 -0.83085
      vertex 0 15.0494 -0.690647
    endloop
  endfacet
  facet normal 1 0 0
    outer loop
      vertex 0 13.9775 -1.46946
      vertex 0 15.0494 -0.690647
      vertex 0 14.9531 -0.533439
    endloop
  endfacet
  facet normal 1 0 0
    outer loop
      vertex 0 13.7725 -1.13498
      vertex 0 14.9531 -0.533439
      vertex 0 14.8825 -0.363094
    endloop
  endfacet
  facet normal 1 0 0
    outer loop
      vertex 0 15.4666 -1.04693
      vertex 0 14.865 -2.22752
      vertex 0 15.2275 -2.37764
    endloop
  endfacet
  facet normal 1 0 0
    outer loop
      vertex 0 13.6224 -0.772542
      vertex 0 14.8825 -0.363094
      vertex 0 14.8395 -0.18381
    endloop
  endfacet
  facet normal 1 0 0
    outer loop
      vertex 0 13.5308 -0.391086
      vertex 0 14.8395 -0.18381
      vertex 0 14.825 0
    endloop
  endfacet
  facet normal 1 0 0
    outer loop
      vertex 0 14.9531 0.533439
      vertex 0 13.7725 1.13498
      vertex 0 14.8825 0.363094
    endloop
  endfacet
  facet normal 1 0 0
    outer loop
      vertex 0 15.3094 -0.950595
      vertex 0 14.5305 -2.02254
      vertex 0 14.865 -2.22752
    endloop
  endfacet
  facet normal 1 -0 0
    outer loop
      vertex 0 13.6224 0.772542
      vertex 0 14.8825 0.363094
      vertex 0 13.7725 1.13498
    endloop
  endfacet
  facet normal 1 0 0
    outer loop
      vertex 0 15.1692 -0.83085
      vertex 0 14.2322 -1.76777
      vertex 0 14.5305 -2.02254
    endloop
  endfacet
  facet normal 1 0 0
    outer loop
      vertex 0 14.8825 0.363094
      vertex 0 13.6224 0.772542
      vertex 0 14.8395 0.18381
    endloop
  endfacet
  facet normal 1 0 0
    outer loop
      vertex 0 15.0494 -0.690647
      vertex 0 13.9775 -1.46946
      vertex 0 14.2322 -1.76777
    endloop
  endfacet
  facet normal 1 -0 0
    outer loop
      vertex 0 13.5308 0.391086
      vertex 0 14.8395 0.18381
      vertex 0 13.6224 0.772542
    endloop
  endfacet
  facet normal 1 0 0
    outer loop
      vertex 0 14.9531 -0.533439
      vertex 0 13.7725 -1.13498
      vertex 0 13.9775 -1.46946
    endloop
  endfacet
  facet normal 1 0 0
    outer loop
      vertex 0 14.8395 0.18381
      vertex 0 13.5308 0.391086
      vertex 0 14.825 0
    endloop
  endfacet
  facet normal 1 0 0
    outer loop
      vertex 0 14.8825 -0.363094
      vertex 0 13.6224 -0.772542
      vertex 0 13.7725 -1.13498
    endloop
  endfacet
  facet normal 1 0 0
    outer loop
      vertex 0 13.5 0
      vertex 0 14.825 0
      vertex 0 13.5308 0.391086
    endloop
  endfacet
  facet normal 1 0 0
    outer loop
      vertex 0 14.8395 -0.18381
      vertex 0 13.5308 -0.391086
      vertex 0 13.6224 -0.772542
    endloop
  endfacet
  facet normal 1 0 0
    outer loop
      vertex 0 14.825 0
      vertex 0 13.5 0
      vertex 0 13.5308 -0.391086
    endloop
  endfacet
  facet normal 0 -0.972422 0.233229
    outer loop
      vertex 0 14.8395 0.18381
      vertex 10 14.8825 0.363094
      vertex 0 14.8825 0.363094
    endloop
  endfacet
  facet normal 0 -0.972422 0.233229
    outer loop
      vertex 10 14.8825 0.363094
      vertex 0 14.8395 0.18381
      vertex 10 14.8395 0.18381
    endloop
  endfacet
  facet normal 0 0.996903 -0.0786415
    outer loop
      vertex 10 17.1605 -0.18381
      vertex 0 17.175 0
      vertex 10 17.175 0
    endloop
  endfacet
  facet normal 0 0.996903 -0.0786415
    outer loop
      vertex 0 17.175 0
      vertex 10 17.1605 -0.18381
      vertex 0 17.1605 -0.18381
    endloop
  endfacet
  facet normal -0 0.078484 0.996915
    outer loop
      vertex 0 16.1838 1.16053
      vertex 10 16 1.175
      vertex 10 16.1838 1.16053
    endloop
  endfacet
  facet normal 0 0.078484 0.996915
    outer loop
      vertex 10 16 1.175
      vertex 0 16.1838 1.16053
      vertex 0 16 1.175
    endloop
  endfacet
  facet normal 0 -0.649457 -0.760398
    outer loop
      vertex 0 15.1692 -0.83085
      vertex 10 15.3094 -0.950595
      vertex 10 15.1692 -0.83085
    endloop
  endfacet
  facet normal -0 -0.649457 -0.760398
    outer loop
      vertex 10 15.3094 -0.950595
      vertex 0 15.1692 -0.83085
      vertex 0 15.3094 -0.950595
    endloop
  endfacet
  facet normal 1 0 0
    outer loop
      vertex 10 17.1605 0.18381
      vertex 10 17.1605 -0.18381
      vertex 10 17.175 0
    endloop
  endfacet
  facet normal 1 0 0
    outer loop
      vertex 10 17.1175 0.363094
      vertex 10 17.1605 -0.18381
      vertex 10 17.1605 0.18381
    endloop
  endfacet
  facet normal 1 0 0
    outer loop
      vertex 10 17.1175 0.363094
      vertex 10 17.1175 -0.363094
      vertex 10 17.1605 -0.18381
    endloop
  endfacet
  facet normal 1 0 0
    outer loop
      vertex 10 17.0469 0.533439
      vertex 10 17.1175 -0.363094
      vertex 10 17.1175 0.363094
    endloop
  endfacet
  facet normal 1 0 0
    outer loop
      vertex 10 17.0469 0.533439
      vertex 10 17.0469 -0.533439
      vertex 10 17.1175 -0.363094
    endloop
  endfacet
  facet normal 1 0 0
    outer loop
      vertex 10 16.9506 0.690647
      vertex 10 17.0469 -0.533439
      vertex 10 17.0469 0.533439
    endloop
  endfacet
  facet normal 1 0 0
    outer loop
      vertex 10 16.9506 0.690647
      vertex 10 16.9506 -0.690647
      vertex 10 17.0469 -0.533439
    endloop
  endfacet
  facet normal 1 0 0
    outer loop
      vertex 10 16.8308 0.83085
      vertex 10 16.9506 -0.690647
      vertex 10 16.9506 0.690647
    endloop
  endfacet
  facet normal 1 0 0
    outer loop
      vertex 10 16.8308 0.83085
      vertex 10 16.8308 -0.83085
      vertex 10 16.9506 -0.690647
    endloop
  endfacet
  facet normal 1 0 0
    outer loop
      vertex 10 16.6906 0.950595
      vertex 10 16.8308 -0.83085
      vertex 10 16.8308 0.83085
    endloop
  endfacet
  facet normal 1 0 0
    outer loop
      vertex 10 16.6906 0.950595
      vertex 10 16.6906 -0.950595
      vertex 10 16.8308 -0.83085
    endloop
  endfacet
  facet normal 1 0 0
    outer loop
      vertex 10 16.5334 1.04693
      vertex 10 16.6906 -0.950595
      vertex 10 16.6906 0.950595
    endloop
  endfacet
  facet normal 1 0 0
    outer loop
      vertex 10 16.5334 1.04693
      vertex 10 16.5334 -1.04693
      vertex 10 16.6906 -0.950595
    endloop
  endfacet
  facet normal 1 0 0
    outer loop
      vertex 10 16.3631 1.11749
      vertex 10 16.5334 -1.04693
      vertex 10 16.5334 1.04693
    endloop
  endfacet
  facet normal 1 0 0
    outer loop
      vertex 10 16.3631 1.11749
      vertex 10 16.3631 -1.11749
      vertex 10 16.5334 -1.04693
    endloop
  endfacet
  facet normal 1 0 0
    outer loop
      vertex 10 16.1838 1.16053
      vertex 10 16.3631 -1.11749
      vertex 10 16.3631 1.11749
    endloop
  endfacet
  facet normal 1 0 0
    outer loop
      vertex 10 16.1838 1.16053
      vertex 10 16.1838 -1.16053
      vertex 10 16.3631 -1.11749
    endloop
  endfacet
  facet normal 1 0 0
    outer loop
      vertex 10 16 1.175
      vertex 10 16.1838 -1.16053
      vertex 10 16.1838 1.16053
    endloop
  endfacet
  facet normal 1 0 0
    outer loop
      vertex 10 16 1.175
      vertex 10 16 -1.175
      vertex 10 16.1838 -1.16053
    endloop
  endfacet
  facet normal 1 -0 0
    outer loop
      vertex 10 15.8162 1.16053
      vertex 10 16 -1.175
      vertex 10 16 1.175
    endloop
  endfacet
  facet normal 1 0 0
    outer loop
      vertex 10 15.8162 1.16053
      vertex 10 15.8162 -1.16053
      vertex 10 16 -1.175
    endloop
  endfacet
  facet normal 1 -0 0
    outer loop
      vertex 10 15.6369 1.11749
      vertex 10 15.8162 -1.16053
      vertex 10 15.8162 1.16053
    endloop
  endfacet
  facet normal 1 0 0
    outer loop
      vertex 10 15.6369 1.11749
      vertex 10 15.6369 -1.11749
      vertex 10 15.8162 -1.16053
    endloop
  endfacet
  facet normal 1 -0 0
    outer loop
      vertex 10 15.4666 1.04693
      vertex 10 15.6369 -1.11749
      vertex 10 15.6369 1.11749
    endloop
  endfacet
  facet normal 1 0 0
    outer loop
      vertex 10 15.4666 1.04693
      vertex 10 15.4666 -1.04693
      vertex 10 15.6369 -1.11749
    endloop
  endfacet
  facet normal 1 -0 0
    outer loop
      vertex 10 15.3094 0.950595
      vertex 10 15.4666 -1.04693
      vertex 10 15.4666 1.04693
    endloop
  endfacet
  facet normal 1 0 0
    outer loop
      vertex 10 15.3094 0.950595
      vertex 10 15.3094 -0.950595
      vertex 10 15.4666 -1.04693
    endloop
  endfacet
  facet normal 1 -0 0
    outer loop
      vertex 10 15.1692 0.83085
      vertex 10 15.3094 -0.950595
      vertex 10 15.3094 0.950595
    endloop
  endfacet
  facet normal 1 0 0
    outer loop
      vertex 10 15.1692 0.83085
      vertex 10 15.1692 -0.83085
      vertex 10 15.3094 -0.950595
    endloop
  endfacet
  facet normal 1 -0 0
    outer loop
      vertex 10 15.0494 0.690647
      vertex 10 15.1692 -0.83085
      vertex 10 15.1692 0.83085
    endloop
  endfacet
  facet normal 1 0 0
    outer loop
      vertex 10 15.0494 0.690647
      vertex 10 15.0494 -0.690647
      vertex 10 15.1692 -0.83085
    endloop
  endfacet
  facet normal 1 -0 0
    outer loop
      vertex 10 14.9531 0.533439
      vertex 10 15.0494 -0.690647
      vertex 10 15.0494 0.690647
    endloop
  endfacet
  facet normal 1 0 0
    outer loop
      vertex 10 14.9531 0.533439
      vertex 10 14.9531 -0.533439
      vertex 10 15.0494 -0.690647
    endloop
  endfacet
  facet normal 1 -0 0
    outer loop
      vertex 10 14.8825 0.363094
      vertex 10 14.9531 -0.533439
      vertex 10 14.9531 0.533439
    endloop
  endfacet
  facet normal 1 0 0
    outer loop
      vertex 10 14.8825 0.363094
      vertex 10 14.8825 -0.363094
      vertex 10 14.9531 -0.533439
    endloop
  endfacet
  facet normal 1 -0 0
    outer loop
      vertex 10 14.8395 0.18381
      vertex 10 14.8825 -0.363094
      vertex 10 14.8825 0.363094
    endloop
  endfacet
  facet normal 1 0 0
    outer loop
      vertex 10 14.8395 0.18381
      vertex 10 14.8395 -0.18381
      vertex 10 14.8825 -0.363094
    endloop
  endfacet
  facet normal 1 0 -0
    outer loop
      vertex 10 14.8395 -0.18381
      vertex 10 14.8395 0.18381
      vertex 10 14.825 0
    endloop
  endfacet
  facet normal -0 0.522509 0.852634
    outer loop
      vertex 0 16.6906 0.950595
      vertex 10 16.5334 1.04693
      vertex 10 16.6906 0.950595
    endloop
  endfacet
  facet normal 0 0.522509 0.852634
    outer loop
      vertex 10 16.5334 1.04693
      vertex 0 16.6906 0.950595
      vertex 0 16.5334 1.04693
    endloop
  endfacet
  facet normal 0 -0.760258 -0.649622
    outer loop
      vertex 0 15.1692 -0.83085
      vertex 10 15.0494 -0.690647
      vertex 0 15.0494 -0.690647
    endloop
  endfacet
  facet normal 0 -0.760258 -0.649622
    outer loop
      vertex 10 15.0494 -0.690647
      vertex 0 15.1692 -0.83085
      vertex 10 15.1692 -0.83085
    endloop
  endfacet
  facet normal 0 -0.233479 0.972362
    outer loop
      vertex -1.8 15.6089 2.46922
      vertex 0 15.2275 2.37764
      vertex 0 15.6089 2.46922
    endloop
  endfacet
  facet normal 0 -0.233479 0.972362
    outer loop
      vertex 0 15.2275 2.37764
      vertex -1.8 15.6089 2.46922
      vertex -1.8 15.2275 2.37764
    endloop
  endfacet
  facet normal 0 0.233479 -0.972362
    outer loop
      vertex -1.8 16.3911 -2.46922
      vertex 0 16.7725 -2.37764
      vertex 0 16.3911 -2.46922
    endloop
  endfacet
  facet normal 0 0.233479 -0.972362
    outer loop
      vertex 0 16.7725 -2.37764
      vertex -1.8 16.3911 -2.46922
      vertex -1.8 16.7725 -2.37764
    endloop
  endfacet
  facet normal 0 0.0784585 -0.996917
    outer loop
      vertex -1.8 16 -2.5
      vertex 0 16.3911 -2.46922
      vertex 0 16 -2.5
    endloop
  endfacet
  facet normal 0 0.0784585 -0.996917
    outer loop
      vertex 0 16.3911 -2.46922
      vertex -1.8 16 -2.5
      vertex -1.8 16.3911 -2.46922
    endloop
  endfacet
  facet normal 0 0.382613 -0.923909
    outer loop
      vertex -1.8 16.7725 -2.37764
      vertex 0 17.135 -2.22752
      vertex 0 16.7725 -2.37764
    endloop
  endfacet
  facet normal 0 0.382613 -0.923909
    outer loop
      vertex 0 17.135 -2.22752
      vertex -1.8 16.7725 -2.37764
      vertex -1.8 17.135 -2.22752
    endloop
  endfacet
  facet normal 0 -0.923904 -0.382625
    outer loop
      vertex -1.8 13.7725 -1.13498
      vertex 0 13.6224 -0.772542
      vertex -1.8 13.6224 -0.772542
    endloop
  endfacet
  facet normal 0 -0.923904 -0.382625
    outer loop
      vertex 0 13.6224 -0.772542
      vertex -1.8 13.7725 -1.13498
      vertex 0 13.7725 -1.13498
    endloop
  endfacet
  facet normal 0 -0.522495 -0.852642
    outer loop
      vertex -1.8 14.5305 -2.02254
      vertex 0 14.865 -2.22752
      vertex 0 14.5305 -2.02254
    endloop
  endfacet
  facet normal -0 -0.522495 -0.852642
    outer loop
      vertex 0 14.865 -2.22752
      vertex -1.8 14.5305 -2.02254
      vertex -1.8 14.865 -2.22752
    endloop
  endfacet
  facet normal 0 0.760508 0.649329
    outer loop
      vertex 0 18.0225 1.46946
      vertex -1.8 17.7678 1.76777
      vertex 0 17.7678 1.76777
    endloop
  endfacet
  facet normal 0 0.760508 0.649329
    outer loop
      vertex -1.8 17.7678 1.76777
      vertex 0 18.0225 1.46946
      vertex -1.8 18.0225 1.46946
    endloop
  endfacet
  facet normal 0 0.923904 0.382625
    outer loop
      vertex 0 18.3776 0.772542
      vertex -1.8 18.2275 1.13498
      vertex 0 18.2275 1.13498
    endloop
  endfacet
  facet normal 0 0.923904 0.382625
    outer loop
      vertex -1.8 18.2275 1.13498
      vertex 0 18.3776 0.772542
      vertex -1.8 18.3776 0.772542
    endloop
  endfacet
  facet normal 0 -0.649445 -0.760409
    outer loop
      vertex -1.8 14.2322 -1.76777
      vertex 0 14.5305 -2.02254
      vertex 0 14.2322 -1.76777
    endloop
  endfacet
  facet normal -0 -0.649445 -0.760409
    outer loop
      vertex 0 14.5305 -2.02254
      vertex -1.8 14.2322 -1.76777
      vertex -1.8 14.5305 -2.02254
    endloop
  endfacet
  facet normal 0 -0.0784585 -0.996917
    outer loop
      vertex -1.8 15.6089 -2.46922
      vertex 0 16 -2.5
      vertex 0 15.6089 -2.46922
    endloop
  endfacet
  facet normal -0 -0.0784585 -0.996917
    outer loop
      vertex 0 16 -2.5
      vertex -1.8 15.6089 -2.46922
      vertex -1.8 16 -2.5
    endloop
  endfacet
  facet normal 0 -0.382613 -0.923909
    outer loop
      vertex -1.8 14.865 -2.22752
      vertex 0 15.2275 -2.37764
      vertex 0 14.865 -2.22752
    endloop
  endfacet
  facet normal -0 -0.382613 -0.923909
    outer loop
      vertex 0 15.2275 -2.37764
      vertex -1.8 14.865 -2.22752
      vertex -1.8 15.2275 -2.37764
    endloop
  endfacet
  facet normal 0 -0.382613 0.923909
    outer loop
      vertex -1.8 15.2275 2.37764
      vertex 0 14.865 2.22752
      vertex 0 15.2275 2.37764
    endloop
  endfacet
  facet normal 0 -0.382613 0.923909
    outer loop
      vertex 0 14.865 2.22752
      vertex -1.8 15.2275 2.37764
      vertex -1.8 14.865 2.22752
    endloop
  endfacet
  facet normal -0 0.0784585 0.996917
    outer loop
      vertex -1.8 16.3911 2.46922
      vertex 0 16 2.5
      vertex 0 16.3911 2.46922
    endloop
  endfacet
  facet normal 0 0.0784585 0.996917
    outer loop
      vertex 0 16 2.5
      vertex -1.8 16.3911 2.46922
      vertex -1.8 16 2.5
    endloop
  endfacet
  facet normal -0 0.233479 0.972362
    outer loop
      vertex -1.8 16.7725 2.37764
      vertex 0 16.3911 2.46922
      vertex 0 16.7725 2.37764
    endloop
  endfacet
  facet normal 0 0.233479 0.972362
    outer loop
      vertex 0 16.3911 2.46922
      vertex -1.8 16.7725 2.37764
      vertex -1.8 16.3911 2.46922
    endloop
  endfacet
  facet normal 0 0.972358 -0.233495
    outer loop
      vertex 0 18.3776 -0.772542
      vertex -1.8 18.4692 -0.391086
      vertex 0 18.4692 -0.391086
    endloop
  endfacet
  facet normal 0 0.972358 -0.233495
    outer loop
      vertex -1.8 18.4692 -0.391086
      vertex 0 18.3776 -0.772542
      vertex -1.8 18.3776 -0.772542
    endloop
  endfacet
  facet normal 0 0.996913 0.078512
    outer loop
      vertex 0 18.5 0
      vertex -1.8 18.4692 0.391086
      vertex 0 18.4692 0.391086
    endloop
  endfacet
  facet normal 0 0.996913 0.078512
    outer loop
      vertex -1.8 18.4692 0.391086
      vertex 0 18.5 0
      vertex -1.8 18.5 0
    endloop
  endfacet
  facet normal 0 -0.649445 0.760409
    outer loop
      vertex -1.8 14.5305 2.02254
      vertex 0 14.2322 1.76777
      vertex 0 14.5305 2.02254
    endloop
  endfacet
  facet normal 0 -0.649445 0.760409
    outer loop
      vertex 0 14.2322 1.76777
      vertex -1.8 14.5305 2.02254
      vertex -1.8 14.2322 1.76777
    endloop
  endfacet
  facet normal 0 -0.972358 0.233495
    outer loop
      vertex -1.8 13.5308 0.391086
      vertex 0 13.6224 0.772542
      vertex -1.8 13.6224 0.772542
    endloop
  endfacet
  facet normal 0 -0.972358 0.233495
    outer loop
      vertex 0 13.6224 0.772542
      vertex -1.8 13.5308 0.391086
      vertex 0 13.5308 0.391086
    endloop
  endfacet
  facet normal 0 -0.760508 0.649329
    outer loop
      vertex -1.8 13.9775 1.46946
      vertex 0 14.2322 1.76777
      vertex -1.8 14.2322 1.76777
    endloop
  endfacet
  facet normal 0 -0.760508 0.649329
    outer loop
      vertex 0 14.2322 1.76777
      vertex -1.8 13.9775 1.46946
      vertex 0 13.9775 1.46946
    endloop
  endfacet
  facet normal 0 0.522495 -0.852642
    outer loop
      vertex -1.8 17.135 -2.22752
      vertex 0 17.4695 -2.02254
      vertex 0 17.135 -2.22752
    endloop
  endfacet
  facet normal 0 0.522495 -0.852642
    outer loop
      vertex 0 17.4695 -2.02254
      vertex -1.8 17.135 -2.22752
      vertex -1.8 17.4695 -2.02254
    endloop
  endfacet
  facet normal -0 0.382613 0.923909
    outer loop
      vertex -1.8 17.135 2.22752
      vertex 0 16.7725 2.37764
      vertex 0 17.135 2.22752
    endloop
  endfacet
  facet normal 0 0.382613 0.923909
    outer loop
      vertex 0 16.7725 2.37764
      vertex -1.8 17.135 2.22752
      vertex -1.8 16.7725 2.37764
    endloop
  endfacet
  facet normal 0 0.852606 0.522555
    outer loop
      vertex 0 18.2275 1.13498
      vertex -1.8 18.0225 1.46946
      vertex 0 18.0225 1.46946
    endloop
  endfacet
  facet normal 0 0.852606 0.522555
    outer loop
      vertex -1.8 18.0225 1.46946
      vertex 0 18.2275 1.13498
      vertex -1.8 18.2275 1.13498
    endloop
  endfacet
  facet normal 0 -0.996913 0.078512
    outer loop
      vertex -1.8 13.5 0
      vertex 0 13.5308 0.391086
      vertex -1.8 13.5308 0.391086
    endloop
  endfacet
  facet normal 0 -0.996913 0.078512
    outer loop
      vertex 0 13.5308 0.391086
      vertex -1.8 13.5 0
      vertex 0 13.5 0
    endloop
  endfacet
  facet normal 0 0.852606 -0.522555
    outer loop
      vertex 0 18.0225 -1.46946
      vertex -1.8 18.2275 -1.13498
      vertex 0 18.2275 -1.13498
    endloop
  endfacet
  facet normal 0 0.852606 -0.522555
    outer loop
      vertex -1.8 18.2275 -1.13498
      vertex 0 18.0225 -1.46946
      vertex -1.8 18.0225 -1.46946
    endloop
  endfacet
  facet normal 0 -0.852606 -0.522555
    outer loop
      vertex -1.8 13.9775 -1.46946
      vertex 0 13.7725 -1.13498
      vertex -1.8 13.7725 -1.13498
    endloop
  endfacet
  facet normal 0 -0.852606 -0.522555
    outer loop
      vertex 0 13.7725 -1.13498
      vertex -1.8 13.9775 -1.46946
      vertex 0 13.9775 -1.46946
    endloop
  endfacet
  facet normal -0 0.649445 0.760409
    outer loop
      vertex -1.8 17.7678 1.76777
      vertex 0 17.4695 2.02254
      vertex 0 17.7678 1.76777
    endloop
  endfacet
  facet normal 0 0.649445 0.760409
    outer loop
      vertex 0 17.4695 2.02254
      vertex -1.8 17.7678 1.76777
      vertex -1.8 17.4695 2.02254
    endloop
  endfacet
  facet normal 0 0.972358 0.233495
    outer loop
      vertex 0 18.4692 0.391086
      vertex -1.8 18.3776 0.772542
      vertex 0 18.3776 0.772542
    endloop
  endfacet
  facet normal 0 0.972358 0.233495
    outer loop
      vertex -1.8 18.3776 0.772542
      vertex 0 18.4692 0.391086
      vertex -1.8 18.4692 0.391086
    endloop
  endfacet
  facet normal -1 0 0
    outer loop
      vertex -1.8 18.4692 -0.391086
      vertex -1.8 18.4692 0.391086
      vertex -1.8 18.5 0
    endloop
  endfacet
  facet normal -1 0 0
    outer loop
      vertex -1.8 18.3776 -0.772542
      vertex -1.8 18.4692 0.391086
      vertex -1.8 18.4692 -0.391086
    endloop
  endfacet
  facet normal -1 0 0
    outer loop
      vertex -1.8 18.3776 -0.772542
      vertex -1.8 18.3776 0.772542
      vertex -1.8 18.4692 0.391086
    endloop
  endfacet
  facet normal -1 0 0
    outer loop
      vertex -1.8 18.2275 -1.13498
      vertex -1.8 18.3776 0.772542
      vertex -1.8 18.3776 -0.772542
    endloop
  endfacet
  facet normal -1 0 0
    outer loop
      vertex -1.8 18.2275 -1.13498
      vertex -1.8 18.2275 1.13498
      vertex -1.8 18.3776 0.772542
    endloop
  endfacet
  facet normal -1 0 0
    outer loop
      vertex -1.8 18.0225 -1.46946
      vertex -1.8 18.2275 1.13498
      vertex -1.8 18.2275 -1.13498
    endloop
  endfacet
  facet normal -1 0 0
    outer loop
      vertex -1.8 18.0225 -1.46946
      vertex -1.8 18.0225 1.46946
      vertex -1.8 18.2275 1.13498
    endloop
  endfacet
  facet normal -1 0 0
    outer loop
      vertex -1.8 17.7678 -1.76777
      vertex -1.8 18.0225 1.46946
      vertex -1.8 18.0225 -1.46946
    endloop
  endfacet
  facet normal -1 0 0
    outer loop
      vertex -1.8 17.7678 -1.76777
      vertex -1.8 17.7678 1.76777
      vertex -1.8 18.0225 1.46946
    endloop
  endfacet
  facet normal -1 0 0
    outer loop
      vertex -1.8 17.4695 -2.02254
      vertex -1.8 17.7678 1.76777
      vertex -1.8 17.7678 -1.76777
    endloop
  endfacet
  facet normal -1 0 0
    outer loop
      vertex -1.8 17.4695 -2.02254
      vertex -1.8 17.4695 2.02254
      vertex -1.8 17.7678 1.76777
    endloop
  endfacet
  facet normal -1 0 0
    outer loop
      vertex -1.8 17.135 -2.22752
      vertex -1.8 17.4695 2.02254
      vertex -1.8 17.4695 -2.02254
    endloop
  endfacet
  facet normal -1 0 0
    outer loop
      vertex -1.8 17.135 -2.22752
      vertex -1.8 17.135 2.22752
      vertex -1.8 17.4695 2.02254
    endloop
  endfacet
  facet normal -1 0 0
    outer loop
      vertex -1.8 16.7725 -2.37764
      vertex -1.8 17.135 2.22752
      vertex -1.8 17.135 -2.22752
    endloop
  endfacet
  facet normal -1 0 0
    outer loop
      vertex -1.8 16.7725 -2.37764
      vertex -1.8 16.7725 2.37764
      vertex -1.8 17.135 2.22752
    endloop
  endfacet
  facet normal -1 0 0
    outer loop
      vertex -1.8 16.3911 -2.46922
      vertex -1.8 16.7725 2.37764
      vertex -1.8 16.7725 -2.37764
    endloop
  endfacet
  facet normal -1 0 0
    outer loop
      vertex -1.8 16.3911 -2.46922
      vertex -1.8 16.3911 2.46922
      vertex -1.8 16.7725 2.37764
    endloop
  endfacet
  facet normal -1 0 0
    outer loop
      vertex -1.8 16 -2.5
      vertex -1.8 16.3911 2.46922
      vertex -1.8 16.3911 -2.46922
    endloop
  endfacet
  facet normal -1 0 0
    outer loop
      vertex -1.8 16 -2.5
      vertex -1.8 16 2.5
      vertex -1.8 16.3911 2.46922
    endloop
  endfacet
  facet normal -1 0 0
    outer loop
      vertex -1.8 15.6089 -2.46922
      vertex -1.8 16 2.5
      vertex -1.8 16 -2.5
    endloop
  endfacet
  facet normal -1 0 0
    outer loop
      vertex -1.8 15.6089 -2.46922
      vertex -1.8 15.6089 2.46922
      vertex -1.8 16 2.5
    endloop
  endfacet
  facet normal -1 0 0
    outer loop
      vertex -1.8 15.2275 -2.37764
      vertex -1.8 15.6089 2.46922
      vertex -1.8 15.6089 -2.46922
    endloop
  endfacet
  facet normal -1 0 0
    outer loop
      vertex -1.8 15.2275 -2.37764
      vertex -1.8 15.2275 2.37764
      vertex -1.8 15.6089 2.46922
    endloop
  endfacet
  facet normal -1 0 0
    outer loop
      vertex -1.8 14.865 -2.22752
      vertex -1.8 15.2275 2.37764
      vertex -1.8 15.2275 -2.37764
    endloop
  endfacet
  facet normal -1 0 0
    outer loop
      vertex -1.8 14.865 -2.22752
      vertex -1.8 14.865 2.22752
      vertex -1.8 15.2275 2.37764
    endloop
  endfacet
  facet normal -1 0 0
    outer loop
      vertex -1.8 14.5305 -2.02254
      vertex -1.8 14.865 2.22752
      vertex -1.8 14.865 -2.22752
    endloop
  endfacet
  facet normal -1 0 0
    outer loop
      vertex -1.8 14.5305 -2.02254
      vertex -1.8 14.5305 2.02254
      vertex -1.8 14.865 2.22752
    endloop
  endfacet
  facet normal -1 0 0
    outer loop
      vertex -1.8 14.2322 -1.76777
      vertex -1.8 14.5305 2.02254
      vertex -1.8 14.5305 -2.02254
    endloop
  endfacet
  facet normal -1 0 0
    outer loop
      vertex -1.8 14.2322 -1.76777
      vertex -1.8 14.2322 1.76777
      vertex -1.8 14.5305 2.02254
    endloop
  endfacet
  facet normal -1 0 0
    outer loop
      vertex -1.8 13.9775 -1.46946
      vertex -1.8 14.2322 1.76777
      vertex -1.8 14.2322 -1.76777
    endloop
  endfacet
  facet normal -1 0 0
    outer loop
      vertex -1.8 13.9775 -1.46946
      vertex -1.8 13.9775 1.46946
      vertex -1.8 14.2322 1.76777
    endloop
  endfacet
  facet normal -1 0 0
    outer loop
      vertex -1.8 13.7725 -1.13498
      vertex -1.8 13.9775 1.46946
      vertex -1.8 13.9775 -1.46946
    endloop
  endfacet
  facet normal -1 0 0
    outer loop
      vertex -1.8 13.7725 -1.13498
      vertex -1.8 13.7725 1.13498
      vertex -1.8 13.9775 1.46946
    endloop
  endfacet
  facet normal -1 0 0
    outer loop
      vertex -1.8 13.6224 -0.772542
      vertex -1.8 13.7725 1.13498
      vertex -1.8 13.7725 -1.13498
    endloop
  endfacet
  facet normal -1 0 0
    outer loop
      vertex -1.8 13.6224 -0.772542
      vertex -1.8 13.6224 0.772542
      vertex -1.8 13.7725 1.13498
    endloop
  endfacet
  facet normal -1 0 0
    outer loop
      vertex -1.8 13.5308 -0.391086
      vertex -1.8 13.6224 0.772542
      vertex -1.8 13.6224 -0.772542
    endloop
  endfacet
  facet normal -1 0 0
    outer loop
      vertex -1.8 13.5308 -0.391086
      vertex -1.8 13.5308 0.391086
      vertex -1.8 13.6224 0.772542
    endloop
  endfacet
  facet normal -1 0 -0
    outer loop
      vertex -1.8 13.5308 0.391086
      vertex -1.8 13.5308 -0.391086
      vertex -1.8 13.5 0
    endloop
  endfacet
  facet normal 0 -0.852606 0.522555
    outer loop
      vertex -1.8 13.7725 1.13498
      vertex 0 13.9775 1.46946
      vertex -1.8 13.9775 1.46946
    endloop
  endfacet
  facet normal 0 -0.852606 0.522555
    outer loop
      vertex 0 13.9775 1.46946
      vertex -1.8 13.7725 1.13498
      vertex 0 13.7725 1.13498
    endloop
  endfacet
  facet normal 0 0.649445 -0.760409
    outer loop
      vertex -1.8 17.4695 -2.02254
      vertex 0 17.7678 -1.76777
      vertex 0 17.4695 -2.02254
    endloop
  endfacet
  facet normal 0 0.649445 -0.760409
    outer loop
      vertex 0 17.7678 -1.76777
      vertex -1.8 17.4695 -2.02254
      vertex -1.8 17.7678 -1.76777
    endloop
  endfacet
  facet normal 0 0.760508 -0.649329
    outer loop
      vertex 0 17.7678 -1.76777
      vertex -1.8 18.0225 -1.46946
      vertex 0 18.0225 -1.46946
    endloop
  endfacet
  facet normal 0 0.760508 -0.649329
    outer loop
      vertex -1.8 18.0225 -1.46946
      vertex 0 17.7678 -1.76777
      vertex -1.8 17.7678 -1.76777
    endloop
  endfacet
  facet normal 0 -0.996913 -0.078512
    outer loop
      vertex -1.8 13.5308 -0.391086
      vertex 0 13.5 0
      vertex -1.8 13.5 0
    endloop
  endfacet
  facet normal 0 -0.996913 -0.078512
    outer loop
      vertex 0 13.5 0
      vertex -1.8 13.5308 -0.391086
      vertex 0 13.5308 -0.391086
    endloop
  endfacet
  facet normal 0 -0.923904 0.382625
    outer loop
      vertex -1.8 13.6224 0.772542
      vertex 0 13.7725 1.13498
      vertex -1.8 13.7725 1.13498
    endloop
  endfacet
  facet normal 0 -0.923904 0.382625
    outer loop
      vertex 0 13.7725 1.13498
      vertex -1.8 13.6224 0.772542
      vertex 0 13.6224 0.772542
    endloop
  endfacet
  facet normal 0 -0.522495 0.852642
    outer loop
      vertex -1.8 14.865 2.22752
      vertex 0 14.5305 2.02254
      vertex 0 14.865 2.22752
    endloop
  endfacet
  facet normal 0 -0.522495 0.852642
    outer loop
      vertex 0 14.5305 2.02254
      vertex -1.8 14.865 2.22752
      vertex -1.8 14.5305 2.02254
    endloop
  endfacet
  facet normal 0 -0.972358 -0.233495
    outer loop
      vertex -1.8 13.6224 -0.772542
      vertex 0 13.5308 -0.391086
      vertex -1.8 13.5308 -0.391086
    endloop
  endfacet
  facet normal 0 -0.972358 -0.233495
    outer loop
      vertex 0 13.5308 -0.391086
      vertex -1.8 13.6224 -0.772542
      vertex 0 13.6224 -0.772542
    endloop
  endfacet
  facet normal 0 -0.760508 -0.649329
    outer loop
      vertex -1.8 14.2322 -1.76777
      vertex 0 13.9775 -1.46946
      vertex -1.8 13.9775 -1.46946
    endloop
  endfacet
  facet normal 0 -0.760508 -0.649329
    outer loop
      vertex 0 13.9775 -1.46946
      vertex -1.8 14.2322 -1.76777
      vertex 0 14.2322 -1.76777
    endloop
  endfacet
  facet normal 0 -0.0784585 0.996917
    outer loop
      vertex -1.8 16 2.5
      vertex 0 15.6089 2.46922
      vertex 0 16 2.5
    endloop
  endfacet
  facet normal 0 -0.0784585 0.996917
    outer loop
      vertex 0 15.6089 2.46922
      vertex -1.8 16 2.5
      vertex -1.8 15.6089 2.46922
    endloop
  endfacet
  facet normal 0 -0.233479 -0.972362
    outer loop
      vertex -1.8 15.2275 -2.37764
      vertex 0 15.6089 -2.46922
      vertex 0 15.2275 -2.37764
    endloop
  endfacet
  facet normal -0 -0.233479 -0.972362
    outer loop
      vertex 0 15.6089 -2.46922
      vertex -1.8 15.2275 -2.37764
      vertex -1.8 15.6089 -2.46922
    endloop
  endfacet
  facet normal 0 0.923904 -0.382625
    outer loop
      vertex 0 18.2275 -1.13498
      vertex -1.8 18.3776 -0.772542
      vertex 0 18.3776 -0.772542
    endloop
  endfacet
  facet normal 0 0.923904 -0.382625
    outer loop
      vertex -1.8 18.3776 -0.772542
      vertex 0 18.2275 -1.13498
      vertex -1.8 18.2275 -1.13498
    endloop
  endfacet
  facet normal 0 0.996913 -0.078512
    outer loop
      vertex 0 18.4692 -0.391086
      vertex -1.8 18.5 0
      vertex 0 18.5 0
    endloop
  endfacet
  facet normal 0 0.996913 -0.078512
    outer loop
      vertex -1.8 18.5 0
      vertex 0 18.4692 -0.391086
      vertex -1.8 18.4692 -0.391086
    endloop
  endfacet
  facet normal -0 0.522495 0.852642
    outer loop
      vertex -1.8 17.4695 2.02254
      vertex 0 17.135 2.22752
      vertex 0 17.4695 2.02254
    endloop
  endfacet
  facet normal 0 0.522495 0.852642
    outer loop
      vertex 0 17.135 2.22752
      vertex -1.8 17.4695 2.02254
      vertex -1.8 17.135 2.22752
    endloop
  endfacet
  facet normal -0 0.382773 0.923842
    outer loop
      vertex 0 24.5334 1.04693
      vertex 10 24.3631 1.11749
      vertex 10 24.5334 1.04693
    endloop
  endfacet
  facet normal 0 0.382773 0.923842
    outer loop
      vertex 10 24.3631 1.11749
      vertex 0 24.5334 1.04693
      vertex 0 24.3631 1.11749
    endloop
  endfacet
  facet normal 0 0.233414 -0.972377
    outer loop
      vertex 0 24.1838 -1.16053
      vertex 10 24.3631 -1.11749
      vertex 10 24.1838 -1.16053
    endloop
  endfacet
  facet normal 0 0.233414 -0.972377
    outer loop
      vertex 10 24.3631 -1.11749
      vertex 0 24.1838 -1.16053
      vertex 0 24.3631 -1.11749
    endloop
  endfacet
  facet normal 0 0.078484 -0.996915
    outer loop
      vertex 0 24 -1.175
      vertex 10 24.1838 -1.16053
      vertex 10 24 -1.175
    endloop
  endfacet
  facet normal 0 0.078484 -0.996915
    outer loop
      vertex 10 24.1838 -1.16053
      vertex 0 24 -1.175
      vertex 0 24.1838 -1.16053
    endloop
  endfacet
  facet normal 0 0.382773 -0.923842
    outer loop
      vertex 0 24.3631 -1.11749
      vertex 10 24.5334 -1.04693
      vertex 10 24.3631 -1.11749
    endloop
  endfacet
  facet normal 0 0.382773 -0.923842
    outer loop
      vertex 10 24.5334 -1.04693
      vertex 0 24.3631 -1.11749
      vertex 0 24.5334 -1.04693
    endloop
  endfacet
  facet normal 0 0.923801 -0.382872
    outer loop
      vertex 10 25.0469 -0.533439
      vertex 0 25.1175 -0.363094
      vertex 10 25.1175 -0.363094
    endloop
  endfacet
  facet normal 0 0.923801 -0.382872
    outer loop
      vertex 0 25.1175 -0.363094
      vertex 10 25.0469 -0.533439
      vertex 0 25.0469 -0.533439
    endloop
  endfacet
  facet normal 0 0.649457 -0.760398
    outer loop
      vertex 0 24.6906 -0.950595
      vertex 10 24.8308 -0.83085
      vertex 10 24.6906 -0.950595
    endloop
  endfacet
  facet normal 0 0.649457 -0.760398
    outer loop
      vertex 10 24.8308 -0.83085
      vertex 0 24.6906 -0.950595
      vertex 0 24.8308 -0.83085
    endloop
  endfacet
  facet normal 0 -0.522509 -0.852634
    outer loop
      vertex 0 23.3094 -0.950595
      vertex 10 23.4666 -1.04693
      vertex 10 23.3094 -0.950595
    endloop
  endfacet
  facet normal -0 -0.522509 -0.852634
    outer loop
      vertex 10 23.4666 -1.04693
      vertex 0 23.3094 -0.950595
      vertex 0 23.4666 -1.04693
    endloop
  endfacet
  facet normal 0 -0.233414 0.972377
    outer loop
      vertex 0 23.8162 1.16053
      vertex 10 23.6369 1.11749
      vertex 10 23.8162 1.16053
    endloop
  endfacet
  facet normal 0 -0.233414 0.972377
    outer loop
      vertex 10 23.6369 1.11749
      vertex 0 23.8162 1.16053
      vertex 0 23.6369 1.11749
    endloop
  endfacet
  facet normal 0 0.522509 -0.852634
    outer loop
      vertex 0 24.5334 -1.04693
      vertex 10 24.6906 -0.950595
      vertex 10 24.5334 -1.04693
    endloop
  endfacet
  facet normal 0 0.522509 -0.852634
    outer loop
      vertex 10 24.6906 -0.950595
      vertex 0 24.5334 -1.04693
      vertex 0 24.6906 -0.950595
    endloop
  endfacet
  facet normal 0 -0.078484 -0.996915
    outer loop
      vertex 0 23.8162 -1.16053
      vertex 10 24 -1.175
      vertex 10 23.8162 -1.16053
    endloop
  endfacet
  facet normal -0 -0.078484 -0.996915
    outer loop
      vertex 10 24 -1.175
      vertex 0 23.8162 -1.16053
      vertex 0 24 -1.175
    endloop
  endfacet
  facet normal 0 0.85273 0.522352
    outer loop
      vertex 10 25.0469 0.533439
      vertex 0 24.9506 0.690647
      vertex 10 24.9506 0.690647
    endloop
  endfacet
  facet normal 0 0.85273 0.522352
    outer loop
      vertex 0 24.9506 0.690647
      vertex 10 25.0469 0.533439
      vertex 0 25.0469 0.533439
    endloop
  endfacet
  facet normal 0 -0.996903 0.0786415
    outer loop
      vertex 0 22.825 0
      vertex 10 22.8395 0.18381
      vertex 0 22.8395 0.18381
    endloop
  endfacet
  facet normal 0 -0.996903 0.0786415
    outer loop
      vertex 10 22.8395 0.18381
      vertex 0 22.825 0
      vertex 10 22.825 0
    endloop
  endfacet
  facet normal -0 0.649457 0.760398
    outer loop
      vertex 0 24.8308 0.83085
      vertex 10 24.6906 0.950595
      vertex 10 24.8308 0.83085
    endloop
  endfacet
  facet normal 0 0.649457 0.760398
    outer loop
      vertex 10 24.6906 0.950595
      vertex 0 24.8308 0.83085
      vertex 0 24.6906 0.950595
    endloop
  endfacet
  facet normal 0 0.760258 0.649622
    outer loop
      vertex 10 24.9506 0.690647
      vertex 0 24.8308 0.83085
      vertex 10 24.8308 0.83085
    endloop
  endfacet
  facet normal 0 0.760258 0.649622
    outer loop
      vertex 0 24.8308 0.83085
      vertex 10 24.9506 0.690647
      vertex 0 24.9506 0.690647
    endloop
  endfacet
  facet normal 0 -0.923801 -0.382872
    outer loop
      vertex 0 22.9531 -0.533439
      vertex 10 22.8825 -0.363094
      vertex 0 22.8825 -0.363094
    endloop
  endfacet
  facet normal 0 -0.923801 -0.382872
    outer loop
      vertex 10 22.8825 -0.363094
      vertex 0 22.9531 -0.533439
      vertex 10 22.9531 -0.533439
    endloop
  endfacet
  facet normal 0 -0.85273 -0.522352
    outer loop
      vertex 0 23.0494 -0.690647
      vertex 10 22.9531 -0.533439
      vertex 0 22.9531 -0.533439
    endloop
  endfacet
  facet normal 0 -0.85273 -0.522352
    outer loop
      vertex 10 22.9531 -0.533439
      vertex 0 23.0494 -0.690647
      vertex 10 23.0494 -0.690647
    endloop
  endfacet
  facet normal 0 0.923801 0.382872
    outer loop
      vertex 10 25.1175 0.363094
      vertex 0 25.0469 0.533439
      vertex 10 25.0469 0.533439
    endloop
  endfacet
  facet normal 0 0.923801 0.382872
    outer loop
      vertex 0 25.0469 0.533439
      vertex 10 25.1175 0.363094
      vertex 0 25.1175 0.363094
    endloop
  endfacet
  facet normal 0 -0.85273 0.522352
    outer loop
      vertex 0 22.9531 0.533439
      vertex 10 23.0494 0.690647
      vertex 0 23.0494 0.690647
    endloop
  endfacet
  facet normal 0 -0.85273 0.522352
    outer loop
      vertex 10 23.0494 0.690647
      vertex 0 22.9531 0.533439
      vertex 10 22.9531 0.533439
    endloop
  endfacet
  facet normal -0 0.233414 0.972377
    outer loop
      vertex 0 24.3631 1.11749
      vertex 10 24.1838 1.16053
      vertex 10 24.3631 1.11749
    endloop
  endfacet
  facet normal 0 0.233414 0.972377
    outer loop
      vertex 10 24.1838 1.16053
      vertex 0 24.3631 1.11749
      vertex 0 24.1838 1.16053
    endloop
  endfacet
  facet normal 0 0.996903 0.0786415
    outer loop
      vertex 10 25.175 0
      vertex 0 25.1605 0.18381
      vertex 10 25.1605 0.18381
    endloop
  endfacet
  facet normal 0 0.996903 0.0786415
    outer loop
      vertex 0 25.1605 0.18381
      vertex 10 25.175 0
      vertex 0 25.175 0
    endloop
  endfacet
  facet normal 0 0.972422 0.233229
    outer loop
      vertex 10 25.1605 0.18381
      vertex 0 25.1175 0.363094
      vertex 10 25.1175 0.363094
    endloop
  endfacet
  facet normal 0 0.972422 0.233229
    outer loop
      vertex 0 25.1175 0.363094
      vertex 10 25.1605 0.18381
      vertex 0 25.1605 0.18381
    endloop
  endfacet
  facet normal 0 -0.078484 0.996915
    outer loop
      vertex 0 24 1.175
      vertex 10 23.8162 1.16053
      vertex 10 24 1.175
    endloop
  endfacet
  facet normal 0 -0.078484 0.996915
    outer loop
      vertex 10 23.8162 1.16053
      vertex 0 24 1.175
      vertex 0 23.8162 1.16053
    endloop
  endfacet
  facet normal 0 -0.996903 -0.0786415
    outer loop
      vertex 0 22.8395 -0.18381
      vertex 10 22.825 0
      vertex 0 22.825 0
    endloop
  endfacet
  facet normal 0 -0.996903 -0.0786415
    outer loop
      vertex 10 22.825 0
      vertex 0 22.8395 -0.18381
      vertex 10 22.8395 -0.18381
    endloop
  endfacet
  facet normal 0 -0.382773 -0.923842
    outer loop
      vertex 0 23.4666 -1.04693
      vertex 10 23.6369 -1.11749
      vertex 10 23.4666 -1.04693
    endloop
  endfacet
  facet normal -0 -0.382773 -0.923842
    outer loop
      vertex 10 23.6369 -1.11749
      vertex 0 23.4666 -1.04693
      vertex 0 23.6369 -1.11749
    endloop
  endfacet
  facet normal 0 0.760258 -0.649622
    outer loop
      vertex 10 24.8308 -0.83085
      vertex 0 24.9506 -0.690647
      vertex 10 24.9506 -0.690647
    endloop
  endfacet
  facet normal 0 0.760258 -0.649622
    outer loop
      vertex 0 24.9506 -0.690647
      vertex 10 24.8308 -0.83085
      vertex 0 24.8308 -0.83085
    endloop
  endfacet
  facet normal 0 0.85273 -0.522352
    outer loop
      vertex 10 24.9506 -0.690647
      vertex 0 25.0469 -0.533439
      vertex 10 25.0469 -0.533439
    endloop
  endfacet
  facet normal 0 0.85273 -0.522352
    outer loop
      vertex 0 25.0469 -0.533439
      vertex 10 24.9506 -0.690647
      vertex 0 24.9506 -0.690647
    endloop
  endfacet
  facet normal 0 -0.233414 -0.972377
    outer loop
      vertex 0 23.6369 -1.11749
      vertex 10 23.8162 -1.16053
      vertex 10 23.6369 -1.11749
    endloop
  endfacet
  facet normal -0 -0.233414 -0.972377
    outer loop
      vertex 10 23.8162 -1.16053
      vertex 0 23.6369 -1.11749
      vertex 0 23.8162 -1.16053
    endloop
  endfacet
  facet normal 0 0.972422 -0.233229
    outer loop
      vertex 10 25.1175 -0.363094
      vertex 0 25.1605 -0.18381
      vertex 10 25.1605 -0.18381
    endloop
  endfacet
  facet normal 0 0.972422 -0.233229
    outer loop
      vertex 0 25.1605 -0.18381
      vertex 10 25.1175 -0.363094
      vertex 0 25.1175 -0.363094
    endloop
  endfacet
  facet normal 0 -0.382773 0.923842
    outer loop
      vertex 0 23.6369 1.11749
      vertex 10 23.4666 1.04693
      vertex 10 23.6369 1.11749
    endloop
  endfacet
  facet normal 0 -0.382773 0.923842
    outer loop
      vertex 10 23.4666 1.04693
      vertex 0 23.6369 1.11749
      vertex 0 23.4666 1.04693
    endloop
  endfacet
  facet normal 0 -0.522509 0.852634
    outer loop
      vertex 0 23.4666 1.04693
      vertex 10 23.3094 0.950595
      vertex 10 23.4666 1.04693
    endloop
  endfacet
  facet normal 0 -0.522509 0.852634
    outer loop
      vertex 10 23.3094 0.950595
      vertex 0 23.4666 1.04693
      vertex 0 23.3094 0.950595
    endloop
  endfacet
  facet normal 0 -0.923801 0.382872
    outer loop
      vertex 0 22.8825 0.363094
      vertex 10 22.9531 0.533439
      vertex 0 22.9531 0.533439
    endloop
  endfacet
  facet normal 0 -0.923801 0.382872
    outer loop
      vertex 10 22.9531 0.533439
      vertex 0 22.8825 0.363094
      vertex 10 22.8825 0.363094
    endloop
  endfacet
  facet normal 0 -0.649457 0.760398
    outer loop
      vertex 0 23.3094 0.950595
      vertex 10 23.1692 0.83085
      vertex 10 23.3094 0.950595
    endloop
  endfacet
  facet normal 0 -0.649457 0.760398
    outer loop
      vertex 10 23.1692 0.83085
      vertex 0 23.3094 0.950595
      vertex 0 23.1692 0.83085
    endloop
  endfacet
  facet normal 0 -0.972422 -0.233229
    outer loop
      vertex 0 22.8825 -0.363094
      vertex 10 22.8395 -0.18381
      vertex 0 22.8395 -0.18381
    endloop
  endfacet
  facet normal 0 -0.972422 -0.233229
    outer loop
      vertex 10 22.8395 -0.18381
      vertex 0 22.8825 -0.363094
      vertex 10 22.8825 -0.363094
    endloop
  endfacet
  facet normal 0 -0.760258 0.649622
    outer loop
      vertex 0 23.0494 0.690647
      vertex 10 23.1692 0.83085
      vertex 0 23.1692 0.83085
    endloop
  endfacet
  facet normal 0 -0.760258 0.649622
    outer loop
      vertex 10 23.1692 0.83085
      vertex 0 23.0494 0.690647
      vertex 10 23.0494 0.690647
    endloop
  endfacet
  facet normal 1 0 0
    outer loop
      vertex 0 25.175 0
      vertex 0 26.5 0
      vertex 0 26.4692 0.391086
    endloop
  endfacet
  facet normal 1 0 0
    outer loop
      vertex 0 25.1605 0.18381
      vertex 0 26.4692 0.391086
      vertex 0 26.3776 0.772542
    endloop
  endfacet
  facet normal 1 0 0
    outer loop
      vertex 0 26.5 0
      vertex 0 25.175 0
      vertex 0 26.4692 -0.391086
    endloop
  endfacet
  facet normal 1 0 0
    outer loop
      vertex 0 25.1175 0.363094
      vertex 0 26.3776 0.772542
      vertex 0 26.2275 1.13498
    endloop
  endfacet
  facet normal 1 -0 0
    outer loop
      vertex 0 25.1605 -0.18381
      vertex 0 26.4692 -0.391086
      vertex 0 25.175 0
    endloop
  endfacet
  facet normal 1 0 0
    outer loop
      vertex 0 25.0469 0.533439
      vertex 0 26.2275 1.13498
      vertex 0 26.0225 1.46946
    endloop
  endfacet
  facet normal 1 0 0
    outer loop
      vertex 0 26.4692 -0.391086
      vertex 0 25.1605 -0.18381
      vertex 0 26.3776 -0.772542
    endloop
  endfacet
  facet normal 1 0 0
    outer loop
      vertex 0 24.9506 0.690647
      vertex 0 26.0225 1.46946
      vertex 0 25.7678 1.76777
    endloop
  endfacet
  facet normal 1 -0 0
    outer loop
      vertex 0 25.1175 -0.363094
      vertex 0 26.3776 -0.772542
      vertex 0 25.1605 -0.18381
    endloop
  endfacet
  facet normal 1 0 0
    outer loop
      vertex 0 24.8308 0.83085
      vertex 0 25.7678 1.76777
      vertex 0 25.4695 2.02254
    endloop
  endfacet
  facet normal 1 0 0
    outer loop
      vertex 0 26.3776 -0.772542
      vertex 0 25.1175 -0.363094
      vertex 0 26.2275 -1.13498
    endloop
  endfacet
  facet normal 1 -0 0
    outer loop
      vertex 0 25.0469 -0.533439
      vertex 0 26.2275 -1.13498
      vertex 0 25.1175 -0.363094
    endloop
  endfacet
  facet normal 1 0 0
    outer loop
      vertex 0 26.4692 0.391086
      vertex 0 25.1605 0.18381
      vertex 0 25.175 0
    endloop
  endfacet
  facet normal 1 0 0
    outer loop
      vertex 0 24.6906 0.950595
      vertex 0 25.4695 2.02254
      vertex 0 25.135 2.22752
    endloop
  endfacet
  facet normal 1 0 0
    outer loop
      vertex 0 26.3776 0.772542
      vertex 0 25.1175 0.363094
      vertex 0 25.1605 0.18381
    endloop
  endfacet
  facet normal 1 0 0
    outer loop
      vertex 0 26.2275 1.13498
      vertex 0 25.0469 0.533439
      vertex 0 25.1175 0.363094
    endloop
  endfacet
  facet normal 1 0 0
    outer loop
      vertex 0 26.0225 1.46946
      vertex 0 24.9506 0.690647
      vertex 0 25.0469 0.533439
    endloop
  endfacet
  facet normal 1 0 0
    outer loop
      vertex 0 25.7678 1.76777
      vertex 0 24.8308 0.83085
      vertex 0 24.9506 0.690647
    endloop
  endfacet
  facet normal 1 0 0
    outer loop
      vertex 0 24.5334 1.04693
      vertex 0 25.135 2.22752
      vertex 0 24.7725 2.37764
    endloop
  endfacet
  facet normal 1 0 0
    outer loop
      vertex 0 25.4695 2.02254
      vertex 0 24.6906 0.950595
      vertex 0 24.8308 0.83085
    endloop
  endfacet
  facet normal 1 0 0
    outer loop
      vertex 0 25.135 2.22752
      vertex 0 24.5334 1.04693
      vertex 0 24.6906 0.950595
    endloop
  endfacet
  facet normal 1 0 0
    outer loop
      vertex 0 24.3631 1.11749
      vertex 0 24.7725 2.37764
      vertex 0 24.3911 2.46922
    endloop
  endfacet
  facet normal 1 0 0
    outer loop
      vertex 0 24.7725 2.37764
      vertex 0 24.3631 1.11749
      vertex 0 24.5334 1.04693
    endloop
  endfacet
  facet normal 1 0 0
    outer loop
      vertex 0 24.3911 2.46922
      vertex 0 24.1838 1.16053
      vertex 0 24.3631 1.11749
    endloop
  endfacet
  facet normal 1 0 0
    outer loop
      vertex 0 24 2.5
      vertex 0 24.1838 1.16053
      vertex 0 24.3911 2.46922
    endloop
  endfacet
  facet normal 1 0 0
    outer loop
      vertex 0 24 2.5
      vertex 0 24 1.175
      vertex 0 24.1838 1.16053
    endloop
  endfacet
  facet normal 1 0 0
    outer loop
      vertex 0 24 2.5
      vertex 0 23.8162 1.16053
      vertex 0 24 1.175
    endloop
  endfacet
  facet normal 1 -0 0
    outer loop
      vertex 0 23.6089 2.46922
      vertex 0 23.8162 1.16053
      vertex 0 24 2.5
    endloop
  endfacet
  facet normal 1 0 0
    outer loop
      vertex 0 23.8162 1.16053
      vertex 0 23.6089 2.46922
      vertex 0 23.6369 1.11749
    endloop
  endfacet
  facet normal 1 -0 0
    outer loop
      vertex 0 23.2275 2.37764
      vertex 0 23.6369 1.11749
      vertex 0 23.6089 2.46922
    endloop
  endfacet
  facet normal 1 0 0
    outer loop
      vertex 0 23.6369 1.11749
      vertex 0 23.2275 2.37764
      vertex 0 23.4666 1.04693
    endloop
  endfacet
  facet normal 1 -0 0
    outer loop
      vertex 0 22.865 2.22752
      vertex 0 23.4666 1.04693
      vertex 0 23.2275 2.37764
    endloop
  endfacet
  facet normal 1 0 0
    outer loop
      vertex 0 23.4666 1.04693
      vertex 0 22.865 2.22752
      vertex 0 23.3094 0.950595
    endloop
  endfacet
  facet normal 1 -0 0
    outer loop
      vertex 0 22.5305 2.02254
      vertex 0 23.3094 0.950595
      vertex 0 22.865 2.22752
    endloop
  endfacet
  facet normal 1 0 0
    outer loop
      vertex 0 23.3094 0.950595
      vertex 0 22.5305 2.02254
      vertex 0 23.1692 0.83085
    endloop
  endfacet
  facet normal 1 -0 0
    outer loop
      vertex 0 22.2322 1.76777
      vertex 0 23.1692 0.83085
      vertex 0 22.5305 2.02254
    endloop
  endfacet
  facet normal 1 0 0
    outer loop
      vertex 0 23.1692 0.83085
      vertex 0 22.2322 1.76777
      vertex 0 23.0494 0.690647
    endloop
  endfacet
  facet normal 1 -0 0
    outer loop
      vertex 0 21.9775 1.46946
      vertex 0 23.0494 0.690647
      vertex 0 22.2322 1.76777
    endloop
  endfacet
  facet normal 1 0 0
    outer loop
      vertex 0 23.0494 0.690647
      vertex 0 21.9775 1.46946
      vertex 0 22.9531 0.533439
    endloop
  endfacet
  facet normal 1 -0 0
    outer loop
      vertex 0 21.7725 1.13498
      vertex 0 22.9531 0.533439
      vertex 0 21.9775 1.46946
    endloop
  endfacet
  facet normal 1 0 0
    outer loop
      vertex 0 26.2275 -1.13498
      vertex 0 25.0469 -0.533439
      vertex 0 26.0225 -1.46946
    endloop
  endfacet
  facet normal 1 -0 0
    outer loop
      vertex 0 24.9506 -0.690647
      vertex 0 26.0225 -1.46946
      vertex 0 25.0469 -0.533439
    endloop
  endfacet
  facet normal 1 0 0
    outer loop
      vertex 0 26.0225 -1.46946
      vertex 0 24.9506 -0.690647
      vertex 0 25.7678 -1.76777
    endloop
  endfacet
  facet normal 1 -0 0
    outer loop
      vertex 0 24.8308 -0.83085
      vertex 0 25.7678 -1.76777
      vertex 0 24.9506 -0.690647
    endloop
  endfacet
  facet normal 1 0 0
    outer loop
      vertex 0 25.7678 -1.76777
      vertex 0 24.8308 -0.83085
      vertex 0 25.4695 -2.02254
    endloop
  endfacet
  facet normal 1 -0 0
    outer loop
      vertex 0 24.6906 -0.950595
      vertex 0 25.4695 -2.02254
      vertex 0 24.8308 -0.83085
    endloop
  endfacet
  facet normal 1 0 0
    outer loop
      vertex 0 25.4695 -2.02254
      vertex 0 24.6906 -0.950595
      vertex 0 25.135 -2.22752
    endloop
  endfacet
  facet normal 1 -0 0
    outer loop
      vertex 0 24.5334 -1.04693
      vertex 0 25.135 -2.22752
      vertex 0 24.6906 -0.950595
    endloop
  endfacet
  facet normal 1 0 0
    outer loop
      vertex 0 25.135 -2.22752
      vertex 0 24.5334 -1.04693
      vertex 0 24.7725 -2.37764
    endloop
  endfacet
  facet normal 1 -0 0
    outer loop
      vertex 0 24.3631 -1.11749
      vertex 0 24.7725 -2.37764
      vertex 0 24.5334 -1.04693
    endloop
  endfacet
  facet normal 1 0 0
    outer loop
      vertex 0 24.7725 -2.37764
      vertex 0 24.3631 -1.11749
      vertex 0 24.3911 -2.46922
    endloop
  endfacet
  facet normal 1 -0 0
    outer loop
      vertex 0 24.1838 -1.16053
      vertex 0 24.3911 -2.46922
      vertex 0 24.3631 -1.11749
    endloop
  endfacet
  facet normal 1 -0 0
    outer loop
      vertex 0 24 -1.175
      vertex 0 24.3911 -2.46922
      vertex 0 24.1838 -1.16053
    endloop
  endfacet
  facet normal 1 0 0
    outer loop
      vertex 0 24 -1.175
      vertex 0 24 -2.5
      vertex 0 24.3911 -2.46922
    endloop
  endfacet
  facet normal 1 0 0
    outer loop
      vertex 0 23.8162 -1.16053
      vertex 0 24 -2.5
      vertex 0 24 -1.175
    endloop
  endfacet
  facet normal 1 0 0
    outer loop
      vertex 0 23.6089 -2.46922
      vertex 0 23.8162 -1.16053
      vertex 0 23.6369 -1.11749
    endloop
  endfacet
  facet normal 1 0 0
    outer loop
      vertex 0 23.8162 -1.16053
      vertex 0 23.6089 -2.46922
      vertex 0 24 -2.5
    endloop
  endfacet
  facet normal 1 0 0
    outer loop
      vertex 0 23.2275 -2.37764
      vertex 0 23.6369 -1.11749
      vertex 0 23.4666 -1.04693
    endloop
  endfacet
  facet normal 1 0 0
    outer loop
      vertex 0 22.865 -2.22752
      vertex 0 23.4666 -1.04693
      vertex 0 23.3094 -0.950595
    endloop
  endfacet
  facet normal 1 0 0
    outer loop
      vertex 0 23.6369 -1.11749
      vertex 0 23.2275 -2.37764
      vertex 0 23.6089 -2.46922
    endloop
  endfacet
  facet normal 1 0 0
    outer loop
      vertex 0 22.5305 -2.02254
      vertex 0 23.3094 -0.950595
      vertex 0 23.1692 -0.83085
    endloop
  endfacet
  facet normal 1 0 0
    outer loop
      vertex 0 22.2322 -1.76777
      vertex 0 23.1692 -0.83085
      vertex 0 23.0494 -0.690647
    endloop
  endfacet
  facet normal 1 0 0
    outer loop
      vertex 0 21.9775 -1.46946
      vertex 0 23.0494 -0.690647
      vertex 0 22.9531 -0.533439
    endloop
  endfacet
  facet normal 1 0 0
    outer loop
      vertex 0 21.7725 -1.13498
      vertex 0 22.9531 -0.533439
      vertex 0 22.8825 -0.363094
    endloop
  endfacet
  facet normal 1 0 0
    outer loop
      vertex 0 23.4666 -1.04693
      vertex 0 22.865 -2.22752
      vertex 0 23.2275 -2.37764
    endloop
  endfacet
  facet normal 1 0 0
    outer loop
      vertex 0 21.6224 -0.772542
      vertex 0 22.8825 -0.363094
      vertex 0 22.8395 -0.18381
    endloop
  endfacet
  facet normal 1 0 0
    outer loop
      vertex 0 21.5308 -0.391086
      vertex 0 22.8395 -0.18381
      vertex 0 22.825 0
    endloop
  endfacet
  facet normal 1 0 0
    outer loop
      vertex 0 22.9531 0.533439
      vertex 0 21.7725 1.13498
      vertex 0 22.8825 0.363094
    endloop
  endfacet
  facet normal 1 0 0
    outer loop
      vertex 0 23.3094 -0.950595
      vertex 0 22.5305 -2.02254
      vertex 0 22.865 -2.22752
    endloop
  endfacet
  facet normal 1 -0 0
    outer loop
      vertex 0 21.6224 0.772542
      vertex 0 22.8825 0.363094
      vertex 0 21.7725 1.13498
    endloop
  endfacet
  facet normal 1 0 0
    outer loop
      vertex 0 23.1692 -0.83085
      vertex 0 22.2322 -1.76777
      vertex 0 22.5305 -2.02254
    endloop
  endfacet
  facet normal 1 0 0
    outer loop
      vertex 0 22.8825 0.363094
      vertex 0 21.6224 0.772542
      vertex 0 22.8395 0.18381
    endloop
  endfacet
  facet normal 1 0 0
    outer loop
      vertex 0 23.0494 -0.690647
      vertex 0 21.9775 -1.46946
      vertex 0 22.2322 -1.76777
    endloop
  endfacet
  facet normal 1 -0 0
    outer loop
      vertex 0 21.5308 0.391086
      vertex 0 22.8395 0.18381
      vertex 0 21.6224 0.772542
    endloop
  endfacet
  facet normal 1 0 0
    outer loop
      vertex 0 22.9531 -0.533439
      vertex 0 21.7725 -1.13498
      vertex 0 21.9775 -1.46946
    endloop
  endfacet
  facet normal 1 0 0
    outer loop
      vertex 0 22.8395 0.18381
      vertex 0 21.5308 0.391086
      vertex 0 22.825 0
    endloop
  endfacet
  facet normal 1 0 0
    outer loop
      vertex 0 22.8825 -0.363094
      vertex 0 21.6224 -0.772542
      vertex 0 21.7725 -1.13498
    endloop
  endfacet
  facet normal 1 0 0
    outer loop
      vertex 0 21.5 0
      vertex 0 22.825 0
      vertex 0 21.5308 0.391086
    endloop
  endfacet
  facet normal 1 0 0
    outer loop
      vertex 0 22.8395 -0.18381
      vertex 0 21.5308 -0.391086
      vertex 0 21.6224 -0.772542
    endloop
  endfacet
  facet normal 1 0 0
    outer loop
      vertex 0 22.825 0
      vertex 0 21.5 0
      vertex 0 21.5308 -0.391086
    endloop
  endfacet
  facet normal 0 -0.972422 0.233229
    outer loop
      vertex 0 22.8395 0.18381
      vertex 10 22.8825 0.363094
      vertex 0 22.8825 0.363094
    endloop
  endfacet
  facet normal 0 -0.972422 0.233229
    outer loop
      vertex 10 22.8825 0.363094
      vertex 0 22.8395 0.18381
      vertex 10 22.8395 0.18381
    endloop
  endfacet
  facet normal 0 0.996903 -0.0786415
    outer loop
      vertex 10 25.1605 -0.18381
      vertex 0 25.175 0
      vertex 10 25.175 0
    endloop
  endfacet
  facet normal 0 0.996903 -0.0786415
    outer loop
      vertex 0 25.175 0
      vertex 10 25.1605 -0.18381
      vertex 0 25.1605 -0.18381
    endloop
  endfacet
  facet normal -0 0.078484 0.996915
    outer loop
      vertex 0 24.1838 1.16053
      vertex 10 24 1.175
      vertex 10 24.1838 1.16053
    endloop
  endfacet
  facet normal 0 0.078484 0.996915
    outer loop
      vertex 10 24 1.175
      vertex 0 24.1838 1.16053
      vertex 0 24 1.175
    endloop
  endfacet
  facet normal 0 -0.649457 -0.760398
    outer loop
      vertex 0 23.1692 -0.83085
      vertex 10 23.3094 -0.950595
      vertex 10 23.1692 -0.83085
    endloop
  endfacet
  facet normal -0 -0.649457 -0.760398
    outer loop
      vertex 10 23.3094 -0.950595
      vertex 0 23.1692 -0.83085
      vertex 0 23.3094 -0.950595
    endloop
  endfacet
  facet normal 1 0 0
    outer loop
      vertex 10 25.1605 0.18381
      vertex 10 25.1605 -0.18381
      vertex 10 25.175 0
    endloop
  endfacet
  facet normal 1 0 0
    outer loop
      vertex 10 25.1175 0.363094
      vertex 10 25.1605 -0.18381
      vertex 10 25.1605 0.18381
    endloop
  endfacet
  facet normal 1 0 0
    outer loop
      vertex 10 25.1175 0.363094
      vertex 10 25.1175 -0.363094
      vertex 10 25.1605 -0.18381
    endloop
  endfacet
  facet normal 1 0 0
    outer loop
      vertex 10 25.0469 0.533439
      vertex 10 25.1175 -0.363094
      vertex 10 25.1175 0.363094
    endloop
  endfacet
  facet normal 1 0 0
    outer loop
      vertex 10 25.0469 0.533439
      vertex 10 25.0469 -0.533439
      vertex 10 25.1175 -0.363094
    endloop
  endfacet
  facet normal 1 0 0
    outer loop
      vertex 10 24.9506 0.690647
      vertex 10 25.0469 -0.533439
      vertex 10 25.0469 0.533439
    endloop
  endfacet
  facet normal 1 0 0
    outer loop
      vertex 10 24.9506 0.690647
      vertex 10 24.9506 -0.690647
      vertex 10 25.0469 -0.533439
    endloop
  endfacet
  facet normal 1 0 0
    outer loop
      vertex 10 24.8308 0.83085
      vertex 10 24.9506 -0.690647
      vertex 10 24.9506 0.690647
    endloop
  endfacet
  facet normal 1 0 0
    outer loop
      vertex 10 24.8308 0.83085
      vertex 10 24.8308 -0.83085
      vertex 10 24.9506 -0.690647
    endloop
  endfacet
  facet normal 1 0 0
    outer loop
      vertex 10 24.6906 0.950595
      vertex 10 24.8308 -0.83085
      vertex 10 24.8308 0.83085
    endloop
  endfacet
  facet normal 1 0 0
    outer loop
      vertex 10 24.6906 0.950595
      vertex 10 24.6906 -0.950595
      vertex 10 24.8308 -0.83085
    endloop
  endfacet
  facet normal 1 0 0
    outer loop
      vertex 10 24.5334 1.04693
      vertex 10 24.6906 -0.950595
      vertex 10 24.6906 0.950595
    endloop
  endfacet
  facet normal 1 0 0
    outer loop
      vertex 10 24.5334 1.04693
      vertex 10 24.5334 -1.04693
      vertex 10 24.6906 -0.950595
    endloop
  endfacet
  facet normal 1 0 0
    outer loop
      vertex 10 24.3631 1.11749
      vertex 10 24.5334 -1.04693
      vertex 10 24.5334 1.04693
    endloop
  endfacet
  facet normal 1 0 0
    outer loop
      vertex 10 24.3631 1.11749
      vertex 10 24.3631 -1.11749
      vertex 10 24.5334 -1.04693
    endloop
  endfacet
  facet normal 1 0 0
    outer loop
      vertex 10 24.1838 1.16053
      vertex 10 24.3631 -1.11749
      vertex 10 24.3631 1.11749
    endloop
  endfacet
  facet normal 1 0 0
    outer loop
      vertex 10 24.1838 1.16053
      vertex 10 24.1838 -1.16053
      vertex 10 24.3631 -1.11749
    endloop
  endfacet
  facet normal 1 0 0
    outer loop
      vertex 10 24 1.175
      vertex 10 24.1838 -1.16053
      vertex 10 24.1838 1.16053
    endloop
  endfacet
  facet normal 1 0 0
    outer loop
      vertex 10 24 1.175
      vertex 10 24 -1.175
      vertex 10 24.1838 -1.16053
    endloop
  endfacet
  facet normal 1 -0 0
    outer loop
      vertex 10 23.8162 1.16053
      vertex 10 24 -1.175
      vertex 10 24 1.175
    endloop
  endfacet
  facet normal 1 0 0
    outer loop
      vertex 10 23.8162 1.16053
      vertex 10 23.8162 -1.16053
      vertex 10 24 -1.175
    endloop
  endfacet
  facet normal 1 -0 0
    outer loop
      vertex 10 23.6369 1.11749
      vertex 10 23.8162 -1.16053
      vertex 10 23.8162 1.16053
    endloop
  endfacet
  facet normal 1 0 0
    outer loop
      vertex 10 23.6369 1.11749
      vertex 10 23.6369 -1.11749
      vertex 10 23.8162 -1.16053
    endloop
  endfacet
  facet normal 1 -0 0
    outer loop
      vertex 10 23.4666 1.04693
      vertex 10 23.6369 -1.11749
      vertex 10 23.6369 1.11749
    endloop
  endfacet
  facet normal 1 0 0
    outer loop
      vertex 10 23.4666 1.04693
      vertex 10 23.4666 -1.04693
      vertex 10 23.6369 -1.11749
    endloop
  endfacet
  facet normal 1 -0 0
    outer loop
      vertex 10 23.3094 0.950595
      vertex 10 23.4666 -1.04693
      vertex 10 23.4666 1.04693
    endloop
  endfacet
  facet normal 1 0 0
    outer loop
      vertex 10 23.3094 0.950595
      vertex 10 23.3094 -0.950595
      vertex 10 23.4666 -1.04693
    endloop
  endfacet
  facet normal 1 -0 0
    outer loop
      vertex 10 23.1692 0.83085
      vertex 10 23.3094 -0.950595
      vertex 10 23.3094 0.950595
    endloop
  endfacet
  facet normal 1 0 0
    outer loop
      vertex 10 23.1692 0.83085
      vertex 10 23.1692 -0.83085
      vertex 10 23.3094 -0.950595
    endloop
  endfacet
  facet normal 1 -0 0
    outer loop
      vertex 10 23.0494 0.690647
      vertex 10 23.1692 -0.83085
      vertex 10 23.1692 0.83085
    endloop
  endfacet
  facet normal 1 0 0
    outer loop
      vertex 10 23.0494 0.690647
      vertex 10 23.0494 -0.690647
      vertex 10 23.1692 -0.83085
    endloop
  endfacet
  facet normal 1 -0 0
    outer loop
      vertex 10 22.9531 0.533439
      vertex 10 23.0494 -0.690647
      vertex 10 23.0494 0.690647
    endloop
  endfacet
  facet normal 1 0 0
    outer loop
      vertex 10 22.9531 0.533439
      vertex 10 22.9531 -0.533439
      vertex 10 23.0494 -0.690647
    endloop
  endfacet
  facet normal 1 -0 0
    outer loop
      vertex 10 22.8825 0.363094
      vertex 10 22.9531 -0.533439
      vertex 10 22.9531 0.533439
    endloop
  endfacet
  facet normal 1 0 0
    outer loop
      vertex 10 22.8825 0.363094
      vertex 10 22.8825 -0.363094
      vertex 10 22.9531 -0.533439
    endloop
  endfacet
  facet normal 1 -0 0
    outer loop
      vertex 10 22.8395 0.18381
      vertex 10 22.8825 -0.363094
      vertex 10 22.8825 0.363094
    endloop
  endfacet
  facet normal 1 0 0
    outer loop
      vertex 10 22.8395 0.18381
      vertex 10 22.8395 -0.18381
      vertex 10 22.8825 -0.363094
    endloop
  endfacet
  facet normal 1 0 -0
    outer loop
      vertex 10 22.8395 -0.18381
      vertex 10 22.8395 0.18381
      vertex 10 22.825 0
    endloop
  endfacet
  facet normal -0 0.522509 0.852634
    outer loop
      vertex 0 24.6906 0.950595
      vertex 10 24.5334 1.04693
      vertex 10 24.6906 0.950595
    endloop
  endfacet
  facet normal 0 0.522509 0.852634
    outer loop
      vertex 10 24.5334 1.04693
      vertex 0 24.6906 0.950595
      vertex 0 24.5334 1.04693
    endloop
  endfacet
  facet normal 0 -0.760258 -0.649622
    outer loop
      vertex 0 23.1692 -0.83085
      vertex 10 23.0494 -0.690647
      vertex 0 23.0494 -0.690647
    endloop
  endfacet
  facet normal 0 -0.760258 -0.649622
    outer loop
      vertex 10 23.0494 -0.690647
      vertex 0 23.1692 -0.83085
      vertex 10 23.1692 -0.83085
    endloop
  endfacet
  facet normal 0 -0.233479 0.972362
    outer loop
      vertex -1.8 23.6089 2.46922
      vertex 0 23.2275 2.37764
      vertex 0 23.6089 2.46922
    endloop
  endfacet
  facet normal 0 -0.233479 0.972362
    outer loop
      vertex 0 23.2275 2.37764
      vertex -1.8 23.6089 2.46922
      vertex -1.8 23.2275 2.37764
    endloop
  endfacet
  facet normal 0 0.233479 -0.972362
    outer loop
      vertex -1.8 24.3911 -2.46922
      vertex 0 24.7725 -2.37764
      vertex 0 24.3911 -2.46922
    endloop
  endfacet
  facet normal 0 0.233479 -0.972362
    outer loop
      vertex 0 24.7725 -2.37764
      vertex -1.8 24.3911 -2.46922
      vertex -1.8 24.7725 -2.37764
    endloop
  endfacet
  facet normal 0 0.0784585 -0.996917
    outer loop
      vertex -1.8 24 -2.5
      vertex 0 24.3911 -2.46922
      vertex 0 24 -2.5
    endloop
  endfacet
  facet normal 0 0.0784585 -0.996917
    outer loop
      vertex 0 24.3911 -2.46922
      vertex -1.8 24 -2.5
      vertex -1.8 24.3911 -2.46922
    endloop
  endfacet
  facet normal 0 0.382613 -0.923909
    outer loop
      vertex -1.8 24.7725 -2.37764
      vertex 0 25.135 -2.22752
      vertex 0 24.7725 -2.37764
    endloop
  endfacet
  facet normal 0 0.382613 -0.923909
    outer loop
      vertex 0 25.135 -2.22752
      vertex -1.8 24.7725 -2.37764
      vertex -1.8 25.135 -2.22752
    endloop
  endfacet
  facet normal 0 -0.923904 -0.382625
    outer loop
      vertex -1.8 21.7725 -1.13498
      vertex 0 21.6224 -0.772542
      vertex -1.8 21.6224 -0.772542
    endloop
  endfacet
  facet normal 0 -0.923904 -0.382625
    outer loop
      vertex 0 21.6224 -0.772542
      vertex -1.8 21.7725 -1.13498
      vertex 0 21.7725 -1.13498
    endloop
  endfacet
  facet normal 0 -0.522495 -0.852642
    outer loop
      vertex -1.8 22.5305 -2.02254
      vertex 0 22.865 -2.22752
      vertex 0 22.5305 -2.02254
    endloop
  endfacet
  facet normal -0 -0.522495 -0.852642
    outer loop
      vertex 0 22.865 -2.22752
      vertex -1.8 22.5305 -2.02254
      vertex -1.8 22.865 -2.22752
    endloop
  endfacet
  facet normal 0 0.760508 0.649329
    outer loop
      vertex 0 26.0225 1.46946
      vertex -1.8 25.7678 1.76777
      vertex 0 25.7678 1.76777
    endloop
  endfacet
  facet normal 0 0.760508 0.649329
    outer loop
      vertex -1.8 25.7678 1.76777
      vertex 0 26.0225 1.46946
      vertex -1.8 26.0225 1.46946
    endloop
  endfacet
  facet normal 0 0.923904 0.382625
    outer loop
      vertex 0 26.3776 0.772542
      vertex -1.8 26.2275 1.13498
      vertex 0 26.2275 1.13498
    endloop
  endfacet
  facet normal 0 0.923904 0.382625
    outer loop
      vertex -1.8 26.2275 1.13498
      vertex 0 26.3776 0.772542
      vertex -1.8 26.3776 0.772542
    endloop
  endfacet
  facet normal 0 -0.649445 -0.760409
    outer loop
      vertex -1.8 22.2322 -1.76777
      vertex 0 22.5305 -2.02254
      vertex 0 22.2322 -1.76777
    endloop
  endfacet
  facet normal -0 -0.649445 -0.760409
    outer loop
      vertex 0 22.5305 -2.02254
      vertex -1.8 22.2322 -1.76777
      vertex -1.8 22.5305 -2.02254
    endloop
  endfacet
  facet normal 0 -0.0784585 -0.996917
    outer loop
      vertex -1.8 23.6089 -2.46922
      vertex 0 24 -2.5
      vertex 0 23.6089 -2.46922
    endloop
  endfacet
  facet normal -0 -0.0784585 -0.996917
    outer loop
      vertex 0 24 -2.5
      vertex -1.8 23.6089 -2.46922
      vertex -1.8 24 -2.5
    endloop
  endfacet
  facet normal 0 -0.382613 -0.923909
    outer loop
      vertex -1.8 22.865 -2.22752
      vertex 0 23.2275 -2.37764
      vertex 0 22.865 -2.22752
    endloop
  endfacet
  facet normal -0 -0.382613 -0.923909
    outer loop
      vertex 0 23.2275 -2.37764
      vertex -1.8 22.865 -2.22752
      vertex -1.8 23.2275 -2.37764
    endloop
  endfacet
  facet normal 0 -0.382613 0.923909
    outer loop
      vertex -1.8 23.2275 2.37764
      vertex 0 22.865 2.22752
      vertex 0 23.2275 2.37764
    endloop
  endfacet
  facet normal 0 -0.382613 0.923909
    outer loop
      vertex 0 22.865 2.22752
      vertex -1.8 23.2275 2.37764
      vertex -1.8 22.865 2.22752
    endloop
  endfacet
  facet normal -0 0.0784585 0.996917
    outer loop
      vertex -1.8 24.3911 2.46922
      vertex 0 24 2.5
      vertex 0 24.3911 2.46922
    endloop
  endfacet
  facet normal 0 0.0784585 0.996917
    outer loop
      vertex 0 24 2.5
      vertex -1.8 24.3911 2.46922
      vertex -1.8 24 2.5
    endloop
  endfacet
  facet normal -0 0.233479 0.972362
    outer loop
      vertex -1.8 24.7725 2.37764
      vertex 0 24.3911 2.46922
      vertex 0 24.7725 2.37764
    endloop
  endfacet
  facet normal 0 0.233479 0.972362
    outer loop
      vertex 0 24.3911 2.46922
      vertex -1.8 24.7725 2.37764
      vertex -1.8 24.3911 2.46922
    endloop
  endfacet
  facet normal 0 0.972358 -0.233495
    outer loop
      vertex 0 26.3776 -0.772542
      vertex -1.8 26.4692 -0.391086
      vertex 0 26.4692 -0.391086
    endloop
  endfacet
  facet normal 0 0.972358 -0.233495
    outer loop
      vertex -1.8 26.4692 -0.391086
      vertex 0 26.3776 -0.772542
      vertex -1.8 26.3776 -0.772542
    endloop
  endfacet
  facet normal 0 0.996913 0.078512
    outer loop
      vertex 0 26.5 0
      vertex -1.8 26.4692 0.391086
      vertex 0 26.4692 0.391086
    endloop
  endfacet
  facet normal 0 0.996913 0.078512
    outer loop
      vertex -1.8 26.4692 0.391086
      vertex 0 26.5 0
      vertex -1.8 26.5 0
    endloop
  endfacet
  facet normal 0 -0.649445 0.760409
    outer loop
      vertex -1.8 22.5305 2.02254
      vertex 0 22.2322 1.76777
      vertex 0 22.5305 2.02254
    endloop
  endfacet
  facet normal 0 -0.649445 0.760409
    outer loop
      vertex 0 22.2322 1.76777
      vertex -1.8 22.5305 2.02254
      vertex -1.8 22.2322 1.76777
    endloop
  endfacet
  facet normal 0 -0.972358 0.233495
    outer loop
      vertex -1.8 21.5308 0.391086
      vertex 0 21.6224 0.772542
      vertex -1.8 21.6224 0.772542
    endloop
  endfacet
  facet normal 0 -0.972358 0.233495
    outer loop
      vertex 0 21.6224 0.772542
      vertex -1.8 21.5308 0.391086
      vertex 0 21.5308 0.391086
    endloop
  endfacet
  facet normal 0 -0.760508 0.649329
    outer loop
      vertex -1.8 21.9775 1.46946
      vertex 0 22.2322 1.76777
      vertex -1.8 22.2322 1.76777
    endloop
  endfacet
  facet normal 0 -0.760508 0.649329
    outer loop
      vertex 0 22.2322 1.76777
      vertex -1.8 21.9775 1.46946
      vertex 0 21.9775 1.46946
    endloop
  endfacet
  facet normal 0 0.522495 -0.852642
    outer loop
      vertex -1.8 25.135 -2.22752
      vertex 0 25.4695 -2.02254
      vertex 0 25.135 -2.22752
    endloop
  endfacet
  facet normal 0 0.522495 -0.852642
    outer loop
      vertex 0 25.4695 -2.02254
      vertex -1.8 25.135 -2.22752
      vertex -1.8 25.4695 -2.02254
    endloop
  endfacet
  facet normal -0 0.382613 0.923909
    outer loop
      vertex -1.8 25.135 2.22752
      vertex 0 24.7725 2.37764
      vertex 0 25.135 2.22752
    endloop
  endfacet
  facet normal 0 0.382613 0.923909
    outer loop
      vertex 0 24.7725 2.37764
      vertex -1.8 25.135 2.22752
      vertex -1.8 24.7725 2.37764
    endloop
  endfacet
  facet normal 0 0.852606 0.522555
    outer loop
      vertex 0 26.2275 1.13498
      vertex -1.8 26.0225 1.46946
      vertex 0 26.0225 1.46946
    endloop
  endfacet
  facet normal 0 0.852606 0.522555
    outer loop
      vertex -1.8 26.0225 1.46946
      vertex 0 26.2275 1.13498
      vertex -1.8 26.2275 1.13498
    endloop
  endfacet
  facet normal 0 -0.996913 0.078512
    outer loop
      vertex -1.8 21.5 0
      vertex 0 21.5308 0.391086
      vertex -1.8 21.5308 0.391086
    endloop
  endfacet
  facet normal 0 -0.996913 0.078512
    outer loop
      vertex 0 21.5308 0.391086
      vertex -1.8 21.5 0
      vertex 0 21.5 0
    endloop
  endfacet
  facet normal 0 0.852606 -0.522555
    outer loop
      vertex 0 26.0225 -1.46946
      vertex -1.8 26.2275 -1.13498
      vertex 0 26.2275 -1.13498
    endloop
  endfacet
  facet normal 0 0.852606 -0.522555
    outer loop
      vertex -1.8 26.2275 -1.13498
      vertex 0 26.0225 -1.46946
      vertex -1.8 26.0225 -1.46946
    endloop
  endfacet
  facet normal 0 -0.852606 -0.522555
    outer loop
      vertex -1.8 21.9775 -1.46946
      vertex 0 21.7725 -1.13498
      vertex -1.8 21.7725 -1.13498
    endloop
  endfacet
  facet normal 0 -0.852606 -0.522555
    outer loop
      vertex 0 21.7725 -1.13498
      vertex -1.8 21.9775 -1.46946
      vertex 0 21.9775 -1.46946
    endloop
  endfacet
  facet normal -0 0.649445 0.760409
    outer loop
      vertex -1.8 25.7678 1.76777
      vertex 0 25.4695 2.02254
      vertex 0 25.7678 1.76777
    endloop
  endfacet
  facet normal 0 0.649445 0.760409
    outer loop
      vertex 0 25.4695 2.02254
      vertex -1.8 25.7678 1.76777
      vertex -1.8 25.4695 2.02254
    endloop
  endfacet
  facet normal 0 0.972358 0.233495
    outer loop
      vertex 0 26.4692 0.391086
      vertex -1.8 26.3776 0.772542
      vertex 0 26.3776 0.772542
    endloop
  endfacet
  facet normal 0 0.972358 0.233495
    outer loop
      vertex -1.8 26.3776 0.772542
      vertex 0 26.4692 0.391086
      vertex -1.8 26.4692 0.391086
    endloop
  endfacet
  facet normal -1 0 0
    outer loop
      vertex -1.8 26.4692 -0.391086
      vertex -1.8 26.4692 0.391086
      vertex -1.8 26.5 0
    endloop
  endfacet
  facet normal -1 0 0
    outer loop
      vertex -1.8 26.3776 -0.772542
      vertex -1.8 26.4692 0.391086
      vertex -1.8 26.4692 -0.391086
    endloop
  endfacet
  facet normal -1 0 0
    outer loop
      vertex -1.8 26.3776 -0.772542
      vertex -1.8 26.3776 0.772542
      vertex -1.8 26.4692 0.391086
    endloop
  endfacet
  facet normal -1 0 0
    outer loop
      vertex -1.8 26.2275 -1.13498
      vertex -1.8 26.3776 0.772542
      vertex -1.8 26.3776 -0.772542
    endloop
  endfacet
  facet normal -1 0 0
    outer loop
      vertex -1.8 26.2275 -1.13498
      vertex -1.8 26.2275 1.13498
      vertex -1.8 26.3776 0.772542
    endloop
  endfacet
  facet normal -1 0 0
    outer loop
      vertex -1.8 26.0225 -1.46946
      vertex -1.8 26.2275 1.13498
      vertex -1.8 26.2275 -1.13498
    endloop
  endfacet
  facet normal -1 0 0
    outer loop
      vertex -1.8 26.0225 -1.46946
      vertex -1.8 26.0225 1.46946
      vertex -1.8 26.2275 1.13498
    endloop
  endfacet
  facet normal -1 0 0
    outer loop
      vertex -1.8 25.7678 -1.76777
      vertex -1.8 26.0225 1.46946
      vertex -1.8 26.0225 -1.46946
    endloop
  endfacet
  facet normal -1 0 0
    outer loop
      vertex -1.8 25.7678 -1.76777
      vertex -1.8 25.7678 1.76777
      vertex -1.8 26.0225 1.46946
    endloop
  endfacet
  facet normal -1 0 0
    outer loop
      vertex -1.8 25.4695 -2.02254
      vertex -1.8 25.7678 1.76777
      vertex -1.8 25.7678 -1.76777
    endloop
  endfacet
  facet normal -1 0 0
    outer loop
      vertex -1.8 25.4695 -2.02254
      vertex -1.8 25.4695 2.02254
      vertex -1.8 25.7678 1.76777
    endloop
  endfacet
  facet normal -1 0 0
    outer loop
      vertex -1.8 25.135 -2.22752
      vertex -1.8 25.4695 2.02254
      vertex -1.8 25.4695 -2.02254
    endloop
  endfacet
  facet normal -1 0 0
    outer loop
      vertex -1.8 25.135 -2.22752
      vertex -1.8 25.135 2.22752
      vertex -1.8 25.4695 2.02254
    endloop
  endfacet
  facet normal -1 0 0
    outer loop
      vertex -1.8 24.7725 -2.37764
      vertex -1.8 25.135 2.22752
      vertex -1.8 25.135 -2.22752
    endloop
  endfacet
  facet normal -1 0 0
    outer loop
      vertex -1.8 24.7725 -2.37764
      vertex -1.8 24.7725 2.37764
      vertex -1.8 25.135 2.22752
    endloop
  endfacet
  facet normal -1 0 0
    outer loop
      vertex -1.8 24.3911 -2.46922
      vertex -1.8 24.7725 2.37764
      vertex -1.8 24.7725 -2.37764
    endloop
  endfacet
  facet normal -1 0 0
    outer loop
      vertex -1.8 24.3911 -2.46922
      vertex -1.8 24.3911 2.46922
      vertex -1.8 24.7725 2.37764
    endloop
  endfacet
  facet normal -1 0 0
    outer loop
      vertex -1.8 24 -2.5
      vertex -1.8 24.3911 2.46922
      vertex -1.8 24.3911 -2.46922
    endloop
  endfacet
  facet normal -1 0 0
    outer loop
      vertex -1.8 24 -2.5
      vertex -1.8 24 2.5
      vertex -1.8 24.3911 2.46922
    endloop
  endfacet
  facet normal -1 0 0
    outer loop
      vertex -1.8 23.6089 -2.46922
      vertex -1.8 24 2.5
      vertex -1.8 24 -2.5
    endloop
  endfacet
  facet normal -1 0 0
    outer loop
      vertex -1.8 23.6089 -2.46922
      vertex -1.8 23.6089 2.46922
      vertex -1.8 24 2.5
    endloop
  endfacet
  facet normal -1 0 0
    outer loop
      vertex -1.8 23.2275 -2.37764
      vertex -1.8 23.6089 2.46922
      vertex -1.8 23.6089 -2.46922
    endloop
  endfacet
  facet normal -1 0 0
    outer loop
      vertex -1.8 23.2275 -2.37764
      vertex -1.8 23.2275 2.37764
      vertex -1.8 23.6089 2.46922
    endloop
  endfacet
  facet normal -1 0 0
    outer loop
      vertex -1.8 22.865 -2.22752
      vertex -1.8 23.2275 2.37764
      vertex -1.8 23.2275 -2.37764
    endloop
  endfacet
  facet normal -1 0 0
    outer loop
      vertex -1.8 22.865 -2.22752
      vertex -1.8 22.865 2.22752
      vertex -1.8 23.2275 2.37764
    endloop
  endfacet
  facet normal -1 0 0
    outer loop
      vertex -1.8 22.5305 -2.02254
      vertex -1.8 22.865 2.22752
      vertex -1.8 22.865 -2.22752
    endloop
  endfacet
  facet normal -1 0 0
    outer loop
      vertex -1.8 22.5305 -2.02254
      vertex -1.8 22.5305 2.02254
      vertex -1.8 22.865 2.22752
    endloop
  endfacet
  facet normal -1 0 0
    outer loop
      vertex -1.8 22.2322 -1.76777
      vertex -1.8 22.5305 2.02254
      vertex -1.8 22.5305 -2.02254
    endloop
  endfacet
  facet normal -1 0 0
    outer loop
      vertex -1.8 22.2322 -1.76777
      vertex -1.8 22.2322 1.76777
      vertex -1.8 22.5305 2.02254
    endloop
  endfacet
  facet normal -1 0 0
    outer loop
      vertex -1.8 21.9775 -1.46946
      vertex -1.8 22.2322 1.76777
      vertex -1.8 22.2322 -1.76777
    endloop
  endfacet
  facet normal -1 0 0
    outer loop
      vertex -1.8 21.9775 -1.46946
      vertex -1.8 21.9775 1.46946
      vertex -1.8 22.2322 1.76777
    endloop
  endfacet
  facet normal -1 0 0
    outer loop
      vertex -1.8 21.7725 -1.13498
      vertex -1.8 21.9775 1.46946
      vertex -1.8 21.9775 -1.46946
    endloop
  endfacet
  facet normal -1 0 0
    outer loop
      vertex -1.8 21.7725 -1.13498
      vertex -1.8 21.7725 1.13498
      vertex -1.8 21.9775 1.46946
    endloop
  endfacet
  facet normal -1 0 0
    outer loop
      vertex -1.8 21.6224 -0.772542
      vertex -1.8 21.7725 1.13498
      vertex -1.8 21.7725 -1.13498
    endloop
  endfacet
  facet normal -1 0 0
    outer loop
      vertex -1.8 21.6224 -0.772542
      vertex -1.8 21.6224 0.772542
      vertex -1.8 21.7725 1.13498
    endloop
  endfacet
  facet normal -1 0 0
    outer loop
      vertex -1.8 21.5308 -0.391086
      vertex -1.8 21.6224 0.772542
      vertex -1.8 21.6224 -0.772542
    endloop
  endfacet
  facet normal -1 0 0
    outer loop
      vertex -1.8 21.5308 -0.391086
      vertex -1.8 21.5308 0.391086
      vertex -1.8 21.6224 0.772542
    endloop
  endfacet
  facet normal -1 0 -0
    outer loop
      vertex -1.8 21.5308 0.391086
      vertex -1.8 21.5308 -0.391086
      vertex -1.8 21.5 0
    endloop
  endfacet
  facet normal 0 -0.852606 0.522555
    outer loop
      vertex -1.8 21.7725 1.13498
      vertex 0 21.9775 1.46946
      vertex -1.8 21.9775 1.46946
    endloop
  endfacet
  facet normal 0 -0.852606 0.522555
    outer loop
      vertex 0 21.9775 1.46946
      vertex -1.8 21.7725 1.13498
      vertex 0 21.7725 1.13498
    endloop
  endfacet
  facet normal 0 0.649445 -0.760409
    outer loop
      vertex -1.8 25.4695 -2.02254
      vertex 0 25.7678 -1.76777
      vertex 0 25.4695 -2.02254
    endloop
  endfacet
  facet normal 0 0.649445 -0.760409
    outer loop
      vertex 0 25.7678 -1.76777
      vertex -1.8 25.4695 -2.02254
      vertex -1.8 25.7678 -1.76777
    endloop
  endfacet
  facet normal 0 0.760508 -0.649329
    outer loop
      vertex 0 25.7678 -1.76777
      vertex -1.8 26.0225 -1.46946
      vertex 0 26.0225 -1.46946
    endloop
  endfacet
  facet normal 0 0.760508 -0.649329
    outer loop
      vertex -1.8 26.0225 -1.46946
      vertex 0 25.7678 -1.76777
      vertex -1.8 25.7678 -1.76777
    endloop
  endfacet
  facet normal 0 -0.996913 -0.078512
    outer loop
      vertex -1.8 21.5308 -0.391086
      vertex 0 21.5 0
      vertex -1.8 21.5 0
    endloop
  endfacet
  facet normal 0 -0.996913 -0.078512
    outer loop
      vertex 0 21.5 0
      vertex -1.8 21.5308 -0.391086
      vertex 0 21.5308 -0.391086
    endloop
  endfacet
  facet normal 0 -0.923904 0.382625
    outer loop
      vertex -1.8 21.6224 0.772542
      vertex 0 21.7725 1.13498
      vertex -1.8 21.7725 1.13498
    endloop
  endfacet
  facet normal 0 -0.923904 0.382625
    outer loop
      vertex 0 21.7725 1.13498
      vertex -1.8 21.6224 0.772542
      vertex 0 21.6224 0.772542
    endloop
  endfacet
  facet normal 0 -0.522495 0.852642
    outer loop
      vertex -1.8 22.865 2.22752
      vertex 0 22.5305 2.02254
      vertex 0 22.865 2.22752
    endloop
  endfacet
  facet normal 0 -0.522495 0.852642
    outer loop
      vertex 0 22.5305 2.02254
      vertex -1.8 22.865 2.22752
      vertex -1.8 22.5305 2.02254
    endloop
  endfacet
  facet normal 0 -0.972358 -0.233495
    outer loop
      vertex -1.8 21.6224 -0.772542
      vertex 0 21.5308 -0.391086
      vertex -1.8 21.5308 -0.391086
    endloop
  endfacet
  facet normal 0 -0.972358 -0.233495
    outer loop
      vertex 0 21.5308 -0.391086
      vertex -1.8 21.6224 -0.772542
      vertex 0 21.6224 -0.772542
    endloop
  endfacet
  facet normal 0 -0.760508 -0.649329
    outer loop
      vertex -1.8 22.2322 -1.76777
      vertex 0 21.9775 -1.46946
      vertex -1.8 21.9775 -1.46946
    endloop
  endfacet
  facet normal 0 -0.760508 -0.649329
    outer loop
      vertex 0 21.9775 -1.46946
      vertex -1.8 22.2322 -1.76777
      vertex 0 22.2322 -1.76777
    endloop
  endfacet
  facet normal 0 -0.0784585 0.996917
    outer loop
      vertex -1.8 24 2.5
      vertex 0 23.6089 2.46922
      vertex 0 24 2.5
    endloop
  endfacet
  facet normal 0 -0.0784585 0.996917
    outer loop
      vertex 0 23.6089 2.46922
      vertex -1.8 24 2.5
      vertex -1.8 23.6089 2.46922
    endloop
  endfacet
  facet normal 0 -0.233479 -0.972362
    outer loop
      vertex -1.8 23.2275 -2.37764
      vertex 0 23.6089 -2.46922
      vertex 0 23.2275 -2.37764
    endloop
  endfacet
  facet normal -0 -0.233479 -0.972362
    outer loop
      vertex 0 23.6089 -2.46922
      vertex -1.8 23.2275 -2.37764
      vertex -1.8 23.6089 -2.46922
    endloop
  endfacet
  facet normal 0 0.923904 -0.382625
    outer loop
      vertex 0 26.2275 -1.13498
      vertex -1.8 26.3776 -0.772542
      vertex 0 26.3776 -0.772542
    endloop
  endfacet
  facet normal 0 0.923904 -0.382625
    outer loop
      vertex -1.8 26.3776 -0.772542
      vertex 0 26.2275 -1.13498
      vertex -1.8 26.2275 -1.13498
    endloop
  endfacet
  facet normal 0 0.996913 -0.078512
    outer loop
      vertex 0 26.4692 -0.391086
      vertex -1.8 26.5 0
      vertex 0 26.5 0
    endloop
  endfacet
  facet normal 0 0.996913 -0.078512
    outer loop
      vertex -1.8 26.5 0
      vertex 0 26.4692 -0.391086
      vertex -1.8 26.4692 -0.391086
    endloop
  endfacet
  facet normal -0 0.522495 0.852642
    outer loop
      vertex -1.8 25.4695 2.02254
      vertex 0 25.135 2.22752
      vertex 0 25.4695 2.02254
    endloop
  endfacet
  facet normal 0 0.522495 0.852642
    outer loop
      vertex 0 25.135 2.22752
      vertex -1.8 25.4695 2.02254
      vertex -1.8 25.135 2.22752
    endloop
  endfacet
  facet normal -0 0.382773 0.923842
    outer loop
      vertex 0 32.5334 1.04693
      vertex 10 32.3631 1.11749
      vertex 10 32.5334 1.04693
    endloop
  endfacet
  facet normal 0 0.382773 0.923842
    outer loop
      vertex 10 32.3631 1.11749
      vertex 0 32.5334 1.04693
      vertex 0 32.3631 1.11749
    endloop
  endfacet
  facet normal 0 0.233414 -0.972377
    outer loop
      vertex 0 32.1838 -1.16053
      vertex 10 32.3631 -1.11749
      vertex 10 32.1838 -1.16053
    endloop
  endfacet
  facet normal 0 0.233414 -0.972377
    outer loop
      vertex 10 32.3631 -1.11749
      vertex 0 32.1838 -1.16053
      vertex 0 32.3631 -1.11749
    endloop
  endfacet
  facet normal 0 0.078484 -0.996915
    outer loop
      vertex 0 32 -1.175
      vertex 10 32.1838 -1.16053
      vertex 10 32 -1.175
    endloop
  endfacet
  facet normal 0 0.078484 -0.996915
    outer loop
      vertex 10 32.1838 -1.16053
      vertex 0 32 -1.175
      vertex 0 32.1838 -1.16053
    endloop
  endfacet
  facet normal 0 0.382773 -0.923842
    outer loop
      vertex 0 32.3631 -1.11749
      vertex 10 32.5334 -1.04693
      vertex 10 32.3631 -1.11749
    endloop
  endfacet
  facet normal 0 0.382773 -0.923842
    outer loop
      vertex 10 32.5334 -1.04693
      vertex 0 32.3631 -1.11749
      vertex 0 32.5334 -1.04693
    endloop
  endfacet
  facet normal 0 0.923801 -0.382872
    outer loop
      vertex 10 33.0469 -0.533439
      vertex 0 33.1175 -0.363094
      vertex 10 33.1175 -0.363094
    endloop
  endfacet
  facet normal 0 0.923801 -0.382872
    outer loop
      vertex 0 33.1175 -0.363094
      vertex 10 33.0469 -0.533439
      vertex 0 33.0469 -0.533439
    endloop
  endfacet
  facet normal 0 0.649457 -0.760398
    outer loop
      vertex 0 32.6906 -0.950595
      vertex 10 32.8308 -0.83085
      vertex 10 32.6906 -0.950595
    endloop
  endfacet
  facet normal 0 0.649457 -0.760398
    outer loop
      vertex 10 32.8308 -0.83085
      vertex 0 32.6906 -0.950595
      vertex 0 32.8308 -0.83085
    endloop
  endfacet
  facet normal 0 -0.522509 -0.852634
    outer loop
      vertex 0 31.3094 -0.950595
      vertex 10 31.4666 -1.04693
      vertex 10 31.3094 -0.950595
    endloop
  endfacet
  facet normal -0 -0.522509 -0.852634
    outer loop
      vertex 10 31.4666 -1.04693
      vertex 0 31.3094 -0.950595
      vertex 0 31.4666 -1.04693
    endloop
  endfacet
  facet normal 0 -0.233414 0.972377
    outer loop
      vertex 0 31.8162 1.16053
      vertex 10 31.6369 1.11749
      vertex 10 31.8162 1.16053
    endloop
  endfacet
  facet normal 0 -0.233414 0.972377
    outer loop
      vertex 10 31.6369 1.11749
      vertex 0 31.8162 1.16053
      vertex 0 31.6369 1.11749
    endloop
  endfacet
  facet normal 0 0.522509 -0.852634
    outer loop
      vertex 0 32.5334 -1.04693
      vertex 10 32.6906 -0.950595
      vertex 10 32.5334 -1.04693
    endloop
  endfacet
  facet normal 0 0.522509 -0.852634
    outer loop
      vertex 10 32.6906 -0.950595
      vertex 0 32.5334 -1.04693
      vertex 0 32.6906 -0.950595
    endloop
  endfacet
  facet normal 0 -0.078484 -0.996915
    outer loop
      vertex 0 31.8162 -1.16053
      vertex 10 32 -1.175
      vertex 10 31.8162 -1.16053
    endloop
  endfacet
  facet normal -0 -0.078484 -0.996915
    outer loop
      vertex 10 32 -1.175
      vertex 0 31.8162 -1.16053
      vertex 0 32 -1.175
    endloop
  endfacet
  facet normal 0 0.85273 0.522352
    outer loop
      vertex 10 33.0469 0.533439
      vertex 0 32.9506 0.690647
      vertex 10 32.9506 0.690647
    endloop
  endfacet
  facet normal 0 0.85273 0.522352
    outer loop
      vertex 0 32.9506 0.690647
      vertex 10 33.0469 0.533439
      vertex 0 33.0469 0.533439
    endloop
  endfacet
  facet normal 0 -0.996903 0.0786415
    outer loop
      vertex 0 30.825 0
      vertex 10 30.8395 0.18381
      vertex 0 30.8395 0.18381
    endloop
  endfacet
  facet normal 0 -0.996903 0.0786415
    outer loop
      vertex 10 30.8395 0.18381
      vertex 0 30.825 0
      vertex 10 30.825 0
    endloop
  endfacet
  facet normal -0 0.649457 0.760398
    outer loop
      vertex 0 32.8308 0.83085
      vertex 10 32.6906 0.950595
      vertex 10 32.8308 0.83085
    endloop
  endfacet
  facet normal 0 0.649457 0.760398
    outer loop
      vertex 10 32.6906 0.950595
      vertex 0 32.8308 0.83085
      vertex 0 32.6906 0.950595
    endloop
  endfacet
  facet normal 0 0.760258 0.649622
    outer loop
      vertex 10 32.9506 0.690647
      vertex 0 32.8308 0.83085
      vertex 10 32.8308 0.83085
    endloop
  endfacet
  facet normal 0 0.760258 0.649622
    outer loop
      vertex 0 32.8308 0.83085
      vertex 10 32.9506 0.690647
      vertex 0 32.9506 0.690647
    endloop
  endfacet
  facet normal 0 -0.923801 -0.382872
    outer loop
      vertex 0 30.9531 -0.533439
      vertex 10 30.8825 -0.363094
      vertex 0 30.8825 -0.363094
    endloop
  endfacet
  facet normal 0 -0.923801 -0.382872
    outer loop
      vertex 10 30.8825 -0.363094
      vertex 0 30.9531 -0.533439
      vertex 10 30.9531 -0.533439
    endloop
  endfacet
  facet normal 0 -0.85273 -0.522352
    outer loop
      vertex 0 31.0494 -0.690647
      vertex 10 30.9531 -0.533439
      vertex 0 30.9531 -0.533439
    endloop
  endfacet
  facet normal 0 -0.85273 -0.522352
    outer loop
      vertex 10 30.9531 -0.533439
      vertex 0 31.0494 -0.690647
      vertex 10 31.0494 -0.690647
    endloop
  endfacet
  facet normal 0 0.923801 0.382872
    outer loop
      vertex 10 33.1175 0.363094
      vertex 0 33.0469 0.533439
      vertex 10 33.0469 0.533439
    endloop
  endfacet
  facet normal 0 0.923801 0.382872
    outer loop
      vertex 0 33.0469 0.533439
      vertex 10 33.1175 0.363094
      vertex 0 33.1175 0.363094
    endloop
  endfacet
  facet normal 0 -0.85273 0.522352
    outer loop
      vertex 0 30.9531 0.533439
      vertex 10 31.0494 0.690647
      vertex 0 31.0494 0.690647
    endloop
  endfacet
  facet normal 0 -0.85273 0.522352
    outer loop
      vertex 10 31.0494 0.690647
      vertex 0 30.9531 0.533439
      vertex 10 30.9531 0.533439
    endloop
  endfacet
  facet normal -0 0.233414 0.972377
    outer loop
      vertex 0 32.3631 1.11749
      vertex 10 32.1838 1.16053
      vertex 10 32.3631 1.11749
    endloop
  endfacet
  facet normal 0 0.233414 0.972377
    outer loop
      vertex 10 32.1838 1.16053
      vertex 0 32.3631 1.11749
      vertex 0 32.1838 1.16053
    endloop
  endfacet
  facet normal 0 0.996903 0.0786415
    outer loop
      vertex 10 33.175 0
      vertex 0 33.1605 0.18381
      vertex 10 33.1605 0.18381
    endloop
  endfacet
  facet normal 0 0.996903 0.0786415
    outer loop
      vertex 0 33.1605 0.18381
      vertex 10 33.175 0
      vertex 0 33.175 0
    endloop
  endfacet
  facet normal 0 0.972422 0.233229
    outer loop
      vertex 10 33.1605 0.18381
      vertex 0 33.1175 0.363094
      vertex 10 33.1175 0.363094
    endloop
  endfacet
  facet normal 0 0.972422 0.233229
    outer loop
      vertex 0 33.1175 0.363094
      vertex 10 33.1605 0.18381
      vertex 0 33.1605 0.18381
    endloop
  endfacet
  facet normal 0 -0.078484 0.996915
    outer loop
      vertex 0 32 1.175
      vertex 10 31.8162 1.16053
      vertex 10 32 1.175
    endloop
  endfacet
  facet normal 0 -0.078484 0.996915
    outer loop
      vertex 10 31.8162 1.16053
      vertex 0 32 1.175
      vertex 0 31.8162 1.16053
    endloop
  endfacet
  facet normal 0 -0.996903 -0.0786415
    outer loop
      vertex 0 30.8395 -0.18381
      vertex 10 30.825 0
      vertex 0 30.825 0
    endloop
  endfacet
  facet normal 0 -0.996903 -0.0786415
    outer loop
      vertex 10 30.825 0
      vertex 0 30.8395 -0.18381
      vertex 10 30.8395 -0.18381
    endloop
  endfacet
  facet normal 0 -0.382773 -0.923842
    outer loop
      vertex 0 31.4666 -1.04693
      vertex 10 31.6369 -1.11749
      vertex 10 31.4666 -1.04693
    endloop
  endfacet
  facet normal -0 -0.382773 -0.923842
    outer loop
      vertex 10 31.6369 -1.11749
      vertex 0 31.4666 -1.04693
      vertex 0 31.6369 -1.11749
    endloop
  endfacet
  facet normal 0 0.760258 -0.649622
    outer loop
      vertex 10 32.8308 -0.83085
      vertex 0 32.9506 -0.690647
      vertex 10 32.9506 -0.690647
    endloop
  endfacet
  facet normal 0 0.760258 -0.649622
    outer loop
      vertex 0 32.9506 -0.690647
      vertex 10 32.8308 -0.83085
      vertex 0 32.8308 -0.83085
    endloop
  endfacet
  facet normal 0 0.85273 -0.522352
    outer loop
      vertex 10 32.9506 -0.690647
      vertex 0 33.0469 -0.533439
      vertex 10 33.0469 -0.533439
    endloop
  endfacet
  facet normal 0 0.85273 -0.522352
    outer loop
      vertex 0 33.0469 -0.533439
      vertex 10 32.9506 -0.690647
      vertex 0 32.9506 -0.690647
    endloop
  endfacet
  facet normal 0 -0.233414 -0.972377
    outer loop
      vertex 0 31.6369 -1.11749
      vertex 10 31.8162 -1.16053
      vertex 10 31.6369 -1.11749
    endloop
  endfacet
  facet normal -0 -0.233414 -0.972377
    outer loop
      vertex 10 31.8162 -1.16053
      vertex 0 31.6369 -1.11749
      vertex 0 31.8162 -1.16053
    endloop
  endfacet
  facet normal 0 0.972422 -0.233229
    outer loop
      vertex 10 33.1175 -0.363094
      vertex 0 33.1605 -0.18381
      vertex 10 33.1605 -0.18381
    endloop
  endfacet
  facet normal 0 0.972422 -0.233229
    outer loop
      vertex 0 33.1605 -0.18381
      vertex 10 33.1175 -0.363094
      vertex 0 33.1175 -0.363094
    endloop
  endfacet
  facet normal 0 -0.382773 0.923842
    outer loop
      vertex 0 31.6369 1.11749
      vertex 10 31.4666 1.04693
      vertex 10 31.6369 1.11749
    endloop
  endfacet
  facet normal 0 -0.382773 0.923842
    outer loop
      vertex 10 31.4666 1.04693
      vertex 0 31.6369 1.11749
      vertex 0 31.4666 1.04693
    endloop
  endfacet
  facet normal 0 -0.522509 0.852634
    outer loop
      vertex 0 31.4666 1.04693
      vertex 10 31.3094 0.950595
      vertex 10 31.4666 1.04693
    endloop
  endfacet
  facet normal 0 -0.522509 0.852634
    outer loop
      vertex 10 31.3094 0.950595
      vertex 0 31.4666 1.04693
      vertex 0 31.3094 0.950595
    endloop
  endfacet
  facet normal 0 -0.923801 0.382872
    outer loop
      vertex 0 30.8825 0.363094
      vertex 10 30.9531 0.533439
      vertex 0 30.9531 0.533439
    endloop
  endfacet
  facet normal 0 -0.923801 0.382872
    outer loop
      vertex 10 30.9531 0.533439
      vertex 0 30.8825 0.363094
      vertex 10 30.8825 0.363094
    endloop
  endfacet
  facet normal 0 -0.649457 0.760398
    outer loop
      vertex 0 31.3094 0.950595
      vertex 10 31.1692 0.83085
      vertex 10 31.3094 0.950595
    endloop
  endfacet
  facet normal 0 -0.649457 0.760398
    outer loop
      vertex 10 31.1692 0.83085
      vertex 0 31.3094 0.950595
      vertex 0 31.1692 0.83085
    endloop
  endfacet
  facet normal 0 -0.972422 -0.233229
    outer loop
      vertex 0 30.8825 -0.363094
      vertex 10 30.8395 -0.18381
      vertex 0 30.8395 -0.18381
    endloop
  endfacet
  facet normal 0 -0.972422 -0.233229
    outer loop
      vertex 10 30.8395 -0.18381
      vertex 0 30.8825 -0.363094
      vertex 10 30.8825 -0.363094
    endloop
  endfacet
  facet normal 0 -0.760258 0.649622
    outer loop
      vertex 0 31.0494 0.690647
      vertex 10 31.1692 0.83085
      vertex 0 31.1692 0.83085
    endloop
  endfacet
  facet normal 0 -0.760258 0.649622
    outer loop
      vertex 10 31.1692 0.83085
      vertex 0 31.0494 0.690647
      vertex 10 31.0494 0.690647
    endloop
  endfacet
  facet normal 1 0 0
    outer loop
      vertex 0 33.175 0
      vertex 0 34.5 0
      vertex 0 34.4692 0.391086
    endloop
  endfacet
  facet normal 1 0 0
    outer loop
      vertex 0 33.1605 0.18381
      vertex 0 34.4692 0.391086
      vertex 0 34.3776 0.772542
    endloop
  endfacet
  facet normal 1 0 0
    outer loop
      vertex 0 34.5 0
      vertex 0 33.175 0
      vertex 0 34.4692 -0.391086
    endloop
  endfacet
  facet normal 1 0 0
    outer loop
      vertex 0 33.1175 0.363094
      vertex 0 34.3776 0.772542
      vertex 0 34.2275 1.13498
    endloop
  endfacet
  facet normal 1 -0 0
    outer loop
      vertex 0 33.1605 -0.18381
      vertex 0 34.4692 -0.391086
      vertex 0 33.175 0
    endloop
  endfacet
  facet normal 1 0 0
    outer loop
      vertex 0 33.0469 0.533439
      vertex 0 34.2275 1.13498
      vertex 0 34.0225 1.46946
    endloop
  endfacet
  facet normal 1 0 0
    outer loop
      vertex 0 34.4692 -0.391086
      vertex 0 33.1605 -0.18381
      vertex 0 34.3776 -0.772542
    endloop
  endfacet
  facet normal 1 0 0
    outer loop
      vertex 0 32.9506 0.690647
      vertex 0 34.0225 1.46946
      vertex 0 33.7678 1.76777
    endloop
  endfacet
  facet normal 1 -0 0
    outer loop
      vertex 0 33.1175 -0.363094
      vertex 0 34.3776 -0.772542
      vertex 0 33.1605 -0.18381
    endloop
  endfacet
  facet normal 1 0 0
    outer loop
      vertex 0 32.8308 0.83085
      vertex 0 33.7678 1.76777
      vertex 0 33.4695 2.02254
    endloop
  endfacet
  facet normal 1 0 0
    outer loop
      vertex 0 34.3776 -0.772542
      vertex 0 33.1175 -0.363094
      vertex 0 34.2275 -1.13498
    endloop
  endfacet
  facet normal 1 -0 0
    outer loop
      vertex 0 33.0469 -0.533439
      vertex 0 34.2275 -1.13498
      vertex 0 33.1175 -0.363094
    endloop
  endfacet
  facet normal 1 0 0
    outer loop
      vertex 0 34.4692 0.391086
      vertex 0 33.1605 0.18381
      vertex 0 33.175 0
    endloop
  endfacet
  facet normal 1 0 0
    outer loop
      vertex 0 32.6906 0.950595
      vertex 0 33.4695 2.02254
      vertex 0 33.135 2.22752
    endloop
  endfacet
  facet normal 1 0 0
    outer loop
      vertex 0 34.3776 0.772542
      vertex 0 33.1175 0.363094
      vertex 0 33.1605 0.18381
    endloop
  endfacet
  facet normal 1 0 0
    outer loop
      vertex 0 34.2275 1.13498
      vertex 0 33.0469 0.533439
      vertex 0 33.1175 0.363094
    endloop
  endfacet
  facet normal 1 0 0
    outer loop
      vertex 0 34.0225 1.46946
      vertex 0 32.9506 0.690647
      vertex 0 33.0469 0.533439
    endloop
  endfacet
  facet normal 1 0 0
    outer loop
      vertex 0 33.7678 1.76777
      vertex 0 32.8308 0.83085
      vertex 0 32.9506 0.690647
    endloop
  endfacet
  facet normal 1 0 0
    outer loop
      vertex 0 32.5334 1.04693
      vertex 0 33.135 2.22752
      vertex 0 32.7725 2.37764
    endloop
  endfacet
  facet normal 1 0 0
    outer loop
      vertex 0 33.4695 2.02254
      vertex 0 32.6906 0.950595
      vertex 0 32.8308 0.83085
    endloop
  endfacet
  facet normal 1 0 0
    outer loop
      vertex 0 33.135 2.22752
      vertex 0 32.5334 1.04693
      vertex 0 32.6906 0.950595
    endloop
  endfacet
  facet normal 1 0 0
    outer loop
      vertex 0 32.3631 1.11749
      vertex 0 32.7725 2.37764
      vertex 0 32.3911 2.46922
    endloop
  endfacet
  facet normal 1 0 0
    outer loop
      vertex 0 32.7725 2.37764
      vertex 0 32.3631 1.11749
      vertex 0 32.5334 1.04693
    endloop
  endfacet
  facet normal 1 0 0
    outer loop
      vertex 0 32.3911 2.46922
      vertex 0 32.1838 1.16053
      vertex 0 32.3631 1.11749
    endloop
  endfacet
  facet normal 1 0 0
    outer loop
      vertex 0 32 2.5
      vertex 0 32.1838 1.16053
      vertex 0 32.3911 2.46922
    endloop
  endfacet
  facet normal 1 0 0
    outer loop
      vertex 0 32 2.5
      vertex 0 32 1.175
      vertex 0 32.1838 1.16053
    endloop
  endfacet
  facet normal 1 0 0
    outer loop
      vertex 0 32 2.5
      vertex 0 31.8162 1.16053
      vertex 0 32 1.175
    endloop
  endfacet
  facet normal 1 -0 0
    outer loop
      vertex 0 31.6089 2.46922
      vertex 0 31.8162 1.16053
      vertex 0 32 2.5
    endloop
  endfacet
  facet normal 1 0 0
    outer loop
      vertex 0 31.8162 1.16053
      vertex 0 31.6089 2.46922
      vertex 0 31.6369 1.11749
    endloop
  endfacet
  facet normal 1 -0 0
    outer loop
      vertex 0 31.2275 2.37764
      vertex 0 31.6369 1.11749
      vertex 0 31.6089 2.46922
    endloop
  endfacet
  facet normal 1 0 0
    outer loop
      vertex 0 31.6369 1.11749
      vertex 0 31.2275 2.37764
      vertex 0 31.4666 1.04693
    endloop
  endfacet
  facet normal 1 -0 0
    outer loop
      vertex 0 30.865 2.22752
      vertex 0 31.4666 1.04693
      vertex 0 31.2275 2.37764
    endloop
  endfacet
  facet normal 1 0 0
    outer loop
      vertex 0 31.4666 1.04693
      vertex 0 30.865 2.22752
      vertex 0 31.3094 0.950595
    endloop
  endfacet
  facet normal 1 -0 0
    outer loop
      vertex 0 30.5305 2.02254
      vertex 0 31.3094 0.950595
      vertex 0 30.865 2.22752
    endloop
  endfacet
  facet normal 1 0 0
    outer loop
      vertex 0 31.3094 0.950595
      vertex 0 30.5305 2.02254
      vertex 0 31.1692 0.83085
    endloop
  endfacet
  facet normal 1 -0 0
    outer loop
      vertex 0 30.2322 1.76777
      vertex 0 31.1692 0.83085
      vertex 0 30.5305 2.02254
    endloop
  endfacet
  facet normal 1 0 0
    outer loop
      vertex 0 31.1692 0.83085
      vertex 0 30.2322 1.76777
      vertex 0 31.0494 0.690647
    endloop
  endfacet
  facet normal 1 -0 0
    outer loop
      vertex 0 29.9775 1.46946
      vertex 0 31.0494 0.690647
      vertex 0 30.2322 1.76777
    endloop
  endfacet
  facet normal 1 0 0
    outer loop
      vertex 0 31.0494 0.690647
      vertex 0 29.9775 1.46946
      vertex 0 30.9531 0.533439
    endloop
  endfacet
  facet normal 1 -0 0
    outer loop
      vertex 0 29.7725 1.13498
      vertex 0 30.9531 0.533439
      vertex 0 29.9775 1.46946
    endloop
  endfacet
  facet normal 1 0 0
    outer loop
      vertex 0 34.2275 -1.13498
      vertex 0 33.0469 -0.533439
      vertex 0 34.0225 -1.46946
    endloop
  endfacet
  facet normal 1 -0 0
    outer loop
      vertex 0 32.9506 -0.690647
      vertex 0 34.0225 -1.46946
      vertex 0 33.0469 -0.533439
    endloop
  endfacet
  facet normal 1 0 0
    outer loop
      vertex 0 34.0225 -1.46946
      vertex 0 32.9506 -0.690647
      vertex 0 33.7678 -1.76777
    endloop
  endfacet
  facet normal 1 -0 0
    outer loop
      vertex 0 32.8308 -0.83085
      vertex 0 33.7678 -1.76777
      vertex 0 32.9506 -0.690647
    endloop
  endfacet
  facet normal 1 0 0
    outer loop
      vertex 0 33.7678 -1.76777
      vertex 0 32.8308 -0.83085
      vertex 0 33.4695 -2.02254
    endloop
  endfacet
  facet normal 1 -0 0
    outer loop
      vertex 0 32.6906 -0.950595
      vertex 0 33.4695 -2.02254
      vertex 0 32.8308 -0.83085
    endloop
  endfacet
  facet normal 1 0 0
    outer loop
      vertex 0 33.4695 -2.02254
      vertex 0 32.6906 -0.950595
      vertex 0 33.135 -2.22752
    endloop
  endfacet
  facet normal 1 -0 0
    outer loop
      vertex 0 32.5334 -1.04693
      vertex 0 33.135 -2.22752
      vertex 0 32.6906 -0.950595
    endloop
  endfacet
  facet normal 1 0 0
    outer loop
      vertex 0 33.135 -2.22752
      vertex 0 32.5334 -1.04693
      vertex 0 32.7725 -2.37764
    endloop
  endfacet
  facet normal 1 -0 0
    outer loop
      vertex 0 32.3631 -1.11749
      vertex 0 32.7725 -2.37764
      vertex 0 32.5334 -1.04693
    endloop
  endfacet
  facet normal 1 0 0
    outer loop
      vertex 0 32.7725 -2.37764
      vertex 0 32.3631 -1.11749
      vertex 0 32.3911 -2.46922
    endloop
  endfacet
  facet normal 1 -0 0
    outer loop
      vertex 0 32.1838 -1.16053
      vertex 0 32.3911 -2.46922
      vertex 0 32.3631 -1.11749
    endloop
  endfacet
  facet normal 1 -0 0
    outer loop
      vertex 0 32 -1.175
      vertex 0 32.3911 -2.46922
      vertex 0 32.1838 -1.16053
    endloop
  endfacet
  facet normal 1 0 0
    outer loop
      vertex 0 32 -1.175
      vertex 0 32 -2.5
      vertex 0 32.3911 -2.46922
    endloop
  endfacet
  facet normal 1 0 0
    outer loop
      vertex 0 31.8162 -1.16053
      vertex 0 32 -2.5
      vertex 0 32 -1.175
    endloop
  endfacet
  facet normal 1 0 0
    outer loop
      vertex 0 31.6089 -2.46922
      vertex 0 31.8162 -1.16053
      vertex 0 31.6369 -1.11749
    endloop
  endfacet
  facet normal 1 0 0
    outer loop
      vertex 0 31.8162 -1.16053
      vertex 0 31.6089 -2.46922
      vertex 0 32 -2.5
    endloop
  endfacet
  facet normal 1 0 0
    outer loop
      vertex 0 31.2275 -2.37764
      vertex 0 31.6369 -1.11749
      vertex 0 31.4666 -1.04693
    endloop
  endfacet
  facet normal 1 0 0
    outer loop
      vertex 0 30.865 -2.22752
      vertex 0 31.4666 -1.04693
      vertex 0 31.3094 -0.950595
    endloop
  endfacet
  facet normal 1 0 0
    outer loop
      vertex 0 31.6369 -1.11749
      vertex 0 31.2275 -2.37764
      vertex 0 31.6089 -2.46922
    endloop
  endfacet
  facet normal 1 0 0
    outer loop
      vertex 0 30.5305 -2.02254
      vertex 0 31.3094 -0.950595
      vertex 0 31.1692 -0.83085
    endloop
  endfacet
  facet normal 1 0 0
    outer loop
      vertex 0 30.2322 -1.76777
      vertex 0 31.1692 -0.83085
      vertex 0 31.0494 -0.690647
    endloop
  endfacet
  facet normal 1 0 0
    outer loop
      vertex 0 29.9775 -1.46946
      vertex 0 31.0494 -0.690647
      vertex 0 30.9531 -0.533439
    endloop
  endfacet
  facet normal 1 0 0
    outer loop
      vertex 0 29.7725 -1.13498
      vertex 0 30.9531 -0.533439
      vertex 0 30.8825 -0.363094
    endloop
  endfacet
  facet normal 1 0 0
    outer loop
      vertex 0 31.4666 -1.04693
      vertex 0 30.865 -2.22752
      vertex 0 31.2275 -2.37764
    endloop
  endfacet
  facet normal 1 0 0
    outer loop
      vertex 0 29.6224 -0.772542
      vertex 0 30.8825 -0.363094
      vertex 0 30.8395 -0.18381
    endloop
  endfacet
  facet normal 1 0 0
    outer loop
      vertex 0 29.5308 -0.391086
      vertex 0 30.8395 -0.18381
      vertex 0 30.825 0
    endloop
  endfacet
  facet normal 1 0 0
    outer loop
      vertex 0 30.9531 0.533439
      vertex 0 29.7725 1.13498
      vertex 0 30.8825 0.363094
    endloop
  endfacet
  facet normal 1 0 0
    outer loop
      vertex 0 31.3094 -0.950595
      vertex 0 30.5305 -2.02254
      vertex 0 30.865 -2.22752
    endloop
  endfacet
  facet normal 1 -0 0
    outer loop
      vertex 0 29.6224 0.772542
      vertex 0 30.8825 0.363094
      vertex 0 29.7725 1.13498
    endloop
  endfacet
  facet normal 1 0 0
    outer loop
      vertex 0 31.1692 -0.83085
      vertex 0 30.2322 -1.76777
      vertex 0 30.5305 -2.02254
    endloop
  endfacet
  facet normal 1 0 0
    outer loop
      vertex 0 30.8825 0.363094
      vertex 0 29.6224 0.772542
      vertex 0 30.8395 0.18381
    endloop
  endfacet
  facet normal 1 0 0
    outer loop
      vertex 0 31.0494 -0.690647
      vertex 0 29.9775 -1.46946
      vertex 0 30.2322 -1.76777
    endloop
  endfacet
  facet normal 1 -0 0
    outer loop
      vertex 0 29.5308 0.391086
      vertex 0 30.8395 0.18381
      vertex 0 29.6224 0.772542
    endloop
  endfacet
  facet normal 1 0 0
    outer loop
      vertex 0 30.9531 -0.533439
      vertex 0 29.7725 -1.13498
      vertex 0 29.9775 -1.46946
    endloop
  endfacet
  facet normal 1 0 0
    outer loop
      vertex 0 30.8395 0.18381
      vertex 0 29.5308 0.391086
      vertex 0 30.825 0
    endloop
  endfacet
  facet normal 1 0 0
    outer loop
      vertex 0 30.8825 -0.363094
      vertex 0 29.6224 -0.772542
      vertex 0 29.7725 -1.13498
    endloop
  endfacet
  facet normal 1 0 0
    outer loop
      vertex 0 29.5 0
      vertex 0 30.825 0
      vertex 0 29.5308 0.391086
    endloop
  endfacet
  facet normal 1 0 0
    outer loop
      vertex 0 30.8395 -0.18381
      vertex 0 29.5308 -0.391086
      vertex 0 29.6224 -0.772542
    endloop
  endfacet
  facet normal 1 0 0
    outer loop
      vertex 0 30.825 0
      vertex 0 29.5 0
      vertex 0 29.5308 -0.391086
    endloop
  endfacet
  facet normal 0 -0.972422 0.233229
    outer loop
      vertex 0 30.8395 0.18381
      vertex 10 30.8825 0.363094
      vertex 0 30.8825 0.363094
    endloop
  endfacet
  facet normal 0 -0.972422 0.233229
    outer loop
      vertex 10 30.8825 0.363094
      vertex 0 30.8395 0.18381
      vertex 10 30.8395 0.18381
    endloop
  endfacet
  facet normal 0 0.996903 -0.0786415
    outer loop
      vertex 10 33.1605 -0.18381
      vertex 0 33.175 0
      vertex 10 33.175 0
    endloop
  endfacet
  facet normal 0 0.996903 -0.0786415
    outer loop
      vertex 0 33.175 0
      vertex 10 33.1605 -0.18381
      vertex 0 33.1605 -0.18381
    endloop
  endfacet
  facet normal -0 0.078484 0.996915
    outer loop
      vertex 0 32.1838 1.16053
      vertex 10 32 1.175
      vertex 10 32.1838 1.16053
    endloop
  endfacet
  facet normal 0 0.078484 0.996915
    outer loop
      vertex 10 32 1.175
      vertex 0 32.1838 1.16053
      vertex 0 32 1.175
    endloop
  endfacet
  facet normal 0 -0.649457 -0.760398
    outer loop
      vertex 0 31.1692 -0.83085
      vertex 10 31.3094 -0.950595
      vertex 10 31.1692 -0.83085
    endloop
  endfacet
  facet normal -0 -0.649457 -0.760398
    outer loop
      vertex 10 31.3094 -0.950595
      vertex 0 31.1692 -0.83085
      vertex 0 31.3094 -0.950595
    endloop
  endfacet
  facet normal 1 0 0
    outer loop
      vertex 10 33.1605 0.18381
      vertex 10 33.1605 -0.18381
      vertex 10 33.175 0
    endloop
  endfacet
  facet normal 1 0 0
    outer loop
      vertex 10 33.1175 0.363094
      vertex 10 33.1605 -0.18381
      vertex 10 33.1605 0.18381
    endloop
  endfacet
  facet normal 1 0 0
    outer loop
      vertex 10 33.1175 0.363094
      vertex 10 33.1175 -0.363094
      vertex 10 33.1605 -0.18381
    endloop
  endfacet
  facet normal 1 0 0
    outer loop
      vertex 10 33.0469 0.533439
      vertex 10 33.1175 -0.363094
      vertex 10 33.1175 0.363094
    endloop
  endfacet
  facet normal 1 0 0
    outer loop
      vertex 10 33.0469 0.533439
      vertex 10 33.0469 -0.533439
      vertex 10 33.1175 -0.363094
    endloop
  endfacet
  facet normal 1 0 0
    outer loop
      vertex 10 32.9506 0.690647
      vertex 10 33.0469 -0.533439
      vertex 10 33.0469 0.533439
    endloop
  endfacet
  facet normal 1 0 0
    outer loop
      vertex 10 32.9506 0.690647
      vertex 10 32.9506 -0.690647
      vertex 10 33.0469 -0.533439
    endloop
  endfacet
  facet normal 1 0 0
    outer loop
      vertex 10 32.8308 0.83085
      vertex 10 32.9506 -0.690647
      vertex 10 32.9506 0.690647
    endloop
  endfacet
  facet normal 1 0 0
    outer loop
      vertex 10 32.8308 0.83085
      vertex 10 32.8308 -0.83085
      vertex 10 32.9506 -0.690647
    endloop
  endfacet
  facet normal 1 0 0
    outer loop
      vertex 10 32.6906 0.950595
      vertex 10 32.8308 -0.83085
      vertex 10 32.8308 0.83085
    endloop
  endfacet
  facet normal 1 0 0
    outer loop
      vertex 10 32.6906 0.950595
      vertex 10 32.6906 -0.950595
      vertex 10 32.8308 -0.83085
    endloop
  endfacet
  facet normal 1 0 0
    outer loop
      vertex 10 32.5334 1.04693
      vertex 10 32.6906 -0.950595
      vertex 10 32.6906 0.950595
    endloop
  endfacet
  facet normal 1 0 0
    outer loop
      vertex 10 32.5334 1.04693
      vertex 10 32.5334 -1.04693
      vertex 10 32.6906 -0.950595
    endloop
  endfacet
  facet normal 1 0 0
    outer loop
      vertex 10 32.3631 1.11749
      vertex 10 32.5334 -1.04693
      vertex 10 32.5334 1.04693
    endloop
  endfacet
  facet normal 1 0 0
    outer loop
      vertex 10 32.3631 1.11749
      vertex 10 32.3631 -1.11749
      vertex 10 32.5334 -1.04693
    endloop
  endfacet
  facet normal 1 0 0
    outer loop
      vertex 10 32.1838 1.16053
      vertex 10 32.3631 -1.11749
      vertex 10 32.3631 1.11749
    endloop
  endfacet
  facet normal 1 0 0
    outer loop
      vertex 10 32.1838 1.16053
      vertex 10 32.1838 -1.16053
      vertex 10 32.3631 -1.11749
    endloop
  endfacet
  facet normal 1 0 0
    outer loop
      vertex 10 32 1.175
      vertex 10 32.1838 -1.16053
      vertex 10 32.1838 1.16053
    endloop
  endfacet
  facet normal 1 0 0
    outer loop
      vertex 10 32 1.175
      vertex 10 32 -1.175
      vertex 10 32.1838 -1.16053
    endloop
  endfacet
  facet normal 1 -0 0
    outer loop
      vertex 10 31.8162 1.16053
      vertex 10 32 -1.175
      vertex 10 32 1.175
    endloop
  endfacet
  facet normal 1 0 0
    outer loop
      vertex 10 31.8162 1.16053
      vertex 10 31.8162 -1.16053
      vertex 10 32 -1.175
    endloop
  endfacet
  facet normal 1 -0 0
    outer loop
      vertex 10 31.6369 1.11749
      vertex 10 31.8162 -1.16053
      vertex 10 31.8162 1.16053
    endloop
  endfacet
  facet normal 1 0 0
    outer loop
      vertex 10 31.6369 1.11749
      vertex 10 31.6369 -1.11749
      vertex 10 31.8162 -1.16053
    endloop
  endfacet
  facet normal 1 -0 0
    outer loop
      vertex 10 31.4666 1.04693
      vertex 10 31.6369 -1.11749
      vertex 10 31.6369 1.11749
    endloop
  endfacet
  facet normal 1 0 0
    outer loop
      vertex 10 31.4666 1.04693
      vertex 10 31.4666 -1.04693
      vertex 10 31.6369 -1.11749
    endloop
  endfacet
  facet normal 1 -0 0
    outer loop
      vertex 10 31.3094 0.950595
      vertex 10 31.4666 -1.04693
      vertex 10 31.4666 1.04693
    endloop
  endfacet
  facet normal 1 0 0
    outer loop
      vertex 10 31.3094 0.950595
      vertex 10 31.3094 -0.950595
      vertex 10 31.4666 -1.04693
    endloop
  endfacet
  facet normal 1 -0 0
    outer loop
      vertex 10 31.1692 0.83085
      vertex 10 31.3094 -0.950595
      vertex 10 31.3094 0.950595
    endloop
  endfacet
  facet normal 1 0 0
    outer loop
      vertex 10 31.1692 0.83085
      vertex 10 31.1692 -0.83085
      vertex 10 31.3094 -0.950595
    endloop
  endfacet
  facet normal 1 -0 0
    outer loop
      vertex 10 31.0494 0.690647
      vertex 10 31.1692 -0.83085
      vertex 10 31.1692 0.83085
    endloop
  endfacet
  facet normal 1 0 0
    outer loop
      vertex 10 31.0494 0.690647
      vertex 10 31.0494 -0.690647
      vertex 10 31.1692 -0.83085
    endloop
  endfacet
  facet normal 1 -0 0
    outer loop
      vertex 10 30.9531 0.533439
      vertex 10 31.0494 -0.690647
      vertex 10 31.0494 0.690647
    endloop
  endfacet
  facet normal 1 0 0
    outer loop
      vertex 10 30.9531 0.533439
      vertex 10 30.9531 -0.533439
      vertex 10 31.0494 -0.690647
    endloop
  endfacet
  facet normal 1 -0 0
    outer loop
      vertex 10 30.8825 0.363094
      vertex 10 30.9531 -0.533439
      vertex 10 30.9531 0.533439
    endloop
  endfacet
  facet normal 1 0 0
    outer loop
      vertex 10 30.8825 0.363094
      vertex 10 30.8825 -0.363094
      vertex 10 30.9531 -0.533439
    endloop
  endfacet
  facet normal 1 -0 0
    outer loop
      vertex 10 30.8395 0.18381
      vertex 10 30.8825 -0.363094
      vertex 10 30.8825 0.363094
    endloop
  endfacet
  facet normal 1 0 0
    outer loop
      vertex 10 30.8395 0.18381
      vertex 10 30.8395 -0.18381
      vertex 10 30.8825 -0.363094
    endloop
  endfacet
  facet normal 1 0 -0
    outer loop
      vertex 10 30.8395 -0.18381
      vertex 10 30.8395 0.18381
      vertex 10 30.825 0
    endloop
  endfacet
  facet normal -0 0.522509 0.852634
    outer loop
      vertex 0 32.6906 0.950595
      vertex 10 32.5334 1.04693
      vertex 10 32.6906 0.950595
    endloop
  endfacet
  facet normal 0 0.522509 0.852634
    outer loop
      vertex 10 32.5334 1.04693
      vertex 0 32.6906 0.950595
      vertex 0 32.5334 1.04693
    endloop
  endfacet
  facet normal 0 -0.760258 -0.649622
    outer loop
      vertex 0 31.1692 -0.83085
      vertex 10 31.0494 -0.690647
      vertex 0 31.0494 -0.690647
    endloop
  endfacet
  facet normal 0 -0.760258 -0.649622
    outer loop
      vertex 10 31.0494 -0.690647
      vertex 0 31.1692 -0.83085
      vertex 10 31.1692 -0.83085
    endloop
  endfacet
  facet normal 0 -0.233479 0.972362
    outer loop
      vertex -1.8 31.6089 2.46922
      vertex 0 31.2275 2.37764
      vertex 0 31.6089 2.46922
    endloop
  endfacet
  facet normal 0 -0.233479 0.972362
    outer loop
      vertex 0 31.2275 2.37764
      vertex -1.8 31.6089 2.46922
      vertex -1.8 31.2275 2.37764
    endloop
  endfacet
  facet normal 0 0.233479 -0.972362
    outer loop
      vertex -1.8 32.3911 -2.46922
      vertex 0 32.7725 -2.37764
      vertex 0 32.3911 -2.46922
    endloop
  endfacet
  facet normal 0 0.233479 -0.972362
    outer loop
      vertex 0 32.7725 -2.37764
      vertex -1.8 32.3911 -2.46922
      vertex -1.8 32.7725 -2.37764
    endloop
  endfacet
  facet normal 0 0.0784585 -0.996917
    outer loop
      vertex -1.8 32 -2.5
      vertex 0 32.3911 -2.46922
      vertex 0 32 -2.5
    endloop
  endfacet
  facet normal 0 0.0784585 -0.996917
    outer loop
      vertex 0 32.3911 -2.46922
      vertex -1.8 32 -2.5
      vertex -1.8 32.3911 -2.46922
    endloop
  endfacet
  facet normal 0 0.382613 -0.923909
    outer loop
      vertex -1.8 32.7725 -2.37764
      vertex 0 33.135 -2.22752
      vertex 0 32.7725 -2.37764
    endloop
  endfacet
  facet normal 0 0.382613 -0.923909
    outer loop
      vertex 0 33.135 -2.22752
      vertex -1.8 32.7725 -2.37764
      vertex -1.8 33.135 -2.22752
    endloop
  endfacet
  facet normal 0 -0.923904 -0.382625
    outer loop
      vertex -1.8 29.7725 -1.13498
      vertex 0 29.6224 -0.772542
      vertex -1.8 29.6224 -0.772542
    endloop
  endfacet
  facet normal 0 -0.923904 -0.382625
    outer loop
      vertex 0 29.6224 -0.772542
      vertex -1.8 29.7725 -1.13498
      vertex 0 29.7725 -1.13498
    endloop
  endfacet
  facet normal 0 -0.522495 -0.852642
    outer loop
      vertex -1.8 30.5305 -2.02254
      vertex 0 30.865 -2.22752
      vertex 0 30.5305 -2.02254
    endloop
  endfacet
  facet normal -0 -0.522495 -0.852642
    outer loop
      vertex 0 30.865 -2.22752
      vertex -1.8 30.5305 -2.02254
      vertex -1.8 30.865 -2.22752
    endloop
  endfacet
  facet normal 0 0.760508 0.649329
    outer loop
      vertex 0 34.0225 1.46946
      vertex -1.8 33.7678 1.76777
      vertex 0 33.7678 1.76777
    endloop
  endfacet
  facet normal 0 0.760508 0.649329
    outer loop
      vertex -1.8 33.7678 1.76777
      vertex 0 34.0225 1.46946
      vertex -1.8 34.0225 1.46946
    endloop
  endfacet
  facet normal 0 0.923904 0.382625
    outer loop
      vertex 0 34.3776 0.772542
      vertex -1.8 34.2275 1.13498
      vertex 0 34.2275 1.13498
    endloop
  endfacet
  facet normal 0 0.923904 0.382625
    outer loop
      vertex -1.8 34.2275 1.13498
      vertex 0 34.3776 0.772542
      vertex -1.8 34.3776 0.772542
    endloop
  endfacet
  facet normal 0 -0.649445 -0.760409
    outer loop
      vertex -1.8 30.2322 -1.76777
      vertex 0 30.5305 -2.02254
      vertex 0 30.2322 -1.76777
    endloop
  endfacet
  facet normal -0 -0.649445 -0.760409
    outer loop
      vertex 0 30.5305 -2.02254
      vertex -1.8 30.2322 -1.76777
      vertex -1.8 30.5305 -2.02254
    endloop
  endfacet
  facet normal 0 -0.0784585 -0.996917
    outer loop
      vertex -1.8 31.6089 -2.46922
      vertex 0 32 -2.5
      vertex 0 31.6089 -2.46922
    endloop
  endfacet
  facet normal -0 -0.0784585 -0.996917
    outer loop
      vertex 0 32 -2.5
      vertex -1.8 31.6089 -2.46922
      vertex -1.8 32 -2.5
    endloop
  endfacet
  facet normal 0 -0.382613 -0.923909
    outer loop
      vertex -1.8 30.865 -2.22752
      vertex 0 31.2275 -2.37764
      vertex 0 30.865 -2.22752
    endloop
  endfacet
  facet normal -0 -0.382613 -0.923909
    outer loop
      vertex 0 31.2275 -2.37764
      vertex -1.8 30.865 -2.22752
      vertex -1.8 31.2275 -2.37764
    endloop
  endfacet
  facet normal 0 -0.382613 0.923909
    outer loop
      vertex -1.8 31.2275 2.37764
      vertex 0 30.865 2.22752
      vertex 0 31.2275 2.37764
    endloop
  endfacet
  facet normal 0 -0.382613 0.923909
    outer loop
      vertex 0 30.865 2.22752
      vertex -1.8 31.2275 2.37764
      vertex -1.8 30.865 2.22752
    endloop
  endfacet
  facet normal -0 0.0784585 0.996917
    outer loop
      vertex -1.8 32.3911 2.46922
      vertex 0 32 2.5
      vertex 0 32.3911 2.46922
    endloop
  endfacet
  facet normal 0 0.0784585 0.996917
    outer loop
      vertex 0 32 2.5
      vertex -1.8 32.3911 2.46922
      vertex -1.8 32 2.5
    endloop
  endfacet
  facet normal -0 0.233479 0.972362
    outer loop
      vertex -1.8 32.7725 2.37764
      vertex 0 32.3911 2.46922
      vertex 0 32.7725 2.37764
    endloop
  endfacet
  facet normal 0 0.233479 0.972362
    outer loop
      vertex 0 32.3911 2.46922
      vertex -1.8 32.7725 2.37764
      vertex -1.8 32.3911 2.46922
    endloop
  endfacet
  facet normal 0 0.972358 -0.233495
    outer loop
      vertex 0 34.3776 -0.772542
      vertex -1.8 34.4692 -0.391086
      vertex 0 34.4692 -0.391086
    endloop
  endfacet
  facet normal 0 0.972358 -0.233495
    outer loop
      vertex -1.8 34.4692 -0.391086
      vertex 0 34.3776 -0.772542
      vertex -1.8 34.3776 -0.772542
    endloop
  endfacet
  facet normal 0 0.996913 0.078512
    outer loop
      vertex 0 34.5 0
      vertex -1.8 34.4692 0.391086
      vertex 0 34.4692 0.391086
    endloop
  endfacet
  facet normal 0 0.996913 0.078512
    outer loop
      vertex -1.8 34.4692 0.391086
      vertex 0 34.5 0
      vertex -1.8 34.5 0
    endloop
  endfacet
  facet normal 0 -0.649445 0.760409
    outer loop
      vertex -1.8 30.5305 2.02254
      vertex 0 30.2322 1.76777
      vertex 0 30.5305 2.02254
    endloop
  endfacet
  facet normal 0 -0.649445 0.760409
    outer loop
      vertex 0 30.2322 1.76777
      vertex -1.8 30.5305 2.02254
      vertex -1.8 30.2322 1.76777
    endloop
  endfacet
  facet normal 0 -0.972358 0.233495
    outer loop
      vertex -1.8 29.5308 0.391086
      vertex 0 29.6224 0.772542
      vertex -1.8 29.6224 0.772542
    endloop
  endfacet
  facet normal 0 -0.972358 0.233495
    outer loop
      vertex 0 29.6224 0.772542
      vertex -1.8 29.5308 0.391086
      vertex 0 29.5308 0.391086
    endloop
  endfacet
  facet normal 0 -0.760508 0.649329
    outer loop
      vertex -1.8 29.9775 1.46946
      vertex 0 30.2322 1.76777
      vertex -1.8 30.2322 1.76777
    endloop
  endfacet
  facet normal 0 -0.760508 0.649329
    outer loop
      vertex 0 30.2322 1.76777
      vertex -1.8 29.9775 1.46946
      vertex 0 29.9775 1.46946
    endloop
  endfacet
  facet normal 0 0.522495 -0.852642
    outer loop
      vertex -1.8 33.135 -2.22752
      vertex 0 33.4695 -2.02254
      vertex 0 33.135 -2.22752
    endloop
  endfacet
  facet normal 0 0.522495 -0.852642
    outer loop
      vertex 0 33.4695 -2.02254
      vertex -1.8 33.135 -2.22752
      vertex -1.8 33.4695 -2.02254
    endloop
  endfacet
  facet normal -0 0.382613 0.923909
    outer loop
      vertex -1.8 33.135 2.22752
      vertex 0 32.7725 2.37764
      vertex 0 33.135 2.22752
    endloop
  endfacet
  facet normal 0 0.382613 0.923909
    outer loop
      vertex 0 32.7725 2.37764
      vertex -1.8 33.135 2.22752
      vertex -1.8 32.7725 2.37764
    endloop
  endfacet
  facet normal 0 0.852606 0.522555
    outer loop
      vertex 0 34.2275 1.13498
      vertex -1.8 34.0225 1.46946
      vertex 0 34.0225 1.46946
    endloop
  endfacet
  facet normal 0 0.852606 0.522555
    outer loop
      vertex -1.8 34.0225 1.46946
      vertex 0 34.2275 1.13498
      vertex -1.8 34.2275 1.13498
    endloop
  endfacet
  facet normal 0 -0.996913 0.078512
    outer loop
      vertex -1.8 29.5 0
      vertex 0 29.5308 0.391086
      vertex -1.8 29.5308 0.391086
    endloop
  endfacet
  facet normal 0 -0.996913 0.078512
    outer loop
      vertex 0 29.5308 0.391086
      vertex -1.8 29.5 0
      vertex 0 29.5 0
    endloop
  endfacet
  facet normal 0 0.852606 -0.522555
    outer loop
      vertex 0 34.0225 -1.46946
      vertex -1.8 34.2275 -1.13498
      vertex 0 34.2275 -1.13498
    endloop
  endfacet
  facet normal 0 0.852606 -0.522555
    outer loop
      vertex -1.8 34.2275 -1.13498
      vertex 0 34.0225 -1.46946
      vertex -1.8 34.0225 -1.46946
    endloop
  endfacet
  facet normal 0 -0.852606 -0.522555
    outer loop
      vertex -1.8 29.9775 -1.46946
      vertex 0 29.7725 -1.13498
      vertex -1.8 29.7725 -1.13498
    endloop
  endfacet
  facet normal 0 -0.852606 -0.522555
    outer loop
      vertex 0 29.7725 -1.13498
      vertex -1.8 29.9775 -1.46946
      vertex 0 29.9775 -1.46946
    endloop
  endfacet
  facet normal -0 0.649445 0.760409
    outer loop
      vertex -1.8 33.7678 1.76777
      vertex 0 33.4695 2.02254
      vertex 0 33.7678 1.76777
    endloop
  endfacet
  facet normal 0 0.649445 0.760409
    outer loop
      vertex 0 33.4695 2.02254
      vertex -1.8 33.7678 1.76777
      vertex -1.8 33.4695 2.02254
    endloop
  endfacet
  facet normal 0 0.972358 0.233495
    outer loop
      vertex 0 34.4692 0.391086
      vertex -1.8 34.3776 0.772542
      vertex 0 34.3776 0.772542
    endloop
  endfacet
  facet normal 0 0.972358 0.233495
    outer loop
      vertex -1.8 34.3776 0.772542
      vertex 0 34.4692 0.391086
      vertex -1.8 34.4692 0.391086
    endloop
  endfacet
  facet normal -1 0 0
    outer loop
      vertex -1.8 34.4692 -0.391086
      vertex -1.8 34.4692 0.391086
      vertex -1.8 34.5 0
    endloop
  endfacet
  facet normal -1 0 0
    outer loop
      vertex -1.8 34.3776 -0.772542
      vertex -1.8 34.4692 0.391086
      vertex -1.8 34.4692 -0.391086
    endloop
  endfacet
  facet normal -1 0 0
    outer loop
      vertex -1.8 34.3776 -0.772542
      vertex -1.8 34.3776 0.772542
      vertex -1.8 34.4692 0.391086
    endloop
  endfacet
  facet normal -1 0 0
    outer loop
      vertex -1.8 34.2275 -1.13498
      vertex -1.8 34.3776 0.772542
      vertex -1.8 34.3776 -0.772542
    endloop
  endfacet
  facet normal -1 0 0
    outer loop
      vertex -1.8 34.2275 -1.13498
      vertex -1.8 34.2275 1.13498
      vertex -1.8 34.3776 0.772542
    endloop
  endfacet
  facet normal -1 0 0
    outer loop
      vertex -1.8 34.0225 -1.46946
      vertex -1.8 34.2275 1.13498
      vertex -1.8 34.2275 -1.13498
    endloop
  endfacet
  facet normal -1 0 0
    outer loop
      vertex -1.8 34.0225 -1.46946
      vertex -1.8 34.0225 1.46946
      vertex -1.8 34.2275 1.13498
    endloop
  endfacet
  facet normal -1 0 0
    outer loop
      vertex -1.8 33.7678 -1.76777
      vertex -1.8 34.0225 1.46946
      vertex -1.8 34.0225 -1.46946
    endloop
  endfacet
  facet normal -1 0 0
    outer loop
      vertex -1.8 33.7678 -1.76777
      vertex -1.8 33.7678 1.76777
      vertex -1.8 34.0225 1.46946
    endloop
  endfacet
  facet normal -1 0 0
    outer loop
      vertex -1.8 33.4695 -2.02254
      vertex -1.8 33.7678 1.76777
      vertex -1.8 33.7678 -1.76777
    endloop
  endfacet
  facet normal -1 0 0
    outer loop
      vertex -1.8 33.4695 -2.02254
      vertex -1.8 33.4695 2.02254
      vertex -1.8 33.7678 1.76777
    endloop
  endfacet
  facet normal -1 0 0
    outer loop
      vertex -1.8 33.135 -2.22752
      vertex -1.8 33.4695 2.02254
      vertex -1.8 33.4695 -2.02254
    endloop
  endfacet
  facet normal -1 0 0
    outer loop
      vertex -1.8 33.135 -2.22752
      vertex -1.8 33.135 2.22752
      vertex -1.8 33.4695 2.02254
    endloop
  endfacet
  facet normal -1 0 0
    outer loop
      vertex -1.8 32.7725 -2.37764
      vertex -1.8 33.135 2.22752
      vertex -1.8 33.135 -2.22752
    endloop
  endfacet
  facet normal -1 0 0
    outer loop
      vertex -1.8 32.7725 -2.37764
      vertex -1.8 32.7725 2.37764
      vertex -1.8 33.135 2.22752
    endloop
  endfacet
  facet normal -1 0 0
    outer loop
      vertex -1.8 32.3911 -2.46922
      vertex -1.8 32.7725 2.37764
      vertex -1.8 32.7725 -2.37764
    endloop
  endfacet
  facet normal -1 0 0
    outer loop
      vertex -1.8 32.3911 -2.46922
      vertex -1.8 32.3911 2.46922
      vertex -1.8 32.7725 2.37764
    endloop
  endfacet
  facet normal -1 0 0
    outer loop
      vertex -1.8 32 -2.5
      vertex -1.8 32.3911 2.46922
      vertex -1.8 32.3911 -2.46922
    endloop
  endfacet
  facet normal -1 0 0
    outer loop
      vertex -1.8 32 -2.5
      vertex -1.8 32 2.5
      vertex -1.8 32.3911 2.46922
    endloop
  endfacet
  facet normal -1 0 0
    outer loop
      vertex -1.8 31.6089 -2.46922
      vertex -1.8 32 2.5
      vertex -1.8 32 -2.5
    endloop
  endfacet
  facet normal -1 0 0
    outer loop
      vertex -1.8 31.6089 -2.46922
      vertex -1.8 31.6089 2.46922
      vertex -1.8 32 2.5
    endloop
  endfacet
  facet normal -1 0 0
    outer loop
      vertex -1.8 31.2275 -2.37764
      vertex -1.8 31.6089 2.46922
      vertex -1.8 31.6089 -2.46922
    endloop
  endfacet
  facet normal -1 0 0
    outer loop
      vertex -1.8 31.2275 -2.37764
      vertex -1.8 31.2275 2.37764
      vertex -1.8 31.6089 2.46922
    endloop
  endfacet
  facet normal -1 0 0
    outer loop
      vertex -1.8 30.865 -2.22752
      vertex -1.8 31.2275 2.37764
      vertex -1.8 31.2275 -2.37764
    endloop
  endfacet
  facet normal -1 0 0
    outer loop
      vertex -1.8 30.865 -2.22752
      vertex -1.8 30.865 2.22752
      vertex -1.8 31.2275 2.37764
    endloop
  endfacet
  facet normal -1 0 0
    outer loop
      vertex -1.8 30.5305 -2.02254
      vertex -1.8 30.865 2.22752
      vertex -1.8 30.865 -2.22752
    endloop
  endfacet
  facet normal -1 0 0
    outer loop
      vertex -1.8 30.5305 -2.02254
      vertex -1.8 30.5305 2.02254
      vertex -1.8 30.865 2.22752
    endloop
  endfacet
  facet normal -1 0 0
    outer loop
      vertex -1.8 30.2322 -1.76777
      vertex -1.8 30.5305 2.02254
      vertex -1.8 30.5305 -2.02254
    endloop
  endfacet
  facet normal -1 0 0
    outer loop
      vertex -1.8 30.2322 -1.76777
      vertex -1.8 30.2322 1.76777
      vertex -1.8 30.5305 2.02254
    endloop
  endfacet
  facet normal -1 0 0
    outer loop
      vertex -1.8 29.9775 -1.46946
      vertex -1.8 30.2322 1.76777
      vertex -1.8 30.2322 -1.76777
    endloop
  endfacet
  facet normal -1 0 0
    outer loop
      vertex -1.8 29.9775 -1.46946
      vertex -1.8 29.9775 1.46946
      vertex -1.8 30.2322 1.76777
    endloop
  endfacet
  facet normal -1 0 0
    outer loop
      vertex -1.8 29.7725 -1.13498
      vertex -1.8 29.9775 1.46946
      vertex -1.8 29.9775 -1.46946
    endloop
  endfacet
  facet normal -1 0 0
    outer loop
      vertex -1.8 29.7725 -1.13498
      vertex -1.8 29.7725 1.13498
      vertex -1.8 29.9775 1.46946
    endloop
  endfacet
  facet normal -1 0 0
    outer loop
      vertex -1.8 29.6224 -0.772542
      vertex -1.8 29.7725 1.13498
      vertex -1.8 29.7725 -1.13498
    endloop
  endfacet
  facet normal -1 0 0
    outer loop
      vertex -1.8 29.6224 -0.772542
      vertex -1.8 29.6224 0.772542
      vertex -1.8 29.7725 1.13498
    endloop
  endfacet
  facet normal -1 0 0
    outer loop
      vertex -1.8 29.5308 -0.391086
      vertex -1.8 29.6224 0.772542
      vertex -1.8 29.6224 -0.772542
    endloop
  endfacet
  facet normal -1 0 0
    outer loop
      vertex -1.8 29.5308 -0.391086
      vertex -1.8 29.5308 0.391086
      vertex -1.8 29.6224 0.772542
    endloop
  endfacet
  facet normal -1 0 -0
    outer loop
      vertex -1.8 29.5308 0.391086
      vertex -1.8 29.5308 -0.391086
      vertex -1.8 29.5 0
    endloop
  endfacet
  facet normal 0 -0.852606 0.522555
    outer loop
      vertex -1.8 29.7725 1.13498
      vertex 0 29.9775 1.46946
      vertex -1.8 29.9775 1.46946
    endloop
  endfacet
  facet normal 0 -0.852606 0.522555
    outer loop
      vertex 0 29.9775 1.46946
      vertex -1.8 29.7725 1.13498
      vertex 0 29.7725 1.13498
    endloop
  endfacet
  facet normal 0 0.649445 -0.760409
    outer loop
      vertex -1.8 33.4695 -2.02254
      vertex 0 33.7678 -1.76777
      vertex 0 33.4695 -2.02254
    endloop
  endfacet
  facet normal 0 0.649445 -0.760409
    outer loop
      vertex 0 33.7678 -1.76777
      vertex -1.8 33.4695 -2.02254
      vertex -1.8 33.7678 -1.76777
    endloop
  endfacet
  facet normal 0 0.760508 -0.649329
    outer loop
      vertex 0 33.7678 -1.76777
      vertex -1.8 34.0225 -1.46946
      vertex 0 34.0225 -1.46946
    endloop
  endfacet
  facet normal 0 0.760508 -0.649329
    outer loop
      vertex -1.8 34.0225 -1.46946
      vertex 0 33.7678 -1.76777
      vertex -1.8 33.7678 -1.76777
    endloop
  endfacet
  facet normal 0 -0.996913 -0.078512
    outer loop
      vertex -1.8 29.5308 -0.391086
      vertex 0 29.5 0
      vertex -1.8 29.5 0
    endloop
  endfacet
  facet normal 0 -0.996913 -0.078512
    outer loop
      vertex 0 29.5 0
      vertex -1.8 29.5308 -0.391086
      vertex 0 29.5308 -0.391086
    endloop
  endfacet
  facet normal 0 -0.923904 0.382625
    outer loop
      vertex -1.8 29.6224 0.772542
      vertex 0 29.7725 1.13498
      vertex -1.8 29.7725 1.13498
    endloop
  endfacet
  facet normal 0 -0.923904 0.382625
    outer loop
      vertex 0 29.7725 1.13498
      vertex -1.8 29.6224 0.772542
      vertex 0 29.6224 0.772542
    endloop
  endfacet
  facet normal 0 -0.522495 0.852642
    outer loop
      vertex -1.8 30.865 2.22752
      vertex 0 30.5305 2.02254
      vertex 0 30.865 2.22752
    endloop
  endfacet
  facet normal 0 -0.522495 0.852642
    outer loop
      vertex 0 30.5305 2.02254
      vertex -1.8 30.865 2.22752
      vertex -1.8 30.5305 2.02254
    endloop
  endfacet
  facet normal 0 -0.972358 -0.233495
    outer loop
      vertex -1.8 29.6224 -0.772542
      vertex 0 29.5308 -0.391086
      vertex -1.8 29.5308 -0.391086
    endloop
  endfacet
  facet normal 0 -0.972358 -0.233495
    outer loop
      vertex 0 29.5308 -0.391086
      vertex -1.8 29.6224 -0.772542
      vertex 0 29.6224 -0.772542
    endloop
  endfacet
  facet normal 0 -0.760508 -0.649329
    outer loop
      vertex -1.8 30.2322 -1.76777
      vertex 0 29.9775 -1.46946
      vertex -1.8 29.9775 -1.46946
    endloop
  endfacet
  facet normal 0 -0.760508 -0.649329
    outer loop
      vertex 0 29.9775 -1.46946
      vertex -1.8 30.2322 -1.76777
      vertex 0 30.2322 -1.76777
    endloop
  endfacet
  facet normal 0 -0.0784585 0.996917
    outer loop
      vertex -1.8 32 2.5
      vertex 0 31.6089 2.46922
      vertex 0 32 2.5
    endloop
  endfacet
  facet normal 0 -0.0784585 0.996917
    outer loop
      vertex 0 31.6089 2.46922
      vertex -1.8 32 2.5
      vertex -1.8 31.6089 2.46922
    endloop
  endfacet
  facet normal 0 -0.233479 -0.972362
    outer loop
      vertex -1.8 31.2275 -2.37764
      vertex 0 31.6089 -2.46922
      vertex 0 31.2275 -2.37764
    endloop
  endfacet
  facet normal -0 -0.233479 -0.972362
    outer loop
      vertex 0 31.6089 -2.46922
      vertex -1.8 31.2275 -2.37764
      vertex -1.8 31.6089 -2.46922
    endloop
  endfacet
  facet normal 0 0.923904 -0.382625
    outer loop
      vertex 0 34.2275 -1.13498
      vertex -1.8 34.3776 -0.772542
      vertex 0 34.3776 -0.772542
    endloop
  endfacet
  facet normal 0 0.923904 -0.382625
    outer loop
      vertex -1.8 34.3776 -0.772542
      vertex 0 34.2275 -1.13498
      vertex -1.8 34.2275 -1.13498
    endloop
  endfacet
  facet normal 0 0.996913 -0.078512
    outer loop
      vertex 0 34.4692 -0.391086
      vertex -1.8 34.5 0
      vertex 0 34.5 0
    endloop
  endfacet
  facet normal 0 0.996913 -0.078512
    outer loop
      vertex -1.8 34.5 0
      vertex 0 34.4692 -0.391086
      vertex -1.8 34.4692 -0.391086
    endloop
  endfacet
  facet normal -0 0.522495 0.852642
    outer loop
      vertex -1.8 33.4695 2.02254
      vertex 0 33.135 2.22752
      vertex 0 33.4695 2.02254
    endloop
  endfacet
  facet normal 0 0.522495 0.852642
    outer loop
      vertex 0 33.135 2.22752
      vertex -1.8 33.4695 2.02254
      vertex -1.8 33.135 2.22752
    endloop
  endfacet
  facet normal -0 0.382773 0.923842
    outer loop
      vertex 0 40.5334 1.04693
      vertex 10 40.3631 1.11749
      vertex 10 40.5334 1.04693
    endloop
  endfacet
  facet normal 0 0.382773 0.923842
    outer loop
      vertex 10 40.3631 1.11749
      vertex 0 40.5334 1.04693
      vertex 0 40.3631 1.11749
    endloop
  endfacet
  facet normal 0 0.233414 -0.972377
    outer loop
      vertex 0 40.1838 -1.16053
      vertex 10 40.3631 -1.11749
      vertex 10 40.1838 -1.16053
    endloop
  endfacet
  facet normal 0 0.233414 -0.972377
    outer loop
      vertex 10 40.3631 -1.11749
      vertex 0 40.1838 -1.16053
      vertex 0 40.3631 -1.11749
    endloop
  endfacet
  facet normal 0 0.078484 -0.996915
    outer loop
      vertex 0 40 -1.175
      vertex 10 40.1838 -1.16053
      vertex 10 40 -1.175
    endloop
  endfacet
  facet normal 0 0.078484 -0.996915
    outer loop
      vertex 10 40.1838 -1.16053
      vertex 0 40 -1.175
      vertex 0 40.1838 -1.16053
    endloop
  endfacet
  facet normal 0 0.382773 -0.923842
    outer loop
      vertex 0 40.3631 -1.11749
      vertex 10 40.5334 -1.04693
      vertex 10 40.3631 -1.11749
    endloop
  endfacet
  facet normal 0 0.382773 -0.923842
    outer loop
      vertex 10 40.5334 -1.04693
      vertex 0 40.3631 -1.11749
      vertex 0 40.5334 -1.04693
    endloop
  endfacet
  facet normal 0 0.923801 -0.382872
    outer loop
      vertex 10 41.0469 -0.533439
      vertex 0 41.1175 -0.363094
      vertex 10 41.1175 -0.363094
    endloop
  endfacet
  facet normal 0 0.923801 -0.382872
    outer loop
      vertex 0 41.1175 -0.363094
      vertex 10 41.0469 -0.533439
      vertex 0 41.0469 -0.533439
    endloop
  endfacet
  facet normal 0 0.649457 -0.760398
    outer loop
      vertex 0 40.6906 -0.950595
      vertex 10 40.8308 -0.83085
      vertex 10 40.6906 -0.950595
    endloop
  endfacet
  facet normal 0 0.649457 -0.760398
    outer loop
      vertex 10 40.8308 -0.83085
      vertex 0 40.6906 -0.950595
      vertex 0 40.8308 -0.83085
    endloop
  endfacet
  facet normal 0 -0.522509 -0.852634
    outer loop
      vertex 0 39.3094 -0.950595
      vertex 10 39.4666 -1.04693
      vertex 10 39.3094 -0.950595
    endloop
  endfacet
  facet normal -0 -0.522509 -0.852634
    outer loop
      vertex 10 39.4666 -1.04693
      vertex 0 39.3094 -0.950595
      vertex 0 39.4666 -1.04693
    endloop
  endfacet
  facet normal 0 -0.233414 0.972377
    outer loop
      vertex 0 39.8162 1.16053
      vertex 10 39.6369 1.11749
      vertex 10 39.8162 1.16053
    endloop
  endfacet
  facet normal 0 -0.233414 0.972377
    outer loop
      vertex 10 39.6369 1.11749
      vertex 0 39.8162 1.16053
      vertex 0 39.6369 1.11749
    endloop
  endfacet
  facet normal 0 0.522509 -0.852634
    outer loop
      vertex 0 40.5334 -1.04693
      vertex 10 40.6906 -0.950595
      vertex 10 40.5334 -1.04693
    endloop
  endfacet
  facet normal 0 0.522509 -0.852634
    outer loop
      vertex 10 40.6906 -0.950595
      vertex 0 40.5334 -1.04693
      vertex 0 40.6906 -0.950595
    endloop
  endfacet
  facet normal 0 -0.078484 -0.996915
    outer loop
      vertex 0 39.8162 -1.16053
      vertex 10 40 -1.175
      vertex 10 39.8162 -1.16053
    endloop
  endfacet
  facet normal -0 -0.078484 -0.996915
    outer loop
      vertex 10 40 -1.175
      vertex 0 39.8162 -1.16053
      vertex 0 40 -1.175
    endloop
  endfacet
  facet normal 0 0.85273 0.522352
    outer loop
      vertex 10 41.0469 0.533439
      vertex 0 40.9506 0.690647
      vertex 10 40.9506 0.690647
    endloop
  endfacet
  facet normal 0 0.85273 0.522352
    outer loop
      vertex 0 40.9506 0.690647
      vertex 10 41.0469 0.533439
      vertex 0 41.0469 0.533439
    endloop
  endfacet
  facet normal 0 -0.996903 0.0786415
    outer loop
      vertex 0 38.825 0
      vertex 10 38.8395 0.18381
      vertex 0 38.8395 0.18381
    endloop
  endfacet
  facet normal 0 -0.996903 0.0786415
    outer loop
      vertex 10 38.8395 0.18381
      vertex 0 38.825 0
      vertex 10 38.825 0
    endloop
  endfacet
  facet normal -0 0.649457 0.760398
    outer loop
      vertex 0 40.8308 0.83085
      vertex 10 40.6906 0.950595
      vertex 10 40.8308 0.83085
    endloop
  endfacet
  facet normal 0 0.649457 0.760398
    outer loop
      vertex 10 40.6906 0.950595
      vertex 0 40.8308 0.83085
      vertex 0 40.6906 0.950595
    endloop
  endfacet
  facet normal 0 0.760258 0.649622
    outer loop
      vertex 10 40.9506 0.690647
      vertex 0 40.8308 0.83085
      vertex 10 40.8308 0.83085
    endloop
  endfacet
  facet normal 0 0.760258 0.649622
    outer loop
      vertex 0 40.8308 0.83085
      vertex 10 40.9506 0.690647
      vertex 0 40.9506 0.690647
    endloop
  endfacet
  facet normal 0 -0.923801 -0.382872
    outer loop
      vertex 0 38.9531 -0.533439
      vertex 10 38.8825 -0.363094
      vertex 0 38.8825 -0.363094
    endloop
  endfacet
  facet normal 0 -0.923801 -0.382872
    outer loop
      vertex 10 38.8825 -0.363094
      vertex 0 38.9531 -0.533439
      vertex 10 38.9531 -0.533439
    endloop
  endfacet
  facet normal 0 -0.85273 -0.522352
    outer loop
      vertex 0 39.0494 -0.690647
      vertex 10 38.9531 -0.533439
      vertex 0 38.9531 -0.533439
    endloop
  endfacet
  facet normal 0 -0.85273 -0.522352
    outer loop
      vertex 10 38.9531 -0.533439
      vertex 0 39.0494 -0.690647
      vertex 10 39.0494 -0.690647
    endloop
  endfacet
  facet normal 0 0.923801 0.382872
    outer loop
      vertex 10 41.1175 0.363094
      vertex 0 41.0469 0.533439
      vertex 10 41.0469 0.533439
    endloop
  endfacet
  facet normal 0 0.923801 0.382872
    outer loop
      vertex 0 41.0469 0.533439
      vertex 10 41.1175 0.363094
      vertex 0 41.1175 0.363094
    endloop
  endfacet
  facet normal 0 -0.85273 0.522352
    outer loop
      vertex 0 38.9531 0.533439
      vertex 10 39.0494 0.690647
      vertex 0 39.0494 0.690647
    endloop
  endfacet
  facet normal 0 -0.85273 0.522352
    outer loop
      vertex 10 39.0494 0.690647
      vertex 0 38.9531 0.533439
      vertex 10 38.9531 0.533439
    endloop
  endfacet
  facet normal -0 0.233414 0.972377
    outer loop
      vertex 0 40.3631 1.11749
      vertex 10 40.1838 1.16053
      vertex 10 40.3631 1.11749
    endloop
  endfacet
  facet normal 0 0.233414 0.972377
    outer loop
      vertex 10 40.1838 1.16053
      vertex 0 40.3631 1.11749
      vertex 0 40.1838 1.16053
    endloop
  endfacet
  facet normal 0 0.996903 0.0786415
    outer loop
      vertex 10 41.175 0
      vertex 0 41.1605 0.18381
      vertex 10 41.1605 0.18381
    endloop
  endfacet
  facet normal 0 0.996903 0.0786415
    outer loop
      vertex 0 41.1605 0.18381
      vertex 10 41.175 0
      vertex 0 41.175 0
    endloop
  endfacet
  facet normal 0 0.972422 0.233229
    outer loop
      vertex 10 41.1605 0.18381
      vertex 0 41.1175 0.363094
      vertex 10 41.1175 0.363094
    endloop
  endfacet
  facet normal 0 0.972422 0.233229
    outer loop
      vertex 0 41.1175 0.363094
      vertex 10 41.1605 0.18381
      vertex 0 41.1605 0.18381
    endloop
  endfacet
  facet normal 0 -0.078484 0.996915
    outer loop
      vertex 0 40 1.175
      vertex 10 39.8162 1.16053
      vertex 10 40 1.175
    endloop
  endfacet
  facet normal 0 -0.078484 0.996915
    outer loop
      vertex 10 39.8162 1.16053
      vertex 0 40 1.175
      vertex 0 39.8162 1.16053
    endloop
  endfacet
  facet normal 0 -0.996903 -0.0786415
    outer loop
      vertex 0 38.8395 -0.18381
      vertex 10 38.825 0
      vertex 0 38.825 0
    endloop
  endfacet
  facet normal 0 -0.996903 -0.0786415
    outer loop
      vertex 10 38.825 0
      vertex 0 38.8395 -0.18381
      vertex 10 38.8395 -0.18381
    endloop
  endfacet
  facet normal 0 -0.382773 -0.923842
    outer loop
      vertex 0 39.4666 -1.04693
      vertex 10 39.6369 -1.11749
      vertex 10 39.4666 -1.04693
    endloop
  endfacet
  facet normal -0 -0.382773 -0.923842
    outer loop
      vertex 10 39.6369 -1.11749
      vertex 0 39.4666 -1.04693
      vertex 0 39.6369 -1.11749
    endloop
  endfacet
  facet normal 0 0.760258 -0.649622
    outer loop
      vertex 10 40.8308 -0.83085
      vertex 0 40.9506 -0.690647
      vertex 10 40.9506 -0.690647
    endloop
  endfacet
  facet normal 0 0.760258 -0.649622
    outer loop
      vertex 0 40.9506 -0.690647
      vertex 10 40.8308 -0.83085
      vertex 0 40.8308 -0.83085
    endloop
  endfacet
  facet normal 0 0.85273 -0.522352
    outer loop
      vertex 10 40.9506 -0.690647
      vertex 0 41.0469 -0.533439
      vertex 10 41.0469 -0.533439
    endloop
  endfacet
  facet normal 0 0.85273 -0.522352
    outer loop
      vertex 0 41.0469 -0.533439
      vertex 10 40.9506 -0.690647
      vertex 0 40.9506 -0.690647
    endloop
  endfacet
  facet normal 0 -0.233414 -0.972377
    outer loop
      vertex 0 39.6369 -1.11749
      vertex 10 39.8162 -1.16053
      vertex 10 39.6369 -1.11749
    endloop
  endfacet
  facet normal -0 -0.233414 -0.972377
    outer loop
      vertex 10 39.8162 -1.16053
      vertex 0 39.6369 -1.11749
      vertex 0 39.8162 -1.16053
    endloop
  endfacet
  facet normal 0 0.972422 -0.233229
    outer loop
      vertex 10 41.1175 -0.363094
      vertex 0 41.1605 -0.18381
      vertex 10 41.1605 -0.18381
    endloop
  endfacet
  facet normal 0 0.972422 -0.233229
    outer loop
      vertex 0 41.1605 -0.18381
      vertex 10 41.1175 -0.363094
      vertex 0 41.1175 -0.363094
    endloop
  endfacet
  facet normal 0 -0.382773 0.923842
    outer loop
      vertex 0 39.6369 1.11749
      vertex 10 39.4666 1.04693
      vertex 10 39.6369 1.11749
    endloop
  endfacet
  facet normal 0 -0.382773 0.923842
    outer loop
      vertex 10 39.4666 1.04693
      vertex 0 39.6369 1.11749
      vertex 0 39.4666 1.04693
    endloop
  endfacet
  facet normal 0 -0.522509 0.852634
    outer loop
      vertex 0 39.4666 1.04693
      vertex 10 39.3094 0.950595
      vertex 10 39.4666 1.04693
    endloop
  endfacet
  facet normal 0 -0.522509 0.852634
    outer loop
      vertex 10 39.3094 0.950595
      vertex 0 39.4666 1.04693
      vertex 0 39.3094 0.950595
    endloop
  endfacet
  facet normal 0 -0.923801 0.382872
    outer loop
      vertex 0 38.8825 0.363094
      vertex 10 38.9531 0.533439
      vertex 0 38.9531 0.533439
    endloop
  endfacet
  facet normal 0 -0.923801 0.382872
    outer loop
      vertex 10 38.9531 0.533439
      vertex 0 38.8825 0.363094
      vertex 10 38.8825 0.363094
    endloop
  endfacet
  facet normal 0 -0.649457 0.760398
    outer loop
      vertex 0 39.3094 0.950595
      vertex 10 39.1692 0.83085
      vertex 10 39.3094 0.950595
    endloop
  endfacet
  facet normal 0 -0.649457 0.760398
    outer loop
      vertex 10 39.1692 0.83085
      vertex 0 39.3094 0.950595
      vertex 0 39.1692 0.83085
    endloop
  endfacet
  facet normal 0 -0.972422 -0.233229
    outer loop
      vertex 0 38.8825 -0.363094
      vertex 10 38.8395 -0.18381
      vertex 0 38.8395 -0.18381
    endloop
  endfacet
  facet normal 0 -0.972422 -0.233229
    outer loop
      vertex 10 38.8395 -0.18381
      vertex 0 38.8825 -0.363094
      vertex 10 38.8825 -0.363094
    endloop
  endfacet
  facet normal 0 -0.760258 0.649622
    outer loop
      vertex 0 39.0494 0.690647
      vertex 10 39.1692 0.83085
      vertex 0 39.1692 0.83085
    endloop
  endfacet
  facet normal 0 -0.760258 0.649622
    outer loop
      vertex 10 39.1692 0.83085
      vertex 0 39.0494 0.690647
      vertex 10 39.0494 0.690647
    endloop
  endfacet
  facet normal 1 0 0
    outer loop
      vertex 0 41.175 0
      vertex 0 42.5 0
      vertex 0 42.4692 0.391086
    endloop
  endfacet
  facet normal 1 0 0
    outer loop
      vertex 0 41.1605 0.18381
      vertex 0 42.4692 0.391086
      vertex 0 42.3776 0.772542
    endloop
  endfacet
  facet normal 1 0 0
    outer loop
      vertex 0 42.5 0
      vertex 0 41.175 0
      vertex 0 42.4692 -0.391086
    endloop
  endfacet
  facet normal 1 0 0
    outer loop
      vertex 0 41.1175 0.363094
      vertex 0 42.3776 0.772542
      vertex 0 42.2275 1.13498
    endloop
  endfacet
  facet normal 1 -0 0
    outer loop
      vertex 0 41.1605 -0.18381
      vertex 0 42.4692 -0.391086
      vertex 0 41.175 0
    endloop
  endfacet
  facet normal 1 0 0
    outer loop
      vertex 0 41.0469 0.533439
      vertex 0 42.2275 1.13498
      vertex 0 42.0225 1.46946
    endloop
  endfacet
  facet normal 1 0 0
    outer loop
      vertex 0 42.4692 -0.391086
      vertex 0 41.1605 -0.18381
      vertex 0 42.3776 -0.772542
    endloop
  endfacet
  facet normal 1 0 0
    outer loop
      vertex 0 40.9506 0.690647
      vertex 0 42.0225 1.46946
      vertex 0 41.7678 1.76777
    endloop
  endfacet
  facet normal 1 -0 0
    outer loop
      vertex 0 41.1175 -0.363094
      vertex 0 42.3776 -0.772542
      vertex 0 41.1605 -0.18381
    endloop
  endfacet
  facet normal 1 0 0
    outer loop
      vertex 0 40.8308 0.83085
      vertex 0 41.7678 1.76777
      vertex 0 41.4695 2.02254
    endloop
  endfacet
  facet normal 1 0 0
    outer loop
      vertex 0 42.3776 -0.772542
      vertex 0 41.1175 -0.363094
      vertex 0 42.2275 -1.13498
    endloop
  endfacet
  facet normal 1 -0 0
    outer loop
      vertex 0 41.0469 -0.533439
      vertex 0 42.2275 -1.13498
      vertex 0 41.1175 -0.363094
    endloop
  endfacet
  facet normal 1 0 0
    outer loop
      vertex 0 42.4692 0.391086
      vertex 0 41.1605 0.18381
      vertex 0 41.175 0
    endloop
  endfacet
  facet normal 1 0 0
    outer loop
      vertex 0 40.6906 0.950595
      vertex 0 41.4695 2.02254
      vertex 0 41.135 2.22752
    endloop
  endfacet
  facet normal 1 0 0
    outer loop
      vertex 0 42.3776 0.772542
      vertex 0 41.1175 0.363094
      vertex 0 41.1605 0.18381
    endloop
  endfacet
  facet normal 1 0 0
    outer loop
      vertex 0 42.2275 1.13498
      vertex 0 41.0469 0.533439
      vertex 0 41.1175 0.363094
    endloop
  endfacet
  facet normal 1 0 0
    outer loop
      vertex 0 42.0225 1.46946
      vertex 0 40.9506 0.690647
      vertex 0 41.0469 0.533439
    endloop
  endfacet
  facet normal 1 0 0
    outer loop
      vertex 0 41.7678 1.76777
      vertex 0 40.8308 0.83085
      vertex 0 40.9506 0.690647
    endloop
  endfacet
  facet normal 1 0 0
    outer loop
      vertex 0 40.5334 1.04693
      vertex 0 41.135 2.22752
      vertex 0 40.7725 2.37764
    endloop
  endfacet
  facet normal 1 0 0
    outer loop
      vertex 0 41.4695 2.02254
      vertex 0 40.6906 0.950595
      vertex 0 40.8308 0.83085
    endloop
  endfacet
  facet normal 1 0 0
    outer loop
      vertex 0 41.135 2.22752
      vertex 0 40.5334 1.04693
      vertex 0 40.6906 0.950595
    endloop
  endfacet
  facet normal 1 0 0
    outer loop
      vertex 0 40.3631 1.11749
      vertex 0 40.7725 2.37764
      vertex 0 40.3911 2.46922
    endloop
  endfacet
  facet normal 1 0 0
    outer loop
      vertex 0 40.7725 2.37764
      vertex 0 40.3631 1.11749
      vertex 0 40.5334 1.04693
    endloop
  endfacet
  facet normal 1 0 0
    outer loop
      vertex 0 40.3911 2.46922
      vertex 0 40.1838 1.16053
      vertex 0 40.3631 1.11749
    endloop
  endfacet
  facet normal 1 0 0
    outer loop
      vertex 0 40 2.5
      vertex 0 40.1838 1.16053
      vertex 0 40.3911 2.46922
    endloop
  endfacet
  facet normal 1 0 0
    outer loop
      vertex 0 40 2.5
      vertex 0 40 1.175
      vertex 0 40.1838 1.16053
    endloop
  endfacet
  facet normal 1 0 0
    outer loop
      vertex 0 40 2.5
      vertex 0 39.8162 1.16053
      vertex 0 40 1.175
    endloop
  endfacet
  facet normal 1 -0 0
    outer loop
      vertex 0 39.6089 2.46922
      vertex 0 39.8162 1.16053
      vertex 0 40 2.5
    endloop
  endfacet
  facet normal 1 0 0
    outer loop
      vertex 0 39.8162 1.16053
      vertex 0 39.6089 2.46922
      vertex 0 39.6369 1.11749
    endloop
  endfacet
  facet normal 1 -0 0
    outer loop
      vertex 0 39.2275 2.37764
      vertex 0 39.6369 1.11749
      vertex 0 39.6089 2.46922
    endloop
  endfacet
  facet normal 1 0 0
    outer loop
      vertex 0 39.6369 1.11749
      vertex 0 39.2275 2.37764
      vertex 0 39.4666 1.04693
    endloop
  endfacet
  facet normal 1 -0 0
    outer loop
      vertex 0 38.865 2.22752
      vertex 0 39.4666 1.04693
      vertex 0 39.2275 2.37764
    endloop
  endfacet
  facet normal 1 0 0
    outer loop
      vertex 0 39.4666 1.04693
      vertex 0 38.865 2.22752
      vertex 0 39.3094 0.950595
    endloop
  endfacet
  facet normal 1 -0 0
    outer loop
      vertex 0 38.5305 2.02254
      vertex 0 39.3094 0.950595
      vertex 0 38.865 2.22752
    endloop
  endfacet
  facet normal 1 0 0
    outer loop
      vertex 0 39.3094 0.950595
      vertex 0 38.5305 2.02254
      vertex 0 39.1692 0.83085
    endloop
  endfacet
  facet normal 1 -0 0
    outer loop
      vertex 0 38.2322 1.76777
      vertex 0 39.1692 0.83085
      vertex 0 38.5305 2.02254
    endloop
  endfacet
  facet normal 1 0 0
    outer loop
      vertex 0 39.1692 0.83085
      vertex 0 38.2322 1.76777
      vertex 0 39.0494 0.690647
    endloop
  endfacet
  facet normal 1 -0 0
    outer loop
      vertex 0 37.9775 1.46946
      vertex 0 39.0494 0.690647
      vertex 0 38.2322 1.76777
    endloop
  endfacet
  facet normal 1 0 0
    outer loop
      vertex 0 39.0494 0.690647
      vertex 0 37.9775 1.46946
      vertex 0 38.9531 0.533439
    endloop
  endfacet
  facet normal 1 -0 0
    outer loop
      vertex 0 37.7725 1.13498
      vertex 0 38.9531 0.533439
      vertex 0 37.9775 1.46946
    endloop
  endfacet
  facet normal 1 0 0
    outer loop
      vertex 0 42.2275 -1.13498
      vertex 0 41.0469 -0.533439
      vertex 0 42.0225 -1.46946
    endloop
  endfacet
  facet normal 1 -0 0
    outer loop
      vertex 0 40.9506 -0.690647
      vertex 0 42.0225 -1.46946
      vertex 0 41.0469 -0.533439
    endloop
  endfacet
  facet normal 1 0 0
    outer loop
      vertex 0 42.0225 -1.46946
      vertex 0 40.9506 -0.690647
      vertex 0 41.7678 -1.76777
    endloop
  endfacet
  facet normal 1 -0 0
    outer loop
      vertex 0 40.8308 -0.83085
      vertex 0 41.7678 -1.76777
      vertex 0 40.9506 -0.690647
    endloop
  endfacet
  facet normal 1 0 0
    outer loop
      vertex 0 41.7678 -1.76777
      vertex 0 40.8308 -0.83085
      vertex 0 41.4695 -2.02254
    endloop
  endfacet
  facet normal 1 -0 0
    outer loop
      vertex 0 40.6906 -0.950595
      vertex 0 41.4695 -2.02254
      vertex 0 40.8308 -0.83085
    endloop
  endfacet
  facet normal 1 0 0
    outer loop
      vertex 0 41.4695 -2.02254
      vertex 0 40.6906 -0.950595
      vertex 0 41.135 -2.22752
    endloop
  endfacet
  facet normal 1 -0 0
    outer loop
      vertex 0 40.5334 -1.04693
      vertex 0 41.135 -2.22752
      vertex 0 40.6906 -0.950595
    endloop
  endfacet
  facet normal 1 0 0
    outer loop
      vertex 0 41.135 -2.22752
      vertex 0 40.5334 -1.04693
      vertex 0 40.7725 -2.37764
    endloop
  endfacet
  facet normal 1 -0 0
    outer loop
      vertex 0 40.3631 -1.11749
      vertex 0 40.7725 -2.37764
      vertex 0 40.5334 -1.04693
    endloop
  endfacet
  facet normal 1 0 0
    outer loop
      vertex 0 40.7725 -2.37764
      vertex 0 40.3631 -1.11749
      vertex 0 40.3911 -2.46922
    endloop
  endfacet
  facet normal 1 -0 0
    outer loop
      vertex 0 40.1838 -1.16053
      vertex 0 40.3911 -2.46922
      vertex 0 40.3631 -1.11749
    endloop
  endfacet
  facet normal 1 -0 0
    outer loop
      vertex 0 40 -1.175
      vertex 0 40.3911 -2.46922
      vertex 0 40.1838 -1.16053
    endloop
  endfacet
  facet normal 1 0 0
    outer loop
      vertex 0 40 -1.175
      vertex 0 40 -2.5
      vertex 0 40.3911 -2.46922
    endloop
  endfacet
  facet normal 1 0 0
    outer loop
      vertex 0 39.8162 -1.16053
      vertex 0 40 -2.5
      vertex 0 40 -1.175
    endloop
  endfacet
  facet normal 1 0 0
    outer loop
      vertex 0 39.6089 -2.46922
      vertex 0 39.8162 -1.16053
      vertex 0 39.6369 -1.11749
    endloop
  endfacet
  facet normal 1 0 0
    outer loop
      vertex 0 39.8162 -1.16053
      vertex 0 39.6089 -2.46922
      vertex 0 40 -2.5
    endloop
  endfacet
  facet normal 1 0 0
    outer loop
      vertex 0 39.2275 -2.37764
      vertex 0 39.6369 -1.11749
      vertex 0 39.4666 -1.04693
    endloop
  endfacet
  facet normal 1 0 0
    outer loop
      vertex 0 38.865 -2.22752
      vertex 0 39.4666 -1.04693
      vertex 0 39.3094 -0.950595
    endloop
  endfacet
  facet normal 1 0 0
    outer loop
      vertex 0 39.6369 -1.11749
      vertex 0 39.2275 -2.37764
      vertex 0 39.6089 -2.46922
    endloop
  endfacet
  facet normal 1 0 0
    outer loop
      vertex 0 38.5305 -2.02254
      vertex 0 39.3094 -0.950595
      vertex 0 39.1692 -0.83085
    endloop
  endfacet
  facet normal 1 0 0
    outer loop
      vertex 0 38.2322 -1.76777
      vertex 0 39.1692 -0.83085
      vertex 0 39.0494 -0.690647
    endloop
  endfacet
  facet normal 1 0 0
    outer loop
      vertex 0 37.9775 -1.46946
      vertex 0 39.0494 -0.690647
      vertex 0 38.9531 -0.533439
    endloop
  endfacet
  facet normal 1 0 0
    outer loop
      vertex 0 37.7725 -1.13498
      vertex 0 38.9531 -0.533439
      vertex 0 38.8825 -0.363094
    endloop
  endfacet
  facet normal 1 0 0
    outer loop
      vertex 0 39.4666 -1.04693
      vertex 0 38.865 -2.22752
      vertex 0 39.2275 -2.37764
    endloop
  endfacet
  facet normal 1 0 0
    outer loop
      vertex 0 37.6224 -0.772542
      vertex 0 38.8825 -0.363094
      vertex 0 38.8395 -0.18381
    endloop
  endfacet
  facet normal 1 0 0
    outer loop
      vertex 0 37.5308 -0.391086
      vertex 0 38.8395 -0.18381
      vertex 0 38.825 0
    endloop
  endfacet
  facet normal 1 0 0
    outer loop
      vertex 0 38.9531 0.533439
      vertex 0 37.7725 1.13498
      vertex 0 38.8825 0.363094
    endloop
  endfacet
  facet normal 1 0 0
    outer loop
      vertex 0 39.3094 -0.950595
      vertex 0 38.5305 -2.02254
      vertex 0 38.865 -2.22752
    endloop
  endfacet
  facet normal 1 -0 0
    outer loop
      vertex 0 37.6224 0.772542
      vertex 0 38.8825 0.363094
      vertex 0 37.7725 1.13498
    endloop
  endfacet
  facet normal 1 0 0
    outer loop
      vertex 0 39.1692 -0.83085
      vertex 0 38.2322 -1.76777
      vertex 0 38.5305 -2.02254
    endloop
  endfacet
  facet normal 1 0 0
    outer loop
      vertex 0 38.8825 0.363094
      vertex 0 37.6224 0.772542
      vertex 0 38.8395 0.18381
    endloop
  endfacet
  facet normal 1 0 0
    outer loop
      vertex 0 39.0494 -0.690647
      vertex 0 37.9775 -1.46946
      vertex 0 38.2322 -1.76777
    endloop
  endfacet
  facet normal 1 -0 0
    outer loop
      vertex 0 37.5308 0.391086
      vertex 0 38.8395 0.18381
      vertex 0 37.6224 0.772542
    endloop
  endfacet
  facet normal 1 0 0
    outer loop
      vertex 0 38.9531 -0.533439
      vertex 0 37.7725 -1.13498
      vertex 0 37.9775 -1.46946
    endloop
  endfacet
  facet normal 1 0 0
    outer loop
      vertex 0 38.8395 0.18381
      vertex 0 37.5308 0.391086
      vertex 0 38.825 0
    endloop
  endfacet
  facet normal 1 0 0
    outer loop
      vertex 0 38.8825 -0.363094
      vertex 0 37.6224 -0.772542
      vertex 0 37.7725 -1.13498
    endloop
  endfacet
  facet normal 1 0 0
    outer loop
      vertex 0 37.5 0
      vertex 0 38.825 0
      vertex 0 37.5308 0.391086
    endloop
  endfacet
  facet normal 1 0 0
    outer loop
      vertex 0 38.8395 -0.18381
      vertex 0 37.5308 -0.391086
      vertex 0 37.6224 -0.772542
    endloop
  endfacet
  facet normal 1 0 0
    outer loop
      vertex 0 38.825 0
      vertex 0 37.5 0
      vertex 0 37.5308 -0.391086
    endloop
  endfacet
  facet normal 0 -0.972422 0.233229
    outer loop
      vertex 0 38.8395 0.18381
      vertex 10 38.8825 0.363094
      vertex 0 38.8825 0.363094
    endloop
  endfacet
  facet normal 0 -0.972422 0.233229
    outer loop
      vertex 10 38.8825 0.363094
      vertex 0 38.8395 0.18381
      vertex 10 38.8395 0.18381
    endloop
  endfacet
  facet normal 0 0.996903 -0.0786415
    outer loop
      vertex 10 41.1605 -0.18381
      vertex 0 41.175 0
      vertex 10 41.175 0
    endloop
  endfacet
  facet normal 0 0.996903 -0.0786415
    outer loop
      vertex 0 41.175 0
      vertex 10 41.1605 -0.18381
      vertex 0 41.1605 -0.18381
    endloop
  endfacet
  facet normal -0 0.078484 0.996915
    outer loop
      vertex 0 40.1838 1.16053
      vertex 10 40 1.175
      vertex 10 40.1838 1.16053
    endloop
  endfacet
  facet normal 0 0.078484 0.996915
    outer loop
      vertex 10 40 1.175
      vertex 0 40.1838 1.16053
      vertex 0 40 1.175
    endloop
  endfacet
  facet normal 0 -0.649457 -0.760398
    outer loop
      vertex 0 39.1692 -0.83085
      vertex 10 39.3094 -0.950595
      vertex 10 39.1692 -0.83085
    endloop
  endfacet
  facet normal -0 -0.649457 -0.760398
    outer loop
      vertex 10 39.3094 -0.950595
      vertex 0 39.1692 -0.83085
      vertex 0 39.3094 -0.950595
    endloop
  endfacet
  facet normal 1 0 0
    outer loop
      vertex 10 41.1605 0.18381
      vertex 10 41.1605 -0.18381
      vertex 10 41.175 0
    endloop
  endfacet
  facet normal 1 0 0
    outer loop
      vertex 10 41.1175 0.363094
      vertex 10 41.1605 -0.18381
      vertex 10 41.1605 0.18381
    endloop
  endfacet
  facet normal 1 0 0
    outer loop
      vertex 10 41.1175 0.363094
      vertex 10 41.1175 -0.363094
      vertex 10 41.1605 -0.18381
    endloop
  endfacet
  facet normal 1 0 0
    outer loop
      vertex 10 41.0469 0.533439
      vertex 10 41.1175 -0.363094
      vertex 10 41.1175 0.363094
    endloop
  endfacet
  facet normal 1 0 0
    outer loop
      vertex 10 41.0469 0.533439
      vertex 10 41.0469 -0.533439
      vertex 10 41.1175 -0.363094
    endloop
  endfacet
  facet normal 1 0 0
    outer loop
      vertex 10 40.9506 0.690647
      vertex 10 41.0469 -0.533439
      vertex 10 41.0469 0.533439
    endloop
  endfacet
  facet normal 1 0 0
    outer loop
      vertex 10 40.9506 0.690647
      vertex 10 40.9506 -0.690647
      vertex 10 41.0469 -0.533439
    endloop
  endfacet
  facet normal 1 0 0
    outer loop
      vertex 10 40.8308 0.83085
      vertex 10 40.9506 -0.690647
      vertex 10 40.9506 0.690647
    endloop
  endfacet
  facet normal 1 0 0
    outer loop
      vertex 10 40.8308 0.83085
      vertex 10 40.8308 -0.83085
      vertex 10 40.9506 -0.690647
    endloop
  endfacet
  facet normal 1 0 0
    outer loop
      vertex 10 40.6906 0.950595
      vertex 10 40.8308 -0.83085
      vertex 10 40.8308 0.83085
    endloop
  endfacet
  facet normal 1 0 0
    outer loop
      vertex 10 40.6906 0.950595
      vertex 10 40.6906 -0.950595
      vertex 10 40.8308 -0.83085
    endloop
  endfacet
  facet normal 1 0 0
    outer loop
      vertex 10 40.5334 1.04693
      vertex 10 40.6906 -0.950595
      vertex 10 40.6906 0.950595
    endloop
  endfacet
  facet normal 1 0 0
    outer loop
      vertex 10 40.5334 1.04693
      vertex 10 40.5334 -1.04693
      vertex 10 40.6906 -0.950595
    endloop
  endfacet
  facet normal 1 0 0
    outer loop
      vertex 10 40.3631 1.11749
      vertex 10 40.5334 -1.04693
      vertex 10 40.5334 1.04693
    endloop
  endfacet
  facet normal 1 0 0
    outer loop
      vertex 10 40.3631 1.11749
      vertex 10 40.3631 -1.11749
      vertex 10 40.5334 -1.04693
    endloop
  endfacet
  facet normal 1 0 0
    outer loop
      vertex 10 40.1838 1.16053
      vertex 10 40.3631 -1.11749
      vertex 10 40.3631 1.11749
    endloop
  endfacet
  facet normal 1 0 0
    outer loop
      vertex 10 40.1838 1.16053
      vertex 10 40.1838 -1.16053
      vertex 10 40.3631 -1.11749
    endloop
  endfacet
  facet normal 1 0 0
    outer loop
      vertex 10 40 1.175
      vertex 10 40.1838 -1.16053
      vertex 10 40.1838 1.16053
    endloop
  endfacet
  facet normal 1 0 0
    outer loop
      vertex 10 40 1.175
      vertex 10 40 -1.175
      vertex 10 40.1838 -1.16053
    endloop
  endfacet
  facet normal 1 -0 0
    outer loop
      vertex 10 39.8162 1.16053
      vertex 10 40 -1.175
      vertex 10 40 1.175
    endloop
  endfacet
  facet normal 1 0 0
    outer loop
      vertex 10 39.8162 1.16053
      vertex 10 39.8162 -1.16053
      vertex 10 40 -1.175
    endloop
  endfacet
  facet normal 1 -0 0
    outer loop
      vertex 10 39.6369 1.11749
      vertex 10 39.8162 -1.16053
      vertex 10 39.8162 1.16053
    endloop
  endfacet
  facet normal 1 0 0
    outer loop
      vertex 10 39.6369 1.11749
      vertex 10 39.6369 -1.11749
      vertex 10 39.8162 -1.16053
    endloop
  endfacet
  facet normal 1 -0 0
    outer loop
      vertex 10 39.4666 1.04693
      vertex 10 39.6369 -1.11749
      vertex 10 39.6369 1.11749
    endloop
  endfacet
  facet normal 1 0 0
    outer loop
      vertex 10 39.4666 1.04693
      vertex 10 39.4666 -1.04693
      vertex 10 39.6369 -1.11749
    endloop
  endfacet
  facet normal 1 -0 0
    outer loop
      vertex 10 39.3094 0.950595
      vertex 10 39.4666 -1.04693
      vertex 10 39.4666 1.04693
    endloop
  endfacet
  facet normal 1 0 0
    outer loop
      vertex 10 39.3094 0.950595
      vertex 10 39.3094 -0.950595
      vertex 10 39.4666 -1.04693
    endloop
  endfacet
  facet normal 1 -0 0
    outer loop
      vertex 10 39.1692 0.83085
      vertex 10 39.3094 -0.950595
      vertex 10 39.3094 0.950595
    endloop
  endfacet
  facet normal 1 0 0
    outer loop
      vertex 10 39.1692 0.83085
      vertex 10 39.1692 -0.83085
      vertex 10 39.3094 -0.950595
    endloop
  endfacet
  facet normal 1 -0 0
    outer loop
      vertex 10 39.0494 0.690647
      vertex 10 39.1692 -0.83085
      vertex 10 39.1692 0.83085
    endloop
  endfacet
  facet normal 1 0 0
    outer loop
      vertex 10 39.0494 0.690647
      vertex 10 39.0494 -0.690647
      vertex 10 39.1692 -0.83085
    endloop
  endfacet
  facet normal 1 -0 0
    outer loop
      vertex 10 38.9531 0.533439
      vertex 10 39.0494 -0.690647
      vertex 10 39.0494 0.690647
    endloop
  endfacet
  facet normal 1 0 0
    outer loop
      vertex 10 38.9531 0.533439
      vertex 10 38.9531 -0.533439
      vertex 10 39.0494 -0.690647
    endloop
  endfacet
  facet normal 1 -0 0
    outer loop
      vertex 10 38.8825 0.363094
      vertex 10 38.9531 -0.533439
      vertex 10 38.9531 0.533439
    endloop
  endfacet
  facet normal 1 0 0
    outer loop
      vertex 10 38.8825 0.363094
      vertex 10 38.8825 -0.363094
      vertex 10 38.9531 -0.533439
    endloop
  endfacet
  facet normal 1 -0 0
    outer loop
      vertex 10 38.8395 0.18381
      vertex 10 38.8825 -0.363094
      vertex 10 38.8825 0.363094
    endloop
  endfacet
  facet normal 1 0 0
    outer loop
      vertex 10 38.8395 0.18381
      vertex 10 38.8395 -0.18381
      vertex 10 38.8825 -0.363094
    endloop
  endfacet
  facet normal 1 0 -0
    outer loop
      vertex 10 38.8395 -0.18381
      vertex 10 38.8395 0.18381
      vertex 10 38.825 0
    endloop
  endfacet
  facet normal -0 0.522509 0.852634
    outer loop
      vertex 0 40.6906 0.950595
      vertex 10 40.5334 1.04693
      vertex 10 40.6906 0.950595
    endloop
  endfacet
  facet normal 0 0.522509 0.852634
    outer loop
      vertex 10 40.5334 1.04693
      vertex 0 40.6906 0.950595
      vertex 0 40.5334 1.04693
    endloop
  endfacet
  facet normal 0 -0.760258 -0.649622
    outer loop
      vertex 0 39.1692 -0.83085
      vertex 10 39.0494 -0.690647
      vertex 0 39.0494 -0.690647
    endloop
  endfacet
  facet normal 0 -0.760258 -0.649622
    outer loop
      vertex 10 39.0494 -0.690647
      vertex 0 39.1692 -0.83085
      vertex 10 39.1692 -0.83085
    endloop
  endfacet
  facet normal 0 -0.233479 0.972362
    outer loop
      vertex -1.8 39.6089 2.46922
      vertex 0 39.2275 2.37764
      vertex 0 39.6089 2.46922
    endloop
  endfacet
  facet normal 0 -0.233479 0.972362
    outer loop
      vertex 0 39.2275 2.37764
      vertex -1.8 39.6089 2.46922
      vertex -1.8 39.2275 2.37764
    endloop
  endfacet
  facet normal 0 0.233479 -0.972362
    outer loop
      vertex -1.8 40.3911 -2.46922
      vertex 0 40.7725 -2.37764
      vertex 0 40.3911 -2.46922
    endloop
  endfacet
  facet normal 0 0.233479 -0.972362
    outer loop
      vertex 0 40.7725 -2.37764
      vertex -1.8 40.3911 -2.46922
      vertex -1.8 40.7725 -2.37764
    endloop
  endfacet
  facet normal 0 0.0784585 -0.996917
    outer loop
      vertex -1.8 40 -2.5
      vertex 0 40.3911 -2.46922
      vertex 0 40 -2.5
    endloop
  endfacet
  facet normal 0 0.0784585 -0.996917
    outer loop
      vertex 0 40.3911 -2.46922
      vertex -1.8 40 -2.5
      vertex -1.8 40.3911 -2.46922
    endloop
  endfacet
  facet normal 0 0.382613 -0.923909
    outer loop
      vertex -1.8 40.7725 -2.37764
      vertex 0 41.135 -2.22752
      vertex 0 40.7725 -2.37764
    endloop
  endfacet
  facet normal 0 0.382613 -0.923909
    outer loop
      vertex 0 41.135 -2.22752
      vertex -1.8 40.7725 -2.37764
      vertex -1.8 41.135 -2.22752
    endloop
  endfacet
  facet normal 0 -0.923904 -0.382625
    outer loop
      vertex -1.8 37.7725 -1.13498
      vertex 0 37.6224 -0.772542
      vertex -1.8 37.6224 -0.772542
    endloop
  endfacet
  facet normal 0 -0.923904 -0.382625
    outer loop
      vertex 0 37.6224 -0.772542
      vertex -1.8 37.7725 -1.13498
      vertex 0 37.7725 -1.13498
    endloop
  endfacet
  facet normal 0 -0.522495 -0.852642
    outer loop
      vertex -1.8 38.5305 -2.02254
      vertex 0 38.865 -2.22752
      vertex 0 38.5305 -2.02254
    endloop
  endfacet
  facet normal -0 -0.522495 -0.852642
    outer loop
      vertex 0 38.865 -2.22752
      vertex -1.8 38.5305 -2.02254
      vertex -1.8 38.865 -2.22752
    endloop
  endfacet
  facet normal 0 0.760508 0.649329
    outer loop
      vertex 0 42.0225 1.46946
      vertex -1.8 41.7678 1.76777
      vertex 0 41.7678 1.76777
    endloop
  endfacet
  facet normal 0 0.760508 0.649329
    outer loop
      vertex -1.8 41.7678 1.76777
      vertex 0 42.0225 1.46946
      vertex -1.8 42.0225 1.46946
    endloop
  endfacet
  facet normal 0 0.923904 0.382625
    outer loop
      vertex 0 42.3776 0.772542
      vertex -1.8 42.2275 1.13498
      vertex 0 42.2275 1.13498
    endloop
  endfacet
  facet normal 0 0.923904 0.382625
    outer loop
      vertex -1.8 42.2275 1.13498
      vertex 0 42.3776 0.772542
      vertex -1.8 42.3776 0.772542
    endloop
  endfacet
  facet normal 0 -0.649445 -0.760409
    outer loop
      vertex -1.8 38.2322 -1.76777
      vertex 0 38.5305 -2.02254
      vertex 0 38.2322 -1.76777
    endloop
  endfacet
  facet normal -0 -0.649445 -0.760409
    outer loop
      vertex 0 38.5305 -2.02254
      vertex -1.8 38.2322 -1.76777
      vertex -1.8 38.5305 -2.02254
    endloop
  endfacet
  facet normal 0 -0.0784585 -0.996917
    outer loop
      vertex -1.8 39.6089 -2.46922
      vertex 0 40 -2.5
      vertex 0 39.6089 -2.46922
    endloop
  endfacet
  facet normal -0 -0.0784585 -0.996917
    outer loop
      vertex 0 40 -2.5
      vertex -1.8 39.6089 -2.46922
      vertex -1.8 40 -2.5
    endloop
  endfacet
  facet normal 0 -0.382613 -0.923909
    outer loop
      vertex -1.8 38.865 -2.22752
      vertex 0 39.2275 -2.37764
      vertex 0 38.865 -2.22752
    endloop
  endfacet
  facet normal -0 -0.382613 -0.923909
    outer loop
      vertex 0 39.2275 -2.37764
      vertex -1.8 38.865 -2.22752
      vertex -1.8 39.2275 -2.37764
    endloop
  endfacet
  facet normal 0 -0.382613 0.923909
    outer loop
      vertex -1.8 39.2275 2.37764
      vertex 0 38.865 2.22752
      vertex 0 39.2275 2.37764
    endloop
  endfacet
  facet normal 0 -0.382613 0.923909
    outer loop
      vertex 0 38.865 2.22752
      vertex -1.8 39.2275 2.37764
      vertex -1.8 38.865 2.22752
    endloop
  endfacet
  facet normal -0 0.0784585 0.996917
    outer loop
      vertex -1.8 40.3911 2.46922
      vertex 0 40 2.5
      vertex 0 40.3911 2.46922
    endloop
  endfacet
  facet normal 0 0.0784585 0.996917
    outer loop
      vertex 0 40 2.5
      vertex -1.8 40.3911 2.46922
      vertex -1.8 40 2.5
    endloop
  endfacet
  facet normal -0 0.233479 0.972362
    outer loop
      vertex -1.8 40.7725 2.37764
      vertex 0 40.3911 2.46922
      vertex 0 40.7725 2.37764
    endloop
  endfacet
  facet normal 0 0.233479 0.972362
    outer loop
      vertex 0 40.3911 2.46922
      vertex -1.8 40.7725 2.37764
      vertex -1.8 40.3911 2.46922
    endloop
  endfacet
  facet normal 0 0.972358 -0.233495
    outer loop
      vertex 0 42.3776 -0.772542
      vertex -1.8 42.4692 -0.391086
      vertex 0 42.4692 -0.391086
    endloop
  endfacet
  facet normal 0 0.972358 -0.233495
    outer loop
      vertex -1.8 42.4692 -0.391086
      vertex 0 42.3776 -0.772542
      vertex -1.8 42.3776 -0.772542
    endloop
  endfacet
  facet normal 0 0.996913 0.078512
    outer loop
      vertex 0 42.5 0
      vertex -1.8 42.4692 0.391086
      vertex 0 42.4692 0.391086
    endloop
  endfacet
  facet normal 0 0.996913 0.078512
    outer loop
      vertex -1.8 42.4692 0.391086
      vertex 0 42.5 0
      vertex -1.8 42.5 0
    endloop
  endfacet
  facet normal 0 -0.649445 0.760409
    outer loop
      vertex -1.8 38.5305 2.02254
      vertex 0 38.2322 1.76777
      vertex 0 38.5305 2.02254
    endloop
  endfacet
  facet normal 0 -0.649445 0.760409
    outer loop
      vertex 0 38.2322 1.76777
      vertex -1.8 38.5305 2.02254
      vertex -1.8 38.2322 1.76777
    endloop
  endfacet
  facet normal 0 -0.972358 0.233495
    outer loop
      vertex -1.8 37.5308 0.391086
      vertex 0 37.6224 0.772542
      vertex -1.8 37.6224 0.772542
    endloop
  endfacet
  facet normal 0 -0.972358 0.233495
    outer loop
      vertex 0 37.6224 0.772542
      vertex -1.8 37.5308 0.391086
      vertex 0 37.5308 0.391086
    endloop
  endfacet
  facet normal 0 -0.760508 0.649329
    outer loop
      vertex -1.8 37.9775 1.46946
      vertex 0 38.2322 1.76777
      vertex -1.8 38.2322 1.76777
    endloop
  endfacet
  facet normal 0 -0.760508 0.649329
    outer loop
      vertex 0 38.2322 1.76777
      vertex -1.8 37.9775 1.46946
      vertex 0 37.9775 1.46946
    endloop
  endfacet
  facet normal 0 0.522495 -0.852642
    outer loop
      vertex -1.8 41.135 -2.22752
      vertex 0 41.4695 -2.02254
      vertex 0 41.135 -2.22752
    endloop
  endfacet
  facet normal 0 0.522495 -0.852642
    outer loop
      vertex 0 41.4695 -2.02254
      vertex -1.8 41.135 -2.22752
      vertex -1.8 41.4695 -2.02254
    endloop
  endfacet
  facet normal -0 0.382613 0.923909
    outer loop
      vertex -1.8 41.135 2.22752
      vertex 0 40.7725 2.37764
      vertex 0 41.135 2.22752
    endloop
  endfacet
  facet normal 0 0.382613 0.923909
    outer loop
      vertex 0 40.7725 2.37764
      vertex -1.8 41.135 2.22752
      vertex -1.8 40.7725 2.37764
    endloop
  endfacet
  facet normal 0 0.852606 0.522555
    outer loop
      vertex 0 42.2275 1.13498
      vertex -1.8 42.0225 1.46946
      vertex 0 42.0225 1.46946
    endloop
  endfacet
  facet normal 0 0.852606 0.522555
    outer loop
      vertex -1.8 42.0225 1.46946
      vertex 0 42.2275 1.13498
      vertex -1.8 42.2275 1.13498
    endloop
  endfacet
  facet normal 0 -0.996913 0.078512
    outer loop
      vertex -1.8 37.5 0
      vertex 0 37.5308 0.391086
      vertex -1.8 37.5308 0.391086
    endloop
  endfacet
  facet normal 0 -0.996913 0.078512
    outer loop
      vertex 0 37.5308 0.391086
      vertex -1.8 37.5 0
      vertex 0 37.5 0
    endloop
  endfacet
  facet normal 0 0.852606 -0.522555
    outer loop
      vertex 0 42.0225 -1.46946
      vertex -1.8 42.2275 -1.13498
      vertex 0 42.2275 -1.13498
    endloop
  endfacet
  facet normal 0 0.852606 -0.522555
    outer loop
      vertex -1.8 42.2275 -1.13498
      vertex 0 42.0225 -1.46946
      vertex -1.8 42.0225 -1.46946
    endloop
  endfacet
  facet normal 0 -0.852606 -0.522555
    outer loop
      vertex -1.8 37.9775 -1.46946
      vertex 0 37.7725 -1.13498
      vertex -1.8 37.7725 -1.13498
    endloop
  endfacet
  facet normal 0 -0.852606 -0.522555
    outer loop
      vertex 0 37.7725 -1.13498
      vertex -1.8 37.9775 -1.46946
      vertex 0 37.9775 -1.46946
    endloop
  endfacet
  facet normal -0 0.649445 0.760409
    outer loop
      vertex -1.8 41.7678 1.76777
      vertex 0 41.4695 2.02254
      vertex 0 41.7678 1.76777
    endloop
  endfacet
  facet normal 0 0.649445 0.760409
    outer loop
      vertex 0 41.4695 2.02254
      vertex -1.8 41.7678 1.76777
      vertex -1.8 41.4695 2.02254
    endloop
  endfacet
  facet normal 0 0.972358 0.233495
    outer loop
      vertex 0 42.4692 0.391086
      vertex -1.8 42.3776 0.772542
      vertex 0 42.3776 0.772542
    endloop
  endfacet
  facet normal 0 0.972358 0.233495
    outer loop
      vertex -1.8 42.3776 0.772542
      vertex 0 42.4692 0.391086
      vertex -1.8 42.4692 0.391086
    endloop
  endfacet
  facet normal -1 0 0
    outer loop
      vertex -1.8 42.4692 -0.391086
      vertex -1.8 42.4692 0.391086
      vertex -1.8 42.5 0
    endloop
  endfacet
  facet normal -1 0 0
    outer loop
      vertex -1.8 42.3776 -0.772542
      vertex -1.8 42.4692 0.391086
      vertex -1.8 42.4692 -0.391086
    endloop
  endfacet
  facet normal -1 0 0
    outer loop
      vertex -1.8 42.3776 -0.772542
      vertex -1.8 42.3776 0.772542
      vertex -1.8 42.4692 0.391086
    endloop
  endfacet
  facet normal -1 0 0
    outer loop
      vertex -1.8 42.2275 -1.13498
      vertex -1.8 42.3776 0.772542
      vertex -1.8 42.3776 -0.772542
    endloop
  endfacet
  facet normal -1 0 0
    outer loop
      vertex -1.8 42.2275 -1.13498
      vertex -1.8 42.2275 1.13498
      vertex -1.8 42.3776 0.772542
    endloop
  endfacet
  facet normal -1 0 0
    outer loop
      vertex -1.8 42.0225 -1.46946
      vertex -1.8 42.2275 1.13498
      vertex -1.8 42.2275 -1.13498
    endloop
  endfacet
  facet normal -1 0 0
    outer loop
      vertex -1.8 42.0225 -1.46946
      vertex -1.8 42.0225 1.46946
      vertex -1.8 42.2275 1.13498
    endloop
  endfacet
  facet normal -1 0 0
    outer loop
      vertex -1.8 41.7678 -1.76777
      vertex -1.8 42.0225 1.46946
      vertex -1.8 42.0225 -1.46946
    endloop
  endfacet
  facet normal -1 0 0
    outer loop
      vertex -1.8 41.7678 -1.76777
      vertex -1.8 41.7678 1.76777
      vertex -1.8 42.0225 1.46946
    endloop
  endfacet
  facet normal -1 0 0
    outer loop
      vertex -1.8 41.4695 -2.02254
      vertex -1.8 41.7678 1.76777
      vertex -1.8 41.7678 -1.76777
    endloop
  endfacet
  facet normal -1 0 0
    outer loop
      vertex -1.8 41.4695 -2.02254
      vertex -1.8 41.4695 2.02254
      vertex -1.8 41.7678 1.76777
    endloop
  endfacet
  facet normal -1 0 0
    outer loop
      vertex -1.8 41.135 -2.22752
      vertex -1.8 41.4695 2.02254
      vertex -1.8 41.4695 -2.02254
    endloop
  endfacet
  facet normal -1 0 0
    outer loop
      vertex -1.8 41.135 -2.22752
      vertex -1.8 41.135 2.22752
      vertex -1.8 41.4695 2.02254
    endloop
  endfacet
  facet normal -1 0 0
    outer loop
      vertex -1.8 40.7725 -2.37764
      vertex -1.8 41.135 2.22752
      vertex -1.8 41.135 -2.22752
    endloop
  endfacet
  facet normal -1 0 0
    outer loop
      vertex -1.8 40.7725 -2.37764
      vertex -1.8 40.7725 2.37764
      vertex -1.8 41.135 2.22752
    endloop
  endfacet
  facet normal -1 0 0
    outer loop
      vertex -1.8 40.3911 -2.46922
      vertex -1.8 40.7725 2.37764
      vertex -1.8 40.7725 -2.37764
    endloop
  endfacet
  facet normal -1 0 0
    outer loop
      vertex -1.8 40.3911 -2.46922
      vertex -1.8 40.3911 2.46922
      vertex -1.8 40.7725 2.37764
    endloop
  endfacet
  facet normal -1 0 0
    outer loop
      vertex -1.8 40 -2.5
      vertex -1.8 40.3911 2.46922
      vertex -1.8 40.3911 -2.46922
    endloop
  endfacet
  facet normal -1 0 0
    outer loop
      vertex -1.8 40 -2.5
      vertex -1.8 40 2.5
      vertex -1.8 40.3911 2.46922
    endloop
  endfacet
  facet normal -1 0 0
    outer loop
      vertex -1.8 39.6089 -2.46922
      vertex -1.8 40 2.5
      vertex -1.8 40 -2.5
    endloop
  endfacet
  facet normal -1 0 0
    outer loop
      vertex -1.8 39.6089 -2.46922
      vertex -1.8 39.6089 2.46922
      vertex -1.8 40 2.5
    endloop
  endfacet
  facet normal -1 0 0
    outer loop
      vertex -1.8 39.2275 -2.37764
      vertex -1.8 39.6089 2.46922
      vertex -1.8 39.6089 -2.46922
    endloop
  endfacet
  facet normal -1 0 0
    outer loop
      vertex -1.8 39.2275 -2.37764
      vertex -1.8 39.2275 2.37764
      vertex -1.8 39.6089 2.46922
    endloop
  endfacet
  facet normal -1 0 0
    outer loop
      vertex -1.8 38.865 -2.22752
      vertex -1.8 39.2275 2.37764
      vertex -1.8 39.2275 -2.37764
    endloop
  endfacet
  facet normal -1 0 0
    outer loop
      vertex -1.8 38.865 -2.22752
      vertex -1.8 38.865 2.22752
      vertex -1.8 39.2275 2.37764
    endloop
  endfacet
  facet normal -1 0 0
    outer loop
      vertex -1.8 38.5305 -2.02254
      vertex -1.8 38.865 2.22752
      vertex -1.8 38.865 -2.22752
    endloop
  endfacet
  facet normal -1 0 0
    outer loop
      vertex -1.8 38.5305 -2.02254
      vertex -1.8 38.5305 2.02254
      vertex -1.8 38.865 2.22752
    endloop
  endfacet
  facet normal -1 0 0
    outer loop
      vertex -1.8 38.2322 -1.76777
      vertex -1.8 38.5305 2.02254
      vertex -1.8 38.5305 -2.02254
    endloop
  endfacet
  facet normal -1 0 0
    outer loop
      vertex -1.8 38.2322 -1.76777
      vertex -1.8 38.2322 1.76777
      vertex -1.8 38.5305 2.02254
    endloop
  endfacet
  facet normal -1 0 0
    outer loop
      vertex -1.8 37.9775 -1.46946
      vertex -1.8 38.2322 1.76777
      vertex -1.8 38.2322 -1.76777
    endloop
  endfacet
  facet normal -1 0 0
    outer loop
      vertex -1.8 37.9775 -1.46946
      vertex -1.8 37.9775 1.46946
      vertex -1.8 38.2322 1.76777
    endloop
  endfacet
  facet normal -1 0 0
    outer loop
      vertex -1.8 37.7725 -1.13498
      vertex -1.8 37.9775 1.46946
      vertex -1.8 37.9775 -1.46946
    endloop
  endfacet
  facet normal -1 0 0
    outer loop
      vertex -1.8 37.7725 -1.13498
      vertex -1.8 37.7725 1.13498
      vertex -1.8 37.9775 1.46946
    endloop
  endfacet
  facet normal -1 0 0
    outer loop
      vertex -1.8 37.6224 -0.772542
      vertex -1.8 37.7725 1.13498
      vertex -1.8 37.7725 -1.13498
    endloop
  endfacet
  facet normal -1 0 0
    outer loop
      vertex -1.8 37.6224 -0.772542
      vertex -1.8 37.6224 0.772542
      vertex -1.8 37.7725 1.13498
    endloop
  endfacet
  facet normal -1 0 0
    outer loop
      vertex -1.8 37.5308 -0.391086
      vertex -1.8 37.6224 0.772542
      vertex -1.8 37.6224 -0.772542
    endloop
  endfacet
  facet normal -1 0 0
    outer loop
      vertex -1.8 37.5308 -0.391086
      vertex -1.8 37.5308 0.391086
      vertex -1.8 37.6224 0.772542
    endloop
  endfacet
  facet normal -1 0 -0
    outer loop
      vertex -1.8 37.5308 0.391086
      vertex -1.8 37.5308 -0.391086
      vertex -1.8 37.5 0
    endloop
  endfacet
  facet normal 0 -0.852606 0.522555
    outer loop
      vertex -1.8 37.7725 1.13498
      vertex 0 37.9775 1.46946
      vertex -1.8 37.9775 1.46946
    endloop
  endfacet
  facet normal 0 -0.852606 0.522555
    outer loop
      vertex 0 37.9775 1.46946
      vertex -1.8 37.7725 1.13498
      vertex 0 37.7725 1.13498
    endloop
  endfacet
  facet normal 0 0.649445 -0.760409
    outer loop
      vertex -1.8 41.4695 -2.02254
      vertex 0 41.7678 -1.76777
      vertex 0 41.4695 -2.02254
    endloop
  endfacet
  facet normal 0 0.649445 -0.760409
    outer loop
      vertex 0 41.7678 -1.76777
      vertex -1.8 41.4695 -2.02254
      vertex -1.8 41.7678 -1.76777
    endloop
  endfacet
  facet normal 0 0.760508 -0.649329
    outer loop
      vertex 0 41.7678 -1.76777
      vertex -1.8 42.0225 -1.46946
      vertex 0 42.0225 -1.46946
    endloop
  endfacet
  facet normal 0 0.760508 -0.649329
    outer loop
      vertex -1.8 42.0225 -1.46946
      vertex 0 41.7678 -1.76777
      vertex -1.8 41.7678 -1.76777
    endloop
  endfacet
  facet normal 0 -0.996913 -0.078512
    outer loop
      vertex -1.8 37.5308 -0.391086
      vertex 0 37.5 0
      vertex -1.8 37.5 0
    endloop
  endfacet
  facet normal 0 -0.996913 -0.078512
    outer loop
      vertex 0 37.5 0
      vertex -1.8 37.5308 -0.391086
      vertex 0 37.5308 -0.391086
    endloop
  endfacet
  facet normal 0 -0.923904 0.382625
    outer loop
      vertex -1.8 37.6224 0.772542
      vertex 0 37.7725 1.13498
      vertex -1.8 37.7725 1.13498
    endloop
  endfacet
  facet normal 0 -0.923904 0.382625
    outer loop
      vertex 0 37.7725 1.13498
      vertex -1.8 37.6224 0.772542
      vertex 0 37.6224 0.772542
    endloop
  endfacet
  facet normal 0 -0.522495 0.852642
    outer loop
      vertex -1.8 38.865 2.22752
      vertex 0 38.5305 2.02254
      vertex 0 38.865 2.22752
    endloop
  endfacet
  facet normal 0 -0.522495 0.852642
    outer loop
      vertex 0 38.5305 2.02254
      vertex -1.8 38.865 2.22752
      vertex -1.8 38.5305 2.02254
    endloop
  endfacet
  facet normal 0 -0.972358 -0.233495
    outer loop
      vertex -1.8 37.6224 -0.772542
      vertex 0 37.5308 -0.391086
      vertex -1.8 37.5308 -0.391086
    endloop
  endfacet
  facet normal 0 -0.972358 -0.233495
    outer loop
      vertex 0 37.5308 -0.391086
      vertex -1.8 37.6224 -0.772542
      vertex 0 37.6224 -0.772542
    endloop
  endfacet
  facet normal 0 -0.760508 -0.649329
    outer loop
      vertex -1.8 38.2322 -1.76777
      vertex 0 37.9775 -1.46946
      vertex -1.8 37.9775 -1.46946
    endloop
  endfacet
  facet normal 0 -0.760508 -0.649329
    outer loop
      vertex 0 37.9775 -1.46946
      vertex -1.8 38.2322 -1.76777
      vertex 0 38.2322 -1.76777
    endloop
  endfacet
  facet normal 0 -0.0784585 0.996917
    outer loop
      vertex -1.8 40 2.5
      vertex 0 39.6089 2.46922
      vertex 0 40 2.5
    endloop
  endfacet
  facet normal 0 -0.0784585 0.996917
    outer loop
      vertex 0 39.6089 2.46922
      vertex -1.8 40 2.5
      vertex -1.8 39.6089 2.46922
    endloop
  endfacet
  facet normal 0 -0.233479 -0.972362
    outer loop
      vertex -1.8 39.2275 -2.37764
      vertex 0 39.6089 -2.46922
      vertex 0 39.2275 -2.37764
    endloop
  endfacet
  facet normal -0 -0.233479 -0.972362
    outer loop
      vertex 0 39.6089 -2.46922
      vertex -1.8 39.2275 -2.37764
      vertex -1.8 39.6089 -2.46922
    endloop
  endfacet
  facet normal 0 0.923904 -0.382625
    outer loop
      vertex 0 42.2275 -1.13498
      vertex -1.8 42.3776 -0.772542
      vertex 0 42.3776 -0.772542
    endloop
  endfacet
  facet normal 0 0.923904 -0.382625
    outer loop
      vertex -1.8 42.3776 -0.772542
      vertex 0 42.2275 -1.13498
      vertex -1.8 42.2275 -1.13498
    endloop
  endfacet
  facet normal 0 0.996913 -0.078512
    outer loop
      vertex 0 42.4692 -0.391086
      vertex -1.8 42.5 0
      vertex 0 42.5 0
    endloop
  endfacet
  facet normal 0 0.996913 -0.078512
    outer loop
      vertex -1.8 42.5 0
      vertex 0 42.4692 -0.391086
      vertex -1.8 42.4692 -0.391086
    endloop
  endfacet
  facet normal -0 0.522495 0.852642
    outer loop
      vertex -1.8 41.4695 2.02254
      vertex 0 41.135 2.22752
      vertex 0 41.4695 2.02254
    endloop
  endfacet
  facet normal 0 0.522495 0.852642
    outer loop
      vertex 0 41.135 2.22752
      vertex -1.8 41.4695 2.02254
      vertex -1.8 41.135 2.22752
    endloop
  endfacet
endsolid OpenSCAD_Model
