solid OpenSCAD_Model
  facet normal 0.522492 -0.852644 0
    outer loop
      vertex -79.957 -38.0095 -4
      vertex -79.355 -37.6406 4
      vertex -79.957 -38.0095 4
    endloop
  endfacet
  facet normal 0.522492 -0.852644 0
    outer loop
      vertex -79.355 -37.6406 4
      vertex -79.957 -38.0095 -4
      vertex -79.355 -37.6406 -4
    endloop
  endfacet
  facet normal -0.0784506 -0.996918 0
    outer loop
      vertex -82.704 -38.4446 -4
      vertex -82 -38.5 4
      vertex -82.704 -38.4446 4
    endloop
  endfacet
  facet normal -0.0784506 -0.996918 -0
    outer loop
      vertex -82 -38.5 4
      vertex -82.704 -38.4446 -4
      vertex -82 -38.5 -4
    endloop
  endfacet
  facet normal 0 1 -0
    outer loop
      vertex -77.5 -28 -4
      vertex -86.5 -28 -2.4
      vertex -77.5 -28 -2.4
    endloop
  endfacet
  facet normal 0 1 0
    outer loop
      vertex -86.5 -28 -2.4
      vertex -77.5 -28 -4
      vertex -86.5 -28 -4
    endloop
  endfacet
  facet normal -0.382765 -0.923846 0
    outer loop
      vertex -84.043 -38.0095 -4
      vertex -83.3906 -38.2798 4
      vertex -84.043 -38.0095 4
    endloop
  endfacet
  facet normal -0.382765 -0.923846 -0
    outer loop
      vertex -83.3906 -38.2798 4
      vertex -84.043 -38.0095 -4
      vertex -83.3906 -38.2798 -4
    endloop
  endfacet
  facet normal 0.233394 -0.972382 0
    outer loop
      vertex -81.296 -38.4446 -4
      vertex -80.6094 -38.2798 4
      vertex -81.296 -38.4446 4
    endloop
  endfacet
  facet normal 0.233394 -0.972382 0
    outer loop
      vertex -80.6094 -38.2798 4
      vertex -81.296 -38.4446 -4
      vertex -80.6094 -38.2798 -4
    endloop
  endfacet
  facet normal -1 0 0
    outer loop
      vertex -86.5 -28 -4
      vertex -86.5 -28.4 -2.4
      vertex -86.5 -28 -2.4
    endloop
  endfacet
  facet normal -1 0 0
    outer loop
      vertex -86.5 -28.4 -2.4
      vertex -86.5 -29.237 -0.177933
      vertex -86.5 -28.4 -1.33003
    endloop
  endfacet
  facet normal -1 0 0
    outer loop
      vertex -86.5 -34 -4
      vertex -86.5 -28.4 -2.4
      vertex -86.5 -28 -4
    endloop
  endfacet
  facet normal -1 -0 0
    outer loop
      vertex -86.5 -28.4 -2.4
      vertex -86.5 -34 -4
      vertex -86.5 -29.237 -0.177933
    endloop
  endfacet
  facet normal -1 -0 0
    outer loop
      vertex -86.5 -29.237 -0.177933
      vertex -86.5 -34 -4
      vertex -86.5 -29.9138 1.90496
    endloop
  endfacet
  facet normal -1 0 0
    outer loop
      vertex -86.5 -34 4
      vertex -86.5 -29.9138 1.90496
      vertex -86.5 -34 -4
    endloop
  endfacet
  facet normal -1 0 0
    outer loop
      vertex -86.5 -29.9138 1.90496
      vertex -86.5 -34 4
      vertex -86.5 -29.9138 4
    endloop
  endfacet
  facet normal 1 0 0
    outer loop
      vertex -77.5 -29.9138 4
      vertex -77.5 -34 4
      vertex -77.5 -29.9138 1.90496
    endloop
  endfacet
  facet normal 1 0 0
    outer loop
      vertex -77.5 -28.4 -1.33003
      vertex -77.5 -29.237 -0.177933
      vertex -77.5 -28.4 -2.4
    endloop
  endfacet
  facet normal 1 -0 0
    outer loop
      vertex -77.5 -28.4 -2.4
      vertex -77.5 -28 -4
      vertex -77.5 -28 -2.4
    endloop
  endfacet
  facet normal 1 0 0
    outer loop
      vertex -77.5 -34 -4
      vertex -77.5 -28.4 -2.4
      vertex -77.5 -29.237 -0.177933
    endloop
  endfacet
  facet normal 1 0 0
    outer loop
      vertex -77.5 -34 -4
      vertex -77.5 -29.237 -0.177933
      vertex -77.5 -29.9138 1.90496
    endloop
  endfacet
  facet normal 1 0 0
    outer loop
      vertex -77.5 -34 -4
      vertex -77.5 -29.9138 1.90496
      vertex -77.5 -34 4
    endloop
  endfacet
  facet normal 1 0 0
    outer loop
      vertex -77.5 -28.4 -2.4
      vertex -77.5 -34 -4
      vertex -77.5 -28 -4
    endloop
  endfacet
  facet normal 0.760435 -0.649414 0
    outer loop
      vertex -78.818 -37.182 4
      vertex -78.3594 -36.645 -4
      vertex -78.3594 -36.645 4
    endloop
  endfacet
  facet normal 0.760435 -0.649414 0
    outer loop
      vertex -78.3594 -36.645 -4
      vertex -78.818 -37.182 4
      vertex -78.818 -37.182 -4
    endloop
  endfacet
  facet normal -0.649414 -0.760435 0
    outer loop
      vertex -85.182 -37.182 -4
      vertex -84.645 -37.6406 4
      vertex -85.182 -37.182 4
    endloop
  endfacet
  facet normal -0.649414 -0.760435 -0
    outer loop
      vertex -84.645 -37.6406 4
      vertex -85.182 -37.182 -4
      vertex -84.645 -37.6406 -4
    endloop
  endfacet
  facet normal 0.923846 -0.382765 0
    outer loop
      vertex -77.9905 -36.043 4
      vertex -77.7202 -35.3906 -4
      vertex -77.7202 -35.3906 4
    endloop
  endfacet
  facet normal 0.923846 -0.382765 0
    outer loop
      vertex -77.7202 -35.3906 -4
      vertex -77.9905 -36.043 4
      vertex -77.9905 -36.043 -4
    endloop
  endfacet
  facet normal 0.382765 -0.923846 0
    outer loop
      vertex -80.6094 -38.2798 -4
      vertex -79.957 -38.0095 4
      vertex -80.6094 -38.2798 4
    endloop
  endfacet
  facet normal 0.382765 -0.923846 0
    outer loop
      vertex -79.957 -38.0095 4
      vertex -80.6094 -38.2798 -4
      vertex -79.957 -38.0095 -4
    endloop
  endfacet
  facet normal 0.996918 -0.0784506 0
    outer loop
      vertex -77.5554 -34.704 4
      vertex -77.5 -34 -4
      vertex -77.5 -34 4
    endloop
  endfacet
  facet normal 0.996918 -0.0784506 0
    outer loop
      vertex -77.5 -34 -4
      vertex -77.5554 -34.704 4
      vertex -77.5554 -34.704 -4
    endloop
  endfacet
  facet normal -0.996918 -0.0784506 0
    outer loop
      vertex -86.4446 -34.704 -4
      vertex -86.5 -34 4
      vertex -86.5 -34 -4
    endloop
  endfacet
  facet normal -0.996918 -0.0784506 0
    outer loop
      vertex -86.5 -34 4
      vertex -86.4446 -34.704 -4
      vertex -86.4446 -34.704 4
    endloop
  endfacet
  facet normal 0 0 -1
    outer loop
      vertex -77.5554 -34.704 -4
      vertex -79.432 -34.4067 -4
      vertex -79.4 -34 -4
    endloop
  endfacet
  facet normal 0 0 -1
    outer loop
      vertex -78.818 -37.182 -4
      vertex -79.5273 -34.8034 -4
      vertex -79.432 -34.4067 -4
    endloop
  endfacet
  facet normal 0 0 -1
    outer loop
      vertex -78.818 -37.182 -4
      vertex -79.6834 -35.1804 -4
      vertex -79.5273 -34.8034 -4
    endloop
  endfacet
  facet normal 0 0 -1
    outer loop
      vertex -78.818 -37.182 -4
      vertex -79.8966 -35.5282 -4
      vertex -79.6834 -35.1804 -4
    endloop
  endfacet
  facet normal 0 0 -1
    outer loop
      vertex -80.4718 -36.1034 -4
      vertex -79.355 -37.6406 -4
      vertex -79.957 -38.0095 -4
    endloop
  endfacet
  facet normal 0 0 -1
    outer loop
      vertex -78.818 -37.182 -4
      vertex -80.1615 -35.8385 -4
      vertex -79.8966 -35.5282 -4
    endloop
  endfacet
  facet normal 0 0 -1
    outer loop
      vertex -79.355 -37.6406 -4
      vertex -80.4718 -36.1034 -4
      vertex -80.1615 -35.8385 -4
    endloop
  endfacet
  facet normal 0 0 -1
    outer loop
      vertex -80.8196 -36.3166 -4
      vertex -79.957 -38.0095 -4
      vertex -80.6094 -38.2798 -4
    endloop
  endfacet
  facet normal 0 0 -1
    outer loop
      vertex -79.957 -38.0095 -4
      vertex -80.8196 -36.3166 -4
      vertex -80.4718 -36.1034 -4
    endloop
  endfacet
  facet normal 0 0 -1
    outer loop
      vertex -80.6094 -38.2798 -4
      vertex -81.1966 -36.4727 -4
      vertex -80.8196 -36.3166 -4
    endloop
  endfacet
  facet normal 0 0 -1
    outer loop
      vertex -81.296 -38.4446 -4
      vertex -81.1966 -36.4727 -4
      vertex -80.6094 -38.2798 -4
    endloop
  endfacet
  facet normal 0 0 -1
    outer loop
      vertex -81.296 -38.4446 -4
      vertex -81.5933 -36.568 -4
      vertex -81.1966 -36.4727 -4
    endloop
  endfacet
  facet normal 0 0 -1
    outer loop
      vertex -82 -38.5 -4
      vertex -81.5933 -36.568 -4
      vertex -81.296 -38.4446 -4
    endloop
  endfacet
  facet normal 0 0 -1
    outer loop
      vertex -82 -38.5 -4
      vertex -82 -36.6 -4
      vertex -81.5933 -36.568 -4
    endloop
  endfacet
  facet normal 0 0 -1
    outer loop
      vertex -82 -38.5 -4
      vertex -82.4067 -36.568 -4
      vertex -82 -36.6 -4
    endloop
  endfacet
  facet normal 0 0 -1
    outer loop
      vertex -82.704 -38.4446 -4
      vertex -82.4067 -36.568 -4
      vertex -82 -38.5 -4
    endloop
  endfacet
  facet normal 0 0 -1
    outer loop
      vertex -82.704 -38.4446 -4
      vertex -82.8034 -36.4727 -4
      vertex -82.4067 -36.568 -4
    endloop
  endfacet
  facet normal 0 0 -1
    outer loop
      vertex -83.3906 -38.2798 -4
      vertex -82.8034 -36.4727 -4
      vertex -82.704 -38.4446 -4
    endloop
  endfacet
  facet normal -0 0 -1
    outer loop
      vertex -82.8034 -36.4727 -4
      vertex -83.3906 -38.2798 -4
      vertex -83.1804 -36.3166 -4
    endloop
  endfacet
  facet normal 0 0 -1
    outer loop
      vertex -84.043 -38.0095 -4
      vertex -83.1804 -36.3166 -4
      vertex -83.3906 -38.2798 -4
    endloop
  endfacet
  facet normal -0 0 -1
    outer loop
      vertex -83.1804 -36.3166 -4
      vertex -84.043 -38.0095 -4
      vertex -83.5282 -36.1034 -4
    endloop
  endfacet
  facet normal 0 0 -1
    outer loop
      vertex -84.645 -37.6406 -4
      vertex -83.5282 -36.1034 -4
      vertex -84.043 -38.0095 -4
    endloop
  endfacet
  facet normal -0 0 -1
    outer loop
      vertex -83.5282 -36.1034 -4
      vertex -84.645 -37.6406 -4
      vertex -83.8385 -35.8385 -4
    endloop
  endfacet
  facet normal 0 0 -1
    outer loop
      vertex -85.182 -37.182 -4
      vertex -83.8385 -35.8385 -4
      vertex -84.645 -37.6406 -4
    endloop
  endfacet
  facet normal -0 0 -1
    outer loop
      vertex -83.8385 -35.8385 -4
      vertex -85.182 -37.182 -4
      vertex -84.1034 -35.5282 -4
    endloop
  endfacet
  facet normal 0 0 -1
    outer loop
      vertex -85.6406 -36.645 -4
      vertex -84.1034 -35.5282 -4
      vertex -85.182 -37.182 -4
    endloop
  endfacet
  facet normal 0 0 -1
    outer loop
      vertex -86.0095 -36.043 -4
      vertex -84.3166 -35.1804 -4
      vertex -85.6406 -36.645 -4
    endloop
  endfacet
  facet normal -0 0 -1
    outer loop
      vertex -84.1034 -35.5282 -4
      vertex -85.6406 -36.645 -4
      vertex -84.3166 -35.1804 -4
    endloop
  endfacet
  facet normal 0 0 -1
    outer loop
      vertex -79.4 -34 -4
      vertex -77.5 -34 -4
      vertex -77.5554 -34.704 -4
    endloop
  endfacet
  facet normal 0 0 -1
    outer loop
      vertex -79.432 -34.4067 -4
      vertex -77.5554 -34.704 -4
      vertex -77.7202 -35.3906 -4
    endloop
  endfacet
  facet normal 0 0 -1
    outer loop
      vertex -79.432 -34.4067 -4
      vertex -77.7202 -35.3906 -4
      vertex -77.9905 -36.043 -4
    endloop
  endfacet
  facet normal 0 0 -1
    outer loop
      vertex -79.432 -34.4067 -4
      vertex -77.9905 -36.043 -4
      vertex -78.3594 -36.645 -4
    endloop
  endfacet
  facet normal 0 0 -1
    outer loop
      vertex -79.432 -34.4067 -4
      vertex -78.3594 -36.645 -4
      vertex -78.818 -37.182 -4
    endloop
  endfacet
  facet normal 0 0 -1
    outer loop
      vertex -80.1615 -35.8385 -4
      vertex -78.818 -37.182 -4
      vertex -79.355 -37.6406 -4
    endloop
  endfacet
  facet normal 0 0 -1
    outer loop
      vertex -77.5 -34 -4
      vertex -79.4 -34 -4
      vertex -79.432 -33.5933 -4
    endloop
  endfacet
  facet normal 0 0 -1
    outer loop
      vertex -77.5 -34 -4
      vertex -79.432 -33.5933 -4
      vertex -79.5273 -33.1966 -4
    endloop
  endfacet
  facet normal 0 0 -1
    outer loop
      vertex -77.5 -34 -4
      vertex -79.5273 -33.1966 -4
      vertex -79.6834 -32.8196 -4
    endloop
  endfacet
  facet normal 0 0 -1
    outer loop
      vertex -79.8966 -32.4718 -4
      vertex -77.5 -34 -4
      vertex -79.6834 -32.8196 -4
    endloop
  endfacet
  facet normal 0 0 -1
    outer loop
      vertex -77.5 -34 -4
      vertex -79.8966 -32.4718 -4
      vertex -77.5 -28 -4
    endloop
  endfacet
  facet normal 0 0 -1
    outer loop
      vertex -80.1615 -32.1615 -4
      vertex -77.5 -28 -4
      vertex -79.8966 -32.4718 -4
    endloop
  endfacet
  facet normal 0 0 -1
    outer loop
      vertex -80.4718 -31.8966 -4
      vertex -77.5 -28 -4
      vertex -80.1615 -32.1615 -4
    endloop
  endfacet
  facet normal 0 0 -1
    outer loop
      vertex -80.8196 -31.6834 -4
      vertex -77.5 -28 -4
      vertex -80.4718 -31.8966 -4
    endloop
  endfacet
  facet normal 0 0 -1
    outer loop
      vertex -81.1966 -31.5273 -4
      vertex -77.5 -28 -4
      vertex -80.8196 -31.6834 -4
    endloop
  endfacet
  facet normal 0 0 -1
    outer loop
      vertex -81.5933 -31.432 -4
      vertex -77.5 -28 -4
      vertex -81.1966 -31.5273 -4
    endloop
  endfacet
  facet normal 0 0 -1
    outer loop
      vertex -82 -31.4 -4
      vertex -77.5 -28 -4
      vertex -81.5933 -31.432 -4
    endloop
  endfacet
  facet normal 0 0 -1
    outer loop
      vertex -86.5 -28 -4
      vertex -82 -31.4 -4
      vertex -82.4067 -31.432 -4
    endloop
  endfacet
  facet normal 0 0 -1
    outer loop
      vertex -86.5 -28 -4
      vertex -82.4067 -31.432 -4
      vertex -82.8034 -31.5273 -4
    endloop
  endfacet
  facet normal 0 0 -1
    outer loop
      vertex -86.5 -28 -4
      vertex -82.8034 -31.5273 -4
      vertex -83.1804 -31.6834 -4
    endloop
  endfacet
  facet normal 0 0 -1
    outer loop
      vertex -86.5 -28 -4
      vertex -83.1804 -31.6834 -4
      vertex -83.5282 -31.8966 -4
    endloop
  endfacet
  facet normal -0 0 -1
    outer loop
      vertex -84.3166 -35.1804 -4
      vertex -86.0095 -36.043 -4
      vertex -84.4727 -34.8034 -4
    endloop
  endfacet
  facet normal 0 0 -1
    outer loop
      vertex -86.2798 -35.3906 -4
      vertex -84.4727 -34.8034 -4
      vertex -86.0095 -36.043 -4
    endloop
  endfacet
  facet normal -0 0 -1
    outer loop
      vertex -84.4727 -34.8034 -4
      vertex -86.2798 -35.3906 -4
      vertex -84.568 -34.4067 -4
    endloop
  endfacet
  facet normal 0 0 -1
    outer loop
      vertex -86.4446 -34.704 -4
      vertex -84.568 -34.4067 -4
      vertex -86.2798 -35.3906 -4
    endloop
  endfacet
  facet normal -0 0 -1
    outer loop
      vertex -84.568 -34.4067 -4
      vertex -86.4446 -34.704 -4
      vertex -84.6 -34 -4
    endloop
  endfacet
  facet normal 0 0 -1
    outer loop
      vertex -86.5 -34 -4
      vertex -84.6 -34 -4
      vertex -86.4446 -34.704 -4
    endloop
  endfacet
  facet normal 0 0 -1
    outer loop
      vertex -84.6 -34 -4
      vertex -86.5 -34 -4
      vertex -84.568 -33.5933 -4
    endloop
  endfacet
  facet normal -0 0 -1
    outer loop
      vertex -84.568 -33.5933 -4
      vertex -86.5 -34 -4
      vertex -84.4727 -33.1966 -4
    endloop
  endfacet
  facet normal -0 0 -1
    outer loop
      vertex -84.4727 -33.1966 -4
      vertex -86.5 -34 -4
      vertex -84.3166 -32.8196 -4
    endloop
  endfacet
  facet normal -0 0 -1
    outer loop
      vertex -84.3166 -32.8196 -4
      vertex -86.5 -34 -4
      vertex -84.1034 -32.4718 -4
    endloop
  endfacet
  facet normal 0 0 -1
    outer loop
      vertex -86.5 -28 -4
      vertex -84.1034 -32.4718 -4
      vertex -86.5 -34 -4
    endloop
  endfacet
  facet normal 0 0 -1
    outer loop
      vertex -84.1034 -32.4718 -4
      vertex -86.5 -28 -4
      vertex -83.8385 -32.1615 -4
    endloop
  endfacet
  facet normal 0 0 -1
    outer loop
      vertex -82 -31.4 -4
      vertex -86.5 -28 -4
      vertex -77.5 -28 -4
    endloop
  endfacet
  facet normal 0 0 -1
    outer loop
      vertex -83.8385 -32.1615 -4
      vertex -86.5 -28 -4
      vertex -83.5282 -31.8966 -4
    endloop
  endfacet
  facet normal -0.923846 -0.382765 0
    outer loop
      vertex -86.0095 -36.043 -4
      vertex -86.2798 -35.3906 4
      vertex -86.2798 -35.3906 -4
    endloop
  endfacet
  facet normal -0.923846 -0.382765 0
    outer loop
      vertex -86.2798 -35.3906 4
      vertex -86.0095 -36.043 -4
      vertex -86.0095 -36.043 4
    endloop
  endfacet
  facet normal -0.852644 -0.522492 0
    outer loop
      vertex -85.6406 -36.645 -4
      vertex -86.0095 -36.043 4
      vertex -86.0095 -36.043 -4
    endloop
  endfacet
  facet normal -0.852644 -0.522492 0
    outer loop
      vertex -86.0095 -36.043 4
      vertex -85.6406 -36.645 -4
      vertex -85.6406 -36.645 4
    endloop
  endfacet
  facet normal -0.760435 -0.649414 0
    outer loop
      vertex -85.182 -37.182 -4
      vertex -85.6406 -36.645 4
      vertex -85.6406 -36.645 -4
    endloop
  endfacet
  facet normal -0.760435 -0.649414 0
    outer loop
      vertex -85.6406 -36.645 4
      vertex -85.182 -37.182 -4
      vertex -85.182 -37.182 4
    endloop
  endfacet
  facet normal 0.852644 -0.522492 0
    outer loop
      vertex -78.3594 -36.645 4
      vertex -77.9905 -36.043 -4
      vertex -77.9905 -36.043 4
    endloop
  endfacet
  facet normal 0.852644 -0.522492 0
    outer loop
      vertex -77.9905 -36.043 -4
      vertex -78.3594 -36.645 4
      vertex -78.3594 -36.645 -4
    endloop
  endfacet
  facet normal -0.522492 -0.852644 0
    outer loop
      vertex -84.645 -37.6406 -4
      vertex -84.043 -38.0095 4
      vertex -84.645 -37.6406 4
    endloop
  endfacet
  facet normal -0.522492 -0.852644 -0
    outer loop
      vertex -84.043 -38.0095 4
      vertex -84.645 -37.6406 -4
      vertex -84.043 -38.0095 -4
    endloop
  endfacet
  facet normal 0.972382 -0.233394 0
    outer loop
      vertex -77.7202 -35.3906 4
      vertex -77.5554 -34.704 -4
      vertex -77.5554 -34.704 4
    endloop
  endfacet
  facet normal 0.972382 -0.233394 0
    outer loop
      vertex -77.5554 -34.704 -4
      vertex -77.7202 -35.3906 4
      vertex -77.7202 -35.3906 -4
    endloop
  endfacet
  facet normal -0.972382 -0.233394 0
    outer loop
      vertex -86.2798 -35.3906 -4
      vertex -86.4446 -34.704 4
      vertex -86.4446 -34.704 -4
    endloop
  endfacet
  facet normal -0.972382 -0.233394 0
    outer loop
      vertex -86.4446 -34.704 4
      vertex -86.2798 -35.3906 -4
      vertex -86.2798 -35.3906 4
    endloop
  endfacet
  facet normal -0 0 1
    outer loop
      vertex -80.8674 -33.1771 4
      vertex -77.5 -34 4
      vertex -77.5 -29.9138 4
    endloop
  endfacet
  facet normal -0 -0 1
    outer loop
      vertex -80.6685 -33.5674 4
      vertex -77.5 -34 4
      vertex -80.7526 -33.3644 4
    endloop
  endfacet
  facet normal 0 -0 1
    outer loop
      vertex -80.6 -34 4
      vertex -77.5 -34 4
      vertex -80.6172 -33.781 4
    endloop
  endfacet
  facet normal -0 0 1
    outer loop
      vertex -80.6172 -34.219 4
      vertex -77.5554 -34.704 4
      vertex -80.6 -34 4
    endloop
  endfacet
  facet normal 0 0 1
    outer loop
      vertex -77.5554 -34.704 4
      vertex -80.6172 -34.219 4
      vertex -77.7202 -35.3906 4
    endloop
  endfacet
  facet normal 0 0 1
    outer loop
      vertex -77.7202 -35.3906 4
      vertex -80.6685 -34.4326 4
      vertex -77.9905 -36.043 4
    endloop
  endfacet
  facet normal -0 0 1
    outer loop
      vertex -80.7526 -34.6356 4
      vertex -77.9905 -36.043 4
      vertex -80.6685 -34.4326 4
    endloop
  endfacet
  facet normal 0 0 1
    outer loop
      vertex -77.9905 -36.043 4
      vertex -80.7526 -34.6356 4
      vertex -78.3594 -36.645 4
    endloop
  endfacet
  facet normal -0 0 1
    outer loop
      vertex -80.6685 -34.4326 4
      vertex -77.7202 -35.3906 4
      vertex -80.6172 -34.219 4
    endloop
  endfacet
  facet normal 0 0 1
    outer loop
      vertex -77.5 -34 4
      vertex -80.6 -34 4
      vertex -77.5554 -34.704 4
    endloop
  endfacet
  facet normal -0 -0 1
    outer loop
      vertex -80.6172 -33.781 4
      vertex -77.5 -34 4
      vertex -80.6685 -33.5674 4
    endloop
  endfacet
  facet normal 0 0 1
    outer loop
      vertex -77.5 -34 4
      vertex -80.8674 -33.1771 4
      vertex -80.7526 -33.3644 4
    endloop
  endfacet
  facet normal 0 0 1
    outer loop
      vertex -77.5 -29.9138 4
      vertex -81.01 -33.01 4
      vertex -80.8674 -33.1771 4
    endloop
  endfacet
  facet normal 0 0 1
    outer loop
      vertex -77.5 -29.9138 4
      vertex -81.1771 -32.8674 4
      vertex -81.01 -33.01 4
    endloop
  endfacet
  facet normal 0 0 1
    outer loop
      vertex -77.5 -29.9138 4
      vertex -81.3644 -32.7526 4
      vertex -81.1771 -32.8674 4
    endloop
  endfacet
  facet normal 0 0 1
    outer loop
      vertex -77.5 -29.9138 4
      vertex -81.5674 -32.6685 4
      vertex -81.3644 -32.7526 4
    endloop
  endfacet
  facet normal 0 0 1
    outer loop
      vertex -77.5 -29.9138 4
      vertex -81.781 -32.6172 4
      vertex -81.5674 -32.6685 4
    endloop
  endfacet
  facet normal 0 0 1
    outer loop
      vertex -77.5 -29.9138 4
      vertex -82 -32.6 4
      vertex -81.781 -32.6172 4
    endloop
  endfacet
  facet normal -0 0 1
    outer loop
      vertex -86.5 -29.9138 4
      vertex -82 -32.6 4
      vertex -77.5 -29.9138 4
    endloop
  endfacet
  facet normal 0 0 1
    outer loop
      vertex -82 -32.6 4
      vertex -86.5 -29.9138 4
      vertex -82.219 -32.6172 4
    endloop
  endfacet
  facet normal 0 0 1
    outer loop
      vertex -82.219 -32.6172 4
      vertex -86.5 -29.9138 4
      vertex -82.4326 -32.6685 4
    endloop
  endfacet
  facet normal 0 0 1
    outer loop
      vertex -86.5 -34 4
      vertex -83.4 -34 4
      vertex -83.3828 -33.781 4
    endloop
  endfacet
  facet normal 0 0 1
    outer loop
      vertex -83.4 -34 4
      vertex -84.645 -37.6406 4
      vertex -84.043 -38.0095 4
    endloop
  endfacet
  facet normal 0 0 1
    outer loop
      vertex -86.5 -34 4
      vertex -83.3828 -33.781 4
      vertex -83.3315 -33.5674 4
    endloop
  endfacet
  facet normal 0 0 1
    outer loop
      vertex -83.4 -34 4
      vertex -85.182 -37.182 4
      vertex -84.645 -37.6406 4
    endloop
  endfacet
  facet normal 0 0 1
    outer loop
      vertex -86.5 -34 4
      vertex -83.3315 -33.5674 4
      vertex -83.2474 -33.3644 4
    endloop
  endfacet
  facet normal 0 0 1
    outer loop
      vertex -83.4 -34 4
      vertex -85.6406 -36.645 4
      vertex -85.182 -37.182 4
    endloop
  endfacet
  facet normal 0 0 1
    outer loop
      vertex -86.5 -34 4
      vertex -83.2474 -33.3644 4
      vertex -83.1326 -33.1771 4
    endloop
  endfacet
  facet normal 0 0 1
    outer loop
      vertex -83.4 -34 4
      vertex -86.0095 -36.043 4
      vertex -85.6406 -36.645 4
    endloop
  endfacet
  facet normal 0 0 1
    outer loop
      vertex -86.5 -29.9138 4
      vertex -83.1326 -33.1771 4
      vertex -82.99 -33.01 4
    endloop
  endfacet
  facet normal 0 0 1
    outer loop
      vertex -83.4 -34 4
      vertex -86.2798 -35.3906 4
      vertex -86.0095 -36.043 4
    endloop
  endfacet
  facet normal 0 0 1
    outer loop
      vertex -86.5 -29.9138 4
      vertex -82.99 -33.01 4
      vertex -82.8229 -32.8674 4
    endloop
  endfacet
  facet normal 0 0 1
    outer loop
      vertex -83.4 -34 4
      vertex -86.4446 -34.704 4
      vertex -86.2798 -35.3906 4
    endloop
  endfacet
  facet normal 0 0 1
    outer loop
      vertex -86.5 -29.9138 4
      vertex -82.8229 -32.8674 4
      vertex -82.6356 -32.7526 4
    endloop
  endfacet
  facet normal 0 0 1
    outer loop
      vertex -82.4326 -32.6685 4
      vertex -86.5 -29.9138 4
      vertex -82.6356 -32.7526 4
    endloop
  endfacet
  facet normal 0 0 1
    outer loop
      vertex -83.1326 -33.1771 4
      vertex -86.5 -29.9138 4
      vertex -86.5 -34 4
    endloop
  endfacet
  facet normal 0 0 1
    outer loop
      vertex -83.4 -34 4
      vertex -86.5 -34 4
      vertex -86.4446 -34.704 4
    endloop
  endfacet
  facet normal -0 0 1
    outer loop
      vertex -80.8674 -34.8229 4
      vertex -78.3594 -36.645 4
      vertex -80.7526 -34.6356 4
    endloop
  endfacet
  facet normal 0 0 1
    outer loop
      vertex -78.3594 -36.645 4
      vertex -80.8674 -34.8229 4
      vertex -78.818 -37.182 4
    endloop
  endfacet
  facet normal -0 0 1
    outer loop
      vertex -81.01 -34.9899 4
      vertex -78.818 -37.182 4
      vertex -80.8674 -34.8229 4
    endloop
  endfacet
  facet normal 0 0 1
    outer loop
      vertex -78.818 -37.182 4
      vertex -81.01 -34.9899 4
      vertex -79.355 -37.6406 4
    endloop
  endfacet
  facet normal -0 0 1
    outer loop
      vertex -81.1771 -35.1326 4
      vertex -79.355 -37.6406 4
      vertex -81.01 -34.9899 4
    endloop
  endfacet
  facet normal 0 0 1
    outer loop
      vertex -79.355 -37.6406 4
      vertex -81.1771 -35.1326 4
      vertex -79.957 -38.0095 4
    endloop
  endfacet
  facet normal -0 0 1
    outer loop
      vertex -81.3644 -35.2474 4
      vertex -79.957 -38.0095 4
      vertex -81.1771 -35.1326 4
    endloop
  endfacet
  facet normal 0 0 1
    outer loop
      vertex -79.957 -38.0095 4
      vertex -81.3644 -35.2474 4
      vertex -80.6094 -38.2798 4
    endloop
  endfacet
  facet normal -0 0 1
    outer loop
      vertex -81.5674 -35.3315 4
      vertex -80.6094 -38.2798 4
      vertex -81.3644 -35.2474 4
    endloop
  endfacet
  facet normal 0 0 1
    outer loop
      vertex -80.6094 -38.2798 4
      vertex -81.5674 -35.3315 4
      vertex -81.296 -38.4446 4
    endloop
  endfacet
  facet normal -0 0 1
    outer loop
      vertex -81.781 -35.3828 4
      vertex -81.296 -38.4446 4
      vertex -81.5674 -35.3315 4
    endloop
  endfacet
  facet normal -0 0 1
    outer loop
      vertex -82 -35.4 4
      vertex -81.296 -38.4446 4
      vertex -81.781 -35.3828 4
    endloop
  endfacet
  facet normal 0 0 1
    outer loop
      vertex -82 -35.4 4
      vertex -82 -38.5 4
      vertex -81.296 -38.4446 4
    endloop
  endfacet
  facet normal 0 0 1
    outer loop
      vertex -82.219 -35.3828 4
      vertex -82 -38.5 4
      vertex -82 -35.4 4
    endloop
  endfacet
  facet normal 0 0 1
    outer loop
      vertex -82.704 -38.4446 4
      vertex -82.219 -35.3828 4
      vertex -82.4326 -35.3315 4
    endloop
  endfacet
  facet normal 0 0 1
    outer loop
      vertex -83.3906 -38.2798 4
      vertex -82.4326 -35.3315 4
      vertex -82.6356 -35.2474 4
    endloop
  endfacet
  facet normal 0 0 1
    outer loop
      vertex -82.219 -35.3828 4
      vertex -82.704 -38.4446 4
      vertex -82 -38.5 4
    endloop
  endfacet
  facet normal 0 0 1
    outer loop
      vertex -84.043 -38.0095 4
      vertex -82.6356 -35.2474 4
      vertex -82.8229 -35.1326 4
    endloop
  endfacet
  facet normal 0 0 1
    outer loop
      vertex -84.043 -38.0095 4
      vertex -82.8229 -35.1326 4
      vertex -82.99 -34.9899 4
    endloop
  endfacet
  facet normal 0 0 1
    outer loop
      vertex -84.043 -38.0095 4
      vertex -82.99 -34.9899 4
      vertex -83.1326 -34.8229 4
    endloop
  endfacet
  facet normal 0 0 1
    outer loop
      vertex -84.043 -38.0095 4
      vertex -83.1326 -34.8229 4
      vertex -83.2474 -34.6356 4
    endloop
  endfacet
  facet normal 0 0 1
    outer loop
      vertex -84.043 -38.0095 4
      vertex -83.2474 -34.6356 4
      vertex -83.3315 -34.4326 4
    endloop
  endfacet
  facet normal 0 0 1
    outer loop
      vertex -84.043 -38.0095 4
      vertex -83.3315 -34.4326 4
      vertex -83.3828 -34.219 4
    endloop
  endfacet
  facet normal 0 0 1
    outer loop
      vertex -82.4326 -35.3315 4
      vertex -83.3906 -38.2798 4
      vertex -82.704 -38.4446 4
    endloop
  endfacet
  facet normal 0 0 1
    outer loop
      vertex -84.043 -38.0095 4
      vertex -83.3828 -34.219 4
      vertex -83.4 -34 4
    endloop
  endfacet
  facet normal 0 0 1
    outer loop
      vertex -82.6356 -35.2474 4
      vertex -84.043 -38.0095 4
      vertex -83.3906 -38.2798 4
    endloop
  endfacet
  facet normal 0.0784506 -0.996918 0
    outer loop
      vertex -82 -38.5 -4
      vertex -81.296 -38.4446 4
      vertex -82 -38.5 4
    endloop
  endfacet
  facet normal 0.0784506 -0.996918 0
    outer loop
      vertex -81.296 -38.4446 4
      vertex -82 -38.5 -4
      vertex -81.296 -38.4446 -4
    endloop
  endfacet
  facet normal -0.233394 -0.972382 0
    outer loop
      vertex -83.3906 -38.2798 -4
      vertex -82.704 -38.4446 4
      vertex -83.3906 -38.2798 4
    endloop
  endfacet
  facet normal -0.233394 -0.972382 -0
    outer loop
      vertex -82.704 -38.4446 4
      vertex -83.3906 -38.2798 -4
      vertex -82.704 -38.4446 -4
    endloop
  endfacet
  facet normal 0.649414 -0.760435 0
    outer loop
      vertex -79.355 -37.6406 -4
      vertex -78.818 -37.182 4
      vertex -79.355 -37.6406 4
    endloop
  endfacet
  facet normal 0.649414 -0.760435 0
    outer loop
      vertex -78.818 -37.182 4
      vertex -79.355 -37.6406 -4
      vertex -78.818 -37.182 -4
    endloop
  endfacet
  facet normal 0 1 -0
    outer loop
      vertex -77.5 -28 36.4
      vertex -86.5 -28 38
      vertex -77.5 -28 38
    endloop
  endfacet
  facet normal 0 1 0
    outer loop
      vertex -86.5 -28 38
      vertex -77.5 -28 36.4
      vertex -86.5 -28 36.4
    endloop
  endfacet
  facet normal -0.233394 -0.972382 0
    outer loop
      vertex -83.3906 -38.2798 30
      vertex -82.704 -38.4446 38
      vertex -83.3906 -38.2798 38
    endloop
  endfacet
  facet normal -0.233394 -0.972382 -0
    outer loop
      vertex -82.704 -38.4446 38
      vertex -83.3906 -38.2798 30
      vertex -82.704 -38.4446 30
    endloop
  endfacet
  facet normal 1 0 0
    outer loop
      vertex -77.5 -28 38
      vertex -77.5 -28.4 36.4
      vertex -77.5 -28 36.4
    endloop
  endfacet
  facet normal 1 0 0
    outer loop
      vertex -77.5 -28.4 36.4
      vertex -77.5 -29.237 34.1779
      vertex -77.5 -28.4 35.33
    endloop
  endfacet
  facet normal 1 -0 0
    outer loop
      vertex -77.5 -34 38
      vertex -77.5 -28.4 36.4
      vertex -77.5 -28 38
    endloop
  endfacet
  facet normal 1 0 0
    outer loop
      vertex -77.5 -28.4 36.4
      vertex -77.5 -34 38
      vertex -77.5 -29.237 34.1779
    endloop
  endfacet
  facet normal 1 0 0
    outer loop
      vertex -77.5 -29.237 34.1779
      vertex -77.5 -34 38
      vertex -77.5 -29.9138 32.095
    endloop
  endfacet
  facet normal 1 0 0
    outer loop
      vertex -77.5 -34 30
      vertex -77.5 -29.9138 32.095
      vertex -77.5 -34 38
    endloop
  endfacet
  facet normal 1 0 0
    outer loop
      vertex -77.5 -29.9138 32.095
      vertex -77.5 -34 30
      vertex -77.5 -29.9138 30
    endloop
  endfacet
  facet normal 0.233394 -0.972382 0
    outer loop
      vertex -81.296 -38.4446 30
      vertex -80.6094 -38.2798 38
      vertex -81.296 -38.4446 38
    endloop
  endfacet
  facet normal 0.233394 -0.972382 0
    outer loop
      vertex -80.6094 -38.2798 38
      vertex -81.296 -38.4446 30
      vertex -80.6094 -38.2798 30
    endloop
  endfacet
  facet normal -1 0 0
    outer loop
      vertex -86.5 -29.9138 30
      vertex -86.5 -34 30
      vertex -86.5 -29.9138 32.095
    endloop
  endfacet
  facet normal -1 -0 0
    outer loop
      vertex -86.5 -28.4 35.33
      vertex -86.5 -29.237 34.1779
      vertex -86.5 -28.4 36.4
    endloop
  endfacet
  facet normal -1 0 0
    outer loop
      vertex -86.5 -28.4 36.4
      vertex -86.5 -28 38
      vertex -86.5 -28 36.4
    endloop
  endfacet
  facet normal -1 0 0
    outer loop
      vertex -86.5 -34 38
      vertex -86.5 -28.4 36.4
      vertex -86.5 -29.237 34.1779
    endloop
  endfacet
  facet normal -1 0 0
    outer loop
      vertex -86.5 -34 38
      vertex -86.5 -29.237 34.1779
      vertex -86.5 -29.9138 32.095
    endloop
  endfacet
  facet normal -1 0 0
    outer loop
      vertex -86.5 -34 38
      vertex -86.5 -29.9138 32.095
      vertex -86.5 -34 30
    endloop
  endfacet
  facet normal -1 0 0
    outer loop
      vertex -86.5 -28.4 36.4
      vertex -86.5 -34 38
      vertex -86.5 -28 38
    endloop
  endfacet
  facet normal 0.0784506 -0.996918 0
    outer loop
      vertex -82 -38.5 30
      vertex -81.296 -38.4446 38
      vertex -82 -38.5 38
    endloop
  endfacet
  facet normal 0.0784506 -0.996918 0
    outer loop
      vertex -81.296 -38.4446 38
      vertex -82 -38.5 30
      vertex -81.296 -38.4446 30
    endloop
  endfacet
  facet normal 0.923846 -0.382765 0
    outer loop
      vertex -77.9905 -36.043 38
      vertex -77.7202 -35.3906 30
      vertex -77.7202 -35.3906 38
    endloop
  endfacet
  facet normal 0.923846 -0.382765 0
    outer loop
      vertex -77.7202 -35.3906 30
      vertex -77.9905 -36.043 38
      vertex -77.9905 -36.043 30
    endloop
  endfacet
  facet normal 0.972382 -0.233394 0
    outer loop
      vertex -77.7202 -35.3906 38
      vertex -77.5554 -34.704 30
      vertex -77.5554 -34.704 38
    endloop
  endfacet
  facet normal 0.972382 -0.233394 0
    outer loop
      vertex -77.5554 -34.704 30
      vertex -77.7202 -35.3906 38
      vertex -77.7202 -35.3906 30
    endloop
  endfacet
  facet normal 0.522492 -0.852644 0
    outer loop
      vertex -79.957 -38.0095 30
      vertex -79.355 -37.6406 38
      vertex -79.957 -38.0095 38
    endloop
  endfacet
  facet normal 0.522492 -0.852644 0
    outer loop
      vertex -79.355 -37.6406 38
      vertex -79.957 -38.0095 30
      vertex -79.355 -37.6406 30
    endloop
  endfacet
  facet normal 0.382765 -0.923846 0
    outer loop
      vertex -80.6094 -38.2798 30
      vertex -79.957 -38.0095 38
      vertex -80.6094 -38.2798 38
    endloop
  endfacet
  facet normal 0.382765 -0.923846 0
    outer loop
      vertex -79.957 -38.0095 38
      vertex -80.6094 -38.2798 30
      vertex -79.957 -38.0095 30
    endloop
  endfacet
  facet normal 0 0 -1
    outer loop
      vertex -81.3644 -35.2474 30
      vertex -79.957 -38.0095 30
      vertex -80.6094 -38.2798 30
    endloop
  endfacet
  facet normal 0 0 -1
    outer loop
      vertex -79.957 -38.0095 30
      vertex -80.6172 -34.219 30
      vertex -80.6 -34 30
    endloop
  endfacet
  facet normal 0 0 -1
    outer loop
      vertex -79.957 -38.0095 30
      vertex -80.6685 -34.4326 30
      vertex -80.6172 -34.219 30
    endloop
  endfacet
  facet normal 0 0 -1
    outer loop
      vertex -79.957 -38.0095 30
      vertex -80.7526 -34.6356 30
      vertex -80.6685 -34.4326 30
    endloop
  endfacet
  facet normal 0 0 -1
    outer loop
      vertex -79.957 -38.0095 30
      vertex -80.8674 -34.8229 30
      vertex -80.7526 -34.6356 30
    endloop
  endfacet
  facet normal 0 0 -1
    outer loop
      vertex -79.957 -38.0095 30
      vertex -81.01 -34.9899 30
      vertex -80.8674 -34.8229 30
    endloop
  endfacet
  facet normal 0 0 -1
    outer loop
      vertex -79.957 -38.0095 30
      vertex -81.1771 -35.1326 30
      vertex -81.01 -34.9899 30
    endloop
  endfacet
  facet normal 0 0 -1
    outer loop
      vertex -81.5674 -35.3315 30
      vertex -80.6094 -38.2798 30
      vertex -81.296 -38.4446 30
    endloop
  endfacet
  facet normal 0 0 -1
    outer loop
      vertex -79.957 -38.0095 30
      vertex -81.3644 -35.2474 30
      vertex -81.1771 -35.1326 30
    endloop
  endfacet
  facet normal 0 0 -1
    outer loop
      vertex -80.6094 -38.2798 30
      vertex -81.5674 -35.3315 30
      vertex -81.3644 -35.2474 30
    endloop
  endfacet
  facet normal 0 0 -1
    outer loop
      vertex -81.296 -38.4446 30
      vertex -81.781 -35.3828 30
      vertex -81.5674 -35.3315 30
    endloop
  endfacet
  facet normal 0 0 -1
    outer loop
      vertex -82 -38.5 30
      vertex -81.781 -35.3828 30
      vertex -81.296 -38.4446 30
    endloop
  endfacet
  facet normal 0 0 -1
    outer loop
      vertex -82 -38.5 30
      vertex -82 -35.4 30
      vertex -81.781 -35.3828 30
    endloop
  endfacet
  facet normal 0 0 -1
    outer loop
      vertex -82 -38.5 30
      vertex -82.219 -35.3828 30
      vertex -82 -35.4 30
    endloop
  endfacet
  facet normal 0 0 -1
    outer loop
      vertex -82.704 -38.4446 30
      vertex -82.219 -35.3828 30
      vertex -82 -38.5 30
    endloop
  endfacet
  facet normal -0 0 -1
    outer loop
      vertex -82.219 -35.3828 30
      vertex -82.704 -38.4446 30
      vertex -82.4326 -35.3315 30
    endloop
  endfacet
  facet normal 0 0 -1
    outer loop
      vertex -83.3906 -38.2798 30
      vertex -82.4326 -35.3315 30
      vertex -82.704 -38.4446 30
    endloop
  endfacet
  facet normal -0 0 -1
    outer loop
      vertex -82.4326 -35.3315 30
      vertex -83.3906 -38.2798 30
      vertex -82.6356 -35.2474 30
    endloop
  endfacet
  facet normal 0 0 -1
    outer loop
      vertex -84.043 -38.0095 30
      vertex -82.6356 -35.2474 30
      vertex -83.3906 -38.2798 30
    endloop
  endfacet
  facet normal -0 0 -1
    outer loop
      vertex -82.6356 -35.2474 30
      vertex -84.043 -38.0095 30
      vertex -82.8229 -35.1326 30
    endloop
  endfacet
  facet normal 0 0 -1
    outer loop
      vertex -84.645 -37.6406 30
      vertex -82.8229 -35.1326 30
      vertex -84.043 -38.0095 30
    endloop
  endfacet
  facet normal -0 0 -1
    outer loop
      vertex -82.8229 -35.1326 30
      vertex -84.645 -37.6406 30
      vertex -82.99 -34.9899 30
    endloop
  endfacet
  facet normal 0 0 -1
    outer loop
      vertex -85.182 -37.182 30
      vertex -82.99 -34.9899 30
      vertex -84.645 -37.6406 30
    endloop
  endfacet
  facet normal -0 0 -1
    outer loop
      vertex -82.99 -34.9899 30
      vertex -85.182 -37.182 30
      vertex -83.1326 -34.8229 30
    endloop
  endfacet
  facet normal 0 0 -1
    outer loop
      vertex -85.6406 -36.645 30
      vertex -83.1326 -34.8229 30
      vertex -85.182 -37.182 30
    endloop
  endfacet
  facet normal -0 0 -1
    outer loop
      vertex -83.1326 -34.8229 30
      vertex -85.6406 -36.645 30
      vertex -83.2474 -34.6356 30
    endloop
  endfacet
  facet normal 0 0 -1
    outer loop
      vertex -80.6 -34 30
      vertex -77.5 -34 30
      vertex -77.5554 -34.704 30
    endloop
  endfacet
  facet normal 0 0 -1
    outer loop
      vertex -80.6 -34 30
      vertex -77.5554 -34.704 30
      vertex -77.7202 -35.3906 30
    endloop
  endfacet
  facet normal 0 0 -1
    outer loop
      vertex -80.6 -34 30
      vertex -77.7202 -35.3906 30
      vertex -77.9905 -36.043 30
    endloop
  endfacet
  facet normal 0 0 -1
    outer loop
      vertex -80.6 -34 30
      vertex -77.9905 -36.043 30
      vertex -78.3594 -36.645 30
    endloop
  endfacet
  facet normal 0 0 -1
    outer loop
      vertex -80.6 -34 30
      vertex -78.3594 -36.645 30
      vertex -78.818 -37.182 30
    endloop
  endfacet
  facet normal 0 0 -1
    outer loop
      vertex -80.6 -34 30
      vertex -78.818 -37.182 30
      vertex -79.355 -37.6406 30
    endloop
  endfacet
  facet normal 0 0 -1
    outer loop
      vertex -80.6 -34 30
      vertex -79.355 -37.6406 30
      vertex -79.957 -38.0095 30
    endloop
  endfacet
  facet normal 0 0 -1
    outer loop
      vertex -77.5 -34 30
      vertex -80.6 -34 30
      vertex -80.6172 -33.781 30
    endloop
  endfacet
  facet normal 0 0 -1
    outer loop
      vertex -77.5 -34 30
      vertex -80.6172 -33.781 30
      vertex -80.6685 -33.5674 30
    endloop
  endfacet
  facet normal 0 0 -1
    outer loop
      vertex -77.5 -34 30
      vertex -80.6685 -33.5674 30
      vertex -80.7526 -33.3644 30
    endloop
  endfacet
  facet normal 0 0 -1
    outer loop
      vertex -80.8674 -33.1771 30
      vertex -77.5 -34 30
      vertex -80.7526 -33.3644 30
    endloop
  endfacet
  facet normal 0 0 -1
    outer loop
      vertex -77.5 -34 30
      vertex -80.8674 -33.1771 30
      vertex -77.5 -29.9138 30
    endloop
  endfacet
  facet normal 0 0 -1
    outer loop
      vertex -81.01 -33.01 30
      vertex -77.5 -29.9138 30
      vertex -80.8674 -33.1771 30
    endloop
  endfacet
  facet normal 0 0 -1
    outer loop
      vertex -81.1771 -32.8674 30
      vertex -77.5 -29.9138 30
      vertex -81.01 -33.01 30
    endloop
  endfacet
  facet normal 0 0 -1
    outer loop
      vertex -81.3644 -32.7526 30
      vertex -77.5 -29.9138 30
      vertex -81.1771 -32.8674 30
    endloop
  endfacet
  facet normal 0 0 -1
    outer loop
      vertex -81.5674 -32.6685 30
      vertex -77.5 -29.9138 30
      vertex -81.3644 -32.7526 30
    endloop
  endfacet
  facet normal 0 0 -1
    outer loop
      vertex -81.781 -32.6172 30
      vertex -77.5 -29.9138 30
      vertex -81.5674 -32.6685 30
    endloop
  endfacet
  facet normal 0 0 -1
    outer loop
      vertex -82 -32.6 30
      vertex -77.5 -29.9138 30
      vertex -81.781 -32.6172 30
    endloop
  endfacet
  facet normal 0 0 -1
    outer loop
      vertex -86.5 -29.9138 30
      vertex -82 -32.6 30
      vertex -82.219 -32.6172 30
    endloop
  endfacet
  facet normal 0 0 -1
    outer loop
      vertex -86.5 -29.9138 30
      vertex -82.219 -32.6172 30
      vertex -82.4326 -32.6685 30
    endloop
  endfacet
  facet normal 0 0 -1
    outer loop
      vertex -86.5 -29.9138 30
      vertex -82.4326 -32.6685 30
      vertex -82.6356 -32.7526 30
    endloop
  endfacet
  facet normal 0 0 -1
    outer loop
      vertex -86.0095 -36.043 30
      vertex -83.2474 -34.6356 30
      vertex -85.6406 -36.645 30
    endloop
  endfacet
  facet normal -0 0 -1
    outer loop
      vertex -83.2474 -34.6356 30
      vertex -86.0095 -36.043 30
      vertex -83.3315 -34.4326 30
    endloop
  endfacet
  facet normal 0 0 -1
    outer loop
      vertex -86.2798 -35.3906 30
      vertex -83.3315 -34.4326 30
      vertex -86.0095 -36.043 30
    endloop
  endfacet
  facet normal -0 0 -1
    outer loop
      vertex -83.3315 -34.4326 30
      vertex -86.2798 -35.3906 30
      vertex -83.3828 -34.219 30
    endloop
  endfacet
  facet normal 0 0 -1
    outer loop
      vertex -86.4446 -34.704 30
      vertex -83.3828 -34.219 30
      vertex -86.2798 -35.3906 30
    endloop
  endfacet
  facet normal -0 0 -1
    outer loop
      vertex -83.3828 -34.219 30
      vertex -86.4446 -34.704 30
      vertex -83.4 -34 30
    endloop
  endfacet
  facet normal 0 0 -1
    outer loop
      vertex -86.5 -34 30
      vertex -83.4 -34 30
      vertex -86.4446 -34.704 30
    endloop
  endfacet
  facet normal 0 0 -1
    outer loop
      vertex -83.4 -34 30
      vertex -86.5 -34 30
      vertex -83.3828 -33.781 30
    endloop
  endfacet
  facet normal -0 0 -1
    outer loop
      vertex -83.3828 -33.781 30
      vertex -86.5 -34 30
      vertex -83.3315 -33.5674 30
    endloop
  endfacet
  facet normal -0 0 -1
    outer loop
      vertex -83.3315 -33.5674 30
      vertex -86.5 -34 30
      vertex -83.2474 -33.3644 30
    endloop
  endfacet
  facet normal -0 0 -1
    outer loop
      vertex -83.2474 -33.3644 30
      vertex -86.5 -34 30
      vertex -83.1326 -33.1771 30
    endloop
  endfacet
  facet normal 0 0 -1
    outer loop
      vertex -86.5 -29.9138 30
      vertex -83.1326 -33.1771 30
      vertex -86.5 -34 30
    endloop
  endfacet
  facet normal 0 0 -1
    outer loop
      vertex -83.1326 -33.1771 30
      vertex -86.5 -29.9138 30
      vertex -82.99 -33.01 30
    endloop
  endfacet
  facet normal 0 0 -1
    outer loop
      vertex -82.99 -33.01 30
      vertex -86.5 -29.9138 30
      vertex -82.8229 -32.8674 30
    endloop
  endfacet
  facet normal 0 0 -1
    outer loop
      vertex -82.8229 -32.8674 30
      vertex -86.5 -29.9138 30
      vertex -82.6356 -32.7526 30
    endloop
  endfacet
  facet normal 0 0 -1
    outer loop
      vertex -82 -32.6 30
      vertex -86.5 -29.9138 30
      vertex -77.5 -29.9138 30
    endloop
  endfacet
  facet normal -0.522492 -0.852644 0
    outer loop
      vertex -84.645 -37.6406 30
      vertex -84.043 -38.0095 38
      vertex -84.645 -37.6406 38
    endloop
  endfacet
  facet normal -0.522492 -0.852644 -0
    outer loop
      vertex -84.043 -38.0095 38
      vertex -84.645 -37.6406 30
      vertex -84.043 -38.0095 30
    endloop
  endfacet
  facet normal 0.996918 -0.0784506 0
    outer loop
      vertex -77.5554 -34.704 38
      vertex -77.5 -34 30
      vertex -77.5 -34 38
    endloop
  endfacet
  facet normal 0.996918 -0.0784506 0
    outer loop
      vertex -77.5 -34 30
      vertex -77.5554 -34.704 38
      vertex -77.5554 -34.704 30
    endloop
  endfacet
  facet normal -0.852644 -0.522492 0
    outer loop
      vertex -85.6406 -36.645 30
      vertex -86.0095 -36.043 38
      vertex -86.0095 -36.043 30
    endloop
  endfacet
  facet normal -0.852644 -0.522492 0
    outer loop
      vertex -86.0095 -36.043 38
      vertex -85.6406 -36.645 30
      vertex -85.6406 -36.645 38
    endloop
  endfacet
  facet normal 0.852644 -0.522492 0
    outer loop
      vertex -78.3594 -36.645 38
      vertex -77.9905 -36.043 30
      vertex -77.9905 -36.043 38
    endloop
  endfacet
  facet normal 0.852644 -0.522492 0
    outer loop
      vertex -77.9905 -36.043 30
      vertex -78.3594 -36.645 38
      vertex -78.3594 -36.645 30
    endloop
  endfacet
  facet normal -0.382765 -0.923846 0
    outer loop
      vertex -84.043 -38.0095 30
      vertex -83.3906 -38.2798 38
      vertex -84.043 -38.0095 38
    endloop
  endfacet
  facet normal -0.382765 -0.923846 -0
    outer loop
      vertex -83.3906 -38.2798 38
      vertex -84.043 -38.0095 30
      vertex -83.3906 -38.2798 30
    endloop
  endfacet
  facet normal 0.649414 -0.760435 0
    outer loop
      vertex -79.355 -37.6406 30
      vertex -78.818 -37.182 38
      vertex -79.355 -37.6406 38
    endloop
  endfacet
  facet normal 0.649414 -0.760435 0
    outer loop
      vertex -78.818 -37.182 38
      vertex -79.355 -37.6406 30
      vertex -78.818 -37.182 30
    endloop
  endfacet
  facet normal 0.760435 -0.649414 0
    outer loop
      vertex -78.818 -37.182 38
      vertex -78.3594 -36.645 30
      vertex -78.3594 -36.645 38
    endloop
  endfacet
  facet normal 0.760435 -0.649414 0
    outer loop
      vertex -78.3594 -36.645 30
      vertex -78.818 -37.182 38
      vertex -78.818 -37.182 30
    endloop
  endfacet
  facet normal -0.996918 -0.0784506 0
    outer loop
      vertex -86.4446 -34.704 30
      vertex -86.5 -34 38
      vertex -86.5 -34 30
    endloop
  endfacet
  facet normal -0.996918 -0.0784506 0
    outer loop
      vertex -86.5 -34 38
      vertex -86.4446 -34.704 30
      vertex -86.4446 -34.704 38
    endloop
  endfacet
  facet normal -0.760435 -0.649414 0
    outer loop
      vertex -85.182 -37.182 30
      vertex -85.6406 -36.645 38
      vertex -85.6406 -36.645 30
    endloop
  endfacet
  facet normal -0.760435 -0.649414 0
    outer loop
      vertex -85.6406 -36.645 38
      vertex -85.182 -37.182 30
      vertex -85.182 -37.182 38
    endloop
  endfacet
  facet normal -0.0784506 -0.996918 0
    outer loop
      vertex -82.704 -38.4446 30
      vertex -82 -38.5 38
      vertex -82.704 -38.4446 38
    endloop
  endfacet
  facet normal -0.0784506 -0.996918 -0
    outer loop
      vertex -82 -38.5 38
      vertex -82.704 -38.4446 30
      vertex -82 -38.5 30
    endloop
  endfacet
  facet normal -0 0 1
    outer loop
      vertex -79.8966 -32.4718 38
      vertex -77.5 -34 38
      vertex -77.5 -28 38
    endloop
  endfacet
  facet normal -0 -0 1
    outer loop
      vertex -79.5273 -33.1966 38
      vertex -77.5 -34 38
      vertex -79.6834 -32.8196 38
    endloop
  endfacet
  facet normal 0 -0 1
    outer loop
      vertex -79.4 -34 38
      vertex -77.5 -34 38
      vertex -79.432 -33.5933 38
    endloop
  endfacet
  facet normal -0 0 1
    outer loop
      vertex -79.432 -34.4067 38
      vertex -77.5554 -34.704 38
      vertex -79.4 -34 38
    endloop
  endfacet
  facet normal 0 0 1
    outer loop
      vertex -77.5554 -34.704 38
      vertex -79.432 -34.4067 38
      vertex -77.7202 -35.3906 38
    endloop
  endfacet
  facet normal 0 0 1
    outer loop
      vertex -77.7202 -35.3906 38
      vertex -79.5273 -34.8034 38
      vertex -77.9905 -36.043 38
    endloop
  endfacet
  facet normal -0 0 1
    outer loop
      vertex -79.6834 -35.1804 38
      vertex -77.9905 -36.043 38
      vertex -79.5273 -34.8034 38
    endloop
  endfacet
  facet normal -0 0 1
    outer loop
      vertex -79.5273 -34.8034 38
      vertex -77.7202 -35.3906 38
      vertex -79.432 -34.4067 38
    endloop
  endfacet
  facet normal 0 0 1
    outer loop
      vertex -77.5 -34 38
      vertex -79.4 -34 38
      vertex -77.5554 -34.704 38
    endloop
  endfacet
  facet normal -0 -0 1
    outer loop
      vertex -79.432 -33.5933 38
      vertex -77.5 -34 38
      vertex -79.5273 -33.1966 38
    endloop
  endfacet
  facet normal 0 0 1
    outer loop
      vertex -77.5 -34 38
      vertex -79.8966 -32.4718 38
      vertex -79.6834 -32.8196 38
    endloop
  endfacet
  facet normal 0 0 1
    outer loop
      vertex -77.5 -28 38
      vertex -80.1615 -32.1615 38
      vertex -79.8966 -32.4718 38
    endloop
  endfacet
  facet normal 0 0 1
    outer loop
      vertex -77.5 -28 38
      vertex -80.4718 -31.8966 38
      vertex -80.1615 -32.1615 38
    endloop
  endfacet
  facet normal 0 0 1
    outer loop
      vertex -77.5 -28 38
      vertex -80.8196 -31.6834 38
      vertex -80.4718 -31.8966 38
    endloop
  endfacet
  facet normal 0 0 1
    outer loop
      vertex -77.5 -28 38
      vertex -81.1966 -31.5273 38
      vertex -80.8196 -31.6834 38
    endloop
  endfacet
  facet normal 0 0 1
    outer loop
      vertex -77.5 -28 38
      vertex -81.5933 -31.432 38
      vertex -81.1966 -31.5273 38
    endloop
  endfacet
  facet normal 0 0 1
    outer loop
      vertex -77.5 -28 38
      vertex -82 -31.4 38
      vertex -81.5933 -31.432 38
    endloop
  endfacet
  facet normal -0 0 1
    outer loop
      vertex -86.5 -28 38
      vertex -82 -31.4 38
      vertex -77.5 -28 38
    endloop
  endfacet
  facet normal 0 0 1
    outer loop
      vertex -82 -31.4 38
      vertex -86.5 -28 38
      vertex -82.4067 -31.432 38
    endloop
  endfacet
  facet normal 0 0 1
    outer loop
      vertex -82.4067 -31.432 38
      vertex -86.5 -28 38
      vertex -82.8034 -31.5273 38
    endloop
  endfacet
  facet normal 0 0 1
    outer loop
      vertex -82.8034 -31.5273 38
      vertex -86.5 -28 38
      vertex -83.1804 -31.6834 38
    endloop
  endfacet
  facet normal 0 0 1
    outer loop
      vertex -83.8385 -35.8385 38
      vertex -85.182 -37.182 38
      vertex -84.645 -37.6406 38
    endloop
  endfacet
  facet normal 0 0 1
    outer loop
      vertex -86.5 -34 38
      vertex -84.6 -34 38
      vertex -84.568 -33.5933 38
    endloop
  endfacet
  facet normal 0 0 1
    outer loop
      vertex -84.568 -34.4067 38
      vertex -85.6406 -36.645 38
      vertex -85.182 -37.182 38
    endloop
  endfacet
  facet normal 0 0 1
    outer loop
      vertex -86.5 -34 38
      vertex -84.568 -33.5933 38
      vertex -84.4727 -33.1966 38
    endloop
  endfacet
  facet normal 0 0 1
    outer loop
      vertex -84.568 -34.4067 38
      vertex -86.0095 -36.043 38
      vertex -85.6406 -36.645 38
    endloop
  endfacet
  facet normal 0 0 1
    outer loop
      vertex -86.5 -34 38
      vertex -84.4727 -33.1966 38
      vertex -84.3166 -32.8196 38
    endloop
  endfacet
  facet normal 0 0 1
    outer loop
      vertex -84.568 -34.4067 38
      vertex -86.2798 -35.3906 38
      vertex -86.0095 -36.043 38
    endloop
  endfacet
  facet normal 0 0 1
    outer loop
      vertex -86.5 -34 38
      vertex -84.3166 -32.8196 38
      vertex -84.1034 -32.4718 38
    endloop
  endfacet
  facet normal 0 0 1
    outer loop
      vertex -84.568 -34.4067 38
      vertex -86.4446 -34.704 38
      vertex -86.2798 -35.3906 38
    endloop
  endfacet
  facet normal 0 0 1
    outer loop
      vertex -86.5 -28 38
      vertex -84.1034 -32.4718 38
      vertex -83.8385 -32.1615 38
    endloop
  endfacet
  facet normal 0 0 1
    outer loop
      vertex -83.1804 -31.6834 38
      vertex -86.5 -28 38
      vertex -83.5282 -31.8966 38
    endloop
  endfacet
  facet normal 0 0 1
    outer loop
      vertex -86.5 -28 38
      vertex -83.8385 -32.1615 38
      vertex -83.5282 -31.8966 38
    endloop
  endfacet
  facet normal 0 0 1
    outer loop
      vertex -84.1034 -32.4718 38
      vertex -86.5 -28 38
      vertex -86.5 -34 38
    endloop
  endfacet
  facet normal 0 0 1
    outer loop
      vertex -84.6 -34 38
      vertex -86.5 -34 38
      vertex -86.4446 -34.704 38
    endloop
  endfacet
  facet normal 0 0 1
    outer loop
      vertex -77.9905 -36.043 38
      vertex -79.6834 -35.1804 38
      vertex -78.3594 -36.645 38
    endloop
  endfacet
  facet normal -0 0 1
    outer loop
      vertex -79.8966 -35.5282 38
      vertex -78.3594 -36.645 38
      vertex -79.6834 -35.1804 38
    endloop
  endfacet
  facet normal 0 0 1
    outer loop
      vertex -78.3594 -36.645 38
      vertex -79.8966 -35.5282 38
      vertex -78.818 -37.182 38
    endloop
  endfacet
  facet normal -0 0 1
    outer loop
      vertex -80.1615 -35.8385 38
      vertex -78.818 -37.182 38
      vertex -79.8966 -35.5282 38
    endloop
  endfacet
  facet normal 0 0 1
    outer loop
      vertex -78.818 -37.182 38
      vertex -80.1615 -35.8385 38
      vertex -79.355 -37.6406 38
    endloop
  endfacet
  facet normal -0 0 1
    outer loop
      vertex -80.4718 -36.1034 38
      vertex -79.355 -37.6406 38
      vertex -80.1615 -35.8385 38
    endloop
  endfacet
  facet normal 0 0 1
    outer loop
      vertex -79.355 -37.6406 38
      vertex -80.4718 -36.1034 38
      vertex -79.957 -38.0095 38
    endloop
  endfacet
  facet normal -0 0 1
    outer loop
      vertex -80.8196 -36.3166 38
      vertex -79.957 -38.0095 38
      vertex -80.4718 -36.1034 38
    endloop
  endfacet
  facet normal 0 0 1
    outer loop
      vertex -79.957 -38.0095 38
      vertex -80.8196 -36.3166 38
      vertex -80.6094 -38.2798 38
    endloop
  endfacet
  facet normal -0 0 1
    outer loop
      vertex -81.1966 -36.4727 38
      vertex -80.6094 -38.2798 38
      vertex -80.8196 -36.3166 38
    endloop
  endfacet
  facet normal 0 0 1
    outer loop
      vertex -81.1966 -36.4727 38
      vertex -81.296 -38.4446 38
      vertex -80.6094 -38.2798 38
    endloop
  endfacet
  facet normal -0 0 1
    outer loop
      vertex -81.5933 -36.568 38
      vertex -81.296 -38.4446 38
      vertex -81.1966 -36.4727 38
    endloop
  endfacet
  facet normal -0 0 1
    outer loop
      vertex -82 -36.6 38
      vertex -81.296 -38.4446 38
      vertex -81.5933 -36.568 38
    endloop
  endfacet
  facet normal 0 0 1
    outer loop
      vertex -82 -36.6 38
      vertex -82 -38.5 38
      vertex -81.296 -38.4446 38
    endloop
  endfacet
  facet normal 0 0 1
    outer loop
      vertex -82.4067 -36.568 38
      vertex -82 -38.5 38
      vertex -82 -36.6 38
    endloop
  endfacet
  facet normal 0 0 1
    outer loop
      vertex -82.4067 -36.568 38
      vertex -82.704 -38.4446 38
      vertex -82 -38.5 38
    endloop
  endfacet
  facet normal 0 0 1
    outer loop
      vertex -82.8034 -36.4727 38
      vertex -82.704 -38.4446 38
      vertex -82.4067 -36.568 38
    endloop
  endfacet
  facet normal 0 0 1
    outer loop
      vertex -83.3906 -38.2798 38
      vertex -82.8034 -36.4727 38
      vertex -83.1804 -36.3166 38
    endloop
  endfacet
  facet normal 0 0 1
    outer loop
      vertex -82.8034 -36.4727 38
      vertex -83.3906 -38.2798 38
      vertex -82.704 -38.4446 38
    endloop
  endfacet
  facet normal 0 0 1
    outer loop
      vertex -84.043 -38.0095 38
      vertex -83.1804 -36.3166 38
      vertex -83.5282 -36.1034 38
    endloop
  endfacet
  facet normal 0 0 1
    outer loop
      vertex -84.645 -37.6406 38
      vertex -83.5282 -36.1034 38
      vertex -83.8385 -35.8385 38
    endloop
  endfacet
  facet normal 0 0 1
    outer loop
      vertex -83.1804 -36.3166 38
      vertex -84.043 -38.0095 38
      vertex -83.3906 -38.2798 38
    endloop
  endfacet
  facet normal 0 0 1
    outer loop
      vertex -85.182 -37.182 38
      vertex -83.8385 -35.8385 38
      vertex -84.1034 -35.5282 38
    endloop
  endfacet
  facet normal 0 0 1
    outer loop
      vertex -85.182 -37.182 38
      vertex -84.1034 -35.5282 38
      vertex -84.3166 -35.1804 38
    endloop
  endfacet
  facet normal 0 0 1
    outer loop
      vertex -85.182 -37.182 38
      vertex -84.3166 -35.1804 38
      vertex -84.4727 -34.8034 38
    endloop
  endfacet
  facet normal 0 0 1
    outer loop
      vertex -85.182 -37.182 38
      vertex -84.4727 -34.8034 38
      vertex -84.568 -34.4067 38
    endloop
  endfacet
  facet normal 0 0 1
    outer loop
      vertex -83.5282 -36.1034 38
      vertex -84.645 -37.6406 38
      vertex -84.043 -38.0095 38
    endloop
  endfacet
  facet normal 0 0 1
    outer loop
      vertex -86.4446 -34.704 38
      vertex -84.568 -34.4067 38
      vertex -84.6 -34 38
    endloop
  endfacet
  facet normal -0.972382 -0.233394 0
    outer loop
      vertex -86.2798 -35.3906 30
      vertex -86.4446 -34.704 38
      vertex -86.4446 -34.704 30
    endloop
  endfacet
  facet normal -0.972382 -0.233394 0
    outer loop
      vertex -86.4446 -34.704 38
      vertex -86.2798 -35.3906 30
      vertex -86.2798 -35.3906 38
    endloop
  endfacet
  facet normal -0.923846 -0.382765 0
    outer loop
      vertex -86.0095 -36.043 30
      vertex -86.2798 -35.3906 38
      vertex -86.2798 -35.3906 30
    endloop
  endfacet
  facet normal -0.923846 -0.382765 0
    outer loop
      vertex -86.2798 -35.3906 38
      vertex -86.0095 -36.043 30
      vertex -86.0095 -36.043 38
    endloop
  endfacet
  facet normal -0.649414 -0.760435 0
    outer loop
      vertex -85.182 -37.182 30
      vertex -84.645 -37.6406 38
      vertex -85.182 -37.182 38
    endloop
  endfacet
  facet normal -0.649414 -0.760435 -0
    outer loop
      vertex -84.645 -37.6406 38
      vertex -85.182 -37.182 30
      vertex -84.645 -37.6406 30
    endloop
  endfacet
  facet normal 0.527998 -0.268942 -0.805536
    outer loop
      vertex -70.429 -24.8679 -3.23705
      vertex -69.3391 -25.2353 -2.4
      vertex -69.4969 -25.5451 -2.4
    endloop
  endfacet
  facet normal 0.527967 -0.26902 -0.80553
    outer loop
      vertex -69.3391 -25.2353 -2.4
      vertex -70.429 -24.8679 -3.23705
      vertex -69.9776 -23.982 -3.23705
    endloop
  endfacet
  facet normal 0.14187 -0.278448 0.949916
    outer loop
      vertex -72.3564 -23.8859 37.9138
      vertex -72.6616 -24.0414 37.9138
      vertex -71.1321 -25.571 37.237
    endloop
  endfacet
  facet normal 0.308645 0.0488871 -0.94992
    outer loop
      vertex -71.905 21 -3.91382
      vertex -71.9586 21.3384 -3.91382
      vertex -69.8221 21 -3.23705
    endloop
  endfacet
  facet normal 0.278436 -0.141864 -0.94992
    outer loop
      vertex -70.429 -24.8679 -3.23705
      vertex -72.1141 -23.6436 -3.91382
      vertex -71.9586 -23.3384 -3.91382
    endloop
  endfacet
  facet normal 0.987688 0.15644 0
    outer loop
      vertex -66.0862 21 32.095
      vertex -66.4246 23.1365 1.90496
      vertex -66.4246 23.1365 32.095
    endloop
  endfacet
  facet normal 0.987688 0.15644 0
    outer loop
      vertex -66.4246 23.1365 1.90496
      vertex -66.0862 21 32.095
      vertex -66.0862 21 1.90496
    endloop
  endfacet
  facet normal -0.0488738 -0.308644 -0.949921
    outer loop
      vertex -91 -26.1779 -3.23705
      vertex -91.982 -26.0224 -3.23705
      vertex -91.3384 -24.0414 -3.91382
    endloop
  endfacet
  facet normal 0.951053 0 -0.309028
    outer loop
      vertex -66.0862 -23 1.90496
      vertex -66.763 21 -0.177933
      vertex -66.0862 21 1.90496
    endloop
  endfacet
  facet normal 0.951053 0 -0.309028
    outer loop
      vertex -66.763 21 -0.177933
      vertex -66.0862 -23 1.90496
      vertex -66.763 -23 -0.177933
    endloop
  endfacet
  facet normal 0 0 -1
    outer loop
      vertex -73 -24.095 -3.91382
      vertex -71.905 -23 -3.91382
      vertex -71.9586 -23.3384 -3.91382
    endloop
  endfacet
  facet normal 0 0 -1
    outer loop
      vertex -73 -24.095 -3.91382
      vertex -71.9586 -23.3384 -3.91382
      vertex -72.1141 -23.6436 -3.91382
    endloop
  endfacet
  facet normal 0 0 -1
    outer loop
      vertex -71.905 -23 -3.91382
      vertex -72.1615 1.16152 -3.91382
      vertex -71.905 1.46192 -3.91382
    endloop
  endfacet
  facet normal 0 0 -1
    outer loop
      vertex -73 -24.095 -3.91382
      vertex -72.1141 -23.6436 -3.91382
      vertex -72.3564 -23.8859 -3.91382
    endloop
  endfacet
  facet normal 0 0 -1
    outer loop
      vertex -71.905 -23 -3.91382
      vertex -72.4718 0.896555 -3.91382
      vertex -72.1615 1.16152 -3.91382
    endloop
  endfacet
  facet normal 0 0 -1
    outer loop
      vertex -73 -24.095 -3.91382
      vertex -72.3564 -23.8859 -3.91382
      vertex -72.6616 -24.0414 -3.91382
    endloop
  endfacet
  facet normal 0 0 -1
    outer loop
      vertex -71.905 -23 -3.91382
      vertex -72.8196 0.683383 -3.91382
      vertex -72.4718 0.896555 -3.91382
    endloop
  endfacet
  facet normal 0 0 -1
    outer loop
      vertex -92.095 -23 -3.91382
      vertex -71.905 -23 -3.91382
      vertex -73 -24.095 -3.91382
    endloop
  endfacet
  facet normal 0 0 -1
    outer loop
      vertex -71.905 -23 -3.91382
      vertex -73.1966 0.527252 -3.91382
      vertex -72.8196 0.683383 -3.91382
    endloop
  endfacet
  facet normal 0 0 -1
    outer loop
      vertex -71.905 -23 -3.91382
      vertex -73.5933 0.43201 -3.91382
      vertex -73.1966 0.527252 -3.91382
    endloop
  endfacet
  facet normal 0 0 -1
    outer loop
      vertex -71.905 -23 -3.91382
      vertex -74 0.4 -3.91382
      vertex -73.5933 0.43201 -3.91382
    endloop
  endfacet
  facet normal 0 0 -1
    outer loop
      vertex -71.905 -23 -3.91382
      vertex -74.4067 0.43201 -3.91382
      vertex -74 0.4 -3.91382
    endloop
  endfacet
  facet normal 0 0 -1
    outer loop
      vertex -71.905 -23 -3.91382
      vertex -74.8034 0.527252 -3.91382
      vertex -74.4067 0.43201 -3.91382
    endloop
  endfacet
  facet normal 0 0 -1
    outer loop
      vertex -71.905 -23 -3.91382
      vertex -75.1804 0.683383 -3.91382
      vertex -74.8034 0.527252 -3.91382
    endloop
  endfacet
  facet normal 0 0 -1
    outer loop
      vertex -71.905 -23 -3.91382
      vertex -92.095 -23 -3.91382
      vertex -75.1804 0.683383 -3.91382
    endloop
  endfacet
  facet normal -0 0 -1
    outer loop
      vertex -75.1804 0.683383 -3.91382
      vertex -92.095 -23 -3.91382
      vertex -75.5282 0.896555 -3.91382
    endloop
  endfacet
  facet normal -0 0 -1
    outer loop
      vertex -75.5282 0.896555 -3.91382
      vertex -92.095 -23 -3.91382
      vertex -75.8385 1.16152 -3.91382
    endloop
  endfacet
  facet normal -0 0 -1
    outer loop
      vertex -75.8385 1.16152 -3.91382
      vertex -92.095 -23 -3.91382
      vertex -76.1034 1.47176 -3.91382
    endloop
  endfacet
  facet normal -0 0 -1
    outer loop
      vertex -76.1034 1.47176 -3.91382
      vertex -92.095 -23 -3.91382
      vertex -76.3166 1.81962 -3.91382
    endloop
  endfacet
  facet normal -0 0 -1
    outer loop
      vertex -76.3166 1.81962 -3.91382
      vertex -92.095 -23 -3.91382
      vertex -76.4727 2.19656 -3.91382
    endloop
  endfacet
  facet normal -0 0 -1
    outer loop
      vertex -76.4727 2.19656 -3.91382
      vertex -92.095 -23 -3.91382
      vertex -76.568 2.59327 -3.91382
    endloop
  endfacet
  facet normal 0 0 -1
    outer loop
      vertex -92.095 -23 -3.91382
      vertex -73 -24.095 -3.91382
      vertex -91 -24.095 -3.91382
    endloop
  endfacet
  facet normal 0 0 -1
    outer loop
      vertex -72.1615 4.83848 -3.91382
      vertex -71.905 21 -3.91382
      vertex -71.905 4.53808 -3.91382
    endloop
  endfacet
  facet normal 0 0 -1
    outer loop
      vertex -72.4718 5.10344 -3.91382
      vertex -71.905 21 -3.91382
      vertex -72.1615 4.83848 -3.91382
    endloop
  endfacet
  facet normal 0 0 -1
    outer loop
      vertex -72.8196 5.31662 -3.91382
      vertex -71.905 21 -3.91382
      vertex -72.4718 5.10344 -3.91382
    endloop
  endfacet
  facet normal 0 0 -1
    outer loop
      vertex -73.1966 5.47275 -3.91382
      vertex -71.905 21 -3.91382
      vertex -72.8196 5.31662 -3.91382
    endloop
  endfacet
  facet normal 0 0 -1
    outer loop
      vertex -73.5933 5.56799 -3.91382
      vertex -71.905 21 -3.91382
      vertex -73.1966 5.47275 -3.91382
    endloop
  endfacet
  facet normal 0 0 -1
    outer loop
      vertex -74 5.6 -3.91382
      vertex -71.905 21 -3.91382
      vertex -73.5933 5.56799 -3.91382
    endloop
  endfacet
  facet normal 0 0 -1
    outer loop
      vertex -74.4067 5.56799 -3.91382
      vertex -71.905 21 -3.91382
      vertex -74 5.6 -3.91382
    endloop
  endfacet
  facet normal 0 0 -1
    outer loop
      vertex -74.8034 5.47275 -3.91382
      vertex -71.905 21 -3.91382
      vertex -74.4067 5.56799 -3.91382
    endloop
  endfacet
  facet normal 0 0 -1
    outer loop
      vertex -75.1804 5.31662 -3.91382
      vertex -71.905 21 -3.91382
      vertex -74.8034 5.47275 -3.91382
    endloop
  endfacet
  facet normal 0 0 -1
    outer loop
      vertex -71.9586 21.3384 -3.91382
      vertex -73 22.095 -3.91382
      vertex -72.1141 21.6436 -3.91382
    endloop
  endfacet
  facet normal 0 0 -1
    outer loop
      vertex -72.3564 21.8859 -3.91382
      vertex -73 22.095 -3.91382
      vertex -72.6616 22.0414 -3.91382
    endloop
  endfacet
  facet normal 0 0 -1
    outer loop
      vertex -72.1141 21.6436 -3.91382
      vertex -73 22.095 -3.91382
      vertex -72.3564 21.8859 -3.91382
    endloop
  endfacet
  facet normal 0 0 -1
    outer loop
      vertex -71.905 21 -3.91382
      vertex -73 22.095 -3.91382
      vertex -71.9586 21.3384 -3.91382
    endloop
  endfacet
  facet normal -0 0 -1
    outer loop
      vertex -71.905 21 -3.91382
      vertex -75.1804 5.31662 -3.91382
      vertex -73 22.095 -3.91382
    endloop
  endfacet
  facet normal 0 0 -1
    outer loop
      vertex -75.5282 5.10344 -3.91382
      vertex -73 22.095 -3.91382
      vertex -75.1804 5.31662 -3.91382
    endloop
  endfacet
  facet normal 0 0 -1
    outer loop
      vertex -91 22.095 -3.91382
      vertex -75.5282 5.10344 -3.91382
      vertex -75.8385 4.83848 -3.91382
    endloop
  endfacet
  facet normal 0 0 -1
    outer loop
      vertex -92.095 21 -3.91382
      vertex -75.8385 4.83848 -3.91382
      vertex -76.1034 4.52824 -3.91382
    endloop
  endfacet
  facet normal 0 0 -1
    outer loop
      vertex -92.095 21 -3.91382
      vertex -76.1034 4.52824 -3.91382
      vertex -76.3166 4.18038 -3.91382
    endloop
  endfacet
  facet normal 0 0 -1
    outer loop
      vertex -92.095 21 -3.91382
      vertex -76.3166 4.18038 -3.91382
      vertex -76.4727 3.80344 -3.91382
    endloop
  endfacet
  facet normal 0 0 -1
    outer loop
      vertex -92.095 21 -3.91382
      vertex -76.4727 3.80344 -3.91382
      vertex -76.568 3.40673 -3.91382
    endloop
  endfacet
  facet normal 0 0 -1
    outer loop
      vertex -92.095 21 -3.91382
      vertex -76.568 2.59327 -3.91382
      vertex -92.095 -23 -3.91382
    endloop
  endfacet
  facet normal 0 0 -1
    outer loop
      vertex -76.568 2.59327 -3.91382
      vertex -92.095 21 -3.91382
      vertex -76.6 3 -3.91382
    endloop
  endfacet
  facet normal 0 0 -1
    outer loop
      vertex -76.6 3 -3.91382
      vertex -92.095 21 -3.91382
      vertex -76.568 3.40673 -3.91382
    endloop
  endfacet
  facet normal 0 0 -1
    outer loop
      vertex -92.095 -23 -3.91382
      vertex -91 -24.095 -3.91382
      vertex -91.3384 -24.0414 -3.91382
    endloop
  endfacet
  facet normal 0 0 -1
    outer loop
      vertex -75.8385 4.83848 -3.91382
      vertex -92.095 21 -3.91382
      vertex -91 22.095 -3.91382
    endloop
  endfacet
  facet normal 0 0 -1
    outer loop
      vertex -92.095 -23 -3.91382
      vertex -91.3384 -24.0414 -3.91382
      vertex -91.6436 -23.8859 -3.91382
    endloop
  endfacet
  facet normal 0 0 -1
    outer loop
      vertex -75.5282 5.10344 -3.91382
      vertex -91 22.095 -3.91382
      vertex -73 22.095 -3.91382
    endloop
  endfacet
  facet normal 0 0 -1
    outer loop
      vertex -92.095 -23 -3.91382
      vertex -91.6436 -23.8859 -3.91382
      vertex -91.8859 -23.6436 -3.91382
    endloop
  endfacet
  facet normal 0 0 -1
    outer loop
      vertex -91 22.095 -3.91382
      vertex -92.095 21 -3.91382
      vertex -91.3384 22.0414 -3.91382
    endloop
  endfacet
  facet normal 0 0 -1
    outer loop
      vertex -92.095 -23 -3.91382
      vertex -91.8859 -23.6436 -3.91382
      vertex -92.0414 -23.3384 -3.91382
    endloop
  endfacet
  facet normal 0 0 -1
    outer loop
      vertex -91.3384 22.0414 -3.91382
      vertex -92.095 21 -3.91382
      vertex -91.6436 21.8859 -3.91382
    endloop
  endfacet
  facet normal 0 0 -1
    outer loop
      vertex -91.6436 21.8859 -3.91382
      vertex -92.095 21 -3.91382
      vertex -91.8859 21.6436 -3.91382
    endloop
  endfacet
  facet normal 0 0 -1
    outer loop
      vertex -91.8859 21.6436 -3.91382
      vertex -92.095 21 -3.91382
      vertex -92.0414 21.3384 -3.91382
    endloop
  endfacet
  facet normal -0.527948 0.269034 -0.805538
    outer loop
      vertex -94.0224 21.982 -3.23705
      vertex -95.1181 22.3381 -2.4
      vertex -94.6609 23.2353 -2.4
    endloop
  endfacet
  facet normal 0.723876 -0.368874 -0.58304
    outer loop
      vertex -67.0682 -24.9274 -0.177933
      vertex -67.6 -25.971 -0.177933
      vertex -67.6 -25.1983 -0.6668
    endloop
  endfacet
  facet normal 1 0 0
    outer loop
      vertex -66.0862 21 32.095
      vertex -66.0862 6.2 22.2
      vertex -66.0862 21 1.90496
    endloop
  endfacet
  facet normal 1 0 0
    outer loop
      vertex -66.0862 21 32.095
      vertex -66.0862 -0.2 22.2
      vertex -66.0862 6.2 22.2
    endloop
  endfacet
  facet normal 1 0 0
    outer loop
      vertex -66.0862 -23 1.90496
      vertex -66.0862 -0.2 22.2
      vertex -66.0862 -23 32.095
    endloop
  endfacet
  facet normal 1 -0 0
    outer loop
      vertex -66.0862 -23 32.095
      vertex -66.0862 -0.2 22.2
      vertex -66.0862 21 32.095
    endloop
  endfacet
  facet normal 1 -0 0
    outer loop
      vertex -66.0862 6.2 5.8
      vertex -66.0862 21 1.90496
      vertex -66.0862 6.2 22.2
    endloop
  endfacet
  facet normal 1 -0 0
    outer loop
      vertex -66.0862 -0.2 5.8
      vertex -66.0862 21 1.90496
      vertex -66.0862 6.2 5.8
    endloop
  endfacet
  facet normal 1 0 0
    outer loop
      vertex -66.0862 -0.2 5.8
      vertex -66.0862 -23 1.90496
      vertex -66.0862 21 1.90496
    endloop
  endfacet
  facet normal 1 0 0
    outer loop
      vertex -66.0862 -0.2 22.2
      vertex -66.0862 -23 1.90496
      vertex -66.0862 -0.2 5.8
    endloop
  endfacet
  facet normal -0.141871 0.27843 -0.949921
    outer loop
      vertex -91.3384 22.0414 -3.91382
      vertex -92.8679 23.571 -3.23705
      vertex -91.982 24.0224 -3.23705
    endloop
  endfacet
  facet normal 0.802445 0.1271 -0.583033
    outer loop
      vertex -67.0682 22.9274 -0.177933
      vertex -67.6 21.8837 -1.13739
      vertex -67.6 22.7546 -0.947535
    endloop
  endfacet
  facet normal -0.368874 0.723876 -0.583039
    outer loop
      vertex -93.1983 26.4 -0.666801
      vertex -93.971 26.4 -0.177933
      vertex -92.9274 26.9318 -0.177933
    endloop
  endfacet
  facet normal 0.141871 0.27843 -0.949921
    outer loop
      vertex -71.1321 23.571 -3.23705
      vertex -72.6616 22.0414 -3.91382
      vertex -72.018 24.0224 -3.23705
    endloop
  endfacet
  facet normal 0.1271 -0.802446 -0.583032
    outer loop
      vertex -71.0726 -28.9318 -0.177933
      vertex -72.1163 -28.4 -1.13739
      vertex -71.2454 -28.4 -0.947536
    endloop
  endfacet
  facet normal 0.951053 -0 0.309027
    outer loop
      vertex -66.763 -23 34.1779
      vertex -66.0862 21 32.095
      vertex -66.763 21 34.1779
    endloop
  endfacet
  facet normal 0.951053 0 0.309027
    outer loop
      vertex -66.0862 21 32.095
      vertex -66.763 -23 34.1779
      vertex -66.0862 -23 32.095
    endloop
  endfacet
  facet normal 0.432278 0.8484 0.305539
    outer loop
      vertex -70.8635 27.5754 32.095
      vertex -69.0767 26.4 32.8308
      vertex -68.9362 26.5934 32.095
    endloop
  endfacet
  facet normal 0.432263 0.848396 0.305568
    outer loop
      vertex -69.0767 26.4 32.8308
      vertex -70.8635 27.5754 32.095
      vertex -69.6881 26.4 33.6957
    endloop
  endfacet
  facet normal 0.308656 -0.0488758 0.949917
    outer loop
      vertex -69.8221 -23 37.237
      vertex -71.9586 -23.3384 37.9138
      vertex -69.9776 -23.982 37.237
    endloop
  endfacet
  facet normal 0.368883 -0.723892 0.583014
    outer loop
      vertex -70.8017 -28.4 34.6668
      vertex -71.0726 -28.9318 34.1779
      vertex -70.029 -28.4 34.1779
    endloop
  endfacet
  facet normal 0.940448 -0.148918 0.305581
    outer loop
      vertex -66.763 -23 34.1779
      vertex -67.0682 -24.9274 34.1779
      vertex -66.0862 -23 32.095
    endloop
  endfacet
  facet normal -0.707107 0.707107 0
    outer loop
      vertex -95.2572 26.4 3.6
      vertex -95.0638 26.5934 1.90496
      vertex -95.2572 26.4 1.90496
    endloop
  endfacet
  facet normal -0.707107 0.707107 0
    outer loop
      vertex -95.0638 26.5934 1.90496
      vertex -95.2572 26.4 3.6
      vertex -95.0638 26.5934 32.095
    endloop
  endfacet
  facet normal -0.707107 0.707107 0
    outer loop
      vertex -95.2572 26.4 30.4
      vertex -95.0638 26.5934 32.095
      vertex -95.2572 26.4 3.6
    endloop
  endfacet
  facet normal -0.707107 0.707107 0
    outer loop
      vertex -95.0638 26.5934 32.095
      vertex -95.2572 26.4 30.4
      vertex -95.2572 26.4 32.095
    endloop
  endfacet
  facet normal -0.432309 -0.848359 -0.305608
    outer loop
      vertex -92.9274 -28.9318 -0.177933
      vertex -94.3119 -28.4 0.3043
      vertex -93.971 -28.4 -0.177933
    endloop
  endfacet
  facet normal -0.432298 -0.848388 -0.305544
    outer loop
      vertex -94.3119 -28.4 0.3043
      vertex -92.9274 -28.9318 -0.177933
      vertex -93.1365 -29.5754 1.90496
    endloop
  endfacet
  facet normal 0.141871 -0.27843 -0.949921
    outer loop
      vertex -72.018 -26.0224 -3.23705
      vertex -72.6616 -24.0414 -3.91382
      vertex -71.1321 -25.571 -3.23705
    endloop
  endfacet
  facet normal 0.453987 0.891008 -0
    outer loop
      vertex -68.9362 26.5934 1.90496
      vertex -70.8635 27.5754 32.095
      vertex -68.9362 26.5934 32.095
    endloop
  endfacet
  facet normal 0.453987 0.891008 0
    outer loop
      vertex -70.8635 27.5754 32.095
      vertex -68.9362 26.5934 1.90496
      vertex -70.8635 27.5754 1.90496
    endloop
  endfacet
  facet normal 0.127071 0.802479 0.582993
    outer loop
      vertex -73 27.237 34.1779
      vertex -72.1163 26.4 35.1374
      vertex -71.0726 26.9318 34.1779
    endloop
  endfacet
  facet normal 0.127063 0.802476 0.582998
    outer loop
      vertex -72.1163 26.4 35.1374
      vertex -73 27.237 34.1779
      vertex -73 26.4 35.33
    endloop
  endfacet
  facet normal 0.848388 0.432298 -0.305544
    outer loop
      vertex -67.0682 22.9274 -0.177933
      vertex -67.6 24.3119 0.304301
      vertex -66.4246 23.1365 1.90496
    endloop
  endfacet
  facet normal 0.848359 0.432309 -0.305607
    outer loop
      vertex -67.6 24.3119 0.304301
      vertex -67.0682 22.9274 -0.177933
      vertex -67.6 23.971 -0.177933
    endloop
  endfacet
  facet normal 0.802445 -0.1271 -0.583033
    outer loop
      vertex -67.0682 -24.9274 -0.177933
      vertex -67.6 -24.7546 -0.947535
      vertex -67.6 -23.8837 -1.13739
    endloop
  endfacet
  facet normal -0.585258 -0.0926758 -0.805534
    outer loop
      vertex -95.2756 -23.3435 -2.4
      vertex -94.1779 -23 -3.23705
      vertex -94.0224 -23.982 -3.23705
    endloop
  endfacet
  facet normal -0.585255 -0.0926867 -0.805534
    outer loop
      vertex -94.1779 -23 -3.23705
      vertex -95.2756 -23.3435 -2.4
      vertex -95.33 -23 -2.4
    endloop
  endfacet
  facet normal 0.308644 -0.0488738 -0.949921
    outer loop
      vertex -69.9776 -23.982 -3.23705
      vertex -71.9586 -23.3384 -3.91382
      vertex -69.8221 -23 -3.23705
    endloop
  endfacet
  facet normal 0.673294 -0.673294 0.305535
    outer loop
      vertex -68.7428 -28.4 32.095
      vertex -69.0767 -28.4 32.8308
      vertex -68.9362 -28.5934 32.095
    endloop
  endfacet
  facet normal 0.673294 -0.673294 0.305535
    outer loop
      vertex -67.6 -26.9233 32.8308
      vertex -67.6 -27.2572 32.095
      vertex -67.4066 -27.0638 32.095
    endloop
  endfacet
  facet normal 0.308658 -0.048889 0.949916
    outer loop
      vertex -71.905 -23 37.9138
      vertex -71.9586 -23.3384 37.9138
      vertex -69.8221 -23 37.237
    endloop
  endfacet
  facet normal 0.802438 -0.127131 0.583036
    outer loop
      vertex -67.6 -23.8837 35.1374
      vertex -67.6 -24.7546 34.9475
      vertex -67.0682 -24.9274 34.1779
    endloop
  endfacet
  facet normal -0.707107 -0.707107 0
    outer loop
      vertex -95.0638 -28.5934 1.90496
      vertex -95.2572 -28.4 3.6
      vertex -95.2572 -28.4 1.90496
    endloop
  endfacet
  facet normal -0.707107 -0.707107 0
    outer loop
      vertex -95.2572 -28.4 3.6
      vertex -95.0638 -28.5934 1.90496
      vertex -95.2572 -28.4 30.4
    endloop
  endfacet
  facet normal -0.707107 -0.707107 -0
    outer loop
      vertex -95.0638 -28.5934 32.095
      vertex -95.2572 -28.4 30.4
      vertex -95.0638 -28.5934 1.90496
    endloop
  endfacet
  facet normal -0.707107 -0.707107 0
    outer loop
      vertex -95.2572 -28.4 30.4
      vertex -95.0638 -28.5934 32.095
      vertex -95.2572 -28.4 32.095
    endloop
  endfacet
  facet normal 0.148958 -0.940453 -0.305548
    outer loop
      vertex -70.8635 -29.5754 1.90496
      vertex -73 -29.9138 1.90496
      vertex -71.0726 -28.9318 -0.177933
    endloop
  endfacet
  facet normal 0.723892 -0.368883 0.583014
    outer loop
      vertex -67.6 -25.1983 34.6668
      vertex -67.6 -25.971 34.1779
      vertex -67.0682 -24.9274 34.1779
    endloop
  endfacet
  facet normal 0.141864 -0.278436 -0.94992
    outer loop
      vertex -71.1321 -25.571 -3.23705
      vertex -72.6616 -24.0414 -3.91382
      vertex -72.3564 -23.8859 -3.91382
    endloop
  endfacet
  facet normal 0 1 0
    outer loop
      vertex -73 27.9138 32.095
      vertex -86.7056 27.9138 31.9405
      vertex -86.8376 27.9138 32.095
    endloop
  endfacet
  facet normal 0 1 0
    outer loop
      vertex -73 27.9138 32.095
      vertex -86.5744 27.9138 31.7264
      vertex -86.7056 27.9138 31.9405
    endloop
  endfacet
  facet normal 0 1 0
    outer loop
      vertex -73 27.9138 32.095
      vertex -86.4783 27.9138 31.4944
      vertex -86.5744 27.9138 31.7264
    endloop
  endfacet
  facet normal 0 1 0
    outer loop
      vertex -73 27.9138 32.095
      vertex -86.4197 27.9138 31.2503
      vertex -86.4783 27.9138 31.4944
    endloop
  endfacet
  facet normal 0 1 0
    outer loop
      vertex -73 27.9138 32.095
      vertex -86.4 27.9138 31
      vertex -86.4197 27.9138 31.2503
    endloop
  endfacet
  facet normal 0 1 0
    outer loop
      vertex -73 27.9138 32.095
      vertex -86.4197 27.9138 30.7497
      vertex -86.4 27.9138 31
    endloop
  endfacet
  facet normal 0 1 0
    outer loop
      vertex -73 27.9138 32.095
      vertex -86.4783 27.9138 30.5056
      vertex -86.4197 27.9138 30.7497
    endloop
  endfacet
  facet normal 0 1 0
    outer loop
      vertex -73 27.9138 32.095
      vertex -86.5744 27.9138 30.2736
      vertex -86.4783 27.9138 30.5056
    endloop
  endfacet
  facet normal 0 1 0
    outer loop
      vertex -73 27.9138 32.095
      vertex -86.7056 27.9138 30.0595
      vertex -86.5744 27.9138 30.2736
    endloop
  endfacet
  facet normal 0 1 0
    outer loop
      vertex -73 27.9138 32.095
      vertex -86.8686 27.9138 29.8686
      vertex -86.7056 27.9138 30.0595
    endloop
  endfacet
  facet normal 0 1 0
    outer loop
      vertex -73 27.9138 32.095
      vertex -87.0595 27.9138 29.7056
      vertex -86.8686 27.9138 29.8686
    endloop
  endfacet
  facet normal 0 1 -0
    outer loop
      vertex -73 27.9138 1.90496
      vertex -87.0595 27.9138 29.7056
      vertex -73 27.9138 32.095
    endloop
  endfacet
  facet normal 0 1 0
    outer loop
      vertex -87.0595 27.9138 29.7056
      vertex -73 27.9138 1.90496
      vertex -87.2736 27.9138 29.5744
    endloop
  endfacet
  facet normal 0 1 0
    outer loop
      vertex -87.2736 27.9138 29.5744
      vertex -73 27.9138 1.90496
      vertex -87.5056 27.9138 29.4783
    endloop
  endfacet
  facet normal 0 1 0
    outer loop
      vertex -87.5056 27.9138 29.4783
      vertex -91 27.9138 1.90496
      vertex -87.7497 27.9138 29.4197
    endloop
  endfacet
  facet normal 0 1 0
    outer loop
      vertex -91 27.9138 1.90496
      vertex -87.5056 27.9138 29.4783
      vertex -73 27.9138 1.90496
    endloop
  endfacet
  facet normal 0 1 -0
    outer loop
      vertex -89.2944 27.9138 31.9405
      vertex -91 27.9138 32.095
      vertex -89.1624 27.9138 32.095
    endloop
  endfacet
  facet normal 0 1 -0
    outer loop
      vertex -89.4256 27.9138 31.7264
      vertex -91 27.9138 32.095
      vertex -89.2944 27.9138 31.9405
    endloop
  endfacet
  facet normal 0 1 -0
    outer loop
      vertex -89.5217 27.9138 31.4944
      vertex -91 27.9138 32.095
      vertex -89.4256 27.9138 31.7264
    endloop
  endfacet
  facet normal 0 1 -0
    outer loop
      vertex -89.5803 27.9138 31.2503
      vertex -91 27.9138 32.095
      vertex -89.5217 27.9138 31.4944
    endloop
  endfacet
  facet normal 0 1 -0
    outer loop
      vertex -89.6 27.9138 31
      vertex -91 27.9138 32.095
      vertex -89.5803 27.9138 31.2503
    endloop
  endfacet
  facet normal 0 1 0
    outer loop
      vertex -89.5803 27.9138 30.7497
      vertex -91 27.9138 32.095
      vertex -89.6 27.9138 31
    endloop
  endfacet
  facet normal 0 1 0
    outer loop
      vertex -89.5217 27.9138 30.5056
      vertex -91 27.9138 32.095
      vertex -89.5803 27.9138 30.7497
    endloop
  endfacet
  facet normal 0 1 0
    outer loop
      vertex -89.4256 27.9138 30.2736
      vertex -91 27.9138 32.095
      vertex -89.5217 27.9138 30.5056
    endloop
  endfacet
  facet normal 0 1 0
    outer loop
      vertex -89.2944 27.9138 30.0595
      vertex -91 27.9138 32.095
      vertex -89.4256 27.9138 30.2736
    endloop
  endfacet
  facet normal 0 1 0
    outer loop
      vertex -87.7497 27.9138 29.4197
      vertex -91 27.9138 1.90496
      vertex -88 27.9138 29.4
    endloop
  endfacet
  facet normal 0 1 0
    outer loop
      vertex -88 27.9138 29.4
      vertex -91 27.9138 1.90496
      vertex -88.2503 27.9138 29.4197
    endloop
  endfacet
  facet normal 0 1 0
    outer loop
      vertex -88.2503 27.9138 29.4197
      vertex -91 27.9138 1.90496
      vertex -88.4944 27.9138 29.4783
    endloop
  endfacet
  facet normal 0 1 0
    outer loop
      vertex -88.4944 27.9138 29.4783
      vertex -91 27.9138 1.90496
      vertex -88.7264 27.9138 29.5744
    endloop
  endfacet
  facet normal 0 1 0
    outer loop
      vertex -88.7264 27.9138 29.5744
      vertex -91 27.9138 1.90496
      vertex -88.9405 27.9138 29.7056
    endloop
  endfacet
  facet normal 0 1 0
    outer loop
      vertex -88.9405 27.9138 29.7056
      vertex -91 27.9138 1.90496
      vertex -89.1314 27.9138 29.8686
    endloop
  endfacet
  facet normal 0 1 0
    outer loop
      vertex -89.1314 27.9138 29.8686
      vertex -91 27.9138 1.90496
      vertex -89.2944 27.9138 30.0595
    endloop
  endfacet
  facet normal 0 1 0
    outer loop
      vertex -89.2944 27.9138 30.0595
      vertex -91 27.9138 1.90496
      vertex -91 27.9138 32.095
    endloop
  endfacet
  facet normal 0.891008 0.453987 0
    outer loop
      vertex -66.4246 23.1365 32.095
      vertex -67.4066 25.0638 1.90496
      vertex -67.4066 25.0638 32.095
    endloop
  endfacet
  facet normal 0.891008 0.453987 0
    outer loop
      vertex -67.4066 25.0638 1.90496
      vertex -66.4246 23.1365 32.095
      vertex -66.4246 23.1365 1.90496
    endloop
  endfacet
  facet normal 0 -0.809034 0.587762
    outer loop
      vertex -91 -29.237 34.1779
      vertex -88 -28.4 35.33
      vertex -91 -28.4 35.33
    endloop
  endfacet
  facet normal 0 -0.809034 0.587762
    outer loop
      vertex -86.5 -29.237 34.1779
      vertex -88 -28.4 35.33
      vertex -91 -29.237 34.1779
    endloop
  endfacet
  facet normal 0 -0.809034 0.587762
    outer loop
      vertex -88 -28.4 35.33
      vertex -86.5 -29.237 34.1779
      vertex -86.5 -28.4 35.33
    endloop
  endfacet
  facet normal 0 -0.809034 0.587762
    outer loop
      vertex -77.5 -29.237 34.1779
      vertex -73 -28.4 35.33
      vertex -77.5 -28.4 35.33
    endloop
  endfacet
  facet normal 0 -0.809034 0.587762
    outer loop
      vertex -73 -28.4 35.33
      vertex -77.5 -29.237 34.1779
      vertex -73 -29.237 34.1779
    endloop
  endfacet
  facet normal -0.673287 0.673287 -0.305565
    outer loop
      vertex -94.9233 26.4 1.16924
      vertex -95.2572 26.4 1.90496
      vertex -95.0638 26.5934 1.90496
    endloop
  endfacet
  facet normal -0.0488871 -0.308645 -0.94992
    outer loop
      vertex -91 -26.1779 -3.23705
      vertex -91.3384 -24.0414 -3.91382
      vertex -91 -24.095 -3.91382
    endloop
  endfacet
  facet normal 0.308645 -0.0488871 -0.94992
    outer loop
      vertex -69.8221 -23 -3.23705
      vertex -71.9586 -23.3384 -3.91382
      vertex -71.905 -23 -3.91382
    endloop
  endfacet
  facet normal 0.368874 -0.723876 -0.583039
    outer loop
      vertex -70.029 -28.4 -0.177933
      vertex -71.0726 -28.9318 -0.177933
      vertex -70.8017 -28.4 -0.666801
    endloop
  endfacet
  facet normal 0.15644 -0.987688 0
    outer loop
      vertex -73 -29.9138 1.90496
      vertex -70.8635 -29.5754 32.095
      vertex -73 -29.9138 32.095
    endloop
  endfacet
  facet normal 0.15644 -0.987688 0
    outer loop
      vertex -70.8635 -29.5754 32.095
      vertex -73 -29.9138 1.90496
      vertex -70.8635 -29.5754 1.90496
    endloop
  endfacet
  facet normal 0.309015 0 -0.951057
    outer loop
      vertex -71.905 -23 -3.91382
      vertex -69.8221 0.534966 -3.23705
      vertex -69.8221 -23 -3.23705
    endloop
  endfacet
  facet normal 0.30902 -4.92515e-07 -0.951056
    outer loop
      vertex -69.8221 0.534966 -3.23705
      vertex -71.905 -23 -3.91382
      vertex -70.1804 0.683383 -3.35347
    endloop
  endfacet
  facet normal 0.309014 0 -0.951058
    outer loop
      vertex -71.905 1.46192 -3.91382
      vertex -70.1804 0.683383 -3.35347
      vertex -71.905 -23 -3.91382
    endloop
  endfacet
  facet normal 0.308846 -0.000410526 -0.951112
    outer loop
      vertex -70.1804 0.683383 -3.35347
      vertex -71.905 1.46192 -3.91382
      vertex -70.5282 0.896555 -3.4665
    endloop
  endfacet
  facet normal 0.30904 0.000110266 -0.951049
    outer loop
      vertex -70.5282 0.896555 -3.4665
      vertex -71.905 1.46192 -3.91382
      vertex -70.8385 1.16152 -3.5673
    endloop
  endfacet
  facet normal 0.308988 9.21201e-05 -0.951066
    outer loop
      vertex -71.8966 1.47176 -3.91109
      vertex -71.1034 1.47176 -3.65339
      vertex -71.905 1.46192 -3.91382
    endloop
  endfacet
  facet normal 0.308992 -3.6643e-05 -0.951065
    outer loop
      vertex -71.3166 1.81962 -3.72265
      vertex -71.6834 1.81962 -3.84182
      vertex -71.4727 2.19656 -3.77338
    endloop
  endfacet
  facet normal 0.308535 -4.19e-05 -0.951213
    outer loop
      vertex -71.4727 2.19656 -3.77338
      vertex -71.5273 2.19656 -3.79109
      vertex -71.5 2.31007 -3.78224
    endloop
  endfacet
  facet normal 0.308535 0.000246204 -0.951213
    outer loop
      vertex -71.4727 2.19656 -3.77338
      vertex -71.6834 1.81962 -3.84182
      vertex -71.5273 2.19656 -3.79109
    endloop
  endfacet
  facet normal 0.308992 8.8849e-06 -0.951065
    outer loop
      vertex -71.3166 1.81962 -3.72265
      vertex -71.8966 1.47176 -3.91109
      vertex -71.6834 1.81962 -3.84182
    endloop
  endfacet
  facet normal 0.30899 -8.26455e-05 -0.951065
    outer loop
      vertex -70.8385 1.16152 -3.5673
      vertex -71.905 1.46192 -3.91382
      vertex -71.1034 1.47176 -3.65339
    endloop
  endfacet
  facet normal 0.308988 1.58831e-05 -0.951066
    outer loop
      vertex -71.1034 1.47176 -3.65339
      vertex -71.8966 1.47176 -3.91109
      vertex -71.3166 1.81962 -3.72265
    endloop
  endfacet
  facet normal 0.30902 7.32801e-07 -0.951056
    outer loop
      vertex -71.905 21 -3.91382
      vertex -69.8221 5.46503 -3.23705
      vertex -70.1804 5.31662 -3.35347
    endloop
  endfacet
  facet normal 0.308846 0.000410472 -0.951112
    outer loop
      vertex -71.905 4.53808 -3.91382
      vertex -70.1804 5.31662 -3.35347
      vertex -70.5282 5.10344 -3.4665
    endloop
  endfacet
  facet normal 0.30904 -0.000110269 -0.951049
    outer loop
      vertex -71.905 4.53808 -3.91382
      vertex -70.5282 5.10344 -3.4665
      vertex -70.8385 4.83848 -3.5673
    endloop
  endfacet
  facet normal 0.30899 8.26455e-05 -0.951065
    outer loop
      vertex -71.905 4.53808 -3.91382
      vertex -70.8385 4.83848 -3.5673
      vertex -71.1034 4.52824 -3.65339
    endloop
  endfacet
  facet normal 0.308988 -1.58831e-05 -0.951066
    outer loop
      vertex -71.8966 4.52824 -3.91109
      vertex -71.1034 4.52824 -3.65339
      vertex -71.3166 4.18038 -3.72265
    endloop
  endfacet
  facet normal 0.308992 3.6643e-05 -0.951065
    outer loop
      vertex -71.6834 4.18038 -3.84182
      vertex -71.3166 4.18038 -3.72265
      vertex -71.4727 3.80344 -3.77338
    endloop
  endfacet
  facet normal 0.308535 4.19e-05 -0.951213
    outer loop
      vertex -71.5273 3.80344 -3.79109
      vertex -71.4727 3.80344 -3.77338
      vertex -71.5 3.68993 -3.78224
    endloop
  endfacet
  facet normal 0.308535 -0.000246204 -0.951213
    outer loop
      vertex -71.6834 4.18038 -3.84182
      vertex -71.4727 3.80344 -3.77338
      vertex -71.5273 3.80344 -3.79109
    endloop
  endfacet
  facet normal 0.308992 -8.8849e-06 -0.951065
    outer loop
      vertex -71.8966 4.52824 -3.91109
      vertex -71.3166 4.18038 -3.72265
      vertex -71.6834 4.18038 -3.84182
    endloop
  endfacet
  facet normal 0.308988 -9.21201e-05 -0.951066
    outer loop
      vertex -71.1034 4.52824 -3.65339
      vertex -71.8966 4.52824 -3.91109
      vertex -71.905 4.53808 -3.91382
    endloop
  endfacet
  facet normal 0.309014 0 -0.951058
    outer loop
      vertex -70.1804 5.31662 -3.35347
      vertex -71.905 4.53808 -3.91382
      vertex -71.905 21 -3.91382
    endloop
  endfacet
  facet normal 0.309015 0 -0.951057
    outer loop
      vertex -69.8221 5.46503 -3.23705
      vertex -71.905 21 -3.91382
      vertex -69.8221 21 -3.23705
    endloop
  endfacet
  facet normal 0.368891 0.723876 -0.58303
    outer loop
      vertex -70.8017 26.4 -0.666801
      vertex -71.2454 26.4 -0.947536
      vertex -71.0726 26.9318 -0.177933
    endloop
  endfacet
  facet normal 0.148958 0.940453 0.305547
    outer loop
      vertex -70.8635 27.5754 32.095
      vertex -73 27.9138 32.095
      vertex -71.0726 26.9318 34.1779
    endloop
  endfacet
  facet normal 0.940453 0.148958 0.305547
    outer loop
      vertex -66.4246 23.1365 32.095
      vertex -67.0682 22.9274 34.1779
      vertex -66.0862 21 32.095
    endloop
  endfacet
  facet normal 0.940448 0.148918 0.305581
    outer loop
      vertex -66.0862 21 32.095
      vertex -67.0682 22.9274 34.1779
      vertex -66.763 21 34.1779
    endloop
  endfacet
  facet normal -0.453987 0.891008 0
    outer loop
      vertex -93.1365 27.5754 1.90496
      vertex -95.0638 26.5934 32.095
      vertex -93.1365 27.5754 32.095
    endloop
  endfacet
  facet normal -0.453987 0.891008 0
    outer loop
      vertex -95.0638 26.5934 32.095
      vertex -93.1365 27.5754 1.90496
      vertex -95.0638 26.5934 1.90496
    endloop
  endfacet
  facet normal 0.048889 -0.308658 0.949916
    outer loop
      vertex -73 -24.095 37.9138
      vertex -73 -26.1779 37.237
      vertex -72.6616 -24.0414 37.9138
    endloop
  endfacet
  facet normal 0.432306 -0.848354 0.305627
    outer loop
      vertex -71.0726 -28.9318 34.1779
      vertex -69.6881 -28.4 33.6957
      vertex -70.029 -28.4 34.1779
    endloop
  endfacet
  facet normal 0.432291 -0.848391 0.305544
    outer loop
      vertex -69.6881 -28.4 33.6957
      vertex -71.0726 -28.9318 34.1779
      vertex -70.8635 -29.5754 32.095
    endloop
  endfacet
  facet normal -0.278448 0.14187 0.949916
    outer loop
      vertex -91.8859 21.6436 37.9138
      vertex -93.571 22.8679 37.237
      vertex -92.0414 21.3384 37.9138
    endloop
  endfacet
  facet normal -0.585235 0.0926722 0.80555
    outer loop
      vertex -95.2756 21.3435 36.4
      vertex -94.1779 21 37.237
      vertex -94.0224 21.982 37.237
    endloop
  endfacet
  facet normal -0.585233 0.0926831 0.805551
    outer loop
      vertex -94.1779 21 37.237
      vertex -95.2756 21.3435 36.4
      vertex -95.33 21 36.4
    endloop
  endfacet
  facet normal 0.127069 -0.802466 -0.58301
    outer loop
      vertex -73 -29.237 -0.177933
      vertex -72.1163 -28.4 -1.13739
      vertex -71.0726 -28.9318 -0.177933
    endloop
  endfacet
  facet normal 0.127089 -0.802473 -0.582997
    outer loop
      vertex -72.1163 -28.4 -1.13739
      vertex -73 -29.237 -0.177933
      vertex -73 -28.4 -1.33003
    endloop
  endfacet
  facet normal -0.148918 -0.940448 -0.305582
    outer loop
      vertex -91 -29.9138 1.90496
      vertex -92.9274 -28.9318 -0.177933
      vertex -91 -29.237 -0.177933
    endloop
  endfacet
  facet normal 0.432298 -0.848388 -0.305544
    outer loop
      vertex -71.0726 -28.9318 -0.177933
      vertex -69.6881 -28.4 0.3043
      vertex -70.8635 -29.5754 1.90496
    endloop
  endfacet
  facet normal 0.432309 -0.848359 -0.305608
    outer loop
      vertex -69.6881 -28.4 0.3043
      vertex -71.0726 -28.9318 -0.177933
      vertex -70.029 -28.4 -0.177933
    endloop
  endfacet
  facet normal 0.585233 -0.0926831 0.805551
    outer loop
      vertex -69.8221 -23 37.237
      vertex -68.7244 -23.3435 36.4
      vertex -68.67 -23 36.4
    endloop
  endfacet
  facet normal 0.585235 -0.0926722 0.80555
    outer loop
      vertex -68.7244 -23.3435 36.4
      vertex -69.8221 -23 37.237
      vertex -69.9776 -23.982 37.237
    endloop
  endfacet
  facet normal 0 -1 0
    outer loop
      vertex -91 -29.9138 32.095
      vertex -86.5 -29.9138 30
      vertex -86.5 -29.9138 32.095
    endloop
  endfacet
  facet normal 0 -1 0
    outer loop
      vertex -86.5 -29.9138 30
      vertex -86.5 -29.9138 4
      vertex -77.5 -29.9138 30
    endloop
  endfacet
  facet normal 0 -1 0
    outer loop
      vertex -91 -29.9138 32.095
      vertex -86.5 -29.9138 4
      vertex -86.5 -29.9138 30
    endloop
  endfacet
  facet normal 0 -1 0
    outer loop
      vertex -91 -29.9138 1.90496
      vertex -86.5 -29.9138 4
      vertex -91 -29.9138 32.095
    endloop
  endfacet
  facet normal 0 -1 -0
    outer loop
      vertex -86.5 -29.9138 4
      vertex -91 -29.9138 1.90496
      vertex -86.5 -29.9138 1.90496
    endloop
  endfacet
  facet normal 0 -1 0
    outer loop
      vertex -77.5 -29.9138 30
      vertex -73 -29.9138 32.095
      vertex -77.5 -29.9138 32.095
    endloop
  endfacet
  facet normal 0 -1 0
    outer loop
      vertex -77.5 -29.9138 4
      vertex -77.5 -29.9138 30
      vertex -86.5 -29.9138 4
    endloop
  endfacet
  facet normal 0 -1 0
    outer loop
      vertex -77.5 -29.9138 30
      vertex -77.5 -29.9138 4
      vertex -73 -29.9138 32.095
    endloop
  endfacet
  facet normal 0 -1 0
    outer loop
      vertex -73 -29.9138 1.90496
      vertex -77.5 -29.9138 4
      vertex -77.5 -29.9138 1.90496
    endloop
  endfacet
  facet normal 0 -1 0
    outer loop
      vertex -77.5 -29.9138 4
      vertex -73 -29.9138 1.90496
      vertex -73 -29.9138 32.095
    endloop
  endfacet
  facet normal -0.673287 -0.673287 -0.305565
    outer loop
      vertex -95.0638 -28.5934 1.90496
      vertex -95.2572 -28.4 1.90496
      vertex -94.9233 -28.4 1.16924
    endloop
  endfacet
  facet normal 0.0926787 -0.585259 -0.805533
    outer loop
      vertex -71.6619 -27.1181 -2.4
      vertex -72.6565 -27.2756 -2.4
      vertex -72.018 -26.0224 -3.23705
    endloop
  endfacet
  facet normal 0.368891 -0.723876 -0.58303
    outer loop
      vertex -71.0726 -28.9318 -0.177933
      vertex -71.2454 -28.4 -0.947536
      vertex -70.8017 -28.4 -0.666801
    endloop
  endfacet
  facet normal -0.308656 0.0488758 0.949917
    outer loop
      vertex -94.0224 21.982 37.237
      vertex -94.1779 21 37.237
      vertex -92.0414 21.3384 37.9138
    endloop
  endfacet
  facet normal -0.0926831 -0.585233 0.805551
    outer loop
      vertex -91 -26.1779 37.237
      vertex -91.3435 -27.2756 36.4
      vertex -91 -27.33 36.4
    endloop
  endfacet
  facet normal -0.0926722 -0.585235 0.80555
    outer loop
      vertex -91.3435 -27.2756 36.4
      vertex -91 -26.1779 37.237
      vertex -91.982 -26.0224 37.237
    endloop
  endfacet
  facet normal 0 0.309015 -0.951057
    outer loop
      vertex -91 22.095 -3.91382
      vertex -73 24.1779 -3.23705
      vertex -73 22.095 -3.91382
    endloop
  endfacet
  facet normal 0 0.309015 -0.951057
    outer loop
      vertex -73 24.1779 -3.23705
      vertex -91 22.095 -3.91382
      vertex -91 24.1779 -3.23705
    endloop
  endfacet
  facet normal 0.0488871 -0.308645 -0.94992
    outer loop
      vertex -72.6616 -24.0414 -3.91382
      vertex -73 -26.1779 -3.23705
      vertex -73 -24.095 -3.91382
    endloop
  endfacet
  facet normal -0.0926787 0.585259 -0.805533
    outer loop
      vertex -91.982 24.0224 -3.23705
      vertex -92.3381 25.1181 -2.4
      vertex -91.3435 25.2756 -2.4
    endloop
  endfacet
  facet normal 0.141864 0.278436 -0.94992
    outer loop
      vertex -72.3564 21.8859 -3.91382
      vertex -72.6616 22.0414 -3.91382
      vertex -71.1321 23.571 -3.23705
    endloop
  endfacet
  facet normal -0.527967 0.26902 -0.80553
    outer loop
      vertex -94.6609 23.2353 -2.4
      vertex -93.571 22.8679 -3.23705
      vertex -94.0224 21.982 -3.23705
    endloop
  endfacet
  facet normal -0.527998 0.268942 -0.805536
    outer loop
      vertex -93.571 22.8679 -3.23705
      vertex -94.6609 23.2353 -2.4
      vertex -94.5031 23.5451 -2.4
    endloop
  endfacet
  facet normal -0.432273 0.848391 -0.305569
    outer loop
      vertex -93.1365 27.5754 1.90496
      vertex -94.9233 26.4 1.16924
      vertex -95.0638 26.5934 1.90496
    endloop
  endfacet
  facet normal -0.432276 0.848392 -0.305563
    outer loop
      vertex -94.9233 26.4 1.16924
      vertex -93.1365 27.5754 1.90496
      vertex -94.3119 26.4 0.3043
    endloop
  endfacet
  facet normal -0.148918 0.940448 0.305581
    outer loop
      vertex -91 27.9138 32.095
      vertex -92.9274 26.9318 34.1779
      vertex -91 27.237 34.1779
    endloop
  endfacet
  facet normal 0.673294 0.673294 0.305535
    outer loop
      vertex -67.6 25.2572 32.095
      vertex -67.6 24.9233 32.8308
      vertex -67.4066 25.0638 32.095
    endloop
  endfacet
  facet normal 0.673294 0.673294 0.305535
    outer loop
      vertex -68.9362 26.5934 32.095
      vertex -69.0767 26.4 32.8308
      vertex -68.7428 26.4 32.095
    endloop
  endfacet
  facet normal 0 -0.587785 -0.809017
    outer loop
      vertex -88 -27.33 -2.4
      vertex -73 -26.1779 -3.23705
      vertex -73 -27.33 -2.4
    endloop
  endfacet
  facet normal 0 -0.587785 -0.809017
    outer loop
      vertex -91 -26.1779 -3.23705
      vertex -88 -27.33 -2.4
      vertex -91 -27.33 -2.4
    endloop
  endfacet
  facet normal 0 -0.587785 -0.809017
    outer loop
      vertex -88 -27.33 -2.4
      vertex -91 -26.1779 -3.23705
      vertex -73 -26.1779 -3.23705
    endloop
  endfacet
  facet normal 0.848392 -0.432276 -0.305563
    outer loop
      vertex -66.4246 -25.1365 1.90496
      vertex -67.6 -26.9233 1.16924
      vertex -67.6 -26.3119 0.304301
    endloop
  endfacet
  facet normal 0.848391 -0.432273 -0.305569
    outer loop
      vertex -67.6 -26.9233 1.16924
      vertex -66.4246 -25.1365 1.90496
      vertex -67.4066 -27.0638 1.90496
    endloop
  endfacet
  facet normal 0.27843 -0.141871 -0.949921
    outer loop
      vertex -70.429 -24.8679 -3.23705
      vertex -71.9586 -23.3384 -3.91382
      vertex -69.9776 -23.982 -3.23705
    endloop
  endfacet
  facet normal 0.585259 -0.0926787 -0.805533
    outer loop
      vertex -68.8819 -24.3381 -2.4
      vertex -69.9776 -23.982 -3.23705
      vertex -68.7244 -23.3435 -2.4
    endloop
  endfacet
  facet normal -0.141871 -0.27843 -0.949921
    outer loop
      vertex -91.982 -26.0224 -3.23705
      vertex -92.8679 -25.571 -3.23705
      vertex -91.3384 -24.0414 -3.91382
    endloop
  endfacet
  facet normal 0.268942 0.527998 -0.805536
    outer loop
      vertex -71.1321 23.571 -3.23705
      vertex -70.7647 24.6609 -2.4
      vertex -70.4549 24.5031 -2.4
    endloop
  endfacet
  facet normal 0.26902 0.527967 -0.80553
    outer loop
      vertex -70.7647 24.6609 -2.4
      vertex -71.1321 23.571 -3.23705
      vertex -72.018 24.0224 -3.23705
    endloop
  endfacet
  facet normal 0.940453 0.148958 -0.305548
    outer loop
      vertex -66.0862 21 1.90496
      vertex -67.0682 22.9274 -0.177933
      vertex -66.4246 23.1365 1.90496
    endloop
  endfacet
  facet normal 0.809033 0 -0.587763
    outer loop
      vertex -66.763 -23 -0.177933
      vertex -67.6 21 -1.33003
      vertex -66.763 21 -0.177933
    endloop
  endfacet
  facet normal 0.809033 0 -0.587763
    outer loop
      vertex -67.6 21 -1.33003
      vertex -66.763 -23 -0.177933
      vertex -67.6 -23 -1.33003
    endloop
  endfacet
  facet normal 0.802466 0.127069 -0.58301
    outer loop
      vertex -66.763 21 -0.177933
      vertex -67.6 21.8837 -1.13739
      vertex -67.0682 22.9274 -0.177933
    endloop
  endfacet
  facet normal 0.802473 0.127089 -0.582997
    outer loop
      vertex -67.6 21.8837 -1.13739
      vertex -66.763 21 -0.177933
      vertex -67.6 21 -1.33003
    endloop
  endfacet
  facet normal 0.585259 0.0926787 -0.805533
    outer loop
      vertex -68.7244 21.3435 -2.4
      vertex -69.9776 21.982 -3.23705
      vertex -68.8819 22.3381 -2.4
    endloop
  endfacet
  facet normal 0.723876 0.368874 -0.58304
    outer loop
      vertex -67.0682 22.9274 -0.177933
      vertex -67.6 23.1983 -0.6668
      vertex -67.6 23.971 -0.177933
    endloop
  endfacet
  facet normal 0.432306 0.848354 0.305627
    outer loop
      vertex -69.6881 26.4 33.6957
      vertex -71.0726 26.9318 34.1779
      vertex -70.029 26.4 34.1779
    endloop
  endfacet
  facet normal 0.432291 0.848391 0.305544
    outer loop
      vertex -71.0726 26.9318 34.1779
      vertex -69.6881 26.4 33.6957
      vertex -70.8635 27.5754 32.095
    endloop
  endfacet
  facet normal 0.673287 0.673287 -0.305565
    outer loop
      vertex -68.7428 26.4 1.90496
      vertex -69.0767 26.4 1.16924
      vertex -68.9362 26.5934 1.90496
    endloop
  endfacet
  facet normal 0.673287 0.673287 -0.305565
    outer loop
      vertex -67.4066 25.0638 1.90496
      vertex -67.6 24.9233 1.16924
      vertex -67.6 25.2572 1.90496
    endloop
  endfacet
  facet normal 0.0926751 0.585236 0.805549
    outer loop
      vertex -71.6619 25.1181 36.4
      vertex -72.6565 25.2756 36.4
      vertex -72.018 24.0224 37.237
    endloop
  endfacet
  facet normal 0.127131 -0.802438 0.583036
    outer loop
      vertex -71.2454 -28.4 34.9475
      vertex -72.1163 -28.4 35.1374
      vertex -71.0726 -28.9318 34.1779
    endloop
  endfacet
  facet normal 0.527927 -0.269024 0.805555
    outer loop
      vertex -68.8819 -24.3381 36.4
      vertex -69.9776 -23.982 37.237
      vertex -69.3391 -25.2353 36.4
    endloop
  endfacet
  facet normal 0.418972 0.418972 0.805558
    outer loop
      vertex -70.4549 24.5031 36.4
      vertex -70.429 22.8679 37.237
      vertex -69.4969 23.5451 36.4
    endloop
  endfacet
  facet normal 0.418972 0.418972 0.805558
    outer loop
      vertex -70.429 22.8679 37.237
      vertex -70.4549 24.5031 36.4
      vertex -71.1321 23.571 37.237
    endloop
  endfacet
  facet normal 0.802476 0.127063 0.582998
    outer loop
      vertex -66.763 21 34.1779
      vertex -67.6 21.8837 35.1374
      vertex -67.6 21 35.33
    endloop
  endfacet
  facet normal 0.802479 0.127071 0.582993
    outer loop
      vertex -67.6 21.8837 35.1374
      vertex -66.763 21 34.1779
      vertex -67.0682 22.9274 34.1779
    endloop
  endfacet
  facet normal -0 0.587762 0.809034
    outer loop
      vertex -88 25.33 36.4
      vertex -73 24.1779 37.237
      vertex -73 25.33 36.4
    endloop
  endfacet
  facet normal 0 0.587762 0.809034
    outer loop
      vertex -91 24.1779 37.237
      vertex -88 25.33 36.4
      vertex -91 25.33 36.4
    endloop
  endfacet
  facet normal 0 0.587762 0.809034
    outer loop
      vertex -88 25.33 36.4
      vertex -91 24.1779 37.237
      vertex -73 24.1779 37.237
    endloop
  endfacet
  facet normal 0.527927 0.269024 0.805555
    outer loop
      vertex -69.3391 23.2353 36.4
      vertex -69.9776 21.982 37.237
      vertex -68.8819 22.3381 36.4
    endloop
  endfacet
  facet normal -0.432273 -0.848391 -0.305569
    outer loop
      vertex -94.9233 -28.4 1.16924
      vertex -93.1365 -29.5754 1.90496
      vertex -95.0638 -28.5934 1.90496
    endloop
  endfacet
  facet normal -0.432276 -0.848392 -0.305563
    outer loop
      vertex -93.1365 -29.5754 1.90496
      vertex -94.9233 -28.4 1.16924
      vertex -94.3119 -28.4 0.3043
    endloop
  endfacet
  facet normal -0.148958 -0.940453 -0.305548
    outer loop
      vertex -91 -29.9138 1.90496
      vertex -93.1365 -29.5754 1.90496
      vertex -92.9274 -28.9318 -0.177933
    endloop
  endfacet
  facet normal -0.432278 -0.8484 0.305539
    outer loop
      vertex -93.1365 -29.5754 32.095
      vertex -94.9233 -28.4 32.8308
      vertex -95.0638 -28.5934 32.095
    endloop
  endfacet
  facet normal -0.432263 -0.848396 0.305568
    outer loop
      vertex -94.9233 -28.4 32.8308
      vertex -93.1365 -29.5754 32.095
      vertex -94.3119 -28.4 33.6957
    endloop
  endfacet
  facet normal -0.453987 -0.891008 0
    outer loop
      vertex -95.0638 -28.5934 1.90496
      vertex -93.1365 -29.5754 32.095
      vertex -95.0638 -28.5934 32.095
    endloop
  endfacet
  facet normal -0.453987 -0.891008 -0
    outer loop
      vertex -93.1365 -29.5754 32.095
      vertex -95.0638 -28.5934 1.90496
      vertex -93.1365 -29.5754 1.90496
    endloop
  endfacet
  facet normal -0.368883 -0.723892 0.583014
    outer loop
      vertex -93.1983 -28.4 34.6668
      vertex -93.971 -28.4 34.1779
      vertex -92.9274 -28.9318 34.1779
    endloop
  endfacet
  facet normal -0.432306 -0.848354 0.305627
    outer loop
      vertex -94.3119 -28.4 33.6957
      vertex -92.9274 -28.9318 34.1779
      vertex -93.971 -28.4 34.1779
    endloop
  endfacet
  facet normal -0.432291 -0.848391 0.305544
    outer loop
      vertex -92.9274 -28.9318 34.1779
      vertex -94.3119 -28.4 33.6957
      vertex -93.1365 -29.5754 32.095
    endloop
  endfacet
  facet normal 0.707107 -0.707107 0
    outer loop
      vertex -67.6 -27.2572 32.095
      vertex -67.4066 -27.0638 1.90496
      vertex -67.4066 -27.0638 32.095
    endloop
  endfacet
  facet normal 0.707107 -0.707107 0
    outer loop
      vertex -67.4066 -27.0638 1.90496
      vertex -67.6 -27.2572 32.095
      vertex -67.6 -27.2572 1.90496
    endloop
  endfacet
  facet normal 0.707107 -0.707107 0
    outer loop
      vertex -68.9362 -28.5934 32.095
      vertex -68.7428 -28.4 1.90496
      vertex -68.7428 -28.4 32.095
    endloop
  endfacet
  facet normal 0.707107 -0.707107 0
    outer loop
      vertex -68.7428 -28.4 1.90496
      vertex -68.9362 -28.5934 32.095
      vertex -68.9362 -28.5934 1.90496
    endloop
  endfacet
  facet normal 0.987688 -0.15644 0
    outer loop
      vertex -66.4246 -25.1365 32.095
      vertex -66.0862 -23 1.90496
      vertex -66.0862 -23 32.095
    endloop
  endfacet
  facet normal 0.987688 -0.15644 0
    outer loop
      vertex -66.0862 -23 1.90496
      vertex -66.4246 -25.1365 32.095
      vertex -66.4246 -25.1365 1.90496
    endloop
  endfacet
  facet normal 0.148918 -0.940448 -0.305582
    outer loop
      vertex -71.0726 -28.9318 -0.177933
      vertex -73 -29.9138 1.90496
      vertex -73 -29.237 -0.177933
    endloop
  endfacet
  facet normal 0 -0.951053 -0.309028
    outer loop
      vertex -91 -29.237 -0.177933
      vertex -86.5 -29.9138 1.90496
      vertex -91 -29.9138 1.90496
    endloop
  endfacet
  facet normal 0 -0.951053 -0.309028
    outer loop
      vertex -86.5 -29.9138 1.90496
      vertex -91 -29.237 -0.177933
      vertex -86.5 -29.237 -0.177933
    endloop
  endfacet
  facet normal 0 -0.951053 -0.309028
    outer loop
      vertex -77.5 -29.237 -0.177933
      vertex -73 -29.9138 1.90496
      vertex -77.5 -29.9138 1.90496
    endloop
  endfacet
  facet normal 0 -0.951053 -0.309028
    outer loop
      vertex -73 -29.9138 1.90496
      vertex -77.5 -29.237 -0.177933
      vertex -73 -29.237 -0.177933
    endloop
  endfacet
  facet normal -0.308658 0.048889 0.949916
    outer loop
      vertex -92.0414 21.3384 37.9138
      vertex -94.1779 21 37.237
      vertex -92.095 21 37.9138
    endloop
  endfacet
  facet normal -0.527978 0.268931 0.805553
    outer loop
      vertex -94.6609 23.2353 36.4
      vertex -93.571 22.8679 37.237
      vertex -94.5031 23.5451 36.4
    endloop
  endfacet
  facet normal -0.527947 0.269009 0.805547
    outer loop
      vertex -93.571 22.8679 37.237
      vertex -94.6609 23.2353 36.4
      vertex -94.0224 21.982 37.237
    endloop
  endfacet
  facet normal -0.587762 0 0.809034
    outer loop
      vertex -95.33 20.4 36.4
      vertex -94.1779 21 37.237
      vertex -95.33 21 36.4
    endloop
  endfacet
  facet normal -0.587762 0 0.809034
    outer loop
      vertex -94.1779 21 37.237
      vertex -95.33 20.4 36.4
      vertex -94.1779 -23 37.237
    endloop
  endfacet
  facet normal -0.587762 0 0.809034
    outer loop
      vertex -95.33 -22.4 36.4
      vertex -94.1779 -23 37.237
      vertex -95.33 20.4 36.4
    endloop
  endfacet
  facet normal -0.587762 0 0.809034
    outer loop
      vertex -94.1779 -23 37.237
      vertex -95.33 -22.4 36.4
      vertex -95.33 -23 36.4
    endloop
  endfacet
  facet normal -0.308644 0.0488738 -0.949921
    outer loop
      vertex -92.0414 21.3384 -3.91382
      vertex -94.1779 21 -3.23705
      vertex -94.0224 21.982 -3.23705
    endloop
  endfacet
  facet normal -0.0926867 -0.585255 -0.805534
    outer loop
      vertex -91.3435 -27.2756 -2.4
      vertex -91 -26.1779 -3.23705
      vertex -91 -27.33 -2.4
    endloop
  endfacet
  facet normal -0.0926758 -0.585258 -0.805534
    outer loop
      vertex -91 -26.1779 -3.23705
      vertex -91.3435 -27.2756 -2.4
      vertex -91.982 -26.0224 -3.23705
    endloop
  endfacet
  facet normal -0.278436 0.141864 -0.94992
    outer loop
      vertex -92.0414 21.3384 -3.91382
      vertex -93.571 22.8679 -3.23705
      vertex -91.8859 21.6436 -3.91382
    endloop
  endfacet
  facet normal 0.0488871 0.308645 -0.94992
    outer loop
      vertex -72.6616 22.0414 -3.91382
      vertex -73 22.095 -3.91382
      vertex -73 24.1779 -3.23705
    endloop
  endfacet
  facet normal -0.432298 0.848388 -0.305544
    outer loop
      vertex -92.9274 26.9318 -0.177933
      vertex -94.3119 26.4 0.3043
      vertex -93.1365 27.5754 1.90496
    endloop
  endfacet
  facet normal -0.432309 0.848359 -0.305608
    outer loop
      vertex -94.3119 26.4 0.3043
      vertex -92.9274 26.9318 -0.177933
      vertex -93.971 26.4 -0.177933
    endloop
  endfacet
  facet normal -0.148958 0.940453 -0.305548
    outer loop
      vertex -92.9274 26.9318 -0.177933
      vertex -93.1365 27.5754 1.90496
      vertex -91 27.9138 1.90496
    endloop
  endfacet
  facet normal -0.15644 0.987688 0
    outer loop
      vertex -91 27.9138 1.90496
      vertex -93.1365 27.5754 32.095
      vertex -91 27.9138 32.095
    endloop
  endfacet
  facet normal -0.15644 0.987688 0
    outer loop
      vertex -93.1365 27.5754 32.095
      vertex -91 27.9138 1.90496
      vertex -93.1365 27.5754 1.90496
    endloop
  endfacet
  facet normal -0.432263 0.848396 0.305568
    outer loop
      vertex -93.1365 27.5754 32.095
      vertex -94.9233 26.4 32.8308
      vertex -94.3119 26.4 33.6957
    endloop
  endfacet
  facet normal -0.432278 0.8484 0.305539
    outer loop
      vertex -94.9233 26.4 32.8308
      vertex -93.1365 27.5754 32.095
      vertex -95.0638 26.5934 32.095
    endloop
  endfacet
  facet normal 0.432309 0.848359 -0.305608
    outer loop
      vertex -71.0726 26.9318 -0.177933
      vertex -69.6881 26.4 0.3043
      vertex -70.029 26.4 -0.177933
    endloop
  endfacet
  facet normal 0.432298 0.848388 -0.305544
    outer loop
      vertex -69.6881 26.4 0.3043
      vertex -71.0726 26.9318 -0.177933
      vertex -70.8635 27.5754 1.90496
    endloop
  endfacet
  facet normal 0.15644 0.987688 -0
    outer loop
      vertex -70.8635 27.5754 1.90496
      vertex -73 27.9138 32.095
      vertex -70.8635 27.5754 32.095
    endloop
  endfacet
  facet normal 0.15644 0.987688 0
    outer loop
      vertex -73 27.9138 32.095
      vertex -70.8635 27.5754 1.90496
      vertex -73 27.9138 1.90496
    endloop
  endfacet
  facet normal 0.127131 0.802438 0.583036
    outer loop
      vertex -71.0726 26.9318 34.1779
      vertex -72.1163 26.4 35.1374
      vertex -71.2454 26.4 34.9475
    endloop
  endfacet
  facet normal -0.0488758 0.308656 0.949917
    outer loop
      vertex -91 24.1779 37.237
      vertex -91.982 24.0224 37.237
      vertex -91.3384 22.0414 37.9138
    endloop
  endfacet
  facet normal 0.418989 0.418989 -0.805541
    outer loop
      vertex -70.429 22.8679 -3.23705
      vertex -70.4549 24.5031 -2.4
      vertex -69.4969 23.5451 -2.4
    endloop
  endfacet
  facet normal 0.418989 0.418989 -0.805541
    outer loop
      vertex -70.4549 24.5031 -2.4
      vertex -70.429 22.8679 -3.23705
      vertex -71.1321 23.571 -3.23705
    endloop
  endfacet
  facet normal 0.220966 0.220966 -0.94992
    outer loop
      vertex -72.1141 21.6436 -3.91382
      vertex -71.1321 23.571 -3.23705
      vertex -70.429 22.8679 -3.23705
    endloop
  endfacet
  facet normal 0.220966 0.220966 -0.94992
    outer loop
      vertex -71.1321 23.571 -3.23705
      vertex -72.1141 21.6436 -3.91382
      vertex -72.3564 21.8859 -3.91382
    endloop
  endfacet
  facet normal 0.220966 -0.220966 -0.94992
    outer loop
      vertex -71.1321 -25.571 -3.23705
      vertex -72.1141 -23.6436 -3.91382
      vertex -70.429 -24.8679 -3.23705
    endloop
  endfacet
  facet normal 0.220966 -0.220966 -0.94992
    outer loop
      vertex -72.1141 -23.6436 -3.91382
      vertex -71.1321 -25.571 -3.23705
      vertex -72.3564 -23.8859 -3.91382
    endloop
  endfacet
  facet normal 0.587892 0 -0.808939
    outer loop
      vertex -68.8076 0.415141 -2.5
      vertex -68.67 1.64389 -2.4
      vertex -68.67 -23 -2.4
    endloop
  endfacet
  facet normal 0.58785 7.21663e-06 -0.80897
    outer loop
      vertex -68.67 1.64389 -2.4
      vertex -68.8076 0.415141 -2.5
      vertex -68.781 1.61724 -2.48066
    endloop
  endfacet
  facet normal 0.587767 -1.12582e-06 -0.809031
    outer loop
      vertex -68.67 -23 -2.4
      vertex -69 0.4 -2.63978
      vertex -68.8076 0.415141 -2.5
    endloop
  endfacet
  facet normal 0.587785 -7.21356e-07 -0.809017
    outer loop
      vertex -69.8221 -23 -3.23705
      vertex -69 0.4 -2.63978
      vertex -68.67 -23 -2.4
    endloop
  endfacet
  facet normal 0.587805 -1.76677e-06 -0.809003
    outer loop
      vertex -69 0.4 -2.63978
      vertex -69.8221 -23 -3.23705
      vertex -69.4067 0.43201 -2.93528
    endloop
  endfacet
  facet normal 0.587799 -1.61047e-06 -0.809007
    outer loop
      vertex -69.4067 0.43201 -2.93528
      vertex -69.8221 -23 -3.23705
      vertex -69.8034 0.527252 -3.22351
    endloop
  endfacet
  facet normal 0.586471 0 -0.809971
    outer loop
      vertex -69.8034 0.527252 -3.22351
      vertex -69.8221 -23 -3.23705
      vertex -69.8221 0.534966 -3.23705
    endloop
  endfacet
  facet normal 0.588063 0 -0.808815
    outer loop
      vertex -68.781 1.61724 -2.48066
      vertex -68.8076 0.415141 -2.5
      vertex -68.8076 1.61514 -2.5
    endloop
  endfacet
  facet normal 0.58785 -7.21662e-06 -0.80897
    outer loop
      vertex -68.8076 5.58486 -2.5
      vertex -68.67 4.35611 -2.4
      vertex -68.781 4.38276 -2.48066
    endloop
  endfacet
  facet normal 0.588063 0 -0.808815
    outer loop
      vertex -68.8076 5.58486 -2.5
      vertex -68.781 4.38276 -2.48066
      vertex -68.8076 4.38486 -2.5
    endloop
  endfacet
  facet normal 0.587892 0 -0.808939
    outer loop
      vertex -68.67 4.35611 -2.4
      vertex -68.8076 5.58486 -2.5
      vertex -68.67 21 -2.4
    endloop
  endfacet
  facet normal 0.587767 1.70967e-06 -0.80903
    outer loop
      vertex -69 5.6 -2.63978
      vertex -68.67 21 -2.4
      vertex -68.8076 5.58486 -2.5
    endloop
  endfacet
  facet normal 0.587805 2.68073e-06 -0.809003
    outer loop
      vertex -69.8221 21 -3.23705
      vertex -69 5.6 -2.63978
      vertex -69.4067 5.56799 -2.93528
    endloop
  endfacet
  facet normal 0.587799 2.43998e-06 -0.809007
    outer loop
      vertex -69.8221 21 -3.23705
      vertex -69.4067 5.56799 -2.93528
      vertex -69.8034 5.47275 -3.22351
    endloop
  endfacet
  facet normal 0.586471 0 -0.809971
    outer loop
      vertex -69.8221 21 -3.23705
      vertex -69.8034 5.47275 -3.22351
      vertex -69.8221 5.46503 -3.23705
    endloop
  endfacet
  facet normal 0.587785 1.09609e-06 -0.809017
    outer loop
      vertex -69 5.6 -2.63978
      vertex -69.8221 21 -3.23705
      vertex -68.67 21 -2.4
    endloop
  endfacet
  facet normal 0.585255 -0.0926867 -0.805534
    outer loop
      vertex -68.7244 -23.3435 -2.4
      vertex -69.8221 -23 -3.23705
      vertex -68.67 -23 -2.4
    endloop
  endfacet
  facet normal 0.585258 -0.0926758 -0.805534
    outer loop
      vertex -69.8221 -23 -3.23705
      vertex -68.7244 -23.3435 -2.4
      vertex -69.9776 -23.982 -3.23705
    endloop
  endfacet
  facet normal 0.432263 -0.848396 0.305568
    outer loop
      vertex -70.8635 -29.5754 32.095
      vertex -69.0767 -28.4 32.8308
      vertex -69.6881 -28.4 33.6957
    endloop
  endfacet
  facet normal 0.432278 -0.8484 0.305539
    outer loop
      vertex -69.0767 -28.4 32.8308
      vertex -70.8635 -29.5754 32.095
      vertex -68.9362 -28.5934 32.095
    endloop
  endfacet
  facet normal 0.940453 -0.148958 0.305547
    outer loop
      vertex -66.0862 -23 32.095
      vertex -67.0682 -24.9274 34.1779
      vertex -66.4246 -25.1365 32.095
    endloop
  endfacet
  facet normal 0.940453 -0.148958 -0.305548
    outer loop
      vertex -66.4246 -25.1365 1.90496
      vertex -67.0682 -24.9274 -0.177933
      vertex -66.0862 -23 1.90496
    endloop
  endfacet
  facet normal 0.848388 -0.432298 -0.305544
    outer loop
      vertex -67.6 -26.3119 0.304301
      vertex -67.0682 -24.9274 -0.177933
      vertex -66.4246 -25.1365 1.90496
    endloop
  endfacet
  facet normal 0.848359 -0.432309 -0.305607
    outer loop
      vertex -67.0682 -24.9274 -0.177933
      vertex -67.6 -26.3119 0.304301
      vertex -67.6 -25.971 -0.177933
    endloop
  endfacet
  facet normal 0.940448 0.148918 -0.305582
    outer loop
      vertex -66.763 21 -0.177933
      vertex -67.0682 22.9274 -0.177933
      vertex -66.0862 21 1.90496
    endloop
  endfacet
  facet normal 0.848354 0.432306 0.305627
    outer loop
      vertex -67.0682 22.9274 34.1779
      vertex -67.6 24.3119 33.6957
      vertex -67.6 23.971 34.1779
    endloop
  endfacet
  facet normal 0.848391 0.432291 0.305544
    outer loop
      vertex -67.6 24.3119 33.6957
      vertex -67.0682 22.9274 34.1779
      vertex -66.4246 23.1365 32.095
    endloop
  endfacet
  facet normal 0.0926758 0.585258 -0.805534
    outer loop
      vertex -73 24.1779 -3.23705
      vertex -72.6565 25.2756 -2.4
      vertex -72.018 24.0224 -3.23705
    endloop
  endfacet
  facet normal 0.0926867 0.585255 -0.805534
    outer loop
      vertex -72.6565 25.2756 -2.4
      vertex -73 24.1779 -3.23705
      vertex -73 25.33 -2.4
    endloop
  endfacet
  facet normal 0.269034 0.527948 -0.805538
    outer loop
      vertex -70.7647 24.6609 -2.4
      vertex -72.018 24.0224 -3.23705
      vertex -71.6619 25.1181 -2.4
    endloop
  endfacet
  facet normal 0.141876 -0.278441 0.949917
    outer loop
      vertex -71.1321 -25.571 37.237
      vertex -72.6616 -24.0414 37.9138
      vertex -72.018 -26.0224 37.237
    endloop
  endfacet
  facet normal 0.0488758 -0.308656 0.949917
    outer loop
      vertex -72.6616 -24.0414 37.9138
      vertex -73 -26.1779 37.237
      vertex -72.018 -26.0224 37.237
    endloop
  endfacet
  facet normal 0.14187 0.278448 0.949916
    outer loop
      vertex -71.1321 23.571 37.237
      vertex -72.6616 22.0414 37.9138
      vertex -72.3564 21.8859 37.9138
    endloop
  endfacet
  facet normal 0.368883 0.723892 0.583014
    outer loop
      vertex -70.029 26.4 34.1779
      vertex -71.0726 26.9318 34.1779
      vertex -70.8017 26.4 34.6668
    endloop
  endfacet
  facet normal 0.368848 0.723893 0.583035
    outer loop
      vertex -71.0726 26.9318 34.1779
      vertex -71.2454 26.4 34.9475
      vertex -70.8017 26.4 34.6668
    endloop
  endfacet
  facet normal -0.527998 -0.268942 -0.805536
    outer loop
      vertex -94.6609 -25.2353 -2.4
      vertex -93.571 -24.8679 -3.23705
      vertex -94.5031 -25.5451 -2.4
    endloop
  endfacet
  facet normal -0.527967 -0.26902 -0.80553
    outer loop
      vertex -93.571 -24.8679 -3.23705
      vertex -94.6609 -25.2353 -2.4
      vertex -94.0224 -23.982 -3.23705
    endloop
  endfacet
  facet normal -0.15644 -0.987688 0
    outer loop
      vertex -93.1365 -29.5754 1.90496
      vertex -91 -29.9138 32.095
      vertex -93.1365 -29.5754 32.095
    endloop
  endfacet
  facet normal -0.15644 -0.987688 -0
    outer loop
      vertex -91 -29.9138 32.095
      vertex -93.1365 -29.5754 1.90496
      vertex -91 -29.9138 1.90496
    endloop
  endfacet
  facet normal -0.527927 -0.269024 0.805555
    outer loop
      vertex -94.0224 -23.982 37.237
      vertex -95.1181 -24.3381 36.4
      vertex -94.6609 -25.2353 36.4
    endloop
  endfacet
  facet normal 0 -0.587762 0.809034
    outer loop
      vertex -73 -26.1779 37.237
      vertex -88 -27.33 36.4
      vertex -73 -27.33 36.4
    endloop
  endfacet
  facet normal 0 -0.587762 0.809034
    outer loop
      vertex -91 -26.1779 37.237
      vertex -88 -27.33 36.4
      vertex -73 -26.1779 37.237
    endloop
  endfacet
  facet normal 0 -0.587762 0.809034
    outer loop
      vertex -88 -27.33 36.4
      vertex -91 -26.1779 37.237
      vertex -91 -27.33 36.4
    endloop
  endfacet
  facet normal 0 -0.951053 0.309027
    outer loop
      vertex -91 -29.9138 32.095
      vertex -86.5 -29.237 34.1779
      vertex -91 -29.237 34.1779
    endloop
  endfacet
  facet normal 0 -0.951053 0.309027
    outer loop
      vertex -86.5 -29.237 34.1779
      vertex -91 -29.9138 32.095
      vertex -86.5 -29.9138 32.095
    endloop
  endfacet
  facet normal 0 -0.951053 0.309027
    outer loop
      vertex -77.5 -29.9138 32.095
      vertex -73 -29.237 34.1779
      vertex -77.5 -29.237 34.1779
    endloop
  endfacet
  facet normal 0 -0.951053 0.309027
    outer loop
      vertex -73 -29.237 34.1779
      vertex -77.5 -29.9138 32.095
      vertex -73 -29.9138 32.095
    endloop
  endfacet
  facet normal -0.368848 -0.723893 0.583035
    outer loop
      vertex -92.7546 -28.4 34.9475
      vertex -93.1983 -28.4 34.6668
      vertex -92.9274 -28.9318 34.1779
    endloop
  endfacet
  facet normal 0.127063 -0.802476 0.582998
    outer loop
      vertex -73 -29.237 34.1779
      vertex -72.1163 -28.4 35.1374
      vertex -73 -28.4 35.33
    endloop
  endfacet
  facet normal 0.127071 -0.802479 0.582993
    outer loop
      vertex -72.1163 -28.4 35.1374
      vertex -73 -29.237 34.1779
      vertex -71.0726 -28.9318 34.1779
    endloop
  endfacet
  facet normal 0.432273 -0.848391 -0.305569
    outer loop
      vertex -70.8635 -29.5754 1.90496
      vertex -69.0767 -28.4 1.16924
      vertex -68.9362 -28.5934 1.90496
    endloop
  endfacet
  facet normal 0.432276 -0.848392 -0.305563
    outer loop
      vertex -69.0767 -28.4 1.16924
      vertex -70.8635 -29.5754 1.90496
      vertex -69.6881 -28.4 0.3043
    endloop
  endfacet
  facet normal -0 -0.809033 -0.587763
    outer loop
      vertex -88 -28.4 -1.33003
      vertex -91 -29.237 -0.177933
      vertex -91 -28.4 -1.33003
    endloop
  endfacet
  facet normal 0 -0.809033 -0.587763
    outer loop
      vertex -91 -29.237 -0.177933
      vertex -88 -28.4 -1.33003
      vertex -86.5 -29.237 -0.177933
    endloop
  endfacet
  facet normal 0 -0.809033 -0.587763
    outer loop
      vertex -86.5 -29.237 -0.177933
      vertex -88 -28.4 -1.33003
      vertex -86.5 -28.4 -1.33003
    endloop
  endfacet
  facet normal 0 -0.809033 -0.587763
    outer loop
      vertex -77.5 -28.4 -1.33003
      vertex -73 -29.237 -0.177933
      vertex -77.5 -29.237 -0.177933
    endloop
  endfacet
  facet normal 0 -0.809033 -0.587763
    outer loop
      vertex -73 -29.237 -0.177933
      vertex -77.5 -28.4 -1.33003
      vertex -73 -28.4 -1.33003
    endloop
  endfacet
  facet normal 0.309027 0 0.951053
    outer loop
      vertex -71.905 21 37.9138
      vertex -69.8221 -23 37.237
      vertex -69.8221 21 37.237
    endloop
  endfacet
  facet normal 0.309027 0 0.951053
    outer loop
      vertex -69.8221 -23 37.237
      vertex -71.905 21 37.9138
      vertex -71.905 -23 37.9138
    endloop
  endfacet
  facet normal -0.309027 0 0.951053
    outer loop
      vertex -94.1779 21 37.237
      vertex -92.095 -23 37.9138
      vertex -92.095 21 37.9138
    endloop
  endfacet
  facet normal -0.309027 0 0.951053
    outer loop
      vertex -92.095 -23 37.9138
      vertex -94.1779 21 37.237
      vertex -94.1779 -23 37.237
    endloop
  endfacet
  facet normal -0.278436 -0.141864 -0.94992
    outer loop
      vertex -91.8859 -23.6436 -3.91382
      vertex -93.571 -24.8679 -3.23705
      vertex -92.0414 -23.3384 -3.91382
    endloop
  endfacet
  facet normal -0.141864 0.278436 -0.94992
    outer loop
      vertex -91.6436 21.8859 -3.91382
      vertex -92.8679 23.571 -3.23705
      vertex -91.3384 22.0414 -3.91382
    endloop
  endfacet
  facet normal 0.0488738 -0.308644 -0.949921
    outer loop
      vertex -72.018 -26.0224 -3.23705
      vertex -73 -26.1779 -3.23705
      vertex -72.6616 -24.0414 -3.91382
    endloop
  endfacet
  facet normal 0.0926867 -0.585255 -0.805534
    outer loop
      vertex -73 -26.1779 -3.23705
      vertex -72.6565 -27.2756 -2.4
      vertex -73 -27.33 -2.4
    endloop
  endfacet
  facet normal 0.0926758 -0.585258 -0.805534
    outer loop
      vertex -72.6565 -27.2756 -2.4
      vertex -73 -26.1779 -3.23705
      vertex -72.018 -26.0224 -3.23705
    endloop
  endfacet
  facet normal -0.0488871 0.308645 -0.94992
    outer loop
      vertex -91 22.095 -3.91382
      vertex -91.3384 22.0414 -3.91382
      vertex -91 24.1779 -3.23705
    endloop
  endfacet
  facet normal -0.309015 0 -0.951057
    outer loop
      vertex -94.1779 -23 -3.23705
      vertex -92.095 21 -3.91382
      vertex -92.095 -23 -3.91382
    endloop
  endfacet
  facet normal -0.309015 0 -0.951057
    outer loop
      vertex -92.095 21 -3.91382
      vertex -94.1779 -23 -3.23705
      vertex -94.1779 21 -3.23705
    endloop
  endfacet
  facet normal 0.278436 0.141864 -0.94992
    outer loop
      vertex -71.9586 21.3384 -3.91382
      vertex -72.1141 21.6436 -3.91382
      vertex -70.429 22.8679 -3.23705
    endloop
  endfacet
  facet normal -0.0926867 0.585255 -0.805534
    outer loop
      vertex -91 24.1779 -3.23705
      vertex -91.3435 25.2756 -2.4
      vertex -91 25.33 -2.4
    endloop
  endfacet
  facet normal -0.0926758 0.585258 -0.805534
    outer loop
      vertex -91.3435 25.2756 -2.4
      vertex -91 24.1779 -3.23705
      vertex -91.982 24.0224 -3.23705
    endloop
  endfacet
  facet normal -0.27843 0.141871 -0.949921
    outer loop
      vertex -92.0414 21.3384 -3.91382
      vertex -94.0224 21.982 -3.23705
      vertex -93.571 22.8679 -3.23705
    endloop
  endfacet
  facet normal 0.0488738 0.308644 -0.949921
    outer loop
      vertex -72.6616 22.0414 -3.91382
      vertex -73 24.1779 -3.23705
      vertex -72.018 24.0224 -3.23705
    endloop
  endfacet
  facet normal -0.0488738 0.308644 -0.949921
    outer loop
      vertex -91.3384 22.0414 -3.91382
      vertex -91.982 24.0224 -3.23705
      vertex -91 24.1779 -3.23705
    endloop
  endfacet
  facet normal -0.127069 0.802466 -0.58301
    outer loop
      vertex -91 27.237 -0.177933
      vertex -91.8837 26.4 -1.13739
      vertex -92.9274 26.9318 -0.177933
    endloop
  endfacet
  facet normal -0.127089 0.802473 -0.582997
    outer loop
      vertex -91.8837 26.4 -1.13739
      vertex -91 27.237 -0.177933
      vertex -91 26.4 -1.33003
    endloop
  endfacet
  facet normal -0.148918 0.940448 -0.305582
    outer loop
      vertex -91 27.237 -0.177933
      vertex -92.9274 26.9318 -0.177933
      vertex -91 27.9138 1.90496
    endloop
  endfacet
  facet normal 0.148918 0.940448 0.305581
    outer loop
      vertex -73 27.9138 32.095
      vertex -73 27.237 34.1779
      vertex -71.0726 26.9318 34.1779
    endloop
  endfacet
  facet normal 0.148958 0.940453 -0.305548
    outer loop
      vertex -71.0726 26.9318 -0.177933
      vertex -73 27.9138 1.90496
      vertex -70.8635 27.5754 1.90496
    endloop
  endfacet
  facet normal -0.278441 0.141876 0.949917
    outer loop
      vertex -93.571 22.8679 37.237
      vertex -94.0224 21.982 37.237
      vertex -92.0414 21.3384 37.9138
    endloop
  endfacet
  facet normal -0.127131 0.802438 0.583036
    outer loop
      vertex -91.8837 26.4 35.1374
      vertex -92.9274 26.9318 34.1779
      vertex -92.7546 26.4 34.9475
    endloop
  endfacet
  facet normal 0.27843 0.141871 -0.949921
    outer loop
      vertex -69.9776 21.982 -3.23705
      vertex -71.9586 21.3384 -3.91382
      vertex -70.429 22.8679 -3.23705
    endloop
  endfacet
  facet normal 0.723875 0.368891 -0.58303
    outer loop
      vertex -67.0682 22.9274 -0.177933
      vertex -67.6 22.7546 -0.947535
      vertex -67.6 23.1983 -0.6668
    endloop
  endfacet
  facet normal -0.418989 0.418989 -0.805541
    outer loop
      vertex -93.571 22.8679 -3.23705
      vertex -93.5451 24.5031 -2.4
      vertex -92.8679 23.571 -3.23705
    endloop
  endfacet
  facet normal -0.418989 0.418989 -0.805541
    outer loop
      vertex -93.5451 24.5031 -2.4
      vertex -93.571 22.8679 -3.23705
      vertex -94.5031 23.5451 -2.4
    endloop
  endfacet
  facet normal 0.418989 -0.418989 -0.805541
    outer loop
      vertex -70.4549 -26.5031 -2.4
      vertex -70.429 -24.8679 -3.23705
      vertex -69.4969 -25.5451 -2.4
    endloop
  endfacet
  facet normal 0.418989 -0.418989 -0.805541
    outer loop
      vertex -70.429 -24.8679 -3.23705
      vertex -70.4549 -26.5031 -2.4
      vertex -71.1321 -25.571 -3.23705
    endloop
  endfacet
  facet normal 0.673287 -0.673287 -0.305565
    outer loop
      vertex -67.4066 -27.0638 1.90496
      vertex -67.6 -27.2572 1.90496
      vertex -67.6 -26.9233 1.16924
    endloop
  endfacet
  facet normal 0.673287 -0.673287 -0.305565
    outer loop
      vertex -68.9362 -28.5934 1.90496
      vertex -69.0767 -28.4 1.16924
      vertex -68.7428 -28.4 1.90496
    endloop
  endfacet
  facet normal 0.802473 -0.127089 -0.582997
    outer loop
      vertex -66.763 -23 -0.177933
      vertex -67.6 -23.8837 -1.13739
      vertex -67.6 -23 -1.33003
    endloop
  endfacet
  facet normal 0.802466 -0.127069 -0.58301
    outer loop
      vertex -67.6 -23.8837 -1.13739
      vertex -66.763 -23 -0.177933
      vertex -67.0682 -24.9274 -0.177933
    endloop
  endfacet
  facet normal 0.940448 -0.148918 -0.305582
    outer loop
      vertex -66.0862 -23 1.90496
      vertex -67.0682 -24.9274 -0.177933
      vertex -66.763 -23 -0.177933
    endloop
  endfacet
  facet normal 0.848391 0.432273 -0.305569
    outer loop
      vertex -66.4246 23.1365 1.90496
      vertex -67.6 24.9233 1.16924
      vertex -67.4066 25.0638 1.90496
    endloop
  endfacet
  facet normal 0.848392 0.432276 -0.305563
    outer loop
      vertex -67.6 24.9233 1.16924
      vertex -66.4246 23.1365 1.90496
      vertex -67.6 24.3119 0.304301
    endloop
  endfacet
  facet normal 0.432273 0.848391 -0.305569
    outer loop
      vertex -69.0767 26.4 1.16924
      vertex -70.8635 27.5754 1.90496
      vertex -68.9362 26.5934 1.90496
    endloop
  endfacet
  facet normal 0.432276 0.848392 -0.305563
    outer loop
      vertex -70.8635 27.5754 1.90496
      vertex -69.0767 26.4 1.16924
      vertex -69.6881 26.4 0.3043
    endloop
  endfacet
  facet normal 0.809034 -0 0.587762
    outer loop
      vertex -67.6 -23 35.33
      vertex -66.763 21 34.1779
      vertex -67.6 21 35.33
    endloop
  endfacet
  facet normal 0.809034 0 0.587762
    outer loop
      vertex -66.763 21 34.1779
      vertex -67.6 -23 35.33
      vertex -66.763 -23 34.1779
    endloop
  endfacet
  facet normal 0.802476 -0.127063 0.582998
    outer loop
      vertex -67.6 -23.8837 35.1374
      vertex -66.763 -23 34.1779
      vertex -67.6 -23 35.33
    endloop
  endfacet
  facet normal 0.802479 -0.127071 0.582993
    outer loop
      vertex -66.763 -23 34.1779
      vertex -67.6 -23.8837 35.1374
      vertex -67.0682 -24.9274 34.1779
    endloop
  endfacet
  facet normal -0.14187 -0.278448 0.949916
    outer loop
      vertex -91.6436 -23.8859 37.9138
      vertex -92.8679 -25.571 37.237
      vertex -91.3384 -24.0414 37.9138
    endloop
  endfacet
  facet normal 0.723893 0.368848 0.583035
    outer loop
      vertex -67.6 23.1983 34.6668
      vertex -67.6 22.7546 34.9475
      vertex -67.0682 22.9274 34.1779
    endloop
  endfacet
  facet normal 0.308658 0.048889 0.949916
    outer loop
      vertex -69.8221 21 37.237
      vertex -71.9586 21.3384 37.9138
      vertex -71.905 21 37.9138
    endloop
  endfacet
  facet normal 0.527947 -0.269009 0.805547
    outer loop
      vertex -70.429 -24.8679 37.237
      vertex -69.3391 -25.2353 36.4
      vertex -69.9776 -23.982 37.237
    endloop
  endfacet
  facet normal 0.527978 -0.268931 0.805553
    outer loop
      vertex -69.3391 -25.2353 36.4
      vertex -70.429 -24.8679 37.237
      vertex -69.4969 -25.5451 36.4
    endloop
  endfacet
  facet normal 0.587762 0 0.809034
    outer loop
      vertex -69.8221 21 37.237
      vertex -68.67 -23 36.4
      vertex -68.67 21 36.4
    endloop
  endfacet
  facet normal 0.587762 0 0.809034
    outer loop
      vertex -68.67 -23 36.4
      vertex -69.8221 21 37.237
      vertex -69.8221 -23 37.237
    endloop
  endfacet
  facet normal -0.220974 -0.220974 0.949916
    outer loop
      vertex -91.8859 -23.6436 37.9138
      vertex -92.8679 -25.571 37.237
      vertex -91.6436 -23.8859 37.9138
    endloop
  endfacet
  facet normal -0.220974 -0.220974 0.949916
    outer loop
      vertex -92.8679 -25.571 37.237
      vertex -91.8859 -23.6436 37.9138
      vertex -93.571 -24.8679 37.237
    endloop
  endfacet
  facet normal 0.141876 0.278441 0.949917
    outer loop
      vertex -72.018 24.0224 37.237
      vertex -72.6616 22.0414 37.9138
      vertex -71.1321 23.571 37.237
    endloop
  endfacet
  facet normal 0 0.809034 0.587762
    outer loop
      vertex -73 27.237 34.1779
      vertex -88 26.4 35.33
      vertex -73 26.4 35.33
    endloop
  endfacet
  facet normal -0 0.809034 0.587762
    outer loop
      vertex -91 27.237 34.1779
      vertex -88 26.4 35.33
      vertex -73 27.237 34.1779
    endloop
  endfacet
  facet normal 0 0.809034 0.587762
    outer loop
      vertex -88 26.4 35.33
      vertex -91 27.237 34.1779
      vertex -91 26.4 35.33
    endloop
  endfacet
  facet normal 0.848396 0.432263 0.305568
    outer loop
      vertex -66.4246 23.1365 32.095
      vertex -67.6 24.9233 32.8308
      vertex -67.6 24.3119 33.6957
    endloop
  endfacet
  facet normal 0.8484 0.432278 0.305539
    outer loop
      vertex -67.6 24.9233 32.8308
      vertex -66.4246 23.1365 32.095
      vertex -67.4066 25.0638 32.095
    endloop
  endfacet
  facet normal 0.148918 -0.940448 0.305581
    outer loop
      vertex -73 -29.237 34.1779
      vertex -73 -29.9138 32.095
      vertex -71.0726 -28.9318 34.1779
    endloop
  endfacet
  facet normal 0.148958 -0.940453 0.305547
    outer loop
      vertex -71.0726 -28.9318 34.1779
      vertex -73 -29.9138 32.095
      vertex -70.8635 -29.5754 32.095
    endloop
  endfacet
  facet normal -0.585235 -0.0926722 0.80555
    outer loop
      vertex -94.1779 -23 37.237
      vertex -95.2756 -23.3435 36.4
      vertex -94.0224 -23.982 37.237
    endloop
  endfacet
  facet normal -0.585233 -0.0926831 0.805551
    outer loop
      vertex -95.2756 -23.3435 36.4
      vertex -94.1779 -23 37.237
      vertex -95.33 -23 36.4
    endloop
  endfacet
  facet normal -0.585236 -0.0926751 0.805549
    outer loop
      vertex -94.0224 -23.982 37.237
      vertex -95.2756 -23.3435 36.4
      vertex -95.1181 -24.3381 36.4
    endloop
  endfacet
  facet normal 0.585236 -0.0926751 0.805549
    outer loop
      vertex -68.7244 -23.3435 36.4
      vertex -69.9776 -23.982 37.237
      vertex -68.8819 -24.3381 36.4
    endloop
  endfacet
  facet normal 0.723893 -0.368848 0.583035
    outer loop
      vertex -67.6 -24.7546 34.9475
      vertex -67.6 -25.1983 34.6668
      vertex -67.0682 -24.9274 34.1779
    endloop
  endfacet
  facet normal 0.453987 -0.891008 0
    outer loop
      vertex -70.8635 -29.5754 1.90496
      vertex -68.9362 -28.5934 32.095
      vertex -70.8635 -29.5754 32.095
    endloop
  endfacet
  facet normal 0.453987 -0.891008 0
    outer loop
      vertex -68.9362 -28.5934 32.095
      vertex -70.8635 -29.5754 1.90496
      vertex -68.9362 -28.5934 1.90496
    endloop
  endfacet
  facet normal 0.0926722 -0.585235 0.80555
    outer loop
      vertex -73 -26.1779 37.237
      vertex -72.6565 -27.2756 36.4
      vertex -72.018 -26.0224 37.237
    endloop
  endfacet
  facet normal 0.0926831 -0.585233 0.805551
    outer loop
      vertex -72.6565 -27.2756 36.4
      vertex -73 -26.1779 37.237
      vertex -73 -27.33 36.4
    endloop
  endfacet
  facet normal -0.26902 -0.527967 -0.80553
    outer loop
      vertex -93.2353 -26.6609 -2.4
      vertex -92.8679 -25.571 -3.23705
      vertex -91.982 -26.0224 -3.23705
    endloop
  endfacet
  facet normal -0.268942 -0.527998 -0.805536
    outer loop
      vertex -92.8679 -25.571 -3.23705
      vertex -93.2353 -26.6609 -2.4
      vertex -93.5451 -26.5031 -2.4
    endloop
  endfacet
  facet normal 0 -0.309015 -0.951057
    outer loop
      vertex -91 -26.1779 -3.23705
      vertex -73 -24.095 -3.91382
      vertex -73 -26.1779 -3.23705
    endloop
  endfacet
  facet normal -0 -0.309015 -0.951057
    outer loop
      vertex -73 -24.095 -3.91382
      vertex -91 -26.1779 -3.23705
      vertex -91 -24.095 -3.91382
    endloop
  endfacet
  facet normal -0.220966 -0.220966 -0.94992
    outer loop
      vertex -92.8679 -25.571 -3.23705
      vertex -91.8859 -23.6436 -3.91382
      vertex -91.6436 -23.8859 -3.91382
    endloop
  endfacet
  facet normal -0.220966 -0.220966 -0.94992
    outer loop
      vertex -91.8859 -23.6436 -3.91382
      vertex -92.8679 -25.571 -3.23705
      vertex -93.571 -24.8679 -3.23705
    endloop
  endfacet
  facet normal -0.368891 0.723876 -0.58303
    outer loop
      vertex -92.7546 26.4 -0.947536
      vertex -93.1983 26.4 -0.666801
      vertex -92.9274 26.9318 -0.177933
    endloop
  endfacet
  facet normal -0.1271 0.802446 -0.583032
    outer loop
      vertex -92.7546 26.4 -0.947536
      vertex -92.9274 26.9318 -0.177933
      vertex -91.8837 26.4 -1.13739
    endloop
  endfacet
  facet normal 0.368874 0.723876 -0.583039
    outer loop
      vertex -70.8017 26.4 -0.666801
      vertex -71.0726 26.9318 -0.177933
      vertex -70.029 26.4 -0.177933
    endloop
  endfacet
  facet normal 0 0.809033 -0.587763
    outer loop
      vertex -88 26.4 -1.33003
      vertex -73 27.237 -0.177933
      vertex -73 26.4 -1.33003
    endloop
  endfacet
  facet normal 0 0.809033 -0.587763
    outer loop
      vertex -73 27.237 -0.177933
      vertex -88 26.4 -1.33003
      vertex -91 27.237 -0.177933
    endloop
  endfacet
  facet normal 0 0.809033 -0.587763
    outer loop
      vertex -91 27.237 -0.177933
      vertex -88 26.4 -1.33003
      vertex -91 26.4 -1.33003
    endloop
  endfacet
  facet normal -0.432306 0.848354 0.305627
    outer loop
      vertex -92.9274 26.9318 34.1779
      vertex -94.3119 26.4 33.6957
      vertex -93.971 26.4 34.1779
    endloop
  endfacet
  facet normal -0.432291 0.848391 0.305544
    outer loop
      vertex -94.3119 26.4 33.6957
      vertex -92.9274 26.9318 34.1779
      vertex -93.1365 27.5754 32.095
    endloop
  endfacet
  facet normal -0.148958 0.940453 0.305547
    outer loop
      vertex -91 27.9138 32.095
      vertex -93.1365 27.5754 32.095
      vertex -92.9274 26.9318 34.1779
    endloop
  endfacet
  facet normal -0.0926831 0.585233 0.805551
    outer loop
      vertex -91.3435 25.2756 36.4
      vertex -91 24.1779 37.237
      vertex -91 25.33 36.4
    endloop
  endfacet
  facet normal -0.0926722 0.585235 0.80555
    outer loop
      vertex -91 24.1779 37.237
      vertex -91.3435 25.2756 36.4
      vertex -91.982 24.0224 37.237
    endloop
  endfacet
  facet normal -0.308658 -0.048889 0.949916
    outer loop
      vertex -92.095 -23 37.9138
      vertex -94.1779 -23 37.237
      vertex -92.0414 -23.3384 37.9138
    endloop
  endfacet
  facet normal -0.141864 -0.278436 -0.94992
    outer loop
      vertex -91.3384 -24.0414 -3.91382
      vertex -92.8679 -25.571 -3.23705
      vertex -91.6436 -23.8859 -3.91382
    endloop
  endfacet
  facet normal -0.308645 -0.0488871 -0.94992
    outer loop
      vertex -92.0414 -23.3384 -3.91382
      vertex -94.1779 -23 -3.23705
      vertex -92.095 -23 -3.91382
    endloop
  endfacet
  facet normal 0.527948 0.269034 -0.805538
    outer loop
      vertex -68.8819 22.3381 -2.4
      vertex -69.9776 21.982 -3.23705
      vertex -69.3391 23.2353 -2.4
    endloop
  endfacet
  facet normal 0.585255 0.0926867 -0.805534
    outer loop
      vertex -69.8221 21 -3.23705
      vertex -68.7244 21.3435 -2.4
      vertex -68.67 21 -2.4
    endloop
  endfacet
  facet normal 0.585258 0.0926758 -0.805534
    outer loop
      vertex -68.7244 21.3435 -2.4
      vertex -69.8221 21 -3.23705
      vertex -69.9776 21.982 -3.23705
    endloop
  endfacet
  facet normal 0.308644 0.0488738 -0.949921
    outer loop
      vertex -69.8221 21 -3.23705
      vertex -71.9586 21.3384 -3.91382
      vertex -69.9776 21.982 -3.23705
    endloop
  endfacet
  facet normal 0.723875 -0.368891 -0.58303
    outer loop
      vertex -67.0682 -24.9274 -0.177933
      vertex -67.6 -25.1983 -0.6668
      vertex -67.6 -24.7546 -0.947535
    endloop
  endfacet
  facet normal 0.527948 -0.269034 -0.805538
    outer loop
      vertex -69.3391 -25.2353 -2.4
      vertex -69.9776 -23.982 -3.23705
      vertex -68.8819 -24.3381 -2.4
    endloop
  endfacet
  facet normal 0.269034 -0.527948 -0.805538
    outer loop
      vertex -71.6619 -27.1181 -2.4
      vertex -72.018 -26.0224 -3.23705
      vertex -70.7647 -26.6609 -2.4
    endloop
  endfacet
  facet normal 0.268942 -0.527998 -0.805536
    outer loop
      vertex -70.7647 -26.6609 -2.4
      vertex -71.1321 -25.571 -3.23705
      vertex -70.4549 -26.5031 -2.4
    endloop
  endfacet
  facet normal 0.26902 -0.527967 -0.80553
    outer loop
      vertex -71.1321 -25.571 -3.23705
      vertex -70.7647 -26.6609 -2.4
      vertex -72.018 -26.0224 -3.23705
    endloop
  endfacet
  facet normal 0.848396 -0.432263 0.305568
    outer loop
      vertex -67.6 -26.9233 32.8308
      vertex -66.4246 -25.1365 32.095
      vertex -67.6 -26.3119 33.6957
    endloop
  endfacet
  facet normal 0.8484 -0.432278 0.305539
    outer loop
      vertex -66.4246 -25.1365 32.095
      vertex -67.6 -26.9233 32.8308
      vertex -67.4066 -27.0638 32.095
    endloop
  endfacet
  facet normal 0.848354 -0.432306 0.305627
    outer loop
      vertex -67.6 -26.3119 33.6957
      vertex -67.0682 -24.9274 34.1779
      vertex -67.6 -25.971 34.1779
    endloop
  endfacet
  facet normal 0.848391 -0.432291 0.305544
    outer loop
      vertex -67.0682 -24.9274 34.1779
      vertex -67.6 -26.3119 33.6957
      vertex -66.4246 -25.1365 32.095
    endloop
  endfacet
  facet normal 0.891008 -0.453987 0
    outer loop
      vertex -67.4066 -27.0638 32.095
      vertex -66.4246 -25.1365 1.90496
      vertex -66.4246 -25.1365 32.095
    endloop
  endfacet
  facet normal 0.891008 -0.453987 0
    outer loop
      vertex -66.4246 -25.1365 1.90496
      vertex -67.4066 -27.0638 32.095
      vertex -67.4066 -27.0638 1.90496
    endloop
  endfacet
  facet normal 0.527967 0.26902 -0.80553
    outer loop
      vertex -70.429 22.8679 -3.23705
      vertex -69.3391 23.2353 -2.4
      vertex -69.9776 21.982 -3.23705
    endloop
  endfacet
  facet normal 0.527998 0.268942 -0.805536
    outer loop
      vertex -69.3391 23.2353 -2.4
      vertex -70.429 22.8679 -3.23705
      vertex -69.4969 23.5451 -2.4
    endloop
  endfacet
  facet normal 0.418972 -0.418972 0.805558
    outer loop
      vertex -70.429 -24.8679 37.237
      vertex -70.4549 -26.5031 36.4
      vertex -69.4969 -25.5451 36.4
    endloop
  endfacet
  facet normal 0.418972 -0.418972 0.805558
    outer loop
      vertex -70.4549 -26.5031 36.4
      vertex -70.429 -24.8679 37.237
      vertex -71.1321 -25.571 37.237
    endloop
  endfacet
  facet normal -0.048889 -0.308658 0.949916
    outer loop
      vertex -91 -24.095 37.9138
      vertex -91.3384 -24.0414 37.9138
      vertex -91 -26.1779 37.237
    endloop
  endfacet
  facet normal -0.048889 0.308658 0.949916
    outer loop
      vertex -91 24.1779 37.237
      vertex -91.3384 22.0414 37.9138
      vertex -91 22.095 37.9138
    endloop
  endfacet
  facet normal -0.148958 -0.940453 0.305547
    outer loop
      vertex -92.9274 -28.9318 34.1779
      vertex -93.1365 -29.5754 32.095
      vertex -91 -29.9138 32.095
    endloop
  endfacet
  facet normal -0.308656 -0.0488758 0.949917
    outer loop
      vertex -92.0414 -23.3384 37.9138
      vertex -94.1779 -23 37.237
      vertex -94.0224 -23.982 37.237
    endloop
  endfacet
  facet normal 0.308656 0.0488758 0.949917
    outer loop
      vertex -69.9776 21.982 37.237
      vertex -71.9586 21.3384 37.9138
      vertex -69.8221 21 37.237
    endloop
  endfacet
  facet normal 0.802438 0.127131 0.583036
    outer loop
      vertex -67.6 22.7546 34.9475
      vertex -67.6 21.8837 35.1374
      vertex -67.0682 22.9274 34.1779
    endloop
  endfacet
  facet normal -0.141876 -0.278441 0.949917
    outer loop
      vertex -91.3384 -24.0414 37.9138
      vertex -92.8679 -25.571 37.237
      vertex -91.982 -26.0224 37.237
    endloop
  endfacet
  facet normal 0.278441 0.141876 0.949917
    outer loop
      vertex -70.429 22.8679 37.237
      vertex -71.9586 21.3384 37.9138
      vertex -69.9776 21.982 37.237
    endloop
  endfacet
  facet normal 0.527978 0.268931 0.805553
    outer loop
      vertex -70.429 22.8679 37.237
      vertex -69.3391 23.2353 36.4
      vertex -69.4969 23.5451 36.4
    endloop
  endfacet
  facet normal 0.527947 0.269009 0.805547
    outer loop
      vertex -69.3391 23.2353 36.4
      vertex -70.429 22.8679 37.237
      vertex -69.9776 21.982 37.237
    endloop
  endfacet
  facet normal 0.048889 0.308658 0.949916
    outer loop
      vertex -73 24.1779 37.237
      vertex -73 22.095 37.9138
      vertex -72.6616 22.0414 37.9138
    endloop
  endfacet
  facet normal 0 -0.309027 0.951053
    outer loop
      vertex -91 -24.095 37.9138
      vertex -73 -26.1779 37.237
      vertex -73 -24.095 37.9138
    endloop
  endfacet
  facet normal 0 -0.309027 0.951053
    outer loop
      vertex -73 -26.1779 37.237
      vertex -91 -24.095 37.9138
      vertex -91 -26.1779 37.237
    endloop
  endfacet
  facet normal 0.268931 0.527978 0.805553
    outer loop
      vertex -70.7647 24.6609 36.4
      vertex -71.1321 23.571 37.237
      vertex -70.4549 24.5031 36.4
    endloop
  endfacet
  facet normal 0.269009 0.527947 0.805547
    outer loop
      vertex -71.1321 23.571 37.237
      vertex -70.7647 24.6609 36.4
      vertex -72.018 24.0224 37.237
    endloop
  endfacet
  facet normal 0.269024 0.527927 0.805555
    outer loop
      vertex -71.6619 25.1181 36.4
      vertex -72.018 24.0224 37.237
      vertex -70.7647 24.6609 36.4
    endloop
  endfacet
  facet normal 0 0.951045 0.309052
    outer loop
      vertex -87.5056 27.7752 32.5217
      vertex -91 27.237 34.1779
      vertex -73 27.237 34.1779
    endloop
  endfacet
  facet normal 4.61582e-06 0.951052 0.30903
    outer loop
      vertex -91 27.237 34.1779
      vertex -87.7497 27.7561 32.5803
      vertex -88 27.7497 32.6
    endloop
  endfacet
  facet normal -0.00045252 0.951325 0.308189
    outer loop
      vertex -91 27.237 34.1779
      vertex -87.5056 27.7752 32.5217
      vertex -87.7497 27.7561 32.5803
    endloop
  endfacet
  facet normal 2.54489e-05 0.951111 0.308851
    outer loop
      vertex -73 27.237 34.1779
      vertex -87.2736 27.8064 32.4256
      vertex -87.5056 27.7752 32.5217
    endloop
  endfacet
  facet normal 2.42446e-05 0.951108 0.30886
    outer loop
      vertex -73 27.237 34.1779
      vertex -87.0595 27.849 32.2944
      vertex -87.2736 27.8064 32.4256
    endloop
  endfacet
  facet normal -2.49295e-05 0.951 0.309192
    outer loop
      vertex -73 27.237 34.1779
      vertex -86.8686 27.902 32.1314
      vertex -87.0595 27.849 32.2944
    endloop
  endfacet
  facet normal -0 0.951053 0.309027
    outer loop
      vertex -86.8376 27.9138 32.095
      vertex -73 27.237 34.1779
      vertex -73 27.9138 32.095
    endloop
  endfacet
  facet normal 9.59177e-05 0.95124 0.308451
    outer loop
      vertex -73 27.237 34.1779
      vertex -86.8376 27.9138 32.095
      vertex -86.8686 27.902 32.1314
    endloop
  endfacet
  facet normal -3.41422e-06 0.951057 0.309016
    outer loop
      vertex -88.2503 27.7561 32.5803
      vertex -91 27.237 34.1779
      vertex -88 27.7497 32.6
    endloop
  endfacet
  facet normal 0.000163756 0.950972 0.309276
    outer loop
      vertex -88.4944 27.7752 32.5217
      vertex -91 27.237 34.1779
      vertex -88.2503 27.7561 32.5803
    endloop
  endfacet
  facet normal -7.24005e-05 0.951077 0.308953
    outer loop
      vertex -88.7264 27.8064 32.4256
      vertex -91 27.237 34.1779
      vertex -88.4944 27.7752 32.5217
    endloop
  endfacet
  facet normal -8.09203e-05 0.95108 0.308943
    outer loop
      vertex -88.9405 27.849 32.2944
      vertex -91 27.237 34.1779
      vertex -88.7264 27.8064 32.4256
    endloop
  endfacet
  facet normal 9.5067e-05 0.951024 0.309117
    outer loop
      vertex -89.1314 27.902 32.1314
      vertex -91 27.237 34.1779
      vertex -88.9405 27.849 32.2944
    endloop
  endfacet
  facet normal -0 0.951264 0.308377
    outer loop
      vertex -91 27.9138 32.095
      vertex -89.1314 27.902 32.1314
      vertex -89.1624 27.9138 32.095
    endloop
  endfacet
  facet normal -1.40015e-05 0.951053 0.309027
    outer loop
      vertex -89.1314 27.902 32.1314
      vertex -91 27.9138 32.095
      vertex -91 27.237 34.1779
    endloop
  endfacet
  facet normal 0.707107 0.707107 0
    outer loop
      vertex -67.4066 25.0638 32.095
      vertex -67.6 25.2572 1.90496
      vertex -67.6 25.2572 32.095
    endloop
  endfacet
  facet normal 0.707107 0.707107 0
    outer loop
      vertex -67.6 25.2572 1.90496
      vertex -67.4066 25.0638 32.095
      vertex -67.4066 25.0638 1.90496
    endloop
  endfacet
  facet normal 0.707107 0.707107 0
    outer loop
      vertex -68.7428 26.4 32.095
      vertex -68.9362 26.5934 1.90496
      vertex -68.9362 26.5934 32.095
    endloop
  endfacet
  facet normal 0.707107 0.707107 0
    outer loop
      vertex -68.9362 26.5934 1.90496
      vertex -68.7428 26.4 32.095
      vertex -68.7428 26.4 1.90496
    endloop
  endfacet
  facet normal 0.723892 0.368883 0.583014
    outer loop
      vertex -67.6 23.971 34.1779
      vertex -67.6 23.1983 34.6668
      vertex -67.0682 22.9274 34.1779
    endloop
  endfacet
  facet normal -0.0926787 -0.585259 -0.805533
    outer loop
      vertex -91.3435 -27.2756 -2.4
      vertex -92.3381 -27.1181 -2.4
      vertex -91.982 -26.0224 -3.23705
    endloop
  endfacet
  facet normal -0.368874 -0.723876 -0.583039
    outer loop
      vertex -92.9274 -28.9318 -0.177933
      vertex -93.971 -28.4 -0.177933
      vertex -93.1983 -28.4 -0.666801
    endloop
  endfacet
  facet normal -0.587785 -0 -0.809017
    outer loop
      vertex -95.33 -22.4 -2.4
      vertex -94.1779 -23 -3.23705
      vertex -95.33 -23 -2.4
    endloop
  endfacet
  facet normal -0.587785 0 -0.809017
    outer loop
      vertex -94.1779 -23 -3.23705
      vertex -95.33 -22.4 -2.4
      vertex -94.1779 21 -3.23705
    endloop
  endfacet
  facet normal -0.587785 -0 -0.809017
    outer loop
      vertex -95.33 20.4 -2.4
      vertex -94.1779 21 -3.23705
      vertex -95.33 -22.4 -2.4
    endloop
  endfacet
  facet normal -0.587785 0 -0.809017
    outer loop
      vertex -94.1779 21 -3.23705
      vertex -95.33 20.4 -2.4
      vertex -95.33 21 -2.4
    endloop
  endfacet
  facet normal -0.418972 -0.418972 0.805558
    outer loop
      vertex -93.571 -24.8679 37.237
      vertex -93.5451 -26.5031 36.4
      vertex -92.8679 -25.571 37.237
    endloop
  endfacet
  facet normal -0.418972 -0.418972 0.805558
    outer loop
      vertex -93.5451 -26.5031 36.4
      vertex -93.571 -24.8679 37.237
      vertex -94.5031 -25.5451 36.4
    endloop
  endfacet
  facet normal -0.673294 -0.673294 0.305535
    outer loop
      vertex -94.9233 -28.4 32.8308
      vertex -95.2572 -28.4 32.095
      vertex -95.0638 -28.5934 32.095
    endloop
  endfacet
  facet normal -0.278441 -0.141876 0.949917
    outer loop
      vertex -92.0414 -23.3384 37.9138
      vertex -94.0224 -23.982 37.237
      vertex -93.571 -24.8679 37.237
    endloop
  endfacet
  facet normal -0.0488758 -0.308656 0.949917
    outer loop
      vertex -91.3384 -24.0414 37.9138
      vertex -91.982 -26.0224 37.237
      vertex -91 -26.1779 37.237
    endloop
  endfacet
  facet normal 0.220974 -0.220974 0.949916
    outer loop
      vertex -72.1141 -23.6436 37.9138
      vertex -71.1321 -25.571 37.237
      vertex -70.429 -24.8679 37.237
    endloop
  endfacet
  facet normal 0.220974 -0.220974 0.949916
    outer loop
      vertex -71.1321 -25.571 37.237
      vertex -72.1141 -23.6436 37.9138
      vertex -72.3564 -23.8859 37.9138
    endloop
  endfacet
  facet normal -0.269034 -0.527948 -0.805538
    outer loop
      vertex -92.3381 -27.1181 -2.4
      vertex -93.2353 -26.6609 -2.4
      vertex -91.982 -26.0224 -3.23705
    endloop
  endfacet
  facet normal -0.127069 -0.802466 -0.58301
    outer loop
      vertex -91.8837 -28.4 -1.13739
      vertex -91 -29.237 -0.177933
      vertex -92.9274 -28.9318 -0.177933
    endloop
  endfacet
  facet normal -0.127089 -0.802473 -0.582997
    outer loop
      vertex -91 -29.237 -0.177933
      vertex -91.8837 -28.4 -1.13739
      vertex -91 -28.4 -1.33003
    endloop
  endfacet
  facet normal -0.308645 0.0488871 -0.94992
    outer loop
      vertex -92.095 21 -3.91382
      vertex -94.1779 21 -3.23705
      vertex -92.0414 21.3384 -3.91382
    endloop
  endfacet
  facet normal -0.585258 0.0926758 -0.805534
    outer loop
      vertex -94.1779 21 -3.23705
      vertex -95.2756 21.3435 -2.4
      vertex -94.0224 21.982 -3.23705
    endloop
  endfacet
  facet normal -0.585255 0.0926867 -0.805534
    outer loop
      vertex -95.2756 21.3435 -2.4
      vertex -94.1779 21 -3.23705
      vertex -95.33 21 -2.4
    endloop
  endfacet
  facet normal -0.585259 0.0926787 -0.805533
    outer loop
      vertex -94.0224 21.982 -3.23705
      vertex -95.2756 21.3435 -2.4
      vertex -95.1181 22.3381 -2.4
    endloop
  endfacet
  facet normal -0.26902 0.527967 -0.80553
    outer loop
      vertex -92.8679 23.571 -3.23705
      vertex -93.2353 24.6609 -2.4
      vertex -91.982 24.0224 -3.23705
    endloop
  endfacet
  facet normal -0.268942 0.527998 -0.805536
    outer loop
      vertex -93.2353 24.6609 -2.4
      vertex -92.8679 23.571 -3.23705
      vertex -93.5451 24.5031 -2.4
    endloop
  endfacet
  facet normal -0.269034 0.527948 -0.805538
    outer loop
      vertex -91.982 24.0224 -3.23705
      vertex -93.2353 24.6609 -2.4
      vertex -92.3381 25.1181 -2.4
    endloop
  endfacet
  facet normal 0 0.587785 -0.809017
    outer loop
      vertex -73 24.1779 -3.23705
      vertex -88 25.33 -2.4
      vertex -73 25.33 -2.4
    endloop
  endfacet
  facet normal 0 0.587785 -0.809017
    outer loop
      vertex -91 24.1779 -3.23705
      vertex -88 25.33 -2.4
      vertex -73 24.1779 -3.23705
    endloop
  endfacet
  facet normal 0 0.587785 -0.809017
    outer loop
      vertex -88 25.33 -2.4
      vertex -91 24.1779 -3.23705
      vertex -91 25.33 -2.4
    endloop
  endfacet
  facet normal 0.127069 0.802466 -0.58301
    outer loop
      vertex -72.1163 26.4 -1.13739
      vertex -73 27.237 -0.177933
      vertex -71.0726 26.9318 -0.177933
    endloop
  endfacet
  facet normal 0.127089 0.802473 -0.582997
    outer loop
      vertex -73 27.237 -0.177933
      vertex -72.1163 26.4 -1.13739
      vertex -73 26.4 -1.33003
    endloop
  endfacet
  facet normal -0.127063 0.802476 0.582998
    outer loop
      vertex -91 27.237 34.1779
      vertex -91.8837 26.4 35.1374
      vertex -91 26.4 35.33
    endloop
  endfacet
  facet normal -0.127071 0.802479 0.582993
    outer loop
      vertex -91.8837 26.4 35.1374
      vertex -91 27.237 34.1779
      vertex -92.9274 26.9318 34.1779
    endloop
  endfacet
  facet normal -0.368848 0.723893 0.583035
    outer loop
      vertex -92.9274 26.9318 34.1779
      vertex -93.1983 26.4 34.6668
      vertex -92.7546 26.4 34.9475
    endloop
  endfacet
  facet normal -0 0.309027 0.951053
    outer loop
      vertex -91 24.1779 37.237
      vertex -73 22.095 37.9138
      vertex -73 24.1779 37.237
    endloop
  endfacet
  facet normal 0 0.309027 0.951053
    outer loop
      vertex -73 22.095 37.9138
      vertex -91 24.1779 37.237
      vertex -91 22.095 37.9138
    endloop
  endfacet
  facet normal -0.418972 0.418972 0.805558
    outer loop
      vertex -93.5451 24.5031 36.4
      vertex -93.571 22.8679 37.237
      vertex -92.8679 23.571 37.237
    endloop
  endfacet
  facet normal -0.418972 0.418972 0.805558
    outer loop
      vertex -93.571 22.8679 37.237
      vertex -93.5451 24.5031 36.4
      vertex -94.5031 23.5451 36.4
    endloop
  endfacet
  facet normal 0.0926751 -0.585236 0.805549
    outer loop
      vertex -72.018 -26.0224 37.237
      vertex -72.6565 -27.2756 36.4
      vertex -71.6619 -27.1181 36.4
    endloop
  endfacet
  facet normal 0.268931 -0.527978 0.805553
    outer loop
      vertex -71.1321 -25.571 37.237
      vertex -70.7647 -26.6609 36.4
      vertex -70.4549 -26.5031 36.4
    endloop
  endfacet
  facet normal 0.269009 -0.527947 0.805547
    outer loop
      vertex -70.7647 -26.6609 36.4
      vertex -71.1321 -25.571 37.237
      vertex -72.018 -26.0224 37.237
    endloop
  endfacet
  facet normal 0.278448 0.14187 0.949916
    outer loop
      vertex -70.429 22.8679 37.237
      vertex -72.1141 21.6436 37.9138
      vertex -71.9586 21.3384 37.9138
    endloop
  endfacet
  facet normal 0.278448 -0.14187 0.949916
    outer loop
      vertex -71.9586 -23.3384 37.9138
      vertex -72.1141 -23.6436 37.9138
      vertex -70.429 -24.8679 37.237
    endloop
  endfacet
  facet normal 0.278441 -0.141876 0.949917
    outer loop
      vertex -69.9776 -23.982 37.237
      vertex -71.9586 -23.3384 37.9138
      vertex -70.429 -24.8679 37.237
    endloop
  endfacet
  facet normal 0.220974 0.220974 0.949916
    outer loop
      vertex -71.1321 23.571 37.237
      vertex -72.1141 21.6436 37.9138
      vertex -70.429 22.8679 37.237
    endloop
  endfacet
  facet normal 0.220974 0.220974 0.949916
    outer loop
      vertex -72.1141 21.6436 37.9138
      vertex -71.1321 23.571 37.237
      vertex -72.3564 21.8859 37.9138
    endloop
  endfacet
  facet normal 0.585233 0.0926831 0.805551
    outer loop
      vertex -68.7244 21.3435 36.4
      vertex -69.8221 21 37.237
      vertex -68.67 21 36.4
    endloop
  endfacet
  facet normal 0.585235 0.0926722 0.80555
    outer loop
      vertex -69.8221 21 37.237
      vertex -68.7244 21.3435 36.4
      vertex -69.9776 21.982 37.237
    endloop
  endfacet
  facet normal 0.585236 0.0926751 0.805549
    outer loop
      vertex -68.8819 22.3381 36.4
      vertex -69.9776 21.982 37.237
      vertex -68.7244 21.3435 36.4
    endloop
  endfacet
  facet normal 0.0926831 0.585233 0.805551
    outer loop
      vertex -73 24.1779 37.237
      vertex -72.6565 25.2756 36.4
      vertex -73 25.33 36.4
    endloop
  endfacet
  facet normal 0.0926722 0.585235 0.80555
    outer loop
      vertex -72.6565 25.2756 36.4
      vertex -73 24.1779 37.237
      vertex -72.018 24.0224 37.237
    endloop
  endfacet
  facet normal 0.0488758 0.308656 0.949917
    outer loop
      vertex -72.018 24.0224 37.237
      vertex -73 24.1779 37.237
      vertex -72.6616 22.0414 37.9138
    endloop
  endfacet
  facet normal -0.585259 -0.0926787 -0.805533
    outer loop
      vertex -95.1181 -24.3381 -2.4
      vertex -95.2756 -23.3435 -2.4
      vertex -94.0224 -23.982 -3.23705
    endloop
  endfacet
  facet normal -0.527948 -0.269034 -0.805538
    outer loop
      vertex -94.6609 -25.2353 -2.4
      vertex -95.1181 -24.3381 -2.4
      vertex -94.0224 -23.982 -3.23705
    endloop
  endfacet
  facet normal -0.148918 -0.940448 0.305581
    outer loop
      vertex -91 -29.237 34.1779
      vertex -92.9274 -28.9318 34.1779
      vertex -91 -29.9138 32.095
    endloop
  endfacet
  facet normal -0.127071 -0.802479 0.582993
    outer loop
      vertex -91 -29.237 34.1779
      vertex -91.8837 -28.4 35.1374
      vertex -92.9274 -28.9318 34.1779
    endloop
  endfacet
  facet normal -0.127063 -0.802476 0.582998
    outer loop
      vertex -91.8837 -28.4 35.1374
      vertex -91 -29.237 34.1779
      vertex -91 -28.4 35.33
    endloop
  endfacet
  facet normal -0.127131 -0.802438 0.583036
    outer loop
      vertex -92.7546 -28.4 34.9475
      vertex -92.9274 -28.9318 34.1779
      vertex -91.8837 -28.4 35.1374
    endloop
  endfacet
  facet normal -0.527947 -0.269009 0.805547
    outer loop
      vertex -94.6609 -25.2353 36.4
      vertex -93.571 -24.8679 37.237
      vertex -94.0224 -23.982 37.237
    endloop
  endfacet
  facet normal -0.527978 -0.268931 0.805553
    outer loop
      vertex -93.571 -24.8679 37.237
      vertex -94.6609 -25.2353 36.4
      vertex -94.5031 -25.5451 36.4
    endloop
  endfacet
  facet normal -0.269009 -0.527947 0.805547
    outer loop
      vertex -92.8679 -25.571 37.237
      vertex -93.2353 -26.6609 36.4
      vertex -91.982 -26.0224 37.237
    endloop
  endfacet
  facet normal -0.268931 -0.527978 0.805553
    outer loop
      vertex -93.2353 -26.6609 36.4
      vertex -92.8679 -25.571 37.237
      vertex -93.5451 -26.5031 36.4
    endloop
  endfacet
  facet normal -0.1271 -0.802446 -0.583032
    outer loop
      vertex -91.8837 -28.4 -1.13739
      vertex -92.9274 -28.9318 -0.177933
      vertex -92.7546 -28.4 -0.947536
    endloop
  endfacet
  facet normal -0.368891 -0.723876 -0.58303
    outer loop
      vertex -92.9274 -28.9318 -0.177933
      vertex -93.1983 -28.4 -0.666801
      vertex -92.7546 -28.4 -0.947536
    endloop
  endfacet
  facet normal -0.418989 -0.418989 -0.805541
    outer loop
      vertex -93.5451 -26.5031 -2.4
      vertex -93.571 -24.8679 -3.23705
      vertex -92.8679 -25.571 -3.23705
    endloop
  endfacet
  facet normal -0.418989 -0.418989 -0.805541
    outer loop
      vertex -93.571 -24.8679 -3.23705
      vertex -93.5451 -26.5031 -2.4
      vertex -94.5031 -25.5451 -2.4
    endloop
  endfacet
  facet normal -0.220966 0.220966 -0.94992
    outer loop
      vertex -91.8859 21.6436 -3.91382
      vertex -92.8679 23.571 -3.23705
      vertex -91.6436 21.8859 -3.91382
    endloop
  endfacet
  facet normal -0.220966 0.220966 -0.94992
    outer loop
      vertex -92.8679 23.571 -3.23705
      vertex -91.8859 21.6436 -3.91382
      vertex -93.571 22.8679 -3.23705
    endloop
  endfacet
  facet normal 0.148918 0.940448 -0.305582
    outer loop
      vertex -71.0726 26.9318 -0.177933
      vertex -73 27.237 -0.177933
      vertex -73 27.9138 1.90496
    endloop
  endfacet
  facet normal -0.585236 0.0926751 0.805549
    outer loop
      vertex -95.1181 22.3381 36.4
      vertex -95.2756 21.3435 36.4
      vertex -94.0224 21.982 37.237
    endloop
  endfacet
  facet normal -0.527927 0.269024 0.805555
    outer loop
      vertex -94.6609 23.2353 36.4
      vertex -95.1181 22.3381 36.4
      vertex -94.0224 21.982 37.237
    endloop
  endfacet
  facet normal -0.220974 0.220974 0.949916
    outer loop
      vertex -92.8679 23.571 37.237
      vertex -91.8859 21.6436 37.9138
      vertex -91.6436 21.8859 37.9138
    endloop
  endfacet
  facet normal -0.220974 0.220974 0.949916
    outer loop
      vertex -91.8859 21.6436 37.9138
      vertex -92.8679 23.571 37.237
      vertex -93.571 22.8679 37.237
    endloop
  endfacet
  facet normal -0.673294 0.673294 0.305535
    outer loop
      vertex -95.0638 26.5934 32.095
      vertex -95.2572 26.4 32.095
      vertex -94.9233 26.4 32.8308
    endloop
  endfacet
  facet normal -0.368883 0.723892 0.583014
    outer loop
      vertex -92.9274 26.9318 34.1779
      vertex -93.971 26.4 34.1779
      vertex -93.1983 26.4 34.6668
    endloop
  endfacet
  facet normal 0.368848 -0.723893 0.583035
    outer loop
      vertex -70.8017 -28.4 34.6668
      vertex -71.2454 -28.4 34.9475
      vertex -71.0726 -28.9318 34.1779
    endloop
  endfacet
  facet normal 0.269024 -0.527927 0.805555
    outer loop
      vertex -70.7647 -26.6609 36.4
      vertex -72.018 -26.0224 37.237
      vertex -71.6619 -27.1181 36.4
    endloop
  endfacet
  facet normal -0.278448 -0.14187 0.949916
    outer loop
      vertex -92.0414 -23.3384 37.9138
      vertex -93.571 -24.8679 37.237
      vertex -91.8859 -23.6436 37.9138
    endloop
  endfacet
  facet normal -0.308644 -0.0488738 -0.949921
    outer loop
      vertex -94.0224 -23.982 -3.23705
      vertex -94.1779 -23 -3.23705
      vertex -92.0414 -23.3384 -3.91382
    endloop
  endfacet
  facet normal -0.27843 -0.141871 -0.949921
    outer loop
      vertex -93.571 -24.8679 -3.23705
      vertex -94.0224 -23.982 -3.23705
      vertex -92.0414 -23.3384 -3.91382
    endloop
  endfacet
  facet normal -0.269024 -0.527927 0.805555
    outer loop
      vertex -91.982 -26.0224 37.237
      vertex -93.2353 -26.6609 36.4
      vertex -92.3381 -27.1181 36.4
    endloop
  endfacet
  facet normal -0.0926751 -0.585236 0.805549
    outer loop
      vertex -91.982 -26.0224 37.237
      vertex -92.3381 -27.1181 36.4
      vertex -91.3435 -27.2756 36.4
    endloop
  endfacet
  facet normal 0 0 1
    outer loop
      vertex -73 22.095 37.9138
      vertex -71.905 21 37.9138
      vertex -71.9586 21.3384 37.9138
    endloop
  endfacet
  facet normal 0 0 1
    outer loop
      vertex -71.905 21 37.9138
      vertex -92.095 21 37.9138
      vertex -71.905 -23 37.9138
    endloop
  endfacet
  facet normal 0 0 1
    outer loop
      vertex -73 22.095 37.9138
      vertex -71.9586 21.3384 37.9138
      vertex -72.1141 21.6436 37.9138
    endloop
  endfacet
  facet normal 0 0 1
    outer loop
      vertex -92.095 -23 37.9138
      vertex -71.905 -23 37.9138
      vertex -92.095 21 37.9138
    endloop
  endfacet
  facet normal 0 0 1
    outer loop
      vertex -73 22.095 37.9138
      vertex -72.1141 21.6436 37.9138
      vertex -72.3564 21.8859 37.9138
    endloop
  endfacet
  facet normal 0 0 1
    outer loop
      vertex -71.905 21 37.9138
      vertex -73 22.095 37.9138
      vertex -92.095 21 37.9138
    endloop
  endfacet
  facet normal 0 0 1
    outer loop
      vertex -73 22.095 37.9138
      vertex -72.3564 21.8859 37.9138
      vertex -72.6616 22.0414 37.9138
    endloop
  endfacet
  facet normal 0 -0 1
    outer loop
      vertex -73 -24.095 37.9138
      vertex -71.905 -23 37.9138
      vertex -92.095 -23 37.9138
    endloop
  endfacet
  facet normal 0 0 1
    outer loop
      vertex -72.1141 -23.6436 37.9138
      vertex -73 -24.095 37.9138
      vertex -72.3564 -23.8859 37.9138
    endloop
  endfacet
  facet normal 0 0 1
    outer loop
      vertex -72.3564 -23.8859 37.9138
      vertex -73 -24.095 37.9138
      vertex -72.6616 -24.0414 37.9138
    endloop
  endfacet
  facet normal 0 0 1
    outer loop
      vertex -92.095 21 37.9138
      vertex -73 22.095 37.9138
      vertex -91 22.095 37.9138
    endloop
  endfacet
  facet normal 0 0 1
    outer loop
      vertex -71.905 -23 37.9138
      vertex -73 -24.095 37.9138
      vertex -71.9586 -23.3384 37.9138
    endloop
  endfacet
  facet normal 0 0 1
    outer loop
      vertex -92.095 21 37.9138
      vertex -91 22.095 37.9138
      vertex -91.3384 22.0414 37.9138
    endloop
  endfacet
  facet normal 0 0 1
    outer loop
      vertex -71.9586 -23.3384 37.9138
      vertex -73 -24.095 37.9138
      vertex -72.1141 -23.6436 37.9138
    endloop
  endfacet
  facet normal 0 0 1
    outer loop
      vertex -92.095 21 37.9138
      vertex -91.3384 22.0414 37.9138
      vertex -91.6436 21.8859 37.9138
    endloop
  endfacet
  facet normal 0 0 1
    outer loop
      vertex -73 -24.095 37.9138
      vertex -92.095 -23 37.9138
      vertex -91 -24.095 37.9138
    endloop
  endfacet
  facet normal 0 0 1
    outer loop
      vertex -92.095 21 37.9138
      vertex -91.6436 21.8859 37.9138
      vertex -91.8859 21.6436 37.9138
    endloop
  endfacet
  facet normal 0 0 1
    outer loop
      vertex -91 -24.095 37.9138
      vertex -92.095 -23 37.9138
      vertex -91.3384 -24.0414 37.9138
    endloop
  endfacet
  facet normal 0 0 1
    outer loop
      vertex -92.095 21 37.9138
      vertex -91.8859 21.6436 37.9138
      vertex -92.0414 21.3384 37.9138
    endloop
  endfacet
  facet normal 0 0 1
    outer loop
      vertex -91.3384 -24.0414 37.9138
      vertex -92.095 -23 37.9138
      vertex -91.6436 -23.8859 37.9138
    endloop
  endfacet
  facet normal 0 0 1
    outer loop
      vertex -91.6436 -23.8859 37.9138
      vertex -92.095 -23 37.9138
      vertex -91.8859 -23.6436 37.9138
    endloop
  endfacet
  facet normal 0 0 1
    outer loop
      vertex -91.8859 -23.6436 37.9138
      vertex -92.095 -23 37.9138
      vertex -92.0414 -23.3384 37.9138
    endloop
  endfacet
  facet normal 0.0926787 0.585259 -0.805533
    outer loop
      vertex -72.018 24.0224 -3.23705
      vertex -72.6565 25.2756 -2.4
      vertex -71.6619 25.1181 -2.4
    endloop
  endfacet
  facet normal 0.1271 0.802446 -0.583032
    outer loop
      vertex -71.2454 26.4 -0.947536
      vertex -72.1163 26.4 -1.13739
      vertex -71.0726 26.9318 -0.177933
    endloop
  endfacet
  facet normal 0 0.951053 -0.309028
    outer loop
      vertex -73 27.237 -0.177933
      vertex -91 27.9138 1.90496
      vertex -73 27.9138 1.90496
    endloop
  endfacet
  facet normal 0 0.951053 -0.309028
    outer loop
      vertex -91 27.9138 1.90496
      vertex -73 27.237 -0.177933
      vertex -91 27.237 -0.177933
    endloop
  endfacet
  facet normal -0.269009 0.527947 0.805547
    outer loop
      vertex -93.2353 24.6609 36.4
      vertex -92.8679 23.571 37.237
      vertex -91.982 24.0224 37.237
    endloop
  endfacet
  facet normal -0.268931 0.527978 0.805553
    outer loop
      vertex -92.8679 23.571 37.237
      vertex -93.2353 24.6609 36.4
      vertex -93.5451 24.5031 36.4
    endloop
  endfacet
  facet normal -0.141876 0.278441 0.949917
    outer loop
      vertex -91.982 24.0224 37.237
      vertex -92.8679 23.571 37.237
      vertex -91.3384 22.0414 37.9138
    endloop
  endfacet
  facet normal -0.14187 0.278448 0.949916
    outer loop
      vertex -91.3384 22.0414 37.9138
      vertex -92.8679 23.571 37.237
      vertex -91.6436 21.8859 37.9138
    endloop
  endfacet
  facet normal -0.269024 0.527927 0.805555
    outer loop
      vertex -92.3381 25.1181 36.4
      vertex -93.2353 24.6609 36.4
      vertex -91.982 24.0224 37.237
    endloop
  endfacet
  facet normal -0.0926751 0.585236 0.805549
    outer loop
      vertex -91.3435 25.2756 36.4
      vertex -92.3381 25.1181 36.4
      vertex -91.982 24.0224 37.237
    endloop
  endfacet
  facet normal 0.99693 -0.0782941 0
    outer loop
      vertex -70.4 3 -2.4
      vertex -70.3828 3.21901 -2.5
      vertex -70.3828 3.21901 -2.4
    endloop
  endfacet
  facet normal 0.99693 -0.0782941 0
    outer loop
      vertex -70.3828 3.21901 -2.5
      vertex -70.4 3 -2.4
      vertex -70.4 3 -2.5
    endloop
  endfacet
  facet normal 0.760573 -0.649253 0
    outer loop
      vertex -70.1326 3.8229 -2.4
      vertex -69.99 3.98995 -2.5
      vertex -69.99 3.98995 -2.4
    endloop
  endfacet
  facet normal 0.760573 -0.649253 0
    outer loop
      vertex -69.99 3.98995 -2.5
      vertex -70.1326 3.8229 -2.4
      vertex -70.1326 3.8229 -2.5
    endloop
  endfacet
  facet normal 0.382624 0.923904 -0
    outer loop
      vertex -69.4326 1.66852 -2.5
      vertex -69.6356 1.75259 -2.4
      vertex -69.4326 1.66852 -2.4
    endloop
  endfacet
  facet normal 0.382624 0.923904 0
    outer loop
      vertex -69.6356 1.75259 -2.4
      vertex -69.4326 1.66852 -2.5
      vertex -69.6356 1.75259 -2.5
    endloop
  endfacet
  facet normal 0.852607 0.522552 0
    outer loop
      vertex -70.1326 2.1771 -2.4
      vertex -70.2474 2.36441 -2.5
      vertex -70.2474 2.36441 -2.4
    endloop
  endfacet
  facet normal 0.852607 0.522552 0
    outer loop
      vertex -70.2474 2.36441 -2.5
      vertex -70.1326 2.1771 -2.4
      vertex -70.1326 2.1771 -2.5
    endloop
  endfacet
  facet normal 0.649325 0.760511 -0
    outer loop
      vertex -69.8229 1.86738 -2.5
      vertex -69.99 2.01005 -2.4
      vertex -69.8229 1.86738 -2.4
    endloop
  endfacet
  facet normal 0.649325 0.760511 0
    outer loop
      vertex -69.99 2.01005 -2.4
      vertex -69.8229 1.86738 -2.5
      vertex -69.99 2.01005 -2.5
    endloop
  endfacet
  facet normal 0.233442 -0.972371 0
    outer loop
      vertex -69.4326 4.33148 -2.5
      vertex -69.219 4.38276 -2.4
      vertex -69.4326 4.33148 -2.4
    endloop
  endfacet
  facet normal 0.233442 -0.972371 0
    outer loop
      vertex -69.219 4.38276 -2.4
      vertex -69.4326 4.33148 -2.5
      vertex -69.219 4.38276 -2.5
    endloop
  endfacet
  facet normal -0.233456 -0.972367 0
    outer loop
      vertex -68.67 4.35611 -2.4
      vertex -68.781 4.38276 -2.4
      vertex -68.781 4.38276 -2.48066
    endloop
  endfacet
  facet normal -0.233456 0.972367 0
    outer loop
      vertex -68.781 1.61724 -2.4
      vertex -68.67 1.64389 -2.4
      vertex -68.781 1.61724 -2.48066
    endloop
  endfacet
  facet normal 0.52254 0.852615 -0
    outer loop
      vertex -69.6356 1.75259 -2.5
      vertex -69.8229 1.86738 -2.4
      vertex -69.6356 1.75259 -2.4
    endloop
  endfacet
  facet normal 0.52254 0.852615 0
    outer loop
      vertex -69.8229 1.86738 -2.4
      vertex -69.6356 1.75259 -2.5
      vertex -69.8229 1.86738 -2.5
    endloop
  endfacet
  facet normal 0.99693 0.0782941 0
    outer loop
      vertex -70.3828 2.78099 -2.4
      vertex -70.4 3 -2.5
      vertex -70.4 3 -2.4
    endloop
  endfacet
  facet normal 0.99693 0.0782941 0
    outer loop
      vertex -70.4 3 -2.5
      vertex -70.3828 2.78099 -2.4
      vertex -70.3828 2.78099 -2.5
    endloop
  endfacet
  facet normal 0.852607 -0.522552 0
    outer loop
      vertex -70.2474 3.63559 -2.4
      vertex -70.1326 3.8229 -2.5
      vertex -70.1326 3.8229 -2.4
    endloop
  endfacet
  facet normal 0.852607 -0.522552 0
    outer loop
      vertex -70.1326 3.8229 -2.5
      vertex -70.2474 3.63559 -2.4
      vertex -70.2474 3.63559 -2.5
    endloop
  endfacet
  facet normal 0.972353 -0.233518 0
    outer loop
      vertex -70.3828 3.21901 -2.4
      vertex -70.3315 3.43262 -2.5
      vertex -70.3315 3.43262 -2.4
    endloop
  endfacet
  facet normal 0.972353 -0.233518 0
    outer loop
      vertex -70.3315 3.43262 -2.5
      vertex -70.3828 3.21901 -2.4
      vertex -70.3828 3.21901 -2.5
    endloop
  endfacet
  facet normal 0.0784787 0.996916 -0
    outer loop
      vertex -69 1.6 -2.5
      vertex -69.219 1.61724 -2.4
      vertex -69 1.6 -2.4
    endloop
  endfacet
  facet normal 0.0784787 0.996916 0
    outer loop
      vertex -69.219 1.61724 -2.4
      vertex -69 1.6 -2.5
      vertex -69.219 1.61724 -2.5
    endloop
  endfacet
  facet normal 0.649325 -0.760511 0
    outer loop
      vertex -69.99 3.98995 -2.5
      vertex -69.8229 4.13262 -2.4
      vertex -69.99 3.98995 -2.4
    endloop
  endfacet
  facet normal 0.649325 -0.760511 0
    outer loop
      vertex -69.8229 4.13262 -2.4
      vertex -69.99 3.98995 -2.5
      vertex -69.8229 4.13262 -2.5
    endloop
  endfacet
  facet normal 0.972353 0.233518 0
    outer loop
      vertex -70.3315 2.56738 -2.4
      vertex -70.3828 2.78099 -2.5
      vertex -70.3828 2.78099 -2.4
    endloop
  endfacet
  facet normal 0.972353 0.233518 0
    outer loop
      vertex -70.3828 2.78099 -2.5
      vertex -70.3315 2.56738 -2.4
      vertex -70.3315 2.56738 -2.5
    endloop
  endfacet
  facet normal -0.0787025 0.996898 0
    outer loop
      vertex -68.8076 1.61514 -2.5
      vertex -68.781 1.61724 -2.4
      vertex -68.781 1.61724 -2.48066
    endloop
  endfacet
  facet normal -0.0784787 0.996916 -5.9906e-05
    outer loop
      vertex -68.781 1.61724 -2.4
      vertex -68.8076 1.61514 -2.5
      vertex -69 1.6 -2.4
    endloop
  endfacet
  facet normal -0.0784477 0.996918 0
    outer loop
      vertex -69 1.6 -2.4
      vertex -68.8076 1.61514 -2.5
      vertex -69 1.6 -2.5
    endloop
  endfacet
  facet normal -0.0784787 -0.996916 -5.9906e-05
    outer loop
      vertex -68.8076 4.38486 -2.5
      vertex -68.781 4.38276 -2.4
      vertex -69 4.4 -2.4
    endloop
  endfacet
  facet normal -0.0784477 -0.996918 0
    outer loop
      vertex -68.8076 4.38486 -2.5
      vertex -69 4.4 -2.4
      vertex -69 4.4 -2.5
    endloop
  endfacet
  facet normal -0.0787025 -0.996898 -0
    outer loop
      vertex -68.781 4.38276 -2.4
      vertex -68.8076 4.38486 -2.5
      vertex -68.781 4.38276 -2.48066
    endloop
  endfacet
  facet normal 0.382624 -0.923904 0
    outer loop
      vertex -69.6356 4.24741 -2.5
      vertex -69.4326 4.33148 -2.4
      vertex -69.6356 4.24741 -2.4
    endloop
  endfacet
  facet normal 0.382624 -0.923904 0
    outer loop
      vertex -69.4326 4.33148 -2.4
      vertex -69.6356 4.24741 -2.5
      vertex -69.4326 4.33148 -2.5
    endloop
  endfacet
  facet normal 0.760573 0.649253 0
    outer loop
      vertex -69.99 2.01005 -2.4
      vertex -70.1326 2.1771 -2.5
      vertex -70.1326 2.1771 -2.4
    endloop
  endfacet
  facet normal 0.760573 0.649253 0
    outer loop
      vertex -70.1326 2.1771 -2.5
      vertex -69.99 2.01005 -2.4
      vertex -69.99 2.01005 -2.5
    endloop
  endfacet
  facet normal 0.923836 0.382789 0
    outer loop
      vertex -70.2474 2.36441 -2.4
      vertex -70.3315 2.56738 -2.5
      vertex -70.3315 2.56738 -2.4
    endloop
  endfacet
  facet normal 0.923836 0.382789 0
    outer loop
      vertex -70.3315 2.56738 -2.5
      vertex -70.2474 2.36441 -2.4
      vertex -70.2474 2.36441 -2.5
    endloop
  endfacet
  facet normal 0.0784787 -0.996916 0
    outer loop
      vertex -69.219 4.38276 -2.5
      vertex -69 4.4 -2.4
      vertex -69.219 4.38276 -2.4
    endloop
  endfacet
  facet normal 0.0784787 -0.996916 0
    outer loop
      vertex -69 4.4 -2.4
      vertex -69.219 4.38276 -2.5
      vertex -69 4.4 -2.5
    endloop
  endfacet
  facet normal 0.52254 -0.852615 0
    outer loop
      vertex -69.8229 4.13262 -2.5
      vertex -69.6356 4.24741 -2.4
      vertex -69.8229 4.13262 -2.4
    endloop
  endfacet
  facet normal 0.52254 -0.852615 0
    outer loop
      vertex -69.6356 4.24741 -2.4
      vertex -69.8229 4.13262 -2.5
      vertex -69.6356 4.24741 -2.5
    endloop
  endfacet
  facet normal 0.233442 0.972371 -0
    outer loop
      vertex -69.219 1.61724 -2.5
      vertex -69.4326 1.66852 -2.4
      vertex -69.219 1.61724 -2.4
    endloop
  endfacet
  facet normal 0.233442 0.972371 0
    outer loop
      vertex -69.4326 1.66852 -2.4
      vertex -69.219 1.61724 -2.5
      vertex -69.4326 1.66852 -2.5
    endloop
  endfacet
  facet normal 0.923836 -0.382789 0
    outer loop
      vertex -70.3315 3.43262 -2.4
      vertex -70.2474 3.63559 -2.5
      vertex -70.2474 3.63559 -2.4
    endloop
  endfacet
  facet normal 0.923836 -0.382789 0
    outer loop
      vertex -70.2474 3.63559 -2.5
      vertex -70.3315 3.43262 -2.4
      vertex -70.3315 3.43262 -2.5
    endloop
  endfacet
  facet normal 0.522584 -0.852588 0
    outer loop
      vertex -70.5282 5.10344 -2.5
      vertex -70.1804 5.31662 -3.35347
      vertex -70.1804 5.31662 -2.5
    endloop
  endfacet
  facet normal 0.522584 -0.852588 0
    outer loop
      vertex -70.1804 5.31662 -3.35347
      vertex -70.5282 5.10344 -2.5
      vertex -70.5282 5.10344 -3.4665
    endloop
  endfacet
  facet normal 0.233452 0.972368 -0
    outer loop
      vertex -69.4067 0.43201 -2.93528
      vertex -69.8034 0.527252 -2.5
      vertex -69.4067 0.43201 -2.5
    endloop
  endfacet
  facet normal 0.233452 0.972368 0
    outer loop
      vertex -69.8034 0.527252 -2.5
      vertex -69.4067 0.43201 -2.93528
      vertex -69.8034 0.527252 -3.22351
    endloop
  endfacet
  facet normal 0.649368 0.760474 -0
    outer loop
      vertex -70.5282 0.896555 -3.4665
      vertex -70.8385 1.16152 -2.5
      vertex -70.5282 0.896555 -2.5
    endloop
  endfacet
  facet normal 0.649368 0.760474 0
    outer loop
      vertex -70.8385 1.16152 -2.5
      vertex -70.5282 0.896555 -3.4665
      vertex -70.8385 1.16152 -3.5673
    endloop
  endfacet
  facet normal 0.382624 -0.923904 0
    outer loop
      vertex -70.1804 5.31662 -2.5
      vertex -69.8034 5.47275 -3.22351
      vertex -69.8034 5.47275 -2.5
    endloop
  endfacet
  facet normal 0.381877 -0.924213 -0.000455852
    outer loop
      vertex -70.1804 5.31662 -2.5
      vertex -69.8221 5.46503 -3.23705
      vertex -69.8034 5.47275 -3.22351
    endloop
  endfacet
  facet normal 0.382677 -0.923882 0
    outer loop
      vertex -69.8221 5.46503 -3.23705
      vertex -70.1804 5.31662 -2.5
      vertex -70.1804 5.31662 -3.35347
    endloop
  endfacet
  facet normal 0.760491 -0.649349 0
    outer loop
      vertex -71.1034 4.52824 -2.5
      vertex -70.8385 4.83848 -3.5673
      vertex -70.8385 4.83848 -2.5
    endloop
  endfacet
  facet normal 0.760491 -0.649349 0
    outer loop
      vertex -70.8385 4.83848 -3.5673
      vertex -71.1034 4.52824 -2.5
      vertex -71.1034 4.52824 -3.65339
    endloop
  endfacet
  facet normal 0.078464 0.996917 -0
    outer loop
      vertex -69 0.4 -2.63978
      vertex -69.4067 0.43201 -2.5
      vertex -69 0.4 -2.5
    endloop
  endfacet
  facet normal 0.078464 0.996917 0
    outer loop
      vertex -69.4067 0.43201 -2.5
      vertex -69 0.4 -2.63978
      vertex -69.4067 0.43201 -2.93528
    endloop
  endfacet
  facet normal 0.923909 -0.382613 0
    outer loop
      vertex -71.4727 3.80344 -2.5
      vertex -71.3166 4.18038 -3.72265
      vertex -71.3166 4.18038 -2.5
    endloop
  endfacet
  facet normal 0.923909 -0.382613 0
    outer loop
      vertex -71.3166 4.18038 -3.72265
      vertex -71.4727 3.80344 -2.5
      vertex -71.4727 3.80344 -3.77338
    endloop
  endfacet
  facet normal 0.972275 0.233839 -0
    outer loop
      vertex -71.4727 2.19656 -3.77338
      vertex -71.5 2.31007 -2.5
      vertex -71.4727 2.19656 -2.5
    endloop
  endfacet
  facet normal 0.972275 0.233839 0
    outer loop
      vertex -71.5 2.31007 -2.5
      vertex -71.4727 2.19656 -3.77338
      vertex -71.5 2.31007 -3.78224
    endloop
  endfacet
  facet normal 0.852606 -0.522554 0
    outer loop
      vertex -71.3166 4.18038 -2.5
      vertex -71.1034 4.52824 -3.65339
      vertex -71.1034 4.52824 -2.5
    endloop
  endfacet
  facet normal 0.852606 -0.522554 0
    outer loop
      vertex -71.1034 4.52824 -3.65339
      vertex -71.3166 4.18038 -2.5
      vertex -71.3166 4.18038 -3.72265
    endloop
  endfacet
  facet normal 0.233447 -0.972369 0
    outer loop
      vertex -69.8034 5.47275 -2.5
      vertex -69.4067 5.56799 -2.93528
      vertex -69.4067 5.56799 -2.5
    endloop
  endfacet
  facet normal 0.233447 -0.972369 0
    outer loop
      vertex -69.4067 5.56799 -2.93528
      vertex -69.8034 5.47275 -2.5
      vertex -69.8034 5.47275 -3.22351
    endloop
  endfacet
  facet normal 0.649361 -0.76048 0
    outer loop
      vertex -70.8385 4.83848 -2.5
      vertex -70.5282 5.10344 -3.4665
      vertex -70.5282 5.10344 -2.5
    endloop
  endfacet
  facet normal 0.649361 -0.76048 0
    outer loop
      vertex -70.5282 5.10344 -3.4665
      vertex -70.8385 4.83848 -2.5
      vertex -70.8385 4.83848 -3.5673
    endloop
  endfacet
  facet normal 0.52257 0.852597 -0
    outer loop
      vertex -70.1804 0.683383 -3.35347
      vertex -70.5282 0.896555 -2.5
      vertex -70.1804 0.683383 -2.5
    endloop
  endfacet
  facet normal 0.52257 0.852597 0
    outer loop
      vertex -70.5282 0.896555 -2.5
      vertex -70.1804 0.683383 -3.35347
      vertex -70.5282 0.896555 -3.4665
    endloop
  endfacet
  facet normal -0.0784529 0.996918 0
    outer loop
      vertex -69 0.4 -2.5
      vertex -68.8076 0.415141 -2.5
      vertex -69 0.4 -2.63978
    endloop
  endfacet
  facet normal 0.760491 0.649349 -0
    outer loop
      vertex -70.8385 1.16152 -3.5673
      vertex -71.1034 1.47176 -2.5
      vertex -70.8385 1.16152 -2.5
    endloop
  endfacet
  facet normal 0.760491 0.649349 0
    outer loop
      vertex -71.1034 1.47176 -2.5
      vertex -70.8385 1.16152 -3.5673
      vertex -71.1034 1.47176 -3.65339
    endloop
  endfacet
  facet normal 0.852606 0.522554 -0
    outer loop
      vertex -71.1034 1.47176 -3.65339
      vertex -71.3166 1.81962 -2.5
      vertex -71.1034 1.47176 -2.5
    endloop
  endfacet
  facet normal 0.852606 0.522554 0
    outer loop
      vertex -71.3166 1.81962 -2.5
      vertex -71.1034 1.47176 -3.65339
      vertex -71.3166 1.81962 -3.72265
    endloop
  endfacet
  facet normal 0.972275 -0.233839 0
    outer loop
      vertex -71.5 3.68993 -2.5
      vertex -71.4727 3.80344 -3.77338
      vertex -71.4727 3.80344 -2.5
    endloop
  endfacet
  facet normal 0.972275 -0.233839 0
    outer loop
      vertex -71.4727 3.80344 -3.77338
      vertex -71.5 3.68993 -2.5
      vertex -71.5 3.68993 -3.78224
    endloop
  endfacet
  facet normal 0.382626 0.923903 -0
    outer loop
      vertex -69.8034 0.527252 -3.22351
      vertex -70.1804 0.683383 -2.5
      vertex -69.8034 0.527252 -2.5
    endloop
  endfacet
  facet normal 0.381693 0.924289 -0.000569016
    outer loop
      vertex -69.8221 0.534966 -3.23705
      vertex -70.1804 0.683383 -2.5
      vertex -69.8034 0.527252 -3.22351
    endloop
  endfacet
  facet normal 0.382693 0.923876 0
    outer loop
      vertex -70.1804 0.683383 -2.5
      vertex -69.8221 0.534966 -3.23705
      vertex -70.1804 0.683383 -3.35347
    endloop
  endfacet
  facet normal -0.0784477 -0.996918 0
    outer loop
      vertex -68.8076 5.58486 -2.5
      vertex -69 5.6 -2.5
      vertex -69 5.6 -2.63978
    endloop
  endfacet
  facet normal 0.078464 -0.996917 0
    outer loop
      vertex -69.4067 5.56799 -2.5
      vertex -69 5.6 -2.63978
      vertex -69 5.6 -2.5
    endloop
  endfacet
  facet normal 0.078464 -0.996917 0
    outer loop
      vertex -69 5.6 -2.63978
      vertex -69.4067 5.56799 -2.5
      vertex -69.4067 5.56799 -2.93528
    endloop
  endfacet
  facet normal 0.923909 0.382613 -0
    outer loop
      vertex -71.3166 1.81962 -3.72265
      vertex -71.4727 2.19656 -2.5
      vertex -71.3166 1.81962 -2.5
    endloop
  endfacet
  facet normal 0.923909 0.382613 0
    outer loop
      vertex -71.4727 2.19656 -2.5
      vertex -71.3166 1.81962 -3.72265
      vertex -71.4727 2.19656 -3.77338
    endloop
  endfacet
  facet normal 0 0 -1
    outer loop
      vertex -69 1.6 -2.5
      vertex -68.8076 0.415141 -2.5
      vertex -69 0.4 -2.5
    endloop
  endfacet
  facet normal 0 0 -1
    outer loop
      vertex -68.8076 0.415141 -2.5
      vertex -69 1.6 -2.5
      vertex -68.8076 1.61514 -2.5
    endloop
  endfacet
  facet normal 0 0 -1
    outer loop
      vertex -69 0.4 -2.5
      vertex -69.219 1.61724 -2.5
      vertex -69 1.6 -2.5
    endloop
  endfacet
  facet normal 0 0 -1
    outer loop
      vertex -69.4067 0.43201 -2.5
      vertex -69.219 1.61724 -2.5
      vertex -69 0.4 -2.5
    endloop
  endfacet
  facet normal 0 0 -1
    outer loop
      vertex -69.4067 0.43201 -2.5
      vertex -69.4326 1.66852 -2.5
      vertex -69.219 1.61724 -2.5
    endloop
  endfacet
  facet normal 0 0 -1
    outer loop
      vertex -69.8034 0.527252 -2.5
      vertex -69.4326 1.66852 -2.5
      vertex -69.4067 0.43201 -2.5
    endloop
  endfacet
  facet normal -0 0 -1
    outer loop
      vertex -69.4326 1.66852 -2.5
      vertex -69.8034 0.527252 -2.5
      vertex -69.6356 1.75259 -2.5
    endloop
  endfacet
  facet normal 0 0 -1
    outer loop
      vertex -70.1804 0.683383 -2.5
      vertex -69.6356 1.75259 -2.5
      vertex -69.8034 0.527252 -2.5
    endloop
  endfacet
  facet normal -0 0 -1
    outer loop
      vertex -69.6356 1.75259 -2.5
      vertex -70.1804 0.683383 -2.5
      vertex -69.8229 1.86738 -2.5
    endloop
  endfacet
  facet normal 0 0 -1
    outer loop
      vertex -70.5282 0.896555 -2.5
      vertex -69.8229 1.86738 -2.5
      vertex -70.1804 0.683383 -2.5
    endloop
  endfacet
  facet normal -0 0 -1
    outer loop
      vertex -69.8229 1.86738 -2.5
      vertex -70.5282 0.896555 -2.5
      vertex -69.99 2.01005 -2.5
    endloop
  endfacet
  facet normal 0 0 -1
    outer loop
      vertex -70.8385 1.16152 -2.5
      vertex -69.99 2.01005 -2.5
      vertex -70.5282 0.896555 -2.5
    endloop
  endfacet
  facet normal -0 0 -1
    outer loop
      vertex -69.99 2.01005 -2.5
      vertex -70.8385 1.16152 -2.5
      vertex -70.1326 2.1771 -2.5
    endloop
  endfacet
  facet normal 0 0 -1
    outer loop
      vertex -71.1034 1.47176 -2.5
      vertex -70.1326 2.1771 -2.5
      vertex -70.8385 1.16152 -2.5
    endloop
  endfacet
  facet normal 0 0 -1
    outer loop
      vertex -71.3166 1.81962 -2.5
      vertex -70.2474 2.36441 -2.5
      vertex -71.1034 1.47176 -2.5
    endloop
  endfacet
  facet normal -0 0 -1
    outer loop
      vertex -70.1326 2.1771 -2.5
      vertex -71.1034 1.47176 -2.5
      vertex -70.2474 2.36441 -2.5
    endloop
  endfacet
  facet normal 0 0 -1
    outer loop
      vertex -69 4.4 -2.5
      vertex -68.8076 5.58486 -2.5
      vertex -68.8076 4.38486 -2.5
    endloop
  endfacet
  facet normal 0 0 -1
    outer loop
      vertex -69 4.4 -2.5
      vertex -69 5.6 -2.5
      vertex -68.8076 5.58486 -2.5
    endloop
  endfacet
  facet normal 0 0 -1
    outer loop
      vertex -69.219 4.38276 -2.5
      vertex -69 5.6 -2.5
      vertex -69 4.4 -2.5
    endloop
  endfacet
  facet normal 0 0 -1
    outer loop
      vertex -69.219 4.38276 -2.5
      vertex -69.4067 5.56799 -2.5
      vertex -69 5.6 -2.5
    endloop
  endfacet
  facet normal 0 0 -1
    outer loop
      vertex -69.4326 4.33148 -2.5
      vertex -69.4067 5.56799 -2.5
      vertex -69.219 4.38276 -2.5
    endloop
  endfacet
  facet normal 0 0 -1
    outer loop
      vertex -69.8034 5.47275 -2.5
      vertex -69.4326 4.33148 -2.5
      vertex -69.6356 4.24741 -2.5
    endloop
  endfacet
  facet normal 0 0 -1
    outer loop
      vertex -69.4326 4.33148 -2.5
      vertex -69.8034 5.47275 -2.5
      vertex -69.4067 5.56799 -2.5
    endloop
  endfacet
  facet normal 0 0 -1
    outer loop
      vertex -70.1804 5.31662 -2.5
      vertex -69.6356 4.24741 -2.5
      vertex -69.8229 4.13262 -2.5
    endloop
  endfacet
  facet normal 0 0 -1
    outer loop
      vertex -70.5282 5.10344 -2.5
      vertex -69.8229 4.13262 -2.5
      vertex -69.99 3.98995 -2.5
    endloop
  endfacet
  facet normal 0 0 -1
    outer loop
      vertex -70.8385 4.83848 -2.5
      vertex -69.99 3.98995 -2.5
      vertex -70.1326 3.8229 -2.5
    endloop
  endfacet
  facet normal 0 0 -1
    outer loop
      vertex -69.6356 4.24741 -2.5
      vertex -70.1804 5.31662 -2.5
      vertex -69.8034 5.47275 -2.5
    endloop
  endfacet
  facet normal 0 0 -1
    outer loop
      vertex -71.1034 4.52824 -2.5
      vertex -70.1326 3.8229 -2.5
      vertex -70.2474 3.63559 -2.5
    endloop
  endfacet
  facet normal 0 0 -1
    outer loop
      vertex -71.3166 4.18038 -2.5
      vertex -70.2474 3.63559 -2.5
      vertex -70.3315 3.43262 -2.5
    endloop
  endfacet
  facet normal 0 0 -1
    outer loop
      vertex -71.5 3.68993 -2.5
      vertex -70.3315 3.43262 -2.5
      vertex -70.3828 3.21901 -2.5
    endloop
  endfacet
  facet normal 0 0 -1
    outer loop
      vertex -69.8229 4.13262 -2.5
      vertex -70.5282 5.10344 -2.5
      vertex -70.1804 5.31662 -2.5
    endloop
  endfacet
  facet normal 0 0 -1
    outer loop
      vertex -71.5 3.68993 -2.5
      vertex -70.3828 3.21901 -2.5
      vertex -70.4 3 -2.5
    endloop
  endfacet
  facet normal -0 0 -1
    outer loop
      vertex -70.2474 2.36441 -2.5
      vertex -71.3166 1.81962 -2.5
      vertex -70.3315 2.56738 -2.5
    endloop
  endfacet
  facet normal 0 0 -1
    outer loop
      vertex -71.4727 2.19656 -2.5
      vertex -70.3315 2.56738 -2.5
      vertex -71.3166 1.81962 -2.5
    endloop
  endfacet
  facet normal 0 0 -1
    outer loop
      vertex -69.99 3.98995 -2.5
      vertex -70.8385 4.83848 -2.5
      vertex -70.5282 5.10344 -2.5
    endloop
  endfacet
  facet normal 0 0 -1
    outer loop
      vertex -71.5 2.31007 -2.5
      vertex -70.3315 2.56738 -2.5
      vertex -71.4727 2.19656 -2.5
    endloop
  endfacet
  facet normal 0 0 -1
    outer loop
      vertex -70.1326 3.8229 -2.5
      vertex -71.1034 4.52824 -2.5
      vertex -70.8385 4.83848 -2.5
    endloop
  endfacet
  facet normal -0 0 -1
    outer loop
      vertex -70.3315 2.56738 -2.5
      vertex -71.5 2.31007 -2.5
      vertex -70.3828 2.78099 -2.5
    endloop
  endfacet
  facet normal 0 0 -1
    outer loop
      vertex -71.5 3.68993 -2.5
      vertex -70.4 3 -2.5
      vertex -71.5 2.31007 -2.5
    endloop
  endfacet
  facet normal -0 0 -1
    outer loop
      vertex -70.3828 2.78099 -2.5
      vertex -71.5 2.31007 -2.5
      vertex -70.4 3 -2.5
    endloop
  endfacet
  facet normal 0 0 -1
    outer loop
      vertex -70.3315 3.43262 -2.5
      vertex -71.5 3.68993 -2.5
      vertex -71.4727 3.80344 -2.5
    endloop
  endfacet
  facet normal 0 0 -1
    outer loop
      vertex -70.2474 3.63559 -2.5
      vertex -71.3166 4.18038 -2.5
      vertex -71.1034 4.52824 -2.5
    endloop
  endfacet
  facet normal 0 0 -1
    outer loop
      vertex -70.3315 3.43262 -2.5
      vertex -71.4727 3.80344 -2.5
      vertex -71.3166 4.18038 -2.5
    endloop
  endfacet
  facet normal 0 0 -1
    outer loop
      vertex -72.6685 2.56738 -2.5
      vertex -71.5 2.31007 -2.5
      vertex -71.5273 2.19656 -2.5
    endloop
  endfacet
  facet normal 0 0 -1
    outer loop
      vertex -71.5 2.31007 -2.5
      vertex -72.6 3 -2.5
      vertex -71.5 3.68993 -2.5
    endloop
  endfacet
  facet normal 0 0 -1
    outer loop
      vertex -72.6685 2.56738 -2.5
      vertex -71.5273 2.19656 -2.5
      vertex -71.6834 1.81962 -2.5
    endloop
  endfacet
  facet normal 0 0 -1
    outer loop
      vertex -72.6172 3.21901 -2.5
      vertex -71.5 3.68993 -2.5
      vertex -72.6 3 -2.5
    endloop
  endfacet
  facet normal 0 0 -1
    outer loop
      vertex -72.7526 2.36441 -2.5
      vertex -71.6834 1.81962 -2.5
      vertex -71.8966 1.47176 -2.5
    endloop
  endfacet
  facet normal 0 0 -1
    outer loop
      vertex -72.6685 3.43262 -2.5
      vertex -71.5 3.68993 -2.5
      vertex -72.6172 3.21901 -2.5
    endloop
  endfacet
  facet normal 0 0 -1
    outer loop
      vertex -72.8674 2.1771 -2.5
      vertex -71.8966 1.47176 -2.5
      vertex -72.1615 1.16152 -2.5
    endloop
  endfacet
  facet normal -0 0 -1
    outer loop
      vertex -71.5 3.68993 -2.5
      vertex -72.6685 3.43262 -2.5
      vertex -71.5273 3.80344 -2.5
    endloop
  endfacet
  facet normal 0 0 -1
    outer loop
      vertex -73.01 2.01005 -2.5
      vertex -72.1615 1.16152 -2.5
      vertex -72.4718 0.896555 -2.5
    endloop
  endfacet
  facet normal -0 0 -1
    outer loop
      vertex -71.5273 3.80344 -2.5
      vertex -72.6685 3.43262 -2.5
      vertex -71.6834 4.18038 -2.5
    endloop
  endfacet
  facet normal 0 0 -1
    outer loop
      vertex -72.7526 3.63559 -2.5
      vertex -71.6834 4.18038 -2.5
      vertex -72.6685 3.43262 -2.5
    endloop
  endfacet
  facet normal 0 0 -1
    outer loop
      vertex -71.5 2.31007 -2.5
      vertex -72.6172 2.78099 -2.5
      vertex -72.6 3 -2.5
    endloop
  endfacet
  facet normal 0 0 -1
    outer loop
      vertex -71.5 2.31007 -2.5
      vertex -72.6685 2.56738 -2.5
      vertex -72.6172 2.78099 -2.5
    endloop
  endfacet
  facet normal 0 0 -1
    outer loop
      vertex -71.6834 1.81962 -2.5
      vertex -72.7526 2.36441 -2.5
      vertex -72.6685 2.56738 -2.5
    endloop
  endfacet
  facet normal 0 0 -1
    outer loop
      vertex -73.1771 1.86738 -2.5
      vertex -72.4718 0.896555 -2.5
      vertex -72.8196 0.683383 -2.5
    endloop
  endfacet
  facet normal 0 0 -1
    outer loop
      vertex -71.8966 1.47176 -2.5
      vertex -72.8674 2.1771 -2.5
      vertex -72.7526 2.36441 -2.5
    endloop
  endfacet
  facet normal 0 0 -1
    outer loop
      vertex -72.1615 1.16152 -2.5
      vertex -73.01 2.01005 -2.5
      vertex -72.8674 2.1771 -2.5
    endloop
  endfacet
  facet normal 0 0 -1
    outer loop
      vertex -72.4718 0.896555 -2.5
      vertex -73.1771 1.86738 -2.5
      vertex -73.01 2.01005 -2.5
    endloop
  endfacet
  facet normal 0 0 -1
    outer loop
      vertex -73.3644 1.75259 -2.5
      vertex -72.8196 0.683383 -2.5
      vertex -73.1966 0.527252 -2.5
    endloop
  endfacet
  facet normal 0 0 -1
    outer loop
      vertex -72.8196 0.683383 -2.5
      vertex -73.3644 1.75259 -2.5
      vertex -73.1771 1.86738 -2.5
    endloop
  endfacet
  facet normal 0 0 -1
    outer loop
      vertex -73.1966 0.527252 -2.5
      vertex -73.5674 1.66852 -2.5
      vertex -73.3644 1.75259 -2.5
    endloop
  endfacet
  facet normal 0 0 -1
    outer loop
      vertex -73.5933 0.43201 -2.5
      vertex -73.5674 1.66852 -2.5
      vertex -73.1966 0.527252 -2.5
    endloop
  endfacet
  facet normal 0 0 -1
    outer loop
      vertex -73.5933 0.43201 -2.5
      vertex -73.781 1.61724 -2.5
      vertex -73.5674 1.66852 -2.5
    endloop
  endfacet
  facet normal 0 0 -1
    outer loop
      vertex -74 0.4 -2.5
      vertex -73.781 1.61724 -2.5
      vertex -73.5933 0.43201 -2.5
    endloop
  endfacet
  facet normal 0 0 -1
    outer loop
      vertex -74 0.4 -2.5
      vertex -74 1.6 -2.5
      vertex -73.781 1.61724 -2.5
    endloop
  endfacet
  facet normal 0 0 -1
    outer loop
      vertex -74 0.4 -2.5
      vertex -74.219 1.61724 -2.5
      vertex -74 1.6 -2.5
    endloop
  endfacet
  facet normal 0 0 -1
    outer loop
      vertex -74.4067 0.43201 -2.5
      vertex -74.219 1.61724 -2.5
      vertex -74 0.4 -2.5
    endloop
  endfacet
  facet normal 0 0 -1
    outer loop
      vertex -74.4067 0.43201 -2.5
      vertex -74.4326 1.66852 -2.5
      vertex -74.219 1.61724 -2.5
    endloop
  endfacet
  facet normal 0 0 -1
    outer loop
      vertex -74.8034 0.527252 -2.5
      vertex -74.4326 1.66852 -2.5
      vertex -74.4067 0.43201 -2.5
    endloop
  endfacet
  facet normal -0 0 -1
    outer loop
      vertex -74.4326 1.66852 -2.5
      vertex -74.8034 0.527252 -2.5
      vertex -74.6356 1.75259 -2.5
    endloop
  endfacet
  facet normal 0 0 -1
    outer loop
      vertex -75.1804 0.683383 -2.5
      vertex -74.6356 1.75259 -2.5
      vertex -74.8034 0.527252 -2.5
    endloop
  endfacet
  facet normal -0 0 -1
    outer loop
      vertex -74.6356 1.75259 -2.5
      vertex -75.1804 0.683383 -2.5
      vertex -74.8229 1.86738 -2.5
    endloop
  endfacet
  facet normal 0 0 -1
    outer loop
      vertex -75.5282 0.896555 -2.5
      vertex -74.8229 1.86738 -2.5
      vertex -75.1804 0.683383 -2.5
    endloop
  endfacet
  facet normal -0 0 -1
    outer loop
      vertex -74.8229 1.86738 -2.5
      vertex -75.5282 0.896555 -2.5
      vertex -74.99 2.01005 -2.5
    endloop
  endfacet
  facet normal 0 0 -1
    outer loop
      vertex -75.8385 1.16152 -2.5
      vertex -74.99 2.01005 -2.5
      vertex -75.5282 0.896555 -2.5
    endloop
  endfacet
  facet normal -0 0 -1
    outer loop
      vertex -74.99 2.01005 -2.5
      vertex -75.8385 1.16152 -2.5
      vertex -75.1326 2.1771 -2.5
    endloop
  endfacet
  facet normal 0 0 -1
    outer loop
      vertex -76.1034 1.47176 -2.5
      vertex -75.1326 2.1771 -2.5
      vertex -75.8385 1.16152 -2.5
    endloop
  endfacet
  facet normal 0 0 -1
    outer loop
      vertex -76.3166 1.81962 -2.5
      vertex -75.2474 2.36441 -2.5
      vertex -76.1034 1.47176 -2.5
    endloop
  endfacet
  facet normal -0 0 -1
    outer loop
      vertex -75.1326 2.1771 -2.5
      vertex -76.1034 1.47176 -2.5
      vertex -75.2474 2.36441 -2.5
    endloop
  endfacet
  facet normal -0 0 -1
    outer loop
      vertex -71.6834 4.18038 -2.5
      vertex -72.7526 3.63559 -2.5
      vertex -71.8966 4.52824 -2.5
    endloop
  endfacet
  facet normal 0 0 -1
    outer loop
      vertex -72.8674 3.8229 -2.5
      vertex -71.8966 4.52824 -2.5
      vertex -72.7526 3.63559 -2.5
    endloop
  endfacet
  facet normal -0 0 -1
    outer loop
      vertex -71.8966 4.52824 -2.5
      vertex -72.8674 3.8229 -2.5
      vertex -72.1615 4.83848 -2.5
    endloop
  endfacet
  facet normal 0 0 -1
    outer loop
      vertex -73.01 3.98995 -2.5
      vertex -72.1615 4.83848 -2.5
      vertex -72.8674 3.8229 -2.5
    endloop
  endfacet
  facet normal -0 0 -1
    outer loop
      vertex -72.1615 4.83848 -2.5
      vertex -73.01 3.98995 -2.5
      vertex -72.4718 5.10344 -2.5
    endloop
  endfacet
  facet normal 0 0 -1
    outer loop
      vertex -73.1771 4.13262 -2.5
      vertex -72.4718 5.10344 -2.5
      vertex -73.01 3.98995 -2.5
    endloop
  endfacet
  facet normal -0 0 -1
    outer loop
      vertex -72.4718 5.10344 -2.5
      vertex -73.1771 4.13262 -2.5
      vertex -72.8196 5.31662 -2.5
    endloop
  endfacet
  facet normal 0 0 -1
    outer loop
      vertex -73.3644 4.24741 -2.5
      vertex -72.8196 5.31662 -2.5
      vertex -73.1771 4.13262 -2.5
    endloop
  endfacet
  facet normal -0 0 -1
    outer loop
      vertex -72.8196 5.31662 -2.5
      vertex -73.3644 4.24741 -2.5
      vertex -73.1966 5.47275 -2.5
    endloop
  endfacet
  facet normal 0 0 -1
    outer loop
      vertex -73.5674 4.33148 -2.5
      vertex -73.1966 5.47275 -2.5
      vertex -73.3644 4.24741 -2.5
    endloop
  endfacet
  facet normal 0 0 -1
    outer loop
      vertex -73.5674 4.33148 -2.5
      vertex -73.5933 5.56799 -2.5
      vertex -73.1966 5.47275 -2.5
    endloop
  endfacet
  facet normal 0 0 -1
    outer loop
      vertex -73.781 4.38276 -2.5
      vertex -73.5933 5.56799 -2.5
      vertex -73.5674 4.33148 -2.5
    endloop
  endfacet
  facet normal 0 0 -1
    outer loop
      vertex -74 4.4 -2.5
      vertex -73.5933 5.56799 -2.5
      vertex -73.781 4.38276 -2.5
    endloop
  endfacet
  facet normal 0 0 -1
    outer loop
      vertex -74 4.4 -2.5
      vertex -74 5.6 -2.5
      vertex -73.5933 5.56799 -2.5
    endloop
  endfacet
  facet normal 0 0 -1
    outer loop
      vertex -74.219 4.38276 -2.5
      vertex -74 5.6 -2.5
      vertex -74 4.4 -2.5
    endloop
  endfacet
  facet normal 0 0 -1
    outer loop
      vertex -74.219 4.38276 -2.5
      vertex -74.4067 5.56799 -2.5
      vertex -74 5.6 -2.5
    endloop
  endfacet
  facet normal 0 0 -1
    outer loop
      vertex -74.4326 4.33148 -2.5
      vertex -74.4067 5.56799 -2.5
      vertex -74.219 4.38276 -2.5
    endloop
  endfacet
  facet normal 0 0 -1
    outer loop
      vertex -74.8034 5.47275 -2.5
      vertex -74.4326 4.33148 -2.5
      vertex -74.6356 4.24741 -2.5
    endloop
  endfacet
  facet normal 0 0 -1
    outer loop
      vertex -74.4326 4.33148 -2.5
      vertex -74.8034 5.47275 -2.5
      vertex -74.4067 5.56799 -2.5
    endloop
  endfacet
  facet normal 0 0 -1
    outer loop
      vertex -75.1804 5.31662 -2.5
      vertex -74.6356 4.24741 -2.5
      vertex -74.8229 4.13262 -2.5
    endloop
  endfacet
  facet normal 0 0 -1
    outer loop
      vertex -75.5282 5.10344 -2.5
      vertex -74.8229 4.13262 -2.5
      vertex -74.99 3.98995 -2.5
    endloop
  endfacet
  facet normal 0 0 -1
    outer loop
      vertex -75.8385 4.83848 -2.5
      vertex -74.99 3.98995 -2.5
      vertex -75.1326 3.8229 -2.5
    endloop
  endfacet
  facet normal 0 0 -1
    outer loop
      vertex -74.6356 4.24741 -2.5
      vertex -75.1804 5.31662 -2.5
      vertex -74.8034 5.47275 -2.5
    endloop
  endfacet
  facet normal 0 0 -1
    outer loop
      vertex -76.1034 4.52824 -2.5
      vertex -75.1326 3.8229 -2.5
      vertex -75.2474 3.63559 -2.5
    endloop
  endfacet
  facet normal 0 0 -1
    outer loop
      vertex -76.3166 4.18038 -2.5
      vertex -75.2474 3.63559 -2.5
      vertex -75.3315 3.43262 -2.5
    endloop
  endfacet
  facet normal 0 0 -1
    outer loop
      vertex -76.4727 3.80344 -2.5
      vertex -75.3315 3.43262 -2.5
      vertex -75.3828 3.21901 -2.5
    endloop
  endfacet
  facet normal 0 0 -1
    outer loop
      vertex -74.8229 4.13262 -2.5
      vertex -75.5282 5.10344 -2.5
      vertex -75.1804 5.31662 -2.5
    endloop
  endfacet
  facet normal 0 0 -1
    outer loop
      vertex -76.568 3.40673 -2.5
      vertex -75.3828 3.21901 -2.5
      vertex -75.4 3 -2.5
    endloop
  endfacet
  facet normal -0 0 -1
    outer loop
      vertex -75.2474 2.36441 -2.5
      vertex -76.3166 1.81962 -2.5
      vertex -75.3315 2.56738 -2.5
    endloop
  endfacet
  facet normal 0 0 -1
    outer loop
      vertex -76.4727 2.19656 -2.5
      vertex -75.3315 2.56738 -2.5
      vertex -76.3166 1.81962 -2.5
    endloop
  endfacet
  facet normal 0 0 -1
    outer loop
      vertex -74.99 3.98995 -2.5
      vertex -75.8385 4.83848 -2.5
      vertex -75.5282 5.10344 -2.5
    endloop
  endfacet
  facet normal -0 0 -1
    outer loop
      vertex -75.3315 2.56738 -2.5
      vertex -76.4727 2.19656 -2.5
      vertex -75.3828 2.78099 -2.5
    endloop
  endfacet
  facet normal 0 0 -1
    outer loop
      vertex -75.1326 3.8229 -2.5
      vertex -76.1034 4.52824 -2.5
      vertex -75.8385 4.83848 -2.5
    endloop
  endfacet
  facet normal 0 0 -1
    outer loop
      vertex -76.568 2.59327 -2.5
      vertex -75.3828 2.78099 -2.5
      vertex -76.4727 2.19656 -2.5
    endloop
  endfacet
  facet normal 0 0 -1
    outer loop
      vertex -75.2474 3.63559 -2.5
      vertex -76.3166 4.18038 -2.5
      vertex -76.1034 4.52824 -2.5
    endloop
  endfacet
  facet normal -0 0 -1
    outer loop
      vertex -75.3828 2.78099 -2.5
      vertex -76.568 2.59327 -2.5
      vertex -75.4 3 -2.5
    endloop
  endfacet
  facet normal 0 0 -1
    outer loop
      vertex -75.3315 3.43262 -2.5
      vertex -76.4727 3.80344 -2.5
      vertex -76.3166 4.18038 -2.5
    endloop
  endfacet
  facet normal 0 0 -1
    outer loop
      vertex -76.6 3 -2.5
      vertex -75.4 3 -2.5
      vertex -76.568 2.59327 -2.5
    endloop
  endfacet
  facet normal 0 0 -1
    outer loop
      vertex -75.3828 3.21901 -2.5
      vertex -76.568 3.40673 -2.5
      vertex -76.4727 3.80344 -2.5
    endloop
  endfacet
  facet normal 0 0 -1
    outer loop
      vertex -75.4 3 -2.5
      vertex -76.6 3 -2.5
      vertex -76.568 3.40673 -2.5
    endloop
  endfacet
  facet normal 0.99693 -0.0782941 0
    outer loop
      vertex -75.4 3 -2.4
      vertex -75.3828 3.21901 -2.5
      vertex -75.3828 3.21901 -2.4
    endloop
  endfacet
  facet normal 0.99693 -0.0782941 0
    outer loop
      vertex -75.3828 3.21901 -2.5
      vertex -75.4 3 -2.4
      vertex -75.4 3 -2.5
    endloop
  endfacet
  facet normal -0.649325 -0.760511 0
    outer loop
      vertex -73.1771 4.13262 -2.5
      vertex -73.01 3.98995 -2.4
      vertex -73.1771 4.13262 -2.4
    endloop
  endfacet
  facet normal -0.649325 -0.760511 -0
    outer loop
      vertex -73.01 3.98995 -2.4
      vertex -73.1771 4.13262 -2.5
      vertex -73.01 3.98995 -2.5
    endloop
  endfacet
  facet normal 0.760573 -0.649253 0
    outer loop
      vertex -75.1326 3.8229 -2.4
      vertex -74.99 3.98995 -2.5
      vertex -74.99 3.98995 -2.4
    endloop
  endfacet
  facet normal 0.760573 -0.649253 0
    outer loop
      vertex -74.99 3.98995 -2.5
      vertex -75.1326 3.8229 -2.4
      vertex -75.1326 3.8229 -2.5
    endloop
  endfacet
  facet normal 0.382624 0.923904 -0
    outer loop
      vertex -74.4326 1.66852 -2.5
      vertex -74.6356 1.75259 -2.4
      vertex -74.4326 1.66852 -2.4
    endloop
  endfacet
  facet normal 0.382624 0.923904 0
    outer loop
      vertex -74.6356 1.75259 -2.4
      vertex -74.4326 1.66852 -2.5
      vertex -74.6356 1.75259 -2.5
    endloop
  endfacet
  facet normal -0.852607 -0.522552 0
    outer loop
      vertex -72.7526 3.63559 -2.5
      vertex -72.8674 3.8229 -2.4
      vertex -72.8674 3.8229 -2.5
    endloop
  endfacet
  facet normal -0.852607 -0.522552 0
    outer loop
      vertex -72.8674 3.8229 -2.4
      vertex -72.7526 3.63559 -2.5
      vertex -72.7526 3.63559 -2.4
    endloop
  endfacet
  facet normal 0.852607 0.522552 0
    outer loop
      vertex -75.1326 2.1771 -2.4
      vertex -75.2474 2.36441 -2.5
      vertex -75.2474 2.36441 -2.4
    endloop
  endfacet
  facet normal 0.852607 0.522552 0
    outer loop
      vertex -75.2474 2.36441 -2.5
      vertex -75.1326 2.1771 -2.4
      vertex -75.1326 2.1771 -2.5
    endloop
  endfacet
  facet normal -0.99693 -0.0782941 0
    outer loop
      vertex -72.6 3 -2.5
      vertex -72.6172 3.21901 -2.4
      vertex -72.6172 3.21901 -2.5
    endloop
  endfacet
  facet normal -0.99693 -0.0782941 0
    outer loop
      vertex -72.6172 3.21901 -2.4
      vertex -72.6 3 -2.5
      vertex -72.6 3 -2.4
    endloop
  endfacet
  facet normal 0.649325 0.760511 -0
    outer loop
      vertex -74.8229 1.86738 -2.5
      vertex -74.99 2.01005 -2.4
      vertex -74.8229 1.86738 -2.4
    endloop
  endfacet
  facet normal 0.649325 0.760511 0
    outer loop
      vertex -74.99 2.01005 -2.4
      vertex -74.8229 1.86738 -2.5
      vertex -74.99 2.01005 -2.5
    endloop
  endfacet
  facet normal 0.233442 -0.972371 0
    outer loop
      vertex -74.4326 4.33148 -2.5
      vertex -74.219 4.38276 -2.4
      vertex -74.4326 4.33148 -2.4
    endloop
  endfacet
  facet normal 0.233442 -0.972371 0
    outer loop
      vertex -74.219 4.38276 -2.4
      vertex -74.4326 4.33148 -2.5
      vertex -74.219 4.38276 -2.5
    endloop
  endfacet
  facet normal -0.972353 -0.233518 0
    outer loop
      vertex -72.6172 3.21901 -2.5
      vertex -72.6685 3.43262 -2.4
      vertex -72.6685 3.43262 -2.5
    endloop
  endfacet
  facet normal -0.972353 -0.233518 0
    outer loop
      vertex -72.6685 3.43262 -2.4
      vertex -72.6172 3.21901 -2.5
      vertex -72.6172 3.21901 -2.4
    endloop
  endfacet
  facet normal -0.233442 -0.972371 0
    outer loop
      vertex -73.781 4.38276 -2.5
      vertex -73.5674 4.33148 -2.4
      vertex -73.781 4.38276 -2.4
    endloop
  endfacet
  facet normal -0.233442 -0.972371 -0
    outer loop
      vertex -73.5674 4.33148 -2.4
      vertex -73.781 4.38276 -2.5
      vertex -73.5674 4.33148 -2.5
    endloop
  endfacet
  facet normal -0.382624 -0.923904 0
    outer loop
      vertex -73.5674 4.33148 -2.5
      vertex -73.3644 4.24741 -2.4
      vertex -73.5674 4.33148 -2.4
    endloop
  endfacet
  facet normal -0.382624 -0.923904 -0
    outer loop
      vertex -73.3644 4.24741 -2.4
      vertex -73.5674 4.33148 -2.5
      vertex -73.3644 4.24741 -2.5
    endloop
  endfacet
  facet normal -0.760573 0.649253 0
    outer loop
      vertex -73.01 2.01005 -2.5
      vertex -72.8674 2.1771 -2.4
      vertex -72.8674 2.1771 -2.5
    endloop
  endfacet
  facet normal -0.760573 0.649253 0
    outer loop
      vertex -72.8674 2.1771 -2.4
      vertex -73.01 2.01005 -2.5
      vertex -73.01 2.01005 -2.4
    endloop
  endfacet
  facet normal -0.233442 0.972371 0
    outer loop
      vertex -73.5674 1.66852 -2.5
      vertex -73.781 1.61724 -2.4
      vertex -73.5674 1.66852 -2.4
    endloop
  endfacet
  facet normal -0.233442 0.972371 0
    outer loop
      vertex -73.781 1.61724 -2.4
      vertex -73.5674 1.66852 -2.5
      vertex -73.781 1.61724 -2.5
    endloop
  endfacet
  facet normal 0.52254 0.852615 -0
    outer loop
      vertex -74.6356 1.75259 -2.5
      vertex -74.8229 1.86738 -2.4
      vertex -74.6356 1.75259 -2.4
    endloop
  endfacet
  facet normal 0.52254 0.852615 0
    outer loop
      vertex -74.8229 1.86738 -2.4
      vertex -74.6356 1.75259 -2.5
      vertex -74.8229 1.86738 -2.5
    endloop
  endfacet
  facet normal -0.923836 -0.382789 0
    outer loop
      vertex -72.6685 3.43262 -2.5
      vertex -72.7526 3.63559 -2.4
      vertex -72.7526 3.63559 -2.5
    endloop
  endfacet
  facet normal -0.923836 -0.382789 0
    outer loop
      vertex -72.7526 3.63559 -2.4
      vertex -72.6685 3.43262 -2.5
      vertex -72.6685 3.43262 -2.4
    endloop
  endfacet
  facet normal -0.52254 0.852615 0
    outer loop
      vertex -73.1771 1.86738 -2.5
      vertex -73.3644 1.75259 -2.4
      vertex -73.1771 1.86738 -2.4
    endloop
  endfacet
  facet normal -0.52254 0.852615 0
    outer loop
      vertex -73.3644 1.75259 -2.4
      vertex -73.1771 1.86738 -2.5
      vertex -73.3644 1.75259 -2.5
    endloop
  endfacet
  facet normal 0.99693 0.0782941 0
    outer loop
      vertex -75.3828 2.78099 -2.4
      vertex -75.4 3 -2.5
      vertex -75.4 3 -2.4
    endloop
  endfacet
  facet normal 0.99693 0.0782941 0
    outer loop
      vertex -75.4 3 -2.5
      vertex -75.3828 2.78099 -2.4
      vertex -75.3828 2.78099 -2.5
    endloop
  endfacet
  facet normal -0.760573 -0.649253 0
    outer loop
      vertex -72.8674 3.8229 -2.5
      vertex -73.01 3.98995 -2.4
      vertex -73.01 3.98995 -2.5
    endloop
  endfacet
  facet normal -0.760573 -0.649253 0
    outer loop
      vertex -73.01 3.98995 -2.4
      vertex -72.8674 3.8229 -2.5
      vertex -72.8674 3.8229 -2.4
    endloop
  endfacet
  facet normal 0.852607 -0.522552 0
    outer loop
      vertex -75.2474 3.63559 -2.4
      vertex -75.1326 3.8229 -2.5
      vertex -75.1326 3.8229 -2.4
    endloop
  endfacet
  facet normal 0.852607 -0.522552 0
    outer loop
      vertex -75.1326 3.8229 -2.5
      vertex -75.2474 3.63559 -2.4
      vertex -75.2474 3.63559 -2.5
    endloop
  endfacet
  facet normal -0.52254 -0.852615 0
    outer loop
      vertex -73.3644 4.24741 -2.5
      vertex -73.1771 4.13262 -2.4
      vertex -73.3644 4.24741 -2.4
    endloop
  endfacet
  facet normal -0.52254 -0.852615 -0
    outer loop
      vertex -73.1771 4.13262 -2.4
      vertex -73.3644 4.24741 -2.5
      vertex -73.1771 4.13262 -2.5
    endloop
  endfacet
  facet normal 0.972353 -0.233518 0
    outer loop
      vertex -75.3828 3.21901 -2.4
      vertex -75.3315 3.43262 -2.5
      vertex -75.3315 3.43262 -2.4
    endloop
  endfacet
  facet normal 0.972353 -0.233518 0
    outer loop
      vertex -75.3315 3.43262 -2.5
      vertex -75.3828 3.21901 -2.4
      vertex -75.3828 3.21901 -2.5
    endloop
  endfacet
  facet normal 0.0784787 0.996916 -0
    outer loop
      vertex -74 1.6 -2.5
      vertex -74.219 1.61724 -2.4
      vertex -74 1.6 -2.4
    endloop
  endfacet
  facet normal 0.0784787 0.996916 0
    outer loop
      vertex -74.219 1.61724 -2.4
      vertex -74 1.6 -2.5
      vertex -74.219 1.61724 -2.5
    endloop
  endfacet
  facet normal -0.382624 0.923904 0
    outer loop
      vertex -73.3644 1.75259 -2.5
      vertex -73.5674 1.66852 -2.4
      vertex -73.3644 1.75259 -2.4
    endloop
  endfacet
  facet normal -0.382624 0.923904 0
    outer loop
      vertex -73.5674 1.66852 -2.4
      vertex -73.3644 1.75259 -2.5
      vertex -73.5674 1.66852 -2.5
    endloop
  endfacet
  facet normal -0.649325 0.760511 0
    outer loop
      vertex -73.01 2.01005 -2.5
      vertex -73.1771 1.86738 -2.4
      vertex -73.01 2.01005 -2.4
    endloop
  endfacet
  facet normal -0.649325 0.760511 0
    outer loop
      vertex -73.1771 1.86738 -2.4
      vertex -73.01 2.01005 -2.5
      vertex -73.1771 1.86738 -2.5
    endloop
  endfacet
  facet normal 0.649325 -0.760511 0
    outer loop
      vertex -74.99 3.98995 -2.5
      vertex -74.8229 4.13262 -2.4
      vertex -74.99 3.98995 -2.4
    endloop
  endfacet
  facet normal 0.649325 -0.760511 0
    outer loop
      vertex -74.8229 4.13262 -2.4
      vertex -74.99 3.98995 -2.5
      vertex -74.8229 4.13262 -2.5
    endloop
  endfacet
  facet normal -0.0784787 0.996916 0
    outer loop
      vertex -73.781 1.61724 -2.5
      vertex -74 1.6 -2.4
      vertex -73.781 1.61724 -2.4
    endloop
  endfacet
  facet normal -0.0784787 0.996916 0
    outer loop
      vertex -74 1.6 -2.4
      vertex -73.781 1.61724 -2.5
      vertex -74 1.6 -2.5
    endloop
  endfacet
  facet normal -0.99693 0.0782941 0
    outer loop
      vertex -72.6172 2.78099 -2.5
      vertex -72.6 3 -2.4
      vertex -72.6 3 -2.5
    endloop
  endfacet
  facet normal -0.99693 0.0782941 0
    outer loop
      vertex -72.6 3 -2.4
      vertex -72.6172 2.78099 -2.5
      vertex -72.6172 2.78099 -2.4
    endloop
  endfacet
  facet normal -0.852607 0.522552 0
    outer loop
      vertex -72.8674 2.1771 -2.5
      vertex -72.7526 2.36441 -2.4
      vertex -72.7526 2.36441 -2.5
    endloop
  endfacet
  facet normal -0.852607 0.522552 0
    outer loop
      vertex -72.7526 2.36441 -2.4
      vertex -72.8674 2.1771 -2.5
      vertex -72.8674 2.1771 -2.4
    endloop
  endfacet
  facet normal 0.972353 0.233518 0
    outer loop
      vertex -75.3315 2.56738 -2.4
      vertex -75.3828 2.78099 -2.5
      vertex -75.3828 2.78099 -2.4
    endloop
  endfacet
  facet normal 0.972353 0.233518 0
    outer loop
      vertex -75.3828 2.78099 -2.5
      vertex -75.3315 2.56738 -2.4
      vertex -75.3315 2.56738 -2.5
    endloop
  endfacet
  facet normal -0.972353 0.233518 0
    outer loop
      vertex -72.6685 2.56738 -2.5
      vertex -72.6172 2.78099 -2.4
      vertex -72.6172 2.78099 -2.5
    endloop
  endfacet
  facet normal -0.972353 0.233518 0
    outer loop
      vertex -72.6172 2.78099 -2.4
      vertex -72.6685 2.56738 -2.5
      vertex -72.6685 2.56738 -2.4
    endloop
  endfacet
  facet normal -0.923836 0.382789 0
    outer loop
      vertex -72.7526 2.36441 -2.5
      vertex -72.6685 2.56738 -2.4
      vertex -72.6685 2.56738 -2.5
    endloop
  endfacet
  facet normal -0.923836 0.382789 0
    outer loop
      vertex -72.6685 2.56738 -2.4
      vertex -72.7526 2.36441 -2.5
      vertex -72.7526 2.36441 -2.4
    endloop
  endfacet
  facet normal -0.0784787 -0.996916 0
    outer loop
      vertex -74 4.4 -2.5
      vertex -73.781 4.38276 -2.4
      vertex -74 4.4 -2.4
    endloop
  endfacet
  facet normal -0.0784787 -0.996916 -0
    outer loop
      vertex -73.781 4.38276 -2.4
      vertex -74 4.4 -2.5
      vertex -73.781 4.38276 -2.5
    endloop
  endfacet
  facet normal 0.382624 -0.923904 0
    outer loop
      vertex -74.6356 4.24741 -2.5
      vertex -74.4326 4.33148 -2.4
      vertex -74.6356 4.24741 -2.4
    endloop
  endfacet
  facet normal 0.382624 -0.923904 0
    outer loop
      vertex -74.4326 4.33148 -2.4
      vertex -74.6356 4.24741 -2.5
      vertex -74.4326 4.33148 -2.5
    endloop
  endfacet
  facet normal 0.760573 0.649253 0
    outer loop
      vertex -74.99 2.01005 -2.4
      vertex -75.1326 2.1771 -2.5
      vertex -75.1326 2.1771 -2.4
    endloop
  endfacet
  facet normal 0.760573 0.649253 0
    outer loop
      vertex -75.1326 2.1771 -2.5
      vertex -74.99 2.01005 -2.4
      vertex -74.99 2.01005 -2.5
    endloop
  endfacet
  facet normal 0.923836 0.382789 0
    outer loop
      vertex -75.2474 2.36441 -2.4
      vertex -75.3315 2.56738 -2.5
      vertex -75.3315 2.56738 -2.4
    endloop
  endfacet
  facet normal 0.923836 0.382789 0
    outer loop
      vertex -75.3315 2.56738 -2.5
      vertex -75.2474 2.36441 -2.4
      vertex -75.2474 2.36441 -2.5
    endloop
  endfacet
  facet normal 0.0784787 -0.996916 0
    outer loop
      vertex -74.219 4.38276 -2.5
      vertex -74 4.4 -2.4
      vertex -74.219 4.38276 -2.4
    endloop
  endfacet
  facet normal 0.0784787 -0.996916 0
    outer loop
      vertex -74 4.4 -2.4
      vertex -74.219 4.38276 -2.5
      vertex -74 4.4 -2.5
    endloop
  endfacet
  facet normal 0.52254 -0.852615 0
    outer loop
      vertex -74.8229 4.13262 -2.5
      vertex -74.6356 4.24741 -2.4
      vertex -74.8229 4.13262 -2.4
    endloop
  endfacet
  facet normal 0.52254 -0.852615 0
    outer loop
      vertex -74.6356 4.24741 -2.4
      vertex -74.8229 4.13262 -2.5
      vertex -74.6356 4.24741 -2.5
    endloop
  endfacet
  facet normal 0.233442 0.972371 -0
    outer loop
      vertex -74.219 1.61724 -2.5
      vertex -74.4326 1.66852 -2.4
      vertex -74.219 1.61724 -2.4
    endloop
  endfacet
  facet normal 0.233442 0.972371 0
    outer loop
      vertex -74.4326 1.66852 -2.4
      vertex -74.219 1.61724 -2.5
      vertex -74.4326 1.66852 -2.5
    endloop
  endfacet
  facet normal 0.923836 -0.382789 0
    outer loop
      vertex -75.3315 3.43262 -2.4
      vertex -75.2474 3.63559 -2.5
      vertex -75.2474 3.63559 -2.4
    endloop
  endfacet
  facet normal 0.923836 -0.382789 0
    outer loop
      vertex -75.2474 3.63559 -2.5
      vertex -75.3315 3.43262 -2.4
      vertex -75.3315 3.43262 -2.5
    endloop
  endfacet
  facet normal -0.972275 -0.233839 0
    outer loop
      vertex -71.5 3.68993 -3.78224
      vertex -71.5273 3.80344 -2.5
      vertex -71.5273 3.80344 -3.79109
    endloop
  endfacet
  facet normal -0.972275 -0.233839 0
    outer loop
      vertex -71.5273 3.80344 -2.5
      vertex -71.5 3.68993 -3.78224
      vertex -71.5 3.68993 -2.5
    endloop
  endfacet
  facet normal -0.649368 0.760474 0
    outer loop
      vertex -72.1615 1.16152 -3.91382
      vertex -72.4718 0.896555 -2.5
      vertex -72.1615 1.16152 -2.5
    endloop
  endfacet
  facet normal -0.649368 0.760474 0
    outer loop
      vertex -72.4718 0.896555 -2.5
      vertex -72.1615 1.16152 -3.91382
      vertex -72.4718 0.896555 -3.91382
    endloop
  endfacet
  facet normal 0.522584 -0.852588 0
    outer loop
      vertex -75.5282 5.10344 -3.91382
      vertex -75.1804 5.31662 -2.5
      vertex -75.5282 5.10344 -2.5
    endloop
  endfacet
  facet normal 0.522584 -0.852588 0
    outer loop
      vertex -75.1804 5.31662 -2.5
      vertex -75.5282 5.10344 -3.91382
      vertex -75.1804 5.31662 -3.91382
    endloop
  endfacet
  facet normal -0.233447 -0.972369 0
    outer loop
      vertex -73.5933 5.56799 -3.91382
      vertex -73.1966 5.47275 -2.5
      vertex -73.5933 5.56799 -2.5
    endloop
  endfacet
  facet normal -0.233447 -0.972369 -0
    outer loop
      vertex -73.1966 5.47275 -2.5
      vertex -73.5933 5.56799 -3.91382
      vertex -73.1966 5.47275 -3.91382
    endloop
  endfacet
  facet normal 0.233452 0.972368 -0
    outer loop
      vertex -74.4067 0.43201 -3.91382
      vertex -74.8034 0.527252 -2.5
      vertex -74.4067 0.43201 -2.5
    endloop
  endfacet
  facet normal 0.233452 0.972368 0
    outer loop
      vertex -74.8034 0.527252 -2.5
      vertex -74.4067 0.43201 -3.91382
      vertex -74.8034 0.527252 -3.91382
    endloop
  endfacet
  facet normal 0.649368 0.760474 -0
    outer loop
      vertex -75.5282 0.896555 -3.91382
      vertex -75.8385 1.16152 -2.5
      vertex -75.5282 0.896555 -2.5
    endloop
  endfacet
  facet normal 0.649368 0.760474 0
    outer loop
      vertex -75.8385 1.16152 -2.5
      vertex -75.5282 0.896555 -3.91382
      vertex -75.8385 1.16152 -3.91382
    endloop
  endfacet
  facet normal -0.233452 0.972368 0
    outer loop
      vertex -73.1966 0.527252 -3.91382
      vertex -73.5933 0.43201 -2.5
      vertex -73.1966 0.527252 -2.5
    endloop
  endfacet
  facet normal -0.233452 0.972368 0
    outer loop
      vertex -73.5933 0.43201 -2.5
      vertex -73.1966 0.527252 -3.91382
      vertex -73.5933 0.43201 -3.91382
    endloop
  endfacet
  facet normal -0.923909 -0.382613 0
    outer loop
      vertex -71.5273 3.80344 -3.79109
      vertex -71.6834 4.18038 -2.5
      vertex -71.6834 4.18038 -3.84182
    endloop
  endfacet
  facet normal -0.923909 -0.382613 0
    outer loop
      vertex -71.6834 4.18038 -2.5
      vertex -71.5273 3.80344 -3.79109
      vertex -71.5273 3.80344 -2.5
    endloop
  endfacet
  facet normal -0.649361 -0.76048 0
    outer loop
      vertex -72.4718 5.10344 -3.91382
      vertex -72.1615 4.83848 -2.5
      vertex -72.4718 5.10344 -2.5
    endloop
  endfacet
  facet normal -0.649361 -0.76048 -0
    outer loop
      vertex -72.1615 4.83848 -2.5
      vertex -72.4718 5.10344 -3.91382
      vertex -72.1615 4.83848 -3.91382
    endloop
  endfacet
  facet normal -0.852606 0.522554 0
    outer loop
      vertex -71.8966 1.47176 -2.5
      vertex -71.6834 1.81962 -3.84182
      vertex -71.8966 1.47176 -3.91109
    endloop
  endfacet
  facet normal -0.852606 0.522554 0
    outer loop
      vertex -71.6834 1.81962 -3.84182
      vertex -71.8966 1.47176 -2.5
      vertex -71.6834 1.81962 -2.5
    endloop
  endfacet
  facet normal 0.760491 -0.649349 0
    outer loop
      vertex -76.1034 4.52824 -2.5
      vertex -75.8385 4.83848 -3.91382
      vertex -75.8385 4.83848 -2.5
    endloop
  endfacet
  facet normal 0.760491 -0.649349 0
    outer loop
      vertex -75.8385 4.83848 -3.91382
      vertex -76.1034 4.52824 -2.5
      vertex -76.1034 4.52824 -3.91382
    endloop
  endfacet
  facet normal 0.078464 0.996917 -0
    outer loop
      vertex -74 0.4 -3.91382
      vertex -74.4067 0.43201 -2.5
      vertex -74 0.4 -2.5
    endloop
  endfacet
  facet normal 0.078464 0.996917 0
    outer loop
      vertex -74.4067 0.43201 -2.5
      vertex -74 0.4 -3.91382
      vertex -74.4067 0.43201 -3.91382
    endloop
  endfacet
  facet normal -0.382624 -0.923904 0
    outer loop
      vertex -73.1966 5.47275 -3.91382
      vertex -72.8196 5.31662 -2.5
      vertex -73.1966 5.47275 -2.5
    endloop
  endfacet
  facet normal -0.382624 -0.923904 -0
    outer loop
      vertex -72.8196 5.31662 -2.5
      vertex -73.1966 5.47275 -3.91382
      vertex -72.8196 5.31662 -3.91382
    endloop
  endfacet
  facet normal 0.923909 -0.382613 0
    outer loop
      vertex -76.4727 3.80344 -2.5
      vertex -76.3166 4.18038 -3.91382
      vertex -76.3166 4.18038 -2.5
    endloop
  endfacet
  facet normal 0.923909 -0.382613 0
    outer loop
      vertex -76.3166 4.18038 -3.91382
      vertex -76.4727 3.80344 -2.5
      vertex -76.4727 3.80344 -3.91382
    endloop
  endfacet
  facet normal 0.972337 0.233581 0
    outer loop
      vertex -76.4727 2.19656 -2.5
      vertex -76.568 2.59327 -3.91382
      vertex -76.568 2.59327 -2.5
    endloop
  endfacet
  facet normal 0.972337 0.233581 0
    outer loop
      vertex -76.568 2.59327 -3.91382
      vertex -76.4727 2.19656 -2.5
      vertex -76.4727 2.19656 -3.91382
    endloop
  endfacet
  facet normal -0.923909 0.382613 0
    outer loop
      vertex -71.6834 1.81962 -2.5
      vertex -71.5273 2.19656 -3.79109
      vertex -71.6834 1.81962 -3.84182
    endloop
  endfacet
  facet normal -0.923909 0.382613 0
    outer loop
      vertex -71.5273 2.19656 -3.79109
      vertex -71.6834 1.81962 -2.5
      vertex -71.5273 2.19656 -2.5
    endloop
  endfacet
  facet normal -0.382626 0.923903 0
    outer loop
      vertex -72.8196 0.683383 -3.91382
      vertex -73.1966 0.527252 -2.5
      vertex -72.8196 0.683383 -2.5
    endloop
  endfacet
  facet normal -0.382626 0.923903 0
    outer loop
      vertex -73.1966 0.527252 -2.5
      vertex -72.8196 0.683383 -3.91382
      vertex -73.1966 0.527252 -3.91382
    endloop
  endfacet
  facet normal 0.852606 -0.522554 0
    outer loop
      vertex -76.3166 4.18038 -2.5
      vertex -76.1034 4.52824 -3.91382
      vertex -76.1034 4.52824 -2.5
    endloop
  endfacet
  facet normal 0.852606 -0.522554 0
    outer loop
      vertex -76.1034 4.52824 -3.91382
      vertex -76.3166 4.18038 -2.5
      vertex -76.3166 4.18038 -3.91382
    endloop
  endfacet
  facet normal 0.996919 0.0784339 0
    outer loop
      vertex -76.568 2.59327 -2.5
      vertex -76.6 3 -3.91382
      vertex -76.6 3 -2.5
    endloop
  endfacet
  facet normal 0.996919 0.0784339 0
    outer loop
      vertex -76.6 3 -3.91382
      vertex -76.568 2.59327 -2.5
      vertex -76.568 2.59327 -3.91382
    endloop
  endfacet
  facet normal 0.233447 -0.972369 0
    outer loop
      vertex -74.8034 5.47275 -3.91382
      vertex -74.4067 5.56799 -2.5
      vertex -74.8034 5.47275 -2.5
    endloop
  endfacet
  facet normal 0.233447 -0.972369 0
    outer loop
      vertex -74.4067 5.56799 -2.5
      vertex -74.8034 5.47275 -3.91382
      vertex -74.4067 5.56799 -3.91382
    endloop
  endfacet
  facet normal -0.760488 -0.649352 -0.000556392
    outer loop
      vertex -71.8966 4.52824 -3.91109
      vertex -72.1615 4.83848 -3.91382
      vertex -71.905 4.53808 -3.91382
    endloop
  endfacet
  facet normal -0.760491 -0.649349 0
    outer loop
      vertex -72.1615 4.83848 -3.91382
      vertex -71.8966 4.52824 -3.91109
      vertex -72.1615 4.83848 -2.5
    endloop
  endfacet
  facet normal -0.760491 -0.649349 0
    outer loop
      vertex -72.1615 4.83848 -2.5
      vertex -71.8966 4.52824 -3.91109
      vertex -71.8966 4.52824 -2.5
    endloop
  endfacet
  facet normal 0.649361 -0.76048 0
    outer loop
      vertex -75.8385 4.83848 -3.91382
      vertex -75.5282 5.10344 -2.5
      vertex -75.8385 4.83848 -2.5
    endloop
  endfacet
  facet normal 0.649361 -0.76048 0
    outer loop
      vertex -75.5282 5.10344 -2.5
      vertex -75.8385 4.83848 -3.91382
      vertex -75.5282 5.10344 -3.91382
    endloop
  endfacet
  facet normal -0.972275 0.233839 0
    outer loop
      vertex -71.5273 2.19656 -2.5
      vertex -71.5 2.31007 -3.78224
      vertex -71.5273 2.19656 -3.79109
    endloop
  endfacet
  facet normal -0.972275 0.233839 0
    outer loop
      vertex -71.5 2.31007 -3.78224
      vertex -71.5273 2.19656 -2.5
      vertex -71.5 2.31007 -2.5
    endloop
  endfacet
  facet normal 0.52257 0.852597 -0
    outer loop
      vertex -75.1804 0.683383 -3.91382
      vertex -75.5282 0.896555 -2.5
      vertex -75.1804 0.683383 -2.5
    endloop
  endfacet
  facet normal 0.52257 0.852597 0
    outer loop
      vertex -75.5282 0.896555 -2.5
      vertex -75.1804 0.683383 -3.91382
      vertex -75.5282 0.896555 -3.91382
    endloop
  endfacet
  facet normal -0.522584 -0.852588 0
    outer loop
      vertex -72.8196 5.31662 -3.91382
      vertex -72.4718 5.10344 -2.5
      vertex -72.8196 5.31662 -2.5
    endloop
  endfacet
  facet normal -0.522584 -0.852588 -0
    outer loop
      vertex -72.4718 5.10344 -2.5
      vertex -72.8196 5.31662 -3.91382
      vertex -72.4718 5.10344 -3.91382
    endloop
  endfacet
  facet normal 0.996919 -0.0784339 0
    outer loop
      vertex -76.6 3 -2.5
      vertex -76.568 3.40673 -3.91382
      vertex -76.568 3.40673 -2.5
    endloop
  endfacet
  facet normal 0.996919 -0.0784339 0
    outer loop
      vertex -76.568 3.40673 -3.91382
      vertex -76.6 3 -2.5
      vertex -76.6 3 -3.91382
    endloop
  endfacet
  facet normal -0.078464 0.996917 0
    outer loop
      vertex -73.5933 0.43201 -3.91382
      vertex -74 0.4 -2.5
      vertex -73.5933 0.43201 -2.5
    endloop
  endfacet
  facet normal -0.078464 0.996917 0
    outer loop
      vertex -74 0.4 -2.5
      vertex -73.5933 0.43201 -3.91382
      vertex -74 0.4 -3.91382
    endloop
  endfacet
  facet normal 0.382624 -0.923904 0
    outer loop
      vertex -75.1804 5.31662 -3.91382
      vertex -74.8034 5.47275 -2.5
      vertex -75.1804 5.31662 -2.5
    endloop
  endfacet
  facet normal 0.382624 -0.923904 0
    outer loop
      vertex -74.8034 5.47275 -2.5
      vertex -75.1804 5.31662 -3.91382
      vertex -74.8034 5.47275 -3.91382
    endloop
  endfacet
  facet normal 0.760491 0.649349 0
    outer loop
      vertex -75.8385 1.16152 -2.5
      vertex -76.1034 1.47176 -3.91382
      vertex -76.1034 1.47176 -2.5
    endloop
  endfacet
  facet normal 0.760491 0.649349 0
    outer loop
      vertex -76.1034 1.47176 -3.91382
      vertex -75.8385 1.16152 -2.5
      vertex -75.8385 1.16152 -3.91382
    endloop
  endfacet
  facet normal 0.852606 0.522554 0
    outer loop
      vertex -76.1034 1.47176 -2.5
      vertex -76.3166 1.81962 -3.91382
      vertex -76.3166 1.81962 -2.5
    endloop
  endfacet
  facet normal 0.852606 0.522554 0
    outer loop
      vertex -76.3166 1.81962 -3.91382
      vertex -76.1034 1.47176 -2.5
      vertex -76.1034 1.47176 -3.91382
    endloop
  endfacet
  facet normal 0.972337 -0.233581 0
    outer loop
      vertex -76.568 3.40673 -2.5
      vertex -76.4727 3.80344 -3.91382
      vertex -76.4727 3.80344 -2.5
    endloop
  endfacet
  facet normal 0.972337 -0.233581 0
    outer loop
      vertex -76.4727 3.80344 -3.91382
      vertex -76.568 3.40673 -2.5
      vertex -76.568 3.40673 -3.91382
    endloop
  endfacet
  facet normal -0.760488 0.649352 -0.000556392
    outer loop
      vertex -72.1615 1.16152 -3.91382
      vertex -71.8966 1.47176 -3.91109
      vertex -71.905 1.46192 -3.91382
    endloop
  endfacet
  facet normal -0.760491 0.649349 0
    outer loop
      vertex -71.8966 1.47176 -3.91109
      vertex -72.1615 1.16152 -3.91382
      vertex -71.8966 1.47176 -2.5
    endloop
  endfacet
  facet normal -0.760491 0.649349 0
    outer loop
      vertex -71.8966 1.47176 -2.5
      vertex -72.1615 1.16152 -3.91382
      vertex -72.1615 1.16152 -2.5
    endloop
  endfacet
  facet normal -0.852606 -0.522554 0
    outer loop
      vertex -71.6834 4.18038 -3.84182
      vertex -71.8966 4.52824 -2.5
      vertex -71.8966 4.52824 -3.91109
    endloop
  endfacet
  facet normal -0.852606 -0.522554 0
    outer loop
      vertex -71.8966 4.52824 -2.5
      vertex -71.6834 4.18038 -3.84182
      vertex -71.6834 4.18038 -2.5
    endloop
  endfacet
  facet normal 0.382626 0.923903 -0
    outer loop
      vertex -74.8034 0.527252 -3.91382
      vertex -75.1804 0.683383 -2.5
      vertex -74.8034 0.527252 -2.5
    endloop
  endfacet
  facet normal 0.382626 0.923903 0
    outer loop
      vertex -75.1804 0.683383 -2.5
      vertex -74.8034 0.527252 -3.91382
      vertex -75.1804 0.683383 -3.91382
    endloop
  endfacet
  facet normal -0.078464 -0.996917 0
    outer loop
      vertex -74 5.6 -3.91382
      vertex -73.5933 5.56799 -2.5
      vertex -74 5.6 -2.5
    endloop
  endfacet
  facet normal -0.078464 -0.996917 -0
    outer loop
      vertex -73.5933 5.56799 -2.5
      vertex -74 5.6 -3.91382
      vertex -73.5933 5.56799 -3.91382
    endloop
  endfacet
  facet normal 0.078464 -0.996917 0
    outer loop
      vertex -74.4067 5.56799 -3.91382
      vertex -74 5.6 -2.5
      vertex -74.4067 5.56799 -2.5
    endloop
  endfacet
  facet normal 0.078464 -0.996917 0
    outer loop
      vertex -74 5.6 -2.5
      vertex -74.4067 5.56799 -3.91382
      vertex -74 5.6 -3.91382
    endloop
  endfacet
  facet normal 0.923909 0.382613 0
    outer loop
      vertex -76.3166 1.81962 -2.5
      vertex -76.4727 2.19656 -3.91382
      vertex -76.4727 2.19656 -2.5
    endloop
  endfacet
  facet normal 0.923909 0.382613 0
    outer loop
      vertex -76.4727 2.19656 -3.91382
      vertex -76.3166 1.81962 -2.5
      vertex -76.3166 1.81962 -3.91382
    endloop
  endfacet
  facet normal -0.52257 0.852597 0
    outer loop
      vertex -72.4718 0.896555 -3.91382
      vertex -72.8196 0.683383 -2.5
      vertex -72.4718 0.896555 -2.5
    endloop
  endfacet
  facet normal -0.52257 0.852597 0
    outer loop
      vertex -72.8196 0.683383 -2.5
      vertex -72.4718 0.896555 -3.91382
      vertex -72.8196 0.683383 -3.91382
    endloop
  endfacet
  facet normal 0 0 -1
    outer loop
      vertex -67.6 -0.2 22.2
      vertex -66.0862 6.2 22.2
      vertex -66.0862 -0.2 22.2
    endloop
  endfacet
  facet normal -0 0 -1
    outer loop
      vertex -66.0862 6.2 22.2
      vertex -67.6 -0.2 22.2
      vertex -67.6 6.2 22.2
    endloop
  endfacet
  facet normal -0 0 1
    outer loop
      vertex -67.6 6.2 5.8
      vertex -66.0862 -0.2 5.8
      vertex -66.0862 6.2 5.8
    endloop
  endfacet
  facet normal 0 0 1
    outer loop
      vertex -66.0862 -0.2 5.8
      vertex -67.6 6.2 5.8
      vertex -67.6 -0.2 5.8
    endloop
  endfacet
  facet normal 0 -1 0
    outer loop
      vertex -67.6 6.2 5.8
      vertex -66.0862 6.2 22.2
      vertex -67.6 6.2 22.2
    endloop
  endfacet
  facet normal 0 -1 -0
    outer loop
      vertex -66.0862 6.2 22.2
      vertex -67.6 6.2 5.8
      vertex -66.0862 6.2 5.8
    endloop
  endfacet
  facet normal 0 1 -0
    outer loop
      vertex -66.0862 -0.2 5.8
      vertex -67.6 -0.2 22.2
      vertex -66.0862 -0.2 22.2
    endloop
  endfacet
  facet normal 0 1 0
    outer loop
      vertex -67.6 -0.2 22.2
      vertex -66.0862 -0.2 5.8
      vertex -67.6 -0.2 5.8
    endloop
  endfacet
  facet normal -0.923876 0 -0.382692
    outer loop
      vertex -86.4783 26.4 31.4944
      vertex -86.5744 27.9138 31.7264
      vertex -86.4783 27.9138 31.4944
    endloop
  endfacet
  facet normal -0.923876 -0 -0.382692
    outer loop
      vertex -86.5744 27.9138 31.7264
      vertex -86.4783 26.4 31.4944
      vertex -86.5744 26.4 31.7264
    endloop
  endfacet
  facet normal -0.972373 0 0.233433
    outer loop
      vertex -86.4783 26.4 30.5056
      vertex -86.4197 27.9138 30.7497
      vertex -86.4783 27.9138 30.5056
    endloop
  endfacet
  facet normal -0.972373 0 0.233433
    outer loop
      vertex -86.4197 27.9138 30.7497
      vertex -86.4783 26.4 30.5056
      vertex -86.4197 26.4 30.7497
    endloop
  endfacet
  facet normal -0.996917 0 0.0784629
    outer loop
      vertex -86.4197 26.4 30.7497
      vertex -86.4 27.9138 31
      vertex -86.4197 27.9138 30.7497
    endloop
  endfacet
  facet normal -0.996917 0 0.0784629
    outer loop
      vertex -86.4 27.9138 31
      vertex -86.4197 26.4 30.7497
      vertex -86.4 26.4 31
    endloop
  endfacet
  facet normal -0.522497 -0 -0.852641
    outer loop
      vertex -87.2736 27.8064 32.4256
      vertex -87.0595 26.4 32.2944
      vertex -87.2736 26.4 32.4256
    endloop
  endfacet
  facet normal -0.522497 0 -0.852641
    outer loop
      vertex -87.0595 26.4 32.2944
      vertex -87.2736 27.8064 32.4256
      vertex -87.0595 27.849 32.2944
    endloop
  endfacet
  facet normal -0.760493 0 0.649347
    outer loop
      vertex -86.8686 26.4 29.8686
      vertex -86.7056 27.9138 30.0595
      vertex -86.8686 27.9138 29.8686
    endloop
  endfacet
  facet normal -0.760493 0 0.649347
    outer loop
      vertex -86.7056 27.9138 30.0595
      vertex -86.8686 26.4 29.8686
      vertex -86.7056 26.4 30.0595
    endloop
  endfacet
  facet normal -0.0784629 -0 -0.996917
    outer loop
      vertex -88 27.7497 32.6
      vertex -87.7497 26.4 32.5803
      vertex -88 26.4 32.6
    endloop
  endfacet
  facet normal -0.0784629 0 -0.996917
    outer loop
      vertex -87.7497 26.4 32.5803
      vertex -88 27.7497 32.6
      vertex -87.7497 27.7561 32.5803
    endloop
  endfacet
  facet normal -0.996917 0 -0.0784629
    outer loop
      vertex -86.4 26.4 31
      vertex -86.4197 27.9138 31.2503
      vertex -86.4 27.9138 31
    endloop
  endfacet
  facet normal -0.996917 -0 -0.0784629
    outer loop
      vertex -86.4197 27.9138 31.2503
      vertex -86.4 26.4 31
      vertex -86.4197 26.4 31.2503
    endloop
  endfacet
  facet normal 0.852641 0 -0.522497
    outer loop
      vertex -89.2944 26.4 31.9405
      vertex -89.4256 27.9138 31.7264
      vertex -89.2944 27.9138 31.9405
    endloop
  endfacet
  facet normal 0.852641 0 -0.522497
    outer loop
      vertex -89.4256 27.9138 31.7264
      vertex -89.2944 26.4 31.9405
      vertex -89.4256 26.4 31.7264
    endloop
  endfacet
  facet normal -0.233433 -0 -0.972373
    outer loop
      vertex -87.7497 27.7561 32.5803
      vertex -87.5056 26.4 32.5217
      vertex -87.7497 26.4 32.5803
    endloop
  endfacet
  facet normal -0.233433 0 -0.972373
    outer loop
      vertex -87.5056 26.4 32.5217
      vertex -87.7497 27.7561 32.5803
      vertex -87.5056 27.7752 32.5217
    endloop
  endfacet
  facet normal 0.972373 0 -0.233433
    outer loop
      vertex -89.5217 26.4 31.4944
      vertex -89.5803 27.9138 31.2503
      vertex -89.5217 27.9138 31.4944
    endloop
  endfacet
  facet normal 0.972373 0 -0.233433
    outer loop
      vertex -89.5803 27.9138 31.2503
      vertex -89.5217 26.4 31.4944
      vertex -89.5803 26.4 31.2503
    endloop
  endfacet
  facet normal 0.649347 0 0.760493
    outer loop
      vertex -89.1314 27.9138 29.8686
      vertex -88.9405 26.4 29.7056
      vertex -88.9405 27.9138 29.7056
    endloop
  endfacet
  facet normal 0.649347 0 0.760493
    outer loop
      vertex -88.9405 26.4 29.7056
      vertex -89.1314 27.9138 29.8686
      vertex -89.1314 26.4 29.8686
    endloop
  endfacet
  facet normal -0.382692 0 0.923876
    outer loop
      vertex -87.5056 27.9138 29.4783
      vertex -87.2736 26.4 29.5744
      vertex -87.2736 27.9138 29.5744
    endloop
  endfacet
  facet normal -0.382692 0 0.923876
    outer loop
      vertex -87.2736 26.4 29.5744
      vertex -87.5056 27.9138 29.4783
      vertex -87.5056 26.4 29.4783
    endloop
  endfacet
  facet normal -0.972373 0 -0.233433
    outer loop
      vertex -86.4197 26.4 31.2503
      vertex -86.4783 27.9138 31.4944
      vertex -86.4197 27.9138 31.2503
    endloop
  endfacet
  facet normal -0.972373 -0 -0.233433
    outer loop
      vertex -86.4783 27.9138 31.4944
      vertex -86.4197 26.4 31.2503
      vertex -86.4783 26.4 31.4944
    endloop
  endfacet
  facet normal -0.649347 -0 -0.760493
    outer loop
      vertex -87.0595 27.849 32.2944
      vertex -86.8686 26.4 32.1314
      vertex -87.0595 26.4 32.2944
    endloop
  endfacet
  facet normal -0.649347 0 -0.760493
    outer loop
      vertex -86.8686 26.4 32.1314
      vertex -87.0595 27.849 32.2944
      vertex -86.8686 27.902 32.1314
    endloop
  endfacet
  facet normal -0.0784629 0 0.996917
    outer loop
      vertex -88 27.9138 29.4
      vertex -87.7497 26.4 29.4197
      vertex -87.7497 27.9138 29.4197
    endloop
  endfacet
  facet normal -0.0784629 0 0.996917
    outer loop
      vertex -87.7497 26.4 29.4197
      vertex -88 27.9138 29.4
      vertex -88 26.4 29.4
    endloop
  endfacet
  facet normal 0.852641 -0 0.522497
    outer loop
      vertex -89.4256 26.4 30.2736
      vertex -89.2944 27.9138 30.0595
      vertex -89.4256 27.9138 30.2736
    endloop
  endfacet
  facet normal 0.852641 0 0.522497
    outer loop
      vertex -89.2944 27.9138 30.0595
      vertex -89.4256 26.4 30.2736
      vertex -89.2944 26.4 30.0595
    endloop
  endfacet
  facet normal 0.996917 -0 0.0784629
    outer loop
      vertex -89.6 26.4 31
      vertex -89.5803 27.9138 30.7497
      vertex -89.6 27.9138 31
    endloop
  endfacet
  facet normal 0.996917 0 0.0784629
    outer loop
      vertex -89.5803 27.9138 30.7497
      vertex -89.6 26.4 31
      vertex -89.5803 26.4 30.7497
    endloop
  endfacet
  facet normal -0.760282 -0.00638052 -0.649562
    outer loop
      vertex -86.7056 27.9138 31.9405
      vertex -86.8686 27.902 32.1314
      vertex -86.8376 27.9138 32.095
    endloop
  endfacet
  facet normal -0.760493 0 -0.649347
    outer loop
      vertex -86.7056 26.4 31.9405
      vertex -86.8686 27.902 32.1314
      vertex -86.7056 27.9138 31.9405
    endloop
  endfacet
  facet normal -0.760493 -0 -0.649347
    outer loop
      vertex -86.8686 27.902 32.1314
      vertex -86.7056 26.4 31.9405
      vertex -86.8686 26.4 32.1314
    endloop
  endfacet
  facet normal 0.760282 -0.00638052 -0.649562
    outer loop
      vertex -89.1314 27.902 32.1314
      vertex -89.2944 27.9138 31.9405
      vertex -89.1624 27.9138 32.095
    endloop
  endfacet
  facet normal 0.760493 0 -0.649347
    outer loop
      vertex -89.2944 26.4 31.9405
      vertex -89.1314 27.902 32.1314
      vertex -89.1314 26.4 32.1314
    endloop
  endfacet
  facet normal 0.760493 0 -0.649347
    outer loop
      vertex -89.1314 27.902 32.1314
      vertex -89.2944 26.4 31.9405
      vertex -89.2944 27.9138 31.9405
    endloop
  endfacet
  facet normal -0.852641 0 0.522497
    outer loop
      vertex -86.7056 26.4 30.0595
      vertex -86.5744 27.9138 30.2736
      vertex -86.7056 27.9138 30.0595
    endloop
  endfacet
  facet normal -0.852641 0 0.522497
    outer loop
      vertex -86.5744 27.9138 30.2736
      vertex -86.7056 26.4 30.0595
      vertex -86.5744 26.4 30.2736
    endloop
  endfacet
  facet normal 0.0784629 0 0.996917
    outer loop
      vertex -88.2503 27.9138 29.4197
      vertex -88 26.4 29.4
      vertex -88 27.9138 29.4
    endloop
  endfacet
  facet normal 0.0784629 0 0.996917
    outer loop
      vertex -88 26.4 29.4
      vertex -88.2503 27.9138 29.4197
      vertex -88.2503 26.4 29.4197
    endloop
  endfacet
  facet normal 0.233433 0 -0.972373
    outer loop
      vertex -88.4944 26.4 32.5217
      vertex -88.2503 27.7561 32.5803
      vertex -88.2503 26.4 32.5803
    endloop
  endfacet
  facet normal 0.233433 0 -0.972373
    outer loop
      vertex -88.2503 27.7561 32.5803
      vertex -88.4944 26.4 32.5217
      vertex -88.4944 27.7752 32.5217
    endloop
  endfacet
  facet normal 0.649347 0 -0.760493
    outer loop
      vertex -89.1314 26.4 32.1314
      vertex -88.9405 27.849 32.2944
      vertex -88.9405 26.4 32.2944
    endloop
  endfacet
  facet normal 0.649347 0 -0.760493
    outer loop
      vertex -88.9405 27.849 32.2944
      vertex -89.1314 26.4 32.1314
      vertex -89.1314 27.902 32.1314
    endloop
  endfacet
  facet normal 0.924006 0 0.382378
    outer loop
      vertex -89.478 26.4 30.4
      vertex -89.5217 27.9138 30.5056
      vertex -89.5217 26.4 30.5056
    endloop
  endfacet
  facet normal 0.923876 -2.56748e-05 0.382692
    outer loop
      vertex -89.5217 27.9138 30.5056
      vertex -89.478 26.4 30.4
      vertex -89.4256 27.9138 30.2736
    endloop
  endfacet
  facet normal 0.923767 0 0.382954
    outer loop
      vertex -89.4256 27.9138 30.2736
      vertex -89.478 26.4 30.4
      vertex -89.4256 26.4 30.2736
    endloop
  endfacet
  facet normal 0.996917 0 -0.0784629
    outer loop
      vertex -89.5803 26.4 31.2503
      vertex -89.6 27.9138 31
      vertex -89.5803 27.9138 31.2503
    endloop
  endfacet
  facet normal 0.996917 0 -0.0784629
    outer loop
      vertex -89.6 27.9138 31
      vertex -89.5803 26.4 31.2503
      vertex -89.6 26.4 31
    endloop
  endfacet
  facet normal -0.233433 0 0.972373
    outer loop
      vertex -87.7497 27.9138 29.4197
      vertex -87.5056 26.4 29.4783
      vertex -87.5056 27.9138 29.4783
    endloop
  endfacet
  facet normal -0.233433 0 0.972373
    outer loop
      vertex -87.5056 26.4 29.4783
      vertex -87.7497 27.9138 29.4197
      vertex -87.7497 26.4 29.4197
    endloop
  endfacet
  facet normal -0.852641 0 -0.522497
    outer loop
      vertex -86.5744 26.4 31.7264
      vertex -86.7056 27.9138 31.9405
      vertex -86.5744 27.9138 31.7264
    endloop
  endfacet
  facet normal -0.852641 -0 -0.522497
    outer loop
      vertex -86.7056 27.9138 31.9405
      vertex -86.5744 26.4 31.7264
      vertex -86.7056 26.4 31.9405
    endloop
  endfacet
  facet normal 0.972373 -0 0.233433
    outer loop
      vertex -89.5803 26.4 30.7497
      vertex -89.5217 27.9138 30.5056
      vertex -89.5803 27.9138 30.7497
    endloop
  endfacet
  facet normal 0.972373 0 0.233433
    outer loop
      vertex -89.5217 27.9138 30.5056
      vertex -89.5803 26.4 30.7497
      vertex -89.5217 26.4 30.5056
    endloop
  endfacet
  facet normal 0.760493 -0 0.649347
    outer loop
      vertex -89.2944 26.4 30.0595
      vertex -89.1314 27.9138 29.8686
      vertex -89.2944 27.9138 30.0595
    endloop
  endfacet
  facet normal 0.760493 0 0.649347
    outer loop
      vertex -89.1314 27.9138 29.8686
      vertex -89.2944 26.4 30.0595
      vertex -89.1314 26.4 29.8686
    endloop
  endfacet
  facet normal -0.649347 0 0.760493
    outer loop
      vertex -87.0595 27.9138 29.7056
      vertex -86.8686 26.4 29.8686
      vertex -86.8686 27.9138 29.8686
    endloop
  endfacet
  facet normal -0.649347 0 0.760493
    outer loop
      vertex -86.8686 26.4 29.8686
      vertex -87.0595 27.9138 29.7056
      vertex -87.0595 26.4 29.7056
    endloop
  endfacet
  facet normal -0.382692 -0 -0.923876
    outer loop
      vertex -87.5056 27.7752 32.5217
      vertex -87.2736 26.4 32.4256
      vertex -87.5056 26.4 32.5217
    endloop
  endfacet
  facet normal -0.382692 0 -0.923876
    outer loop
      vertex -87.2736 26.4 32.4256
      vertex -87.5056 27.7752 32.5217
      vertex -87.2736 27.8064 32.4256
    endloop
  endfacet
  facet normal -0.522497 0 0.852641
    outer loop
      vertex -87.2736 27.9138 29.5744
      vertex -87.0595 26.4 29.7056
      vertex -87.0595 27.9138 29.7056
    endloop
  endfacet
  facet normal -0.522497 0 0.852641
    outer loop
      vertex -87.0595 26.4 29.7056
      vertex -87.2736 27.9138 29.5744
      vertex -87.2736 26.4 29.5744
    endloop
  endfacet
  facet normal 0.382692 0 -0.923876
    outer loop
      vertex -88.7264 26.4 32.4256
      vertex -88.4944 27.7752 32.5217
      vertex -88.4944 26.4 32.5217
    endloop
  endfacet
  facet normal 0.382692 0 -0.923876
    outer loop
      vertex -88.4944 27.7752 32.5217
      vertex -88.7264 26.4 32.4256
      vertex -88.7264 27.8064 32.4256
    endloop
  endfacet
  facet normal 0.233433 0 0.972373
    outer loop
      vertex -88.4944 27.9138 29.4783
      vertex -88.2503 26.4 29.4197
      vertex -88.2503 27.9138 29.4197
    endloop
  endfacet
  facet normal 0.233433 0 0.972373
    outer loop
      vertex -88.2503 26.4 29.4197
      vertex -88.4944 27.9138 29.4783
      vertex -88.4944 26.4 29.4783
    endloop
  endfacet
  facet normal 0.382692 0 0.923876
    outer loop
      vertex -88.7264 27.9138 29.5744
      vertex -88.4944 26.4 29.4783
      vertex -88.4944 27.9138 29.4783
    endloop
  endfacet
  facet normal 0.382692 0 0.923876
    outer loop
      vertex -88.4944 26.4 29.4783
      vertex -88.7264 27.9138 29.5744
      vertex -88.7264 26.4 29.5744
    endloop
  endfacet
  facet normal 0.522497 0 0.852641
    outer loop
      vertex -88.9405 27.9138 29.7056
      vertex -88.7264 26.4 29.5744
      vertex -88.7264 27.9138 29.5744
    endloop
  endfacet
  facet normal 0.522497 0 0.852641
    outer loop
      vertex -88.7264 26.4 29.5744
      vertex -88.9405 27.9138 29.7056
      vertex -88.9405 26.4 29.7056
    endloop
  endfacet
  facet normal 0.923876 0 -0.382692
    outer loop
      vertex -89.4256 26.4 31.7264
      vertex -89.5217 27.9138 31.4944
      vertex -89.4256 27.9138 31.7264
    endloop
  endfacet
  facet normal 0.923876 0 -0.382692
    outer loop
      vertex -89.5217 27.9138 31.4944
      vertex -89.4256 26.4 31.7264
      vertex -89.5217 26.4 31.4944
    endloop
  endfacet
  facet normal -0.923876 0 0.382692
    outer loop
      vertex -86.5744 26.4 30.2736
      vertex -86.4783 27.9138 30.5056
      vertex -86.5744 27.9138 30.2736
    endloop
  endfacet
  facet normal -0.923876 0 0.382692
    outer loop
      vertex -86.4783 27.9138 30.5056
      vertex -86.5744 26.4 30.2736
      vertex -86.4783 26.4 30.5056
    endloop
  endfacet
  facet normal 0.0784629 0 -0.996917
    outer loop
      vertex -88.2503 26.4 32.5803
      vertex -88 27.7497 32.6
      vertex -88 26.4 32.6
    endloop
  endfacet
  facet normal 0.0784629 0 -0.996917
    outer loop
      vertex -88 27.7497 32.6
      vertex -88.2503 26.4 32.5803
      vertex -88.2503 27.7561 32.5803
    endloop
  endfacet
  facet normal 0.522497 0 -0.852641
    outer loop
      vertex -88.9405 26.4 32.2944
      vertex -88.7264 27.8064 32.4256
      vertex -88.7264 26.4 32.4256
    endloop
  endfacet
  facet normal 0.522497 0 -0.852641
    outer loop
      vertex -88.7264 27.8064 32.4256
      vertex -88.9405 26.4 32.2944
      vertex -88.9405 27.849 32.2944
    endloop
  endfacet
  facet normal -1 0 0
    outer loop
      vertex -67.6 21.8837 -1.13739
      vertex -67.6 25.2572 1.90496
      vertex -67.6 24.9233 1.16924
    endloop
  endfacet
  facet normal -1 0 0
    outer loop
      vertex -67.6 25.2572 1.90496
      vertex -67.6 6.2 22.2
      vertex -67.6 25.2572 32.095
    endloop
  endfacet
  facet normal -1 0 0
    outer loop
      vertex -67.6 21.8837 -1.13739
      vertex -67.6 24.9233 1.16924
      vertex -67.6 24.3119 0.304301
    endloop
  endfacet
  facet normal -1 0 -0
    outer loop
      vertex -67.6 21 35.33
      vertex -67.6 25.2572 32.095
      vertex -67.6 6.2 22.2
    endloop
  endfacet
  facet normal -1 0 0
    outer loop
      vertex -67.6 23.1983 -0.6668
      vertex -67.6 24.3119 0.304301
      vertex -67.6 23.971 -0.177933
    endloop
  endfacet
  facet normal -1 -0 -0
    outer loop
      vertex -67.6 21.8837 35.1374
      vertex -67.6 25.2572 32.095
      vertex -67.6 21 35.33
    endloop
  endfacet
  facet normal -1 0 0
    outer loop
      vertex -67.6 24.3119 0.304301
      vertex -67.6 23.1983 -0.6668
      vertex -67.6 21.8837 -1.13739
    endloop
  endfacet
  facet normal -1 0 0
    outer loop
      vertex -67.6 25.2572 32.095
      vertex -67.6 21.8837 35.1374
      vertex -67.6 24.9233 32.8308
    endloop
  endfacet
  facet normal -1 0 0
    outer loop
      vertex -67.6 21.8837 -1.13739
      vertex -67.6 23.1983 -0.6668
      vertex -67.6 22.7546 -0.947535
    endloop
  endfacet
  facet normal -1 0 0
    outer loop
      vertex -67.6 24.9233 32.8308
      vertex -67.6 21.8837 35.1374
      vertex -67.6 24.3119 33.6957
    endloop
  endfacet
  facet normal -1 0 0
    outer loop
      vertex -67.6 25.2572 1.90496
      vertex -67.6 21.8837 -1.13739
      vertex -67.6 21 -1.33003
    endloop
  endfacet
  facet normal -1 -0 -0
    outer loop
      vertex -67.6 23.1983 34.6668
      vertex -67.6 24.3119 33.6957
      vertex -67.6 21.8837 35.1374
    endloop
  endfacet
  facet normal -1 -0 0
    outer loop
      vertex -67.6 25.2572 1.90496
      vertex -67.6 21 -1.33003
      vertex -67.6 6.2 5.8
    endloop
  endfacet
  facet normal -1 0 0
    outer loop
      vertex -67.6 23.1983 34.6668
      vertex -67.6 21.8837 35.1374
      vertex -67.6 22.7546 34.9475
    endloop
  endfacet
  facet normal -1 0 0
    outer loop
      vertex -67.6 25.2572 1.90496
      vertex -67.6 6.2 5.8
      vertex -67.6 6.2 22.2
    endloop
  endfacet
  facet normal -1 0 0
    outer loop
      vertex -67.6 21 -1.33003
      vertex -67.6 -0.2 5.8
      vertex -67.6 6.2 5.8
    endloop
  endfacet
  facet normal -1 0 0
    outer loop
      vertex -67.6 -27.2572 1.90496
      vertex -67.6 -0.2 5.8
      vertex -67.6 -23 -1.33003
    endloop
  endfacet
  facet normal -1 0 0
    outer loop
      vertex -67.6 -23 -1.33003
      vertex -67.6 -0.2 5.8
      vertex -67.6 21 -1.33003
    endloop
  endfacet
  facet normal -1 0 0
    outer loop
      vertex -67.6 24.3119 33.6957
      vertex -67.6 23.1983 34.6668
      vertex -67.6 23.971 34.1779
    endloop
  endfacet
  facet normal -1 0 0
    outer loop
      vertex -67.6 -0.2 22.2
      vertex -67.6 21 35.33
      vertex -67.6 6.2 22.2
    endloop
  endfacet
  facet normal -1 0 0
    outer loop
      vertex -67.6 -0.2 22.2
      vertex -67.6 -23 35.33
      vertex -67.6 21 35.33
    endloop
  endfacet
  facet normal -1 -0 0
    outer loop
      vertex -67.6 -0.2 5.8
      vertex -67.6 -27.2572 1.90496
      vertex -67.6 -0.2 22.2
    endloop
  endfacet
  facet normal -1 0 0
    outer loop
      vertex -67.6 -27.2572 1.90496
      vertex -67.6 -23 -1.33003
      vertex -67.6 -23.8837 -1.13739
    endloop
  endfacet
  facet normal -1 0 0
    outer loop
      vertex -67.6 -27.2572 32.095
      vertex -67.6 -0.2 22.2
      vertex -67.6 -27.2572 1.90496
    endloop
  endfacet
  facet normal -1 0 0
    outer loop
      vertex -67.6 -25.1983 -0.6668
      vertex -67.6 -23.8837 -1.13739
      vertex -67.6 -24.7546 -0.947535
    endloop
  endfacet
  facet normal -1 0 0
    outer loop
      vertex -67.6 -0.2 22.2
      vertex -67.6 -27.2572 32.095
      vertex -67.6 -23 35.33
    endloop
  endfacet
  facet normal -1 0 0
    outer loop
      vertex -67.6 -26.3119 0.304301
      vertex -67.6 -23.8837 -1.13739
      vertex -67.6 -25.1983 -0.6668
    endloop
  endfacet
  facet normal -1 0 0
    outer loop
      vertex -67.6 -23 35.33
      vertex -67.6 -27.2572 32.095
      vertex -67.6 -23.8837 35.1374
    endloop
  endfacet
  facet normal -1 0 0
    outer loop
      vertex -67.6 -26.3119 0.304301
      vertex -67.6 -25.1983 -0.6668
      vertex -67.6 -25.971 -0.177933
    endloop
  endfacet
  facet normal -1 0 -0
    outer loop
      vertex -67.6 -26.3119 33.6957
      vertex -67.6 -23.8837 35.1374
      vertex -67.6 -27.2572 32.095
    endloop
  endfacet
  facet normal -1 0 0
    outer loop
      vertex -67.6 -23.8837 -1.13739
      vertex -67.6 -26.3119 0.304301
      vertex -67.6 -27.2572 1.90496
    endloop
  endfacet
  facet normal -1 0 0
    outer loop
      vertex -67.6 -23.8837 35.1374
      vertex -67.6 -25.1983 34.6668
      vertex -67.6 -24.7546 34.9475
    endloop
  endfacet
  facet normal -1 0 0
    outer loop
      vertex -67.6 -27.2572 1.90496
      vertex -67.6 -26.3119 0.304301
      vertex -67.6 -26.9233 1.16924
    endloop
  endfacet
  facet normal -1 0 0
    outer loop
      vertex -67.6 -23.8837 35.1374
      vertex -67.6 -26.3119 33.6957
      vertex -67.6 -25.1983 34.6668
    endloop
  endfacet
  facet normal -1 0 0
    outer loop
      vertex -67.6 -25.1983 34.6668
      vertex -67.6 -26.3119 33.6957
      vertex -67.6 -25.971 34.1779
    endloop
  endfacet
  facet normal -1 0 0
    outer loop
      vertex -67.6 -26.3119 33.6957
      vertex -67.6 -27.2572 32.095
      vertex -67.6 -26.9233 32.8308
    endloop
  endfacet
  facet normal 0 0 1
    outer loop
      vertex -95.33 -22.4 36.4
      vertex -96 -22.4 36.4
      vertex -95.33 -23 36.4
    endloop
  endfacet
  facet normal -0 0 1
    outer loop
      vertex -91 -27.33 36.4
      vertex -88 -28.4 36.4
      vertex -88 -27.33 36.4
    endloop
  endfacet
  facet normal 0 0 1
    outer loop
      vertex -96 -28.4 36.4
      vertex -91 -27.33 36.4
      vertex -91.3435 -27.2756 36.4
    endloop
  endfacet
  facet normal 0 0 1
    outer loop
      vertex -96 -28.4 36.4
      vertex -91.3435 -27.2756 36.4
      vertex -92.3381 -27.1181 36.4
    endloop
  endfacet
  facet normal 0 0 1
    outer loop
      vertex -96 -28.4 36.4
      vertex -93.2353 -26.6609 36.4
      vertex -93.5451 -26.5031 36.4
    endloop
  endfacet
  facet normal 0 0 1
    outer loop
      vertex -96 -22.4 36.4
      vertex -95.2756 -23.3435 36.4
      vertex -95.33 -23 36.4
    endloop
  endfacet
  facet normal 0 0 1
    outer loop
      vertex -96 -22.4 36.4
      vertex -95.1181 -24.3381 36.4
      vertex -95.2756 -23.3435 36.4
    endloop
  endfacet
  facet normal 0 0 1
    outer loop
      vertex -91 -27.33 36.4
      vertex -96 -28.4 36.4
      vertex -88 -28.4 36.4
    endloop
  endfacet
  facet normal 0 0 1
    outer loop
      vertex -93.2353 -26.6609 36.4
      vertex -96 -28.4 36.4
      vertex -92.3381 -27.1181 36.4
    endloop
  endfacet
  facet normal 0 0 1
    outer loop
      vertex -94.5031 -25.5451 36.4
      vertex -96 -28.4 36.4
      vertex -93.5451 -26.5031 36.4
    endloop
  endfacet
  facet normal 0 0 1
    outer loop
      vertex -94.6609 -25.2353 36.4
      vertex -96 -28.4 36.4
      vertex -94.5031 -25.5451 36.4
    endloop
  endfacet
  facet normal 0 0 1
    outer loop
      vertex -95.1181 -24.3381 36.4
      vertex -96 -28.4 36.4
      vertex -94.6609 -25.2353 36.4
    endloop
  endfacet
  facet normal 0 0 1
    outer loop
      vertex -96 -28.4 36.4
      vertex -95.1181 -24.3381 36.4
      vertex -96 -22.4 36.4
    endloop
  endfacet
  facet normal 0 0 -1
    outer loop
      vertex -95.33 -22.4 36.4
      vertex -88 20.4 36.4
      vertex -88 -22.4 36.4
    endloop
  endfacet
  facet normal -0 0 -1
    outer loop
      vertex -88 20.4 36.4
      vertex -95.33 -22.4 36.4
      vertex -95.33 20.4 36.4
    endloop
  endfacet
  facet normal 0 0 -1
    outer loop
      vertex -73 -27.33 36.4
      vertex -68.67 -23 36.4
      vertex -68.7244 -23.3435 36.4
    endloop
  endfacet
  facet normal 0 0 -1
    outer loop
      vertex -68.67 -23 36.4
      vertex -88 -22.4 36.4
      vertex -68.67 21 36.4
    endloop
  endfacet
  facet normal 0 0 -1
    outer loop
      vertex -69.3391 -25.2353 36.4
      vertex -68.7244 -23.3435 36.4
      vertex -68.8819 -24.3381 36.4
    endloop
  endfacet
  facet normal 0 0 -1
    outer loop
      vertex -88 20.4 36.4
      vertex -68.67 21 36.4
      vertex -88 -22.4 36.4
    endloop
  endfacet
  facet normal 0 0 -1
    outer loop
      vertex -68.7244 -23.3435 36.4
      vertex -69.3391 -25.2353 36.4
      vertex -72.6565 -27.2756 36.4
    endloop
  endfacet
  facet normal 0 -0 -1
    outer loop
      vertex -73 25.33 36.4
      vertex -68.67 21 36.4
      vertex -88 20.4 36.4
    endloop
  endfacet
  facet normal 0 0 -1
    outer loop
      vertex -70.7647 -26.6609 36.4
      vertex -69.3391 -25.2353 36.4
      vertex -69.4969 -25.5451 36.4
    endloop
  endfacet
  facet normal 0 0 -1
    outer loop
      vertex -68.67 21 36.4
      vertex -73 25.33 36.4
      vertex -68.7244 21.3435 36.4
    endloop
  endfacet
  facet normal 0 0 -1
    outer loop
      vertex -70.7647 -26.6609 36.4
      vertex -69.4969 -25.5451 36.4
      vertex -70.4549 -26.5031 36.4
    endloop
  endfacet
  facet normal -0 -0 -1
    outer loop
      vertex -72.6565 25.2756 36.4
      vertex -68.7244 21.3435 36.4
      vertex -73 25.33 36.4
    endloop
  endfacet
  facet normal 0 0 -1
    outer loop
      vertex -69.3391 -25.2353 36.4
      vertex -70.7647 -26.6609 36.4
      vertex -72.6565 -27.2756 36.4
    endloop
  endfacet
  facet normal -0 -0 -1
    outer loop
      vertex -69.3391 23.2353 36.4
      vertex -68.7244 21.3435 36.4
      vertex -72.6565 25.2756 36.4
    endloop
  endfacet
  facet normal 0 0 -1
    outer loop
      vertex -72.6565 -27.2756 36.4
      vertex -70.7647 -26.6609 36.4
      vertex -71.6619 -27.1181 36.4
    endloop
  endfacet
  facet normal 0 0 -1
    outer loop
      vertex -68.7244 21.3435 36.4
      vertex -69.3391 23.2353 36.4
      vertex -68.8819 22.3381 36.4
    endloop
  endfacet
  facet normal 0 0 -1
    outer loop
      vertex -68.7244 -23.3435 36.4
      vertex -72.6565 -27.2756 36.4
      vertex -73 -27.33 36.4
    endloop
  endfacet
  facet normal -0 -0 -1
    outer loop
      vertex -70.7647 24.6609 36.4
      vertex -69.3391 23.2353 36.4
      vertex -72.6565 25.2756 36.4
    endloop
  endfacet
  facet normal -0 0 -1
    outer loop
      vertex -68.67 -23 36.4
      vertex -73 -27.33 36.4
      vertex -88 -22.4 36.4
    endloop
  endfacet
  facet normal 0 0 -1
    outer loop
      vertex -69.4969 23.5451 36.4
      vertex -70.7647 24.6609 36.4
      vertex -70.4549 24.5031 36.4
    endloop
  endfacet
  facet normal 0 0 -1
    outer loop
      vertex -88 -22.4 36.4
      vertex -73 -27.33 36.4
      vertex -88 -27.33 36.4
    endloop
  endfacet
  facet normal 0 0 -1
    outer loop
      vertex -70.7647 24.6609 36.4
      vertex -72.6565 25.2756 36.4
      vertex -71.6619 25.1181 36.4
    endloop
  endfacet
  facet normal 0 0 -1
    outer loop
      vertex -69.3391 23.2353 36.4
      vertex -70.7647 24.6609 36.4
      vertex -69.4969 23.5451 36.4
    endloop
  endfacet
  facet normal -0 0 -1
    outer loop
      vertex -73 25.33 36.4
      vertex -88 20.4 36.4
      vertex -88 25.33 36.4
    endloop
  endfacet
  facet normal 0 0 1
    outer loop
      vertex -88 26.4 36.4
      vertex -91 25.33 36.4
      vertex -88 25.33 36.4
    endloop
  endfacet
  facet normal -0 0 1
    outer loop
      vertex -96 26.4 36.4
      vertex -91 25.33 36.4
      vertex -88 26.4 36.4
    endloop
  endfacet
  facet normal 0 0 1
    outer loop
      vertex -91 25.33 36.4
      vertex -96 26.4 36.4
      vertex -91.3435 25.2756 36.4
    endloop
  endfacet
  facet normal 0 0 1
    outer loop
      vertex -96 26.4 36.4
      vertex -93.2353 24.6609 36.4
      vertex -92.3381 25.1181 36.4
    endloop
  endfacet
  facet normal 0 0 1
    outer loop
      vertex -91.3435 25.2756 36.4
      vertex -96 26.4 36.4
      vertex -92.3381 25.1181 36.4
    endloop
  endfacet
  facet normal 0 0 1
    outer loop
      vertex -93.2353 24.6609 36.4
      vertex -96 26.4 36.4
      vertex -93.5451 24.5031 36.4
    endloop
  endfacet
  facet normal 0 0 1
    outer loop
      vertex -96 26.4 36.4
      vertex -94.5031 23.5451 36.4
      vertex -93.5451 24.5031 36.4
    endloop
  endfacet
  facet normal 0 0 1
    outer loop
      vertex -96 26.4 36.4
      vertex -94.6609 23.2353 36.4
      vertex -94.5031 23.5451 36.4
    endloop
  endfacet
  facet normal 0 0 1
    outer loop
      vertex -96 26.4 36.4
      vertex -95.1181 22.3381 36.4
      vertex -94.6609 23.2353 36.4
    endloop
  endfacet
  facet normal 0 0 1
    outer loop
      vertex -96 20.4 36.4
      vertex -95.1181 22.3381 36.4
      vertex -96 26.4 36.4
    endloop
  endfacet
  facet normal 0 0 1
    outer loop
      vertex -95.1181 22.3381 36.4
      vertex -96 20.4 36.4
      vertex -95.2756 21.3435 36.4
    endloop
  endfacet
  facet normal 0 0 1
    outer loop
      vertex -95.2756 21.3435 36.4
      vertex -96 20.4 36.4
      vertex -95.33 21 36.4
    endloop
  endfacet
  facet normal 0 0 1
    outer loop
      vertex -95.33 21 36.4
      vertex -96 20.4 36.4
      vertex -95.33 20.4 36.4
    endloop
  endfacet
  facet normal 0 0 -1
    outer loop
      vertex -86.5 -28.4 36.4
      vertex -77.5 -28 36.4
      vertex -77.5 -28.4 36.4
    endloop
  endfacet
  facet normal -0 0 -1
    outer loop
      vertex -77.5 -28 36.4
      vertex -86.5 -28.4 36.4
      vertex -86.5 -28 36.4
    endloop
  endfacet
  facet normal 0 0 1
    outer loop
      vertex -73 25.33 -2.4
      vertex -68.67 21 -2.4
      vertex -68.7244 21.3435 -2.4
    endloop
  endfacet
  facet normal 0 0 1
    outer loop
      vertex -68.67 21 -2.4
      vertex -68.781 4.38276 -2.4
      vertex -68.67 4.35611 -2.4
    endloop
  endfacet
  facet normal 0 0 1
    outer loop
      vertex -69.3391 23.2353 -2.4
      vertex -68.7244 21.3435 -2.4
      vertex -68.8819 22.3381 -2.4
    endloop
  endfacet
  facet normal 0 0 1
    outer loop
      vertex -68.67 21 -2.4
      vertex -69 4.4 -2.4
      vertex -68.781 4.38276 -2.4
    endloop
  endfacet
  facet normal 0 0 1
    outer loop
      vertex -68.67 21 -2.4
      vertex -69.219 4.38276 -2.4
      vertex -69 4.4 -2.4
    endloop
  endfacet
  facet normal 0 0 1
    outer loop
      vertex -68.7244 21.3435 -2.4
      vertex -69.3391 23.2353 -2.4
      vertex -72.6565 25.2756 -2.4
    endloop
  endfacet
  facet normal 0 0 1
    outer loop
      vertex -68.67 21 -2.4
      vertex -69.4326 4.33148 -2.4
      vertex -69.219 4.38276 -2.4
    endloop
  endfacet
  facet normal 0 0 1
    outer loop
      vertex -70.7647 24.6609 -2.4
      vertex -69.3391 23.2353 -2.4
      vertex -69.4969 23.5451 -2.4
    endloop
  endfacet
  facet normal 0 0 1
    outer loop
      vertex -68.67 21 -2.4
      vertex -73.781 4.38276 -2.4
      vertex -73.5674 4.33148 -2.4
    endloop
  endfacet
  facet normal 0 0 1
    outer loop
      vertex -69.4326 4.33148 -2.4
      vertex -73.5674 4.33148 -2.4
      vertex -69.6356 4.24741 -2.4
    endloop
  endfacet
  facet normal 0 -0 1
    outer loop
      vertex -73.3644 4.24741 -2.4
      vertex -69.6356 4.24741 -2.4
      vertex -73.5674 4.33148 -2.4
    endloop
  endfacet
  facet normal 0 0 1
    outer loop
      vertex -69.6356 4.24741 -2.4
      vertex -73.3644 4.24741 -2.4
      vertex -69.8229 4.13262 -2.4
    endloop
  endfacet
  facet normal 0 -0 1
    outer loop
      vertex -73.1771 4.13262 -2.4
      vertex -69.8229 4.13262 -2.4
      vertex -73.3644 4.24741 -2.4
    endloop
  endfacet
  facet normal 0 0 1
    outer loop
      vertex -69.8229 4.13262 -2.4
      vertex -73.1771 4.13262 -2.4
      vertex -69.99 3.98995 -2.4
    endloop
  endfacet
  facet normal 0 0 1
    outer loop
      vertex -69.99 3.98995 -2.4
      vertex -73.01 3.98995 -2.4
      vertex -70.1326 3.8229 -2.4
    endloop
  endfacet
  facet normal 0 -0 1
    outer loop
      vertex -72.8674 3.8229 -2.4
      vertex -70.1326 3.8229 -2.4
      vertex -73.01 3.98995 -2.4
    endloop
  endfacet
  facet normal 0 0 1
    outer loop
      vertex -70.7647 24.6609 -2.4
      vertex -69.4969 23.5451 -2.4
      vertex -70.4549 24.5031 -2.4
    endloop
  endfacet
  facet normal -0 0 1
    outer loop
      vertex -68.781 1.61724 -2.4
      vertex -68.67 -23 -2.4
      vertex -68.67 1.64389 -2.4
    endloop
  endfacet
  facet normal -0 0 1
    outer loop
      vertex -69 1.6 -2.4
      vertex -68.67 -23 -2.4
      vertex -68.781 1.61724 -2.4
    endloop
  endfacet
  facet normal 0 0 1
    outer loop
      vertex -69.219 1.61724 -2.4
      vertex -68.67 -23 -2.4
      vertex -69 1.6 -2.4
    endloop
  endfacet
  facet normal -0 0 1
    outer loop
      vertex -73.781 1.61724 -2.4
      vertex -68.67 -23 -2.4
      vertex -69.219 1.61724 -2.4
    endloop
  endfacet
  facet normal -0 0 1
    outer loop
      vertex -74 1.6 -2.4
      vertex -68.67 -23 -2.4
      vertex -73.781 1.61724 -2.4
    endloop
  endfacet
  facet normal 0 0 1
    outer loop
      vertex -74.219 1.61724 -2.4
      vertex -68.67 -23 -2.4
      vertex -74 1.6 -2.4
    endloop
  endfacet
  facet normal 0 0 1
    outer loop
      vertex -73.781 1.61724 -2.4
      vertex -69.219 1.61724 -2.4
      vertex -69.4326 1.66852 -2.4
    endloop
  endfacet
  facet normal 0 0 1
    outer loop
      vertex -74.4326 1.66852 -2.4
      vertex -68.67 -23 -2.4
      vertex -74.219 1.61724 -2.4
    endloop
  endfacet
  facet normal 0 0 1
    outer loop
      vertex -73.5674 1.66852 -2.4
      vertex -69.4326 1.66852 -2.4
      vertex -69.6356 1.75259 -2.4
    endloop
  endfacet
  facet normal 0 0 1
    outer loop
      vertex -73.3644 1.75259 -2.4
      vertex -69.6356 1.75259 -2.4
      vertex -69.8229 1.86738 -2.4
    endloop
  endfacet
  facet normal 0 0 1
    outer loop
      vertex -73.1771 1.86738 -2.4
      vertex -69.8229 1.86738 -2.4
      vertex -69.99 2.01005 -2.4
    endloop
  endfacet
  facet normal 0 0 1
    outer loop
      vertex -73.01 2.01005 -2.4
      vertex -69.99 2.01005 -2.4
      vertex -70.1326 2.1771 -2.4
    endloop
  endfacet
  facet normal 0 0 1
    outer loop
      vertex -72.8674 2.1771 -2.4
      vertex -70.1326 2.1771 -2.4
      vertex -70.2474 2.36441 -2.4
    endloop
  endfacet
  facet normal 0 0 1
    outer loop
      vertex -72.7526 2.36441 -2.4
      vertex -70.2474 2.36441 -2.4
      vertex -70.3315 2.56738 -2.4
    endloop
  endfacet
  facet normal 0 0 1
    outer loop
      vertex -72.6685 2.56738 -2.4
      vertex -70.3315 2.56738 -2.4
      vertex -70.3828 2.78099 -2.4
    endloop
  endfacet
  facet normal 0 0 1
    outer loop
      vertex -72.6172 2.78099 -2.4
      vertex -70.3828 2.78099 -2.4
      vertex -70.4 3 -2.4
    endloop
  endfacet
  facet normal 0 0 1
    outer loop
      vertex -69.6356 1.75259 -2.4
      vertex -73.3644 1.75259 -2.4
      vertex -73.5674 1.66852 -2.4
    endloop
  endfacet
  facet normal 0 0 1
    outer loop
      vertex -70.1326 3.8229 -2.4
      vertex -72.8674 3.8229 -2.4
      vertex -70.2474 3.63559 -2.4
    endloop
  endfacet
  facet normal 0 0 1
    outer loop
      vertex -69.3391 23.2353 -2.4
      vertex -70.7647 24.6609 -2.4
      vertex -72.6565 25.2756 -2.4
    endloop
  endfacet
  facet normal 0 0 1
    outer loop
      vertex -72.6172 2.78099 -2.4
      vertex -70.4 3 -2.4
      vertex -72.6 3 -2.4
    endloop
  endfacet
  facet normal 0 0 1
    outer loop
      vertex -72.6565 25.2756 -2.4
      vertex -70.7647 24.6609 -2.4
      vertex -71.6619 25.1181 -2.4
    endloop
  endfacet
  facet normal 0 0 1
    outer loop
      vertex -70.3828 2.78099 -2.4
      vertex -72.6172 2.78099 -2.4
      vertex -72.6685 2.56738 -2.4
    endloop
  endfacet
  facet normal 0 0 1
    outer loop
      vertex -70.3315 2.56738 -2.4
      vertex -72.6685 2.56738 -2.4
      vertex -72.7526 2.36441 -2.4
    endloop
  endfacet
  facet normal 0 0 1
    outer loop
      vertex -70.4 3 -2.4
      vertex -72.6172 3.21901 -2.4
      vertex -72.6 3 -2.4
    endloop
  endfacet
  facet normal 0 0 1
    outer loop
      vertex -68.7244 21.3435 -2.4
      vertex -72.6565 25.2756 -2.4
      vertex -73 25.33 -2.4
    endloop
  endfacet
  facet normal 0 0 1
    outer loop
      vertex -70.3828 3.21901 -2.4
      vertex -72.6172 3.21901 -2.4
      vertex -70.4 3 -2.4
    endloop
  endfacet
  facet normal 0 -0 1
    outer loop
      vertex -72.6172 3.21901 -2.4
      vertex -70.3828 3.21901 -2.4
      vertex -72.6685 3.43262 -2.4
    endloop
  endfacet
  facet normal 0 0 1
    outer loop
      vertex -70.3315 3.43262 -2.4
      vertex -72.6685 3.43262 -2.4
      vertex -70.3828 3.21901 -2.4
    endloop
  endfacet
  facet normal 0 0 1
    outer loop
      vertex -68.67 21 -2.4
      vertex -73 25.33 -2.4
      vertex -88 20.4 -2.4
    endloop
  endfacet
  facet normal 0 -0 1
    outer loop
      vertex -72.6685 3.43262 -2.4
      vertex -70.3315 3.43262 -2.4
      vertex -72.7526 3.63559 -2.4
    endloop
  endfacet
  facet normal 0 0 1
    outer loop
      vertex -70.2474 3.63559 -2.4
      vertex -72.7526 3.63559 -2.4
      vertex -70.3315 3.43262 -2.4
    endloop
  endfacet
  facet normal 0 -0 1
    outer loop
      vertex -72.7526 3.63559 -2.4
      vertex -70.2474 3.63559 -2.4
      vertex -72.8674 3.8229 -2.4
    endloop
  endfacet
  facet normal 0 -0 1
    outer loop
      vertex -73.01 3.98995 -2.4
      vertex -69.99 3.98995 -2.4
      vertex -73.1771 4.13262 -2.4
    endloop
  endfacet
  facet normal 0 0 1
    outer loop
      vertex -68.67 21 -2.4
      vertex -73.5674 4.33148 -2.4
      vertex -69.4326 4.33148 -2.4
    endloop
  endfacet
  facet normal 0 0 1
    outer loop
      vertex -68.67 21 -2.4
      vertex -74 4.4 -2.4
      vertex -73.781 4.38276 -2.4
    endloop
  endfacet
  facet normal 0 0 1
    outer loop
      vertex -68.67 21 -2.4
      vertex -74.219 4.38276 -2.4
      vertex -74 4.4 -2.4
    endloop
  endfacet
  facet normal 0 0 1
    outer loop
      vertex -68.67 21 -2.4
      vertex -74.4326 4.33148 -2.4
      vertex -74.219 4.38276 -2.4
    endloop
  endfacet
  facet normal 0 0 1
    outer loop
      vertex -68.67 21 -2.4
      vertex -88 20.4 -2.4
      vertex -74.4326 4.33148 -2.4
    endloop
  endfacet
  facet normal 0 0 1
    outer loop
      vertex -74.4326 4.33148 -2.4
      vertex -88 20.4 -2.4
      vertex -74.6356 4.24741 -2.4
    endloop
  endfacet
  facet normal 0 0 1
    outer loop
      vertex -74.6356 4.24741 -2.4
      vertex -88 20.4 -2.4
      vertex -74.8229 4.13262 -2.4
    endloop
  endfacet
  facet normal 0 0 1
    outer loop
      vertex -74.8229 4.13262 -2.4
      vertex -88 20.4 -2.4
      vertex -74.99 3.98995 -2.4
    endloop
  endfacet
  facet normal 0 0 1
    outer loop
      vertex -74.99 3.98995 -2.4
      vertex -88 20.4 -2.4
      vertex -75.1326 3.8229 -2.4
    endloop
  endfacet
  facet normal 0 0 1
    outer loop
      vertex -75.1326 3.8229 -2.4
      vertex -88 20.4 -2.4
      vertex -75.2474 3.63559 -2.4
    endloop
  endfacet
  facet normal 0 0 1
    outer loop
      vertex -75.2474 3.63559 -2.4
      vertex -88 20.4 -2.4
      vertex -75.3315 3.43262 -2.4
    endloop
  endfacet
  facet normal 0 0 1
    outer loop
      vertex -75.3315 3.43262 -2.4
      vertex -88 20.4 -2.4
      vertex -75.3828 3.21901 -2.4
    endloop
  endfacet
  facet normal 0 0 1
    outer loop
      vertex -88 20.4 -2.4
      vertex -73 25.33 -2.4
      vertex -88 25.33 -2.4
    endloop
  endfacet
  facet normal 0 0 1
    outer loop
      vertex -95.33 -22.4 -2.4
      vertex -75.3828 2.78099 -2.4
      vertex -95.33 20.4 -2.4
    endloop
  endfacet
  facet normal 0 0 1
    outer loop
      vertex -75.3828 2.78099 -2.4
      vertex -95.33 -22.4 -2.4
      vertex -88 -22.4 -2.4
    endloop
  endfacet
  facet normal 0 0 1
    outer loop
      vertex -70.2474 2.36441 -2.4
      vertex -72.7526 2.36441 -2.4
      vertex -72.8674 2.1771 -2.4
    endloop
  endfacet
  facet normal 0 0 1
    outer loop
      vertex -70.1326 2.1771 -2.4
      vertex -72.8674 2.1771 -2.4
      vertex -73.01 2.01005 -2.4
    endloop
  endfacet
  facet normal 0 0 1
    outer loop
      vertex -69.99 2.01005 -2.4
      vertex -73.01 2.01005 -2.4
      vertex -73.1771 1.86738 -2.4
    endloop
  endfacet
  facet normal 0 0 1
    outer loop
      vertex -69.8229 1.86738 -2.4
      vertex -73.1771 1.86738 -2.4
      vertex -73.3644 1.75259 -2.4
    endloop
  endfacet
  facet normal 0 0 1
    outer loop
      vertex -69.4326 1.66852 -2.4
      vertex -73.5674 1.66852 -2.4
      vertex -73.781 1.61724 -2.4
    endloop
  endfacet
  facet normal -0 0 1
    outer loop
      vertex -88 -22.4 -2.4
      vertex -68.67 -23 -2.4
      vertex -74.4326 1.66852 -2.4
    endloop
  endfacet
  facet normal 0 0 1
    outer loop
      vertex -68.67 -23 -2.4
      vertex -73 -27.33 -2.4
      vertex -68.7244 -23.3435 -2.4
    endloop
  endfacet
  facet normal 0 -0 1
    outer loop
      vertex -72.6565 -27.2756 -2.4
      vertex -68.7244 -23.3435 -2.4
      vertex -73 -27.33 -2.4
    endloop
  endfacet
  facet normal 0 -0 1
    outer loop
      vertex -69.3391 -25.2353 -2.4
      vertex -68.7244 -23.3435 -2.4
      vertex -72.6565 -27.2756 -2.4
    endloop
  endfacet
  facet normal 0 -0 1
    outer loop
      vertex -70.7647 -26.6609 -2.4
      vertex -69.3391 -25.2353 -2.4
      vertex -72.6565 -27.2756 -2.4
    endloop
  endfacet
  facet normal 0 0 1
    outer loop
      vertex -70.7647 -26.6609 -2.4
      vertex -72.6565 -27.2756 -2.4
      vertex -71.6619 -27.1181 -2.4
    endloop
  endfacet
  facet normal 0 0 1
    outer loop
      vertex -69.3391 -25.2353 -2.4
      vertex -70.7647 -26.6609 -2.4
      vertex -69.4969 -25.5451 -2.4
    endloop
  endfacet
  facet normal 0 0 1
    outer loop
      vertex -69.4969 -25.5451 -2.4
      vertex -70.7647 -26.6609 -2.4
      vertex -70.4549 -26.5031 -2.4
    endloop
  endfacet
  facet normal 0 -0 1
    outer loop
      vertex -73 -27.33 -2.4
      vertex -68.67 -23 -2.4
      vertex -88 -22.4 -2.4
    endloop
  endfacet
  facet normal 0 0 1
    outer loop
      vertex -88 -22.4 -2.4
      vertex -74.4326 1.66852 -2.4
      vertex -74.6356 1.75259 -2.4
    endloop
  endfacet
  facet normal 0 0 1
    outer loop
      vertex -88 -22.4 -2.4
      vertex -74.6356 1.75259 -2.4
      vertex -74.8229 1.86738 -2.4
    endloop
  endfacet
  facet normal 0 0 1
    outer loop
      vertex -88 -22.4 -2.4
      vertex -74.8229 1.86738 -2.4
      vertex -74.99 2.01005 -2.4
    endloop
  endfacet
  facet normal 0 0 1
    outer loop
      vertex -88 -22.4 -2.4
      vertex -74.99 2.01005 -2.4
      vertex -75.1326 2.1771 -2.4
    endloop
  endfacet
  facet normal 0 0 1
    outer loop
      vertex -88 -22.4 -2.4
      vertex -75.1326 2.1771 -2.4
      vertex -75.2474 2.36441 -2.4
    endloop
  endfacet
  facet normal 0 0 1
    outer loop
      vertex -88 -22.4 -2.4
      vertex -75.2474 2.36441 -2.4
      vertex -75.3315 2.56738 -2.4
    endloop
  endfacet
  facet normal 0 0 1
    outer loop
      vertex -88 -22.4 -2.4
      vertex -75.3315 2.56738 -2.4
      vertex -75.3828 2.78099 -2.4
    endloop
  endfacet
  facet normal 0 0 1
    outer loop
      vertex -75.3828 3.21901 -2.4
      vertex -88 20.4 -2.4
      vertex -75.4 3 -2.4
    endloop
  endfacet
  facet normal -0 0 1
    outer loop
      vertex -95.33 20.4 -2.4
      vertex -75.4 3 -2.4
      vertex -88 20.4 -2.4
    endloop
  endfacet
  facet normal 0 0 1
    outer loop
      vertex -75.4 3 -2.4
      vertex -95.33 20.4 -2.4
      vertex -75.3828 2.78099 -2.4
    endloop
  endfacet
  facet normal 0 0 1
    outer loop
      vertex -68.7244 -23.3435 -2.4
      vertex -69.3391 -25.2353 -2.4
      vertex -68.8819 -24.3381 -2.4
    endloop
  endfacet
  facet normal 0 0 1
    outer loop
      vertex -73 -27.33 -2.4
      vertex -88 -22.4 -2.4
      vertex -88 -27.33 -2.4
    endloop
  endfacet
  facet normal 0 0 -1
    outer loop
      vertex -88 -28.4 -2.4
      vertex -91 -27.33 -2.4
      vertex -88 -27.33 -2.4
    endloop
  endfacet
  facet normal 0 0 -1
    outer loop
      vertex -96 -28.4 -2.4
      vertex -91 -27.33 -2.4
      vertex -88 -28.4 -2.4
    endloop
  endfacet
  facet normal -0 0 -1
    outer loop
      vertex -91 -27.33 -2.4
      vertex -96 -28.4 -2.4
      vertex -91.3435 -27.2756 -2.4
    endloop
  endfacet
  facet normal 0 0 -1
    outer loop
      vertex -96 -28.4 -2.4
      vertex -93.2353 -26.6609 -2.4
      vertex -92.3381 -27.1181 -2.4
    endloop
  endfacet
  facet normal -0 0 -1
    outer loop
      vertex -91.3435 -27.2756 -2.4
      vertex -96 -28.4 -2.4
      vertex -92.3381 -27.1181 -2.4
    endloop
  endfacet
  facet normal -0 0 -1
    outer loop
      vertex -93.2353 -26.6609 -2.4
      vertex -96 -28.4 -2.4
      vertex -93.5451 -26.5031 -2.4
    endloop
  endfacet
  facet normal 0 0 -1
    outer loop
      vertex -96 -28.4 -2.4
      vertex -94.5031 -25.5451 -2.4
      vertex -93.5451 -26.5031 -2.4
    endloop
  endfacet
  facet normal 0 0 -1
    outer loop
      vertex -96 -28.4 -2.4
      vertex -94.6609 -25.2353 -2.4
      vertex -94.5031 -25.5451 -2.4
    endloop
  endfacet
  facet normal 0 0 -1
    outer loop
      vertex -96 -28.4 -2.4
      vertex -95.1181 -24.3381 -2.4
      vertex -94.6609 -25.2353 -2.4
    endloop
  endfacet
  facet normal 0 0 -1
    outer loop
      vertex -96 -22.4 -2.4
      vertex -95.1181 -24.3381 -2.4
      vertex -96 -28.4 -2.4
    endloop
  endfacet
  facet normal 0 0 -1
    outer loop
      vertex -95.1181 -24.3381 -2.4
      vertex -96 -22.4 -2.4
      vertex -95.2756 -23.3435 -2.4
    endloop
  endfacet
  facet normal 0 0 -1
    outer loop
      vertex -95.2756 -23.3435 -2.4
      vertex -96 -22.4 -2.4
      vertex -95.33 -23 -2.4
    endloop
  endfacet
  facet normal 0 0 -1
    outer loop
      vertex -95.33 -23 -2.4
      vertex -96 -22.4 -2.4
      vertex -95.33 -22.4 -2.4
    endloop
  endfacet
  facet normal 0 0 -1
    outer loop
      vertex -95.33 20.4 -2.4
      vertex -96 20.4 -2.4
      vertex -95.33 21 -2.4
    endloop
  endfacet
  facet normal 0 0 -1
    outer loop
      vertex -91 25.33 -2.4
      vertex -88 26.4 -2.4
      vertex -88 25.33 -2.4
    endloop
  endfacet
  facet normal 0 0 -1
    outer loop
      vertex -96 26.4 -2.4
      vertex -91 25.33 -2.4
      vertex -91.3435 25.2756 -2.4
    endloop
  endfacet
  facet normal 0 0 -1
    outer loop
      vertex -96 26.4 -2.4
      vertex -91.3435 25.2756 -2.4
      vertex -92.3381 25.1181 -2.4
    endloop
  endfacet
  facet normal 0 0 -1
    outer loop
      vertex -96 26.4 -2.4
      vertex -93.2353 24.6609 -2.4
      vertex -93.5451 24.5031 -2.4
    endloop
  endfacet
  facet normal 0 0 -1
    outer loop
      vertex -96 20.4 -2.4
      vertex -95.2756 21.3435 -2.4
      vertex -95.33 21 -2.4
    endloop
  endfacet
  facet normal 0 0 -1
    outer loop
      vertex -96 20.4 -2.4
      vertex -95.1181 22.3381 -2.4
      vertex -95.2756 21.3435 -2.4
    endloop
  endfacet
  facet normal 0 0 -1
    outer loop
      vertex -91 25.33 -2.4
      vertex -96 26.4 -2.4
      vertex -88 26.4 -2.4
    endloop
  endfacet
  facet normal 0 0 -1
    outer loop
      vertex -93.2353 24.6609 -2.4
      vertex -96 26.4 -2.4
      vertex -92.3381 25.1181 -2.4
    endloop
  endfacet
  facet normal 0 0 -1
    outer loop
      vertex -94.5031 23.5451 -2.4
      vertex -96 26.4 -2.4
      vertex -93.5451 24.5031 -2.4
    endloop
  endfacet
  facet normal 0 0 -1
    outer loop
      vertex -94.6609 23.2353 -2.4
      vertex -96 26.4 -2.4
      vertex -94.5031 23.5451 -2.4
    endloop
  endfacet
  facet normal 0 0 -1
    outer loop
      vertex -95.1181 22.3381 -2.4
      vertex -96 26.4 -2.4
      vertex -94.6609 23.2353 -2.4
    endloop
  endfacet
  facet normal 0 0 -1
    outer loop
      vertex -96 26.4 -2.4
      vertex -95.1181 22.3381 -2.4
      vertex -96 20.4 -2.4
    endloop
  endfacet
  facet normal -0 0 1
    outer loop
      vertex -86.5 -28 -2.4
      vertex -77.5 -28.4 -2.4
      vertex -77.5 -28 -2.4
    endloop
  endfacet
  facet normal 0 0 1
    outer loop
      vertex -77.5 -28.4 -2.4
      vertex -86.5 -28 -2.4
      vertex -86.5 -28.4 -2.4
    endloop
  endfacet
  facet normal 0 1 0
    outer loop
      vertex -88 26.4 -1.33003
      vertex -88 26.4 -2.4
      vertex -91 26.4 -1.33003
    endloop
  endfacet
  facet normal 0 1 -0
    outer loop
      vertex -95.2572 26.4 1.90496
      vertex -96 26.4 3.6
      vertex -95.2572 26.4 3.6
    endloop
  endfacet
  facet normal 0 1 0
    outer loop
      vertex -96 26.4 -2.4
      vertex -94.3119 26.4 0.3043
      vertex -93.971 26.4 -0.177933
    endloop
  endfacet
  facet normal 0 1 0
    outer loop
      vertex -96 26.4 -2.4
      vertex -91.8837 26.4 -1.13739
      vertex -91 26.4 -1.33003
    endloop
  endfacet
  facet normal 0 1 0
    outer loop
      vertex -96 26.4 -2.4
      vertex -91 26.4 -1.33003
      vertex -88 26.4 -2.4
    endloop
  endfacet
  facet normal 0 1 0
    outer loop
      vertex -95.2572 26.4 1.90496
      vertex -96 26.4 -2.4
      vertex -96 26.4 3.6
    endloop
  endfacet
  facet normal 0 1 0
    outer loop
      vertex -94.9233 26.4 1.16924
      vertex -96 26.4 -2.4
      vertex -95.2572 26.4 1.90496
    endloop
  endfacet
  facet normal 0 1 0
    outer loop
      vertex -94.3119 26.4 0.3043
      vertex -96 26.4 -2.4
      vertex -94.9233 26.4 1.16924
    endloop
  endfacet
  facet normal 0 1 0
    outer loop
      vertex -93.1983 26.4 -0.666801
      vertex -96 26.4 -2.4
      vertex -93.971 26.4 -0.177933
    endloop
  endfacet
  facet normal 0 1 0
    outer loop
      vertex -92.7546 26.4 -0.947536
      vertex -96 26.4 -2.4
      vertex -93.1983 26.4 -0.666801
    endloop
  endfacet
  facet normal 0 1 0
    outer loop
      vertex -91.8837 26.4 -1.13739
      vertex -96 26.4 -2.4
      vertex -92.7546 26.4 -0.947536
    endloop
  endfacet
  facet normal 0 -1 0
    outer loop
      vertex -95.2572 26.4 30.4
      vertex -89.4256 26.4 30.2736
      vertex -89.478 26.4 30.4
    endloop
  endfacet
  facet normal 0 -1 0
    outer loop
      vertex -95.2572 26.4 30.4
      vertex -89.2944 26.4 30.0595
      vertex -89.4256 26.4 30.2736
    endloop
  endfacet
  facet normal 0 -1 0
    outer loop
      vertex -95.2572 26.4 30.4
      vertex -89.1314 26.4 29.8686
      vertex -89.2944 26.4 30.0595
    endloop
  endfacet
  facet normal 0 -1 0
    outer loop
      vertex -95.2572 26.4 30.4
      vertex -88.9405 26.4 29.7056
      vertex -89.1314 26.4 29.8686
    endloop
  endfacet
  facet normal 0 -1 0
    outer loop
      vertex -95.2572 26.4 30.4
      vertex -88.7264 26.4 29.5744
      vertex -88.9405 26.4 29.7056
    endloop
  endfacet
  facet normal 0 -1 0
    outer loop
      vertex -95.2572 26.4 30.4
      vertex -88.4944 26.4 29.4783
      vertex -88.7264 26.4 29.5744
    endloop
  endfacet
  facet normal 0 -1 0
    outer loop
      vertex -95.2572 26.4 3.6
      vertex -88.4944 26.4 29.4783
      vertex -95.2572 26.4 30.4
    endloop
  endfacet
  facet normal 0 -1 0
    outer loop
      vertex -88.4944 26.4 29.4783
      vertex -88 26.4 3.6
      vertex -88.2503 26.4 29.4197
    endloop
  endfacet
  facet normal 0 -1 0
    outer loop
      vertex -88 26.4 3.6
      vertex -88.4944 26.4 29.4783
      vertex -95.2572 26.4 3.6
    endloop
  endfacet
  facet normal 0 -1 0
    outer loop
      vertex -86.7056 26.4 31.9405
      vertex -73 26.4 35.33
      vertex -88 26.4 35.33
    endloop
  endfacet
  facet normal 0 -1 0
    outer loop
      vertex -86.5744 26.4 31.7264
      vertex -73 26.4 35.33
      vertex -86.7056 26.4 31.9405
    endloop
  endfacet
  facet normal 0 -1 0
    outer loop
      vertex -86.4783 26.4 31.4944
      vertex -73 26.4 35.33
      vertex -86.5744 26.4 31.7264
    endloop
  endfacet
  facet normal 0 -1 0
    outer loop
      vertex -86.4197 26.4 31.2503
      vertex -73 26.4 35.33
      vertex -86.4783 26.4 31.4944
    endloop
  endfacet
  facet normal 0 -1 0
    outer loop
      vertex -86.4 26.4 31
      vertex -73 26.4 35.33
      vertex -86.4197 26.4 31.2503
    endloop
  endfacet
  facet normal 0 -1 0
    outer loop
      vertex -86.4197 26.4 30.7497
      vertex -73 26.4 35.33
      vertex -86.4 26.4 31
    endloop
  endfacet
  facet normal 0 -1 0
    outer loop
      vertex -87.7497 26.4 32.5803
      vertex -88 26.4 35.33
      vertex -88 26.4 32.6
    endloop
  endfacet
  facet normal 0 -1 0
    outer loop
      vertex -87.5056 26.4 32.5217
      vertex -88 26.4 35.33
      vertex -87.7497 26.4 32.5803
    endloop
  endfacet
  facet normal 0 -1 0
    outer loop
      vertex -87.2736 26.4 32.4256
      vertex -88 26.4 35.33
      vertex -87.5056 26.4 32.5217
    endloop
  endfacet
  facet normal 0 -1 0
    outer loop
      vertex -87.0595 26.4 32.2944
      vertex -88 26.4 35.33
      vertex -87.2736 26.4 32.4256
    endloop
  endfacet
  facet normal 0 -1 0
    outer loop
      vertex -86.8686 26.4 32.1314
      vertex -88 26.4 35.33
      vertex -87.0595 26.4 32.2944
    endloop
  endfacet
  facet normal 0 -1 0
    outer loop
      vertex -86.7056 26.4 31.9405
      vertex -88 26.4 35.33
      vertex -86.8686 26.4 32.1314
    endloop
  endfacet
  facet normal 0 -1 0
    outer loop
      vertex -86.4783 26.4 30.5056
      vertex -73 26.4 35.33
      vertex -86.4197 26.4 30.7497
    endloop
  endfacet
  facet normal 0 -1 0
    outer loop
      vertex -86.5744 26.4 30.2736
      vertex -73 26.4 35.33
      vertex -86.4783 26.4 30.5056
    endloop
  endfacet
  facet normal -0 -1 0
    outer loop
      vertex -68.7428 26.4 32.095
      vertex -73 26.4 35.33
      vertex -86.5744 26.4 30.2736
    endloop
  endfacet
  facet normal -0 -1 -0
    outer loop
      vertex -69.6881 26.4 33.6957
      vertex -72.1163 26.4 35.1374
      vertex -68.7428 26.4 32.095
    endloop
  endfacet
  facet normal 0 -1 0
    outer loop
      vertex -70.8017 26.4 34.6668
      vertex -69.6881 26.4 33.6957
      vertex -70.029 26.4 34.1779
    endloop
  endfacet
  facet normal 0 -1 0
    outer loop
      vertex -72.1163 26.4 35.1374
      vertex -70.8017 26.4 34.6668
      vertex -71.2454 26.4 34.9475
    endloop
  endfacet
  facet normal 0 -1 0
    outer loop
      vertex -69.6881 26.4 33.6957
      vertex -68.7428 26.4 32.095
      vertex -69.0767 26.4 32.8308
    endloop
  endfacet
  facet normal 0 -1 0
    outer loop
      vertex -72.1163 26.4 35.1374
      vertex -69.6881 26.4 33.6957
      vertex -70.8017 26.4 34.6668
    endloop
  endfacet
  facet normal 0 -1 0
    outer loop
      vertex -73 26.4 35.33
      vertex -68.7428 26.4 32.095
      vertex -72.1163 26.4 35.1374
    endloop
  endfacet
  facet normal 0 -1 0
    outer loop
      vertex -86.7056 26.4 30.0595
      vertex -68.7428 26.4 32.095
      vertex -86.5744 26.4 30.2736
    endloop
  endfacet
  facet normal 0 -1 0
    outer loop
      vertex -86.8686 26.4 29.8686
      vertex -68.7428 26.4 32.095
      vertex -86.7056 26.4 30.0595
    endloop
  endfacet
  facet normal 0 -1 0
    outer loop
      vertex -87.0595 26.4 29.7056
      vertex -68.7428 26.4 32.095
      vertex -86.8686 26.4 29.8686
    endloop
  endfacet
  facet normal 0 -1 0
    outer loop
      vertex -88 26.4 3.6
      vertex -87.0595 26.4 29.7056
      vertex -87.2736 26.4 29.5744
    endloop
  endfacet
  facet normal 0 -1 0
    outer loop
      vertex -88 26.4 3.6
      vertex -87.2736 26.4 29.5744
      vertex -87.5056 26.4 29.4783
    endloop
  endfacet
  facet normal 0 -1 0
    outer loop
      vertex -88 26.4 3.6
      vertex -87.5056 26.4 29.4783
      vertex -87.7497 26.4 29.4197
    endloop
  endfacet
  facet normal 0 -1 0
    outer loop
      vertex -88.2503 26.4 29.4197
      vertex -88 26.4 3.6
      vertex -88 26.4 29.4
    endloop
  endfacet
  facet normal 0 -1 0
    outer loop
      vertex -88 26.4 29.4
      vertex -88 26.4 3.6
      vertex -87.7497 26.4 29.4197
    endloop
  endfacet
  facet normal 0 -1 -0
    outer loop
      vertex -87.0595 26.4 29.7056
      vertex -88 26.4 3.6
      vertex -68.7428 26.4 1.90496
    endloop
  endfacet
  facet normal 0 -1 0
    outer loop
      vertex -87.0595 26.4 29.7056
      vertex -68.7428 26.4 1.90496
      vertex -68.7428 26.4 32.095
    endloop
  endfacet
  facet normal 0 -1 0
    outer loop
      vertex -73 26.4 -1.33003
      vertex -68.7428 26.4 1.90496
      vertex -88 26.4 3.6
    endloop
  endfacet
  facet normal -0 -1 0
    outer loop
      vertex -72.1163 26.4 -1.13739
      vertex -68.7428 26.4 1.90496
      vertex -73 26.4 -1.33003
    endloop
  endfacet
  facet normal 0 -1 0
    outer loop
      vertex -68.7428 26.4 1.90496
      vertex -72.1163 26.4 -1.13739
      vertex -69.0767 26.4 1.16924
    endloop
  endfacet
  facet normal 0 -1 0
    outer loop
      vertex -69.0767 26.4 1.16924
      vertex -72.1163 26.4 -1.13739
      vertex -69.6881 26.4 0.3043
    endloop
  endfacet
  facet normal -0 -1 0
    outer loop
      vertex -70.8017 26.4 -0.666801
      vertex -69.6881 26.4 0.3043
      vertex -72.1163 26.4 -1.13739
    endloop
  endfacet
  facet normal 0 -1 0
    outer loop
      vertex -70.8017 26.4 -0.666801
      vertex -72.1163 26.4 -1.13739
      vertex -71.2454 26.4 -0.947536
    endloop
  endfacet
  facet normal 0 -1 0
    outer loop
      vertex -73 26.4 -1.33003
      vertex -88 26.4 3.6
      vertex -88 26.4 -1.33003
    endloop
  endfacet
  facet normal 0 -1 0
    outer loop
      vertex -69.6881 26.4 0.3043
      vertex -70.8017 26.4 -0.666801
      vertex -70.029 26.4 -0.177933
    endloop
  endfacet
  facet normal 0 1 0
    outer loop
      vertex -91 26.4 35.33
      vertex -88 26.4 36.4
      vertex -88 26.4 35.33
    endloop
  endfacet
  facet normal 0 1 0
    outer loop
      vertex -88 26.4 36.4
      vertex -91 26.4 35.33
      vertex -96 26.4 36.4
    endloop
  endfacet
  facet normal 0 1 -0
    outer loop
      vertex -91.8837 26.4 35.1374
      vertex -96 26.4 36.4
      vertex -91 26.4 35.33
    endloop
  endfacet
  facet normal 0 1 -0
    outer loop
      vertex -92.7546 26.4 34.9475
      vertex -96 26.4 36.4
      vertex -91.8837 26.4 35.1374
    endloop
  endfacet
  facet normal 0 1 -0
    outer loop
      vertex -93.1983 26.4 34.6668
      vertex -96 26.4 36.4
      vertex -92.7546 26.4 34.9475
    endloop
  endfacet
  facet normal 0 1 -0
    outer loop
      vertex -93.971 26.4 34.1779
      vertex -96 26.4 36.4
      vertex -93.1983 26.4 34.6668
    endloop
  endfacet
  facet normal 0 1 -0
    outer loop
      vertex -94.3119 26.4 33.6957
      vertex -96 26.4 36.4
      vertex -93.971 26.4 34.1779
    endloop
  endfacet
  facet normal 0 1 -0
    outer loop
      vertex -94.9233 26.4 32.8308
      vertex -96 26.4 36.4
      vertex -94.3119 26.4 33.6957
    endloop
  endfacet
  facet normal 0 1 -0
    outer loop
      vertex -95.2572 26.4 32.095
      vertex -96 26.4 36.4
      vertex -94.9233 26.4 32.8308
    endloop
  endfacet
  facet normal 0 1 0
    outer loop
      vertex -96 26.4 30.4
      vertex -95.2572 26.4 32.095
      vertex -95.2572 26.4 30.4
    endloop
  endfacet
  facet normal 0 1 0
    outer loop
      vertex -95.2572 26.4 32.095
      vertex -96 26.4 30.4
      vertex -96 26.4 36.4
    endloop
  endfacet
  facet normal 0 1 -0
    outer loop
      vertex -88 26.4 30.4
      vertex -88.2503 26.4 32.5803
      vertex -88 26.4 32.6
    endloop
  endfacet
  facet normal 0 1 0
    outer loop
      vertex -88.2503 26.4 32.5803
      vertex -88 26.4 30.4
      vertex -88.4944 26.4 32.5217
    endloop
  endfacet
  facet normal 0 1 0
    outer loop
      vertex -88.4944 26.4 32.5217
      vertex -88 26.4 30.4
      vertex -88.7264 26.4 32.4256
    endloop
  endfacet
  facet normal 0 1 0
    outer loop
      vertex -88.7264 26.4 32.4256
      vertex -88 26.4 30.4
      vertex -88.9405 26.4 32.2944
    endloop
  endfacet
  facet normal 0 1 0
    outer loop
      vertex -88.9405 26.4 32.2944
      vertex -88 26.4 30.4
      vertex -89.1314 26.4 32.1314
    endloop
  endfacet
  facet normal 0 1 0
    outer loop
      vertex -89.1314 26.4 32.1314
      vertex -88 26.4 30.4
      vertex -89.2944 26.4 31.9405
    endloop
  endfacet
  facet normal 0 1 0
    outer loop
      vertex -89.2944 26.4 31.9405
      vertex -88 26.4 30.4
      vertex -89.4256 26.4 31.7264
    endloop
  endfacet
  facet normal 0 1 0
    outer loop
      vertex -89.4256 26.4 31.7264
      vertex -88 26.4 30.4
      vertex -89.5217 26.4 31.4944
    endloop
  endfacet
  facet normal 0 1 0
    outer loop
      vertex -89.5217 26.4 31.4944
      vertex -88 26.4 30.4
      vertex -89.5803 26.4 31.2503
    endloop
  endfacet
  facet normal 0 1 0
    outer loop
      vertex -89.5803 26.4 31.2503
      vertex -88 26.4 30.4
      vertex -89.6 26.4 31
    endloop
  endfacet
  facet normal 0 1 0
    outer loop
      vertex -89.6 26.4 31
      vertex -88 26.4 30.4
      vertex -89.5803 26.4 30.7497
    endloop
  endfacet
  facet normal 0 1 0
    outer loop
      vertex -89.5803 26.4 30.7497
      vertex -88 26.4 30.4
      vertex -89.5217 26.4 30.5056
    endloop
  endfacet
  facet normal 0 1 0
    outer loop
      vertex -89.5217 26.4 30.5056
      vertex -88 26.4 30.4
      vertex -89.478 26.4 30.4
    endloop
  endfacet
  facet normal 0 -1 0
    outer loop
      vertex -96 -28.4 3.6
      vertex -95.2572 -28.4 1.90496
      vertex -95.2572 -28.4 3.6
    endloop
  endfacet
  facet normal 0 -1 0
    outer loop
      vertex -96 -28.4 -2.4
      vertex -94.3119 -28.4 0.3043
      vertex -94.9233 -28.4 1.16924
    endloop
  endfacet
  facet normal 0 -1 0
    outer loop
      vertex -96 -28.4 -2.4
      vertex -91.8837 -28.4 -1.13739
      vertex -92.7546 -28.4 -0.947536
    endloop
  endfacet
  facet normal 0 -1 0
    outer loop
      vertex -96 -28.4 -2.4
      vertex -95.2572 -28.4 1.90496
      vertex -96 -28.4 3.6
    endloop
  endfacet
  facet normal 0 -1 0
    outer loop
      vertex -96 -28.4 -2.4
      vertex -94.9233 -28.4 1.16924
      vertex -95.2572 -28.4 1.90496
    endloop
  endfacet
  facet normal 0 -1 -0
    outer loop
      vertex -94.3119 -28.4 0.3043
      vertex -96 -28.4 -2.4
      vertex -93.971 -28.4 -0.177933
    endloop
  endfacet
  facet normal 0 -1 0
    outer loop
      vertex -96 -28.4 -2.4
      vertex -93.1983 -28.4 -0.666801
      vertex -93.971 -28.4 -0.177933
    endloop
  endfacet
  facet normal 0 -1 0
    outer loop
      vertex -96 -28.4 -2.4
      vertex -92.7546 -28.4 -0.947536
      vertex -93.1983 -28.4 -0.666801
    endloop
  endfacet
  facet normal 0 -1 -0
    outer loop
      vertex -91.8837 -28.4 -1.13739
      vertex -96 -28.4 -2.4
      vertex -91 -28.4 -1.33003
    endloop
  endfacet
  facet normal 0 -1 0
    outer loop
      vertex -88 -28.4 -2.4
      vertex -91 -28.4 -1.33003
      vertex -96 -28.4 -2.4
    endloop
  endfacet
  facet normal 0 -1 0
    outer loop
      vertex -91 -28.4 -1.33003
      vertex -88 -28.4 -2.4
      vertex -88 -28.4 -1.33003
    endloop
  endfacet
  facet normal 0 1 -0
    outer loop
      vertex -77.5 -28.4 -2.4
      vertex -86.5 -28.4 -1.33003
      vertex -77.5 -28.4 -1.33003
    endloop
  endfacet
  facet normal 0 1 0
    outer loop
      vertex -86.5 -28.4 -1.33003
      vertex -77.5 -28.4 -2.4
      vertex -86.5 -28.4 -2.4
    endloop
  endfacet
  facet normal 0 1 0
    outer loop
      vertex -68.7428 -28.4 32.095
      vertex -77.5 -28.4 35.33
      vertex -73 -28.4 35.33
    endloop
  endfacet
  facet normal 0 1 0
    outer loop
      vertex -77.5 -28.4 35.33
      vertex -88 -28.4 30.4
      vertex -86.5 -28.4 35.33
    endloop
  endfacet
  facet normal 0 1 0
    outer loop
      vertex -68.7428 -28.4 32.095
      vertex -73 -28.4 35.33
      vertex -72.1163 -28.4 35.1374
    endloop
  endfacet
  facet normal 0 1 0
    outer loop
      vertex -70.8017 -28.4 34.6668
      vertex -72.1163 -28.4 35.1374
      vertex -71.2454 -28.4 34.9475
    endloop
  endfacet
  facet normal 0 1 0
    outer loop
      vertex -69.6881 -28.4 33.6957
      vertex -72.1163 -28.4 35.1374
      vertex -70.8017 -28.4 34.6668
    endloop
  endfacet
  facet normal 0 1 0
    outer loop
      vertex -69.6881 -28.4 33.6957
      vertex -70.8017 -28.4 34.6668
      vertex -70.029 -28.4 34.1779
    endloop
  endfacet
  facet normal 0 1 0
    outer loop
      vertex -72.1163 -28.4 35.1374
      vertex -69.6881 -28.4 33.6957
      vertex -68.7428 -28.4 32.095
    endloop
  endfacet
  facet normal 0 1 0
    outer loop
      vertex -68.7428 -28.4 32.095
      vertex -69.6881 -28.4 33.6957
      vertex -69.0767 -28.4 32.8308
    endloop
  endfacet
  facet normal 0 1 0
    outer loop
      vertex -77.5 -28.4 35.33
      vertex -68.7428 -28.4 32.095
      vertex -88 -28.4 30.4
    endloop
  endfacet
  facet normal 0 1 0
    outer loop
      vertex -86.5 -28.4 35.33
      vertex -88 -28.4 30.4
      vertex -88 -28.4 35.33
    endloop
  endfacet
  facet normal 0 1 0
    outer loop
      vertex -88 -28.4 30.4
      vertex -88 -28.4 3.6
      vertex -95.2572 -28.4 30.4
    endloop
  endfacet
  facet normal 0 1 0
    outer loop
      vertex -68.7428 -28.4 32.095
      vertex -88 -28.4 3.6
      vertex -88 -28.4 30.4
    endloop
  endfacet
  facet normal 0 1 -0
    outer loop
      vertex -68.7428 -28.4 1.90496
      vertex -88 -28.4 3.6
      vertex -68.7428 -28.4 32.095
    endloop
  endfacet
  facet normal 0 1 0
    outer loop
      vertex -72.1163 -28.4 -1.13739
      vertex -68.7428 -28.4 1.90496
      vertex -69.0767 -28.4 1.16924
    endloop
  endfacet
  facet normal 0 1 0
    outer loop
      vertex -72.1163 -28.4 -1.13739
      vertex -69.0767 -28.4 1.16924
      vertex -69.6881 -28.4 0.3043
    endloop
  endfacet
  facet normal 0 1 0
    outer loop
      vertex -70.8017 -28.4 -0.666801
      vertex -69.6881 -28.4 0.3043
      vertex -70.029 -28.4 -0.177933
    endloop
  endfacet
  facet normal 0 1 0
    outer loop
      vertex -69.6881 -28.4 0.3043
      vertex -70.8017 -28.4 -0.666801
      vertex -72.1163 -28.4 -1.13739
    endloop
  endfacet
  facet normal 0 1 0
    outer loop
      vertex -72.1163 -28.4 -1.13739
      vertex -70.8017 -28.4 -0.666801
      vertex -71.2454 -28.4 -0.947536
    endloop
  endfacet
  facet normal 0 1 0
    outer loop
      vertex -68.7428 -28.4 1.90496
      vertex -72.1163 -28.4 -1.13739
      vertex -73 -28.4 -1.33003
    endloop
  endfacet
  facet normal 0 1 0
    outer loop
      vertex -68.7428 -28.4 1.90496
      vertex -73 -28.4 -1.33003
      vertex -77.5 -28.4 -1.33003
    endloop
  endfacet
  facet normal 0 1 0
    outer loop
      vertex -68.7428 -28.4 1.90496
      vertex -77.5 -28.4 -1.33003
      vertex -88 -28.4 3.6
    endloop
  endfacet
  facet normal 0 1 -0
    outer loop
      vertex -86.5 -28.4 -1.33003
      vertex -88 -28.4 3.6
      vertex -77.5 -28.4 -1.33003
    endloop
  endfacet
  facet normal 0 1 0
    outer loop
      vertex -88 -28.4 3.6
      vertex -86.5 -28.4 -1.33003
      vertex -88 -28.4 -1.33003
    endloop
  endfacet
  facet normal 0 1 -0
    outer loop
      vertex -77.5 -28.4 35.33
      vertex -86.5 -28.4 36.4
      vertex -77.5 -28.4 36.4
    endloop
  endfacet
  facet normal 0 1 0
    outer loop
      vertex -86.5 -28.4 36.4
      vertex -77.5 -28.4 35.33
      vertex -86.5 -28.4 35.33
    endloop
  endfacet
  facet normal 0 1 0
    outer loop
      vertex -95.2572 -28.4 30.4
      vertex -88 -28.4 3.6
      vertex -95.2572 -28.4 3.6
    endloop
  endfacet
  facet normal 0 -1 0
    outer loop
      vertex -96 -28.4 36.4
      vertex -91 -28.4 35.33
      vertex -88 -28.4 36.4
    endloop
  endfacet
  facet normal 0 -1 0
    outer loop
      vertex -96 -28.4 36.4
      vertex -91.8837 -28.4 35.1374
      vertex -91 -28.4 35.33
    endloop
  endfacet
  facet normal 0 -1 0
    outer loop
      vertex -96 -28.4 36.4
      vertex -92.7546 -28.4 34.9475
      vertex -91.8837 -28.4 35.1374
    endloop
  endfacet
  facet normal 0 -1 0
    outer loop
      vertex -96 -28.4 36.4
      vertex -93.1983 -28.4 34.6668
      vertex -92.7546 -28.4 34.9475
    endloop
  endfacet
  facet normal 0 -1 0
    outer loop
      vertex -96 -28.4 36.4
      vertex -93.971 -28.4 34.1779
      vertex -93.1983 -28.4 34.6668
    endloop
  endfacet
  facet normal 0 -1 0
    outer loop
      vertex -96 -28.4 36.4
      vertex -94.3119 -28.4 33.6957
      vertex -93.971 -28.4 34.1779
    endloop
  endfacet
  facet normal 0 -1 0
    outer loop
      vertex -96 -28.4 36.4
      vertex -94.9233 -28.4 32.8308
      vertex -94.3119 -28.4 33.6957
    endloop
  endfacet
  facet normal 0 -1 0
    outer loop
      vertex -96 -28.4 36.4
      vertex -95.2572 -28.4 32.095
      vertex -94.9233 -28.4 32.8308
    endloop
  endfacet
  facet normal 0 -1 0
    outer loop
      vertex -96 -28.4 30.4
      vertex -95.2572 -28.4 32.095
      vertex -96 -28.4 36.4
    endloop
  endfacet
  facet normal 0 -1 -0
    outer loop
      vertex -95.2572 -28.4 32.095
      vertex -96 -28.4 30.4
      vertex -95.2572 -28.4 30.4
    endloop
  endfacet
  facet normal 0 -1 -0
    outer loop
      vertex -88 -28.4 36.4
      vertex -91 -28.4 35.33
      vertex -88 -28.4 35.33
    endloop
  endfacet
  facet normal -0.97235 0.233528 0
    outer loop
      vertex -80.6685 -34.4326 -1.6
      vertex -80.6172 -34.219 4
      vertex -80.6172 -34.219 -1.6
    endloop
  endfacet
  facet normal -0.97235 0.233528 0
    outer loop
      vertex -80.6172 -34.219 4
      vertex -80.6685 -34.4326 -1.6
      vertex -80.6685 -34.4326 4
    endloop
  endfacet
  facet normal -0.97235 0.233528 0
    outer loop
      vertex -80.6685 -34.4326 30
      vertex -80.6172 -34.219 35.6
      vertex -80.6172 -34.219 30
    endloop
  endfacet
  facet normal -0.97235 0.233528 0
    outer loop
      vertex -80.6172 -34.219 35.6
      vertex -80.6685 -34.4326 30
      vertex -80.6685 -34.4326 35.6
    endloop
  endfacet
  facet normal 0.852595 0.522573 0
    outer loop
      vertex -83.1326 -34.8229 4
      vertex -83.2474 -34.6356 -1.6
      vertex -83.2474 -34.6356 4
    endloop
  endfacet
  facet normal 0.852595 0.522573 0
    outer loop
      vertex -83.2474 -34.6356 -1.6
      vertex -83.1326 -34.8229 4
      vertex -83.1326 -34.8229 -1.6
    endloop
  endfacet
  facet normal 0.852595 0.522573 0
    outer loop
      vertex -83.1326 -34.8229 35.6
      vertex -83.2474 -34.6356 30
      vertex -83.2474 -34.6356 35.6
    endloop
  endfacet
  facet normal 0.852595 0.522573 0
    outer loop
      vertex -83.2474 -34.6356 30
      vertex -83.1326 -34.8229 35.6
      vertex -83.1326 -34.8229 30
    endloop
  endfacet
  facet normal -0.97235 -0.233528 0
    outer loop
      vertex -80.6172 -33.781 -1.6
      vertex -80.6685 -33.5674 4
      vertex -80.6685 -33.5674 -1.6
    endloop
  endfacet
  facet normal -0.97235 -0.233528 0
    outer loop
      vertex -80.6685 -33.5674 4
      vertex -80.6172 -33.781 -1.6
      vertex -80.6172 -33.781 4
    endloop
  endfacet
  facet normal -0.97235 -0.233528 0
    outer loop
      vertex -80.6172 -33.781 30
      vertex -80.6685 -33.5674 35.6
      vertex -80.6685 -33.5674 30
    endloop
  endfacet
  facet normal -0.97235 -0.233528 0
    outer loop
      vertex -80.6685 -33.5674 35.6
      vertex -80.6172 -33.781 30
      vertex -80.6172 -33.781 35.6
    endloop
  endfacet
  facet normal -0.233528 0.97235 0
    outer loop
      vertex -81.5674 -35.3315 -1.6
      vertex -81.781 -35.3828 4
      vertex -81.5674 -35.3315 4
    endloop
  endfacet
  facet normal -0.233528 0.97235 0
    outer loop
      vertex -81.781 -35.3828 4
      vertex -81.5674 -35.3315 -1.6
      vertex -81.781 -35.3828 -1.6
    endloop
  endfacet
  facet normal -0.233528 0.97235 0
    outer loop
      vertex -81.5674 -35.3315 30
      vertex -81.781 -35.3828 35.6
      vertex -81.5674 -35.3315 35.6
    endloop
  endfacet
  facet normal -0.233528 0.97235 0
    outer loop
      vertex -81.781 -35.3828 35.6
      vertex -81.5674 -35.3315 30
      vertex -81.781 -35.3828 30
    endloop
  endfacet
  facet normal -0.760669 -0.64914 0
    outer loop
      vertex -80.8674 -33.1771 -1.6
      vertex -81.01 -33.01 4
      vertex -81.01 -33.01 -1.6
    endloop
  endfacet
  facet normal -0.760669 -0.64914 0
    outer loop
      vertex -81.01 -33.01 4
      vertex -80.8674 -33.1771 -1.6
      vertex -80.8674 -33.1771 4
    endloop
  endfacet
  facet normal -0.760669 -0.64914 0
    outer loop
      vertex -80.8674 -33.1771 30
      vertex -81.01 -33.01 35.6
      vertex -81.01 -33.01 30
    endloop
  endfacet
  facet normal -0.760669 -0.64914 0
    outer loop
      vertex -81.01 -33.01 35.6
      vertex -80.8674 -33.1771 30
      vertex -80.8674 -33.1771 35.6
    endloop
  endfacet
  facet normal 0.760477 0.649365 0
    outer loop
      vertex -82.99 -34.9899 4
      vertex -83.1326 -34.8229 -1.6
      vertex -83.1326 -34.8229 4
    endloop
  endfacet
  facet normal 0.760477 0.649365 0
    outer loop
      vertex -83.1326 -34.8229 -1.6
      vertex -82.99 -34.9899 4
      vertex -82.99 -34.9899 -1.6
    endloop
  endfacet
  facet normal 0.760477 0.649365 0
    outer loop
      vertex -82.99 -34.9899 35.6
      vertex -83.1326 -34.8229 30
      vertex -83.1326 -34.8229 35.6
    endloop
  endfacet
  facet normal 0.760477 0.649365 0
    outer loop
      vertex -83.1326 -34.8229 30
      vertex -82.99 -34.9899 35.6
      vertex -82.99 -34.9899 30
    endloop
  endfacet
  facet normal 0.649404 0.760444 -0
    outer loop
      vertex -82.8229 -35.1326 -1.6
      vertex -82.99 -34.9899 4
      vertex -82.8229 -35.1326 4
    endloop
  endfacet
  facet normal 0.649404 0.760444 0
    outer loop
      vertex -82.99 -34.9899 4
      vertex -82.8229 -35.1326 -1.6
      vertex -82.99 -34.9899 -1.6
    endloop
  endfacet
  facet normal 0.649404 0.760444 -0
    outer loop
      vertex -82.8229 -35.1326 30
      vertex -82.99 -34.9899 35.6
      vertex -82.8229 -35.1326 35.6
    endloop
  endfacet
  facet normal 0.649404 0.760444 0
    outer loop
      vertex -82.99 -34.9899 35.6
      vertex -82.8229 -35.1326 30
      vertex -82.99 -34.9899 30
    endloop
  endfacet
  facet normal -0.0782977 0.99693 0
    outer loop
      vertex -81.781 -35.3828 -1.6
      vertex -82 -35.4 4
      vertex -81.781 -35.3828 4
    endloop
  endfacet
  facet normal -0.0782977 0.99693 0
    outer loop
      vertex -82 -35.4 4
      vertex -81.781 -35.3828 -1.6
      vertex -82 -35.4 -1.6
    endloop
  endfacet
  facet normal -0.0782977 0.99693 0
    outer loop
      vertex -81.781 -35.3828 30
      vertex -82 -35.4 35.6
      vertex -81.781 -35.3828 35.6
    endloop
  endfacet
  facet normal -0.0782977 0.99693 0
    outer loop
      vertex -82 -35.4 35.6
      vertex -81.781 -35.3828 30
      vertex -82 -35.4 30
    endloop
  endfacet
  facet normal 0.233528 0.97235 -0
    outer loop
      vertex -82.219 -35.3828 -1.6
      vertex -82.4326 -35.3315 4
      vertex -82.219 -35.3828 4
    endloop
  endfacet
  facet normal 0.233528 0.97235 0
    outer loop
      vertex -82.4326 -35.3315 4
      vertex -82.219 -35.3828 -1.6
      vertex -82.4326 -35.3315 -1.6
    endloop
  endfacet
  facet normal 0.233528 0.97235 -0
    outer loop
      vertex -82.219 -35.3828 30
      vertex -82.4326 -35.3315 35.6
      vertex -82.219 -35.3828 35.6
    endloop
  endfacet
  facet normal 0.233528 0.97235 0
    outer loop
      vertex -82.4326 -35.3315 35.6
      vertex -82.219 -35.3828 30
      vertex -82.4326 -35.3315 30
    endloop
  endfacet
  facet normal -0.522573 0.852595 0
    outer loop
      vertex -81.1771 -35.1326 -1.6
      vertex -81.3644 -35.2474 4
      vertex -81.1771 -35.1326 4
    endloop
  endfacet
  facet normal -0.522573 0.852595 0
    outer loop
      vertex -81.3644 -35.2474 4
      vertex -81.1771 -35.1326 -1.6
      vertex -81.3644 -35.2474 -1.6
    endloop
  endfacet
  facet normal -0.522573 0.852595 0
    outer loop
      vertex -81.1771 -35.1326 30
      vertex -81.3644 -35.2474 35.6
      vertex -81.1771 -35.1326 35.6
    endloop
  endfacet
  facet normal -0.522573 0.852595 0
    outer loop
      vertex -81.3644 -35.2474 35.6
      vertex -81.1771 -35.1326 30
      vertex -81.3644 -35.2474 30
    endloop
  endfacet
  facet normal -0.99693 -0.0782977 0
    outer loop
      vertex -80.6 -34 -1.6
      vertex -80.6172 -33.781 4
      vertex -80.6172 -33.781 -1.6
    endloop
  endfacet
  facet normal -0.99693 -0.0782977 0
    outer loop
      vertex -80.6172 -33.781 4
      vertex -80.6 -34 -1.6
      vertex -80.6 -34 4
    endloop
  endfacet
  facet normal -0.99693 -0.0782977 0
    outer loop
      vertex -80.6 -34 30
      vertex -80.6172 -33.781 35.6
      vertex -80.6172 -33.781 30
    endloop
  endfacet
  facet normal -0.99693 -0.0782977 0
    outer loop
      vertex -80.6172 -33.781 35.6
      vertex -80.6 -34 30
      vertex -80.6 -34 35.6
    endloop
  endfacet
  facet normal 0.38274 0.923856 -0
    outer loop
      vertex -82.4326 -35.3315 -1.6
      vertex -82.6356 -35.2474 4
      vertex -82.4326 -35.3315 4
    endloop
  endfacet
  facet normal 0.38274 0.923856 0
    outer loop
      vertex -82.6356 -35.2474 4
      vertex -82.4326 -35.3315 -1.6
      vertex -82.6356 -35.2474 -1.6
    endloop
  endfacet
  facet normal 0.38274 0.923856 -0
    outer loop
      vertex -82.4326 -35.3315 30
      vertex -82.6356 -35.2474 35.6
      vertex -82.4326 -35.3315 35.6
    endloop
  endfacet
  facet normal 0.38274 0.923856 0
    outer loop
      vertex -82.6356 -35.2474 35.6
      vertex -82.4326 -35.3315 30
      vertex -82.6356 -35.2474 30
    endloop
  endfacet
  facet normal 0.760669 -0.64914 0
    outer loop
      vertex -83.1326 -33.1771 4
      vertex -82.99 -33.01 -1.6
      vertex -82.99 -33.01 4
    endloop
  endfacet
  facet normal 0.760669 -0.64914 0
    outer loop
      vertex -82.99 -33.01 -1.6
      vertex -83.1326 -33.1771 4
      vertex -83.1326 -33.1771 -1.6
    endloop
  endfacet
  facet normal 0.760669 -0.64914 0
    outer loop
      vertex -83.1326 -33.1771 35.6
      vertex -82.99 -33.01 30
      vertex -82.99 -33.01 35.6
    endloop
  endfacet
  facet normal 0.760669 -0.64914 0
    outer loop
      vertex -82.99 -33.01 30
      vertex -83.1326 -33.1771 35.6
      vertex -83.1326 -33.1771 30
    endloop
  endfacet
  facet normal -0.99693 0.0782977 0
    outer loop
      vertex -80.6172 -34.219 -1.6
      vertex -80.6 -34 4
      vertex -80.6 -34 -1.6
    endloop
  endfacet
  facet normal -0.99693 0.0782977 0
    outer loop
      vertex -80.6 -34 4
      vertex -80.6172 -34.219 -1.6
      vertex -80.6172 -34.219 4
    endloop
  endfacet
  facet normal -0.99693 0.0782977 0
    outer loop
      vertex -80.6172 -34.219 30
      vertex -80.6 -34 35.6
      vertex -80.6 -34 30
    endloop
  endfacet
  facet normal -0.99693 0.0782977 0
    outer loop
      vertex -80.6 -34 35.6
      vertex -80.6172 -34.219 30
      vertex -80.6172 -34.219 35.6
    endloop
  endfacet
  facet normal -0.923856 -0.38274 0
    outer loop
      vertex -80.6685 -33.5674 -1.6
      vertex -80.7526 -33.3644 4
      vertex -80.7526 -33.3644 -1.6
    endloop
  endfacet
  facet normal -0.923856 -0.38274 0
    outer loop
      vertex -80.7526 -33.3644 4
      vertex -80.6685 -33.5674 -1.6
      vertex -80.6685 -33.5674 4
    endloop
  endfacet
  facet normal -0.923856 -0.38274 0
    outer loop
      vertex -80.6685 -33.5674 30
      vertex -80.7526 -33.3644 35.6
      vertex -80.7526 -33.3644 30
    endloop
  endfacet
  facet normal -0.923856 -0.38274 0
    outer loop
      vertex -80.7526 -33.3644 35.6
      vertex -80.6685 -33.5674 30
      vertex -80.6685 -33.5674 35.6
    endloop
  endfacet
  facet normal -0.38274 0.923856 0
    outer loop
      vertex -81.3644 -35.2474 -1.6
      vertex -81.5674 -35.3315 4
      vertex -81.3644 -35.2474 4
    endloop
  endfacet
  facet normal -0.38274 0.923856 0
    outer loop
      vertex -81.5674 -35.3315 4
      vertex -81.3644 -35.2474 -1.6
      vertex -81.5674 -35.3315 -1.6
    endloop
  endfacet
  facet normal -0.38274 0.923856 0
    outer loop
      vertex -81.3644 -35.2474 30
      vertex -81.5674 -35.3315 35.6
      vertex -81.3644 -35.2474 35.6
    endloop
  endfacet
  facet normal -0.38274 0.923856 0
    outer loop
      vertex -81.5674 -35.3315 35.6
      vertex -81.3644 -35.2474 30
      vertex -81.5674 -35.3315 30
    endloop
  endfacet
  facet normal -0.0782977 -0.99693 0
    outer loop
      vertex -82 -32.6 -1.6
      vertex -81.781 -32.6172 4
      vertex -82 -32.6 4
    endloop
  endfacet
  facet normal -0.0782977 -0.99693 -0
    outer loop
      vertex -81.781 -32.6172 4
      vertex -82 -32.6 -1.6
      vertex -81.781 -32.6172 -1.6
    endloop
  endfacet
  facet normal -0.0782977 -0.99693 0
    outer loop
      vertex -82 -32.6 30
      vertex -81.781 -32.6172 35.6
      vertex -82 -32.6 35.6
    endloop
  endfacet
  facet normal -0.0782977 -0.99693 -0
    outer loop
      vertex -81.781 -32.6172 35.6
      vertex -82 -32.6 30
      vertex -81.781 -32.6172 30
    endloop
  endfacet
  facet normal -0.923856 0.38274 0
    outer loop
      vertex -80.7526 -34.6356 -1.6
      vertex -80.6685 -34.4326 4
      vertex -80.6685 -34.4326 -1.6
    endloop
  endfacet
  facet normal -0.923856 0.38274 0
    outer loop
      vertex -80.6685 -34.4326 4
      vertex -80.7526 -34.6356 -1.6
      vertex -80.7526 -34.6356 4
    endloop
  endfacet
  facet normal -0.923856 0.38274 0
    outer loop
      vertex -80.7526 -34.6356 30
      vertex -80.6685 -34.4326 35.6
      vertex -80.6685 -34.4326 30
    endloop
  endfacet
  facet normal -0.923856 0.38274 0
    outer loop
      vertex -80.6685 -34.4326 35.6
      vertex -80.7526 -34.6356 30
      vertex -80.7526 -34.6356 35.6
    endloop
  endfacet
  facet normal 0.99693 -0.0782977 0
    outer loop
      vertex -83.4 -34 4
      vertex -83.3828 -33.781 -1.6
      vertex -83.3828 -33.781 4
    endloop
  endfacet
  facet normal 0.99693 -0.0782977 0
    outer loop
      vertex -83.3828 -33.781 -1.6
      vertex -83.4 -34 4
      vertex -83.4 -34 -1.6
    endloop
  endfacet
  facet normal 0.99693 -0.0782977 0
    outer loop
      vertex -83.4 -34 35.6
      vertex -83.3828 -33.781 30
      vertex -83.3828 -33.781 35.6
    endloop
  endfacet
  facet normal 0.99693 -0.0782977 0
    outer loop
      vertex -83.3828 -33.781 30
      vertex -83.4 -34 35.6
      vertex -83.4 -34 30
    endloop
  endfacet
  facet normal -0.233528 -0.97235 0
    outer loop
      vertex -81.781 -32.6172 -1.6
      vertex -81.5674 -32.6685 4
      vertex -81.781 -32.6172 4
    endloop
  endfacet
  facet normal -0.233528 -0.97235 -0
    outer loop
      vertex -81.5674 -32.6685 4
      vertex -81.781 -32.6172 -1.6
      vertex -81.5674 -32.6685 -1.6
    endloop
  endfacet
  facet normal -0.233528 -0.97235 0
    outer loop
      vertex -81.781 -32.6172 30
      vertex -81.5674 -32.6685 35.6
      vertex -81.781 -32.6172 35.6
    endloop
  endfacet
  facet normal -0.233528 -0.97235 -0
    outer loop
      vertex -81.5674 -32.6685 35.6
      vertex -81.781 -32.6172 30
      vertex -81.5674 -32.6685 30
    endloop
  endfacet
  facet normal 0.522573 0.852595 -0
    outer loop
      vertex -82.6356 -35.2474 -1.6
      vertex -82.8229 -35.1326 4
      vertex -82.6356 -35.2474 4
    endloop
  endfacet
  facet normal 0.522573 0.852595 0
    outer loop
      vertex -82.8229 -35.1326 4
      vertex -82.6356 -35.2474 -1.6
      vertex -82.8229 -35.1326 -1.6
    endloop
  endfacet
  facet normal 0.522573 0.852595 -0
    outer loop
      vertex -82.6356 -35.2474 30
      vertex -82.8229 -35.1326 35.6
      vertex -82.6356 -35.2474 35.6
    endloop
  endfacet
  facet normal 0.522573 0.852595 0
    outer loop
      vertex -82.8229 -35.1326 35.6
      vertex -82.6356 -35.2474 30
      vertex -82.8229 -35.1326 30
    endloop
  endfacet
  facet normal 0.99693 0.0782977 0
    outer loop
      vertex -83.3828 -34.219 4
      vertex -83.4 -34 -1.6
      vertex -83.4 -34 4
    endloop
  endfacet
  facet normal 0.99693 0.0782977 0
    outer loop
      vertex -83.4 -34 -1.6
      vertex -83.3828 -34.219 4
      vertex -83.3828 -34.219 -1.6
    endloop
  endfacet
  facet normal 0.99693 0.0782977 0
    outer loop
      vertex -83.3828 -34.219 35.6
      vertex -83.4 -34 30
      vertex -83.4 -34 35.6
    endloop
  endfacet
  facet normal 0.99693 0.0782977 0
    outer loop
      vertex -83.4 -34 30
      vertex -83.3828 -34.219 35.6
      vertex -83.3828 -34.219 30
    endloop
  endfacet
  facet normal -0.852595 -0.522573 0
    outer loop
      vertex -80.7526 -33.3644 -1.6
      vertex -80.8674 -33.1771 4
      vertex -80.8674 -33.1771 -1.6
    endloop
  endfacet
  facet normal -0.852595 -0.522573 0
    outer loop
      vertex -80.8674 -33.1771 4
      vertex -80.7526 -33.3644 -1.6
      vertex -80.7526 -33.3644 4
    endloop
  endfacet
  facet normal -0.852595 -0.522573 0
    outer loop
      vertex -80.7526 -33.3644 30
      vertex -80.8674 -33.1771 35.6
      vertex -80.8674 -33.1771 30
    endloop
  endfacet
  facet normal -0.852595 -0.522573 0
    outer loop
      vertex -80.8674 -33.1771 35.6
      vertex -80.7526 -33.3644 30
      vertex -80.7526 -33.3644 35.6
    endloop
  endfacet
  facet normal 0.64914 -0.760669 0
    outer loop
      vertex -82.99 -33.01 -1.6
      vertex -82.8229 -32.8674 4
      vertex -82.99 -33.01 4
    endloop
  endfacet
  facet normal 0.64914 -0.760669 0
    outer loop
      vertex -82.8229 -32.8674 4
      vertex -82.99 -33.01 -1.6
      vertex -82.8229 -32.8674 -1.6
    endloop
  endfacet
  facet normal 0.64914 -0.760669 0
    outer loop
      vertex -82.99 -33.01 30
      vertex -82.8229 -32.8674 35.6
      vertex -82.99 -33.01 35.6
    endloop
  endfacet
  facet normal 0.64914 -0.760669 0
    outer loop
      vertex -82.8229 -32.8674 35.6
      vertex -82.99 -33.01 30
      vertex -82.8229 -32.8674 30
    endloop
  endfacet
  facet normal 0.0782977 -0.99693 0
    outer loop
      vertex -82.219 -32.6172 -1.6
      vertex -82 -32.6 4
      vertex -82.219 -32.6172 4
    endloop
  endfacet
  facet normal 0.0782977 -0.99693 0
    outer loop
      vertex -82 -32.6 4
      vertex -82.219 -32.6172 -1.6
      vertex -82 -32.6 -1.6
    endloop
  endfacet
  facet normal 0.0782977 -0.99693 0
    outer loop
      vertex -82.219 -32.6172 30
      vertex -82 -32.6 35.6
      vertex -82.219 -32.6172 35.6
    endloop
  endfacet
  facet normal 0.0782977 -0.99693 0
    outer loop
      vertex -82 -32.6 35.6
      vertex -82.219 -32.6172 30
      vertex -82 -32.6 30
    endloop
  endfacet
  facet normal 0.97235 -0.233528 0
    outer loop
      vertex -83.3828 -33.781 4
      vertex -83.3315 -33.5674 -1.6
      vertex -83.3315 -33.5674 4
    endloop
  endfacet
  facet normal 0.97235 -0.233528 0
    outer loop
      vertex -83.3315 -33.5674 -1.6
      vertex -83.3828 -33.781 4
      vertex -83.3828 -33.781 -1.6
    endloop
  endfacet
  facet normal 0.97235 -0.233528 0
    outer loop
      vertex -83.3828 -33.781 35.6
      vertex -83.3315 -33.5674 30
      vertex -83.3315 -33.5674 35.6
    endloop
  endfacet
  facet normal 0.97235 -0.233528 0
    outer loop
      vertex -83.3315 -33.5674 30
      vertex -83.3828 -33.781 35.6
      vertex -83.3828 -33.781 30
    endloop
  endfacet
  facet normal -0.852595 0.522573 0
    outer loop
      vertex -80.8674 -34.8229 -1.6
      vertex -80.7526 -34.6356 4
      vertex -80.7526 -34.6356 -1.6
    endloop
  endfacet
  facet normal -0.852595 0.522573 0
    outer loop
      vertex -80.7526 -34.6356 4
      vertex -80.8674 -34.8229 -1.6
      vertex -80.8674 -34.8229 4
    endloop
  endfacet
  facet normal -0.852595 0.522573 0
    outer loop
      vertex -80.8674 -34.8229 30
      vertex -80.7526 -34.6356 35.6
      vertex -80.7526 -34.6356 30
    endloop
  endfacet
  facet normal -0.852595 0.522573 0
    outer loop
      vertex -80.7526 -34.6356 35.6
      vertex -80.8674 -34.8229 30
      vertex -80.8674 -34.8229 35.6
    endloop
  endfacet
  facet normal 0.522573 -0.852595 0
    outer loop
      vertex -82.8229 -32.8674 -1.6
      vertex -82.6356 -32.7526 4
      vertex -82.8229 -32.8674 4
    endloop
  endfacet
  facet normal 0.522573 -0.852595 0
    outer loop
      vertex -82.6356 -32.7526 4
      vertex -82.8229 -32.8674 -1.6
      vertex -82.6356 -32.7526 -1.6
    endloop
  endfacet
  facet normal 0.522573 -0.852595 0
    outer loop
      vertex -82.8229 -32.8674 30
      vertex -82.6356 -32.7526 35.6
      vertex -82.8229 -32.8674 35.6
    endloop
  endfacet
  facet normal 0.522573 -0.852595 0
    outer loop
      vertex -82.6356 -32.7526 35.6
      vertex -82.8229 -32.8674 30
      vertex -82.6356 -32.7526 30
    endloop
  endfacet
  facet normal -0.64914 -0.760669 0
    outer loop
      vertex -81.1771 -32.8674 -1.6
      vertex -81.01 -33.01 4
      vertex -81.1771 -32.8674 4
    endloop
  endfacet
  facet normal -0.64914 -0.760669 -0
    outer loop
      vertex -81.01 -33.01 4
      vertex -81.1771 -32.8674 -1.6
      vertex -81.01 -33.01 -1.6
    endloop
  endfacet
  facet normal -0.64914 -0.760669 0
    outer loop
      vertex -81.1771 -32.8674 30
      vertex -81.01 -33.01 35.6
      vertex -81.1771 -32.8674 35.6
    endloop
  endfacet
  facet normal -0.64914 -0.760669 -0
    outer loop
      vertex -81.01 -33.01 35.6
      vertex -81.1771 -32.8674 30
      vertex -81.01 -33.01 30
    endloop
  endfacet
  facet normal 0.233528 -0.97235 0
    outer loop
      vertex -82.4326 -32.6685 -1.6
      vertex -82.219 -32.6172 4
      vertex -82.4326 -32.6685 4
    endloop
  endfacet
  facet normal 0.233528 -0.97235 0
    outer loop
      vertex -82.219 -32.6172 4
      vertex -82.4326 -32.6685 -1.6
      vertex -82.219 -32.6172 -1.6
    endloop
  endfacet
  facet normal 0.233528 -0.97235 0
    outer loop
      vertex -82.4326 -32.6685 30
      vertex -82.219 -32.6172 35.6
      vertex -82.4326 -32.6685 35.6
    endloop
  endfacet
  facet normal 0.233528 -0.97235 0
    outer loop
      vertex -82.219 -32.6172 35.6
      vertex -82.4326 -32.6685 30
      vertex -82.219 -32.6172 30
    endloop
  endfacet
  facet normal -0.760477 0.649365 0
    outer loop
      vertex -81.01 -34.9899 -1.6
      vertex -80.8674 -34.8229 4
      vertex -80.8674 -34.8229 -1.6
    endloop
  endfacet
  facet normal -0.760477 0.649365 0
    outer loop
      vertex -80.8674 -34.8229 4
      vertex -81.01 -34.9899 -1.6
      vertex -81.01 -34.9899 4
    endloop
  endfacet
  facet normal -0.760477 0.649365 0
    outer loop
      vertex -81.01 -34.9899 30
      vertex -80.8674 -34.8229 35.6
      vertex -80.8674 -34.8229 30
    endloop
  endfacet
  facet normal -0.760477 0.649365 0
    outer loop
      vertex -80.8674 -34.8229 35.6
      vertex -81.01 -34.9899 30
      vertex -81.01 -34.9899 35.6
    endloop
  endfacet
  facet normal -0.38274 -0.923856 0
    outer loop
      vertex -81.5674 -32.6685 -1.6
      vertex -81.3644 -32.7526 4
      vertex -81.5674 -32.6685 4
    endloop
  endfacet
  facet normal -0.38274 -0.923856 -0
    outer loop
      vertex -81.3644 -32.7526 4
      vertex -81.5674 -32.6685 -1.6
      vertex -81.3644 -32.7526 -1.6
    endloop
  endfacet
  facet normal -0.38274 -0.923856 0
    outer loop
      vertex -81.5674 -32.6685 30
      vertex -81.3644 -32.7526 35.6
      vertex -81.5674 -32.6685 35.6
    endloop
  endfacet
  facet normal -0.38274 -0.923856 -0
    outer loop
      vertex -81.3644 -32.7526 35.6
      vertex -81.5674 -32.6685 30
      vertex -81.3644 -32.7526 30
    endloop
  endfacet
  facet normal 0.923856 -0.38274 0
    outer loop
      vertex -83.3315 -33.5674 4
      vertex -83.2474 -33.3644 -1.6
      vertex -83.2474 -33.3644 4
    endloop
  endfacet
  facet normal 0.923856 -0.38274 0
    outer loop
      vertex -83.2474 -33.3644 -1.6
      vertex -83.3315 -33.5674 4
      vertex -83.3315 -33.5674 -1.6
    endloop
  endfacet
  facet normal 0.923856 -0.38274 0
    outer loop
      vertex -83.3315 -33.5674 35.6
      vertex -83.2474 -33.3644 30
      vertex -83.2474 -33.3644 35.6
    endloop
  endfacet
  facet normal 0.923856 -0.38274 0
    outer loop
      vertex -83.2474 -33.3644 30
      vertex -83.3315 -33.5674 35.6
      vertex -83.3315 -33.5674 30
    endloop
  endfacet
  facet normal 0.852595 -0.522573 0
    outer loop
      vertex -83.2474 -33.3644 4
      vertex -83.1326 -33.1771 -1.6
      vertex -83.1326 -33.1771 4
    endloop
  endfacet
  facet normal 0.852595 -0.522573 0
    outer loop
      vertex -83.1326 -33.1771 -1.6
      vertex -83.2474 -33.3644 4
      vertex -83.2474 -33.3644 -1.6
    endloop
  endfacet
  facet normal 0.852595 -0.522573 0
    outer loop
      vertex -83.2474 -33.3644 35.6
      vertex -83.1326 -33.1771 30
      vertex -83.1326 -33.1771 35.6
    endloop
  endfacet
  facet normal 0.852595 -0.522573 0
    outer loop
      vertex -83.1326 -33.1771 30
      vertex -83.2474 -33.3644 35.6
      vertex -83.2474 -33.3644 30
    endloop
  endfacet
  facet normal 0.97235 0.233528 0
    outer loop
      vertex -83.3315 -34.4326 4
      vertex -83.3828 -34.219 -1.6
      vertex -83.3828 -34.219 4
    endloop
  endfacet
  facet normal 0.97235 0.233528 0
    outer loop
      vertex -83.3828 -34.219 -1.6
      vertex -83.3315 -34.4326 4
      vertex -83.3315 -34.4326 -1.6
    endloop
  endfacet
  facet normal 0.97235 0.233528 0
    outer loop
      vertex -83.3315 -34.4326 35.6
      vertex -83.3828 -34.219 30
      vertex -83.3828 -34.219 35.6
    endloop
  endfacet
  facet normal 0.97235 0.233528 0
    outer loop
      vertex -83.3828 -34.219 30
      vertex -83.3315 -34.4326 35.6
      vertex -83.3315 -34.4326 30
    endloop
  endfacet
  facet normal 0.923856 0.38274 0
    outer loop
      vertex -83.2474 -34.6356 4
      vertex -83.3315 -34.4326 -1.6
      vertex -83.3315 -34.4326 4
    endloop
  endfacet
  facet normal 0.923856 0.38274 0
    outer loop
      vertex -83.3315 -34.4326 -1.6
      vertex -83.2474 -34.6356 4
      vertex -83.2474 -34.6356 -1.6
    endloop
  endfacet
  facet normal 0.923856 0.38274 0
    outer loop
      vertex -83.2474 -34.6356 35.6
      vertex -83.3315 -34.4326 30
      vertex -83.3315 -34.4326 35.6
    endloop
  endfacet
  facet normal 0.923856 0.38274 0
    outer loop
      vertex -83.3315 -34.4326 30
      vertex -83.2474 -34.6356 35.6
      vertex -83.2474 -34.6356 30
    endloop
  endfacet
  facet normal -0.522573 -0.852595 0
    outer loop
      vertex -81.3644 -32.7526 -1.6
      vertex -81.1771 -32.8674 4
      vertex -81.3644 -32.7526 4
    endloop
  endfacet
  facet normal -0.522573 -0.852595 -0
    outer loop
      vertex -81.1771 -32.8674 4
      vertex -81.3644 -32.7526 -1.6
      vertex -81.1771 -32.8674 -1.6
    endloop
  endfacet
  facet normal -0.522573 -0.852595 0
    outer loop
      vertex -81.3644 -32.7526 30
      vertex -81.1771 -32.8674 35.6
      vertex -81.3644 -32.7526 35.6
    endloop
  endfacet
  facet normal -0.522573 -0.852595 -0
    outer loop
      vertex -81.1771 -32.8674 35.6
      vertex -81.3644 -32.7526 30
      vertex -81.1771 -32.8674 30
    endloop
  endfacet
  facet normal -0.649404 0.760444 0
    outer loop
      vertex -81.01 -34.9899 -1.6
      vertex -81.1771 -35.1326 4
      vertex -81.01 -34.9899 4
    endloop
  endfacet
  facet normal -0.649404 0.760444 0
    outer loop
      vertex -81.1771 -35.1326 4
      vertex -81.01 -34.9899 -1.6
      vertex -81.1771 -35.1326 -1.6
    endloop
  endfacet
  facet normal -0.649404 0.760444 0
    outer loop
      vertex -81.01 -34.9899 30
      vertex -81.1771 -35.1326 35.6
      vertex -81.01 -34.9899 35.6
    endloop
  endfacet
  facet normal -0.649404 0.760444 0
    outer loop
      vertex -81.1771 -35.1326 35.6
      vertex -81.01 -34.9899 30
      vertex -81.1771 -35.1326 30
    endloop
  endfacet
  facet normal 0.38274 -0.923856 0
    outer loop
      vertex -82.6356 -32.7526 -1.6
      vertex -82.4326 -32.6685 4
      vertex -82.6356 -32.7526 4
    endloop
  endfacet
  facet normal 0.38274 -0.923856 0
    outer loop
      vertex -82.4326 -32.6685 4
      vertex -82.6356 -32.7526 -1.6
      vertex -82.4326 -32.6685 -1.6
    endloop
  endfacet
  facet normal 0.38274 -0.923856 0
    outer loop
      vertex -82.6356 -32.7526 30
      vertex -82.4326 -32.6685 35.6
      vertex -82.6356 -32.7526 35.6
    endloop
  endfacet
  facet normal 0.38274 -0.923856 0
    outer loop
      vertex -82.4326 -32.6685 35.6
      vertex -82.6356 -32.7526 30
      vertex -82.4326 -32.6685 30
    endloop
  endfacet
  facet normal 0.0782977 0.99693 -0
    outer loop
      vertex -82 -35.4 -1.6
      vertex -82.219 -35.3828 4
      vertex -82 -35.4 4
    endloop
  endfacet
  facet normal 0.0782977 0.99693 0
    outer loop
      vertex -82.219 -35.3828 4
      vertex -82 -35.4 -1.6
      vertex -82.219 -35.3828 -1.6
    endloop
  endfacet
  facet normal 0.0782977 0.99693 -0
    outer loop
      vertex -82 -35.4 30
      vertex -82.219 -35.3828 35.6
      vertex -82 -35.4 35.6
    endloop
  endfacet
  facet normal 0.0782977 0.99693 0
    outer loop
      vertex -82.219 -35.3828 35.6
      vertex -82 -35.4 30
      vertex -82.219 -35.3828 30
    endloop
  endfacet
  facet normal 0.649276 0.760553 -0
    outer loop
      vertex -83.5282 -36.1034 35.6
      vertex -83.8385 -35.8385 38
      vertex -83.5282 -36.1034 38
    endloop
  endfacet
  facet normal 0.649276 0.760553 0
    outer loop
      vertex -83.8385 -35.8385 38
      vertex -83.5282 -36.1034 35.6
      vertex -83.8385 -35.8385 35.6
    endloop
  endfacet
  facet normal -0.972336 -0.233586 0
    outer loop
      vertex -79.432 -33.5933 35.6
      vertex -79.5273 -33.1966 38
      vertex -79.5273 -33.1966 35.6
    endloop
  endfacet
  facet normal -0.972336 -0.233586 0
    outer loop
      vertex -79.5273 -33.1966 38
      vertex -79.432 -33.5933 35.6
      vertex -79.432 -33.5933 38
    endloop
  endfacet
  facet normal 0.972336 0.233586 0
    outer loop
      vertex -84.4727 -34.8034 38
      vertex -84.568 -34.4067 35.6
      vertex -84.568 -34.4067 38
    endloop
  endfacet
  facet normal 0.972336 0.233586 0
    outer loop
      vertex -84.568 -34.4067 35.6
      vertex -84.4727 -34.8034 38
      vertex -84.4727 -34.8034 35.6
    endloop
  endfacet
  facet normal 0.233586 0.972336 -0
    outer loop
      vertex -82.4067 -36.568 35.6
      vertex -82.8034 -36.4727 38
      vertex -82.4067 -36.568 38
    endloop
  endfacet
  facet normal 0.233586 0.972336 0
    outer loop
      vertex -82.8034 -36.4727 38
      vertex -82.4067 -36.568 35.6
      vertex -82.8034 -36.4727 35.6
    endloop
  endfacet
  facet normal 0.52262 -0.852566 0
    outer loop
      vertex -83.5282 -31.8966 35.6
      vertex -83.1804 -31.6834 38
      vertex -83.5282 -31.8966 38
    endloop
  endfacet
  facet normal 0.52262 -0.852566 0
    outer loop
      vertex -83.1804 -31.6834 38
      vertex -83.5282 -31.8966 35.6
      vertex -83.1804 -31.6834 35.6
    endloop
  endfacet
  facet normal 0.996919 0.0784396 0
    outer loop
      vertex -84.568 -34.4067 38
      vertex -84.6 -34 35.6
      vertex -84.6 -34 38
    endloop
  endfacet
  facet normal 0.996919 0.0784396 0
    outer loop
      vertex -84.6 -34 35.6
      vertex -84.568 -34.4067 38
      vertex -84.568 -34.4067 35.6
    endloop
  endfacet
  facet normal 0.0784396 -0.996919 0
    outer loop
      vertex -82.4067 -31.432 35.6
      vertex -82 -31.4 38
      vertex -82.4067 -31.432 38
    endloop
  endfacet
  facet normal 0.0784396 -0.996919 0
    outer loop
      vertex -82 -31.4 38
      vertex -82.4067 -31.432 35.6
      vertex -82 -31.4 35.6
    endloop
  endfacet
  facet normal -0.52262 0.852566 0
    outer loop
      vertex -80.4718 -36.1034 35.6
      vertex -80.8196 -36.3166 38
      vertex -80.4718 -36.1034 38
    endloop
  endfacet
  facet normal -0.52262 0.852566 0
    outer loop
      vertex -80.8196 -36.3166 38
      vertex -80.4718 -36.1034 35.6
      vertex -80.8196 -36.3166 35.6
    endloop
  endfacet
  facet normal 0.233586 -0.972336 0
    outer loop
      vertex -82.8034 -31.5273 35.6
      vertex -82.4067 -31.432 38
      vertex -82.8034 -31.5273 38
    endloop
  endfacet
  facet normal 0.233586 -0.972336 0
    outer loop
      vertex -82.4067 -31.432 38
      vertex -82.8034 -31.5273 35.6
      vertex -82.4067 -31.432 35.6
    endloop
  endfacet
  facet normal -0.852566 0.52262 0
    outer loop
      vertex -79.8966 -35.5282 35.6
      vertex -79.6834 -35.1804 38
      vertex -79.6834 -35.1804 35.6
    endloop
  endfacet
  facet normal -0.852566 0.52262 0
    outer loop
      vertex -79.6834 -35.1804 38
      vertex -79.8966 -35.5282 35.6
      vertex -79.8966 -35.5282 38
    endloop
  endfacet
  facet normal -0.649276 -0.760553 0
    outer loop
      vertex -80.4718 -31.8966 35.6
      vertex -80.1615 -32.1615 38
      vertex -80.4718 -31.8966 38
    endloop
  endfacet
  facet normal -0.649276 -0.760553 -0
    outer loop
      vertex -80.1615 -32.1615 38
      vertex -80.4718 -31.8966 35.6
      vertex -80.1615 -32.1615 35.6
    endloop
  endfacet
  facet normal -0.649276 0.760553 0
    outer loop
      vertex -80.1615 -35.8385 35.6
      vertex -80.4718 -36.1034 38
      vertex -80.1615 -35.8385 38
    endloop
  endfacet
  facet normal -0.649276 0.760553 0
    outer loop
      vertex -80.4718 -36.1034 38
      vertex -80.1615 -35.8385 35.6
      vertex -80.4718 -36.1034 35.6
    endloop
  endfacet
  facet normal 0.52262 0.852566 -0
    outer loop
      vertex -83.1804 -36.3166 35.6
      vertex -83.5282 -36.1034 38
      vertex -83.1804 -36.3166 38
    endloop
  endfacet
  facet normal 0.52262 0.852566 0
    outer loop
      vertex -83.5282 -36.1034 38
      vertex -83.1804 -36.3166 35.6
      vertex -83.5282 -36.1034 35.6
    endloop
  endfacet
  facet normal -0.996919 -0.0784396 0
    outer loop
      vertex -79.4 -34 35.6
      vertex -79.432 -33.5933 38
      vertex -79.432 -33.5933 35.6
    endloop
  endfacet
  facet normal -0.996919 -0.0784396 0
    outer loop
      vertex -79.432 -33.5933 38
      vertex -79.4 -34 35.6
      vertex -79.4 -34 38
    endloop
  endfacet
  facet normal -0.52262 -0.852566 0
    outer loop
      vertex -80.8196 -31.6834 35.6
      vertex -80.4718 -31.8966 38
      vertex -80.8196 -31.6834 38
    endloop
  endfacet
  facet normal -0.52262 -0.852566 -0
    outer loop
      vertex -80.4718 -31.8966 38
      vertex -80.8196 -31.6834 35.6
      vertex -80.4718 -31.8966 35.6
    endloop
  endfacet
  facet normal -0.382561 0.92393 0
    outer loop
      vertex -80.8196 -36.3166 35.6
      vertex -81.1966 -36.4727 38
      vertex -80.8196 -36.3166 38
    endloop
  endfacet
  facet normal -0.382561 0.92393 0
    outer loop
      vertex -81.1966 -36.4727 38
      vertex -80.8196 -36.3166 35.6
      vertex -81.1966 -36.4727 35.6
    endloop
  endfacet
  facet normal -0.760553 0.649276 0
    outer loop
      vertex -80.1615 -35.8385 35.6
      vertex -79.8966 -35.5282 38
      vertex -79.8966 -35.5282 35.6
    endloop
  endfacet
  facet normal -0.760553 0.649276 0
    outer loop
      vertex -79.8966 -35.5282 38
      vertex -80.1615 -35.8385 35.6
      vertex -80.1615 -35.8385 38
    endloop
  endfacet
  facet normal -0.996919 0.0784396 0
    outer loop
      vertex -79.432 -34.4067 35.6
      vertex -79.4 -34 38
      vertex -79.4 -34 35.6
    endloop
  endfacet
  facet normal -0.996919 0.0784396 0
    outer loop
      vertex -79.4 -34 38
      vertex -79.432 -34.4067 35.6
      vertex -79.432 -34.4067 38
    endloop
  endfacet
  facet normal -0.972336 0.233586 0
    outer loop
      vertex -79.5273 -34.8034 35.6
      vertex -79.432 -34.4067 38
      vertex -79.432 -34.4067 35.6
    endloop
  endfacet
  facet normal -0.972336 0.233586 0
    outer loop
      vertex -79.432 -34.4067 38
      vertex -79.5273 -34.8034 35.6
      vertex -79.5273 -34.8034 38
    endloop
  endfacet
  facet normal 0.996919 -0.0784396 0
    outer loop
      vertex -84.6 -34 38
      vertex -84.568 -33.5933 35.6
      vertex -84.568 -33.5933 38
    endloop
  endfacet
  facet normal 0.996919 -0.0784396 0
    outer loop
      vertex -84.568 -33.5933 35.6
      vertex -84.6 -34 38
      vertex -84.6 -34 35.6
    endloop
  endfacet
  facet normal -0.0784396 0.996919 0
    outer loop
      vertex -81.5933 -36.568 35.6
      vertex -82 -36.6 38
      vertex -81.5933 -36.568 38
    endloop
  endfacet
  facet normal -0.0784396 0.996919 0
    outer loop
      vertex -82 -36.6 38
      vertex -81.5933 -36.568 35.6
      vertex -82 -36.6 35.6
    endloop
  endfacet
  facet normal -0.760553 -0.649276 0
    outer loop
      vertex -79.8966 -32.4718 35.6
      vertex -80.1615 -32.1615 38
      vertex -80.1615 -32.1615 35.6
    endloop
  endfacet
  facet normal -0.760553 -0.649276 0
    outer loop
      vertex -80.1615 -32.1615 38
      vertex -79.8966 -32.4718 35.6
      vertex -79.8966 -32.4718 38
    endloop
  endfacet
  facet normal 0.760553 -0.649276 0
    outer loop
      vertex -84.1034 -32.4718 38
      vertex -83.8385 -32.1615 35.6
      vertex -83.8385 -32.1615 38
    endloop
  endfacet
  facet normal 0.760553 -0.649276 0
    outer loop
      vertex -83.8385 -32.1615 35.6
      vertex -84.1034 -32.4718 38
      vertex -84.1034 -32.4718 35.6
    endloop
  endfacet
  facet normal -0.382561 -0.92393 0
    outer loop
      vertex -81.1966 -31.5273 35.6
      vertex -80.8196 -31.6834 38
      vertex -81.1966 -31.5273 38
    endloop
  endfacet
  facet normal -0.382561 -0.92393 -0
    outer loop
      vertex -80.8196 -31.6834 38
      vertex -81.1966 -31.5273 35.6
      vertex -80.8196 -31.6834 35.6
    endloop
  endfacet
  facet normal 0.852566 0.52262 0
    outer loop
      vertex -84.1034 -35.5282 38
      vertex -84.3166 -35.1804 35.6
      vertex -84.3166 -35.1804 38
    endloop
  endfacet
  facet normal 0.852566 0.52262 0
    outer loop
      vertex -84.3166 -35.1804 35.6
      vertex -84.1034 -35.5282 38
      vertex -84.1034 -35.5282 35.6
    endloop
  endfacet
  facet normal 0.972336 -0.233586 0
    outer loop
      vertex -84.568 -33.5933 38
      vertex -84.4727 -33.1966 35.6
      vertex -84.4727 -33.1966 38
    endloop
  endfacet
  facet normal 0.972336 -0.233586 0
    outer loop
      vertex -84.4727 -33.1966 35.6
      vertex -84.568 -33.5933 38
      vertex -84.568 -33.5933 35.6
    endloop
  endfacet
  facet normal -0.852566 -0.52262 0
    outer loop
      vertex -79.6834 -32.8196 35.6
      vertex -79.8966 -32.4718 38
      vertex -79.8966 -32.4718 35.6
    endloop
  endfacet
  facet normal -0.852566 -0.52262 0
    outer loop
      vertex -79.8966 -32.4718 38
      vertex -79.6834 -32.8196 35.6
      vertex -79.6834 -32.8196 38
    endloop
  endfacet
  facet normal 0.649276 -0.760553 0
    outer loop
      vertex -83.8385 -32.1615 35.6
      vertex -83.5282 -31.8966 38
      vertex -83.8385 -32.1615 38
    endloop
  endfacet
  facet normal 0.649276 -0.760553 0
    outer loop
      vertex -83.5282 -31.8966 38
      vertex -83.8385 -32.1615 35.6
      vertex -83.5282 -31.8966 35.6
    endloop
  endfacet
  facet normal -0.233586 -0.972336 0
    outer loop
      vertex -81.5933 -31.432 35.6
      vertex -81.1966 -31.5273 38
      vertex -81.5933 -31.432 38
    endloop
  endfacet
  facet normal -0.233586 -0.972336 -0
    outer loop
      vertex -81.1966 -31.5273 38
      vertex -81.5933 -31.432 35.6
      vertex -81.1966 -31.5273 35.6
    endloop
  endfacet
  facet normal 0.852566 -0.52262 0
    outer loop
      vertex -84.3166 -32.8196 38
      vertex -84.1034 -32.4718 35.6
      vertex -84.1034 -32.4718 38
    endloop
  endfacet
  facet normal 0.852566 -0.52262 0
    outer loop
      vertex -84.1034 -32.4718 35.6
      vertex -84.3166 -32.8196 38
      vertex -84.3166 -32.8196 35.6
    endloop
  endfacet
  facet normal -0.92393 0.382561 0
    outer loop
      vertex -79.6834 -35.1804 35.6
      vertex -79.5273 -34.8034 38
      vertex -79.5273 -34.8034 35.6
    endloop
  endfacet
  facet normal -0.92393 0.382561 0
    outer loop
      vertex -79.5273 -34.8034 38
      vertex -79.6834 -35.1804 35.6
      vertex -79.6834 -35.1804 38
    endloop
  endfacet
  facet normal -0.233586 0.972336 0
    outer loop
      vertex -81.1966 -36.4727 35.6
      vertex -81.5933 -36.568 38
      vertex -81.1966 -36.4727 38
    endloop
  endfacet
  facet normal -0.233586 0.972336 0
    outer loop
      vertex -81.5933 -36.568 38
      vertex -81.1966 -36.4727 35.6
      vertex -81.5933 -36.568 35.6
    endloop
  endfacet
  facet normal 0.382561 -0.92393 0
    outer loop
      vertex -83.1804 -31.6834 35.6
      vertex -82.8034 -31.5273 38
      vertex -83.1804 -31.6834 38
    endloop
  endfacet
  facet normal 0.382561 -0.92393 0
    outer loop
      vertex -82.8034 -31.5273 38
      vertex -83.1804 -31.6834 35.6
      vertex -82.8034 -31.5273 35.6
    endloop
  endfacet
  facet normal -0.92393 -0.382561 0
    outer loop
      vertex -79.5273 -33.1966 35.6
      vertex -79.6834 -32.8196 38
      vertex -79.6834 -32.8196 35.6
    endloop
  endfacet
  facet normal -0.92393 -0.382561 0
    outer loop
      vertex -79.6834 -32.8196 38
      vertex -79.5273 -33.1966 35.6
      vertex -79.5273 -33.1966 38
    endloop
  endfacet
  facet normal 0.760553 0.649276 0
    outer loop
      vertex -83.8385 -35.8385 38
      vertex -84.1034 -35.5282 35.6
      vertex -84.1034 -35.5282 38
    endloop
  endfacet
  facet normal 0.760553 0.649276 0
    outer loop
      vertex -84.1034 -35.5282 35.6
      vertex -83.8385 -35.8385 38
      vertex -83.8385 -35.8385 35.6
    endloop
  endfacet
  facet normal 0.382561 0.92393 -0
    outer loop
      vertex -82.8034 -36.4727 35.6
      vertex -83.1804 -36.3166 38
      vertex -82.8034 -36.4727 38
    endloop
  endfacet
  facet normal 0.382561 0.92393 0
    outer loop
      vertex -83.1804 -36.3166 38
      vertex -82.8034 -36.4727 35.6
      vertex -83.1804 -36.3166 35.6
    endloop
  endfacet
  facet normal 0.92393 -0.382561 0
    outer loop
      vertex -84.4727 -33.1966 38
      vertex -84.3166 -32.8196 35.6
      vertex -84.3166 -32.8196 38
    endloop
  endfacet
  facet normal 0.92393 -0.382561 0
    outer loop
      vertex -84.3166 -32.8196 35.6
      vertex -84.4727 -33.1966 38
      vertex -84.4727 -33.1966 35.6
    endloop
  endfacet
  facet normal 0.0784396 0.996919 -0
    outer loop
      vertex -82 -36.6 35.6
      vertex -82.4067 -36.568 38
      vertex -82 -36.6 38
    endloop
  endfacet
  facet normal 0.0784396 0.996919 0
    outer loop
      vertex -82.4067 -36.568 38
      vertex -82 -36.6 35.6
      vertex -82.4067 -36.568 35.6
    endloop
  endfacet
  facet normal 0 0 1
    outer loop
      vertex -80.6 -34 35.6
      vertex -79.4 -34 35.6
      vertex -79.432 -33.5933 35.6
    endloop
  endfacet
  facet normal 0 0 1
    outer loop
      vertex -80.6172 -33.781 35.6
      vertex -79.432 -33.5933 35.6
      vertex -79.5273 -33.1966 35.6
    endloop
  endfacet
  facet normal 0 0 1
    outer loop
      vertex -79.4 -34 35.6
      vertex -80.6 -34 35.6
      vertex -79.432 -34.4067 35.6
    endloop
  endfacet
  facet normal 0 0 1
    outer loop
      vertex -80.6685 -33.5674 35.6
      vertex -79.5273 -33.1966 35.6
      vertex -79.6834 -32.8196 35.6
    endloop
  endfacet
  facet normal -0 0 1
    outer loop
      vertex -80.6172 -34.219 35.6
      vertex -79.432 -34.4067 35.6
      vertex -80.6 -34 35.6
    endloop
  endfacet
  facet normal 0 0 1
    outer loop
      vertex -80.7526 -33.3644 35.6
      vertex -79.6834 -32.8196 35.6
      vertex -79.8966 -32.4718 35.6
    endloop
  endfacet
  facet normal 0 0 1
    outer loop
      vertex -79.432 -34.4067 35.6
      vertex -80.6172 -34.219 35.6
      vertex -79.5273 -34.8034 35.6
    endloop
  endfacet
  facet normal 0 0 1
    outer loop
      vertex -80.8674 -33.1771 35.6
      vertex -79.8966 -32.4718 35.6
      vertex -80.1615 -32.1615 35.6
    endloop
  endfacet
  facet normal -0 0 1
    outer loop
      vertex -80.6685 -34.4326 35.6
      vertex -79.5273 -34.8034 35.6
      vertex -80.6172 -34.219 35.6
    endloop
  endfacet
  facet normal 0 0 1
    outer loop
      vertex -81.01 -33.01 35.6
      vertex -80.1615 -32.1615 35.6
      vertex -80.4718 -31.8966 35.6
    endloop
  endfacet
  facet normal 0 0 1
    outer loop
      vertex -79.5273 -34.8034 35.6
      vertex -80.6685 -34.4326 35.6
      vertex -79.6834 -35.1804 35.6
    endloop
  endfacet
  facet normal -0 0 1
    outer loop
      vertex -80.7526 -34.6356 35.6
      vertex -79.6834 -35.1804 35.6
      vertex -80.6685 -34.4326 35.6
    endloop
  endfacet
  facet normal 0 0 1
    outer loop
      vertex -79.432 -33.5933 35.6
      vertex -80.6172 -33.781 35.6
      vertex -80.6 -34 35.6
    endloop
  endfacet
  facet normal 0 0 1
    outer loop
      vertex -79.5273 -33.1966 35.6
      vertex -80.6685 -33.5674 35.6
      vertex -80.6172 -33.781 35.6
    endloop
  endfacet
  facet normal 0 0 1
    outer loop
      vertex -79.6834 -32.8196 35.6
      vertex -80.7526 -33.3644 35.6
      vertex -80.6685 -33.5674 35.6
    endloop
  endfacet
  facet normal 0 0 1
    outer loop
      vertex -81.1771 -32.8674 35.6
      vertex -80.4718 -31.8966 35.6
      vertex -80.8196 -31.6834 35.6
    endloop
  endfacet
  facet normal 0 0 1
    outer loop
      vertex -79.8966 -32.4718 35.6
      vertex -80.8674 -33.1771 35.6
      vertex -80.7526 -33.3644 35.6
    endloop
  endfacet
  facet normal 0 0 1
    outer loop
      vertex -80.1615 -32.1615 35.6
      vertex -81.01 -33.01 35.6
      vertex -80.8674 -33.1771 35.6
    endloop
  endfacet
  facet normal 0 0 1
    outer loop
      vertex -80.4718 -31.8966 35.6
      vertex -81.1771 -32.8674 35.6
      vertex -81.01 -33.01 35.6
    endloop
  endfacet
  facet normal 0 0 1
    outer loop
      vertex -81.3644 -32.7526 35.6
      vertex -80.8196 -31.6834 35.6
      vertex -81.1966 -31.5273 35.6
    endloop
  endfacet
  facet normal 0 0 1
    outer loop
      vertex -80.8196 -31.6834 35.6
      vertex -81.3644 -32.7526 35.6
      vertex -81.1771 -32.8674 35.6
    endloop
  endfacet
  facet normal 0 0 1
    outer loop
      vertex -81.1966 -31.5273 35.6
      vertex -81.5674 -32.6685 35.6
      vertex -81.3644 -32.7526 35.6
    endloop
  endfacet
  facet normal 0 0 1
    outer loop
      vertex -81.5933 -31.432 35.6
      vertex -81.5674 -32.6685 35.6
      vertex -81.1966 -31.5273 35.6
    endloop
  endfacet
  facet normal 0 0 1
    outer loop
      vertex -81.5933 -31.432 35.6
      vertex -81.781 -32.6172 35.6
      vertex -81.5674 -32.6685 35.6
    endloop
  endfacet
  facet normal 0 0 1
    outer loop
      vertex -82 -31.4 35.6
      vertex -81.781 -32.6172 35.6
      vertex -81.5933 -31.432 35.6
    endloop
  endfacet
  facet normal 0 0 1
    outer loop
      vertex -82 -31.4 35.6
      vertex -82 -32.6 35.6
      vertex -81.781 -32.6172 35.6
    endloop
  endfacet
  facet normal 0 0 1
    outer loop
      vertex -82 -31.4 35.6
      vertex -82.219 -32.6172 35.6
      vertex -82 -32.6 35.6
    endloop
  endfacet
  facet normal -0 0 1
    outer loop
      vertex -82.4067 -31.432 35.6
      vertex -82.219 -32.6172 35.6
      vertex -82 -31.4 35.6
    endloop
  endfacet
  facet normal 0 0 1
    outer loop
      vertex -82.4067 -31.432 35.6
      vertex -82.4326 -32.6685 35.6
      vertex -82.219 -32.6172 35.6
    endloop
  endfacet
  facet normal -0 0 1
    outer loop
      vertex -82.8034 -31.5273 35.6
      vertex -82.4326 -32.6685 35.6
      vertex -82.4067 -31.432 35.6
    endloop
  endfacet
  facet normal 0 0 1
    outer loop
      vertex -82.4326 -32.6685 35.6
      vertex -82.8034 -31.5273 35.6
      vertex -82.6356 -32.7526 35.6
    endloop
  endfacet
  facet normal -0 0 1
    outer loop
      vertex -83.1804 -31.6834 35.6
      vertex -82.6356 -32.7526 35.6
      vertex -82.8034 -31.5273 35.6
    endloop
  endfacet
  facet normal 0 0 1
    outer loop
      vertex -82.6356 -32.7526 35.6
      vertex -83.1804 -31.6834 35.6
      vertex -82.8229 -32.8674 35.6
    endloop
  endfacet
  facet normal -0 0 1
    outer loop
      vertex -83.5282 -31.8966 35.6
      vertex -82.8229 -32.8674 35.6
      vertex -83.1804 -31.6834 35.6
    endloop
  endfacet
  facet normal 0 0 1
    outer loop
      vertex -82.8229 -32.8674 35.6
      vertex -83.5282 -31.8966 35.6
      vertex -82.99 -33.01 35.6
    endloop
  endfacet
  facet normal -0 0 1
    outer loop
      vertex -83.8385 -32.1615 35.6
      vertex -82.99 -33.01 35.6
      vertex -83.5282 -31.8966 35.6
    endloop
  endfacet
  facet normal 0 0 1
    outer loop
      vertex -82.99 -33.01 35.6
      vertex -83.8385 -32.1615 35.6
      vertex -83.1326 -33.1771 35.6
    endloop
  endfacet
  facet normal -0 0 1
    outer loop
      vertex -84.1034 -32.4718 35.6
      vertex -83.1326 -33.1771 35.6
      vertex -83.8385 -32.1615 35.6
    endloop
  endfacet
  facet normal -0 0 1
    outer loop
      vertex -84.3166 -32.8196 35.6
      vertex -83.2474 -33.3644 35.6
      vertex -84.1034 -32.4718 35.6
    endloop
  endfacet
  facet normal 0 0 1
    outer loop
      vertex -83.1326 -33.1771 35.6
      vertex -84.1034 -32.4718 35.6
      vertex -83.2474 -33.3644 35.6
    endloop
  endfacet
  facet normal 0 0 1
    outer loop
      vertex -79.6834 -35.1804 35.6
      vertex -80.7526 -34.6356 35.6
      vertex -79.8966 -35.5282 35.6
    endloop
  endfacet
  facet normal -0 0 1
    outer loop
      vertex -80.8674 -34.8229 35.6
      vertex -79.8966 -35.5282 35.6
      vertex -80.7526 -34.6356 35.6
    endloop
  endfacet
  facet normal 0 0 1
    outer loop
      vertex -79.8966 -35.5282 35.6
      vertex -80.8674 -34.8229 35.6
      vertex -80.1615 -35.8385 35.6
    endloop
  endfacet
  facet normal -0 0 1
    outer loop
      vertex -81.01 -34.9899 35.6
      vertex -80.1615 -35.8385 35.6
      vertex -80.8674 -34.8229 35.6
    endloop
  endfacet
  facet normal 0 0 1
    outer loop
      vertex -80.1615 -35.8385 35.6
      vertex -81.01 -34.9899 35.6
      vertex -80.4718 -36.1034 35.6
    endloop
  endfacet
  facet normal -0 0 1
    outer loop
      vertex -81.1771 -35.1326 35.6
      vertex -80.4718 -36.1034 35.6
      vertex -81.01 -34.9899 35.6
    endloop
  endfacet
  facet normal 0 0 1
    outer loop
      vertex -80.4718 -36.1034 35.6
      vertex -81.1771 -35.1326 35.6
      vertex -80.8196 -36.3166 35.6
    endloop
  endfacet
  facet normal -0 0 1
    outer loop
      vertex -81.3644 -35.2474 35.6
      vertex -80.8196 -36.3166 35.6
      vertex -81.1771 -35.1326 35.6
    endloop
  endfacet
  facet normal 0 0 1
    outer loop
      vertex -80.8196 -36.3166 35.6
      vertex -81.3644 -35.2474 35.6
      vertex -81.1966 -36.4727 35.6
    endloop
  endfacet
  facet normal -0 0 1
    outer loop
      vertex -81.5674 -35.3315 35.6
      vertex -81.1966 -36.4727 35.6
      vertex -81.3644 -35.2474 35.6
    endloop
  endfacet
  facet normal 0 0 1
    outer loop
      vertex -81.5674 -35.3315 35.6
      vertex -81.5933 -36.568 35.6
      vertex -81.1966 -36.4727 35.6
    endloop
  endfacet
  facet normal -0 0 1
    outer loop
      vertex -81.781 -35.3828 35.6
      vertex -81.5933 -36.568 35.6
      vertex -81.5674 -35.3315 35.6
    endloop
  endfacet
  facet normal -0 0 1
    outer loop
      vertex -82 -35.4 35.6
      vertex -81.5933 -36.568 35.6
      vertex -81.781 -35.3828 35.6
    endloop
  endfacet
  facet normal 0 0 1
    outer loop
      vertex -82 -35.4 35.6
      vertex -82 -36.6 35.6
      vertex -81.5933 -36.568 35.6
    endloop
  endfacet
  facet normal 0 0 1
    outer loop
      vertex -82.219 -35.3828 35.6
      vertex -82 -36.6 35.6
      vertex -82 -35.4 35.6
    endloop
  endfacet
  facet normal 0 0 1
    outer loop
      vertex -82.219 -35.3828 35.6
      vertex -82.4067 -36.568 35.6
      vertex -82 -36.6 35.6
    endloop
  endfacet
  facet normal 0 0 1
    outer loop
      vertex -82.4326 -35.3315 35.6
      vertex -82.4067 -36.568 35.6
      vertex -82.219 -35.3828 35.6
    endloop
  endfacet
  facet normal 0 0 1
    outer loop
      vertex -82.8034 -36.4727 35.6
      vertex -82.4326 -35.3315 35.6
      vertex -82.6356 -35.2474 35.6
    endloop
  endfacet
  facet normal 0 0 1
    outer loop
      vertex -82.4326 -35.3315 35.6
      vertex -82.8034 -36.4727 35.6
      vertex -82.4067 -36.568 35.6
    endloop
  endfacet
  facet normal 0 0 1
    outer loop
      vertex -83.1804 -36.3166 35.6
      vertex -82.6356 -35.2474 35.6
      vertex -82.8229 -35.1326 35.6
    endloop
  endfacet
  facet normal 0 0 1
    outer loop
      vertex -83.5282 -36.1034 35.6
      vertex -82.8229 -35.1326 35.6
      vertex -82.99 -34.9899 35.6
    endloop
  endfacet
  facet normal 0 0 1
    outer loop
      vertex -83.8385 -35.8385 35.6
      vertex -82.99 -34.9899 35.6
      vertex -83.1326 -34.8229 35.6
    endloop
  endfacet
  facet normal 0 0 1
    outer loop
      vertex -82.6356 -35.2474 35.6
      vertex -83.1804 -36.3166 35.6
      vertex -82.8034 -36.4727 35.6
    endloop
  endfacet
  facet normal 0 0 1
    outer loop
      vertex -84.1034 -35.5282 35.6
      vertex -83.1326 -34.8229 35.6
      vertex -83.2474 -34.6356 35.6
    endloop
  endfacet
  facet normal 0 0 1
    outer loop
      vertex -84.3166 -35.1804 35.6
      vertex -83.2474 -34.6356 35.6
      vertex -83.3315 -34.4326 35.6
    endloop
  endfacet
  facet normal 0 0 1
    outer loop
      vertex -84.4727 -34.8034 35.6
      vertex -83.3315 -34.4326 35.6
      vertex -83.3828 -34.219 35.6
    endloop
  endfacet
  facet normal 0 0 1
    outer loop
      vertex -82.8229 -35.1326 35.6
      vertex -83.5282 -36.1034 35.6
      vertex -83.1804 -36.3166 35.6
    endloop
  endfacet
  facet normal 0 0 1
    outer loop
      vertex -84.568 -34.4067 35.6
      vertex -83.3828 -34.219 35.6
      vertex -83.4 -34 35.6
    endloop
  endfacet
  facet normal 0 0 1
    outer loop
      vertex -83.2474 -33.3644 35.6
      vertex -84.3166 -32.8196 35.6
      vertex -83.3315 -33.5674 35.6
    endloop
  endfacet
  facet normal -0 0 1
    outer loop
      vertex -84.4727 -33.1966 35.6
      vertex -83.3315 -33.5674 35.6
      vertex -84.3166 -32.8196 35.6
    endloop
  endfacet
  facet normal 0 0 1
    outer loop
      vertex -82.99 -34.9899 35.6
      vertex -83.8385 -35.8385 35.6
      vertex -83.5282 -36.1034 35.6
    endloop
  endfacet
  facet normal 0 0 1
    outer loop
      vertex -83.3315 -33.5674 35.6
      vertex -84.4727 -33.1966 35.6
      vertex -83.3828 -33.781 35.6
    endloop
  endfacet
  facet normal 0 0 1
    outer loop
      vertex -83.1326 -34.8229 35.6
      vertex -84.1034 -35.5282 35.6
      vertex -83.8385 -35.8385 35.6
    endloop
  endfacet
  facet normal -0 0 1
    outer loop
      vertex -84.568 -33.5933 35.6
      vertex -83.3828 -33.781 35.6
      vertex -84.4727 -33.1966 35.6
    endloop
  endfacet
  facet normal 0 0 1
    outer loop
      vertex -83.2474 -34.6356 35.6
      vertex -84.3166 -35.1804 35.6
      vertex -84.1034 -35.5282 35.6
    endloop
  endfacet
  facet normal 0 0 1
    outer loop
      vertex -83.3828 -33.781 35.6
      vertex -84.568 -33.5933 35.6
      vertex -83.4 -34 35.6
    endloop
  endfacet
  facet normal 0 0 1
    outer loop
      vertex -83.3315 -34.4326 35.6
      vertex -84.4727 -34.8034 35.6
      vertex -84.3166 -35.1804 35.6
    endloop
  endfacet
  facet normal 0 0 1
    outer loop
      vertex -84.6 -34 35.6
      vertex -83.4 -34 35.6
      vertex -84.568 -33.5933 35.6
    endloop
  endfacet
  facet normal 0 0 1
    outer loop
      vertex -83.3828 -34.219 35.6
      vertex -84.568 -34.4067 35.6
      vertex -84.4727 -34.8034 35.6
    endloop
  endfacet
  facet normal 0 0 1
    outer loop
      vertex -83.4 -34 35.6
      vertex -84.6 -34 35.6
      vertex -84.568 -34.4067 35.6
    endloop
  endfacet
  facet normal -0.0784396 -0.996919 0
    outer loop
      vertex -82 -31.4 35.6
      vertex -81.5933 -31.432 38
      vertex -82 -31.4 38
    endloop
  endfacet
  facet normal -0.0784396 -0.996919 -0
    outer loop
      vertex -81.5933 -31.432 38
      vertex -82 -31.4 35.6
      vertex -81.5933 -31.432 35.6
    endloop
  endfacet
  facet normal 0.92393 0.382561 0
    outer loop
      vertex -84.3166 -35.1804 38
      vertex -84.4727 -34.8034 35.6
      vertex -84.4727 -34.8034 38
    endloop
  endfacet
  facet normal 0.92393 0.382561 0
    outer loop
      vertex -84.4727 -34.8034 35.6
      vertex -84.3166 -35.1804 38
      vertex -84.3166 -35.1804 35.6
    endloop
  endfacet
  facet normal 0.649276 0.760553 -0
    outer loop
      vertex -83.5282 -36.1034 -4
      vertex -83.8385 -35.8385 -1.6
      vertex -83.5282 -36.1034 -1.6
    endloop
  endfacet
  facet normal 0.649276 0.760553 0
    outer loop
      vertex -83.8385 -35.8385 -1.6
      vertex -83.5282 -36.1034 -4
      vertex -83.8385 -35.8385 -4
    endloop
  endfacet
  facet normal -0.92393 -0.382561 0
    outer loop
      vertex -79.5273 -33.1966 -4
      vertex -79.6834 -32.8196 -1.6
      vertex -79.6834 -32.8196 -4
    endloop
  endfacet
  facet normal -0.92393 -0.382561 0
    outer loop
      vertex -79.6834 -32.8196 -1.6
      vertex -79.5273 -33.1966 -4
      vertex -79.5273 -33.1966 -1.6
    endloop
  endfacet
  facet normal -0.972336 -0.233586 0
    outer loop
      vertex -79.432 -33.5933 -4
      vertex -79.5273 -33.1966 -1.6
      vertex -79.5273 -33.1966 -4
    endloop
  endfacet
  facet normal -0.972336 -0.233586 0
    outer loop
      vertex -79.5273 -33.1966 -1.6
      vertex -79.432 -33.5933 -4
      vertex -79.432 -33.5933 -1.6
    endloop
  endfacet
  facet normal 0.972336 0.233586 0
    outer loop
      vertex -84.4727 -34.8034 -1.6
      vertex -84.568 -34.4067 -4
      vertex -84.568 -34.4067 -1.6
    endloop
  endfacet
  facet normal 0.972336 0.233586 0
    outer loop
      vertex -84.568 -34.4067 -4
      vertex -84.4727 -34.8034 -1.6
      vertex -84.4727 -34.8034 -4
    endloop
  endfacet
  facet normal 0.233586 0.972336 -0
    outer loop
      vertex -82.4067 -36.568 -4
      vertex -82.8034 -36.4727 -1.6
      vertex -82.4067 -36.568 -1.6
    endloop
  endfacet
  facet normal 0.233586 0.972336 0
    outer loop
      vertex -82.8034 -36.4727 -1.6
      vertex -82.4067 -36.568 -4
      vertex -82.8034 -36.4727 -4
    endloop
  endfacet
  facet normal 0 0 -1
    outer loop
      vertex -80.6 -34 -1.6
      vertex -79.4 -34 -1.6
      vertex -79.432 -34.4067 -1.6
    endloop
  endfacet
  facet normal 0 0 -1
    outer loop
      vertex -80.6172 -34.219 -1.6
      vertex -79.432 -34.4067 -1.6
      vertex -79.5273 -34.8034 -1.6
    endloop
  endfacet
  facet normal 0 0 -1
    outer loop
      vertex -79.4 -34 -1.6
      vertex -80.6 -34 -1.6
      vertex -79.432 -33.5933 -1.6
    endloop
  endfacet
  facet normal 0 0 -1
    outer loop
      vertex -80.6685 -34.4326 -1.6
      vertex -79.5273 -34.8034 -1.6
      vertex -79.6834 -35.1804 -1.6
    endloop
  endfacet
  facet normal 0 0 -1
    outer loop
      vertex -80.6172 -33.781 -1.6
      vertex -79.432 -33.5933 -1.6
      vertex -80.6 -34 -1.6
    endloop
  endfacet
  facet normal 0 0 -1
    outer loop
      vertex -80.7526 -34.6356 -1.6
      vertex -79.6834 -35.1804 -1.6
      vertex -79.8966 -35.5282 -1.6
    endloop
  endfacet
  facet normal -0 0 -1
    outer loop
      vertex -79.432 -33.5933 -1.6
      vertex -80.6172 -33.781 -1.6
      vertex -79.5273 -33.1966 -1.6
    endloop
  endfacet
  facet normal 0 0 -1
    outer loop
      vertex -80.8674 -34.8229 -1.6
      vertex -79.8966 -35.5282 -1.6
      vertex -80.1615 -35.8385 -1.6
    endloop
  endfacet
  facet normal 0 0 -1
    outer loop
      vertex -80.6685 -33.5674 -1.6
      vertex -79.5273 -33.1966 -1.6
      vertex -80.6172 -33.781 -1.6
    endloop
  endfacet
  facet normal 0 0 -1
    outer loop
      vertex -81.01 -34.9899 -1.6
      vertex -80.1615 -35.8385 -1.6
      vertex -80.4718 -36.1034 -1.6
    endloop
  endfacet
  facet normal -0 0 -1
    outer loop
      vertex -79.5273 -33.1966 -1.6
      vertex -80.6685 -33.5674 -1.6
      vertex -79.6834 -32.8196 -1.6
    endloop
  endfacet
  facet normal 0 0 -1
    outer loop
      vertex -80.7526 -33.3644 -1.6
      vertex -79.6834 -32.8196 -1.6
      vertex -80.6685 -33.5674 -1.6
    endloop
  endfacet
  facet normal 0 0 -1
    outer loop
      vertex -79.432 -34.4067 -1.6
      vertex -80.6172 -34.219 -1.6
      vertex -80.6 -34 -1.6
    endloop
  endfacet
  facet normal 0 0 -1
    outer loop
      vertex -79.5273 -34.8034 -1.6
      vertex -80.6685 -34.4326 -1.6
      vertex -80.6172 -34.219 -1.6
    endloop
  endfacet
  facet normal 0 0 -1
    outer loop
      vertex -79.6834 -35.1804 -1.6
      vertex -80.7526 -34.6356 -1.6
      vertex -80.6685 -34.4326 -1.6
    endloop
  endfacet
  facet normal 0 0 -1
    outer loop
      vertex -81.1771 -35.1326 -1.6
      vertex -80.4718 -36.1034 -1.6
      vertex -80.8196 -36.3166 -1.6
    endloop
  endfacet
  facet normal 0 0 -1
    outer loop
      vertex -79.8966 -35.5282 -1.6
      vertex -80.8674 -34.8229 -1.6
      vertex -80.7526 -34.6356 -1.6
    endloop
  endfacet
  facet normal 0 0 -1
    outer loop
      vertex -80.1615 -35.8385 -1.6
      vertex -81.01 -34.9899 -1.6
      vertex -80.8674 -34.8229 -1.6
    endloop
  endfacet
  facet normal 0 0 -1
    outer loop
      vertex -80.4718 -36.1034 -1.6
      vertex -81.1771 -35.1326 -1.6
      vertex -81.01 -34.9899 -1.6
    endloop
  endfacet
  facet normal 0 0 -1
    outer loop
      vertex -81.3644 -35.2474 -1.6
      vertex -80.8196 -36.3166 -1.6
      vertex -81.1966 -36.4727 -1.6
    endloop
  endfacet
  facet normal 0 0 -1
    outer loop
      vertex -80.8196 -36.3166 -1.6
      vertex -81.3644 -35.2474 -1.6
      vertex -81.1771 -35.1326 -1.6
    endloop
  endfacet
  facet normal 0 0 -1
    outer loop
      vertex -81.1966 -36.4727 -1.6
      vertex -81.5674 -35.3315 -1.6
      vertex -81.3644 -35.2474 -1.6
    endloop
  endfacet
  facet normal 0 0 -1
    outer loop
      vertex -81.5933 -36.568 -1.6
      vertex -81.5674 -35.3315 -1.6
      vertex -81.1966 -36.4727 -1.6
    endloop
  endfacet
  facet normal 0 0 -1
    outer loop
      vertex -81.5933 -36.568 -1.6
      vertex -81.781 -35.3828 -1.6
      vertex -81.5674 -35.3315 -1.6
    endloop
  endfacet
  facet normal 0 0 -1
    outer loop
      vertex -82 -36.6 -1.6
      vertex -81.781 -35.3828 -1.6
      vertex -81.5933 -36.568 -1.6
    endloop
  endfacet
  facet normal 0 0 -1
    outer loop
      vertex -82 -36.6 -1.6
      vertex -82 -35.4 -1.6
      vertex -81.781 -35.3828 -1.6
    endloop
  endfacet
  facet normal 0 0 -1
    outer loop
      vertex -82 -36.6 -1.6
      vertex -82.219 -35.3828 -1.6
      vertex -82 -35.4 -1.6
    endloop
  endfacet
  facet normal 0 0 -1
    outer loop
      vertex -82.4067 -36.568 -1.6
      vertex -82.219 -35.3828 -1.6
      vertex -82 -36.6 -1.6
    endloop
  endfacet
  facet normal 0 0 -1
    outer loop
      vertex -82.4067 -36.568 -1.6
      vertex -82.4326 -35.3315 -1.6
      vertex -82.219 -35.3828 -1.6
    endloop
  endfacet
  facet normal 0 0 -1
    outer loop
      vertex -82.8034 -36.4727 -1.6
      vertex -82.4326 -35.3315 -1.6
      vertex -82.4067 -36.568 -1.6
    endloop
  endfacet
  facet normal -0 0 -1
    outer loop
      vertex -82.4326 -35.3315 -1.6
      vertex -82.8034 -36.4727 -1.6
      vertex -82.6356 -35.2474 -1.6
    endloop
  endfacet
  facet normal 0 0 -1
    outer loop
      vertex -83.1804 -36.3166 -1.6
      vertex -82.6356 -35.2474 -1.6
      vertex -82.8034 -36.4727 -1.6
    endloop
  endfacet
  facet normal -0 0 -1
    outer loop
      vertex -82.6356 -35.2474 -1.6
      vertex -83.1804 -36.3166 -1.6
      vertex -82.8229 -35.1326 -1.6
    endloop
  endfacet
  facet normal 0 0 -1
    outer loop
      vertex -83.5282 -36.1034 -1.6
      vertex -82.8229 -35.1326 -1.6
      vertex -83.1804 -36.3166 -1.6
    endloop
  endfacet
  facet normal -0 0 -1
    outer loop
      vertex -82.8229 -35.1326 -1.6
      vertex -83.5282 -36.1034 -1.6
      vertex -82.99 -34.9899 -1.6
    endloop
  endfacet
  facet normal 0 0 -1
    outer loop
      vertex -83.8385 -35.8385 -1.6
      vertex -82.99 -34.9899 -1.6
      vertex -83.5282 -36.1034 -1.6
    endloop
  endfacet
  facet normal -0 0 -1
    outer loop
      vertex -82.99 -34.9899 -1.6
      vertex -83.8385 -35.8385 -1.6
      vertex -83.1326 -34.8229 -1.6
    endloop
  endfacet
  facet normal 0 0 -1
    outer loop
      vertex -84.1034 -35.5282 -1.6
      vertex -83.1326 -34.8229 -1.6
      vertex -83.8385 -35.8385 -1.6
    endloop
  endfacet
  facet normal 0 0 -1
    outer loop
      vertex -84.3166 -35.1804 -1.6
      vertex -83.2474 -34.6356 -1.6
      vertex -84.1034 -35.5282 -1.6
    endloop
  endfacet
  facet normal -0 0 -1
    outer loop
      vertex -83.1326 -34.8229 -1.6
      vertex -84.1034 -35.5282 -1.6
      vertex -83.2474 -34.6356 -1.6
    endloop
  endfacet
  facet normal -0 0 -1
    outer loop
      vertex -79.6834 -32.8196 -1.6
      vertex -80.7526 -33.3644 -1.6
      vertex -79.8966 -32.4718 -1.6
    endloop
  endfacet
  facet normal 0 0 -1
    outer loop
      vertex -80.8674 -33.1771 -1.6
      vertex -79.8966 -32.4718 -1.6
      vertex -80.7526 -33.3644 -1.6
    endloop
  endfacet
  facet normal -0 0 -1
    outer loop
      vertex -79.8966 -32.4718 -1.6
      vertex -80.8674 -33.1771 -1.6
      vertex -80.1615 -32.1615 -1.6
    endloop
  endfacet
  facet normal 0 0 -1
    outer loop
      vertex -81.01 -33.01 -1.6
      vertex -80.1615 -32.1615 -1.6
      vertex -80.8674 -33.1771 -1.6
    endloop
  endfacet
  facet normal -0 0 -1
    outer loop
      vertex -80.1615 -32.1615 -1.6
      vertex -81.01 -33.01 -1.6
      vertex -80.4718 -31.8966 -1.6
    endloop
  endfacet
  facet normal 0 0 -1
    outer loop
      vertex -81.1771 -32.8674 -1.6
      vertex -80.4718 -31.8966 -1.6
      vertex -81.01 -33.01 -1.6
    endloop
  endfacet
  facet normal -0 0 -1
    outer loop
      vertex -80.4718 -31.8966 -1.6
      vertex -81.1771 -32.8674 -1.6
      vertex -80.8196 -31.6834 -1.6
    endloop
  endfacet
  facet normal 0 0 -1
    outer loop
      vertex -81.3644 -32.7526 -1.6
      vertex -80.8196 -31.6834 -1.6
      vertex -81.1771 -32.8674 -1.6
    endloop
  endfacet
  facet normal -0 0 -1
    outer loop
      vertex -80.8196 -31.6834 -1.6
      vertex -81.3644 -32.7526 -1.6
      vertex -81.1966 -31.5273 -1.6
    endloop
  endfacet
  facet normal 0 0 -1
    outer loop
      vertex -81.5674 -32.6685 -1.6
      vertex -81.1966 -31.5273 -1.6
      vertex -81.3644 -32.7526 -1.6
    endloop
  endfacet
  facet normal 0 0 -1
    outer loop
      vertex -81.5674 -32.6685 -1.6
      vertex -81.5933 -31.432 -1.6
      vertex -81.1966 -31.5273 -1.6
    endloop
  endfacet
  facet normal 0 0 -1
    outer loop
      vertex -81.781 -32.6172 -1.6
      vertex -81.5933 -31.432 -1.6
      vertex -81.5674 -32.6685 -1.6
    endloop
  endfacet
  facet normal 0 0 -1
    outer loop
      vertex -82 -32.6 -1.6
      vertex -81.5933 -31.432 -1.6
      vertex -81.781 -32.6172 -1.6
    endloop
  endfacet
  facet normal 0 0 -1
    outer loop
      vertex -82 -32.6 -1.6
      vertex -82 -31.4 -1.6
      vertex -81.5933 -31.432 -1.6
    endloop
  endfacet
  facet normal 0 0 -1
    outer loop
      vertex -82.219 -32.6172 -1.6
      vertex -82 -31.4 -1.6
      vertex -82 -32.6 -1.6
    endloop
  endfacet
  facet normal 0 0 -1
    outer loop
      vertex -82.219 -32.6172 -1.6
      vertex -82.4067 -31.432 -1.6
      vertex -82 -31.4 -1.6
    endloop
  endfacet
  facet normal 0 0 -1
    outer loop
      vertex -82.4326 -32.6685 -1.6
      vertex -82.4067 -31.432 -1.6
      vertex -82.219 -32.6172 -1.6
    endloop
  endfacet
  facet normal 0 0 -1
    outer loop
      vertex -82.8034 -31.5273 -1.6
      vertex -82.4326 -32.6685 -1.6
      vertex -82.6356 -32.7526 -1.6
    endloop
  endfacet
  facet normal 0 0 -1
    outer loop
      vertex -82.4326 -32.6685 -1.6
      vertex -82.8034 -31.5273 -1.6
      vertex -82.4067 -31.432 -1.6
    endloop
  endfacet
  facet normal 0 0 -1
    outer loop
      vertex -83.1804 -31.6834 -1.6
      vertex -82.6356 -32.7526 -1.6
      vertex -82.8229 -32.8674 -1.6
    endloop
  endfacet
  facet normal 0 0 -1
    outer loop
      vertex -83.5282 -31.8966 -1.6
      vertex -82.8229 -32.8674 -1.6
      vertex -82.99 -33.01 -1.6
    endloop
  endfacet
  facet normal 0 0 -1
    outer loop
      vertex -83.8385 -32.1615 -1.6
      vertex -82.99 -33.01 -1.6
      vertex -83.1326 -33.1771 -1.6
    endloop
  endfacet
  facet normal 0 0 -1
    outer loop
      vertex -82.6356 -32.7526 -1.6
      vertex -83.1804 -31.6834 -1.6
      vertex -82.8034 -31.5273 -1.6
    endloop
  endfacet
  facet normal 0 0 -1
    outer loop
      vertex -84.1034 -32.4718 -1.6
      vertex -83.1326 -33.1771 -1.6
      vertex -83.2474 -33.3644 -1.6
    endloop
  endfacet
  facet normal 0 0 -1
    outer loop
      vertex -84.3166 -32.8196 -1.6
      vertex -83.2474 -33.3644 -1.6
      vertex -83.3315 -33.5674 -1.6
    endloop
  endfacet
  facet normal 0 0 -1
    outer loop
      vertex -84.4727 -33.1966 -1.6
      vertex -83.3315 -33.5674 -1.6
      vertex -83.3828 -33.781 -1.6
    endloop
  endfacet
  facet normal 0 0 -1
    outer loop
      vertex -82.8229 -32.8674 -1.6
      vertex -83.5282 -31.8966 -1.6
      vertex -83.1804 -31.6834 -1.6
    endloop
  endfacet
  facet normal 0 0 -1
    outer loop
      vertex -84.568 -33.5933 -1.6
      vertex -83.3828 -33.781 -1.6
      vertex -83.4 -34 -1.6
    endloop
  endfacet
  facet normal -0 0 -1
    outer loop
      vertex -83.2474 -34.6356 -1.6
      vertex -84.3166 -35.1804 -1.6
      vertex -83.3315 -34.4326 -1.6
    endloop
  endfacet
  facet normal 0 0 -1
    outer loop
      vertex -84.4727 -34.8034 -1.6
      vertex -83.3315 -34.4326 -1.6
      vertex -84.3166 -35.1804 -1.6
    endloop
  endfacet
  facet normal 0 0 -1
    outer loop
      vertex -82.99 -33.01 -1.6
      vertex -83.8385 -32.1615 -1.6
      vertex -83.5282 -31.8966 -1.6
    endloop
  endfacet
  facet normal -0 0 -1
    outer loop
      vertex -83.3315 -34.4326 -1.6
      vertex -84.4727 -34.8034 -1.6
      vertex -83.3828 -34.219 -1.6
    endloop
  endfacet
  facet normal 0 0 -1
    outer loop
      vertex -83.1326 -33.1771 -1.6
      vertex -84.1034 -32.4718 -1.6
      vertex -83.8385 -32.1615 -1.6
    endloop
  endfacet
  facet normal 0 0 -1
    outer loop
      vertex -84.568 -34.4067 -1.6
      vertex -83.3828 -34.219 -1.6
      vertex -84.4727 -34.8034 -1.6
    endloop
  endfacet
  facet normal 0 0 -1
    outer loop
      vertex -83.2474 -33.3644 -1.6
      vertex -84.3166 -32.8196 -1.6
      vertex -84.1034 -32.4718 -1.6
    endloop
  endfacet
  facet normal -0 0 -1
    outer loop
      vertex -83.3828 -34.219 -1.6
      vertex -84.568 -34.4067 -1.6
      vertex -83.4 -34 -1.6
    endloop
  endfacet
  facet normal 0 0 -1
    outer loop
      vertex -83.3315 -33.5674 -1.6
      vertex -84.4727 -33.1966 -1.6
      vertex -84.3166 -32.8196 -1.6
    endloop
  endfacet
  facet normal 0 0 -1
    outer loop
      vertex -84.6 -34 -1.6
      vertex -83.4 -34 -1.6
      vertex -84.568 -34.4067 -1.6
    endloop
  endfacet
  facet normal 0 0 -1
    outer loop
      vertex -83.3828 -33.781 -1.6
      vertex -84.568 -33.5933 -1.6
      vertex -84.4727 -33.1966 -1.6
    endloop
  endfacet
  facet normal 0 0 -1
    outer loop
      vertex -83.4 -34 -1.6
      vertex -84.6 -34 -1.6
      vertex -84.568 -33.5933 -1.6
    endloop
  endfacet
  facet normal 0.52262 -0.852566 0
    outer loop
      vertex -83.5282 -31.8966 -4
      vertex -83.1804 -31.6834 -1.6
      vertex -83.5282 -31.8966 -1.6
    endloop
  endfacet
  facet normal 0.52262 -0.852566 0
    outer loop
      vertex -83.1804 -31.6834 -1.6
      vertex -83.5282 -31.8966 -4
      vertex -83.1804 -31.6834 -4
    endloop
  endfacet
  facet normal 0.996919 0.0784396 0
    outer loop
      vertex -84.568 -34.4067 -1.6
      vertex -84.6 -34 -4
      vertex -84.6 -34 -1.6
    endloop
  endfacet
  facet normal 0.996919 0.0784396 0
    outer loop
      vertex -84.6 -34 -4
      vertex -84.568 -34.4067 -1.6
      vertex -84.568 -34.4067 -4
    endloop
  endfacet
  facet normal 0.0784396 -0.996919 0
    outer loop
      vertex -82.4067 -31.432 -4
      vertex -82 -31.4 -1.6
      vertex -82.4067 -31.432 -1.6
    endloop
  endfacet
  facet normal 0.0784396 -0.996919 0
    outer loop
      vertex -82 -31.4 -1.6
      vertex -82.4067 -31.432 -4
      vertex -82 -31.4 -4
    endloop
  endfacet
  facet normal -0.52262 0.852566 0
    outer loop
      vertex -80.4718 -36.1034 -4
      vertex -80.8196 -36.3166 -1.6
      vertex -80.4718 -36.1034 -1.6
    endloop
  endfacet
  facet normal -0.52262 0.852566 0
    outer loop
      vertex -80.8196 -36.3166 -1.6
      vertex -80.4718 -36.1034 -4
      vertex -80.8196 -36.3166 -4
    endloop
  endfacet
  facet normal 0.233586 -0.972336 0
    outer loop
      vertex -82.8034 -31.5273 -4
      vertex -82.4067 -31.432 -1.6
      vertex -82.8034 -31.5273 -1.6
    endloop
  endfacet
  facet normal 0.233586 -0.972336 0
    outer loop
      vertex -82.4067 -31.432 -1.6
      vertex -82.8034 -31.5273 -4
      vertex -82.4067 -31.432 -4
    endloop
  endfacet
  facet normal -0.852566 0.52262 0
    outer loop
      vertex -79.8966 -35.5282 -4
      vertex -79.6834 -35.1804 -1.6
      vertex -79.6834 -35.1804 -4
    endloop
  endfacet
  facet normal -0.852566 0.52262 0
    outer loop
      vertex -79.6834 -35.1804 -1.6
      vertex -79.8966 -35.5282 -4
      vertex -79.8966 -35.5282 -1.6
    endloop
  endfacet
  facet normal -0.649276 -0.760553 0
    outer loop
      vertex -80.4718 -31.8966 -4
      vertex -80.1615 -32.1615 -1.6
      vertex -80.4718 -31.8966 -1.6
    endloop
  endfacet
  facet normal -0.649276 -0.760553 -0
    outer loop
      vertex -80.1615 -32.1615 -1.6
      vertex -80.4718 -31.8966 -4
      vertex -80.1615 -32.1615 -4
    endloop
  endfacet
  facet normal -0.649276 0.760553 0
    outer loop
      vertex -80.1615 -35.8385 -4
      vertex -80.4718 -36.1034 -1.6
      vertex -80.1615 -35.8385 -1.6
    endloop
  endfacet
  facet normal -0.649276 0.760553 0
    outer loop
      vertex -80.4718 -36.1034 -1.6
      vertex -80.1615 -35.8385 -4
      vertex -80.4718 -36.1034 -4
    endloop
  endfacet
  facet normal 0.52262 0.852566 -0
    outer loop
      vertex -83.1804 -36.3166 -4
      vertex -83.5282 -36.1034 -1.6
      vertex -83.1804 -36.3166 -1.6
    endloop
  endfacet
  facet normal 0.52262 0.852566 0
    outer loop
      vertex -83.5282 -36.1034 -1.6
      vertex -83.1804 -36.3166 -4
      vertex -83.5282 -36.1034 -4
    endloop
  endfacet
  facet normal -0.996919 -0.0784396 0
    outer loop
      vertex -79.4 -34 -4
      vertex -79.432 -33.5933 -1.6
      vertex -79.432 -33.5933 -4
    endloop
  endfacet
  facet normal -0.996919 -0.0784396 0
    outer loop
      vertex -79.432 -33.5933 -1.6
      vertex -79.4 -34 -4
      vertex -79.4 -34 -1.6
    endloop
  endfacet
  facet normal -0.52262 -0.852566 0
    outer loop
      vertex -80.8196 -31.6834 -4
      vertex -80.4718 -31.8966 -1.6
      vertex -80.8196 -31.6834 -1.6
    endloop
  endfacet
  facet normal -0.52262 -0.852566 -0
    outer loop
      vertex -80.4718 -31.8966 -1.6
      vertex -80.8196 -31.6834 -4
      vertex -80.4718 -31.8966 -4
    endloop
  endfacet
  facet normal -0.382561 0.92393 0
    outer loop
      vertex -80.8196 -36.3166 -4
      vertex -81.1966 -36.4727 -1.6
      vertex -80.8196 -36.3166 -1.6
    endloop
  endfacet
  facet normal -0.382561 0.92393 0
    outer loop
      vertex -81.1966 -36.4727 -1.6
      vertex -80.8196 -36.3166 -4
      vertex -81.1966 -36.4727 -4
    endloop
  endfacet
  facet normal -0.760553 0.649276 0
    outer loop
      vertex -80.1615 -35.8385 -4
      vertex -79.8966 -35.5282 -1.6
      vertex -79.8966 -35.5282 -4
    endloop
  endfacet
  facet normal -0.760553 0.649276 0
    outer loop
      vertex -79.8966 -35.5282 -1.6
      vertex -80.1615 -35.8385 -4
      vertex -80.1615 -35.8385 -1.6
    endloop
  endfacet
  facet normal -0.996919 0.0784396 0
    outer loop
      vertex -79.432 -34.4067 -4
      vertex -79.4 -34 -1.6
      vertex -79.4 -34 -4
    endloop
  endfacet
  facet normal -0.996919 0.0784396 0
    outer loop
      vertex -79.4 -34 -1.6
      vertex -79.432 -34.4067 -4
      vertex -79.432 -34.4067 -1.6
    endloop
  endfacet
  facet normal -0.972336 0.233586 0
    outer loop
      vertex -79.5273 -34.8034 -4
      vertex -79.432 -34.4067 -1.6
      vertex -79.432 -34.4067 -4
    endloop
  endfacet
  facet normal -0.972336 0.233586 0
    outer loop
      vertex -79.432 -34.4067 -1.6
      vertex -79.5273 -34.8034 -4
      vertex -79.5273 -34.8034 -1.6
    endloop
  endfacet
  facet normal 0.996919 -0.0784396 0
    outer loop
      vertex -84.6 -34 -1.6
      vertex -84.568 -33.5933 -4
      vertex -84.568 -33.5933 -1.6
    endloop
  endfacet
  facet normal 0.996919 -0.0784396 0
    outer loop
      vertex -84.568 -33.5933 -4
      vertex -84.6 -34 -1.6
      vertex -84.6 -34 -4
    endloop
  endfacet
  facet normal -0.0784396 0.996919 0
    outer loop
      vertex -81.5933 -36.568 -4
      vertex -82 -36.6 -1.6
      vertex -81.5933 -36.568 -1.6
    endloop
  endfacet
  facet normal -0.0784396 0.996919 0
    outer loop
      vertex -82 -36.6 -1.6
      vertex -81.5933 -36.568 -4
      vertex -82 -36.6 -4
    endloop
  endfacet
  facet normal -0.760553 -0.649276 0
    outer loop
      vertex -79.8966 -32.4718 -4
      vertex -80.1615 -32.1615 -1.6
      vertex -80.1615 -32.1615 -4
    endloop
  endfacet
  facet normal -0.760553 -0.649276 0
    outer loop
      vertex -80.1615 -32.1615 -1.6
      vertex -79.8966 -32.4718 -4
      vertex -79.8966 -32.4718 -1.6
    endloop
  endfacet
  facet normal 0.760553 -0.649276 0
    outer loop
      vertex -84.1034 -32.4718 -1.6
      vertex -83.8385 -32.1615 -4
      vertex -83.8385 -32.1615 -1.6
    endloop
  endfacet
  facet normal 0.760553 -0.649276 0
    outer loop
      vertex -83.8385 -32.1615 -4
      vertex -84.1034 -32.4718 -1.6
      vertex -84.1034 -32.4718 -4
    endloop
  endfacet
  facet normal -0.382561 -0.92393 0
    outer loop
      vertex -81.1966 -31.5273 -4
      vertex -80.8196 -31.6834 -1.6
      vertex -81.1966 -31.5273 -1.6
    endloop
  endfacet
  facet normal -0.382561 -0.92393 -0
    outer loop
      vertex -80.8196 -31.6834 -1.6
      vertex -81.1966 -31.5273 -4
      vertex -80.8196 -31.6834 -4
    endloop
  endfacet
  facet normal 0.852566 0.52262 0
    outer loop
      vertex -84.1034 -35.5282 -1.6
      vertex -84.3166 -35.1804 -4
      vertex -84.3166 -35.1804 -1.6
    endloop
  endfacet
  facet normal 0.852566 0.52262 0
    outer loop
      vertex -84.3166 -35.1804 -4
      vertex -84.1034 -35.5282 -1.6
      vertex -84.1034 -35.5282 -4
    endloop
  endfacet
  facet normal 0.972336 -0.233586 0
    outer loop
      vertex -84.568 -33.5933 -1.6
      vertex -84.4727 -33.1966 -4
      vertex -84.4727 -33.1966 -1.6
    endloop
  endfacet
  facet normal 0.972336 -0.233586 0
    outer loop
      vertex -84.4727 -33.1966 -4
      vertex -84.568 -33.5933 -1.6
      vertex -84.568 -33.5933 -4
    endloop
  endfacet
  facet normal -0.852566 -0.52262 0
    outer loop
      vertex -79.6834 -32.8196 -4
      vertex -79.8966 -32.4718 -1.6
      vertex -79.8966 -32.4718 -4
    endloop
  endfacet
  facet normal -0.852566 -0.52262 0
    outer loop
      vertex -79.8966 -32.4718 -1.6
      vertex -79.6834 -32.8196 -4
      vertex -79.6834 -32.8196 -1.6
    endloop
  endfacet
  facet normal 0.649276 -0.760553 0
    outer loop
      vertex -83.8385 -32.1615 -4
      vertex -83.5282 -31.8966 -1.6
      vertex -83.8385 -32.1615 -1.6
    endloop
  endfacet
  facet normal 0.649276 -0.760553 0
    outer loop
      vertex -83.5282 -31.8966 -1.6
      vertex -83.8385 -32.1615 -4
      vertex -83.5282 -31.8966 -4
    endloop
  endfacet
  facet normal -0.233586 -0.972336 0
    outer loop
      vertex -81.5933 -31.432 -4
      vertex -81.1966 -31.5273 -1.6
      vertex -81.5933 -31.432 -1.6
    endloop
  endfacet
  facet normal -0.233586 -0.972336 -0
    outer loop
      vertex -81.1966 -31.5273 -1.6
      vertex -81.5933 -31.432 -4
      vertex -81.1966 -31.5273 -4
    endloop
  endfacet
  facet normal 0.852566 -0.52262 0
    outer loop
      vertex -84.3166 -32.8196 -1.6
      vertex -84.1034 -32.4718 -4
      vertex -84.1034 -32.4718 -1.6
    endloop
  endfacet
  facet normal 0.852566 -0.52262 0
    outer loop
      vertex -84.1034 -32.4718 -4
      vertex -84.3166 -32.8196 -1.6
      vertex -84.3166 -32.8196 -4
    endloop
  endfacet
  facet normal -0.92393 0.382561 0
    outer loop
      vertex -79.6834 -35.1804 -4
      vertex -79.5273 -34.8034 -1.6
      vertex -79.5273 -34.8034 -4
    endloop
  endfacet
  facet normal -0.92393 0.382561 0
    outer loop
      vertex -79.5273 -34.8034 -1.6
      vertex -79.6834 -35.1804 -4
      vertex -79.6834 -35.1804 -1.6
    endloop
  endfacet
  facet normal -0.233586 0.972336 0
    outer loop
      vertex -81.1966 -36.4727 -4
      vertex -81.5933 -36.568 -1.6
      vertex -81.1966 -36.4727 -1.6
    endloop
  endfacet
  facet normal -0.233586 0.972336 0
    outer loop
      vertex -81.5933 -36.568 -1.6
      vertex -81.1966 -36.4727 -4
      vertex -81.5933 -36.568 -4
    endloop
  endfacet
  facet normal 0.382561 -0.92393 0
    outer loop
      vertex -83.1804 -31.6834 -4
      vertex -82.8034 -31.5273 -1.6
      vertex -83.1804 -31.6834 -1.6
    endloop
  endfacet
  facet normal 0.382561 -0.92393 0
    outer loop
      vertex -82.8034 -31.5273 -1.6
      vertex -83.1804 -31.6834 -4
      vertex -82.8034 -31.5273 -4
    endloop
  endfacet
  facet normal 0.760553 0.649276 0
    outer loop
      vertex -83.8385 -35.8385 -1.6
      vertex -84.1034 -35.5282 -4
      vertex -84.1034 -35.5282 -1.6
    endloop
  endfacet
  facet normal 0.760553 0.649276 0
    outer loop
      vertex -84.1034 -35.5282 -4
      vertex -83.8385 -35.8385 -1.6
      vertex -83.8385 -35.8385 -4
    endloop
  endfacet
  facet normal 0.382561 0.92393 -0
    outer loop
      vertex -82.8034 -36.4727 -4
      vertex -83.1804 -36.3166 -1.6
      vertex -82.8034 -36.4727 -1.6
    endloop
  endfacet
  facet normal 0.382561 0.92393 0
    outer loop
      vertex -83.1804 -36.3166 -1.6
      vertex -82.8034 -36.4727 -4
      vertex -83.1804 -36.3166 -4
    endloop
  endfacet
  facet normal 0.92393 -0.382561 0
    outer loop
      vertex -84.4727 -33.1966 -1.6
      vertex -84.3166 -32.8196 -4
      vertex -84.3166 -32.8196 -1.6
    endloop
  endfacet
  facet normal 0.92393 -0.382561 0
    outer loop
      vertex -84.3166 -32.8196 -4
      vertex -84.4727 -33.1966 -1.6
      vertex -84.4727 -33.1966 -4
    endloop
  endfacet
  facet normal 0.0784396 0.996919 -0
    outer loop
      vertex -82 -36.6 -4
      vertex -82.4067 -36.568 -1.6
      vertex -82 -36.6 -1.6
    endloop
  endfacet
  facet normal 0.0784396 0.996919 0
    outer loop
      vertex -82.4067 -36.568 -1.6
      vertex -82 -36.6 -4
      vertex -82.4067 -36.568 -4
    endloop
  endfacet
  facet normal -0.0784396 -0.996919 0
    outer loop
      vertex -82 -31.4 -4
      vertex -81.5933 -31.432 -1.6
      vertex -82 -31.4 -1.6
    endloop
  endfacet
  facet normal -0.0784396 -0.996919 -0
    outer loop
      vertex -81.5933 -31.432 -1.6
      vertex -82 -31.4 -4
      vertex -81.5933 -31.432 -4
    endloop
  endfacet
  facet normal 0.92393 0.382561 0
    outer loop
      vertex -84.3166 -35.1804 -1.6
      vertex -84.4727 -34.8034 -4
      vertex -84.4727 -34.8034 -1.6
    endloop
  endfacet
  facet normal 0.92393 0.382561 0
    outer loop
      vertex -84.4727 -34.8034 -4
      vertex -84.3166 -35.1804 -1.6
      vertex -84.3166 -35.1804 -4
    endloop
  endfacet
  facet normal 1 0 0
    outer loop
      vertex -88 -22.4 3.6
      vertex -88 -24.3 0.599999
      vertex -88 -22.4 -2.4
    endloop
  endfacet
  facet normal 1 0 0
    outer loop
      vertex -88 -22.4 3.6
      vertex -88 -24.3135 0.772078
      vertex -88 -24.3 0.599999
    endloop
  endfacet
  facet normal 1 0 0
    outer loop
      vertex -88 -22.4 3.6
      vertex -88 -24.3538 0.939919
      vertex -88 -24.3135 0.772078
    endloop
  endfacet
  facet normal 1 0 0
    outer loop
      vertex -88 -22.4 3.6
      vertex -88 -24.4199 1.09939
      vertex -88 -24.3538 0.939919
    endloop
  endfacet
  facet normal 1 0 0
    outer loop
      vertex -88 -22.4 3.6
      vertex -88 -24.5101 1.24656
      vertex -88 -24.4199 1.09939
    endloop
  endfacet
  facet normal 1 0 0
    outer loop
      vertex -88 -22.4 3.6
      vertex -88 -24.6222 1.37782
      vertex -88 -24.5101 1.24656
    endloop
  endfacet
  facet normal 1 0 0
    outer loop
      vertex -88 -22.4 3.6
      vertex -88 -24.7534 1.48992
      vertex -88 -24.6222 1.37782
    endloop
  endfacet
  facet normal 1 0 0
    outer loop
      vertex -88 -22.4 3.6
      vertex -88 -24.9006 1.58011
      vertex -88 -24.7534 1.48992
    endloop
  endfacet
  facet normal 1 0 0
    outer loop
      vertex -88 -22.4 3.6
      vertex -88 -25.0601 1.64616
      vertex -88 -24.9006 1.58011
    endloop
  endfacet
  facet normal 1 0 0
    outer loop
      vertex -88 -22.4 3.6
      vertex -88 -25.2279 1.68646
      vertex -88 -25.0601 1.64616
    endloop
  endfacet
  facet normal 1 0 0
    outer loop
      vertex -88 -22.4 3.6
      vertex -88 -25.4 1.7
      vertex -88 -25.2279 1.68646
    endloop
  endfacet
  facet normal 1 -0 0
    outer loop
      vertex -88 -28.4 3.6
      vertex -88 -25.4 1.7
      vertex -88 -22.4 3.6
    endloop
  endfacet
  facet normal 1 0 0
    outer loop
      vertex -88 -25.4 1.7
      vertex -88 -28.4 3.6
      vertex -88 -25.5721 1.68646
    endloop
  endfacet
  facet normal 1 0 0
    outer loop
      vertex -88 -25.5721 1.68646
      vertex -88 -28.4 3.6
      vertex -88 -25.7399 1.64616
    endloop
  endfacet
  facet normal 1 0 0
    outer loop
      vertex -88 -28.4 -1.33003
      vertex -88 -26.5 0.599999
      vertex -88 -26.4865 0.772078
    endloop
  endfacet
  facet normal 1 0 0
    outer loop
      vertex -88 -28.4 3.6
      vertex -88 -26.4865 0.772078
      vertex -88 -26.4462 0.939919
    endloop
  endfacet
  facet normal 1 0 0
    outer loop
      vertex -88 -25.7399 1.64616
      vertex -88 -28.4 3.6
      vertex -88 -25.8994 1.58011
    endloop
  endfacet
  facet normal 1 0 0
    outer loop
      vertex -88 -28.4 3.6
      vertex -88 -26.0466 1.48992
      vertex -88 -25.8994 1.58011
    endloop
  endfacet
  facet normal 1 0 0
    outer loop
      vertex -88 -28.4 3.6
      vertex -88 -26.1778 1.37782
      vertex -88 -26.0466 1.48992
    endloop
  endfacet
  facet normal 1 0 0
    outer loop
      vertex -88 -28.4 3.6
      vertex -88 -26.2899 1.24656
      vertex -88 -26.1778 1.37782
    endloop
  endfacet
  facet normal 1 0 0
    outer loop
      vertex -88 -28.4 3.6
      vertex -88 -26.3801 1.09939
      vertex -88 -26.2899 1.24656
    endloop
  endfacet
  facet normal 1 0 0
    outer loop
      vertex -88 -28.4 3.6
      vertex -88 -26.4462 0.939919
      vertex -88 -26.3801 1.09939
    endloop
  endfacet
  facet normal 1 0 0
    outer loop
      vertex -88 -26.4865 0.772078
      vertex -88 -28.4 3.6
      vertex -88 -28.4 -1.33003
    endloop
  endfacet
  facet normal 1 0 0
    outer loop
      vertex -88 -26.5 0.599999
      vertex -88 -28.4 -1.33003
      vertex -88 -27.33 -2.4
    endloop
  endfacet
  facet normal 1 0 0
    outer loop
      vertex -88 -27.33 -2.4
      vertex -88 -28.4 -1.33003
      vertex -88 -28.4 -2.4
    endloop
  endfacet
  facet normal 1 -0 0
    outer loop
      vertex -88 -24.3135 0.427921
      vertex -88 -22.4 -2.4
      vertex -88 -24.3 0.599999
    endloop
  endfacet
  facet normal 1 -0 0
    outer loop
      vertex -88 -24.3538 0.260081
      vertex -88 -22.4 -2.4
      vertex -88 -24.3135 0.427921
    endloop
  endfacet
  facet normal 1 -0 0
    outer loop
      vertex -88 -24.4199 0.10061
      vertex -88 -22.4 -2.4
      vertex -88 -24.3538 0.260081
    endloop
  endfacet
  facet normal 1 -0 0
    outer loop
      vertex -88 -24.5101 -0.0465631
      vertex -88 -22.4 -2.4
      vertex -88 -24.4199 0.10061
    endloop
  endfacet
  facet normal 1 -0 0
    outer loop
      vertex -88 -24.6222 -0.177817
      vertex -88 -22.4 -2.4
      vertex -88 -24.5101 -0.0465631
    endloop
  endfacet
  facet normal 1 -0 0
    outer loop
      vertex -88 -24.7534 -0.289918
      vertex -88 -22.4 -2.4
      vertex -88 -24.6222 -0.177817
    endloop
  endfacet
  facet normal 1 -0 0
    outer loop
      vertex -88 -24.9006 -0.380107
      vertex -88 -22.4 -2.4
      vertex -88 -24.7534 -0.289918
    endloop
  endfacet
  facet normal 1 -0 0
    outer loop
      vertex -88 -25.0601 -0.446161
      vertex -88 -22.4 -2.4
      vertex -88 -24.9006 -0.380107
    endloop
  endfacet
  facet normal 1 -0 0
    outer loop
      vertex -88 -25.2279 -0.486457
      vertex -88 -22.4 -2.4
      vertex -88 -25.0601 -0.446161
    endloop
  endfacet
  facet normal 1 0 0
    outer loop
      vertex -88 -27.33 -2.4
      vertex -88 -25.2279 -0.486457
      vertex -88 -25.4 -0.5
    endloop
  endfacet
  facet normal 1 0 0
    outer loop
      vertex -88 -27.33 -2.4
      vertex -88 -25.4 -0.5
      vertex -88 -25.5721 -0.486457
    endloop
  endfacet
  facet normal 1 0 0
    outer loop
      vertex -88 -27.33 -2.4
      vertex -88 -25.5721 -0.486457
      vertex -88 -25.7399 -0.446161
    endloop
  endfacet
  facet normal 1 0 0
    outer loop
      vertex -88 -27.33 -2.4
      vertex -88 -25.7399 -0.446161
      vertex -88 -25.8994 -0.380107
    endloop
  endfacet
  facet normal 1 0 0
    outer loop
      vertex -88 -25.2279 -0.486457
      vertex -88 -27.33 -2.4
      vertex -88 -22.4 -2.4
    endloop
  endfacet
  facet normal 1 0 0
    outer loop
      vertex -88 -26.0466 -0.289918
      vertex -88 -27.33 -2.4
      vertex -88 -25.8994 -0.380107
    endloop
  endfacet
  facet normal 1 0 0
    outer loop
      vertex -88 -26.1778 -0.177817
      vertex -88 -27.33 -2.4
      vertex -88 -26.0466 -0.289918
    endloop
  endfacet
  facet normal 1 0 0
    outer loop
      vertex -88 -26.2899 -0.0465631
      vertex -88 -27.33 -2.4
      vertex -88 -26.1778 -0.177817
    endloop
  endfacet
  facet normal 1 0 0
    outer loop
      vertex -88 -26.3801 0.10061
      vertex -88 -27.33 -2.4
      vertex -88 -26.2899 -0.0465631
    endloop
  endfacet
  facet normal 1 0 0
    outer loop
      vertex -88 -26.4462 0.260081
      vertex -88 -27.33 -2.4
      vertex -88 -26.3801 0.10061
    endloop
  endfacet
  facet normal 1 0 0
    outer loop
      vertex -88 -26.4865 0.427921
      vertex -88 -27.33 -2.4
      vertex -88 -26.4462 0.260081
    endloop
  endfacet
  facet normal 1 0 0
    outer loop
      vertex -88 -27.33 -2.4
      vertex -88 -26.4865 0.427921
      vertex -88 -26.5 0.599999
    endloop
  endfacet
  facet normal 0 0 1
    outer loop
      vertex -88 -22.4 3.6
      vertex -95.2572 -28.4 3.6
      vertex -88 -28.4 3.6
    endloop
  endfacet
  facet normal -0 0 1
    outer loop
      vertex -96 -22.4 3.6
      vertex -95.2572 -28.4 3.6
      vertex -88 -22.4 3.6
    endloop
  endfacet
  facet normal 0 0 1
    outer loop
      vertex -95.2572 -28.4 3.6
      vertex -96 -22.4 3.6
      vertex -96 -28.4 3.6
    endloop
  endfacet
  facet normal -1 0 0
    outer loop
      vertex -96 -22.4 -2.4
      vertex -96 -24.3 0.599999
      vertex -96 -22.4 3.6
    endloop
  endfacet
  facet normal -1 0 0
    outer loop
      vertex -96 -22.4 -2.4
      vertex -96 -24.3135 0.427921
      vertex -96 -24.3 0.599999
    endloop
  endfacet
  facet normal -1 0 0
    outer loop
      vertex -96 -22.4 -2.4
      vertex -96 -24.3538 0.260081
      vertex -96 -24.3135 0.427921
    endloop
  endfacet
  facet normal -1 0 0
    outer loop
      vertex -96 -22.4 -2.4
      vertex -96 -24.4199 0.10061
      vertex -96 -24.3538 0.260081
    endloop
  endfacet
  facet normal -1 0 0
    outer loop
      vertex -96 -22.4 -2.4
      vertex -96 -24.5101 -0.0465631
      vertex -96 -24.4199 0.10061
    endloop
  endfacet
  facet normal -1 0 0
    outer loop
      vertex -96 -22.4 -2.4
      vertex -96 -24.6222 -0.177817
      vertex -96 -24.5101 -0.0465631
    endloop
  endfacet
  facet normal -1 0 0
    outer loop
      vertex -96 -22.4 -2.4
      vertex -96 -24.7534 -0.289918
      vertex -96 -24.6222 -0.177817
    endloop
  endfacet
  facet normal -1 0 0
    outer loop
      vertex -96 -22.4 -2.4
      vertex -96 -24.9006 -0.380107
      vertex -96 -24.7534 -0.289918
    endloop
  endfacet
  facet normal -1 0 0
    outer loop
      vertex -96 -22.4 -2.4
      vertex -96 -25.0601 -0.446161
      vertex -96 -24.9006 -0.380107
    endloop
  endfacet
  facet normal -1 0 0
    outer loop
      vertex -96 -22.4 -2.4
      vertex -96 -25.2279 -0.486457
      vertex -96 -25.0601 -0.446161
    endloop
  endfacet
  facet normal -1 0 0
    outer loop
      vertex -96 -22.4 -2.4
      vertex -96 -25.4 -0.5
      vertex -96 -25.2279 -0.486457
    endloop
  endfacet
  facet normal -1 0 0
    outer loop
      vertex -96 -28.4 -2.4
      vertex -96 -25.4 -0.5
      vertex -96 -22.4 -2.4
    endloop
  endfacet
  facet normal -1 -0 0
    outer loop
      vertex -96 -25.4 -0.5
      vertex -96 -28.4 -2.4
      vertex -96 -25.5721 -0.486457
    endloop
  endfacet
  facet normal -1 -0 0
    outer loop
      vertex -96 -25.5721 -0.486457
      vertex -96 -28.4 -2.4
      vertex -96 -25.7399 -0.446161
    endloop
  endfacet
  facet normal -1 -0 0
    outer loop
      vertex -96 -26.4865 0.427921
      vertex -96 -28.4 -2.4
      vertex -96 -26.5 0.599999
    endloop
  endfacet
  facet normal -1 -0 0
    outer loop
      vertex -96 -26.4462 0.260081
      vertex -96 -28.4 -2.4
      vertex -96 -26.4865 0.427921
    endloop
  endfacet
  facet normal -1 -0 0
    outer loop
      vertex -96 -26.3801 0.10061
      vertex -96 -28.4 -2.4
      vertex -96 -26.4462 0.260081
    endloop
  endfacet
  facet normal -1 -0 0
    outer loop
      vertex -96 -26.2899 -0.0465631
      vertex -96 -28.4 -2.4
      vertex -96 -26.3801 0.10061
    endloop
  endfacet
  facet normal -1 -0 0
    outer loop
      vertex -96 -26.1778 -0.177817
      vertex -96 -28.4 -2.4
      vertex -96 -26.2899 -0.0465631
    endloop
  endfacet
  facet normal -1 -0 0
    outer loop
      vertex -96 -26.0466 -0.289918
      vertex -96 -28.4 -2.4
      vertex -96 -26.1778 -0.177817
    endloop
  endfacet
  facet normal -1 -0 0
    outer loop
      vertex -96 -25.8994 -0.380107
      vertex -96 -28.4 -2.4
      vertex -96 -26.0466 -0.289918
    endloop
  endfacet
  facet normal -1 -0 0
    outer loop
      vertex -96 -25.7399 -0.446161
      vertex -96 -28.4 -2.4
      vertex -96 -25.8994 -0.380107
    endloop
  endfacet
  facet normal -1 0 0
    outer loop
      vertex -96 -24.3135 0.772078
      vertex -96 -22.4 3.6
      vertex -96 -24.3 0.599999
    endloop
  endfacet
  facet normal -1 0 0
    outer loop
      vertex -96 -24.3538 0.939919
      vertex -96 -22.4 3.6
      vertex -96 -24.3135 0.772078
    endloop
  endfacet
  facet normal -1 0 0
    outer loop
      vertex -96 -24.4199 1.09939
      vertex -96 -22.4 3.6
      vertex -96 -24.3538 0.939919
    endloop
  endfacet
  facet normal -1 0 0
    outer loop
      vertex -96 -24.5101 1.24656
      vertex -96 -22.4 3.6
      vertex -96 -24.4199 1.09939
    endloop
  endfacet
  facet normal -1 0 0
    outer loop
      vertex -96 -24.6222 1.37782
      vertex -96 -22.4 3.6
      vertex -96 -24.5101 1.24656
    endloop
  endfacet
  facet normal -1 0 0
    outer loop
      vertex -96 -24.7534 1.48992
      vertex -96 -22.4 3.6
      vertex -96 -24.6222 1.37782
    endloop
  endfacet
  facet normal -1 0 0
    outer loop
      vertex -96 -24.9006 1.58011
      vertex -96 -22.4 3.6
      vertex -96 -24.7534 1.48992
    endloop
  endfacet
  facet normal -1 0 0
    outer loop
      vertex -96 -25.0601 1.64616
      vertex -96 -22.4 3.6
      vertex -96 -24.9006 1.58011
    endloop
  endfacet
  facet normal -1 0 0
    outer loop
      vertex -96 -25.2279 1.68646
      vertex -96 -22.4 3.6
      vertex -96 -25.0601 1.64616
    endloop
  endfacet
  facet normal -1 0 0
    outer loop
      vertex -96 -25.4 1.7
      vertex -96 -22.4 3.6
      vertex -96 -25.2279 1.68646
    endloop
  endfacet
  facet normal -1 0 0
    outer loop
      vertex -96 -28.4 3.6
      vertex -96 -25.4 1.7
      vertex -96 -25.5721 1.68646
    endloop
  endfacet
  facet normal -1 0 0
    outer loop
      vertex -96 -28.4 3.6
      vertex -96 -25.5721 1.68646
      vertex -96 -25.7399 1.64616
    endloop
  endfacet
  facet normal -1 0 0
    outer loop
      vertex -96 -28.4 3.6
      vertex -96 -25.7399 1.64616
      vertex -96 -25.8994 1.58011
    endloop
  endfacet
  facet normal -1 0 0
    outer loop
      vertex -96 -28.4 3.6
      vertex -96 -26.5 0.599999
      vertex -96 -28.4 -2.4
    endloop
  endfacet
  facet normal -1 0 0
    outer loop
      vertex -96 -26.5 0.599999
      vertex -96 -28.4 3.6
      vertex -96 -26.4865 0.772078
    endloop
  endfacet
  facet normal -1 0 0
    outer loop
      vertex -96 -26.4865 0.772078
      vertex -96 -28.4 3.6
      vertex -96 -26.4462 0.939919
    endloop
  endfacet
  facet normal -1 0 0
    outer loop
      vertex -96 -25.4 1.7
      vertex -96 -28.4 3.6
      vertex -96 -22.4 3.6
    endloop
  endfacet
  facet normal -1 0 0
    outer loop
      vertex -96 -26.0466 1.48992
      vertex -96 -28.4 3.6
      vertex -96 -25.8994 1.58011
    endloop
  endfacet
  facet normal -1 0 0
    outer loop
      vertex -96 -26.1778 1.37782
      vertex -96 -28.4 3.6
      vertex -96 -26.0466 1.48992
    endloop
  endfacet
  facet normal -1 0 0
    outer loop
      vertex -96 -26.2899 1.24656
      vertex -96 -28.4 3.6
      vertex -96 -26.1778 1.37782
    endloop
  endfacet
  facet normal -1 0 0
    outer loop
      vertex -96 -26.3801 1.09939
      vertex -96 -28.4 3.6
      vertex -96 -26.2899 1.24656
    endloop
  endfacet
  facet normal -1 0 0
    outer loop
      vertex -96 -26.4462 0.939919
      vertex -96 -28.4 3.6
      vertex -96 -26.3801 1.09939
    endloop
  endfacet
  facet normal 0 1 0
    outer loop
      vertex -95.33 -22.4 -2.4
      vertex -88 -22.4 3.6
      vertex -88 -22.4 -2.4
    endloop
  endfacet
  facet normal 0 1 0
    outer loop
      vertex -88 -22.4 3.6
      vertex -95.33 -22.4 -2.4
      vertex -96 -22.4 3.6
    endloop
  endfacet
  facet normal 0 1 0
    outer loop
      vertex -96 -22.4 3.6
      vertex -95.33 -22.4 -2.4
      vertex -96 -22.4 -2.4
    endloop
  endfacet
  facet normal 0 -0.649601 0.760275
    outer loop
      vertex -96 -24.6222 -0.177817
      vertex -88 -24.7534 -0.289918
      vertex -88 -24.6222 -0.177817
    endloop
  endfacet
  facet normal 0 -0.649601 0.760275
    outer loop
      vertex -88 -24.7534 -0.289918
      vertex -96 -24.6222 -0.177817
      vertex -96 -24.7534 -0.289918
    endloop
  endfacet
  facet normal 0 -0.233504 0.972356
    outer loop
      vertex -96 -25.0601 -0.446161
      vertex -88 -25.2279 -0.486457
      vertex -88 -25.0601 -0.446161
    endloop
  endfacet
  facet normal 0 -0.233504 0.972356
    outer loop
      vertex -88 -25.2279 -0.486457
      vertex -96 -25.0601 -0.446161
      vertex -96 -25.2279 -0.486457
    endloop
  endfacet
  facet normal -0 0.649601 0.760275
    outer loop
      vertex -96 -26.0466 -0.289918
      vertex -88 -26.1778 -0.177817
      vertex -88 -26.0466 -0.289918
    endloop
  endfacet
  facet normal 0 0.649601 0.760275
    outer loop
      vertex -88 -26.1778 -0.177817
      vertex -96 -26.0466 -0.289918
      vertex -96 -26.1778 -0.177817
    endloop
  endfacet
  facet normal 0 0.0784328 -0.996919
    outer loop
      vertex -96 -25.5721 1.68646
      vertex -88 -25.4 1.7
      vertex -88 -25.5721 1.68646
    endloop
  endfacet
  facet normal 0 0.0784328 -0.996919
    outer loop
      vertex -88 -25.4 1.7
      vertex -96 -25.5721 1.68646
      vertex -96 -25.4 1.7
    endloop
  endfacet
  facet normal 0 -0.76041 0.649443
    outer loop
      vertex -96 -24.6222 -0.177817
      vertex -88 -24.5101 -0.0465631
      vertex -96 -24.5101 -0.0465631
    endloop
  endfacet
  facet normal 0 -0.76041 0.649443
    outer loop
      vertex -88 -24.5101 -0.0465631
      vertex -96 -24.6222 -0.177817
      vertex -88 -24.6222 -0.177817
    endloop
  endfacet
  facet normal 0 0.996937 0.0782125
    outer loop
      vertex -88 -26.4865 0.427921
      vertex -96 -26.5 0.599999
      vertex -88 -26.5 0.599999
    endloop
  endfacet
  facet normal 0 0.996937 0.0782125
    outer loop
      vertex -96 -26.5 0.599999
      vertex -88 -26.4865 0.427921
      vertex -96 -26.4865 0.427921
    endloop
  endfacet
  facet normal 0 0.522438 -0.852677
    outer loop
      vertex -96 -26.0466 1.48992
      vertex -88 -25.8994 1.58011
      vertex -88 -26.0466 1.48992
    endloop
  endfacet
  facet normal 0 0.522438 -0.852677
    outer loop
      vertex -88 -25.8994 1.58011
      vertex -96 -26.0466 1.48992
      vertex -96 -25.8994 1.58011
    endloop
  endfacet
  facet normal 0 -0.0784501 0.996918
    outer loop
      vertex -96 -25.2279 -0.486457
      vertex -88 -25.4 -0.5
      vertex -88 -25.2279 -0.486457
    endloop
  endfacet
  facet normal 0 -0.0784501 0.996918
    outer loop
      vertex -88 -25.4 -0.5
      vertex -96 -25.2279 -0.486457
      vertex -96 -25.4 -0.5
    endloop
  endfacet
  facet normal 0 0.923787 0.382906
    outer loop
      vertex -88 -26.3801 0.10061
      vertex -96 -26.4462 0.260081
      vertex -88 -26.4462 0.260081
    endloop
  endfacet
  facet normal 0 0.923787 0.382906
    outer loop
      vertex -96 -26.4462 0.260081
      vertex -88 -26.3801 0.10061
      vertex -96 -26.3801 0.10061
    endloop
  endfacet
  facet normal 0 -0.233526 -0.97235
    outer loop
      vertex -96 -25.2279 1.68646
      vertex -88 -25.0601 1.64616
      vertex -88 -25.2279 1.68646
    endloop
  endfacet
  facet normal -0 -0.233526 -0.97235
    outer loop
      vertex -88 -25.0601 1.64616
      vertex -96 -25.2279 1.68646
      vertex -96 -25.0601 1.64616
    endloop
  endfacet
  facet normal 0 -0.382599 -0.923914
    outer loop
      vertex -96 -25.0601 1.64616
      vertex -88 -24.9006 1.58011
      vertex -88 -25.0601 1.64616
    endloop
  endfacet
  facet normal -0 -0.382599 -0.923914
    outer loop
      vertex -88 -24.9006 1.58011
      vertex -96 -25.0601 1.64616
      vertex -96 -24.9006 1.58011
    endloop
  endfacet
  facet normal 0 0.76041 0.649443
    outer loop
      vertex -88 -26.1778 -0.177817
      vertex -96 -26.2899 -0.0465631
      vertex -88 -26.2899 -0.0465631
    endloop
  endfacet
  facet normal 0 0.76041 0.649443
    outer loop
      vertex -96 -26.2899 -0.0465631
      vertex -88 -26.1778 -0.177817
      vertex -96 -26.1778 -0.177817
    endloop
  endfacet
  facet normal -0 0.522434 0.85268
    outer loop
      vertex -96 -25.8994 -0.380107
      vertex -88 -26.0466 -0.289918
      vertex -88 -25.8994 -0.380107
    endloop
  endfacet
  facet normal 0 0.522434 0.85268
    outer loop
      vertex -88 -26.0466 -0.289918
      vertex -96 -25.8994 -0.380107
      vertex -96 -26.0466 -0.289918
    endloop
  endfacet
  facet normal 0 -0.996937 -0.078212
    outer loop
      vertex -96 -24.3 0.599999
      vertex -88 -24.3135 0.772078
      vertex -96 -24.3135 0.772078
    endloop
  endfacet
  facet normal 0 -0.996937 -0.078212
    outer loop
      vertex -88 -24.3135 0.772078
      vertex -96 -24.3 0.599999
      vertex -88 -24.3 0.599999
    endloop
  endfacet
  facet normal 0 -0.382619 0.923906
    outer loop
      vertex -96 -24.9006 -0.380107
      vertex -88 -25.0601 -0.446161
      vertex -88 -24.9006 -0.380107
    endloop
  endfacet
  facet normal 0 -0.382619 0.923906
    outer loop
      vertex -88 -25.0601 -0.446161
      vertex -96 -24.9006 -0.380107
      vertex -96 -25.0601 -0.446161
    endloop
  endfacet
  facet normal 0 -0.852609 0.52255
    outer loop
      vertex -96 -24.5101 -0.0465631
      vertex -88 -24.4199 0.10061
      vertex -96 -24.4199 0.10061
    endloop
  endfacet
  facet normal 0 -0.852609 0.52255
    outer loop
      vertex -88 -24.4199 0.10061
      vertex -96 -24.5101 -0.0465631
      vertex -88 -24.5101 -0.0465631
    endloop
  endfacet
  facet normal 0 -0.649598 -0.760278
    outer loop
      vertex -96 -24.7534 1.48992
      vertex -88 -24.6222 1.37782
      vertex -88 -24.7534 1.48992
    endloop
  endfacet
  facet normal -0 -0.649598 -0.760278
    outer loop
      vertex -88 -24.6222 1.37782
      vertex -96 -24.7534 1.48992
      vertex -96 -24.6222 1.37782
    endloop
  endfacet
  facet normal 0 -0.0784328 -0.996919
    outer loop
      vertex -96 -25.4 1.7
      vertex -88 -25.2279 1.68646
      vertex -88 -25.4 1.7
    endloop
  endfacet
  facet normal -0 -0.0784328 -0.996919
    outer loop
      vertex -88 -25.2279 1.68646
      vertex -96 -25.4 1.7
      vertex -96 -25.2279 1.68646
    endloop
  endfacet
  facet normal 0 -0.972363 0.233474
    outer loop
      vertex -96 -24.3538 0.260081
      vertex -88 -24.3135 0.427921
      vertex -96 -24.3135 0.427921
    endloop
  endfacet
  facet normal 0 -0.972363 0.233474
    outer loop
      vertex -88 -24.3135 0.427921
      vertex -96 -24.3538 0.260081
      vertex -88 -24.3538 0.260081
    endloop
  endfacet
  facet normal 0 -0.923787 0.382906
    outer loop
      vertex -96 -24.4199 0.10061
      vertex -88 -24.3538 0.260081
      vertex -96 -24.3538 0.260081
    endloop
  endfacet
  facet normal 0 -0.923787 0.382906
    outer loop
      vertex -88 -24.3538 0.260081
      vertex -96 -24.4199 0.10061
      vertex -88 -24.4199 0.10061
    endloop
  endfacet
  facet normal -0 0.0784501 0.996918
    outer loop
      vertex -96 -25.4 -0.5
      vertex -88 -25.5721 -0.486457
      vertex -88 -25.4 -0.5
    endloop
  endfacet
  facet normal 0 0.0784501 0.996918
    outer loop
      vertex -88 -25.5721 -0.486457
      vertex -96 -25.4 -0.5
      vertex -96 -25.5721 -0.486457
    endloop
  endfacet
  facet normal 0 0.852609 0.52255
    outer loop
      vertex -88 -26.2899 -0.0465631
      vertex -96 -26.3801 0.10061
      vertex -88 -26.3801 0.10061
    endloop
  endfacet
  facet normal 0 0.852609 0.52255
    outer loop
      vertex -96 -26.3801 0.10061
      vertex -88 -26.2899 -0.0465631
      vertex -96 -26.2899 -0.0465631
    endloop
  endfacet
  facet normal 0 0.972363 0.233474
    outer loop
      vertex -88 -26.4462 0.260081
      vertex -96 -26.4865 0.427921
      vertex -88 -26.4865 0.427921
    endloop
  endfacet
  facet normal 0 0.972363 0.233474
    outer loop
      vertex -96 -26.4865 0.427921
      vertex -88 -26.4462 0.260081
      vertex -96 -26.4462 0.260081
    endloop
  endfacet
  facet normal 0 -0.522434 0.85268
    outer loop
      vertex -96 -24.7534 -0.289918
      vertex -88 -24.9006 -0.380107
      vertex -88 -24.7534 -0.289918
    endloop
  endfacet
  facet normal 0 -0.522434 0.85268
    outer loop
      vertex -88 -24.9006 -0.380107
      vertex -96 -24.7534 -0.289918
      vertex -96 -24.9006 -0.380107
    endloop
  endfacet
  facet normal 0 0.233526 -0.97235
    outer loop
      vertex -96 -25.7399 1.64616
      vertex -88 -25.5721 1.68646
      vertex -88 -25.7399 1.64616
    endloop
  endfacet
  facet normal 0 0.233526 -0.97235
    outer loop
      vertex -88 -25.5721 1.68646
      vertex -96 -25.7399 1.64616
      vertex -96 -25.5721 1.68646
    endloop
  endfacet
  facet normal 0 -0.760425 -0.649426
    outer loop
      vertex -96 -24.5101 1.24656
      vertex -88 -24.6222 1.37782
      vertex -96 -24.6222 1.37782
    endloop
  endfacet
  facet normal 0 -0.760425 -0.649426
    outer loop
      vertex -88 -24.6222 1.37782
      vertex -96 -24.5101 1.24656
      vertex -88 -24.5101 1.24656
    endloop
  endfacet
  facet normal 0 -0.852604 -0.522558
    outer loop
      vertex -96 -24.4199 1.09939
      vertex -88 -24.5101 1.24656
      vertex -96 -24.5101 1.24656
    endloop
  endfacet
  facet normal 0 -0.852604 -0.522558
    outer loop
      vertex -88 -24.5101 1.24656
      vertex -96 -24.4199 1.09939
      vertex -88 -24.4199 1.09939
    endloop
  endfacet
  facet normal 0 -0.522438 -0.852677
    outer loop
      vertex -96 -24.9006 1.58011
      vertex -88 -24.7534 1.48992
      vertex -88 -24.9006 1.58011
    endloop
  endfacet
  facet normal -0 -0.522438 -0.852677
    outer loop
      vertex -88 -24.7534 1.48992
      vertex -96 -24.9006 1.58011
      vertex -96 -24.7534 1.48992
    endloop
  endfacet
  facet normal 0 -0.923787 -0.382906
    outer loop
      vertex -96 -24.3538 0.939919
      vertex -88 -24.4199 1.09939
      vertex -96 -24.4199 1.09939
    endloop
  endfacet
  facet normal 0 -0.923787 -0.382906
    outer loop
      vertex -88 -24.4199 1.09939
      vertex -96 -24.3538 0.939919
      vertex -88 -24.3538 0.939919
    endloop
  endfacet
  facet normal 0 -0.972363 -0.233472
    outer loop
      vertex -96 -24.3135 0.772078
      vertex -88 -24.3538 0.939919
      vertex -96 -24.3538 0.939919
    endloop
  endfacet
  facet normal 0 -0.972363 -0.233472
    outer loop
      vertex -88 -24.3538 0.939919
      vertex -96 -24.3135 0.772078
      vertex -88 -24.3135 0.772078
    endloop
  endfacet
  facet normal 0 0.382599 -0.923914
    outer loop
      vertex -96 -25.8994 1.58011
      vertex -88 -25.7399 1.64616
      vertex -88 -25.8994 1.58011
    endloop
  endfacet
  facet normal 0 0.382599 -0.923914
    outer loop
      vertex -88 -25.7399 1.64616
      vertex -96 -25.8994 1.58011
      vertex -96 -25.7399 1.64616
    endloop
  endfacet
  facet normal -0 0.233504 0.972356
    outer loop
      vertex -96 -25.5721 -0.486457
      vertex -88 -25.7399 -0.446161
      vertex -88 -25.5721 -0.486457
    endloop
  endfacet
  facet normal 0 0.233504 0.972356
    outer loop
      vertex -88 -25.7399 -0.446161
      vertex -96 -25.5721 -0.486457
      vertex -96 -25.7399 -0.446161
    endloop
  endfacet
  facet normal 0 0.852604 -0.522558
    outer loop
      vertex -88 -26.3801 1.09939
      vertex -96 -26.2899 1.24656
      vertex -88 -26.2899 1.24656
    endloop
  endfacet
  facet normal 0 0.852604 -0.522558
    outer loop
      vertex -96 -26.2899 1.24656
      vertex -88 -26.3801 1.09939
      vertex -96 -26.3801 1.09939
    endloop
  endfacet
  facet normal 0 0.923787 -0.382906
    outer loop
      vertex -88 -26.4462 0.939919
      vertex -96 -26.3801 1.09939
      vertex -88 -26.3801 1.09939
    endloop
  endfacet
  facet normal 0 0.923787 -0.382906
    outer loop
      vertex -96 -26.3801 1.09939
      vertex -88 -26.4462 0.939919
      vertex -96 -26.4462 0.939919
    endloop
  endfacet
  facet normal 0 0.996937 -0.078212
    outer loop
      vertex -88 -26.5 0.599999
      vertex -96 -26.4865 0.772078
      vertex -88 -26.4865 0.772078
    endloop
  endfacet
  facet normal 0 0.996937 -0.078212
    outer loop
      vertex -96 -26.4865 0.772078
      vertex -88 -26.5 0.599999
      vertex -96 -26.5 0.599999
    endloop
  endfacet
  facet normal 0 0.649598 -0.760278
    outer loop
      vertex -96 -26.1778 1.37782
      vertex -88 -26.0466 1.48992
      vertex -88 -26.1778 1.37782
    endloop
  endfacet
  facet normal 0 0.649598 -0.760278
    outer loop
      vertex -88 -26.0466 1.48992
      vertex -96 -26.1778 1.37782
      vertex -96 -26.0466 1.48992
    endloop
  endfacet
  facet normal -0 0.382619 0.923906
    outer loop
      vertex -96 -25.7399 -0.446161
      vertex -88 -25.8994 -0.380107
      vertex -88 -25.7399 -0.446161
    endloop
  endfacet
  facet normal 0 0.382619 0.923906
    outer loop
      vertex -88 -25.8994 -0.380107
      vertex -96 -25.7399 -0.446161
      vertex -96 -25.8994 -0.380107
    endloop
  endfacet
  facet normal 0 -0.996937 0.0782125
    outer loop
      vertex -96 -24.3135 0.427921
      vertex -88 -24.3 0.599999
      vertex -96 -24.3 0.599999
    endloop
  endfacet
  facet normal 0 -0.996937 0.0782125
    outer loop
      vertex -88 -24.3 0.599999
      vertex -96 -24.3135 0.427921
      vertex -88 -24.3135 0.427921
    endloop
  endfacet
  facet normal 0 0.972363 -0.233472
    outer loop
      vertex -88 -26.4865 0.772078
      vertex -96 -26.4462 0.939919
      vertex -88 -26.4462 0.939919
    endloop
  endfacet
  facet normal 0 0.972363 -0.233472
    outer loop
      vertex -96 -26.4462 0.939919
      vertex -88 -26.4865 0.772078
      vertex -96 -26.4865 0.772078
    endloop
  endfacet
  facet normal 0 0.760425 -0.649426
    outer loop
      vertex -88 -26.2899 1.24656
      vertex -96 -26.1778 1.37782
      vertex -88 -26.1778 1.37782
    endloop
  endfacet
  facet normal 0 0.760425 -0.649426
    outer loop
      vertex -96 -26.1778 1.37782
      vertex -88 -26.2899 1.24656
      vertex -96 -26.2899 1.24656
    endloop
  endfacet
  facet normal 1 0 0
    outer loop
      vertex -88 -22.4 36.4
      vertex -88 -24.3 33.4
      vertex -88 -22.4 30.4
    endloop
  endfacet
  facet normal 1 0 0
    outer loop
      vertex -88 -22.4 36.4
      vertex -88 -24.3135 33.5721
      vertex -88 -24.3 33.4
    endloop
  endfacet
  facet normal 1 0 0
    outer loop
      vertex -88 -22.4 36.4
      vertex -88 -24.3538 33.7399
      vertex -88 -24.3135 33.5721
    endloop
  endfacet
  facet normal 1 0 0
    outer loop
      vertex -88 -22.4 36.4
      vertex -88 -24.4199 33.8994
      vertex -88 -24.3538 33.7399
    endloop
  endfacet
  facet normal 1 0 0
    outer loop
      vertex -88 -22.4 36.4
      vertex -88 -24.5101 34.0466
      vertex -88 -24.4199 33.8994
    endloop
  endfacet
  facet normal 1 0 0
    outer loop
      vertex -88 -22.4 36.4
      vertex -88 -24.6222 34.1778
      vertex -88 -24.5101 34.0466
    endloop
  endfacet
  facet normal 1 0 0
    outer loop
      vertex -88 -22.4 36.4
      vertex -88 -24.7534 34.2899
      vertex -88 -24.6222 34.1778
    endloop
  endfacet
  facet normal 1 0 0
    outer loop
      vertex -88 -22.4 36.4
      vertex -88 -24.9006 34.3801
      vertex -88 -24.7534 34.2899
    endloop
  endfacet
  facet normal 1 0 0
    outer loop
      vertex -88 -22.4 36.4
      vertex -88 -25.0601 34.4462
      vertex -88 -24.9006 34.3801
    endloop
  endfacet
  facet normal 1 0 0
    outer loop
      vertex -88 -22.4 36.4
      vertex -88 -25.2279 34.4865
      vertex -88 -25.0601 34.4462
    endloop
  endfacet
  facet normal 1 -0 0
    outer loop
      vertex -88 -27.33 36.4
      vertex -88 -25.2279 34.4865
      vertex -88 -22.4 36.4
    endloop
  endfacet
  facet normal 1 0 0
    outer loop
      vertex -88 -25.2279 34.4865
      vertex -88 -27.33 36.4
      vertex -88 -25.4 34.5
    endloop
  endfacet
  facet normal 1 0 0
    outer loop
      vertex -88 -25.4 34.5
      vertex -88 -27.33 36.4
      vertex -88 -25.5721 34.4865
    endloop
  endfacet
  facet normal 1 0 0
    outer loop
      vertex -88 -25.5721 34.4865
      vertex -88 -27.33 36.4
      vertex -88 -25.7399 34.4462
    endloop
  endfacet
  facet normal 1 0 0
    outer loop
      vertex -88 -26.4462 33.7399
      vertex -88 -28.4 35.33
      vertex -88 -26.4865 33.5721
    endloop
  endfacet
  facet normal 1 0 0
    outer loop
      vertex -88 -26.3801 33.8994
      vertex -88 -28.4 35.33
      vertex -88 -26.4462 33.7399
    endloop
  endfacet
  facet normal 1 0 0
    outer loop
      vertex -88 -26.2899 34.0466
      vertex -88 -28.4 35.33
      vertex -88 -26.3801 33.8994
    endloop
  endfacet
  facet normal 1 0 0
    outer loop
      vertex -88 -26.1778 34.1778
      vertex -88 -28.4 35.33
      vertex -88 -26.2899 34.0466
    endloop
  endfacet
  facet normal 1 -0 0
    outer loop
      vertex -88 -28.4 35.33
      vertex -88 -26.1778 34.1778
      vertex -88 -27.33 36.4
    endloop
  endfacet
  facet normal 1 0 0
    outer loop
      vertex -88 -26.0466 34.2899
      vertex -88 -27.33 36.4
      vertex -88 -26.1778 34.1778
    endloop
  endfacet
  facet normal 1 0 0
    outer loop
      vertex -88 -25.8994 34.3801
      vertex -88 -27.33 36.4
      vertex -88 -26.0466 34.2899
    endloop
  endfacet
  facet normal 1 0 0
    outer loop
      vertex -88 -25.7399 34.4462
      vertex -88 -27.33 36.4
      vertex -88 -25.8994 34.3801
    endloop
  endfacet
  facet normal 1 -0 0
    outer loop
      vertex -88 -24.3135 33.2279
      vertex -88 -22.4 30.4
      vertex -88 -24.3 33.4
    endloop
  endfacet
  facet normal 1 -0 0
    outer loop
      vertex -88 -24.3538 33.0601
      vertex -88 -22.4 30.4
      vertex -88 -24.3135 33.2279
    endloop
  endfacet
  facet normal 1 -0 0
    outer loop
      vertex -88 -24.4199 32.9006
      vertex -88 -22.4 30.4
      vertex -88 -24.3538 33.0601
    endloop
  endfacet
  facet normal 1 -0 0
    outer loop
      vertex -88 -24.5101 32.7534
      vertex -88 -22.4 30.4
      vertex -88 -24.4199 32.9006
    endloop
  endfacet
  facet normal 1 -0 0
    outer loop
      vertex -88 -24.6222 32.6222
      vertex -88 -22.4 30.4
      vertex -88 -24.5101 32.7534
    endloop
  endfacet
  facet normal 1 -0 0
    outer loop
      vertex -88 -24.7534 32.5101
      vertex -88 -22.4 30.4
      vertex -88 -24.6222 32.6222
    endloop
  endfacet
  facet normal 1 -0 0
    outer loop
      vertex -88 -24.9006 32.4199
      vertex -88 -22.4 30.4
      vertex -88 -24.7534 32.5101
    endloop
  endfacet
  facet normal 1 -0 0
    outer loop
      vertex -88 -25.0601 32.3538
      vertex -88 -22.4 30.4
      vertex -88 -24.9006 32.4199
    endloop
  endfacet
  facet normal 1 -0 0
    outer loop
      vertex -88 -25.2279 32.3135
      vertex -88 -22.4 30.4
      vertex -88 -25.0601 32.3538
    endloop
  endfacet
  facet normal 1 -0 0
    outer loop
      vertex -88 -25.4 32.3
      vertex -88 -22.4 30.4
      vertex -88 -25.2279 32.3135
    endloop
  endfacet
  facet normal 1 0 0
    outer loop
      vertex -88 -28.4 30.4
      vertex -88 -25.4 32.3
      vertex -88 -25.5721 32.3135
    endloop
  endfacet
  facet normal 1 0 0
    outer loop
      vertex -88 -28.4 30.4
      vertex -88 -25.5721 32.3135
      vertex -88 -25.7399 32.3538
    endloop
  endfacet
  facet normal 1 0 0
    outer loop
      vertex -88 -28.4 30.4
      vertex -88 -25.7399 32.3538
      vertex -88 -25.8994 32.4199
    endloop
  endfacet
  facet normal 1 0 0
    outer loop
      vertex -88 -26.4865 33.5721
      vertex -88 -28.4 35.33
      vertex -88 -26.5 33.4
    endloop
  endfacet
  facet normal 1 0 0
    outer loop
      vertex -88 -26.5 33.4
      vertex -88 -28.4 35.33
      vertex -88 -26.4865 33.2279
    endloop
  endfacet
  facet normal 1 0 0
    outer loop
      vertex -88 -28.4 35.33
      vertex -88 -27.33 36.4
      vertex -88 -28.4 36.4
    endloop
  endfacet
  facet normal 1 0 0
    outer loop
      vertex -88 -28.4 30.4
      vertex -88 -26.4865 33.2279
      vertex -88 -28.4 35.33
    endloop
  endfacet
  facet normal 1 0 0
    outer loop
      vertex -88 -26.4865 33.2279
      vertex -88 -28.4 30.4
      vertex -88 -26.4462 33.0601
    endloop
  endfacet
  facet normal 1 0 0
    outer loop
      vertex -88 -26.4462 33.0601
      vertex -88 -28.4 30.4
      vertex -88 -26.3801 32.9006
    endloop
  endfacet
  facet normal 1 0 0
    outer loop
      vertex -88 -25.4 32.3
      vertex -88 -28.4 30.4
      vertex -88 -22.4 30.4
    endloop
  endfacet
  facet normal 1 0 0
    outer loop
      vertex -88 -26.0466 32.5101
      vertex -88 -28.4 30.4
      vertex -88 -25.8994 32.4199
    endloop
  endfacet
  facet normal 1 0 0
    outer loop
      vertex -88 -26.1778 32.6222
      vertex -88 -28.4 30.4
      vertex -88 -26.0466 32.5101
    endloop
  endfacet
  facet normal 1 0 0
    outer loop
      vertex -88 -26.2899 32.7534
      vertex -88 -28.4 30.4
      vertex -88 -26.1778 32.6222
    endloop
  endfacet
  facet normal 1 0 0
    outer loop
      vertex -88 -26.3801 32.9006
      vertex -88 -28.4 30.4
      vertex -88 -26.2899 32.7534
    endloop
  endfacet
  facet normal 0 0 -1
    outer loop
      vertex -95.2572 -28.4 30.4
      vertex -88 -22.4 30.4
      vertex -88 -28.4 30.4
    endloop
  endfacet
  facet normal 0 0 -1
    outer loop
      vertex -96 -22.4 30.4
      vertex -95.2572 -28.4 30.4
      vertex -96 -28.4 30.4
    endloop
  endfacet
  facet normal 0 0 -1
    outer loop
      vertex -95.2572 -28.4 30.4
      vertex -96 -22.4 30.4
      vertex -88 -22.4 30.4
    endloop
  endfacet
  facet normal -1 0 0
    outer loop
      vertex -96 -22.4 30.4
      vertex -96 -24.3 33.4
      vertex -96 -22.4 36.4
    endloop
  endfacet
  facet normal -1 0 0
    outer loop
      vertex -96 -22.4 30.4
      vertex -96 -24.3135 33.2279
      vertex -96 -24.3 33.4
    endloop
  endfacet
  facet normal -1 0 0
    outer loop
      vertex -96 -22.4 30.4
      vertex -96 -24.3538 33.0601
      vertex -96 -24.3135 33.2279
    endloop
  endfacet
  facet normal -1 0 0
    outer loop
      vertex -96 -22.4 30.4
      vertex -96 -24.4199 32.9006
      vertex -96 -24.3538 33.0601
    endloop
  endfacet
  facet normal -1 0 0
    outer loop
      vertex -96 -22.4 30.4
      vertex -96 -24.5101 32.7534
      vertex -96 -24.4199 32.9006
    endloop
  endfacet
  facet normal -1 0 0
    outer loop
      vertex -96 -22.4 30.4
      vertex -96 -24.6222 32.6222
      vertex -96 -24.5101 32.7534
    endloop
  endfacet
  facet normal -1 0 0
    outer loop
      vertex -96 -22.4 30.4
      vertex -96 -24.7534 32.5101
      vertex -96 -24.6222 32.6222
    endloop
  endfacet
  facet normal -1 0 0
    outer loop
      vertex -96 -22.4 30.4
      vertex -96 -24.9006 32.4199
      vertex -96 -24.7534 32.5101
    endloop
  endfacet
  facet normal -1 0 0
    outer loop
      vertex -96 -22.4 30.4
      vertex -96 -25.0601 32.3538
      vertex -96 -24.9006 32.4199
    endloop
  endfacet
  facet normal -1 0 0
    outer loop
      vertex -96 -22.4 30.4
      vertex -96 -25.2279 32.3135
      vertex -96 -25.0601 32.3538
    endloop
  endfacet
  facet normal -1 0 0
    outer loop
      vertex -96 -22.4 30.4
      vertex -96 -25.4 32.3
      vertex -96 -25.2279 32.3135
    endloop
  endfacet
  facet normal -1 0 0
    outer loop
      vertex -96 -28.4 30.4
      vertex -96 -25.4 32.3
      vertex -96 -22.4 30.4
    endloop
  endfacet
  facet normal -1 -0 0
    outer loop
      vertex -96 -25.4 32.3
      vertex -96 -28.4 30.4
      vertex -96 -25.5721 32.3135
    endloop
  endfacet
  facet normal -1 -0 0
    outer loop
      vertex -96 -25.5721 32.3135
      vertex -96 -28.4 30.4
      vertex -96 -25.7399 32.3538
    endloop
  endfacet
  facet normal -1 -0 0
    outer loop
      vertex -96 -26.4865 33.2279
      vertex -96 -28.4 30.4
      vertex -96 -26.5 33.4
    endloop
  endfacet
  facet normal -1 -0 0
    outer loop
      vertex -96 -26.4462 33.0601
      vertex -96 -28.4 30.4
      vertex -96 -26.4865 33.2279
    endloop
  endfacet
  facet normal -1 -0 0
    outer loop
      vertex -96 -26.3801 32.9006
      vertex -96 -28.4 30.4
      vertex -96 -26.4462 33.0601
    endloop
  endfacet
  facet normal -1 -0 0
    outer loop
      vertex -96 -26.2899 32.7534
      vertex -96 -28.4 30.4
      vertex -96 -26.3801 32.9006
    endloop
  endfacet
  facet normal -1 -0 0
    outer loop
      vertex -96 -26.1778 32.6222
      vertex -96 -28.4 30.4
      vertex -96 -26.2899 32.7534
    endloop
  endfacet
  facet normal -1 -0 0
    outer loop
      vertex -96 -26.0466 32.5101
      vertex -96 -28.4 30.4
      vertex -96 -26.1778 32.6222
    endloop
  endfacet
  facet normal -1 -0 0
    outer loop
      vertex -96 -25.8994 32.4199
      vertex -96 -28.4 30.4
      vertex -96 -26.0466 32.5101
    endloop
  endfacet
  facet normal -1 -0 0
    outer loop
      vertex -96 -25.7399 32.3538
      vertex -96 -28.4 30.4
      vertex -96 -25.8994 32.4199
    endloop
  endfacet
  facet normal -1 0 0
    outer loop
      vertex -96 -24.3135 33.5721
      vertex -96 -22.4 36.4
      vertex -96 -24.3 33.4
    endloop
  endfacet
  facet normal -1 0 0
    outer loop
      vertex -96 -24.3538 33.7399
      vertex -96 -22.4 36.4
      vertex -96 -24.3135 33.5721
    endloop
  endfacet
  facet normal -1 0 0
    outer loop
      vertex -96 -24.4199 33.8994
      vertex -96 -22.4 36.4
      vertex -96 -24.3538 33.7399
    endloop
  endfacet
  facet normal -1 0 0
    outer loop
      vertex -96 -24.5101 34.0466
      vertex -96 -22.4 36.4
      vertex -96 -24.4199 33.8994
    endloop
  endfacet
  facet normal -1 0 0
    outer loop
      vertex -96 -24.6222 34.1778
      vertex -96 -22.4 36.4
      vertex -96 -24.5101 34.0466
    endloop
  endfacet
  facet normal -1 0 0
    outer loop
      vertex -96 -24.7534 34.2899
      vertex -96 -22.4 36.4
      vertex -96 -24.6222 34.1778
    endloop
  endfacet
  facet normal -1 0 0
    outer loop
      vertex -96 -24.9006 34.3801
      vertex -96 -22.4 36.4
      vertex -96 -24.7534 34.2899
    endloop
  endfacet
  facet normal -1 0 0
    outer loop
      vertex -96 -25.0601 34.4462
      vertex -96 -22.4 36.4
      vertex -96 -24.9006 34.3801
    endloop
  endfacet
  facet normal -1 0 0
    outer loop
      vertex -96 -25.2279 34.4865
      vertex -96 -22.4 36.4
      vertex -96 -25.0601 34.4462
    endloop
  endfacet
  facet normal -1 0 0
    outer loop
      vertex -96 -25.4 34.5
      vertex -96 -22.4 36.4
      vertex -96 -25.2279 34.4865
    endloop
  endfacet
  facet normal -1 0 0
    outer loop
      vertex -96 -28.4 36.4
      vertex -96 -25.4 34.5
      vertex -96 -25.5721 34.4865
    endloop
  endfacet
  facet normal -1 0 0
    outer loop
      vertex -96 -28.4 36.4
      vertex -96 -25.5721 34.4865
      vertex -96 -25.7399 34.4462
    endloop
  endfacet
  facet normal -1 0 0
    outer loop
      vertex -96 -28.4 36.4
      vertex -96 -25.7399 34.4462
      vertex -96 -25.8994 34.3801
    endloop
  endfacet
  facet normal -1 0 0
    outer loop
      vertex -96 -28.4 36.4
      vertex -96 -26.5 33.4
      vertex -96 -28.4 30.4
    endloop
  endfacet
  facet normal -1 0 0
    outer loop
      vertex -96 -26.5 33.4
      vertex -96 -28.4 36.4
      vertex -96 -26.4865 33.5721
    endloop
  endfacet
  facet normal -1 0 0
    outer loop
      vertex -96 -26.4865 33.5721
      vertex -96 -28.4 36.4
      vertex -96 -26.4462 33.7399
    endloop
  endfacet
  facet normal -1 0 0
    outer loop
      vertex -96 -25.4 34.5
      vertex -96 -28.4 36.4
      vertex -96 -22.4 36.4
    endloop
  endfacet
  facet normal -1 0 0
    outer loop
      vertex -96 -26.0466 34.2899
      vertex -96 -28.4 36.4
      vertex -96 -25.8994 34.3801
    endloop
  endfacet
  facet normal -1 0 0
    outer loop
      vertex -96 -26.1778 34.1778
      vertex -96 -28.4 36.4
      vertex -96 -26.0466 34.2899
    endloop
  endfacet
  facet normal -1 0 0
    outer loop
      vertex -96 -26.2899 34.0466
      vertex -96 -28.4 36.4
      vertex -96 -26.1778 34.1778
    endloop
  endfacet
  facet normal -1 0 0
    outer loop
      vertex -96 -26.3801 33.8994
      vertex -96 -28.4 36.4
      vertex -96 -26.2899 34.0466
    endloop
  endfacet
  facet normal -1 0 0
    outer loop
      vertex -96 -26.4462 33.7399
      vertex -96 -28.4 36.4
      vertex -96 -26.3801 33.8994
    endloop
  endfacet
  facet normal 0 1 -0
    outer loop
      vertex -88 -22.4 30.4
      vertex -95.33 -22.4 36.4
      vertex -88 -22.4 36.4
    endloop
  endfacet
  facet normal 0 1 0
    outer loop
      vertex -96 -22.4 30.4
      vertex -95.33 -22.4 36.4
      vertex -88 -22.4 30.4
    endloop
  endfacet
  facet normal 0 1 0
    outer loop
      vertex -95.33 -22.4 36.4
      vertex -96 -22.4 30.4
      vertex -96 -22.4 36.4
    endloop
  endfacet
  facet normal 0 -0.0782025 -0.996937
    outer loop
      vertex -96 -25.4 34.5
      vertex -88 -25.2279 34.4865
      vertex -88 -25.4 34.5
    endloop
  endfacet
  facet normal -0 -0.0782025 -0.996937
    outer loop
      vertex -88 -25.2279 34.4865
      vertex -96 -25.4 34.5
      vertex -96 -25.2279 34.4865
    endloop
  endfacet
  facet normal 0 -0.522481 -0.852651
    outer loop
      vertex -96 -24.9006 34.3801
      vertex -88 -24.7534 34.2899
      vertex -88 -24.9006 34.3801
    endloop
  endfacet
  facet normal -0 -0.522481 -0.852651
    outer loop
      vertex -88 -24.7534 34.2899
      vertex -96 -24.9006 34.3801
      vertex -96 -24.7534 34.2899
    endloop
  endfacet
  facet normal 0 -0.233526 -0.97235
    outer loop
      vertex -96 -25.2279 34.4865
      vertex -88 -25.0601 34.4462
      vertex -88 -25.2279 34.4865
    endloop
  endfacet
  facet normal -0 -0.233526 -0.97235
    outer loop
      vertex -88 -25.0601 34.4462
      vertex -96 -25.2279 34.4865
      vertex -96 -25.0601 34.4462
    endloop
  endfacet
  facet normal 0 -0.233526 0.97235
    outer loop
      vertex -96 -25.0601 32.3538
      vertex -88 -25.2279 32.3135
      vertex -88 -25.0601 32.3538
    endloop
  endfacet
  facet normal 0 -0.233526 0.97235
    outer loop
      vertex -88 -25.2279 32.3135
      vertex -96 -25.0601 32.3538
      vertex -96 -25.2279 32.3135
    endloop
  endfacet
  facet normal 0 -0.649598 0.760278
    outer loop
      vertex -96 -24.6222 32.6222
      vertex -88 -24.7534 32.5101
      vertex -88 -24.6222 32.6222
    endloop
  endfacet
  facet normal 0 -0.649598 0.760278
    outer loop
      vertex -88 -24.7534 32.5101
      vertex -96 -24.6222 32.6222
      vertex -96 -24.7534 32.5101
    endloop
  endfacet
  facet normal 0 0.996937 0.0782025
    outer loop
      vertex -88 -26.4865 33.2279
      vertex -96 -26.5 33.4
      vertex -88 -26.5 33.4
    endloop
  endfacet
  facet normal 0 0.996937 0.0782025
    outer loop
      vertex -96 -26.5 33.4
      vertex -88 -26.4865 33.2279
      vertex -96 -26.4865 33.2279
    endloop
  endfacet
  facet normal 0 -0.852651 -0.522481
    outer loop
      vertex -96 -24.4199 33.8994
      vertex -88 -24.5101 34.0466
      vertex -96 -24.5101 34.0466
    endloop
  endfacet
  facet normal 0 -0.852651 -0.522481
    outer loop
      vertex -88 -24.5101 34.0466
      vertex -96 -24.4199 33.8994
      vertex -88 -24.4199 33.8994
    endloop
  endfacet
  facet normal 0 0.97235 -0.233526
    outer loop
      vertex -88 -26.4865 33.5721
      vertex -96 -26.4462 33.7399
      vertex -88 -26.4462 33.7399
    endloop
  endfacet
  facet normal 0 0.97235 -0.233526
    outer loop
      vertex -96 -26.4462 33.7399
      vertex -88 -26.4865 33.5721
      vertex -96 -26.4865 33.5721
    endloop
  endfacet
  facet normal 0 0.852651 0.522481
    outer loop
      vertex -88 -26.2899 32.7534
      vertex -96 -26.3801 32.9006
      vertex -88 -26.3801 32.9006
    endloop
  endfacet
  facet normal 0 0.852651 0.522481
    outer loop
      vertex -96 -26.3801 32.9006
      vertex -88 -26.2899 32.7534
      vertex -96 -26.2899 32.7534
    endloop
  endfacet
  facet normal -0 0.0782025 0.996937
    outer loop
      vertex -96 -25.4 32.3
      vertex -88 -25.5721 32.3135
      vertex -88 -25.4 32.3
    endloop
  endfacet
  facet normal 0 0.0782025 0.996937
    outer loop
      vertex -88 -25.5721 32.3135
      vertex -96 -25.4 32.3
      vertex -96 -25.5721 32.3135
    endloop
  endfacet
  facet normal 0 -0.382846 0.923812
    outer loop
      vertex -96 -24.9006 32.4199
      vertex -88 -25.0601 32.3538
      vertex -88 -24.9006 32.4199
    endloop
  endfacet
  facet normal 0 -0.382846 0.923812
    outer loop
      vertex -88 -25.0601 32.3538
      vertex -96 -24.9006 32.4199
      vertex -96 -25.0601 32.3538
    endloop
  endfacet
  facet normal 0 -0.923812 -0.382846
    outer loop
      vertex -96 -24.3538 33.7399
      vertex -88 -24.4199 33.8994
      vertex -96 -24.4199 33.8994
    endloop
  endfacet
  facet normal 0 -0.923812 -0.382846
    outer loop
      vertex -88 -24.4199 33.8994
      vertex -96 -24.3538 33.7399
      vertex -88 -24.3538 33.7399
    endloop
  endfacet
  facet normal 0 -0.0782025 0.996937
    outer loop
      vertex -96 -25.2279 32.3135
      vertex -88 -25.4 32.3
      vertex -88 -25.2279 32.3135
    endloop
  endfacet
  facet normal 0 -0.0782025 0.996937
    outer loop
      vertex -88 -25.4 32.3
      vertex -96 -25.2279 32.3135
      vertex -96 -25.4 32.3
    endloop
  endfacet
  facet normal 0 0.923812 0.382846
    outer loop
      vertex -88 -26.3801 32.9006
      vertex -96 -26.4462 33.0601
      vertex -88 -26.4462 33.0601
    endloop
  endfacet
  facet normal 0 0.923812 0.382846
    outer loop
      vertex -96 -26.4462 33.0601
      vertex -88 -26.3801 32.9006
      vertex -96 -26.3801 32.9006
    endloop
  endfacet
  facet normal -0 0.233526 0.97235
    outer loop
      vertex -96 -25.5721 32.3135
      vertex -88 -25.7399 32.3538
      vertex -88 -25.5721 32.3135
    endloop
  endfacet
  facet normal 0 0.233526 0.97235
    outer loop
      vertex -88 -25.7399 32.3538
      vertex -96 -25.5721 32.3135
      vertex -96 -25.7399 32.3538
    endloop
  endfacet
  facet normal 0 -0.923812 0.382846
    outer loop
      vertex -96 -24.4199 32.9006
      vertex -88 -24.3538 33.0601
      vertex -96 -24.3538 33.0601
    endloop
  endfacet
  facet normal 0 -0.923812 0.382846
    outer loop
      vertex -88 -24.3538 33.0601
      vertex -96 -24.4199 32.9006
      vertex -88 -24.4199 32.9006
    endloop
  endfacet
  facet normal 0 0.852651 -0.522481
    outer loop
      vertex -88 -26.3801 33.8994
      vertex -96 -26.2899 34.0466
      vertex -88 -26.2899 34.0466
    endloop
  endfacet
  facet normal 0 0.852651 -0.522481
    outer loop
      vertex -96 -26.2899 34.0466
      vertex -88 -26.3801 33.8994
      vertex -96 -26.3801 33.8994
    endloop
  endfacet
  facet normal 0 0.522481 -0.852651
    outer loop
      vertex -96 -26.0466 34.2899
      vertex -88 -25.8994 34.3801
      vertex -88 -26.0466 34.2899
    endloop
  endfacet
  facet normal 0 0.522481 -0.852651
    outer loop
      vertex -88 -25.8994 34.3801
      vertex -96 -26.0466 34.2899
      vertex -96 -25.8994 34.3801
    endloop
  endfacet
  facet normal -0 0.522481 0.852651
    outer loop
      vertex -96 -25.8994 32.4199
      vertex -88 -26.0466 32.5101
      vertex -88 -25.8994 32.4199
    endloop
  endfacet
  facet normal 0 0.522481 0.852651
    outer loop
      vertex -88 -26.0466 32.5101
      vertex -96 -25.8994 32.4199
      vertex -96 -26.0466 32.5101
    endloop
  endfacet
  facet normal -0 0.382846 0.923812
    outer loop
      vertex -96 -25.7399 32.3538
      vertex -88 -25.8994 32.4199
      vertex -88 -25.7399 32.3538
    endloop
  endfacet
  facet normal 0 0.382846 0.923812
    outer loop
      vertex -88 -25.8994 32.4199
      vertex -96 -25.7399 32.3538
      vertex -96 -25.8994 32.4199
    endloop
  endfacet
  facet normal 0 -0.760278 -0.649598
    outer loop
      vertex -96 -24.5101 34.0466
      vertex -88 -24.6222 34.1778
      vertex -96 -24.6222 34.1778
    endloop
  endfacet
  facet normal 0 -0.760278 -0.649598
    outer loop
      vertex -88 -24.6222 34.1778
      vertex -96 -24.5101 34.0466
      vertex -88 -24.5101 34.0466
    endloop
  endfacet
  facet normal 0 -0.97235 0.233526
    outer loop
      vertex -96 -24.3538 33.0601
      vertex -88 -24.3135 33.2279
      vertex -96 -24.3135 33.2279
    endloop
  endfacet
  facet normal 0 -0.97235 0.233526
    outer loop
      vertex -88 -24.3135 33.2279
      vertex -96 -24.3538 33.0601
      vertex -88 -24.3538 33.0601
    endloop
  endfacet
  facet normal 0 0.0782025 -0.996937
    outer loop
      vertex -96 -25.5721 34.4865
      vertex -88 -25.4 34.5
      vertex -88 -25.5721 34.4865
    endloop
  endfacet
  facet normal 0 0.0782025 -0.996937
    outer loop
      vertex -88 -25.4 34.5
      vertex -96 -25.5721 34.4865
      vertex -96 -25.4 34.5
    endloop
  endfacet
  facet normal 0 -0.522481 0.852651
    outer loop
      vertex -96 -24.7534 32.5101
      vertex -88 -24.9006 32.4199
      vertex -88 -24.7534 32.5101
    endloop
  endfacet
  facet normal 0 -0.522481 0.852651
    outer loop
      vertex -88 -24.9006 32.4199
      vertex -96 -24.7534 32.5101
      vertex -96 -24.9006 32.4199
    endloop
  endfacet
  facet normal -0 0.649598 0.760278
    outer loop
      vertex -96 -26.0466 32.5101
      vertex -88 -26.1778 32.6222
      vertex -88 -26.0466 32.5101
    endloop
  endfacet
  facet normal 0 0.649598 0.760278
    outer loop
      vertex -88 -26.1778 32.6222
      vertex -96 -26.0466 32.5101
      vertex -96 -26.1778 32.6222
    endloop
  endfacet
  facet normal 0 -0.996937 -0.0782025
    outer loop
      vertex -96 -24.3 33.4
      vertex -88 -24.3135 33.5721
      vertex -96 -24.3135 33.5721
    endloop
  endfacet
  facet normal 0 -0.996937 -0.0782025
    outer loop
      vertex -88 -24.3135 33.5721
      vertex -96 -24.3 33.4
      vertex -88 -24.3 33.4
    endloop
  endfacet
  facet normal 0 0.923812 -0.382846
    outer loop
      vertex -88 -26.4462 33.7399
      vertex -96 -26.3801 33.8994
      vertex -88 -26.3801 33.8994
    endloop
  endfacet
  facet normal 0 0.923812 -0.382846
    outer loop
      vertex -96 -26.3801 33.8994
      vertex -88 -26.4462 33.7399
      vertex -96 -26.4462 33.7399
    endloop
  endfacet
  facet normal 0 0.233526 -0.97235
    outer loop
      vertex -96 -25.7399 34.4462
      vertex -88 -25.5721 34.4865
      vertex -88 -25.7399 34.4462
    endloop
  endfacet
  facet normal 0 0.233526 -0.97235
    outer loop
      vertex -88 -25.5721 34.4865
      vertex -96 -25.7399 34.4462
      vertex -96 -25.5721 34.4865
    endloop
  endfacet
  facet normal 0 0.382846 -0.923812
    outer loop
      vertex -96 -25.8994 34.3801
      vertex -88 -25.7399 34.4462
      vertex -88 -25.8994 34.3801
    endloop
  endfacet
  facet normal 0 0.382846 -0.923812
    outer loop
      vertex -88 -25.7399 34.4462
      vertex -96 -25.8994 34.3801
      vertex -96 -25.7399 34.4462
    endloop
  endfacet
  facet normal 0 -0.97235 -0.233526
    outer loop
      vertex -96 -24.3135 33.5721
      vertex -88 -24.3538 33.7399
      vertex -96 -24.3538 33.7399
    endloop
  endfacet
  facet normal 0 -0.97235 -0.233526
    outer loop
      vertex -88 -24.3538 33.7399
      vertex -96 -24.3135 33.5721
      vertex -88 -24.3135 33.5721
    endloop
  endfacet
  facet normal 0 0.760278 -0.649598
    outer loop
      vertex -88 -26.2899 34.0466
      vertex -96 -26.1778 34.1778
      vertex -88 -26.1778 34.1778
    endloop
  endfacet
  facet normal 0 0.760278 -0.649598
    outer loop
      vertex -96 -26.1778 34.1778
      vertex -88 -26.2899 34.0466
      vertex -96 -26.2899 34.0466
    endloop
  endfacet
  facet normal 0 0.649598 -0.760278
    outer loop
      vertex -96 -26.1778 34.1778
      vertex -88 -26.0466 34.2899
      vertex -88 -26.1778 34.1778
    endloop
  endfacet
  facet normal 0 0.649598 -0.760278
    outer loop
      vertex -88 -26.0466 34.2899
      vertex -96 -26.1778 34.1778
      vertex -96 -26.0466 34.2899
    endloop
  endfacet
  facet normal 0 0.97235 0.233526
    outer loop
      vertex -88 -26.4462 33.0601
      vertex -96 -26.4865 33.2279
      vertex -88 -26.4865 33.2279
    endloop
  endfacet
  facet normal 0 0.97235 0.233526
    outer loop
      vertex -96 -26.4865 33.2279
      vertex -88 -26.4462 33.0601
      vertex -96 -26.4462 33.0601
    endloop
  endfacet
  facet normal 0 -0.649598 -0.760278
    outer loop
      vertex -96 -24.7534 34.2899
      vertex -88 -24.6222 34.1778
      vertex -88 -24.7534 34.2899
    endloop
  endfacet
  facet normal -0 -0.649598 -0.760278
    outer loop
      vertex -88 -24.6222 34.1778
      vertex -96 -24.7534 34.2899
      vertex -96 -24.6222 34.1778
    endloop
  endfacet
  facet normal 0 -0.996937 0.0782025
    outer loop
      vertex -96 -24.3135 33.2279
      vertex -88 -24.3 33.4
      vertex -96 -24.3 33.4
    endloop
  endfacet
  facet normal 0 -0.996937 0.0782025
    outer loop
      vertex -88 -24.3 33.4
      vertex -96 -24.3135 33.2279
      vertex -88 -24.3135 33.2279
    endloop
  endfacet
  facet normal 0 -0.852651 0.522481
    outer loop
      vertex -96 -24.5101 32.7534
      vertex -88 -24.4199 32.9006
      vertex -96 -24.4199 32.9006
    endloop
  endfacet
  facet normal 0 -0.852651 0.522481
    outer loop
      vertex -88 -24.4199 32.9006
      vertex -96 -24.5101 32.7534
      vertex -88 -24.5101 32.7534
    endloop
  endfacet
  facet normal 0 -0.382846 -0.923812
    outer loop
      vertex -96 -25.0601 34.4462
      vertex -88 -24.9006 34.3801
      vertex -88 -25.0601 34.4462
    endloop
  endfacet
  facet normal -0 -0.382846 -0.923812
    outer loop
      vertex -88 -24.9006 34.3801
      vertex -96 -25.0601 34.4462
      vertex -96 -24.9006 34.3801
    endloop
  endfacet
  facet normal 0 0.760278 0.649598
    outer loop
      vertex -88 -26.1778 32.6222
      vertex -96 -26.2899 32.7534
      vertex -88 -26.2899 32.7534
    endloop
  endfacet
  facet normal 0 0.760278 0.649598
    outer loop
      vertex -96 -26.2899 32.7534
      vertex -88 -26.1778 32.6222
      vertex -96 -26.1778 32.6222
    endloop
  endfacet
  facet normal 0 -0.760278 0.649598
    outer loop
      vertex -96 -24.6222 32.6222
      vertex -88 -24.5101 32.7534
      vertex -96 -24.5101 32.7534
    endloop
  endfacet
  facet normal 0 -0.760278 0.649598
    outer loop
      vertex -88 -24.5101 32.7534
      vertex -96 -24.6222 32.6222
      vertex -88 -24.6222 32.6222
    endloop
  endfacet
  facet normal 0 0.996937 -0.0782025
    outer loop
      vertex -88 -26.5 33.4
      vertex -96 -26.4865 33.5721
      vertex -88 -26.4865 33.5721
    endloop
  endfacet
  facet normal 0 0.996937 -0.0782025
    outer loop
      vertex -96 -26.4865 33.5721
      vertex -88 -26.5 33.4
      vertex -96 -26.5 33.4
    endloop
  endfacet
  facet normal 1 -0 0
    outer loop
      vertex -88 24.4865 0.772078
      vertex -88 26.4 -1.33003
      vertex -88 26.4 3.6
    endloop
  endfacet
  facet normal 1 -0 0
    outer loop
      vertex -88 24.4865 0.427921
      vertex -88 26.4 -1.33003
      vertex -88 24.5 0.599999
    endloop
  endfacet
  facet normal 1 -0 0
    outer loop
      vertex -88 24.4462 0.260081
      vertex -88 26.4 -1.33003
      vertex -88 24.4865 0.427921
    endloop
  endfacet
  facet normal 1 0 0
    outer loop
      vertex -88 26.4 -1.33003
      vertex -88 24.4865 0.772078
      vertex -88 24.5 0.599999
    endloop
  endfacet
  facet normal 1 0 0
    outer loop
      vertex -88 26.4 3.6
      vertex -88 24.4462 0.939919
      vertex -88 24.4865 0.772078
    endloop
  endfacet
  facet normal 1 0 0
    outer loop
      vertex -88 26.4 3.6
      vertex -88 24.3801 1.09939
      vertex -88 24.4462 0.939919
    endloop
  endfacet
  facet normal 1 0 0
    outer loop
      vertex -88 26.4 3.6
      vertex -88 24.2899 1.24656
      vertex -88 24.3801 1.09939
    endloop
  endfacet
  facet normal 1 0 0
    outer loop
      vertex -88 26.4 3.6
      vertex -88 24.1778 1.37782
      vertex -88 24.2899 1.24656
    endloop
  endfacet
  facet normal 1 0 0
    outer loop
      vertex -88 26.4 3.6
      vertex -88 24.0466 1.48992
      vertex -88 24.1778 1.37782
    endloop
  endfacet
  facet normal 1 0 0
    outer loop
      vertex -88 26.4 3.6
      vertex -88 23.8994 1.58011
      vertex -88 24.0466 1.48992
    endloop
  endfacet
  facet normal 1 0 0
    outer loop
      vertex -88 26.4 3.6
      vertex -88 23.7399 1.64616
      vertex -88 23.8994 1.58011
    endloop
  endfacet
  facet normal 1 0 0
    outer loop
      vertex -88 26.4 3.6
      vertex -88 23.5721 1.68646
      vertex -88 23.7399 1.64616
    endloop
  endfacet
  facet normal 1 0 0
    outer loop
      vertex -88 26.4 3.6
      vertex -88 23.4 1.7
      vertex -88 23.5721 1.68646
    endloop
  endfacet
  facet normal 1 -0 0
    outer loop
      vertex -88 20.4 3.6
      vertex -88 23.4 1.7
      vertex -88 26.4 3.6
    endloop
  endfacet
  facet normal 1 0 0
    outer loop
      vertex -88 23.4 1.7
      vertex -88 20.4 3.6
      vertex -88 23.2279 1.68646
    endloop
  endfacet
  facet normal 1 0 0
    outer loop
      vertex -88 23.2279 1.68646
      vertex -88 20.4 3.6
      vertex -88 23.0601 1.64616
    endloop
  endfacet
  facet normal 1 0 0
    outer loop
      vertex -88 22.3135 0.772078
      vertex -88 20.4 3.6
      vertex -88 22.3 0.599999
    endloop
  endfacet
  facet normal 1 0 0
    outer loop
      vertex -88 22.3538 0.939919
      vertex -88 20.4 3.6
      vertex -88 22.3135 0.772078
    endloop
  endfacet
  facet normal 1 0 0
    outer loop
      vertex -88 22.4199 1.09939
      vertex -88 20.4 3.6
      vertex -88 22.3538 0.939919
    endloop
  endfacet
  facet normal 1 0 0
    outer loop
      vertex -88 22.5101 1.24656
      vertex -88 20.4 3.6
      vertex -88 22.4199 1.09939
    endloop
  endfacet
  facet normal 1 0 0
    outer loop
      vertex -88 22.6222 1.37782
      vertex -88 20.4 3.6
      vertex -88 22.5101 1.24656
    endloop
  endfacet
  facet normal 1 0 0
    outer loop
      vertex -88 22.7534 1.48992
      vertex -88 20.4 3.6
      vertex -88 22.6222 1.37782
    endloop
  endfacet
  facet normal 1 0 0
    outer loop
      vertex -88 22.9006 1.58011
      vertex -88 20.4 3.6
      vertex -88 22.7534 1.48992
    endloop
  endfacet
  facet normal 1 0 0
    outer loop
      vertex -88 23.0601 1.64616
      vertex -88 20.4 3.6
      vertex -88 22.9006 1.58011
    endloop
  endfacet
  facet normal 1 -0 0
    outer loop
      vertex -88 24.3801 0.10061
      vertex -88 26.4 -1.33003
      vertex -88 24.4462 0.260081
    endloop
  endfacet
  facet normal 1 -0 0
    outer loop
      vertex -88 24.2899 -0.0465631
      vertex -88 26.4 -1.33003
      vertex -88 24.3801 0.10061
    endloop
  endfacet
  facet normal 1 0 0
    outer loop
      vertex -88 26.4 -1.33003
      vertex -88 25.33 -2.4
      vertex -88 26.4 -2.4
    endloop
  endfacet
  facet normal 1 -0 0
    outer loop
      vertex -88 24.1778 -0.177817
      vertex -88 26.4 -1.33003
      vertex -88 24.2899 -0.0465631
    endloop
  endfacet
  facet normal 1 0 0
    outer loop
      vertex -88 26.4 -1.33003
      vertex -88 24.1778 -0.177817
      vertex -88 25.33 -2.4
    endloop
  endfacet
  facet normal 1 -0 0
    outer loop
      vertex -88 24.0466 -0.289918
      vertex -88 25.33 -2.4
      vertex -88 24.1778 -0.177817
    endloop
  endfacet
  facet normal 1 -0 0
    outer loop
      vertex -88 23.8994 -0.380107
      vertex -88 25.33 -2.4
      vertex -88 24.0466 -0.289918
    endloop
  endfacet
  facet normal 1 -0 0
    outer loop
      vertex -88 23.7399 -0.446161
      vertex -88 25.33 -2.4
      vertex -88 23.8994 -0.380107
    endloop
  endfacet
  facet normal 1 -0 0
    outer loop
      vertex -88 23.5721 -0.486457
      vertex -88 25.33 -2.4
      vertex -88 23.7399 -0.446161
    endloop
  endfacet
  facet normal 1 -0 0
    outer loop
      vertex -88 23.4 -0.5
      vertex -88 25.33 -2.4
      vertex -88 23.5721 -0.486457
    endloop
  endfacet
  facet normal 1 0 0
    outer loop
      vertex -88 23.2279 -0.486457
      vertex -88 25.33 -2.4
      vertex -88 23.4 -0.5
    endloop
  endfacet
  facet normal 1 0 0
    outer loop
      vertex -88 20.4 -2.4
      vertex -88 23.2279 -0.486457
      vertex -88 23.0601 -0.446161
    endloop
  endfacet
  facet normal 1 0 0
    outer loop
      vertex -88 20.4 -2.4
      vertex -88 23.0601 -0.446161
      vertex -88 22.9006 -0.380107
    endloop
  endfacet
  facet normal 1 0 0
    outer loop
      vertex -88 20.4 -2.4
      vertex -88 22.9006 -0.380107
      vertex -88 22.7534 -0.289918
    endloop
  endfacet
  facet normal 1 0 0
    outer loop
      vertex -88 20.4 -2.4
      vertex -88 22.3 0.599999
      vertex -88 20.4 3.6
    endloop
  endfacet
  facet normal 1 0 0
    outer loop
      vertex -88 22.3 0.599999
      vertex -88 20.4 -2.4
      vertex -88 22.3135 0.427921
    endloop
  endfacet
  facet normal 1 0 0
    outer loop
      vertex -88 22.3135 0.427921
      vertex -88 20.4 -2.4
      vertex -88 22.3538 0.260081
    endloop
  endfacet
  facet normal 1 0 0
    outer loop
      vertex -88 23.2279 -0.486457
      vertex -88 20.4 -2.4
      vertex -88 25.33 -2.4
    endloop
  endfacet
  facet normal 1 0 0
    outer loop
      vertex -88 22.6222 -0.177817
      vertex -88 20.4 -2.4
      vertex -88 22.7534 -0.289918
    endloop
  endfacet
  facet normal 1 0 0
    outer loop
      vertex -88 22.5101 -0.0465631
      vertex -88 20.4 -2.4
      vertex -88 22.6222 -0.177817
    endloop
  endfacet
  facet normal 1 0 0
    outer loop
      vertex -88 22.4199 0.10061
      vertex -88 20.4 -2.4
      vertex -88 22.5101 -0.0465631
    endloop
  endfacet
  facet normal 1 0 0
    outer loop
      vertex -88 22.3538 0.260081
      vertex -88 20.4 -2.4
      vertex -88 22.4199 0.10061
    endloop
  endfacet
  facet normal -0 0 1
    outer loop
      vertex -95.2572 26.4 3.6
      vertex -88 20.4 3.6
      vertex -88 26.4 3.6
    endloop
  endfacet
  facet normal 0 0 1
    outer loop
      vertex -96 20.4 3.6
      vertex -95.2572 26.4 3.6
      vertex -96 26.4 3.6
    endloop
  endfacet
  facet normal 0 0 1
    outer loop
      vertex -95.2572 26.4 3.6
      vertex -96 20.4 3.6
      vertex -88 20.4 3.6
    endloop
  endfacet
  facet normal -1 0 0
    outer loop
      vertex -96 26.4 -2.4
      vertex -96 24.5 0.599999
      vertex -96 26.4 3.6
    endloop
  endfacet
  facet normal -1 0 0
    outer loop
      vertex -96 26.4 -2.4
      vertex -96 24.4865 0.427921
      vertex -96 24.5 0.599999
    endloop
  endfacet
  facet normal -1 0 0
    outer loop
      vertex -96 26.4 -2.4
      vertex -96 24.4462 0.260081
      vertex -96 24.4865 0.427921
    endloop
  endfacet
  facet normal -1 0 0
    outer loop
      vertex -96 26.4 -2.4
      vertex -96 24.3801 0.10061
      vertex -96 24.4462 0.260081
    endloop
  endfacet
  facet normal -1 0 0
    outer loop
      vertex -96 26.4 -2.4
      vertex -96 24.2899 -0.0465631
      vertex -96 24.3801 0.10061
    endloop
  endfacet
  facet normal -1 0 0
    outer loop
      vertex -96 26.4 -2.4
      vertex -96 24.1778 -0.177817
      vertex -96 24.2899 -0.0465631
    endloop
  endfacet
  facet normal -1 0 0
    outer loop
      vertex -96 26.4 -2.4
      vertex -96 24.0466 -0.289918
      vertex -96 24.1778 -0.177817
    endloop
  endfacet
  facet normal -1 0 0
    outer loop
      vertex -96 26.4 -2.4
      vertex -96 23.8994 -0.380107
      vertex -96 24.0466 -0.289918
    endloop
  endfacet
  facet normal -1 0 0
    outer loop
      vertex -96 26.4 -2.4
      vertex -96 23.7399 -0.446161
      vertex -96 23.8994 -0.380107
    endloop
  endfacet
  facet normal -1 0 0
    outer loop
      vertex -96 26.4 -2.4
      vertex -96 23.5721 -0.486457
      vertex -96 23.7399 -0.446161
    endloop
  endfacet
  facet normal -1 0 0
    outer loop
      vertex -96 26.4 -2.4
      vertex -96 23.4 -0.5
      vertex -96 23.5721 -0.486457
    endloop
  endfacet
  facet normal -1 0 0
    outer loop
      vertex -96 20.4 -2.4
      vertex -96 23.4 -0.5
      vertex -96 26.4 -2.4
    endloop
  endfacet
  facet normal -1 -0 0
    outer loop
      vertex -96 23.4 -0.5
      vertex -96 20.4 -2.4
      vertex -96 23.2279 -0.486457
    endloop
  endfacet
  facet normal -1 -0 0
    outer loop
      vertex -96 23.2279 -0.486457
      vertex -96 20.4 -2.4
      vertex -96 23.0601 -0.446161
    endloop
  endfacet
  facet normal -1 -0 0
    outer loop
      vertex -96 22.3135 0.427921
      vertex -96 20.4 -2.4
      vertex -96 22.3 0.599999
    endloop
  endfacet
  facet normal -1 -0 0
    outer loop
      vertex -96 22.3538 0.260081
      vertex -96 20.4 -2.4
      vertex -96 22.3135 0.427921
    endloop
  endfacet
  facet normal -1 -0 0
    outer loop
      vertex -96 22.4199 0.10061
      vertex -96 20.4 -2.4
      vertex -96 22.3538 0.260081
    endloop
  endfacet
  facet normal -1 -0 0
    outer loop
      vertex -96 22.5101 -0.0465631
      vertex -96 20.4 -2.4
      vertex -96 22.4199 0.10061
    endloop
  endfacet
  facet normal -1 -0 0
    outer loop
      vertex -96 22.6222 -0.177817
      vertex -96 20.4 -2.4
      vertex -96 22.5101 -0.0465631
    endloop
  endfacet
  facet normal -1 -0 0
    outer loop
      vertex -96 22.7534 -0.289918
      vertex -96 20.4 -2.4
      vertex -96 22.6222 -0.177817
    endloop
  endfacet
  facet normal -1 -0 0
    outer loop
      vertex -96 22.9006 -0.380107
      vertex -96 20.4 -2.4
      vertex -96 22.7534 -0.289918
    endloop
  endfacet
  facet normal -1 -0 0
    outer loop
      vertex -96 23.0601 -0.446161
      vertex -96 20.4 -2.4
      vertex -96 22.9006 -0.380107
    endloop
  endfacet
  facet normal -1 0 0
    outer loop
      vertex -96 24.4865 0.772078
      vertex -96 26.4 3.6
      vertex -96 24.5 0.599999
    endloop
  endfacet
  facet normal -1 0 0
    outer loop
      vertex -96 24.4462 0.939919
      vertex -96 26.4 3.6
      vertex -96 24.4865 0.772078
    endloop
  endfacet
  facet normal -1 0 0
    outer loop
      vertex -96 24.3801 1.09939
      vertex -96 26.4 3.6
      vertex -96 24.4462 0.939919
    endloop
  endfacet
  facet normal -1 0 0
    outer loop
      vertex -96 24.2899 1.24656
      vertex -96 26.4 3.6
      vertex -96 24.3801 1.09939
    endloop
  endfacet
  facet normal -1 0 0
    outer loop
      vertex -96 24.1778 1.37782
      vertex -96 26.4 3.6
      vertex -96 24.2899 1.24656
    endloop
  endfacet
  facet normal -1 0 0
    outer loop
      vertex -96 24.0466 1.48992
      vertex -96 26.4 3.6
      vertex -96 24.1778 1.37782
    endloop
  endfacet
  facet normal -1 0 0
    outer loop
      vertex -96 23.8994 1.58011
      vertex -96 26.4 3.6
      vertex -96 24.0466 1.48992
    endloop
  endfacet
  facet normal -1 0 0
    outer loop
      vertex -96 23.7399 1.64616
      vertex -96 26.4 3.6
      vertex -96 23.8994 1.58011
    endloop
  endfacet
  facet normal -1 0 0
    outer loop
      vertex -96 23.5721 1.68646
      vertex -96 26.4 3.6
      vertex -96 23.7399 1.64616
    endloop
  endfacet
  facet normal -1 0 0
    outer loop
      vertex -96 23.4 1.7
      vertex -96 26.4 3.6
      vertex -96 23.5721 1.68646
    endloop
  endfacet
  facet normal -1 0 0
    outer loop
      vertex -96 20.4 3.6
      vertex -96 23.4 1.7
      vertex -96 23.2279 1.68646
    endloop
  endfacet
  facet normal -1 0 0
    outer loop
      vertex -96 20.4 3.6
      vertex -96 23.2279 1.68646
      vertex -96 23.0601 1.64616
    endloop
  endfacet
  facet normal -1 0 0
    outer loop
      vertex -96 20.4 3.6
      vertex -96 23.0601 1.64616
      vertex -96 22.9006 1.58011
    endloop
  endfacet
  facet normal -1 0 0
    outer loop
      vertex -96 20.4 3.6
      vertex -96 22.3 0.599999
      vertex -96 20.4 -2.4
    endloop
  endfacet
  facet normal -1 0 0
    outer loop
      vertex -96 22.3 0.599999
      vertex -96 20.4 3.6
      vertex -96 22.3135 0.772078
    endloop
  endfacet
  facet normal -1 0 0
    outer loop
      vertex -96 22.3135 0.772078
      vertex -96 20.4 3.6
      vertex -96 22.3538 0.939919
    endloop
  endfacet
  facet normal -1 0 0
    outer loop
      vertex -96 23.4 1.7
      vertex -96 20.4 3.6
      vertex -96 26.4 3.6
    endloop
  endfacet
  facet normal -1 0 0
    outer loop
      vertex -96 22.7534 1.48992
      vertex -96 20.4 3.6
      vertex -96 22.9006 1.58011
    endloop
  endfacet
  facet normal -1 0 0
    outer loop
      vertex -96 22.6222 1.37782
      vertex -96 20.4 3.6
      vertex -96 22.7534 1.48992
    endloop
  endfacet
  facet normal -1 0 0
    outer loop
      vertex -96 22.5101 1.24656
      vertex -96 20.4 3.6
      vertex -96 22.6222 1.37782
    endloop
  endfacet
  facet normal -1 0 0
    outer loop
      vertex -96 22.4199 1.09939
      vertex -96 20.4 3.6
      vertex -96 22.5101 1.24656
    endloop
  endfacet
  facet normal -1 0 0
    outer loop
      vertex -96 22.3538 0.939919
      vertex -96 20.4 3.6
      vertex -96 22.4199 1.09939
    endloop
  endfacet
  facet normal 0 -1 0
    outer loop
      vertex -95.33 20.4 -2.4
      vertex -96 20.4 3.6
      vertex -96 20.4 -2.4
    endloop
  endfacet
  facet normal 0 -1 0
    outer loop
      vertex -96 20.4 3.6
      vertex -95.33 20.4 -2.4
      vertex -88 20.4 3.6
    endloop
  endfacet
  facet normal 0 -1 -0
    outer loop
      vertex -88 20.4 3.6
      vertex -95.33 20.4 -2.4
      vertex -88 20.4 -2.4
    endloop
  endfacet
  facet normal 0 0.852609 0.52255
    outer loop
      vertex -88 22.5101 -0.0465631
      vertex -96 22.4199 0.10061
      vertex -88 22.4199 0.10061
    endloop
  endfacet
  facet normal 0 0.852609 0.52255
    outer loop
      vertex -96 22.4199 0.10061
      vertex -88 22.5101 -0.0465631
      vertex -96 22.5101 -0.0465631
    endloop
  endfacet
  facet normal 0 0.972363 0.233474
    outer loop
      vertex -88 22.3538 0.260081
      vertex -96 22.3135 0.427921
      vertex -88 22.3135 0.427921
    endloop
  endfacet
  facet normal 0 0.972363 0.233474
    outer loop
      vertex -96 22.3135 0.427921
      vertex -88 22.3538 0.260081
      vertex -96 22.3538 0.260081
    endloop
  endfacet
  facet normal 0 -0.233504 0.972356
    outer loop
      vertex -96 23.7399 -0.446161
      vertex -88 23.5721 -0.486457
      vertex -88 23.7399 -0.446161
    endloop
  endfacet
  facet normal 0 -0.233504 0.972356
    outer loop
      vertex -88 23.5721 -0.486457
      vertex -96 23.7399 -0.446161
      vertex -96 23.5721 -0.486457
    endloop
  endfacet
  facet normal -0 0.649601 0.760275
    outer loop
      vertex -96 22.7534 -0.289918
      vertex -88 22.6222 -0.177817
      vertex -88 22.7534 -0.289918
    endloop
  endfacet
  facet normal 0 0.649601 0.760275
    outer loop
      vertex -88 22.6222 -0.177817
      vertex -96 22.7534 -0.289918
      vertex -96 22.6222 -0.177817
    endloop
  endfacet
  facet normal 0 -0.0784328 -0.996919
    outer loop
      vertex -96 23.4 1.7
      vertex -88 23.5721 1.68646
      vertex -88 23.4 1.7
    endloop
  endfacet
  facet normal -0 -0.0784328 -0.996919
    outer loop
      vertex -88 23.5721 1.68646
      vertex -96 23.4 1.7
      vertex -96 23.5721 1.68646
    endloop
  endfacet
  facet normal 0 -0.852609 0.52255
    outer loop
      vertex -96 24.2899 -0.0465631
      vertex -88 24.3801 0.10061
      vertex -96 24.3801 0.10061
    endloop
  endfacet
  facet normal 0 -0.852609 0.52255
    outer loop
      vertex -88 24.3801 0.10061
      vertex -96 24.2899 -0.0465631
      vertex -88 24.2899 -0.0465631
    endloop
  endfacet
  facet normal 0 -0.996937 -0.078212
    outer loop
      vertex -96 24.5 0.599999
      vertex -88 24.4865 0.772078
      vertex -96 24.4865 0.772078
    endloop
  endfacet
  facet normal 0 -0.996937 -0.078212
    outer loop
      vertex -88 24.4865 0.772078
      vertex -96 24.5 0.599999
      vertex -88 24.5 0.599999
    endloop
  endfacet
  facet normal 0 0.0784328 -0.996919
    outer loop
      vertex -96 23.2279 1.68646
      vertex -88 23.4 1.7
      vertex -88 23.2279 1.68646
    endloop
  endfacet
  facet normal 0 0.0784328 -0.996919
    outer loop
      vertex -88 23.4 1.7
      vertex -96 23.2279 1.68646
      vertex -96 23.4 1.7
    endloop
  endfacet
  facet normal 0 -0.233526 -0.97235
    outer loop
      vertex -96 23.5721 1.68646
      vertex -88 23.7399 1.64616
      vertex -88 23.5721 1.68646
    endloop
  endfacet
  facet normal -0 -0.233526 -0.97235
    outer loop
      vertex -88 23.7399 1.64616
      vertex -96 23.5721 1.68646
      vertex -96 23.7399 1.64616
    endloop
  endfacet
  facet normal 0 0.76041 0.649443
    outer loop
      vertex -88 22.6222 -0.177817
      vertex -96 22.5101 -0.0465631
      vertex -88 22.5101 -0.0465631
    endloop
  endfacet
  facet normal 0 0.76041 0.649443
    outer loop
      vertex -96 22.5101 -0.0465631
      vertex -88 22.6222 -0.177817
      vertex -96 22.6222 -0.177817
    endloop
  endfacet
  facet normal -0 0.522434 0.85268
    outer loop
      vertex -96 22.9006 -0.380107
      vertex -88 22.7534 -0.289918
      vertex -88 22.9006 -0.380107
    endloop
  endfacet
  facet normal 0 0.522434 0.85268
    outer loop
      vertex -88 22.7534 -0.289918
      vertex -96 22.9006 -0.380107
      vertex -96 22.7534 -0.289918
    endloop
  endfacet
  facet normal 0 -0.382619 0.923906
    outer loop
      vertex -96 23.8994 -0.380107
      vertex -88 23.7399 -0.446161
      vertex -88 23.8994 -0.380107
    endloop
  endfacet
  facet normal 0 -0.382619 0.923906
    outer loop
      vertex -88 23.7399 -0.446161
      vertex -96 23.8994 -0.380107
      vertex -96 23.7399 -0.446161
    endloop
  endfacet
  facet normal 0 -0.76041 0.649443
    outer loop
      vertex -96 24.1778 -0.177817
      vertex -88 24.2899 -0.0465631
      vertex -96 24.2899 -0.0465631
    endloop
  endfacet
  facet normal 0 -0.76041 0.649443
    outer loop
      vertex -88 24.2899 -0.0465631
      vertex -96 24.1778 -0.177817
      vertex -88 24.1778 -0.177817
    endloop
  endfacet
  facet normal 0 -0.0784501 0.996918
    outer loop
      vertex -96 23.5721 -0.486457
      vertex -88 23.4 -0.5
      vertex -88 23.5721 -0.486457
    endloop
  endfacet
  facet normal 0 -0.0784501 0.996918
    outer loop
      vertex -88 23.4 -0.5
      vertex -96 23.5721 -0.486457
      vertex -96 23.4 -0.5
    endloop
  endfacet
  facet normal 0 -0.649598 -0.760278
    outer loop
      vertex -96 24.0466 1.48992
      vertex -88 24.1778 1.37782
      vertex -88 24.0466 1.48992
    endloop
  endfacet
  facet normal -0 -0.649598 -0.760278
    outer loop
      vertex -88 24.1778 1.37782
      vertex -96 24.0466 1.48992
      vertex -96 24.1778 1.37782
    endloop
  endfacet
  facet normal 0 0.233526 -0.97235
    outer loop
      vertex -96 23.0601 1.64616
      vertex -88 23.2279 1.68646
      vertex -88 23.0601 1.64616
    endloop
  endfacet
  facet normal 0 0.233526 -0.97235
    outer loop
      vertex -88 23.2279 1.68646
      vertex -96 23.0601 1.64616
      vertex -96 23.2279 1.68646
    endloop
  endfacet
  facet normal 0 -0.649601 0.760275
    outer loop
      vertex -96 24.1778 -0.177817
      vertex -88 24.0466 -0.289918
      vertex -88 24.1778 -0.177817
    endloop
  endfacet
  facet normal 0 -0.649601 0.760275
    outer loop
      vertex -88 24.0466 -0.289918
      vertex -96 24.1778 -0.177817
      vertex -96 24.0466 -0.289918
    endloop
  endfacet
  facet normal 0 -0.760425 -0.649426
    outer loop
      vertex -96 24.2899 1.24656
      vertex -88 24.1778 1.37782
      vertex -96 24.1778 1.37782
    endloop
  endfacet
  facet normal 0 -0.760425 -0.649426
    outer loop
      vertex -88 24.1778 1.37782
      vertex -96 24.2899 1.24656
      vertex -88 24.2899 1.24656
    endloop
  endfacet
  facet normal -0 0.0784501 0.996918
    outer loop
      vertex -96 23.4 -0.5
      vertex -88 23.2279 -0.486457
      vertex -88 23.4 -0.5
    endloop
  endfacet
  facet normal 0 0.0784501 0.996918
    outer loop
      vertex -88 23.2279 -0.486457
      vertex -96 23.4 -0.5
      vertex -96 23.2279 -0.486457
    endloop
  endfacet
  facet normal 0 0.972363 -0.233472
    outer loop
      vertex -88 22.3135 0.772078
      vertex -96 22.3538 0.939919
      vertex -88 22.3538 0.939919
    endloop
  endfacet
  facet normal 0 0.972363 -0.233472
    outer loop
      vertex -96 22.3538 0.939919
      vertex -88 22.3135 0.772078
      vertex -96 22.3135 0.772078
    endloop
  endfacet
  facet normal 0 0.923787 0.382906
    outer loop
      vertex -88 22.4199 0.10061
      vertex -96 22.3538 0.260081
      vertex -88 22.3538 0.260081
    endloop
  endfacet
  facet normal 0 0.923787 0.382906
    outer loop
      vertex -96 22.3538 0.260081
      vertex -88 22.4199 0.10061
      vertex -96 22.4199 0.10061
    endloop
  endfacet
  facet normal 0 -0.522434 0.85268
    outer loop
      vertex -96 24.0466 -0.289918
      vertex -88 23.8994 -0.380107
      vertex -88 24.0466 -0.289918
    endloop
  endfacet
  facet normal 0 -0.522434 0.85268
    outer loop
      vertex -88 23.8994 -0.380107
      vertex -96 24.0466 -0.289918
      vertex -96 23.8994 -0.380107
    endloop
  endfacet
  facet normal 0 0.522438 -0.852677
    outer loop
      vertex -96 22.7534 1.48992
      vertex -88 22.9006 1.58011
      vertex -88 22.7534 1.48992
    endloop
  endfacet
  facet normal 0 0.522438 -0.852677
    outer loop
      vertex -88 22.9006 1.58011
      vertex -96 22.7534 1.48992
      vertex -96 22.9006 1.58011
    endloop
  endfacet
  facet normal 0 -0.382599 -0.923914
    outer loop
      vertex -96 23.7399 1.64616
      vertex -88 23.8994 1.58011
      vertex -88 23.7399 1.64616
    endloop
  endfacet
  facet normal -0 -0.382599 -0.923914
    outer loop
      vertex -88 23.8994 1.58011
      vertex -96 23.7399 1.64616
      vertex -96 23.8994 1.58011
    endloop
  endfacet
  facet normal 0 0.923787 -0.382906
    outer loop
      vertex -88 22.3538 0.939919
      vertex -96 22.4199 1.09939
      vertex -88 22.4199 1.09939
    endloop
  endfacet
  facet normal 0 0.923787 -0.382906
    outer loop
      vertex -96 22.4199 1.09939
      vertex -88 22.3538 0.939919
      vertex -96 22.3538 0.939919
    endloop
  endfacet
  facet normal 0 0.649598 -0.760278
    outer loop
      vertex -96 22.6222 1.37782
      vertex -88 22.7534 1.48992
      vertex -88 22.6222 1.37782
    endloop
  endfacet
  facet normal 0 0.649598 -0.760278
    outer loop
      vertex -88 22.7534 1.48992
      vertex -96 22.6222 1.37782
      vertex -96 22.7534 1.48992
    endloop
  endfacet
  facet normal 0 -0.972363 -0.233472
    outer loop
      vertex -96 24.4865 0.772078
      vertex -88 24.4462 0.939919
      vertex -96 24.4462 0.939919
    endloop
  endfacet
  facet normal 0 -0.972363 -0.233472
    outer loop
      vertex -88 24.4462 0.939919
      vertex -96 24.4865 0.772078
      vertex -88 24.4865 0.772078
    endloop
  endfacet
  facet normal 0 -0.852604 -0.522558
    outer loop
      vertex -96 24.3801 1.09939
      vertex -88 24.2899 1.24656
      vertex -96 24.2899 1.24656
    endloop
  endfacet
  facet normal 0 -0.852604 -0.522558
    outer loop
      vertex -88 24.2899 1.24656
      vertex -96 24.3801 1.09939
      vertex -88 24.3801 1.09939
    endloop
  endfacet
  facet normal 0 -0.996937 0.0782125
    outer loop
      vertex -96 24.4865 0.427921
      vertex -88 24.5 0.599999
      vertex -96 24.5 0.599999
    endloop
  endfacet
  facet normal 0 -0.996937 0.0782125
    outer loop
      vertex -88 24.5 0.599999
      vertex -96 24.4865 0.427921
      vertex -88 24.4865 0.427921
    endloop
  endfacet
  facet normal 0 0.382599 -0.923914
    outer loop
      vertex -96 22.9006 1.58011
      vertex -88 23.0601 1.64616
      vertex -88 22.9006 1.58011
    endloop
  endfacet
  facet normal 0 0.382599 -0.923914
    outer loop
      vertex -88 23.0601 1.64616
      vertex -96 22.9006 1.58011
      vertex -96 23.0601 1.64616
    endloop
  endfacet
  facet normal -0 0.233504 0.972356
    outer loop
      vertex -96 23.2279 -0.486457
      vertex -88 23.0601 -0.446161
      vertex -88 23.2279 -0.486457
    endloop
  endfacet
  facet normal 0 0.233504 0.972356
    outer loop
      vertex -88 23.0601 -0.446161
      vertex -96 23.2279 -0.486457
      vertex -96 23.0601 -0.446161
    endloop
  endfacet
  facet normal 0 0.996937 0.0782125
    outer loop
      vertex -88 22.3135 0.427921
      vertex -96 22.3 0.599999
      vertex -88 22.3 0.599999
    endloop
  endfacet
  facet normal 0 0.996937 0.0782125
    outer loop
      vertex -96 22.3 0.599999
      vertex -88 22.3135 0.427921
      vertex -96 22.3135 0.427921
    endloop
  endfacet
  facet normal 0 -0.522438 -0.852677
    outer loop
      vertex -96 23.8994 1.58011
      vertex -88 24.0466 1.48992
      vertex -88 23.8994 1.58011
    endloop
  endfacet
  facet normal -0 -0.522438 -0.852677
    outer loop
      vertex -88 24.0466 1.48992
      vertex -96 23.8994 1.58011
      vertex -96 24.0466 1.48992
    endloop
  endfacet
  facet normal 0 -0.923787 0.382906
    outer loop
      vertex -96 24.3801 0.10061
      vertex -88 24.4462 0.260081
      vertex -96 24.4462 0.260081
    endloop
  endfacet
  facet normal 0 -0.923787 0.382906
    outer loop
      vertex -88 24.4462 0.260081
      vertex -96 24.3801 0.10061
      vertex -88 24.3801 0.10061
    endloop
  endfacet
  facet normal 0 -0.923787 -0.382906
    outer loop
      vertex -96 24.4462 0.939919
      vertex -88 24.3801 1.09939
      vertex -96 24.3801 1.09939
    endloop
  endfacet
  facet normal 0 -0.923787 -0.382906
    outer loop
      vertex -88 24.3801 1.09939
      vertex -96 24.4462 0.939919
      vertex -88 24.4462 0.939919
    endloop
  endfacet
  facet normal 0 0.996937 -0.078212
    outer loop
      vertex -88 22.3 0.599999
      vertex -96 22.3135 0.772078
      vertex -88 22.3135 0.772078
    endloop
  endfacet
  facet normal 0 0.996937 -0.078212
    outer loop
      vertex -96 22.3135 0.772078
      vertex -88 22.3 0.599999
      vertex -96 22.3 0.599999
    endloop
  endfacet
  facet normal 0 -0.972363 0.233474
    outer loop
      vertex -96 24.4462 0.260081
      vertex -88 24.4865 0.427921
      vertex -96 24.4865 0.427921
    endloop
  endfacet
  facet normal 0 -0.972363 0.233474
    outer loop
      vertex -88 24.4865 0.427921
      vertex -96 24.4462 0.260081
      vertex -88 24.4462 0.260081
    endloop
  endfacet
  facet normal -0 0.382619 0.923906
    outer loop
      vertex -96 23.0601 -0.446161
      vertex -88 22.9006 -0.380107
      vertex -88 23.0601 -0.446161
    endloop
  endfacet
  facet normal 0 0.382619 0.923906
    outer loop
      vertex -88 22.9006 -0.380107
      vertex -96 23.0601 -0.446161
      vertex -96 22.9006 -0.380107
    endloop
  endfacet
  facet normal 0 0.760425 -0.649426
    outer loop
      vertex -88 22.5101 1.24656
      vertex -96 22.6222 1.37782
      vertex -88 22.6222 1.37782
    endloop
  endfacet
  facet normal 0 0.760425 -0.649426
    outer loop
      vertex -96 22.6222 1.37782
      vertex -88 22.5101 1.24656
      vertex -96 22.5101 1.24656
    endloop
  endfacet
  facet normal 0 0.852604 -0.522558
    outer loop
      vertex -88 22.4199 1.09939
      vertex -96 22.5101 1.24656
      vertex -88 22.5101 1.24656
    endloop
  endfacet
  facet normal 0 0.852604 -0.522558
    outer loop
      vertex -96 22.5101 1.24656
      vertex -88 22.4199 1.09939
      vertex -96 22.4199 1.09939
    endloop
  endfacet
  facet normal 1 0 0
    outer loop
      vertex -88 26.4 32.6
      vertex -88 24.4865 33.5721
      vertex -88 24.5 33.4
    endloop
  endfacet
  facet normal 1 0 0
    outer loop
      vertex -88 26.4 35.33
      vertex -88 24.4462 33.7399
      vertex -88 24.4865 33.5721
    endloop
  endfacet
  facet normal 1 0 0
    outer loop
      vertex -88 26.4 35.33
      vertex -88 24.3801 33.8994
      vertex -88 24.4462 33.7399
    endloop
  endfacet
  facet normal 1 0 0
    outer loop
      vertex -88 26.4 35.33
      vertex -88 24.2899 34.0466
      vertex -88 24.3801 33.8994
    endloop
  endfacet
  facet normal 1 0 0
    outer loop
      vertex -88 26.4 35.33
      vertex -88 24.1778 34.1778
      vertex -88 24.2899 34.0466
    endloop
  endfacet
  facet normal 1 0 0
    outer loop
      vertex -88 25.33 36.4
      vertex -88 24.0466 34.2899
      vertex -88 24.1778 34.1778
    endloop
  endfacet
  facet normal 1 0 0
    outer loop
      vertex -88 25.33 36.4
      vertex -88 23.8994 34.3801
      vertex -88 24.0466 34.2899
    endloop
  endfacet
  facet normal 1 0 0
    outer loop
      vertex -88 25.33 36.4
      vertex -88 23.7399 34.4462
      vertex -88 23.8994 34.3801
    endloop
  endfacet
  facet normal 1 0 0
    outer loop
      vertex -88 25.33 36.4
      vertex -88 23.5721 34.4865
      vertex -88 23.7399 34.4462
    endloop
  endfacet
  facet normal 1 0 0
    outer loop
      vertex -88 25.33 36.4
      vertex -88 23.4 34.5
      vertex -88 23.5721 34.4865
    endloop
  endfacet
  facet normal 1 0 0
    outer loop
      vertex -88 25.33 36.4
      vertex -88 23.2279 34.4865
      vertex -88 23.4 34.5
    endloop
  endfacet
  facet normal 1 -0 0
    outer loop
      vertex -88 20.4 36.4
      vertex -88 23.2279 34.4865
      vertex -88 25.33 36.4
    endloop
  endfacet
  facet normal 1 0 0
    outer loop
      vertex -88 23.2279 34.4865
      vertex -88 20.4 36.4
      vertex -88 23.0601 34.4462
    endloop
  endfacet
  facet normal 1 0 0
    outer loop
      vertex -88 23.0601 34.4462
      vertex -88 20.4 36.4
      vertex -88 22.9006 34.3801
    endloop
  endfacet
  facet normal 1 0 0
    outer loop
      vertex -88 22.3135 33.5721
      vertex -88 20.4 36.4
      vertex -88 22.3 33.4
    endloop
  endfacet
  facet normal 1 0 0
    outer loop
      vertex -88 22.3538 33.7399
      vertex -88 20.4 36.4
      vertex -88 22.3135 33.5721
    endloop
  endfacet
  facet normal 1 0 0
    outer loop
      vertex -88 22.4199 33.8994
      vertex -88 20.4 36.4
      vertex -88 22.3538 33.7399
    endloop
  endfacet
  facet normal 1 0 0
    outer loop
      vertex -88 22.5101 34.0466
      vertex -88 20.4 36.4
      vertex -88 22.4199 33.8994
    endloop
  endfacet
  facet normal 1 0 0
    outer loop
      vertex -88 22.6222 34.1778
      vertex -88 20.4 36.4
      vertex -88 22.5101 34.0466
    endloop
  endfacet
  facet normal 1 0 0
    outer loop
      vertex -88 22.7534 34.2899
      vertex -88 20.4 36.4
      vertex -88 22.6222 34.1778
    endloop
  endfacet
  facet normal 1 0 0
    outer loop
      vertex -88 22.9006 34.3801
      vertex -88 20.4 36.4
      vertex -88 22.7534 34.2899
    endloop
  endfacet
  facet normal 1 -0 0
    outer loop
      vertex -88 25.33 36.4
      vertex -88 26.4 35.33
      vertex -88 26.4 36.4
    endloop
  endfacet
  facet normal 1 -0 0
    outer loop
      vertex -88 24.4865 33.5721
      vertex -88 26.4 32.6
      vertex -88 26.4 35.33
    endloop
  endfacet
  facet normal 1 0 0
    outer loop
      vertex -88 24.1778 34.1778
      vertex -88 26.4 35.33
      vertex -88 25.33 36.4
    endloop
  endfacet
  facet normal 1 -0 0
    outer loop
      vertex -88 24.4865 33.2279
      vertex -88 26.4 32.6
      vertex -88 24.5 33.4
    endloop
  endfacet
  facet normal 1 -0 0
    outer loop
      vertex -88 24.4462 33.0601
      vertex -88 26.4 32.6
      vertex -88 24.4865 33.2279
    endloop
  endfacet
  facet normal 1 -0 0
    outer loop
      vertex -88 24.3801 32.9006
      vertex -88 26.4 32.6
      vertex -88 24.4462 33.0601
    endloop
  endfacet
  facet normal 1 -0 0
    outer loop
      vertex -88 24.2899 32.7534
      vertex -88 26.4 32.6
      vertex -88 24.3801 32.9006
    endloop
  endfacet
  facet normal 1 -0 0
    outer loop
      vertex -88 24.1778 32.6222
      vertex -88 26.4 32.6
      vertex -88 24.2899 32.7534
    endloop
  endfacet
  facet normal 1 0 0
    outer loop
      vertex -88 26.4 32.6
      vertex -88 24.1778 32.6222
      vertex -88 26.4 30.4
    endloop
  endfacet
  facet normal 1 -0 0
    outer loop
      vertex -88 24.0466 32.5101
      vertex -88 26.4 30.4
      vertex -88 24.1778 32.6222
    endloop
  endfacet
  facet normal 1 -0 0
    outer loop
      vertex -88 23.8994 32.4199
      vertex -88 26.4 30.4
      vertex -88 24.0466 32.5101
    endloop
  endfacet
  facet normal 1 -0 0
    outer loop
      vertex -88 23.7399 32.3538
      vertex -88 26.4 30.4
      vertex -88 23.8994 32.4199
    endloop
  endfacet
  facet normal 1 -0 0
    outer loop
      vertex -88 23.5721 32.3135
      vertex -88 26.4 30.4
      vertex -88 23.7399 32.3538
    endloop
  endfacet
  facet normal 1 -0 0
    outer loop
      vertex -88 23.4 32.3
      vertex -88 26.4 30.4
      vertex -88 23.5721 32.3135
    endloop
  endfacet
  facet normal 1 0 0
    outer loop
      vertex -88 20.4 30.4
      vertex -88 23.4 32.3
      vertex -88 23.2279 32.3135
    endloop
  endfacet
  facet normal 1 0 0
    outer loop
      vertex -88 20.4 30.4
      vertex -88 23.2279 32.3135
      vertex -88 23.0601 32.3538
    endloop
  endfacet
  facet normal 1 0 0
    outer loop
      vertex -88 20.4 30.4
      vertex -88 23.0601 32.3538
      vertex -88 22.9006 32.4199
    endloop
  endfacet
  facet normal 1 0 0
    outer loop
      vertex -88 20.4 30.4
      vertex -88 22.3 33.4
      vertex -88 20.4 36.4
    endloop
  endfacet
  facet normal 1 0 0
    outer loop
      vertex -88 22.3 33.4
      vertex -88 20.4 30.4
      vertex -88 22.3135 33.2279
    endloop
  endfacet
  facet normal 1 0 0
    outer loop
      vertex -88 22.3135 33.2279
      vertex -88 20.4 30.4
      vertex -88 22.3538 33.0601
    endloop
  endfacet
  facet normal 1 0 0
    outer loop
      vertex -88 23.4 32.3
      vertex -88 20.4 30.4
      vertex -88 26.4 30.4
    endloop
  endfacet
  facet normal 1 0 0
    outer loop
      vertex -88 22.7534 32.5101
      vertex -88 20.4 30.4
      vertex -88 22.9006 32.4199
    endloop
  endfacet
  facet normal 1 0 0
    outer loop
      vertex -88 22.6222 32.6222
      vertex -88 20.4 30.4
      vertex -88 22.7534 32.5101
    endloop
  endfacet
  facet normal 1 0 0
    outer loop
      vertex -88 22.5101 32.7534
      vertex -88 20.4 30.4
      vertex -88 22.6222 32.6222
    endloop
  endfacet
  facet normal 1 0 0
    outer loop
      vertex -88 22.4199 32.9006
      vertex -88 20.4 30.4
      vertex -88 22.5101 32.7534
    endloop
  endfacet
  facet normal 1 0 0
    outer loop
      vertex -88 22.3538 33.0601
      vertex -88 20.4 30.4
      vertex -88 22.4199 32.9006
    endloop
  endfacet
  facet normal 0 0 -1
    outer loop
      vertex -88 20.4 30.4
      vertex -89.478 26.4 30.4
      vertex -88 26.4 30.4
    endloop
  endfacet
  facet normal 0 0 -1
    outer loop
      vertex -96 20.4 30.4
      vertex -89.478 26.4 30.4
      vertex -88 20.4 30.4
    endloop
  endfacet
  facet normal -0 0 -1
    outer loop
      vertex -89.478 26.4 30.4
      vertex -96 20.4 30.4
      vertex -95.2572 26.4 30.4
    endloop
  endfacet
  facet normal -0 0 -1
    outer loop
      vertex -95.2572 26.4 30.4
      vertex -96 20.4 30.4
      vertex -96 26.4 30.4
    endloop
  endfacet
  facet normal -1 0 0
    outer loop
      vertex -96 26.4 30.4
      vertex -96 24.5 33.4
      vertex -96 26.4 36.4
    endloop
  endfacet
  facet normal -1 0 0
    outer loop
      vertex -96 26.4 30.4
      vertex -96 24.4865 33.2279
      vertex -96 24.5 33.4
    endloop
  endfacet
  facet normal -1 0 0
    outer loop
      vertex -96 26.4 30.4
      vertex -96 24.4462 33.0601
      vertex -96 24.4865 33.2279
    endloop
  endfacet
  facet normal -1 0 0
    outer loop
      vertex -96 26.4 30.4
      vertex -96 24.3801 32.9006
      vertex -96 24.4462 33.0601
    endloop
  endfacet
  facet normal -1 0 0
    outer loop
      vertex -96 26.4 30.4
      vertex -96 24.2899 32.7534
      vertex -96 24.3801 32.9006
    endloop
  endfacet
  facet normal -1 0 0
    outer loop
      vertex -96 26.4 30.4
      vertex -96 24.1778 32.6222
      vertex -96 24.2899 32.7534
    endloop
  endfacet
  facet normal -1 0 0
    outer loop
      vertex -96 26.4 30.4
      vertex -96 24.0466 32.5101
      vertex -96 24.1778 32.6222
    endloop
  endfacet
  facet normal -1 0 0
    outer loop
      vertex -96 26.4 30.4
      vertex -96 23.8994 32.4199
      vertex -96 24.0466 32.5101
    endloop
  endfacet
  facet normal -1 0 0
    outer loop
      vertex -96 26.4 30.4
      vertex -96 23.7399 32.3538
      vertex -96 23.8994 32.4199
    endloop
  endfacet
  facet normal -1 0 0
    outer loop
      vertex -96 26.4 30.4
      vertex -96 23.5721 32.3135
      vertex -96 23.7399 32.3538
    endloop
  endfacet
  facet normal -1 0 0
    outer loop
      vertex -96 26.4 30.4
      vertex -96 23.4 32.3
      vertex -96 23.5721 32.3135
    endloop
  endfacet
  facet normal -1 0 0
    outer loop
      vertex -96 20.4 30.4
      vertex -96 23.4 32.3
      vertex -96 26.4 30.4
    endloop
  endfacet
  facet normal -1 -0 0
    outer loop
      vertex -96 23.4 32.3
      vertex -96 20.4 30.4
      vertex -96 23.2279 32.3135
    endloop
  endfacet
  facet normal -1 -0 0
    outer loop
      vertex -96 23.2279 32.3135
      vertex -96 20.4 30.4
      vertex -96 23.0601 32.3538
    endloop
  endfacet
  facet normal -1 -0 0
    outer loop
      vertex -96 22.3135 33.2279
      vertex -96 20.4 30.4
      vertex -96 22.3 33.4
    endloop
  endfacet
  facet normal -1 -0 0
    outer loop
      vertex -96 22.3538 33.0601
      vertex -96 20.4 30.4
      vertex -96 22.3135 33.2279
    endloop
  endfacet
  facet normal -1 -0 0
    outer loop
      vertex -96 22.4199 32.9006
      vertex -96 20.4 30.4
      vertex -96 22.3538 33.0601
    endloop
  endfacet
  facet normal -1 -0 0
    outer loop
      vertex -96 22.5101 32.7534
      vertex -96 20.4 30.4
      vertex -96 22.4199 32.9006
    endloop
  endfacet
  facet normal -1 -0 0
    outer loop
      vertex -96 22.6222 32.6222
      vertex -96 20.4 30.4
      vertex -96 22.5101 32.7534
    endloop
  endfacet
  facet normal -1 -0 0
    outer loop
      vertex -96 22.7534 32.5101
      vertex -96 20.4 30.4
      vertex -96 22.6222 32.6222
    endloop
  endfacet
  facet normal -1 -0 0
    outer loop
      vertex -96 22.9006 32.4199
      vertex -96 20.4 30.4
      vertex -96 22.7534 32.5101
    endloop
  endfacet
  facet normal -1 -0 0
    outer loop
      vertex -96 23.0601 32.3538
      vertex -96 20.4 30.4
      vertex -96 22.9006 32.4199
    endloop
  endfacet
  facet normal -1 0 0
    outer loop
      vertex -96 24.4865 33.5721
      vertex -96 26.4 36.4
      vertex -96 24.5 33.4
    endloop
  endfacet
  facet normal -1 0 0
    outer loop
      vertex -96 24.4462 33.7399
      vertex -96 26.4 36.4
      vertex -96 24.4865 33.5721
    endloop
  endfacet
  facet normal -1 0 0
    outer loop
      vertex -96 24.3801 33.8994
      vertex -96 26.4 36.4
      vertex -96 24.4462 33.7399
    endloop
  endfacet
  facet normal -1 0 0
    outer loop
      vertex -96 24.2899 34.0466
      vertex -96 26.4 36.4
      vertex -96 24.3801 33.8994
    endloop
  endfacet
  facet normal -1 0 0
    outer loop
      vertex -96 24.1778 34.1778
      vertex -96 26.4 36.4
      vertex -96 24.2899 34.0466
    endloop
  endfacet
  facet normal -1 0 0
    outer loop
      vertex -96 24.0466 34.2899
      vertex -96 26.4 36.4
      vertex -96 24.1778 34.1778
    endloop
  endfacet
  facet normal -1 0 0
    outer loop
      vertex -96 23.8994 34.3801
      vertex -96 26.4 36.4
      vertex -96 24.0466 34.2899
    endloop
  endfacet
  facet normal -1 0 0
    outer loop
      vertex -96 23.7399 34.4462
      vertex -96 26.4 36.4
      vertex -96 23.8994 34.3801
    endloop
  endfacet
  facet normal -1 0 0
    outer loop
      vertex -96 23.5721 34.4865
      vertex -96 26.4 36.4
      vertex -96 23.7399 34.4462
    endloop
  endfacet
  facet normal -1 0 0
    outer loop
      vertex -96 23.4 34.5
      vertex -96 26.4 36.4
      vertex -96 23.5721 34.4865
    endloop
  endfacet
  facet normal -1 0 0
    outer loop
      vertex -96 20.4 36.4
      vertex -96 23.4 34.5
      vertex -96 23.2279 34.4865
    endloop
  endfacet
  facet normal -1 0 0
    outer loop
      vertex -96 20.4 36.4
      vertex -96 23.2279 34.4865
      vertex -96 23.0601 34.4462
    endloop
  endfacet
  facet normal -1 0 0
    outer loop
      vertex -96 20.4 36.4
      vertex -96 23.0601 34.4462
      vertex -96 22.9006 34.3801
    endloop
  endfacet
  facet normal -1 0 0
    outer loop
      vertex -96 20.4 36.4
      vertex -96 22.3 33.4
      vertex -96 20.4 30.4
    endloop
  endfacet
  facet normal -1 0 0
    outer loop
      vertex -96 22.3 33.4
      vertex -96 20.4 36.4
      vertex -96 22.3135 33.5721
    endloop
  endfacet
  facet normal -1 0 0
    outer loop
      vertex -96 22.3135 33.5721
      vertex -96 20.4 36.4
      vertex -96 22.3538 33.7399
    endloop
  endfacet
  facet normal -1 0 0
    outer loop
      vertex -96 23.4 34.5
      vertex -96 20.4 36.4
      vertex -96 26.4 36.4
    endloop
  endfacet
  facet normal -1 0 0
    outer loop
      vertex -96 22.7534 34.2899
      vertex -96 20.4 36.4
      vertex -96 22.9006 34.3801
    endloop
  endfacet
  facet normal -1 0 0
    outer loop
      vertex -96 22.6222 34.1778
      vertex -96 20.4 36.4
      vertex -96 22.7534 34.2899
    endloop
  endfacet
  facet normal -1 0 0
    outer loop
      vertex -96 22.5101 34.0466
      vertex -96 20.4 36.4
      vertex -96 22.6222 34.1778
    endloop
  endfacet
  facet normal -1 0 0
    outer loop
      vertex -96 22.4199 33.8994
      vertex -96 20.4 36.4
      vertex -96 22.5101 34.0466
    endloop
  endfacet
  facet normal -1 0 0
    outer loop
      vertex -96 22.3538 33.7399
      vertex -96 20.4 36.4
      vertex -96 22.4199 33.8994
    endloop
  endfacet
  facet normal 0 -1 0
    outer loop
      vertex -96 20.4 30.4
      vertex -95.33 20.4 36.4
      vertex -96 20.4 36.4
    endloop
  endfacet
  facet normal 0 -1 0
    outer loop
      vertex -88 20.4 30.4
      vertex -95.33 20.4 36.4
      vertex -96 20.4 30.4
    endloop
  endfacet
  facet normal 0 -1 0
    outer loop
      vertex -95.33 20.4 36.4
      vertex -88 20.4 30.4
      vertex -88 20.4 36.4
    endloop
  endfacet
  facet normal 0 -0.97235 0.233526
    outer loop
      vertex -96 24.4462 33.0601
      vertex -88 24.4865 33.2279
      vertex -96 24.4865 33.2279
    endloop
  endfacet
  facet normal 0 -0.97235 0.233526
    outer loop
      vertex -88 24.4865 33.2279
      vertex -96 24.4462 33.0601
      vertex -88 24.4462 33.0601
    endloop
  endfacet
  facet normal 0 0.97235 0.233526
    outer loop
      vertex -88 22.3538 33.0601
      vertex -96 22.3135 33.2279
      vertex -88 22.3135 33.2279
    endloop
  endfacet
  facet normal 0 0.97235 0.233526
    outer loop
      vertex -96 22.3135 33.2279
      vertex -88 22.3538 33.0601
      vertex -96 22.3538 33.0601
    endloop
  endfacet
  facet normal 0 -0.233526 0.97235
    outer loop
      vertex -96 23.7399 32.3538
      vertex -88 23.5721 32.3135
      vertex -88 23.7399 32.3538
    endloop
  endfacet
  facet normal 0 -0.233526 0.97235
    outer loop
      vertex -88 23.5721 32.3135
      vertex -96 23.7399 32.3538
      vertex -96 23.5721 32.3135
    endloop
  endfacet
  facet normal 0 0.852651 -0.522481
    outer loop
      vertex -88 22.4199 33.8994
      vertex -96 22.5101 34.0466
      vertex -88 22.5101 34.0466
    endloop
  endfacet
  facet normal 0 0.852651 -0.522481
    outer loop
      vertex -96 22.5101 34.0466
      vertex -88 22.4199 33.8994
      vertex -96 22.4199 33.8994
    endloop
  endfacet
  facet normal 0 -0.649598 0.760278
    outer loop
      vertex -96 24.1778 32.6222
      vertex -88 24.0466 32.5101
      vertex -88 24.1778 32.6222
    endloop
  endfacet
  facet normal 0 -0.649598 0.760278
    outer loop
      vertex -88 24.0466 32.5101
      vertex -96 24.1778 32.6222
      vertex -96 24.0466 32.5101
    endloop
  endfacet
  facet normal 0 -0.233526 -0.97235
    outer loop
      vertex -96 23.5721 34.4865
      vertex -88 23.7399 34.4462
      vertex -88 23.5721 34.4865
    endloop
  endfacet
  facet normal -0 -0.233526 -0.97235
    outer loop
      vertex -88 23.7399 34.4462
      vertex -96 23.5721 34.4865
      vertex -96 23.7399 34.4462
    endloop
  endfacet
  facet normal 0 0.996937 0.0782025
    outer loop
      vertex -88 22.3135 33.2279
      vertex -96 22.3 33.4
      vertex -88 22.3 33.4
    endloop
  endfacet
  facet normal 0 0.996937 0.0782025
    outer loop
      vertex -96 22.3 33.4
      vertex -88 22.3135 33.2279
      vertex -96 22.3135 33.2279
    endloop
  endfacet
  facet normal 0 0.996937 -0.0782025
    outer loop
      vertex -88 22.3 33.4
      vertex -96 22.3135 33.5721
      vertex -88 22.3135 33.5721
    endloop
  endfacet
  facet normal 0 0.996937 -0.0782025
    outer loop
      vertex -96 22.3135 33.5721
      vertex -88 22.3 33.4
      vertex -96 22.3 33.4
    endloop
  endfacet
  facet normal 0 0.923812 0.382846
    outer loop
      vertex -88 22.4199 32.9006
      vertex -96 22.3538 33.0601
      vertex -88 22.3538 33.0601
    endloop
  endfacet
  facet normal 0 0.923812 0.382846
    outer loop
      vertex -96 22.3538 33.0601
      vertex -88 22.4199 32.9006
      vertex -96 22.4199 32.9006
    endloop
  endfacet
  facet normal -0 0.0782025 0.996937
    outer loop
      vertex -96 23.4 32.3
      vertex -88 23.2279 32.3135
      vertex -88 23.4 32.3
    endloop
  endfacet
  facet normal 0 0.0782025 0.996937
    outer loop
      vertex -88 23.2279 32.3135
      vertex -96 23.4 32.3
      vertex -96 23.2279 32.3135
    endloop
  endfacet
  facet normal -0 0.382846 0.923812
    outer loop
      vertex -96 23.0601 32.3538
      vertex -88 22.9006 32.4199
      vertex -88 23.0601 32.3538
    endloop
  endfacet
  facet normal 0 0.382846 0.923812
    outer loop
      vertex -88 22.9006 32.4199
      vertex -96 23.0601 32.3538
      vertex -96 22.9006 32.4199
    endloop
  endfacet
  facet normal 0 -0.382846 0.923812
    outer loop
      vertex -96 23.8994 32.4199
      vertex -88 23.7399 32.3538
      vertex -88 23.8994 32.4199
    endloop
  endfacet
  facet normal 0 -0.382846 0.923812
    outer loop
      vertex -88 23.7399 32.3538
      vertex -96 23.8994 32.4199
      vertex -96 23.7399 32.3538
    endloop
  endfacet
  facet normal 0 -0.852651 -0.522481
    outer loop
      vertex -96 24.3801 33.8994
      vertex -88 24.2899 34.0466
      vertex -96 24.2899 34.0466
    endloop
  endfacet
  facet normal 0 -0.852651 -0.522481
    outer loop
      vertex -88 24.2899 34.0466
      vertex -96 24.3801 33.8994
      vertex -88 24.3801 33.8994
    endloop
  endfacet
  facet normal 0 -0.0782025 0.996937
    outer loop
      vertex -96 23.5721 32.3135
      vertex -88 23.4 32.3
      vertex -88 23.5721 32.3135
    endloop
  endfacet
  facet normal 0 -0.0782025 0.996937
    outer loop
      vertex -88 23.4 32.3
      vertex -96 23.5721 32.3135
      vertex -96 23.4 32.3
    endloop
  endfacet
  facet normal -0 0.649598 0.760278
    outer loop
      vertex -96 22.7534 32.5101
      vertex -88 22.6222 32.6222
      vertex -88 22.7534 32.5101
    endloop
  endfacet
  facet normal 0 0.649598 0.760278
    outer loop
      vertex -88 22.6222 32.6222
      vertex -96 22.7534 32.5101
      vertex -96 22.6222 32.6222
    endloop
  endfacet
  facet normal 0 -0.852651 0.522481
    outer loop
      vertex -96 24.2899 32.7534
      vertex -88 24.3801 32.9006
      vertex -96 24.3801 32.9006
    endloop
  endfacet
  facet normal 0 -0.852651 0.522481
    outer loop
      vertex -88 24.3801 32.9006
      vertex -96 24.2899 32.7534
      vertex -88 24.2899 32.7534
    endloop
  endfacet
  facet normal 0 -0.522481 -0.852651
    outer loop
      vertex -96 23.8994 34.3801
      vertex -88 24.0466 34.2899
      vertex -88 23.8994 34.3801
    endloop
  endfacet
  facet normal -0 -0.522481 -0.852651
    outer loop
      vertex -88 24.0466 34.2899
      vertex -96 23.8994 34.3801
      vertex -96 24.0466 34.2899
    endloop
  endfacet
  facet normal 0 0.522481 -0.852651
    outer loop
      vertex -96 22.7534 34.2899
      vertex -88 22.9006 34.3801
      vertex -88 22.7534 34.2899
    endloop
  endfacet
  facet normal 0 0.522481 -0.852651
    outer loop
      vertex -88 22.9006 34.3801
      vertex -96 22.7534 34.2899
      vertex -96 22.9006 34.3801
    endloop
  endfacet
  facet normal -0 0.233526 0.97235
    outer loop
      vertex -96 23.2279 32.3135
      vertex -88 23.0601 32.3538
      vertex -88 23.2279 32.3135
    endloop
  endfacet
  facet normal 0 0.233526 0.97235
    outer loop
      vertex -88 23.0601 32.3538
      vertex -96 23.2279 32.3135
      vertex -96 23.0601 32.3538
    endloop
  endfacet
  facet normal 0 -0.923812 0.382846
    outer loop
      vertex -96 24.3801 32.9006
      vertex -88 24.4462 33.0601
      vertex -96 24.4462 33.0601
    endloop
  endfacet
  facet normal 0 -0.923812 0.382846
    outer loop
      vertex -88 24.4462 33.0601
      vertex -96 24.3801 32.9006
      vertex -88 24.3801 32.9006
    endloop
  endfacet
  facet normal 0 0.0782025 -0.996937
    outer loop
      vertex -96 23.2279 34.4865
      vertex -88 23.4 34.5
      vertex -88 23.2279 34.4865
    endloop
  endfacet
  facet normal 0 0.0782025 -0.996937
    outer loop
      vertex -88 23.4 34.5
      vertex -96 23.2279 34.4865
      vertex -96 23.4 34.5
    endloop
  endfacet
  facet normal 0 -0.522481 0.852651
    outer loop
      vertex -96 24.0466 32.5101
      vertex -88 23.8994 32.4199
      vertex -88 24.0466 32.5101
    endloop
  endfacet
  facet normal 0 -0.522481 0.852651
    outer loop
      vertex -88 23.8994 32.4199
      vertex -96 24.0466 32.5101
      vertex -96 23.8994 32.4199
    endloop
  endfacet
  facet normal 0 -0.0782025 -0.996937
    outer loop
      vertex -96 23.4 34.5
      vertex -88 23.5721 34.4865
      vertex -88 23.4 34.5
    endloop
  endfacet
  facet normal -0 -0.0782025 -0.996937
    outer loop
      vertex -88 23.5721 34.4865
      vertex -96 23.4 34.5
      vertex -96 23.5721 34.4865
    endloop
  endfacet
  facet normal 0 -0.760278 -0.649598
    outer loop
      vertex -96 24.2899 34.0466
      vertex -88 24.1778 34.1778
      vertex -96 24.1778 34.1778
    endloop
  endfacet
  facet normal 0 -0.760278 -0.649598
    outer loop
      vertex -88 24.1778 34.1778
      vertex -96 24.2899 34.0466
      vertex -88 24.2899 34.0466
    endloop
  endfacet
  facet normal 0 -0.996937 -0.0782025
    outer loop
      vertex -96 24.5 33.4
      vertex -88 24.4865 33.5721
      vertex -96 24.4865 33.5721
    endloop
  endfacet
  facet normal 0 -0.996937 -0.0782025
    outer loop
      vertex -88 24.4865 33.5721
      vertex -96 24.5 33.4
      vertex -88 24.5 33.4
    endloop
  endfacet
  facet normal -0 0.522481 0.852651
    outer loop
      vertex -96 22.9006 32.4199
      vertex -88 22.7534 32.5101
      vertex -88 22.9006 32.4199
    endloop
  endfacet
  facet normal 0 0.522481 0.852651
    outer loop
      vertex -88 22.7534 32.5101
      vertex -96 22.9006 32.4199
      vertex -96 22.7534 32.5101
    endloop
  endfacet
  facet normal 0 -0.760278 0.649598
    outer loop
      vertex -96 24.1778 32.6222
      vertex -88 24.2899 32.7534
      vertex -96 24.2899 32.7534
    endloop
  endfacet
  facet normal 0 -0.760278 0.649598
    outer loop
      vertex -88 24.2899 32.7534
      vertex -96 24.1778 32.6222
      vertex -88 24.1778 32.6222
    endloop
  endfacet
  facet normal 0 -0.649598 -0.760278
    outer loop
      vertex -96 24.0466 34.2899
      vertex -88 24.1778 34.1778
      vertex -88 24.0466 34.2899
    endloop
  endfacet
  facet normal -0 -0.649598 -0.760278
    outer loop
      vertex -88 24.1778 34.1778
      vertex -96 24.0466 34.2899
      vertex -96 24.1778 34.1778
    endloop
  endfacet
  facet normal 0 0.382846 -0.923812
    outer loop
      vertex -96 22.9006 34.3801
      vertex -88 23.0601 34.4462
      vertex -88 22.9006 34.3801
    endloop
  endfacet
  facet normal 0 0.382846 -0.923812
    outer loop
      vertex -88 23.0601 34.4462
      vertex -96 22.9006 34.3801
      vertex -96 23.0601 34.4462
    endloop
  endfacet
  facet normal 0 0.649598 -0.760278
    outer loop
      vertex -96 22.6222 34.1778
      vertex -88 22.7534 34.2899
      vertex -88 22.6222 34.1778
    endloop
  endfacet
  facet normal 0 0.649598 -0.760278
    outer loop
      vertex -88 22.7534 34.2899
      vertex -96 22.6222 34.1778
      vertex -96 22.7534 34.2899
    endloop
  endfacet
  facet normal 0 -0.97235 -0.233526
    outer loop
      vertex -96 24.4865 33.5721
      vertex -88 24.4462 33.7399
      vertex -96 24.4462 33.7399
    endloop
  endfacet
  facet normal 0 -0.97235 -0.233526
    outer loop
      vertex -88 24.4462 33.7399
      vertex -96 24.4865 33.5721
      vertex -88 24.4865 33.5721
    endloop
  endfacet
  facet normal 0 -0.996937 0.0782025
    outer loop
      vertex -96 24.4865 33.2279
      vertex -88 24.5 33.4
      vertex -96 24.5 33.4
    endloop
  endfacet
  facet normal 0 -0.996937 0.0782025
    outer loop
      vertex -88 24.5 33.4
      vertex -96 24.4865 33.2279
      vertex -88 24.4865 33.2279
    endloop
  endfacet
  facet normal 0 0.760278 -0.649598
    outer loop
      vertex -88 22.5101 34.0466
      vertex -96 22.6222 34.1778
      vertex -88 22.6222 34.1778
    endloop
  endfacet
  facet normal 0 0.760278 -0.649598
    outer loop
      vertex -96 22.6222 34.1778
      vertex -88 22.5101 34.0466
      vertex -96 22.5101 34.0466
    endloop
  endfacet
  facet normal 0 -0.923812 -0.382846
    outer loop
      vertex -96 24.4462 33.7399
      vertex -88 24.3801 33.8994
      vertex -96 24.3801 33.8994
    endloop
  endfacet
  facet normal 0 -0.923812 -0.382846
    outer loop
      vertex -88 24.3801 33.8994
      vertex -96 24.4462 33.7399
      vertex -88 24.4462 33.7399
    endloop
  endfacet
  facet normal 0 0.233526 -0.97235
    outer loop
      vertex -96 23.0601 34.4462
      vertex -88 23.2279 34.4865
      vertex -88 23.0601 34.4462
    endloop
  endfacet
  facet normal 0 0.233526 -0.97235
    outer loop
      vertex -88 23.2279 34.4865
      vertex -96 23.0601 34.4462
      vertex -96 23.2279 34.4865
    endloop
  endfacet
  facet normal 0 0.97235 -0.233526
    outer loop
      vertex -88 22.3135 33.5721
      vertex -96 22.3538 33.7399
      vertex -88 22.3538 33.7399
    endloop
  endfacet
  facet normal 0 0.97235 -0.233526
    outer loop
      vertex -96 22.3538 33.7399
      vertex -88 22.3135 33.5721
      vertex -96 22.3135 33.5721
    endloop
  endfacet
  facet normal 0 0.923812 -0.382846
    outer loop
      vertex -88 22.3538 33.7399
      vertex -96 22.4199 33.8994
      vertex -88 22.4199 33.8994
    endloop
  endfacet
  facet normal 0 0.923812 -0.382846
    outer loop
      vertex -96 22.4199 33.8994
      vertex -88 22.3538 33.7399
      vertex -96 22.3538 33.7399
    endloop
  endfacet
  facet normal 0 0.760278 0.649598
    outer loop
      vertex -88 22.6222 32.6222
      vertex -96 22.5101 32.7534
      vertex -88 22.5101 32.7534
    endloop
  endfacet
  facet normal 0 0.760278 0.649598
    outer loop
      vertex -96 22.5101 32.7534
      vertex -88 22.6222 32.6222
      vertex -96 22.6222 32.6222
    endloop
  endfacet
  facet normal 0 0.852651 0.522481
    outer loop
      vertex -88 22.5101 32.7534
      vertex -96 22.4199 32.9006
      vertex -88 22.4199 32.9006
    endloop
  endfacet
  facet normal 0 0.852651 0.522481
    outer loop
      vertex -96 22.4199 32.9006
      vertex -88 22.5101 32.7534
      vertex -96 22.5101 32.7534
    endloop
  endfacet
  facet normal 0 -0.382846 -0.923812
    outer loop
      vertex -96 23.7399 34.4462
      vertex -88 23.8994 34.3801
      vertex -88 23.7399 34.4462
    endloop
  endfacet
  facet normal -0 -0.382846 -0.923812
    outer loop
      vertex -88 23.8994 34.3801
      vertex -96 23.7399 34.4462
      vertex -96 23.8994 34.3801
    endloop
  endfacet
endsolid OpenSCAD_Model
