solid OpenSCAD_Model
  facet normal 0.996918 -0.0784506 0
    outer loop
      vertex 86.4446 -34.704 4
      vertex 86.5 -34 -4
      vertex 86.5 -34 4
    endloop
  endfacet
  facet normal 0.996918 -0.0784506 0
    outer loop
      vertex 86.5 -34 -4
      vertex 86.4446 -34.704 4
      vertex 86.4446 -34.704 -4
    endloop
  endfacet
  facet normal 0.649414 -0.760435 0
    outer loop
      vertex 84.645 -37.6406 -4
      vertex 85.182 -37.182 4
      vertex 84.645 -37.6406 4
    endloop
  endfacet
  facet normal 0.649414 -0.760435 0
    outer loop
      vertex 85.182 -37.182 4
      vertex 84.645 -37.6406 -4
      vertex 85.182 -37.182 -4
    endloop
  endfacet
  facet normal 0 1 -0
    outer loop
      vertex 86.5 -28 -4
      vertex 77.5 -28 -2.4
      vertex 86.5 -28 -2.4
    endloop
  endfacet
  facet normal 0 1 0
    outer loop
      vertex 77.5 -28 -2.4
      vertex 86.5 -28 -4
      vertex 77.5 -28 -4
    endloop
  endfacet
  facet normal 0.972382 -0.233394 0
    outer loop
      vertex 86.2798 -35.3906 4
      vertex 86.4446 -34.704 -4
      vertex 86.4446 -34.704 4
    endloop
  endfacet
  facet normal 0.972382 -0.233394 0
    outer loop
      vertex 86.4446 -34.704 -4
      vertex 86.2798 -35.3906 4
      vertex 86.2798 -35.3906 -4
    endloop
  endfacet
  facet normal 0.522492 -0.852644 0
    outer loop
      vertex 84.043 -38.0095 -4
      vertex 84.645 -37.6406 4
      vertex 84.043 -38.0095 4
    endloop
  endfacet
  facet normal 0.522492 -0.852644 0
    outer loop
      vertex 84.645 -37.6406 4
      vertex 84.043 -38.0095 -4
      vertex 84.645 -37.6406 -4
    endloop
  endfacet
  facet normal -1 0 0
    outer loop
      vertex 77.5 -28 -4
      vertex 77.5 -28.4 -2.4
      vertex 77.5 -28 -2.4
    endloop
  endfacet
  facet normal -1 0 0
    outer loop
      vertex 77.5 -28.4 -2.4
      vertex 77.5 -29.237 -0.177933
      vertex 77.5 -28.4 -1.33003
    endloop
  endfacet
  facet normal -1 0 0
    outer loop
      vertex 77.5 -34 -4
      vertex 77.5 -28.4 -2.4
      vertex 77.5 -28 -4
    endloop
  endfacet
  facet normal -1 -0 0
    outer loop
      vertex 77.5 -28.4 -2.4
      vertex 77.5 -34 -4
      vertex 77.5 -29.237 -0.177933
    endloop
  endfacet
  facet normal -1 -0 0
    outer loop
      vertex 77.5 -29.237 -0.177933
      vertex 77.5 -34 -4
      vertex 77.5 -29.9138 1.90496
    endloop
  endfacet
  facet normal -1 0 0
    outer loop
      vertex 77.5 -34 4
      vertex 77.5 -29.9138 1.90496
      vertex 77.5 -34 -4
    endloop
  endfacet
  facet normal -1 0 0
    outer loop
      vertex 77.5 -29.9138 1.90496
      vertex 77.5 -34 4
      vertex 77.5 -29.9138 4
    endloop
  endfacet
  facet normal 1 0 0
    outer loop
      vertex 86.5 -29.9138 4
      vertex 86.5 -34 4
      vertex 86.5 -29.9138 1.90496
    endloop
  endfacet
  facet normal 1 0 0
    outer loop
      vertex 86.5 -28.4 -1.33003
      vertex 86.5 -29.237 -0.177933
      vertex 86.5 -28.4 -2.4
    endloop
  endfacet
  facet normal 1 -0 0
    outer loop
      vertex 86.5 -28.4 -2.4
      vertex 86.5 -28 -4
      vertex 86.5 -28 -2.4
    endloop
  endfacet
  facet normal 1 0 0
    outer loop
      vertex 86.5 -34 -4
      vertex 86.5 -28.4 -2.4
      vertex 86.5 -29.237 -0.177933
    endloop
  endfacet
  facet normal 1 0 0
    outer loop
      vertex 86.5 -34 -4
      vertex 86.5 -29.237 -0.177933
      vertex 86.5 -29.9138 1.90496
    endloop
  endfacet
  facet normal 1 0 0
    outer loop
      vertex 86.5 -34 -4
      vertex 86.5 -29.9138 1.90496
      vertex 86.5 -34 4
    endloop
  endfacet
  facet normal 1 0 0
    outer loop
      vertex 86.5 -28.4 -2.4
      vertex 86.5 -34 -4
      vertex 86.5 -28 -4
    endloop
  endfacet
  facet normal -0.649414 -0.760435 0
    outer loop
      vertex 78.818 -37.182 -4
      vertex 79.355 -37.6406 4
      vertex 78.818 -37.182 4
    endloop
  endfacet
  facet normal -0.649414 -0.760435 -0
    outer loop
      vertex 79.355 -37.6406 4
      vertex 78.818 -37.182 -4
      vertex 79.355 -37.6406 -4
    endloop
  endfacet
  facet normal 0.760435 -0.649414 0
    outer loop
      vertex 85.182 -37.182 4
      vertex 85.6406 -36.645 -4
      vertex 85.6406 -36.645 4
    endloop
  endfacet
  facet normal 0.760435 -0.649414 0
    outer loop
      vertex 85.6406 -36.645 -4
      vertex 85.182 -37.182 4
      vertex 85.182 -37.182 -4
    endloop
  endfacet
  facet normal -0.522492 -0.852644 0
    outer loop
      vertex 79.355 -37.6406 -4
      vertex 79.957 -38.0095 4
      vertex 79.355 -37.6406 4
    endloop
  endfacet
  facet normal -0.522492 -0.852644 -0
    outer loop
      vertex 79.957 -38.0095 4
      vertex 79.355 -37.6406 -4
      vertex 79.957 -38.0095 -4
    endloop
  endfacet
  facet normal -0.760435 -0.649414 0
    outer loop
      vertex 78.818 -37.182 -4
      vertex 78.3594 -36.645 4
      vertex 78.3594 -36.645 -4
    endloop
  endfacet
  facet normal -0.760435 -0.649414 0
    outer loop
      vertex 78.3594 -36.645 4
      vertex 78.818 -37.182 -4
      vertex 78.818 -37.182 4
    endloop
  endfacet
  facet normal -0.972382 -0.233394 0
    outer loop
      vertex 77.7202 -35.3906 -4
      vertex 77.5554 -34.704 4
      vertex 77.5554 -34.704 -4
    endloop
  endfacet
  facet normal -0.972382 -0.233394 0
    outer loop
      vertex 77.5554 -34.704 4
      vertex 77.7202 -35.3906 -4
      vertex 77.7202 -35.3906 4
    endloop
  endfacet
  facet normal 0.382765 -0.923846 0
    outer loop
      vertex 83.3906 -38.2798 -4
      vertex 84.043 -38.0095 4
      vertex 83.3906 -38.2798 4
    endloop
  endfacet
  facet normal 0.382765 -0.923846 0
    outer loop
      vertex 84.043 -38.0095 4
      vertex 83.3906 -38.2798 -4
      vertex 84.043 -38.0095 -4
    endloop
  endfacet
  facet normal -0.996918 -0.0784506 0
    outer loop
      vertex 77.5554 -34.704 -4
      vertex 77.5 -34 4
      vertex 77.5 -34 -4
    endloop
  endfacet
  facet normal -0.996918 -0.0784506 0
    outer loop
      vertex 77.5 -34 4
      vertex 77.5554 -34.704 -4
      vertex 77.5554 -34.704 4
    endloop
  endfacet
  facet normal -0.923846 -0.382765 0
    outer loop
      vertex 77.9905 -36.043 -4
      vertex 77.7202 -35.3906 4
      vertex 77.7202 -35.3906 -4
    endloop
  endfacet
  facet normal -0.923846 -0.382765 0
    outer loop
      vertex 77.7202 -35.3906 4
      vertex 77.9905 -36.043 -4
      vertex 77.9905 -36.043 4
    endloop
  endfacet
  facet normal 0.852644 -0.522492 0
    outer loop
      vertex 85.6406 -36.645 4
      vertex 86.0095 -36.043 -4
      vertex 86.0095 -36.043 4
    endloop
  endfacet
  facet normal 0.852644 -0.522492 0
    outer loop
      vertex 86.0095 -36.043 -4
      vertex 85.6406 -36.645 4
      vertex 85.6406 -36.645 -4
    endloop
  endfacet
  facet normal 0.923846 -0.382765 0
    outer loop
      vertex 86.0095 -36.043 4
      vertex 86.2798 -35.3906 -4
      vertex 86.2798 -35.3906 4
    endloop
  endfacet
  facet normal 0.923846 -0.382765 0
    outer loop
      vertex 86.2798 -35.3906 -4
      vertex 86.0095 -36.043 4
      vertex 86.0095 -36.043 -4
    endloop
  endfacet
  facet normal -0 0 1
    outer loop
      vertex 83.1326 -33.1771 4
      vertex 86.5 -34 4
      vertex 86.5 -29.9138 4
    endloop
  endfacet
  facet normal -0 -0 1
    outer loop
      vertex 83.3315 -33.5674 4
      vertex 86.5 -34 4
      vertex 83.2474 -33.3644 4
    endloop
  endfacet
  facet normal 0 -0 1
    outer loop
      vertex 83.4 -34 4
      vertex 86.5 -34 4
      vertex 83.3828 -33.781 4
    endloop
  endfacet
  facet normal -0 0 1
    outer loop
      vertex 83.3828 -34.219 4
      vertex 86.4446 -34.704 4
      vertex 83.4 -34 4
    endloop
  endfacet
  facet normal 0 0 1
    outer loop
      vertex 86.4446 -34.704 4
      vertex 83.3828 -34.219 4
      vertex 86.2798 -35.3906 4
    endloop
  endfacet
  facet normal 0 0 1
    outer loop
      vertex 86.2798 -35.3906 4
      vertex 83.3315 -34.4326 4
      vertex 86.0095 -36.043 4
    endloop
  endfacet
  facet normal -0 0 1
    outer loop
      vertex 83.2474 -34.6356 4
      vertex 86.0095 -36.043 4
      vertex 83.3315 -34.4326 4
    endloop
  endfacet
  facet normal 0 0 1
    outer loop
      vertex 86.0095 -36.043 4
      vertex 83.2474 -34.6356 4
      vertex 85.6406 -36.645 4
    endloop
  endfacet
  facet normal -0 0 1
    outer loop
      vertex 83.3315 -34.4326 4
      vertex 86.2798 -35.3906 4
      vertex 83.3828 -34.219 4
    endloop
  endfacet
  facet normal 0 0 1
    outer loop
      vertex 86.5 -34 4
      vertex 83.4 -34 4
      vertex 86.4446 -34.704 4
    endloop
  endfacet
  facet normal -0 -0 1
    outer loop
      vertex 83.3828 -33.781 4
      vertex 86.5 -34 4
      vertex 83.3315 -33.5674 4
    endloop
  endfacet
  facet normal 0 0 1
    outer loop
      vertex 86.5 -34 4
      vertex 83.1326 -33.1771 4
      vertex 83.2474 -33.3644 4
    endloop
  endfacet
  facet normal 0 0 1
    outer loop
      vertex 86.5 -29.9138 4
      vertex 82.99 -33.01 4
      vertex 83.1326 -33.1771 4
    endloop
  endfacet
  facet normal 0 0 1
    outer loop
      vertex 86.5 -29.9138 4
      vertex 82.8229 -32.8674 4
      vertex 82.99 -33.01 4
    endloop
  endfacet
  facet normal 0 0 1
    outer loop
      vertex 86.5 -29.9138 4
      vertex 82.6356 -32.7526 4
      vertex 82.8229 -32.8674 4
    endloop
  endfacet
  facet normal 0 0 1
    outer loop
      vertex 86.5 -29.9138 4
      vertex 82.4326 -32.6685 4
      vertex 82.6356 -32.7526 4
    endloop
  endfacet
  facet normal 0 0 1
    outer loop
      vertex 86.5 -29.9138 4
      vertex 82.219 -32.6172 4
      vertex 82.4326 -32.6685 4
    endloop
  endfacet
  facet normal 0 0 1
    outer loop
      vertex 86.5 -29.9138 4
      vertex 82 -32.6 4
      vertex 82.219 -32.6172 4
    endloop
  endfacet
  facet normal -0 0 1
    outer loop
      vertex 77.5 -29.9138 4
      vertex 82 -32.6 4
      vertex 86.5 -29.9138 4
    endloop
  endfacet
  facet normal 0 0 1
    outer loop
      vertex 82 -32.6 4
      vertex 77.5 -29.9138 4
      vertex 81.781 -32.6172 4
    endloop
  endfacet
  facet normal 0 0 1
    outer loop
      vertex 81.781 -32.6172 4
      vertex 77.5 -29.9138 4
      vertex 81.5674 -32.6685 4
    endloop
  endfacet
  facet normal 0 0 1
    outer loop
      vertex 77.5 -34 4
      vertex 80.6 -34 4
      vertex 80.6172 -33.781 4
    endloop
  endfacet
  facet normal 0 0 1
    outer loop
      vertex 80.6 -34 4
      vertex 79.355 -37.6406 4
      vertex 79.957 -38.0095 4
    endloop
  endfacet
  facet normal 0 0 1
    outer loop
      vertex 77.5 -34 4
      vertex 80.6172 -33.781 4
      vertex 80.6685 -33.5674 4
    endloop
  endfacet
  facet normal 0 0 1
    outer loop
      vertex 80.6 -34 4
      vertex 78.818 -37.182 4
      vertex 79.355 -37.6406 4
    endloop
  endfacet
  facet normal 0 0 1
    outer loop
      vertex 77.5 -34 4
      vertex 80.6685 -33.5674 4
      vertex 80.7526 -33.3644 4
    endloop
  endfacet
  facet normal 0 0 1
    outer loop
      vertex 80.6 -34 4
      vertex 78.3594 -36.645 4
      vertex 78.818 -37.182 4
    endloop
  endfacet
  facet normal 0 0 1
    outer loop
      vertex 77.5 -34 4
      vertex 80.7526 -33.3644 4
      vertex 80.8674 -33.1771 4
    endloop
  endfacet
  facet normal 0 0 1
    outer loop
      vertex 80.6 -34 4
      vertex 77.9905 -36.043 4
      vertex 78.3594 -36.645 4
    endloop
  endfacet
  facet normal 0 0 1
    outer loop
      vertex 77.5 -29.9138 4
      vertex 80.8674 -33.1771 4
      vertex 81.01 -33.01 4
    endloop
  endfacet
  facet normal 0 0 1
    outer loop
      vertex 80.6 -34 4
      vertex 77.7202 -35.3906 4
      vertex 77.9905 -36.043 4
    endloop
  endfacet
  facet normal 0 0 1
    outer loop
      vertex 77.5 -29.9138 4
      vertex 81.01 -33.01 4
      vertex 81.1771 -32.8674 4
    endloop
  endfacet
  facet normal 0 0 1
    outer loop
      vertex 80.6 -34 4
      vertex 77.5554 -34.704 4
      vertex 77.7202 -35.3906 4
    endloop
  endfacet
  facet normal 0 0 1
    outer loop
      vertex 77.5 -29.9138 4
      vertex 81.1771 -32.8674 4
      vertex 81.3644 -32.7526 4
    endloop
  endfacet
  facet normal 0 0 1
    outer loop
      vertex 81.5674 -32.6685 4
      vertex 77.5 -29.9138 4
      vertex 81.3644 -32.7526 4
    endloop
  endfacet
  facet normal 0 0 1
    outer loop
      vertex 80.8674 -33.1771 4
      vertex 77.5 -29.9138 4
      vertex 77.5 -34 4
    endloop
  endfacet
  facet normal 0 0 1
    outer loop
      vertex 80.6 -34 4
      vertex 77.5 -34 4
      vertex 77.5554 -34.704 4
    endloop
  endfacet
  facet normal -0 0 1
    outer loop
      vertex 83.1326 -34.8229 4
      vertex 85.6406 -36.645 4
      vertex 83.2474 -34.6356 4
    endloop
  endfacet
  facet normal 0 0 1
    outer loop
      vertex 85.6406 -36.645 4
      vertex 83.1326 -34.8229 4
      vertex 85.182 -37.182 4
    endloop
  endfacet
  facet normal -0 0 1
    outer loop
      vertex 82.99 -34.9899 4
      vertex 85.182 -37.182 4
      vertex 83.1326 -34.8229 4
    endloop
  endfacet
  facet normal 0 0 1
    outer loop
      vertex 85.182 -37.182 4
      vertex 82.99 -34.9899 4
      vertex 84.645 -37.6406 4
    endloop
  endfacet
  facet normal -0 0 1
    outer loop
      vertex 82.8229 -35.1326 4
      vertex 84.645 -37.6406 4
      vertex 82.99 -34.9899 4
    endloop
  endfacet
  facet normal 0 0 1
    outer loop
      vertex 84.645 -37.6406 4
      vertex 82.8229 -35.1326 4
      vertex 84.043 -38.0095 4
    endloop
  endfacet
  facet normal -0 0 1
    outer loop
      vertex 82.6356 -35.2474 4
      vertex 84.043 -38.0095 4
      vertex 82.8229 -35.1326 4
    endloop
  endfacet
  facet normal 0 0 1
    outer loop
      vertex 84.043 -38.0095 4
      vertex 82.6356 -35.2474 4
      vertex 83.3906 -38.2798 4
    endloop
  endfacet
  facet normal -0 0 1
    outer loop
      vertex 82.4326 -35.3315 4
      vertex 83.3906 -38.2798 4
      vertex 82.6356 -35.2474 4
    endloop
  endfacet
  facet normal 0 0 1
    outer loop
      vertex 83.3906 -38.2798 4
      vertex 82.4326 -35.3315 4
      vertex 82.704 -38.4446 4
    endloop
  endfacet
  facet normal -0 0 1
    outer loop
      vertex 82.219 -35.3828 4
      vertex 82.704 -38.4446 4
      vertex 82.4326 -35.3315 4
    endloop
  endfacet
  facet normal -0 0 1
    outer loop
      vertex 82 -35.4 4
      vertex 82.704 -38.4446 4
      vertex 82.219 -35.3828 4
    endloop
  endfacet
  facet normal 0 0 1
    outer loop
      vertex 82 -35.4 4
      vertex 82 -38.5 4
      vertex 82.704 -38.4446 4
    endloop
  endfacet
  facet normal 0 0 1
    outer loop
      vertex 81.781 -35.3828 4
      vertex 82 -38.5 4
      vertex 82 -35.4 4
    endloop
  endfacet
  facet normal 0 0 1
    outer loop
      vertex 81.296 -38.4446 4
      vertex 81.781 -35.3828 4
      vertex 81.5674 -35.3315 4
    endloop
  endfacet
  facet normal 0 0 1
    outer loop
      vertex 80.6094 -38.2798 4
      vertex 81.5674 -35.3315 4
      vertex 81.3644 -35.2474 4
    endloop
  endfacet
  facet normal 0 0 1
    outer loop
      vertex 81.781 -35.3828 4
      vertex 81.296 -38.4446 4
      vertex 82 -38.5 4
    endloop
  endfacet
  facet normal 0 0 1
    outer loop
      vertex 79.957 -38.0095 4
      vertex 81.3644 -35.2474 4
      vertex 81.1771 -35.1326 4
    endloop
  endfacet
  facet normal 0 0 1
    outer loop
      vertex 79.957 -38.0095 4
      vertex 81.1771 -35.1326 4
      vertex 81.01 -34.9899 4
    endloop
  endfacet
  facet normal 0 0 1
    outer loop
      vertex 79.957 -38.0095 4
      vertex 81.01 -34.9899 4
      vertex 80.8674 -34.8229 4
    endloop
  endfacet
  facet normal 0 0 1
    outer loop
      vertex 79.957 -38.0095 4
      vertex 80.8674 -34.8229 4
      vertex 80.7526 -34.6356 4
    endloop
  endfacet
  facet normal 0 0 1
    outer loop
      vertex 79.957 -38.0095 4
      vertex 80.7526 -34.6356 4
      vertex 80.6685 -34.4326 4
    endloop
  endfacet
  facet normal 0 0 1
    outer loop
      vertex 79.957 -38.0095 4
      vertex 80.6685 -34.4326 4
      vertex 80.6172 -34.219 4
    endloop
  endfacet
  facet normal 0 0 1
    outer loop
      vertex 81.5674 -35.3315 4
      vertex 80.6094 -38.2798 4
      vertex 81.296 -38.4446 4
    endloop
  endfacet
  facet normal 0 0 1
    outer loop
      vertex 79.957 -38.0095 4
      vertex 80.6172 -34.219 4
      vertex 80.6 -34 4
    endloop
  endfacet
  facet normal 0 0 1
    outer loop
      vertex 81.3644 -35.2474 4
      vertex 79.957 -38.0095 4
      vertex 80.6094 -38.2798 4
    endloop
  endfacet
  facet normal 0.233394 -0.972382 0
    outer loop
      vertex 82.704 -38.4446 -4
      vertex 83.3906 -38.2798 4
      vertex 82.704 -38.4446 4
    endloop
  endfacet
  facet normal 0.233394 -0.972382 0
    outer loop
      vertex 83.3906 -38.2798 4
      vertex 82.704 -38.4446 -4
      vertex 83.3906 -38.2798 -4
    endloop
  endfacet
  facet normal 0.0784506 -0.996918 0
    outer loop
      vertex 82 -38.5 -4
      vertex 82.704 -38.4446 4
      vertex 82 -38.5 4
    endloop
  endfacet
  facet normal 0.0784506 -0.996918 0
    outer loop
      vertex 82.704 -38.4446 4
      vertex 82 -38.5 -4
      vertex 82.704 -38.4446 -4
    endloop
  endfacet
  facet normal -0.852644 -0.522492 0
    outer loop
      vertex 78.3594 -36.645 -4
      vertex 77.9905 -36.043 4
      vertex 77.9905 -36.043 -4
    endloop
  endfacet
  facet normal -0.852644 -0.522492 0
    outer loop
      vertex 77.9905 -36.043 4
      vertex 78.3594 -36.645 -4
      vertex 78.3594 -36.645 4
    endloop
  endfacet
  facet normal -0.233394 -0.972382 0
    outer loop
      vertex 80.6094 -38.2798 -4
      vertex 81.296 -38.4446 4
      vertex 80.6094 -38.2798 4
    endloop
  endfacet
  facet normal -0.233394 -0.972382 -0
    outer loop
      vertex 81.296 -38.4446 4
      vertex 80.6094 -38.2798 -4
      vertex 81.296 -38.4446 -4
    endloop
  endfacet
  facet normal -0.0784506 -0.996918 0
    outer loop
      vertex 81.296 -38.4446 -4
      vertex 82 -38.5 4
      vertex 81.296 -38.4446 4
    endloop
  endfacet
  facet normal -0.0784506 -0.996918 -0
    outer loop
      vertex 82 -38.5 4
      vertex 81.296 -38.4446 -4
      vertex 82 -38.5 -4
    endloop
  endfacet
  facet normal -0.382765 -0.923846 0
    outer loop
      vertex 79.957 -38.0095 -4
      vertex 80.6094 -38.2798 4
      vertex 79.957 -38.0095 4
    endloop
  endfacet
  facet normal -0.382765 -0.923846 -0
    outer loop
      vertex 80.6094 -38.2798 4
      vertex 79.957 -38.0095 -4
      vertex 80.6094 -38.2798 -4
    endloop
  endfacet
  facet normal 0 0 -1
    outer loop
      vertex 86.4446 -34.704 -4
      vertex 84.568 -34.4067 -4
      vertex 84.6 -34 -4
    endloop
  endfacet
  facet normal 0 0 -1
    outer loop
      vertex 85.182 -37.182 -4
      vertex 84.4727 -34.8034 -4
      vertex 84.568 -34.4067 -4
    endloop
  endfacet
  facet normal 0 0 -1
    outer loop
      vertex 85.182 -37.182 -4
      vertex 84.3166 -35.1804 -4
      vertex 84.4727 -34.8034 -4
    endloop
  endfacet
  facet normal 0 0 -1
    outer loop
      vertex 85.182 -37.182 -4
      vertex 84.1034 -35.5282 -4
      vertex 84.3166 -35.1804 -4
    endloop
  endfacet
  facet normal 0 0 -1
    outer loop
      vertex 83.5282 -36.1034 -4
      vertex 84.645 -37.6406 -4
      vertex 84.043 -38.0095 -4
    endloop
  endfacet
  facet normal 0 0 -1
    outer loop
      vertex 85.182 -37.182 -4
      vertex 83.8385 -35.8385 -4
      vertex 84.1034 -35.5282 -4
    endloop
  endfacet
  facet normal 0 0 -1
    outer loop
      vertex 84.645 -37.6406 -4
      vertex 83.5282 -36.1034 -4
      vertex 83.8385 -35.8385 -4
    endloop
  endfacet
  facet normal 0 0 -1
    outer loop
      vertex 83.1804 -36.3166 -4
      vertex 84.043 -38.0095 -4
      vertex 83.3906 -38.2798 -4
    endloop
  endfacet
  facet normal 0 0 -1
    outer loop
      vertex 84.043 -38.0095 -4
      vertex 83.1804 -36.3166 -4
      vertex 83.5282 -36.1034 -4
    endloop
  endfacet
  facet normal 0 0 -1
    outer loop
      vertex 83.3906 -38.2798 -4
      vertex 82.8034 -36.4727 -4
      vertex 83.1804 -36.3166 -4
    endloop
  endfacet
  facet normal 0 0 -1
    outer loop
      vertex 82.704 -38.4446 -4
      vertex 82.8034 -36.4727 -4
      vertex 83.3906 -38.2798 -4
    endloop
  endfacet
  facet normal 0 0 -1
    outer loop
      vertex 82.704 -38.4446 -4
      vertex 82.4067 -36.568 -4
      vertex 82.8034 -36.4727 -4
    endloop
  endfacet
  facet normal 0 0 -1
    outer loop
      vertex 82 -38.5 -4
      vertex 82.4067 -36.568 -4
      vertex 82.704 -38.4446 -4
    endloop
  endfacet
  facet normal 0 0 -1
    outer loop
      vertex 82 -38.5 -4
      vertex 82 -36.6 -4
      vertex 82.4067 -36.568 -4
    endloop
  endfacet
  facet normal 0 0 -1
    outer loop
      vertex 82 -38.5 -4
      vertex 81.5933 -36.568 -4
      vertex 82 -36.6 -4
    endloop
  endfacet
  facet normal 0 0 -1
    outer loop
      vertex 81.296 -38.4446 -4
      vertex 81.5933 -36.568 -4
      vertex 82 -38.5 -4
    endloop
  endfacet
  facet normal 0 0 -1
    outer loop
      vertex 81.296 -38.4446 -4
      vertex 81.1966 -36.4727 -4
      vertex 81.5933 -36.568 -4
    endloop
  endfacet
  facet normal 0 0 -1
    outer loop
      vertex 80.6094 -38.2798 -4
      vertex 81.1966 -36.4727 -4
      vertex 81.296 -38.4446 -4
    endloop
  endfacet
  facet normal -0 0 -1
    outer loop
      vertex 81.1966 -36.4727 -4
      vertex 80.6094 -38.2798 -4
      vertex 80.8196 -36.3166 -4
    endloop
  endfacet
  facet normal 0 0 -1
    outer loop
      vertex 79.957 -38.0095 -4
      vertex 80.8196 -36.3166 -4
      vertex 80.6094 -38.2798 -4
    endloop
  endfacet
  facet normal -0 0 -1
    outer loop
      vertex 80.8196 -36.3166 -4
      vertex 79.957 -38.0095 -4
      vertex 80.4718 -36.1034 -4
    endloop
  endfacet
  facet normal 0 0 -1
    outer loop
      vertex 79.355 -37.6406 -4
      vertex 80.4718 -36.1034 -4
      vertex 79.957 -38.0095 -4
    endloop
  endfacet
  facet normal -0 0 -1
    outer loop
      vertex 80.4718 -36.1034 -4
      vertex 79.355 -37.6406 -4
      vertex 80.1615 -35.8385 -4
    endloop
  endfacet
  facet normal 0 0 -1
    outer loop
      vertex 78.818 -37.182 -4
      vertex 80.1615 -35.8385 -4
      vertex 79.355 -37.6406 -4
    endloop
  endfacet
  facet normal -0 0 -1
    outer loop
      vertex 80.1615 -35.8385 -4
      vertex 78.818 -37.182 -4
      vertex 79.8966 -35.5282 -4
    endloop
  endfacet
  facet normal 0 0 -1
    outer loop
      vertex 78.3594 -36.645 -4
      vertex 79.8966 -35.5282 -4
      vertex 78.818 -37.182 -4
    endloop
  endfacet
  facet normal 0 0 -1
    outer loop
      vertex 77.9905 -36.043 -4
      vertex 79.6834 -35.1804 -4
      vertex 78.3594 -36.645 -4
    endloop
  endfacet
  facet normal -0 0 -1
    outer loop
      vertex 79.8966 -35.5282 -4
      vertex 78.3594 -36.645 -4
      vertex 79.6834 -35.1804 -4
    endloop
  endfacet
  facet normal 0 0 -1
    outer loop
      vertex 84.6 -34 -4
      vertex 86.5 -34 -4
      vertex 86.4446 -34.704 -4
    endloop
  endfacet
  facet normal 0 0 -1
    outer loop
      vertex 84.568 -34.4067 -4
      vertex 86.4446 -34.704 -4
      vertex 86.2798 -35.3906 -4
    endloop
  endfacet
  facet normal 0 0 -1
    outer loop
      vertex 84.568 -34.4067 -4
      vertex 86.2798 -35.3906 -4
      vertex 86.0095 -36.043 -4
    endloop
  endfacet
  facet normal 0 0 -1
    outer loop
      vertex 84.568 -34.4067 -4
      vertex 86.0095 -36.043 -4
      vertex 85.6406 -36.645 -4
    endloop
  endfacet
  facet normal 0 0 -1
    outer loop
      vertex 84.568 -34.4067 -4
      vertex 85.6406 -36.645 -4
      vertex 85.182 -37.182 -4
    endloop
  endfacet
  facet normal 0 0 -1
    outer loop
      vertex 83.8385 -35.8385 -4
      vertex 85.182 -37.182 -4
      vertex 84.645 -37.6406 -4
    endloop
  endfacet
  facet normal 0 0 -1
    outer loop
      vertex 86.5 -34 -4
      vertex 84.6 -34 -4
      vertex 84.568 -33.5933 -4
    endloop
  endfacet
  facet normal 0 0 -1
    outer loop
      vertex 86.5 -34 -4
      vertex 84.568 -33.5933 -4
      vertex 84.4727 -33.1966 -4
    endloop
  endfacet
  facet normal 0 0 -1
    outer loop
      vertex 86.5 -34 -4
      vertex 84.4727 -33.1966 -4
      vertex 84.3166 -32.8196 -4
    endloop
  endfacet
  facet normal 0 0 -1
    outer loop
      vertex 84.1034 -32.4718 -4
      vertex 86.5 -34 -4
      vertex 84.3166 -32.8196 -4
    endloop
  endfacet
  facet normal 0 0 -1
    outer loop
      vertex 86.5 -34 -4
      vertex 84.1034 -32.4718 -4
      vertex 86.5 -28 -4
    endloop
  endfacet
  facet normal 0 0 -1
    outer loop
      vertex 83.8385 -32.1615 -4
      vertex 86.5 -28 -4
      vertex 84.1034 -32.4718 -4
    endloop
  endfacet
  facet normal 0 0 -1
    outer loop
      vertex 83.5282 -31.8966 -4
      vertex 86.5 -28 -4
      vertex 83.8385 -32.1615 -4
    endloop
  endfacet
  facet normal 0 0 -1
    outer loop
      vertex 83.1804 -31.6834 -4
      vertex 86.5 -28 -4
      vertex 83.5282 -31.8966 -4
    endloop
  endfacet
  facet normal 0 0 -1
    outer loop
      vertex 82.8034 -31.5273 -4
      vertex 86.5 -28 -4
      vertex 83.1804 -31.6834 -4
    endloop
  endfacet
  facet normal 0 0 -1
    outer loop
      vertex 82.4067 -31.432 -4
      vertex 86.5 -28 -4
      vertex 82.8034 -31.5273 -4
    endloop
  endfacet
  facet normal 0 0 -1
    outer loop
      vertex 82 -31.4 -4
      vertex 86.5 -28 -4
      vertex 82.4067 -31.432 -4
    endloop
  endfacet
  facet normal 0 0 -1
    outer loop
      vertex 77.5 -28 -4
      vertex 82 -31.4 -4
      vertex 81.5933 -31.432 -4
    endloop
  endfacet
  facet normal 0 0 -1
    outer loop
      vertex 77.5 -28 -4
      vertex 81.5933 -31.432 -4
      vertex 81.1966 -31.5273 -4
    endloop
  endfacet
  facet normal 0 0 -1
    outer loop
      vertex 77.5 -28 -4
      vertex 81.1966 -31.5273 -4
      vertex 80.8196 -31.6834 -4
    endloop
  endfacet
  facet normal 0 0 -1
    outer loop
      vertex 77.5 -28 -4
      vertex 80.8196 -31.6834 -4
      vertex 80.4718 -31.8966 -4
    endloop
  endfacet
  facet normal -0 0 -1
    outer loop
      vertex 79.6834 -35.1804 -4
      vertex 77.9905 -36.043 -4
      vertex 79.5273 -34.8034 -4
    endloop
  endfacet
  facet normal 0 0 -1
    outer loop
      vertex 77.7202 -35.3906 -4
      vertex 79.5273 -34.8034 -4
      vertex 77.9905 -36.043 -4
    endloop
  endfacet
  facet normal -0 0 -1
    outer loop
      vertex 79.5273 -34.8034 -4
      vertex 77.7202 -35.3906 -4
      vertex 79.432 -34.4067 -4
    endloop
  endfacet
  facet normal 0 0 -1
    outer loop
      vertex 77.5554 -34.704 -4
      vertex 79.432 -34.4067 -4
      vertex 77.7202 -35.3906 -4
    endloop
  endfacet
  facet normal -0 0 -1
    outer loop
      vertex 79.432 -34.4067 -4
      vertex 77.5554 -34.704 -4
      vertex 79.4 -34 -4
    endloop
  endfacet
  facet normal 0 0 -1
    outer loop
      vertex 77.5 -34 -4
      vertex 79.4 -34 -4
      vertex 77.5554 -34.704 -4
    endloop
  endfacet
  facet normal 0 0 -1
    outer loop
      vertex 79.4 -34 -4
      vertex 77.5 -34 -4
      vertex 79.432 -33.5933 -4
    endloop
  endfacet
  facet normal -0 0 -1
    outer loop
      vertex 79.432 -33.5933 -4
      vertex 77.5 -34 -4
      vertex 79.5273 -33.1966 -4
    endloop
  endfacet
  facet normal -0 0 -1
    outer loop
      vertex 79.5273 -33.1966 -4
      vertex 77.5 -34 -4
      vertex 79.6834 -32.8196 -4
    endloop
  endfacet
  facet normal -0 0 -1
    outer loop
      vertex 79.6834 -32.8196 -4
      vertex 77.5 -34 -4
      vertex 79.8966 -32.4718 -4
    endloop
  endfacet
  facet normal 0 0 -1
    outer loop
      vertex 77.5 -28 -4
      vertex 79.8966 -32.4718 -4
      vertex 77.5 -34 -4
    endloop
  endfacet
  facet normal 0 0 -1
    outer loop
      vertex 79.8966 -32.4718 -4
      vertex 77.5 -28 -4
      vertex 80.1615 -32.1615 -4
    endloop
  endfacet
  facet normal 0 0 -1
    outer loop
      vertex 82 -31.4 -4
      vertex 77.5 -28 -4
      vertex 86.5 -28 -4
    endloop
  endfacet
  facet normal 0 0 -1
    outer loop
      vertex 80.1615 -32.1615 -4
      vertex 77.5 -28 -4
      vertex 80.4718 -31.8966 -4
    endloop
  endfacet
  facet normal 0.996918 -0.0784506 0
    outer loop
      vertex 86.4446 -34.704 38
      vertex 86.5 -34 30
      vertex 86.5 -34 38
    endloop
  endfacet
  facet normal 0.996918 -0.0784506 0
    outer loop
      vertex 86.5 -34 30
      vertex 86.4446 -34.704 38
      vertex 86.4446 -34.704 30
    endloop
  endfacet
  facet normal 0.649414 -0.760435 0
    outer loop
      vertex 84.645 -37.6406 30
      vertex 85.182 -37.182 38
      vertex 84.645 -37.6406 38
    endloop
  endfacet
  facet normal 0.649414 -0.760435 0
    outer loop
      vertex 85.182 -37.182 38
      vertex 84.645 -37.6406 30
      vertex 85.182 -37.182 30
    endloop
  endfacet
  facet normal 0 1 -0
    outer loop
      vertex 86.5 -28 36.4
      vertex 77.5 -28 38
      vertex 86.5 -28 38
    endloop
  endfacet
  facet normal 0 1 0
    outer loop
      vertex 77.5 -28 38
      vertex 86.5 -28 36.4
      vertex 77.5 -28 36.4
    endloop
  endfacet
  facet normal 0.972382 -0.233394 0
    outer loop
      vertex 86.2798 -35.3906 38
      vertex 86.4446 -34.704 30
      vertex 86.4446 -34.704 38
    endloop
  endfacet
  facet normal 0.972382 -0.233394 0
    outer loop
      vertex 86.4446 -34.704 30
      vertex 86.2798 -35.3906 38
      vertex 86.2798 -35.3906 30
    endloop
  endfacet
  facet normal 0.522492 -0.852644 0
    outer loop
      vertex 84.043 -38.0095 30
      vertex 84.645 -37.6406 38
      vertex 84.043 -38.0095 38
    endloop
  endfacet
  facet normal 0.522492 -0.852644 0
    outer loop
      vertex 84.645 -37.6406 38
      vertex 84.043 -38.0095 30
      vertex 84.645 -37.6406 30
    endloop
  endfacet
  facet normal -1 0 0
    outer loop
      vertex 77.5 -29.9138 30
      vertex 77.5 -34 30
      vertex 77.5 -29.9138 32.095
    endloop
  endfacet
  facet normal -1 -0 0
    outer loop
      vertex 77.5 -28.4 35.33
      vertex 77.5 -29.237 34.1779
      vertex 77.5 -28.4 36.4
    endloop
  endfacet
  facet normal -1 0 0
    outer loop
      vertex 77.5 -28.4 36.4
      vertex 77.5 -28 38
      vertex 77.5 -28 36.4
    endloop
  endfacet
  facet normal -1 0 0
    outer loop
      vertex 77.5 -34 38
      vertex 77.5 -28.4 36.4
      vertex 77.5 -29.237 34.1779
    endloop
  endfacet
  facet normal -1 0 0
    outer loop
      vertex 77.5 -34 38
      vertex 77.5 -29.237 34.1779
      vertex 77.5 -29.9138 32.095
    endloop
  endfacet
  facet normal -1 0 0
    outer loop
      vertex 77.5 -34 38
      vertex 77.5 -29.9138 32.095
      vertex 77.5 -34 30
    endloop
  endfacet
  facet normal -1 0 0
    outer loop
      vertex 77.5 -28.4 36.4
      vertex 77.5 -34 38
      vertex 77.5 -28 38
    endloop
  endfacet
  facet normal 1 0 0
    outer loop
      vertex 86.5 -28 38
      vertex 86.5 -28.4 36.4
      vertex 86.5 -28 36.4
    endloop
  endfacet
  facet normal 1 0 0
    outer loop
      vertex 86.5 -28.4 36.4
      vertex 86.5 -29.237 34.1779
      vertex 86.5 -28.4 35.33
    endloop
  endfacet
  facet normal 1 -0 0
    outer loop
      vertex 86.5 -34 38
      vertex 86.5 -28.4 36.4
      vertex 86.5 -28 38
    endloop
  endfacet
  facet normal 1 0 0
    outer loop
      vertex 86.5 -28.4 36.4
      vertex 86.5 -34 38
      vertex 86.5 -29.237 34.1779
    endloop
  endfacet
  facet normal 1 0 0
    outer loop
      vertex 86.5 -29.237 34.1779
      vertex 86.5 -34 38
      vertex 86.5 -29.9138 32.095
    endloop
  endfacet
  facet normal 1 0 0
    outer loop
      vertex 86.5 -34 30
      vertex 86.5 -29.9138 32.095
      vertex 86.5 -34 38
    endloop
  endfacet
  facet normal 1 0 0
    outer loop
      vertex 86.5 -29.9138 32.095
      vertex 86.5 -34 30
      vertex 86.5 -29.9138 30
    endloop
  endfacet
  facet normal -0.649414 -0.760435 0
    outer loop
      vertex 78.818 -37.182 30
      vertex 79.355 -37.6406 38
      vertex 78.818 -37.182 38
    endloop
  endfacet
  facet normal -0.649414 -0.760435 -0
    outer loop
      vertex 79.355 -37.6406 38
      vertex 78.818 -37.182 30
      vertex 79.355 -37.6406 30
    endloop
  endfacet
  facet normal 0.760435 -0.649414 0
    outer loop
      vertex 85.182 -37.182 38
      vertex 85.6406 -36.645 30
      vertex 85.6406 -36.645 38
    endloop
  endfacet
  facet normal 0.760435 -0.649414 0
    outer loop
      vertex 85.6406 -36.645 30
      vertex 85.182 -37.182 38
      vertex 85.182 -37.182 30
    endloop
  endfacet
  facet normal -0.522492 -0.852644 0
    outer loop
      vertex 79.355 -37.6406 30
      vertex 79.957 -38.0095 38
      vertex 79.355 -37.6406 38
    endloop
  endfacet
  facet normal -0.522492 -0.852644 -0
    outer loop
      vertex 79.957 -38.0095 38
      vertex 79.355 -37.6406 30
      vertex 79.957 -38.0095 30
    endloop
  endfacet
  facet normal -0.760435 -0.649414 0
    outer loop
      vertex 78.818 -37.182 30
      vertex 78.3594 -36.645 38
      vertex 78.3594 -36.645 30
    endloop
  endfacet
  facet normal -0.760435 -0.649414 0
    outer loop
      vertex 78.3594 -36.645 38
      vertex 78.818 -37.182 30
      vertex 78.818 -37.182 38
    endloop
  endfacet
  facet normal -0.972382 -0.233394 0
    outer loop
      vertex 77.7202 -35.3906 30
      vertex 77.5554 -34.704 38
      vertex 77.5554 -34.704 30
    endloop
  endfacet
  facet normal -0.972382 -0.233394 0
    outer loop
      vertex 77.5554 -34.704 38
      vertex 77.7202 -35.3906 30
      vertex 77.7202 -35.3906 38
    endloop
  endfacet
  facet normal 0.382765 -0.923846 0
    outer loop
      vertex 83.3906 -38.2798 30
      vertex 84.043 -38.0095 38
      vertex 83.3906 -38.2798 38
    endloop
  endfacet
  facet normal 0.382765 -0.923846 0
    outer loop
      vertex 84.043 -38.0095 38
      vertex 83.3906 -38.2798 30
      vertex 84.043 -38.0095 30
    endloop
  endfacet
  facet normal -0.996918 -0.0784506 0
    outer loop
      vertex 77.5554 -34.704 30
      vertex 77.5 -34 38
      vertex 77.5 -34 30
    endloop
  endfacet
  facet normal -0.996918 -0.0784506 0
    outer loop
      vertex 77.5 -34 38
      vertex 77.5554 -34.704 30
      vertex 77.5554 -34.704 38
    endloop
  endfacet
  facet normal -0.923846 -0.382765 0
    outer loop
      vertex 77.9905 -36.043 30
      vertex 77.7202 -35.3906 38
      vertex 77.7202 -35.3906 30
    endloop
  endfacet
  facet normal -0.923846 -0.382765 0
    outer loop
      vertex 77.7202 -35.3906 38
      vertex 77.9905 -36.043 30
      vertex 77.9905 -36.043 38
    endloop
  endfacet
  facet normal 0.852644 -0.522492 0
    outer loop
      vertex 85.6406 -36.645 38
      vertex 86.0095 -36.043 30
      vertex 86.0095 -36.043 38
    endloop
  endfacet
  facet normal 0.852644 -0.522492 0
    outer loop
      vertex 86.0095 -36.043 30
      vertex 85.6406 -36.645 38
      vertex 85.6406 -36.645 30
    endloop
  endfacet
  facet normal 0.923846 -0.382765 0
    outer loop
      vertex 86.0095 -36.043 38
      vertex 86.2798 -35.3906 30
      vertex 86.2798 -35.3906 38
    endloop
  endfacet
  facet normal 0.923846 -0.382765 0
    outer loop
      vertex 86.2798 -35.3906 30
      vertex 86.0095 -36.043 38
      vertex 86.0095 -36.043 30
    endloop
  endfacet
  facet normal -0 0 1
    outer loop
      vertex 84.1034 -32.4718 38
      vertex 86.5 -34 38
      vertex 86.5 -28 38
    endloop
  endfacet
  facet normal -0 -0 1
    outer loop
      vertex 84.4727 -33.1966 38
      vertex 86.5 -34 38
      vertex 84.3166 -32.8196 38
    endloop
  endfacet
  facet normal 0 -0 1
    outer loop
      vertex 84.6 -34 38
      vertex 86.5 -34 38
      vertex 84.568 -33.5933 38
    endloop
  endfacet
  facet normal -0 0 1
    outer loop
      vertex 84.568 -34.4067 38
      vertex 86.4446 -34.704 38
      vertex 84.6 -34 38
    endloop
  endfacet
  facet normal 0 0 1
    outer loop
      vertex 86.4446 -34.704 38
      vertex 84.568 -34.4067 38
      vertex 86.2798 -35.3906 38
    endloop
  endfacet
  facet normal 0 0 1
    outer loop
      vertex 86.2798 -35.3906 38
      vertex 84.4727 -34.8034 38
      vertex 86.0095 -36.043 38
    endloop
  endfacet
  facet normal -0 0 1
    outer loop
      vertex 84.3166 -35.1804 38
      vertex 86.0095 -36.043 38
      vertex 84.4727 -34.8034 38
    endloop
  endfacet
  facet normal -0 0 1
    outer loop
      vertex 84.4727 -34.8034 38
      vertex 86.2798 -35.3906 38
      vertex 84.568 -34.4067 38
    endloop
  endfacet
  facet normal 0 0 1
    outer loop
      vertex 86.5 -34 38
      vertex 84.6 -34 38
      vertex 86.4446 -34.704 38
    endloop
  endfacet
  facet normal -0 -0 1
    outer loop
      vertex 84.568 -33.5933 38
      vertex 86.5 -34 38
      vertex 84.4727 -33.1966 38
    endloop
  endfacet
  facet normal 0 0 1
    outer loop
      vertex 86.5 -34 38
      vertex 84.1034 -32.4718 38
      vertex 84.3166 -32.8196 38
    endloop
  endfacet
  facet normal 0 0 1
    outer loop
      vertex 86.5 -28 38
      vertex 83.8385 -32.1615 38
      vertex 84.1034 -32.4718 38
    endloop
  endfacet
  facet normal 0 0 1
    outer loop
      vertex 86.5 -28 38
      vertex 83.5282 -31.8966 38
      vertex 83.8385 -32.1615 38
    endloop
  endfacet
  facet normal 0 0 1
    outer loop
      vertex 86.5 -28 38
      vertex 83.1804 -31.6834 38
      vertex 83.5282 -31.8966 38
    endloop
  endfacet
  facet normal 0 0 1
    outer loop
      vertex 86.5 -28 38
      vertex 82.8034 -31.5273 38
      vertex 83.1804 -31.6834 38
    endloop
  endfacet
  facet normal 0 0 1
    outer loop
      vertex 86.5 -28 38
      vertex 82.4067 -31.432 38
      vertex 82.8034 -31.5273 38
    endloop
  endfacet
  facet normal 0 0 1
    outer loop
      vertex 86.5 -28 38
      vertex 82 -31.4 38
      vertex 82.4067 -31.432 38
    endloop
  endfacet
  facet normal -0 0 1
    outer loop
      vertex 77.5 -28 38
      vertex 82 -31.4 38
      vertex 86.5 -28 38
    endloop
  endfacet
  facet normal 0 0 1
    outer loop
      vertex 82 -31.4 38
      vertex 77.5 -28 38
      vertex 81.5933 -31.432 38
    endloop
  endfacet
  facet normal 0 0 1
    outer loop
      vertex 81.5933 -31.432 38
      vertex 77.5 -28 38
      vertex 81.1966 -31.5273 38
    endloop
  endfacet
  facet normal 0 0 1
    outer loop
      vertex 81.1966 -31.5273 38
      vertex 77.5 -28 38
      vertex 80.8196 -31.6834 38
    endloop
  endfacet
  facet normal 0 0 1
    outer loop
      vertex 80.1615 -35.8385 38
      vertex 78.818 -37.182 38
      vertex 79.355 -37.6406 38
    endloop
  endfacet
  facet normal 0 0 1
    outer loop
      vertex 77.5 -34 38
      vertex 79.4 -34 38
      vertex 79.432 -33.5933 38
    endloop
  endfacet
  facet normal 0 0 1
    outer loop
      vertex 79.432 -34.4067 38
      vertex 78.3594 -36.645 38
      vertex 78.818 -37.182 38
    endloop
  endfacet
  facet normal 0 0 1
    outer loop
      vertex 77.5 -34 38
      vertex 79.432 -33.5933 38
      vertex 79.5273 -33.1966 38
    endloop
  endfacet
  facet normal 0 0 1
    outer loop
      vertex 79.432 -34.4067 38
      vertex 77.9905 -36.043 38
      vertex 78.3594 -36.645 38
    endloop
  endfacet
  facet normal 0 0 1
    outer loop
      vertex 77.5 -34 38
      vertex 79.5273 -33.1966 38
      vertex 79.6834 -32.8196 38
    endloop
  endfacet
  facet normal 0 0 1
    outer loop
      vertex 79.432 -34.4067 38
      vertex 77.7202 -35.3906 38
      vertex 77.9905 -36.043 38
    endloop
  endfacet
  facet normal 0 0 1
    outer loop
      vertex 77.5 -34 38
      vertex 79.6834 -32.8196 38
      vertex 79.8966 -32.4718 38
    endloop
  endfacet
  facet normal 0 0 1
    outer loop
      vertex 79.432 -34.4067 38
      vertex 77.5554 -34.704 38
      vertex 77.7202 -35.3906 38
    endloop
  endfacet
  facet normal 0 0 1
    outer loop
      vertex 77.5 -28 38
      vertex 79.8966 -32.4718 38
      vertex 80.1615 -32.1615 38
    endloop
  endfacet
  facet normal 0 0 1
    outer loop
      vertex 80.8196 -31.6834 38
      vertex 77.5 -28 38
      vertex 80.4718 -31.8966 38
    endloop
  endfacet
  facet normal 0 0 1
    outer loop
      vertex 77.5 -28 38
      vertex 80.1615 -32.1615 38
      vertex 80.4718 -31.8966 38
    endloop
  endfacet
  facet normal 0 0 1
    outer loop
      vertex 79.8966 -32.4718 38
      vertex 77.5 -28 38
      vertex 77.5 -34 38
    endloop
  endfacet
  facet normal 0 0 1
    outer loop
      vertex 79.4 -34 38
      vertex 77.5 -34 38
      vertex 77.5554 -34.704 38
    endloop
  endfacet
  facet normal 0 0 1
    outer loop
      vertex 86.0095 -36.043 38
      vertex 84.3166 -35.1804 38
      vertex 85.6406 -36.645 38
    endloop
  endfacet
  facet normal -0 0 1
    outer loop
      vertex 84.1034 -35.5282 38
      vertex 85.6406 -36.645 38
      vertex 84.3166 -35.1804 38
    endloop
  endfacet
  facet normal 0 0 1
    outer loop
      vertex 85.6406 -36.645 38
      vertex 84.1034 -35.5282 38
      vertex 85.182 -37.182 38
    endloop
  endfacet
  facet normal -0 0 1
    outer loop
      vertex 83.8385 -35.8385 38
      vertex 85.182 -37.182 38
      vertex 84.1034 -35.5282 38
    endloop
  endfacet
  facet normal 0 0 1
    outer loop
      vertex 85.182 -37.182 38
      vertex 83.8385 -35.8385 38
      vertex 84.645 -37.6406 38
    endloop
  endfacet
  facet normal -0 0 1
    outer loop
      vertex 83.5282 -36.1034 38
      vertex 84.645 -37.6406 38
      vertex 83.8385 -35.8385 38
    endloop
  endfacet
  facet normal 0 0 1
    outer loop
      vertex 84.645 -37.6406 38
      vertex 83.5282 -36.1034 38
      vertex 84.043 -38.0095 38
    endloop
  endfacet
  facet normal -0 0 1
    outer loop
      vertex 83.1804 -36.3166 38
      vertex 84.043 -38.0095 38
      vertex 83.5282 -36.1034 38
    endloop
  endfacet
  facet normal 0 0 1
    outer loop
      vertex 84.043 -38.0095 38
      vertex 83.1804 -36.3166 38
      vertex 83.3906 -38.2798 38
    endloop
  endfacet
  facet normal -0 0 1
    outer loop
      vertex 82.8034 -36.4727 38
      vertex 83.3906 -38.2798 38
      vertex 83.1804 -36.3166 38
    endloop
  endfacet
  facet normal 0 0 1
    outer loop
      vertex 82.8034 -36.4727 38
      vertex 82.704 -38.4446 38
      vertex 83.3906 -38.2798 38
    endloop
  endfacet
  facet normal -0 0 1
    outer loop
      vertex 82.4067 -36.568 38
      vertex 82.704 -38.4446 38
      vertex 82.8034 -36.4727 38
    endloop
  endfacet
  facet normal -0 0 1
    outer loop
      vertex 82 -36.6 38
      vertex 82.704 -38.4446 38
      vertex 82.4067 -36.568 38
    endloop
  endfacet
  facet normal 0 0 1
    outer loop
      vertex 82 -36.6 38
      vertex 82 -38.5 38
      vertex 82.704 -38.4446 38
    endloop
  endfacet
  facet normal 0 0 1
    outer loop
      vertex 81.5933 -36.568 38
      vertex 82 -38.5 38
      vertex 82 -36.6 38
    endloop
  endfacet
  facet normal 0 0 1
    outer loop
      vertex 81.5933 -36.568 38
      vertex 81.296 -38.4446 38
      vertex 82 -38.5 38
    endloop
  endfacet
  facet normal 0 0 1
    outer loop
      vertex 81.1966 -36.4727 38
      vertex 81.296 -38.4446 38
      vertex 81.5933 -36.568 38
    endloop
  endfacet
  facet normal 0 0 1
    outer loop
      vertex 80.6094 -38.2798 38
      vertex 81.1966 -36.4727 38
      vertex 80.8196 -36.3166 38
    endloop
  endfacet
  facet normal 0 0 1
    outer loop
      vertex 81.1966 -36.4727 38
      vertex 80.6094 -38.2798 38
      vertex 81.296 -38.4446 38
    endloop
  endfacet
  facet normal 0 0 1
    outer loop
      vertex 79.957 -38.0095 38
      vertex 80.8196 -36.3166 38
      vertex 80.4718 -36.1034 38
    endloop
  endfacet
  facet normal 0 0 1
    outer loop
      vertex 79.355 -37.6406 38
      vertex 80.4718 -36.1034 38
      vertex 80.1615 -35.8385 38
    endloop
  endfacet
  facet normal 0 0 1
    outer loop
      vertex 80.8196 -36.3166 38
      vertex 79.957 -38.0095 38
      vertex 80.6094 -38.2798 38
    endloop
  endfacet
  facet normal 0 0 1
    outer loop
      vertex 78.818 -37.182 38
      vertex 80.1615 -35.8385 38
      vertex 79.8966 -35.5282 38
    endloop
  endfacet
  facet normal 0 0 1
    outer loop
      vertex 78.818 -37.182 38
      vertex 79.8966 -35.5282 38
      vertex 79.6834 -35.1804 38
    endloop
  endfacet
  facet normal 0 0 1
    outer loop
      vertex 78.818 -37.182 38
      vertex 79.6834 -35.1804 38
      vertex 79.5273 -34.8034 38
    endloop
  endfacet
  facet normal 0 0 1
    outer loop
      vertex 78.818 -37.182 38
      vertex 79.5273 -34.8034 38
      vertex 79.432 -34.4067 38
    endloop
  endfacet
  facet normal 0 0 1
    outer loop
      vertex 80.4718 -36.1034 38
      vertex 79.355 -37.6406 38
      vertex 79.957 -38.0095 38
    endloop
  endfacet
  facet normal 0 0 1
    outer loop
      vertex 77.5554 -34.704 38
      vertex 79.432 -34.4067 38
      vertex 79.4 -34 38
    endloop
  endfacet
  facet normal 0.233394 -0.972382 0
    outer loop
      vertex 82.704 -38.4446 30
      vertex 83.3906 -38.2798 38
      vertex 82.704 -38.4446 38
    endloop
  endfacet
  facet normal 0.233394 -0.972382 0
    outer loop
      vertex 83.3906 -38.2798 38
      vertex 82.704 -38.4446 30
      vertex 83.3906 -38.2798 30
    endloop
  endfacet
  facet normal 0.0784506 -0.996918 0
    outer loop
      vertex 82 -38.5 30
      vertex 82.704 -38.4446 38
      vertex 82 -38.5 38
    endloop
  endfacet
  facet normal 0.0784506 -0.996918 0
    outer loop
      vertex 82.704 -38.4446 38
      vertex 82 -38.5 30
      vertex 82.704 -38.4446 30
    endloop
  endfacet
  facet normal -0.233394 -0.972382 0
    outer loop
      vertex 80.6094 -38.2798 30
      vertex 81.296 -38.4446 38
      vertex 80.6094 -38.2798 38
    endloop
  endfacet
  facet normal -0.233394 -0.972382 -0
    outer loop
      vertex 81.296 -38.4446 38
      vertex 80.6094 -38.2798 30
      vertex 81.296 -38.4446 30
    endloop
  endfacet
  facet normal -0.0784506 -0.996918 0
    outer loop
      vertex 81.296 -38.4446 30
      vertex 82 -38.5 38
      vertex 81.296 -38.4446 38
    endloop
  endfacet
  facet normal -0.0784506 -0.996918 -0
    outer loop
      vertex 82 -38.5 38
      vertex 81.296 -38.4446 30
      vertex 82 -38.5 30
    endloop
  endfacet
  facet normal -0.852644 -0.522492 0
    outer loop
      vertex 78.3594 -36.645 30
      vertex 77.9905 -36.043 38
      vertex 77.9905 -36.043 30
    endloop
  endfacet
  facet normal -0.852644 -0.522492 0
    outer loop
      vertex 77.9905 -36.043 38
      vertex 78.3594 -36.645 30
      vertex 78.3594 -36.645 38
    endloop
  endfacet
  facet normal -0.382765 -0.923846 0
    outer loop
      vertex 79.957 -38.0095 30
      vertex 80.6094 -38.2798 38
      vertex 79.957 -38.0095 38
    endloop
  endfacet
  facet normal -0.382765 -0.923846 -0
    outer loop
      vertex 80.6094 -38.2798 38
      vertex 79.957 -38.0095 30
      vertex 80.6094 -38.2798 30
    endloop
  endfacet
  facet normal 0 0 -1
    outer loop
      vertex 82.6356 -35.2474 30
      vertex 84.043 -38.0095 30
      vertex 83.3906 -38.2798 30
    endloop
  endfacet
  facet normal 0 0 -1
    outer loop
      vertex 84.043 -38.0095 30
      vertex 83.3828 -34.219 30
      vertex 83.4 -34 30
    endloop
  endfacet
  facet normal 0 0 -1
    outer loop
      vertex 84.043 -38.0095 30
      vertex 83.3315 -34.4326 30
      vertex 83.3828 -34.219 30
    endloop
  endfacet
  facet normal 0 0 -1
    outer loop
      vertex 84.043 -38.0095 30
      vertex 83.2474 -34.6356 30
      vertex 83.3315 -34.4326 30
    endloop
  endfacet
  facet normal 0 0 -1
    outer loop
      vertex 84.043 -38.0095 30
      vertex 83.1326 -34.8229 30
      vertex 83.2474 -34.6356 30
    endloop
  endfacet
  facet normal 0 0 -1
    outer loop
      vertex 84.043 -38.0095 30
      vertex 82.99 -34.9899 30
      vertex 83.1326 -34.8229 30
    endloop
  endfacet
  facet normal 0 0 -1
    outer loop
      vertex 84.043 -38.0095 30
      vertex 82.8229 -35.1326 30
      vertex 82.99 -34.9899 30
    endloop
  endfacet
  facet normal 0 0 -1
    outer loop
      vertex 82.4326 -35.3315 30
      vertex 83.3906 -38.2798 30
      vertex 82.704 -38.4446 30
    endloop
  endfacet
  facet normal 0 0 -1
    outer loop
      vertex 84.043 -38.0095 30
      vertex 82.6356 -35.2474 30
      vertex 82.8229 -35.1326 30
    endloop
  endfacet
  facet normal 0 0 -1
    outer loop
      vertex 83.3906 -38.2798 30
      vertex 82.4326 -35.3315 30
      vertex 82.6356 -35.2474 30
    endloop
  endfacet
  facet normal 0 0 -1
    outer loop
      vertex 82.704 -38.4446 30
      vertex 82.219 -35.3828 30
      vertex 82.4326 -35.3315 30
    endloop
  endfacet
  facet normal 0 0 -1
    outer loop
      vertex 82 -38.5 30
      vertex 82.219 -35.3828 30
      vertex 82.704 -38.4446 30
    endloop
  endfacet
  facet normal 0 0 -1
    outer loop
      vertex 82 -38.5 30
      vertex 82 -35.4 30
      vertex 82.219 -35.3828 30
    endloop
  endfacet
  facet normal 0 0 -1
    outer loop
      vertex 82 -38.5 30
      vertex 81.781 -35.3828 30
      vertex 82 -35.4 30
    endloop
  endfacet
  facet normal 0 0 -1
    outer loop
      vertex 81.296 -38.4446 30
      vertex 81.781 -35.3828 30
      vertex 82 -38.5 30
    endloop
  endfacet
  facet normal -0 0 -1
    outer loop
      vertex 81.781 -35.3828 30
      vertex 81.296 -38.4446 30
      vertex 81.5674 -35.3315 30
    endloop
  endfacet
  facet normal 0 0 -1
    outer loop
      vertex 80.6094 -38.2798 30
      vertex 81.5674 -35.3315 30
      vertex 81.296 -38.4446 30
    endloop
  endfacet
  facet normal -0 0 -1
    outer loop
      vertex 81.5674 -35.3315 30
      vertex 80.6094 -38.2798 30
      vertex 81.3644 -35.2474 30
    endloop
  endfacet
  facet normal 0 0 -1
    outer loop
      vertex 79.957 -38.0095 30
      vertex 81.3644 -35.2474 30
      vertex 80.6094 -38.2798 30
    endloop
  endfacet
  facet normal -0 0 -1
    outer loop
      vertex 81.3644 -35.2474 30
      vertex 79.957 -38.0095 30
      vertex 81.1771 -35.1326 30
    endloop
  endfacet
  facet normal 0 0 -1
    outer loop
      vertex 79.355 -37.6406 30
      vertex 81.1771 -35.1326 30
      vertex 79.957 -38.0095 30
    endloop
  endfacet
  facet normal -0 0 -1
    outer loop
      vertex 81.1771 -35.1326 30
      vertex 79.355 -37.6406 30
      vertex 81.01 -34.9899 30
    endloop
  endfacet
  facet normal 0 0 -1
    outer loop
      vertex 78.818 -37.182 30
      vertex 81.01 -34.9899 30
      vertex 79.355 -37.6406 30
    endloop
  endfacet
  facet normal -0 0 -1
    outer loop
      vertex 81.01 -34.9899 30
      vertex 78.818 -37.182 30
      vertex 80.8674 -34.8229 30
    endloop
  endfacet
  facet normal 0 0 -1
    outer loop
      vertex 78.3594 -36.645 30
      vertex 80.8674 -34.8229 30
      vertex 78.818 -37.182 30
    endloop
  endfacet
  facet normal -0 0 -1
    outer loop
      vertex 80.8674 -34.8229 30
      vertex 78.3594 -36.645 30
      vertex 80.7526 -34.6356 30
    endloop
  endfacet
  facet normal 0 0 -1
    outer loop
      vertex 83.4 -34 30
      vertex 86.5 -34 30
      vertex 86.4446 -34.704 30
    endloop
  endfacet
  facet normal 0 0 -1
    outer loop
      vertex 83.4 -34 30
      vertex 86.4446 -34.704 30
      vertex 86.2798 -35.3906 30
    endloop
  endfacet
  facet normal 0 0 -1
    outer loop
      vertex 83.4 -34 30
      vertex 86.2798 -35.3906 30
      vertex 86.0095 -36.043 30
    endloop
  endfacet
  facet normal 0 0 -1
    outer loop
      vertex 83.4 -34 30
      vertex 86.0095 -36.043 30
      vertex 85.6406 -36.645 30
    endloop
  endfacet
  facet normal 0 0 -1
    outer loop
      vertex 83.4 -34 30
      vertex 85.6406 -36.645 30
      vertex 85.182 -37.182 30
    endloop
  endfacet
  facet normal 0 0 -1
    outer loop
      vertex 83.4 -34 30
      vertex 85.182 -37.182 30
      vertex 84.645 -37.6406 30
    endloop
  endfacet
  facet normal 0 0 -1
    outer loop
      vertex 83.4 -34 30
      vertex 84.645 -37.6406 30
      vertex 84.043 -38.0095 30
    endloop
  endfacet
  facet normal 0 0 -1
    outer loop
      vertex 86.5 -34 30
      vertex 83.4 -34 30
      vertex 83.3828 -33.781 30
    endloop
  endfacet
  facet normal 0 0 -1
    outer loop
      vertex 86.5 -34 30
      vertex 83.3828 -33.781 30
      vertex 83.3315 -33.5674 30
    endloop
  endfacet
  facet normal 0 0 -1
    outer loop
      vertex 86.5 -34 30
      vertex 83.3315 -33.5674 30
      vertex 83.2474 -33.3644 30
    endloop
  endfacet
  facet normal 0 0 -1
    outer loop
      vertex 83.1326 -33.1771 30
      vertex 86.5 -34 30
      vertex 83.2474 -33.3644 30
    endloop
  endfacet
  facet normal 0 0 -1
    outer loop
      vertex 86.5 -34 30
      vertex 83.1326 -33.1771 30
      vertex 86.5 -29.9138 30
    endloop
  endfacet
  facet normal 0 0 -1
    outer loop
      vertex 82.99 -33.01 30
      vertex 86.5 -29.9138 30
      vertex 83.1326 -33.1771 30
    endloop
  endfacet
  facet normal 0 0 -1
    outer loop
      vertex 82.8229 -32.8674 30
      vertex 86.5 -29.9138 30
      vertex 82.99 -33.01 30
    endloop
  endfacet
  facet normal 0 0 -1
    outer loop
      vertex 82.6356 -32.7526 30
      vertex 86.5 -29.9138 30
      vertex 82.8229 -32.8674 30
    endloop
  endfacet
  facet normal 0 0 -1
    outer loop
      vertex 82.4326 -32.6685 30
      vertex 86.5 -29.9138 30
      vertex 82.6356 -32.7526 30
    endloop
  endfacet
  facet normal 0 0 -1
    outer loop
      vertex 82.219 -32.6172 30
      vertex 86.5 -29.9138 30
      vertex 82.4326 -32.6685 30
    endloop
  endfacet
  facet normal 0 0 -1
    outer loop
      vertex 82 -32.6 30
      vertex 86.5 -29.9138 30
      vertex 82.219 -32.6172 30
    endloop
  endfacet
  facet normal 0 0 -1
    outer loop
      vertex 77.5 -29.9138 30
      vertex 82 -32.6 30
      vertex 81.781 -32.6172 30
    endloop
  endfacet
  facet normal 0 0 -1
    outer loop
      vertex 77.5 -29.9138 30
      vertex 81.781 -32.6172 30
      vertex 81.5674 -32.6685 30
    endloop
  endfacet
  facet normal 0 0 -1
    outer loop
      vertex 77.5 -29.9138 30
      vertex 81.5674 -32.6685 30
      vertex 81.3644 -32.7526 30
    endloop
  endfacet
  facet normal 0 0 -1
    outer loop
      vertex 77.9905 -36.043 30
      vertex 80.7526 -34.6356 30
      vertex 78.3594 -36.645 30
    endloop
  endfacet
  facet normal -0 0 -1
    outer loop
      vertex 80.7526 -34.6356 30
      vertex 77.9905 -36.043 30
      vertex 80.6685 -34.4326 30
    endloop
  endfacet
  facet normal 0 0 -1
    outer loop
      vertex 77.7202 -35.3906 30
      vertex 80.6685 -34.4326 30
      vertex 77.9905 -36.043 30
    endloop
  endfacet
  facet normal -0 0 -1
    outer loop
      vertex 80.6685 -34.4326 30
      vertex 77.7202 -35.3906 30
      vertex 80.6172 -34.219 30
    endloop
  endfacet
  facet normal 0 0 -1
    outer loop
      vertex 77.5554 -34.704 30
      vertex 80.6172 -34.219 30
      vertex 77.7202 -35.3906 30
    endloop
  endfacet
  facet normal -0 0 -1
    outer loop
      vertex 80.6172 -34.219 30
      vertex 77.5554 -34.704 30
      vertex 80.6 -34 30
    endloop
  endfacet
  facet normal 0 0 -1
    outer loop
      vertex 77.5 -34 30
      vertex 80.6 -34 30
      vertex 77.5554 -34.704 30
    endloop
  endfacet
  facet normal 0 0 -1
    outer loop
      vertex 80.6 -34 30
      vertex 77.5 -34 30
      vertex 80.6172 -33.781 30
    endloop
  endfacet
  facet normal -0 0 -1
    outer loop
      vertex 80.6172 -33.781 30
      vertex 77.5 -34 30
      vertex 80.6685 -33.5674 30
    endloop
  endfacet
  facet normal -0 0 -1
    outer loop
      vertex 80.6685 -33.5674 30
      vertex 77.5 -34 30
      vertex 80.7526 -33.3644 30
    endloop
  endfacet
  facet normal -0 0 -1
    outer loop
      vertex 80.7526 -33.3644 30
      vertex 77.5 -34 30
      vertex 80.8674 -33.1771 30
    endloop
  endfacet
  facet normal 0 0 -1
    outer loop
      vertex 77.5 -29.9138 30
      vertex 80.8674 -33.1771 30
      vertex 77.5 -34 30
    endloop
  endfacet
  facet normal 0 0 -1
    outer loop
      vertex 80.8674 -33.1771 30
      vertex 77.5 -29.9138 30
      vertex 81.01 -33.01 30
    endloop
  endfacet
  facet normal 0 0 -1
    outer loop
      vertex 81.01 -33.01 30
      vertex 77.5 -29.9138 30
      vertex 81.1771 -32.8674 30
    endloop
  endfacet
  facet normal 0 0 -1
    outer loop
      vertex 81.1771 -32.8674 30
      vertex 77.5 -29.9138 30
      vertex 81.3644 -32.7526 30
    endloop
  endfacet
  facet normal 0 0 -1
    outer loop
      vertex 82 -32.6 30
      vertex 77.5 -29.9138 30
      vertex 86.5 -29.9138 30
    endloop
  endfacet
  facet normal -0.0926751 0.585236 0.805549
    outer loop
      vertex 72.6565 25.2756 36.4
      vertex 71.6619 25.1181 36.4
      vertex 72.018 24.0224 37.237
    endloop
  endfacet
  facet normal 0.148918 0.940448 -0.305582
    outer loop
      vertex 92.9274 26.9318 -0.177933
      vertex 91 27.237 -0.177933
      vertex 91 27.9138 1.90496
    endloop
  endfacet
  facet normal 0.707107 -0.707107 0
    outer loop
      vertex 95.0638 -28.5934 32.095
      vertex 95.2572 -28.4 30.4
      vertex 95.2572 -28.4 32.095
    endloop
  endfacet
  facet normal 0.707107 -0.707107 0
    outer loop
      vertex 95.2572 -28.4 30.4
      vertex 95.0638 -28.5934 32.095
      vertex 95.2572 -28.4 3.6
    endloop
  endfacet
  facet normal 0.707107 -0.707107 0
    outer loop
      vertex 95.0638 -28.5934 1.90496
      vertex 95.2572 -28.4 3.6
      vertex 95.0638 -28.5934 32.095
    endloop
  endfacet
  facet normal 0.707107 -0.707107 0
    outer loop
      vertex 95.2572 -28.4 3.6
      vertex 95.0638 -28.5934 1.90496
      vertex 95.2572 -28.4 1.90496
    endloop
  endfacet
  facet normal 0 1 0
    outer loop
      vertex 91 27.9138 1.90496
      vertex 88 27.9138 27.75
      vertex 88.5084 27.9138 27.79
    endloop
  endfacet
  facet normal 0 1 0
    outer loop
      vertex 91 27.9138 1.90496
      vertex 88.5084 27.9138 27.79
      vertex 89.0043 27.9138 27.9091
    endloop
  endfacet
  facet normal 0 1 0
    outer loop
      vertex 91 27.9138 1.90496
      vertex 89.0043 27.9138 27.9091
      vertex 89.4755 27.9138 28.1042
    endloop
  endfacet
  facet normal 0 1 0
    outer loop
      vertex 91 27.9138 1.90496
      vertex 89.4755 27.9138 28.1042
      vertex 89.9103 27.9138 28.3707
    endloop
  endfacet
  facet normal 0 1 0
    outer loop
      vertex 88 27.9138 27.75
      vertex 91 27.9138 1.90496
      vertex 73.65 27.9138 16.1444
    endloop
  endfacet
  facet normal 0 1 0
    outer loop
      vertex 91 27.9138 1.90496
      vertex 89.9103 27.9138 28.3707
      vertex 90.2981 27.9138 28.7019
    endloop
  endfacet
  facet normal 0 1 0
    outer loop
      vertex 91 27.9138 1.90496
      vertex 90.2981 27.9138 28.7019
      vertex 90.6293 27.9138 29.0897
    endloop
  endfacet
  facet normal 0 1 -0
    outer loop
      vertex 91 27.9138 1.90496
      vertex 90.8958 27.9138 29.5245
      vertex 91 27.9138 29.7762
    endloop
  endfacet
  facet normal 0 1 0
    outer loop
      vertex 91 27.9138 1.90496
      vertex 90.6293 27.9138 29.0897
      vertex 90.8958 27.9138 29.5245
    endloop
  endfacet
  facet normal 0 1 0
    outer loop
      vertex 73.65 27.9138 16.1444
      vertex 91 27.9138 1.90496
      vertex 73.65 27.9138 8.85556
    endloop
  endfacet
  facet normal 0 1 0
    outer loop
      vertex 73 27.9138 1.90496
      vertex 73.65 27.9138 8.85556
      vertex 91 27.9138 1.90496
    endloop
  endfacet
  facet normal 0 1 0
    outer loop
      vertex 73.65 27.9138 8.85556
      vertex 73 27.9138 1.90496
      vertex 73 27.9138 8.85556
    endloop
  endfacet
  facet normal 0 1 -0
    outer loop
      vertex 84.9091 27.9138 32.0043
      vertex 73 27.9138 32.095
      vertex 84.9466 27.9138 32.095
    endloop
  endfacet
  facet normal 0 1 -0
    outer loop
      vertex 84.79 27.9138 31.5084
      vertex 73 27.9138 32.095
      vertex 84.9091 27.9138 32.0043
    endloop
  endfacet
  facet normal 0 1 -0
    outer loop
      vertex 84.75 27.9138 31
      vertex 73 27.9138 32.095
      vertex 84.79 27.9138 31.5084
    endloop
  endfacet
  facet normal 0 1 0
    outer loop
      vertex 84.79 27.9138 30.4916
      vertex 73 27.9138 32.095
      vertex 84.75 27.9138 31
    endloop
  endfacet
  facet normal 0 1 0
    outer loop
      vertex 84.9091 27.9138 29.9957
      vertex 73 27.9138 32.095
      vertex 84.79 27.9138 30.4916
    endloop
  endfacet
  facet normal 0 1 0
    outer loop
      vertex 85.1042 27.9138 29.5245
      vertex 73 27.9138 32.095
      vertex 84.9091 27.9138 29.9957
    endloop
  endfacet
  facet normal 0 1 0
    outer loop
      vertex 85.3707 27.9138 29.0897
      vertex 73 27.9138 32.095
      vertex 85.1042 27.9138 29.5245
    endloop
  endfacet
  facet normal 0 1 0
    outer loop
      vertex 73.65 27.9138 16.1444
      vertex 85.3707 27.9138 29.0897
      vertex 85.7019 27.9138 28.7019
    endloop
  endfacet
  facet normal 0 1 0
    outer loop
      vertex 73.65 27.9138 16.1444
      vertex 85.7019 27.9138 28.7019
      vertex 86.0897 27.9138 28.3707
    endloop
  endfacet
  facet normal 0 1 0
    outer loop
      vertex 73.65 27.9138 16.1444
      vertex 86.0897 27.9138 28.3707
      vertex 86.5245 27.9138 28.1042
    endloop
  endfacet
  facet normal 0 1 0
    outer loop
      vertex 73.65 27.9138 16.1444
      vertex 86.5245 27.9138 28.1042
      vertex 86.9957 27.9138 27.9091
    endloop
  endfacet
  facet normal 0 1 0
    outer loop
      vertex 73.65 27.9138 16.1444
      vertex 87.4916 27.9138 27.79
      vertex 88 27.9138 27.75
    endloop
  endfacet
  facet normal 0 1 0
    outer loop
      vertex 73.65 27.9138 16.1444
      vertex 86.9957 27.9138 27.9091
      vertex 87.4916 27.9138 27.79
    endloop
  endfacet
  facet normal 0 1 0
    outer loop
      vertex 85.3707 27.9138 29.0897
      vertex 73.65 27.9138 16.1444
      vertex 73 27.9138 32.095
    endloop
  endfacet
  facet normal 0 1 0
    outer loop
      vertex 73 27.9138 32.095
      vertex 73.65 27.9138 16.1444
      vertex 73 27.9138 16.1444
    endloop
  endfacet
  facet normal 0 0.951053 -0.309028
    outer loop
      vertex 91 27.237 -0.177933
      vertex 73 27.9138 1.90496
      vertex 91 27.9138 1.90496
    endloop
  endfacet
  facet normal 0 0.951053 -0.309028
    outer loop
      vertex 73 27.9138 1.90496
      vertex 91 27.237 -0.177933
      vertex 73 27.237 -0.177933
    endloop
  endfacet
  facet normal -0.308645 -0.0488871 -0.94992
    outer loop
      vertex 71.9586 -23.3384 -3.91382
      vertex 69.8221 -23 -3.23705
      vertex 71.905 -23 -3.91382
    endloop
  endfacet
  facet normal -0.527948 -0.269034 -0.805538
    outer loop
      vertex 69.3391 -25.2353 -2.4
      vertex 68.8819 -24.3381 -2.4
      vertex 69.9776 -23.982 -3.23705
    endloop
  endfacet
  facet normal 0.148958 -0.940453 0.305547
    outer loop
      vertex 92.9274 -28.9318 34.1779
      vertex 91 -29.9138 32.095
      vertex 93.1365 -29.5754 32.095
    endloop
  endfacet
  facet normal -0.127071 -0.802479 0.582993
    outer loop
      vertex 73 -29.237 34.1779
      vertex 72.1163 -28.4 35.1374
      vertex 71.0726 -28.9318 34.1779
    endloop
  endfacet
  facet normal -0.127063 -0.802476 0.582998
    outer loop
      vertex 72.1163 -28.4 35.1374
      vertex 73 -29.237 34.1779
      vertex 73 -28.4 35.33
    endloop
  endfacet
  facet normal -0.673294 -0.673294 0.305535
    outer loop
      vertex 67.6 -26.9233 32.8308
      vertex 67.4066 -27.0638 32.095
      vertex 67.6 -27.2572 32.095
    endloop
  endfacet
  facet normal -0.673294 -0.673294 0.305535
    outer loop
      vertex 69.0767 -28.4 32.8308
      vertex 68.7428 -28.4 32.095
      vertex 68.9362 -28.5934 32.095
    endloop
  endfacet
  facet normal -0.723875 -0.368891 -0.58303
    outer loop
      vertex 67.6 -25.1983 -0.6668
      vertex 67.0682 -24.9274 -0.177933
      vertex 67.6 -24.7546 -0.947535
    endloop
  endfacet
  facet normal -0.0488871 0.308645 -0.94992
    outer loop
      vertex 73 22.095 -3.91382
      vertex 72.6616 22.0414 -3.91382
      vertex 73 24.1779 -3.23705
    endloop
  endfacet
  facet normal 0.453987 -0.891008 0
    outer loop
      vertex 93.1365 -29.5754 1.90496
      vertex 95.0638 -28.5934 32.095
      vertex 93.1365 -29.5754 32.095
    endloop
  endfacet
  facet normal 0.453987 -0.891008 0
    outer loop
      vertex 95.0638 -28.5934 32.095
      vertex 93.1365 -29.5754 1.90496
      vertex 95.0638 -28.5934 1.90496
    endloop
  endfacet
  facet normal 0.268942 0.527998 -0.805536
    outer loop
      vertex 92.8679 23.571 -3.23705
      vertex 93.2353 24.6609 -2.4
      vertex 93.5451 24.5031 -2.4
    endloop
  endfacet
  facet normal 0.26902 0.527967 -0.80553
    outer loop
      vertex 93.2353 24.6609 -2.4
      vertex 92.8679 23.571 -3.23705
      vertex 91.982 24.0224 -3.23705
    endloop
  endfacet
  facet normal 0.278436 0.141864 -0.94992
    outer loop
      vertex 92.0414 21.3384 -3.91382
      vertex 91.8859 21.6436 -3.91382
      vertex 93.571 22.8679 -3.23705
    endloop
  endfacet
  facet normal -0.0926787 0.585259 -0.805533
    outer loop
      vertex 72.018 24.0224 -3.23705
      vertex 71.6619 25.1181 -2.4
      vertex 72.6565 25.2756 -2.4
    endloop
  endfacet
  facet normal 0.0926722 -0.585235 0.80555
    outer loop
      vertex 91 -26.1779 37.237
      vertex 91.3435 -27.2756 36.4
      vertex 91.982 -26.0224 37.237
    endloop
  endfacet
  facet normal 0.0926831 -0.585233 0.805551
    outer loop
      vertex 91.3435 -27.2756 36.4
      vertex 91 -26.1779 37.237
      vertex 91 -27.33 36.4
    endloop
  endfacet
  facet normal -0.269034 0.527948 -0.805538
    outer loop
      vertex 72.018 24.0224 -3.23705
      vertex 70.7647 24.6609 -2.4
      vertex 71.6619 25.1181 -2.4
    endloop
  endfacet
  facet normal -0.141876 0.278441 0.949917
    outer loop
      vertex 72.018 24.0224 37.237
      vertex 71.1321 23.571 37.237
      vertex 72.6616 22.0414 37.9138
    endloop
  endfacet
  facet normal -0.585236 -0.0926751 0.805549
    outer loop
      vertex 69.9776 -23.982 37.237
      vertex 68.7244 -23.3435 36.4
      vertex 68.8819 -24.3381 36.4
    endloop
  endfacet
  facet normal -0.848391 -0.432291 0.305544
    outer loop
      vertex 67.6 -26.3119 33.6957
      vertex 67.0682 -24.9274 34.1779
      vertex 66.4246 -25.1365 32.095
    endloop
  endfacet
  facet normal -0.848354 -0.432306 0.305627
    outer loop
      vertex 67.0682 -24.9274 34.1779
      vertex 67.6 -26.3119 33.6957
      vertex 67.6 -25.971 34.1779
    endloop
  endfacet
  facet normal 0 0.587785 -0.809017
    outer loop
      vertex 91 24.1779 -3.23705
      vertex 88 25.33 -2.4
      vertex 91 25.33 -2.4
    endloop
  endfacet
  facet normal 0 0.587785 -0.809017
    outer loop
      vertex 73 24.1779 -3.23705
      vertex 88 25.33 -2.4
      vertex 91 24.1779 -3.23705
    endloop
  endfacet
  facet normal 0 0.587785 -0.809017
    outer loop
      vertex 88 25.33 -2.4
      vertex 73 24.1779 -3.23705
      vertex 73 25.33 -2.4
    endloop
  endfacet
  facet normal -0.418989 -0.418989 -0.805541
    outer loop
      vertex 70.4549 -26.5031 -2.4
      vertex 70.429 -24.8679 -3.23705
      vertex 71.1321 -25.571 -3.23705
    endloop
  endfacet
  facet normal -0.418989 -0.418989 -0.805541
    outer loop
      vertex 70.429 -24.8679 -3.23705
      vertex 70.4549 -26.5031 -2.4
      vertex 69.4969 -25.5451 -2.4
    endloop
  endfacet
  facet normal -0.278441 0.141876 0.949917
    outer loop
      vertex 70.429 22.8679 37.237
      vertex 69.9776 21.982 37.237
      vertex 71.9586 21.3384 37.9138
    endloop
  endfacet
  facet normal 0.148958 0.940453 -0.305548
    outer loop
      vertex 92.9274 26.9318 -0.177933
      vertex 91 27.9138 1.90496
      vertex 93.1365 27.5754 1.90496
    endloop
  endfacet
  facet normal 0.048889 -0.308658 0.949916
    outer loop
      vertex 91 -24.095 37.9138
      vertex 91 -26.1779 37.237
      vertex 91.3384 -24.0414 37.9138
    endloop
  endfacet
  facet normal -0.27843 0.141871 -0.949921
    outer loop
      vertex 71.9586 21.3384 -3.91382
      vertex 69.9776 21.982 -3.23705
      vertex 70.429 22.8679 -3.23705
    endloop
  endfacet
  facet normal -0.585301 0.0924606 -0.805527
    outer loop
      vertex 69.9776 21.982 -3.23705
      vertex 69.1804 22.0834 -2.64616
      vertex 69.3485 22.1864 -2.75648
    endloop
  endfacet
  facet normal -0.585267 0.0927075 -0.805523
    outer loop
      vertex 68.7244 21.3435 -2.4
      vertex 69.1804 22.0834 -2.64616
      vertex 69.9776 21.982 -3.23705
    endloop
  endfacet
  facet normal -0.5852 0.0926694 -0.805576
    outer loop
      vertex 68.9651 21.9942 -2.5
      vertex 68.7244 21.3435 -2.4
      vertex 68.8819 22.3381 -2.4
    endloop
  endfacet
  facet normal -0.585255 0.0926962 -0.805534
    outer loop
      vertex 69.1804 22.0834 -2.64616
      vertex 68.7244 21.3435 -2.4
      vertex 68.9651 21.9942 -2.5
    endloop
  endfacet
  facet normal -0.58524 0.0926517 -0.805549
    outer loop
      vertex 69.0128 22.2955 -2.5
      vertex 68.9651 21.9942 -2.5
      vertex 68.8819 22.3381 -2.4
    endloop
  endfacet
  facet normal -0 0.309027 0.951053
    outer loop
      vertex 73 24.1779 37.237
      vertex 91 22.095 37.9138
      vertex 91 24.1779 37.237
    endloop
  endfacet
  facet normal 0 0.309027 0.951053
    outer loop
      vertex 91 22.095 37.9138
      vertex 73 24.1779 37.237
      vertex 73 22.095 37.9138
    endloop
  endfacet
  facet normal 0.527927 -0.269024 0.805555
    outer loop
      vertex 95.1181 -24.3381 36.4
      vertex 94.0224 -23.982 37.237
      vertex 94.6609 -25.2353 36.4
    endloop
  endfacet
  facet normal 0.309027 0 0.951053
    outer loop
      vertex 92.095 21 37.9138
      vertex 94.1779 -23 37.237
      vertex 94.1779 21 37.237
    endloop
  endfacet
  facet normal 0.309027 0 0.951053
    outer loop
      vertex 94.1779 -23 37.237
      vertex 92.095 21 37.9138
      vertex 92.095 -23 37.9138
    endloop
  endfacet
  facet normal 0.527927 0.269024 0.805555
    outer loop
      vertex 94.6609 23.2353 36.4
      vertex 94.0224 21.982 37.237
      vertex 95.1181 22.3381 36.4
    endloop
  endfacet
  facet normal -0.308656 -0.0488758 0.949917
    outer loop
      vertex 71.9586 -23.3384 37.9138
      vertex 69.8221 -23 37.237
      vertex 69.9776 -23.982 37.237
    endloop
  endfacet
  facet normal -0.308644 0.0488738 -0.949921
    outer loop
      vertex 71.9586 21.3384 -3.91382
      vertex 69.8221 21 -3.23705
      vertex 69.9776 21.982 -3.23705
    endloop
  endfacet
  facet normal -0.0488758 -0.308656 0.949917
    outer loop
      vertex 72.6616 -24.0414 37.9138
      vertex 72.018 -26.0224 37.237
      vertex 73 -26.1779 37.237
    endloop
  endfacet
  facet normal -0.0926831 -0.585233 0.805551
    outer loop
      vertex 73 -26.1779 37.237
      vertex 72.6565 -27.2756 36.4
      vertex 73 -27.33 36.4
    endloop
  endfacet
  facet normal -0.0926722 -0.585235 0.80555
    outer loop
      vertex 72.6565 -27.2756 36.4
      vertex 73 -26.1779 37.237
      vertex 72.018 -26.0224 37.237
    endloop
  endfacet
  facet normal 0 -1 0
    outer loop
      vertex 73 -29.9138 32.095
      vertex 77.5 -29.9138 30
      vertex 77.5 -29.9138 32.095
    endloop
  endfacet
  facet normal 0 -1 0
    outer loop
      vertex 77.5 -29.9138 30
      vertex 88 -29.9138 20.5
      vertex 86.5 -29.9138 30
    endloop
  endfacet
  facet normal 0 -1 0
    outer loop
      vertex 77.5 -29.9138 4
      vertex 77.5 -29.9138 30
      vertex 73 -29.9138 32.095
    endloop
  endfacet
  facet normal 0 -1 0
    outer loop
      vertex 77.5 -29.9138 30
      vertex 88 -29.9138 17.5
      vertex 88 -29.9138 20.5
    endloop
  endfacet
  facet normal 0 -1 0
    outer loop
      vertex 86.5 -29.9138 4
      vertex 88 -29.9138 17.5
      vertex 77.5 -29.9138 4
    endloop
  endfacet
  facet normal 0 -1 0
    outer loop
      vertex 77.5 -29.9138 30
      vertex 77.5 -29.9138 4
      vertex 88 -29.9138 17.5
    endloop
  endfacet
  facet normal 0 -1 0
    outer loop
      vertex 73 -29.9138 1.90496
      vertex 77.5 -29.9138 4
      vertex 73 -29.9138 32.095
    endloop
  endfacet
  facet normal 0 -1 -0
    outer loop
      vertex 77.5 -29.9138 4
      vertex 73 -29.9138 1.90496
      vertex 77.5 -29.9138 1.90496
    endloop
  endfacet
  facet normal 0 -1 0
    outer loop
      vertex 86.5 -29.9138 30
      vertex 91 -29.9138 32.095
      vertex 86.5 -29.9138 32.095
    endloop
  endfacet
  facet normal 0 -1 0
    outer loop
      vertex 91 -29.9138 20.5
      vertex 86.5 -29.9138 30
      vertex 88 -29.9138 20.5
    endloop
  endfacet
  facet normal 0 -1 0
    outer loop
      vertex 86.5 -29.9138 30
      vertex 91 -29.9138 20.5
      vertex 91 -29.9138 32.095
    endloop
  endfacet
  facet normal 0 -1 -0
    outer loop
      vertex 88 -29.9138 17.5
      vertex 86.5 -29.9138 4
      vertex 91 -29.9138 17.5
    endloop
  endfacet
  facet normal 0 -1 0
    outer loop
      vertex 91 -29.9138 1.90496
      vertex 86.5 -29.9138 4
      vertex 86.5 -29.9138 1.90496
    endloop
  endfacet
  facet normal 0 -1 0
    outer loop
      vertex 86.5 -29.9138 4
      vertex 91 -29.9138 1.90496
      vertex 91 -29.9138 17.5
    endloop
  endfacet
  facet normal 0.148918 -0.940448 0.305581
    outer loop
      vertex 91 -29.237 34.1779
      vertex 91 -29.9138 32.095
      vertex 92.9274 -28.9318 34.1779
    endloop
  endfacet
  facet normal 0.268942 -0.527998 -0.805536
    outer loop
      vertex 93.2353 -26.6609 -2.4
      vertex 92.8679 -25.571 -3.23705
      vertex 93.5451 -26.5031 -2.4
    endloop
  endfacet
  facet normal 0.26902 -0.527967 -0.80553
    outer loop
      vertex 92.8679 -25.571 -3.23705
      vertex 93.2353 -26.6609 -2.4
      vertex 91.982 -26.0224 -3.23705
    endloop
  endfacet
  facet normal -0.1271 -0.802446 -0.583032
    outer loop
      vertex 72.1163 -28.4 -1.13739
      vertex 71.0726 -28.9318 -0.177933
      vertex 71.2454 -28.4 -0.947536
    endloop
  endfacet
  facet normal -0.278448 0.14187 0.949916
    outer loop
      vertex 72.1141 21.6436 37.9138
      vertex 70.429 22.8679 37.237
      vertex 71.9586 21.3384 37.9138
    endloop
  endfacet
  facet normal -0.148958 -0.940453 -0.305548
    outer loop
      vertex 73 -29.9138 1.90496
      vertex 70.8635 -29.5754 1.90496
      vertex 71.0726 -28.9318 -0.177933
    endloop
  endfacet
  facet normal 0.127069 0.802466 -0.58301
    outer loop
      vertex 91.8837 26.4 -1.13739
      vertex 91 27.237 -0.177933
      vertex 92.9274 26.9318 -0.177933
    endloop
  endfacet
  facet normal 0.127089 0.802473 -0.582997
    outer loop
      vertex 91 27.237 -0.177933
      vertex 91.8837 26.4 -1.13739
      vertex 91 26.4 -1.33003
    endloop
  endfacet
  facet normal 0.707107 0.707107 -0
    outer loop
      vertex 95.2572 26.4 30.4
      vertex 95.0638 26.5934 32.095
      vertex 95.2572 26.4 32.095
    endloop
  endfacet
  facet normal 0.707107 0.707107 0
    outer loop
      vertex 95.0638 26.5934 32.095
      vertex 95.2572 26.4 30.4
      vertex 95.0638 26.5934 1.90496
    endloop
  endfacet
  facet normal 0.707107 0.707107 -0
    outer loop
      vertex 95.2572 26.4 3.6
      vertex 95.0638 26.5934 1.90496
      vertex 95.2572 26.4 30.4
    endloop
  endfacet
  facet normal 0.707107 0.707107 0
    outer loop
      vertex 95.0638 26.5934 1.90496
      vertex 95.2572 26.4 3.6
      vertex 95.2572 26.4 1.90496
    endloop
  endfacet
  facet normal 0.308644 0.0488738 -0.949921
    outer loop
      vertex 94.1779 21 -3.23705
      vertex 92.0414 21.3384 -3.91382
      vertex 94.0224 21.982 -3.23705
    endloop
  endfacet
  facet normal 0.368891 0.723876 -0.58303
    outer loop
      vertex 93.1983 26.4 -0.666801
      vertex 92.7546 26.4 -0.947536
      vertex 92.9274 26.9318 -0.177933
    endloop
  endfacet
  facet normal -0.0926867 0.585255 -0.805534
    outer loop
      vertex 73 24.1779 -3.23705
      vertex 72.6565 25.2756 -2.4
      vertex 73 25.33 -2.4
    endloop
  endfacet
  facet normal -0.0926758 0.585258 -0.805534
    outer loop
      vertex 72.6565 25.2756 -2.4
      vertex 73 24.1779 -3.23705
      vertex 72.018 24.0224 -3.23705
    endloop
  endfacet
  facet normal -0.141871 0.27843 -0.949921
    outer loop
      vertex 72.6616 22.0414 -3.91382
      vertex 71.1321 23.571 -3.23705
      vertex 72.018 24.0224 -3.23705
    endloop
  endfacet
  facet normal -0.127069 0.802466 -0.58301
    outer loop
      vertex 73 27.237 -0.177933
      vertex 72.1163 26.4 -1.13739
      vertex 71.0726 26.9318 -0.177933
    endloop
  endfacet
  facet normal -0.127089 0.802473 -0.582997
    outer loop
      vertex 72.1163 26.4 -1.13739
      vertex 73 27.237 -0.177933
      vertex 73 26.4 -1.33003
    endloop
  endfacet
  facet normal -0.048889 -0.308658 0.949916
    outer loop
      vertex 73 -24.095 37.9138
      vertex 72.6616 -24.0414 37.9138
      vertex 73 -26.1779 37.237
    endloop
  endfacet
  facet normal 0.127069 -0.802466 -0.58301
    outer loop
      vertex 91 -29.237 -0.177933
      vertex 91.8837 -28.4 -1.13739
      vertex 92.9274 -28.9318 -0.177933
    endloop
  endfacet
  facet normal 0.127089 -0.802473 -0.582997
    outer loop
      vertex 91.8837 -28.4 -1.13739
      vertex 91 -29.237 -0.177933
      vertex 91 -28.4 -1.33003
    endloop
  endfacet
  facet normal 0.585255 0.0926867 -0.805534
    outer loop
      vertex 94.1779 21 -3.23705
      vertex 95.2756 21.3435 -2.4
      vertex 95.33 21 -2.4
    endloop
  endfacet
  facet normal 0.585258 0.0926758 -0.805534
    outer loop
      vertex 95.2756 21.3435 -2.4
      vertex 94.1779 21 -3.23705
      vertex 94.0224 21.982 -3.23705
    endloop
  endfacet
  facet normal 0.15644 -0.987688 0
    outer loop
      vertex 91 -29.9138 20.5
      vertex 93.1365 -29.5754 32.095
      vertex 91 -29.9138 32.095
    endloop
  endfacet
  facet normal 0.15644 -0.987688 0
    outer loop
      vertex 91 -29.9138 17.5
      vertex 93.1365 -29.5754 32.095
      vertex 91 -29.9138 20.5
    endloop
  endfacet
  facet normal 0.15644 -0.987688 0
    outer loop
      vertex 93.1365 -29.5754 1.90496
      vertex 91 -29.9138 17.5
      vertex 91 -29.9138 1.90496
    endloop
  endfacet
  facet normal 0.15644 -0.987688 0
    outer loop
      vertex 91 -29.9138 17.5
      vertex 93.1365 -29.5754 1.90496
      vertex 93.1365 -29.5754 32.095
    endloop
  endfacet
  facet normal 0.585236 -0.0926751 0.805549
    outer loop
      vertex 95.2756 -23.3435 36.4
      vertex 94.0224 -23.982 37.237
      vertex 95.1181 -24.3381 36.4
    endloop
  endfacet
  facet normal 0.673294 -0.673294 0.305535
    outer loop
      vertex 95.2572 -28.4 32.095
      vertex 94.9233 -28.4 32.8308
      vertex 95.0638 -28.5934 32.095
    endloop
  endfacet
  facet normal 0.308645 -0.0488871 -0.94992
    outer loop
      vertex 94.1779 -23 -3.23705
      vertex 92.0414 -23.3384 -3.91382
      vertex 92.095 -23 -3.91382
    endloop
  endfacet
  facet normal 0 -0.309015 -0.951057
    outer loop
      vertex 73 -26.1779 -3.23705
      vertex 91 -24.095 -3.91382
      vertex 91 -26.1779 -3.23705
    endloop
  endfacet
  facet normal -0 -0.309015 -0.951057
    outer loop
      vertex 91 -24.095 -3.91382
      vertex 73 -26.1779 -3.23705
      vertex 73 -24.095 -3.91382
    endloop
  endfacet
  facet normal 0 -0.809033 -0.587763
    outer loop
      vertex 73 -28.4 -1.33003
      vertex 77.5 -29.237 -0.177933
      vertex 73 -29.237 -0.177933
    endloop
  endfacet
  facet normal 0 -0.809033 -0.587763
    outer loop
      vertex 77.5 -29.237 -0.177933
      vertex 73 -28.4 -1.33003
      vertex 77.5 -28.4 -1.33003
    endloop
  endfacet
  facet normal -0 -0.809033 -0.587763
    outer loop
      vertex 88 -28.4 -1.33003
      vertex 86.5 -29.237 -0.177933
      vertex 86.5 -28.4 -1.33003
    endloop
  endfacet
  facet normal 0 -0.809033 -0.587763
    outer loop
      vertex 86.5 -29.237 -0.177933
      vertex 88 -28.4 -1.33003
      vertex 91 -29.237 -0.177933
    endloop
  endfacet
  facet normal 0 -0.809033 -0.587763
    outer loop
      vertex 91 -29.237 -0.177933
      vertex 88 -28.4 -1.33003
      vertex 91 -28.4 -1.33003
    endloop
  endfacet
  facet normal 0 -0.587785 -0.809017
    outer loop
      vertex 88 -27.33 -2.4
      vertex 91 -26.1779 -3.23705
      vertex 91 -27.33 -2.4
    endloop
  endfacet
  facet normal 0 -0.587785 -0.809017
    outer loop
      vertex 73 -26.1779 -3.23705
      vertex 88 -27.33 -2.4
      vertex 73 -27.33 -2.4
    endloop
  endfacet
  facet normal 0 -0.587785 -0.809017
    outer loop
      vertex 88 -27.33 -2.4
      vertex 73 -26.1779 -3.23705
      vertex 91 -26.1779 -3.23705
    endloop
  endfacet
  facet normal 0.0926867 -0.585255 -0.805534
    outer loop
      vertex 91 -26.1779 -3.23705
      vertex 91.3435 -27.2756 -2.4
      vertex 91 -27.33 -2.4
    endloop
  endfacet
  facet normal 0.0926758 -0.585258 -0.805534
    outer loop
      vertex 91.3435 -27.2756 -2.4
      vertex 91 -26.1779 -3.23705
      vertex 91.982 -26.0224 -3.23705
    endloop
  endfacet
  facet normal -0.148918 -0.940448 -0.305582
    outer loop
      vertex 73 -29.9138 1.90496
      vertex 71.0726 -28.9318 -0.177933
      vertex 73 -29.237 -0.177933
    endloop
  endfacet
  facet normal -0.0926831 0.585233 0.805551
    outer loop
      vertex 72.6565 25.2756 36.4
      vertex 73 24.1779 37.237
      vertex 73 25.33 36.4
    endloop
  endfacet
  facet normal -0.0926722 0.585235 0.80555
    outer loop
      vertex 73 24.1779 37.237
      vertex 72.6565 25.2756 36.4
      vertex 72.018 24.0224 37.237
    endloop
  endfacet
  facet normal 0.0488758 0.308656 0.949917
    outer loop
      vertex 91.982 24.0224 37.237
      vertex 91 24.1779 37.237
      vertex 91.3384 22.0414 37.9138
    endloop
  endfacet
  facet normal -0.418972 0.418972 0.805558
    outer loop
      vertex 70.4549 24.5031 36.4
      vertex 70.429 22.8679 37.237
      vertex 71.1321 23.571 37.237
    endloop
  endfacet
  facet normal -0.418972 0.418972 0.805558
    outer loop
      vertex 70.429 22.8679 37.237
      vertex 70.4549 24.5031 36.4
      vertex 69.4969 23.5451 36.4
    endloop
  endfacet
  facet normal 0.432309 0.848359 -0.305608
    outer loop
      vertex 92.9274 26.9318 -0.177933
      vertex 94.3119 26.4 0.3043
      vertex 93.971 26.4 -0.177933
    endloop
  endfacet
  facet normal 0.432298 0.848388 -0.305544
    outer loop
      vertex 94.3119 26.4 0.3043
      vertex 92.9274 26.9318 -0.177933
      vertex 93.1365 27.5754 1.90496
    endloop
  endfacet
  facet normal 0.432273 0.848391 -0.305569
    outer loop
      vertex 94.9233 26.4 1.16924
      vertex 93.1365 27.5754 1.90496
      vertex 95.0638 26.5934 1.90496
    endloop
  endfacet
  facet normal 0.432276 0.848392 -0.305563
    outer loop
      vertex 93.1365 27.5754 1.90496
      vertex 94.9233 26.4 1.16924
      vertex 94.3119 26.4 0.3043
    endloop
  endfacet
  facet normal 0.0926787 0.585259 -0.805533
    outer loop
      vertex 91.982 24.0224 -3.23705
      vertex 91.3435 25.2756 -2.4
      vertex 92.3381 25.1181 -2.4
    endloop
  endfacet
  facet normal 0.1271 0.802446 -0.583032
    outer loop
      vertex 92.7546 26.4 -0.947536
      vertex 91.8837 26.4 -1.13739
      vertex 92.9274 26.9318 -0.177933
    endloop
  endfacet
  facet normal 0.156467 0.987683 -0.000646128
    outer loop
      vertex 93.1365 27.5754 32.095
      vertex 91.0909 27.8994 32.0043
      vertex 91.0534 27.9054 32.095
    endloop
  endfacet
  facet normal 0.156433 0.987689 0.00012632
    outer loop
      vertex 93.1365 27.5754 32.095
      vertex 91.21 27.8806 31.5084
      vertex 91.0909 27.8994 32.0043
    endloop
  endfacet
  facet normal 0.156506 0.987677 -0.000119755
    outer loop
      vertex 93.1365 27.5754 32.095
      vertex 91.25 27.8742 31
      vertex 91.21 27.8806 31.5084
    endloop
  endfacet
  facet normal 0.156364 0.987699 0.000131219
    outer loop
      vertex 93.1365 27.5754 32.095
      vertex 91.21 27.8806 30.4916
      vertex 91.25 27.8742 31
    endloop
  endfacet
  facet normal 0.156608 0.987661 -0.00016942
    outer loop
      vertex 93.1365 27.5754 32.095
      vertex 91.0909 27.8994 29.9957
      vertex 91.21 27.8806 30.4916
    endloop
  endfacet
  facet normal 0.156419 0.987691 1.92808e-05
    outer loop
      vertex 93.1365 27.5754 32.095
      vertex 91 27.9138 29.7762
      vertex 91.0909 27.8994 29.9957
    endloop
  endfacet
  facet normal 0.15644 0.987688 -0
    outer loop
      vertex 93.1365 27.5754 1.90496
      vertex 91 27.9138 29.7762
      vertex 93.1365 27.5754 32.095
    endloop
  endfacet
  facet normal 0.15644 0.987688 0
    outer loop
      vertex 91 27.9138 29.7762
      vertex 93.1365 27.5754 1.90496
      vertex 91 27.9138 1.90496
    endloop
  endfacet
  facet normal 0 0.809034 0.587762
    outer loop
      vertex 88.6419 27.237 34.1779
      vertex 88 26.4 35.33
      vertex 91 26.4 35.33
    endloop
  endfacet
  facet normal 5.89362e-05 0.809005 0.587802
    outer loop
      vertex 88 26.4 35.33
      vertex 88 27.1847 34.25
      vertex 87.4916 27.2138 34.21
    endloop
  endfacet
  facet normal -5.89362e-05 0.809005 0.587802
    outer loop
      vertex 88 26.4 35.33
      vertex 88.5084 27.2138 34.21
      vertex 88 27.1847 34.25
    endloop
  endfacet
  facet normal -0 0.809034 0.587762
    outer loop
      vertex 88.6419 27.237 34.1779
      vertex 91 26.4 35.33
      vertex 91 27.237 34.1779
    endloop
  endfacet
  facet normal 0.000843904 0.80881 0.58807
    outer loop
      vertex 88 26.4 35.33
      vertex 88.6419 27.237 34.1779
      vertex 88.5084 27.2138 34.21
    endloop
  endfacet
  facet normal -0.000843904 0.80881 0.58807
    outer loop
      vertex 87.3581 27.237 34.1779
      vertex 88 26.4 35.33
      vertex 87.4916 27.2138 34.21
    endloop
  endfacet
  facet normal 0 0.809034 0.587762
    outer loop
      vertex 88 26.4 35.33
      vertex 87.3581 27.237 34.1779
      vertex 73 26.4 35.33
    endloop
  endfacet
  facet normal 0 0.809034 0.587762
    outer loop
      vertex 73 26.4 35.33
      vertex 87.3581 27.237 34.1779
      vertex 73 27.237 34.1779
    endloop
  endfacet
  facet normal 0.0926751 0.585236 0.805549
    outer loop
      vertex 92.3381 25.1181 36.4
      vertex 91.3435 25.2756 36.4
      vertex 91.982 24.0224 37.237
    endloop
  endfacet
  facet normal 0.127131 -0.802438 0.583036
    outer loop
      vertex 92.7546 -28.4 34.9475
      vertex 91.8837 -28.4 35.1374
      vertex 92.9274 -28.9318 34.1779
    endloop
  endfacet
  facet normal -0.527998 -0.268942 -0.805536
    outer loop
      vertex 69.3391 -25.2353 -2.4
      vertex 70.429 -24.8679 -3.23705
      vertex 69.4969 -25.5451 -2.4
    endloop
  endfacet
  facet normal -0.527967 -0.26902 -0.80553
    outer loop
      vertex 70.429 -24.8679 -3.23705
      vertex 69.3391 -25.2353 -2.4
      vertex 69.9776 -23.982 -3.23705
    endloop
  endfacet
  facet normal 0 -0.951053 0.309027
    outer loop
      vertex 86.5 -29.9138 32.095
      vertex 91 -29.237 34.1779
      vertex 86.5 -29.237 34.1779
    endloop
  endfacet
  facet normal 0 -0.951053 0.309027
    outer loop
      vertex 91 -29.237 34.1779
      vertex 86.5 -29.9138 32.095
      vertex 91 -29.9138 32.095
    endloop
  endfacet
  facet normal 0 -0.951053 0.309027
    outer loop
      vertex 73 -29.9138 32.095
      vertex 77.5 -29.237 34.1779
      vertex 73 -29.237 34.1779
    endloop
  endfacet
  facet normal 0 -0.951053 0.309027
    outer loop
      vertex 77.5 -29.237 34.1779
      vertex 73 -29.9138 32.095
      vertex 77.5 -29.9138 32.095
    endloop
  endfacet
  facet normal 0.14187 -0.278448 0.949916
    outer loop
      vertex 91.6436 -23.8859 37.9138
      vertex 91.3384 -24.0414 37.9138
      vertex 92.8679 -25.571 37.237
    endloop
  endfacet
  facet normal 0 -0.809034 0.587762
    outer loop
      vertex 73 -29.237 34.1779
      vertex 77.5 -28.4 35.33
      vertex 73 -28.4 35.33
    endloop
  endfacet
  facet normal 0 -0.809034 0.587762
    outer loop
      vertex 77.5 -28.4 35.33
      vertex 73 -29.237 34.1779
      vertex 77.5 -29.237 34.1779
    endloop
  endfacet
  facet normal 0 -0.809034 0.587762
    outer loop
      vertex 86.5 -29.237 34.1779
      vertex 88 -28.4 35.33
      vertex 86.5 -28.4 35.33
    endloop
  endfacet
  facet normal 0 -0.809034 0.587762
    outer loop
      vertex 91 -29.237 34.1779
      vertex 88 -28.4 35.33
      vertex 86.5 -29.237 34.1779
    endloop
  endfacet
  facet normal 0 -0.809034 0.587762
    outer loop
      vertex 88 -28.4 35.33
      vertex 91 -29.237 34.1779
      vertex 91 -28.4 35.33
    endloop
  endfacet
  facet normal 0 -0.309027 0.951053
    outer loop
      vertex 73 -24.095 37.9138
      vertex 91 -26.1779 37.237
      vertex 91 -24.095 37.9138
    endloop
  endfacet
  facet normal 0 -0.309027 0.951053
    outer loop
      vertex 91 -26.1779 37.237
      vertex 73 -24.095 37.9138
      vertex 73 -26.1779 37.237
    endloop
  endfacet
  facet normal 0.0488871 -0.308645 -0.94992
    outer loop
      vertex 91.3384 -24.0414 -3.91382
      vertex 91 -26.1779 -3.23705
      vertex 91 -24.095 -3.91382
    endloop
  endfacet
  facet normal 0.308645 0.0488871 -0.94992
    outer loop
      vertex 92.095 21 -3.91382
      vertex 92.0414 21.3384 -3.91382
      vertex 94.1779 21 -3.23705
    endloop
  endfacet
  facet normal 0.368874 -0.723876 -0.583039
    outer loop
      vertex 93.971 -28.4 -0.177933
      vertex 92.9274 -28.9318 -0.177933
      vertex 93.1983 -28.4 -0.666801
    endloop
  endfacet
  facet normal 0 -0.951053 -0.309028
    outer loop
      vertex 73 -29.237 -0.177933
      vertex 77.5 -29.9138 1.90496
      vertex 73 -29.9138 1.90496
    endloop
  endfacet
  facet normal 0 -0.951053 -0.309028
    outer loop
      vertex 77.5 -29.9138 1.90496
      vertex 73 -29.237 -0.177933
      vertex 77.5 -29.237 -0.177933
    endloop
  endfacet
  facet normal 0 -0.951053 -0.309028
    outer loop
      vertex 86.5 -29.237 -0.177933
      vertex 91 -29.9138 1.90496
      vertex 86.5 -29.9138 1.90496
    endloop
  endfacet
  facet normal 0 -0.951053 -0.309028
    outer loop
      vertex 91 -29.9138 1.90496
      vertex 86.5 -29.237 -0.177933
      vertex 91 -29.237 -0.177933
    endloop
  endfacet
  facet normal -0.0488871 -0.308645 -0.94992
    outer loop
      vertex 73 -26.1779 -3.23705
      vertex 72.6616 -24.0414 -3.91382
      vertex 73 -24.095 -3.91382
    endloop
  endfacet
  facet normal -0.809034 0 0.587762
    outer loop
      vertex 66.763 -23 34.1779
      vertex 67.6 21 35.33
      vertex 66.763 21 34.1779
    endloop
  endfacet
  facet normal -0.809034 0 0.587762
    outer loop
      vertex 67.6 21 35.33
      vertex 66.763 -23 34.1779
      vertex 67.6 -23 35.33
    endloop
  endfacet
  facet normal -0.220974 -0.220974 0.949916
    outer loop
      vertex 72.1141 -23.6436 37.9138
      vertex 71.1321 -25.571 37.237
      vertex 72.3564 -23.8859 37.9138
    endloop
  endfacet
  facet normal -0.220974 -0.220974 0.949916
    outer loop
      vertex 71.1321 -25.571 37.237
      vertex 72.1141 -23.6436 37.9138
      vertex 70.429 -24.8679 37.237
    endloop
  endfacet
  facet normal -0.951053 0 0.309027
    outer loop
      vertex 66.0862 -23 32.095
      vertex 66.763 21 34.1779
      vertex 66.0862 21 32.095
    endloop
  endfacet
  facet normal -0.951053 0 0.309027
    outer loop
      vertex 66.763 21 34.1779
      vertex 66.0862 -23 32.095
      vertex 66.763 -23 34.1779
    endloop
  endfacet
  facet normal -0.127063 0.802476 0.582998
    outer loop
      vertex 73 27.237 34.1779
      vertex 72.1163 26.4 35.1374
      vertex 73 26.4 35.33
    endloop
  endfacet
  facet normal -0.127071 0.802479 0.582993
    outer loop
      vertex 72.1163 26.4 35.1374
      vertex 73 27.237 34.1779
      vertex 71.0726 26.9318 34.1779
    endloop
  endfacet
  facet normal -0.527978 0.268931 0.805553
    outer loop
      vertex 69.3391 23.2353 36.4
      vertex 70.429 22.8679 37.237
      vertex 69.4969 23.5451 36.4
    endloop
  endfacet
  facet normal -0.527947 0.269009 0.805547
    outer loop
      vertex 70.429 22.8679 37.237
      vertex 69.3391 23.2353 36.4
      vertex 69.9776 21.982 37.237
    endloop
  endfacet
  facet normal -0.269009 0.527947 0.805547
    outer loop
      vertex 70.7647 24.6609 36.4
      vertex 71.1321 23.571 37.237
      vertex 72.018 24.0224 37.237
    endloop
  endfacet
  facet normal -0.268931 0.527978 0.805553
    outer loop
      vertex 71.1321 23.571 37.237
      vertex 70.7647 24.6609 36.4
      vertex 70.4549 24.5031 36.4
    endloop
  endfacet
  facet normal -0.14187 0.278448 0.949916
    outer loop
      vertex 72.6616 22.0414 37.9138
      vertex 71.1321 23.571 37.237
      vertex 72.3564 21.8859 37.9138
    endloop
  endfacet
  facet normal -0.220974 0.220974 0.949916
    outer loop
      vertex 71.1321 23.571 37.237
      vertex 72.1141 21.6436 37.9138
      vertex 72.3564 21.8859 37.9138
    endloop
  endfacet
  facet normal -0.220974 0.220974 0.949916
    outer loop
      vertex 72.1141 21.6436 37.9138
      vertex 71.1321 23.571 37.237
      vertex 70.429 22.8679 37.237
    endloop
  endfacet
  facet normal 0 0.809033 -0.587763
    outer loop
      vertex 88 26.4 -1.33003
      vertex 91 27.237 -0.177933
      vertex 91 26.4 -1.33003
    endloop
  endfacet
  facet normal 0 0.809033 -0.587763
    outer loop
      vertex 91 27.237 -0.177933
      vertex 88 26.4 -1.33003
      vertex 73 27.237 -0.177933
    endloop
  endfacet
  facet normal 0 0.809033 -0.587763
    outer loop
      vertex 73 27.237 -0.177933
      vertex 88 26.4 -1.33003
      vertex 73 26.4 -1.33003
    endloop
  endfacet
  facet normal 0.368874 0.723876 -0.583039
    outer loop
      vertex 93.1983 26.4 -0.666801
      vertex 92.9274 26.9318 -0.177933
      vertex 93.971 26.4 -0.177933
    endloop
  endfacet
  facet normal 0.368883 0.723892 0.583014
    outer loop
      vertex 93.971 26.4 34.1779
      vertex 92.9274 26.9318 34.1779
      vertex 93.1983 26.4 34.6668
    endloop
  endfacet
  facet normal 0.268931 -0.527978 0.805553
    outer loop
      vertex 92.8679 -25.571 37.237
      vertex 93.2353 -26.6609 36.4
      vertex 93.5451 -26.5031 36.4
    endloop
  endfacet
  facet normal 0.269009 -0.527947 0.805547
    outer loop
      vertex 93.2353 -26.6609 36.4
      vertex 92.8679 -25.571 37.237
      vertex 91.982 -26.0224 37.237
    endloop
  endfacet
  facet normal 0.148955 0.940454 0.305546
    outer loop
      vertex 93.1365 27.5754 32.095
      vertex 91.0368 27.895 32.1349
      vertex 92.9274 26.9318 34.1779
    endloop
  endfacet
  facet normal 0.148912 0.939998 0.306966
    outer loop
      vertex 91.0368 27.895 32.1349
      vertex 93.1365 27.5754 32.095
      vertex 91.0534 27.9054 32.095
    endloop
  endfacet
  facet normal -0.148918 0.940448 0.305581
    outer loop
      vertex 73 27.9138 32.095
      vertex 71.0726 26.9318 34.1779
      vertex 73 27.237 34.1779
    endloop
  endfacet
  facet normal -0.220966 -0.220966 -0.94992
    outer loop
      vertex 71.1321 -25.571 -3.23705
      vertex 72.1141 -23.6436 -3.91382
      vertex 72.3564 -23.8859 -3.91382
    endloop
  endfacet
  facet normal -0.220966 -0.220966 -0.94992
    outer loop
      vertex 72.1141 -23.6436 -3.91382
      vertex 71.1321 -25.571 -3.23705
      vertex 70.429 -24.8679 -3.23705
    endloop
  endfacet
  facet normal -0.148918 0.940448 -0.305582
    outer loop
      vertex 73 27.237 -0.177933
      vertex 71.0726 26.9318 -0.177933
      vertex 73 27.9138 1.90496
    endloop
  endfacet
  facet normal -0.141864 0.278436 -0.94992
    outer loop
      vertex 72.3564 21.8859 -3.91382
      vertex 71.1321 23.571 -3.23705
      vertex 72.6616 22.0414 -3.91382
    endloop
  endfacet
  facet normal -0.0488738 0.308644 -0.949921
    outer loop
      vertex 72.6616 22.0414 -3.91382
      vertex 72.018 24.0224 -3.23705
      vertex 73 24.1779 -3.23705
    endloop
  endfacet
  facet normal 0.269034 0.527948 -0.805538
    outer loop
      vertex 93.2353 24.6609 -2.4
      vertex 91.982 24.0224 -3.23705
      vertex 92.3381 25.1181 -2.4
    endloop
  endfacet
  facet normal 0.368891 -0.723876 -0.58303
    outer loop
      vertex 92.9274 -28.9318 -0.177933
      vertex 92.7546 -28.4 -0.947536
      vertex 93.1983 -28.4 -0.666801
    endloop
  endfacet
  facet normal 0.432306 -0.848354 0.305627
    outer loop
      vertex 92.9274 -28.9318 34.1779
      vertex 94.3119 -28.4 33.6957
      vertex 93.971 -28.4 34.1779
    endloop
  endfacet
  facet normal 0.432291 -0.848391 0.305544
    outer loop
      vertex 94.3119 -28.4 33.6957
      vertex 92.9274 -28.9318 34.1779
      vertex 93.1365 -29.5754 32.095
    endloop
  endfacet
  facet normal 0.432263 -0.848396 0.305568
    outer loop
      vertex 93.1365 -29.5754 32.095
      vertex 94.9233 -28.4 32.8308
      vertex 94.3119 -28.4 33.6957
    endloop
  endfacet
  facet normal 0.432278 -0.8484 0.305539
    outer loop
      vertex 94.9233 -28.4 32.8308
      vertex 93.1365 -29.5754 32.095
      vertex 95.0638 -28.5934 32.095
    endloop
  endfacet
  facet normal 0.673294 0.673294 0.305535
    outer loop
      vertex 95.0638 26.5934 32.095
      vertex 94.9233 26.4 32.8308
      vertex 95.2572 26.4 32.095
    endloop
  endfacet
  facet normal 0.308658 -0.048889 0.949916
    outer loop
      vertex 92.095 -23 37.9138
      vertex 92.0414 -23.3384 37.9138
      vertex 94.1779 -23 37.237
    endloop
  endfacet
  facet normal 0.127063 -0.802476 0.582998
    outer loop
      vertex 91 -29.237 34.1779
      vertex 91.8837 -28.4 35.1374
      vertex 91 -28.4 35.33
    endloop
  endfacet
  facet normal 0.127071 -0.802479 0.582993
    outer loop
      vertex 91.8837 -28.4 35.1374
      vertex 91 -29.237 34.1779
      vertex 92.9274 -28.9318 34.1779
    endloop
  endfacet
  facet normal -0.278448 -0.14187 0.949916
    outer loop
      vertex 71.9586 -23.3384 37.9138
      vertex 70.429 -24.8679 37.237
      vertex 72.1141 -23.6436 37.9138
    endloop
  endfacet
  facet normal 0.587762 0 0.809034
    outer loop
      vertex 94.1779 21 37.237
      vertex 95.33 20.4 36.4
      vertex 95.33 21 36.4
    endloop
  endfacet
  facet normal 0.587762 0 0.809034
    outer loop
      vertex 95.33 20.4 36.4
      vertex 94.1779 21 37.237
      vertex 95.33 -22.4 36.4
    endloop
  endfacet
  facet normal 0.587762 -0 0.809034
    outer loop
      vertex 94.1779 -23 37.237
      vertex 95.33 -22.4 36.4
      vertex 94.1779 21 37.237
    endloop
  endfacet
  facet normal 0.587762 0 0.809034
    outer loop
      vertex 95.33 -22.4 36.4
      vertex 94.1779 -23 37.237
      vertex 95.33 -23 36.4
    endloop
  endfacet
  facet normal 0 -0.587762 0.809034
    outer loop
      vertex 91 -26.1779 37.237
      vertex 88 -27.33 36.4
      vertex 91 -27.33 36.4
    endloop
  endfacet
  facet normal 0 -0.587762 0.809034
    outer loop
      vertex 73 -26.1779 37.237
      vertex 88 -27.33 36.4
      vertex 91 -26.1779 37.237
    endloop
  endfacet
  facet normal 0 -0.587762 0.809034
    outer loop
      vertex 88 -27.33 36.4
      vertex 73 -26.1779 37.237
      vertex 73 -27.33 36.4
    endloop
  endfacet
  facet normal 0.27843 -0.141871 -0.949921
    outer loop
      vertex 93.571 -24.8679 -3.23705
      vertex 92.0414 -23.3384 -3.91382
      vertex 94.0224 -23.982 -3.23705
    endloop
  endfacet
  facet normal 0.527948 -0.269034 -0.805538
    outer loop
      vertex 94.6609 -25.2353 -2.4
      vertex 94.0224 -23.982 -3.23705
      vertex 95.1181 -24.3381 -2.4
    endloop
  endfacet
  facet normal 0.0488738 -0.308644 -0.949921
    outer loop
      vertex 91.982 -26.0224 -3.23705
      vertex 91 -26.1779 -3.23705
      vertex 91.3384 -24.0414 -3.91382
    endloop
  endfacet
  facet normal 0.432298 -0.848388 -0.305544
    outer loop
      vertex 92.9274 -28.9318 -0.177933
      vertex 94.3119 -28.4 0.3043
      vertex 93.1365 -29.5754 1.90496
    endloop
  endfacet
  facet normal 0.432309 -0.848359 -0.305608
    outer loop
      vertex 94.3119 -28.4 0.3043
      vertex 92.9274 -28.9318 -0.177933
      vertex 93.971 -28.4 -0.177933
    endloop
  endfacet
  facet normal 0.141871 -0.27843 -0.949921
    outer loop
      vertex 91.982 -26.0224 -3.23705
      vertex 91.3384 -24.0414 -3.91382
      vertex 92.8679 -25.571 -3.23705
    endloop
  endfacet
  facet normal 0.418989 -0.418989 -0.805541
    outer loop
      vertex 93.5451 -26.5031 -2.4
      vertex 93.571 -24.8679 -3.23705
      vertex 94.5031 -25.5451 -2.4
    endloop
  endfacet
  facet normal 0.418989 -0.418989 -0.805541
    outer loop
      vertex 93.571 -24.8679 -3.23705
      vertex 93.5451 -26.5031 -2.4
      vertex 92.8679 -25.571 -3.23705
    endloop
  endfacet
  facet normal 0.148918 -0.940448 -0.305582
    outer loop
      vertex 92.9274 -28.9318 -0.177933
      vertex 91 -29.9138 1.90496
      vertex 91 -29.237 -0.177933
    endloop
  endfacet
  facet normal 0.148958 -0.940453 -0.305548
    outer loop
      vertex 93.1365 -29.5754 1.90496
      vertex 91 -29.9138 1.90496
      vertex 92.9274 -28.9318 -0.177933
    endloop
  endfacet
  facet normal 0.673287 -0.673287 -0.305565
    outer loop
      vertex 95.0638 -28.5934 1.90496
      vertex 94.9233 -28.4 1.16924
      vertex 95.2572 -28.4 1.90496
    endloop
  endfacet
  facet normal -0.0926867 -0.585255 -0.805534
    outer loop
      vertex 72.6565 -27.2756 -2.4
      vertex 73 -26.1779 -3.23705
      vertex 73 -27.33 -2.4
    endloop
  endfacet
  facet normal -0.0926758 -0.585258 -0.805534
    outer loop
      vertex 73 -26.1779 -3.23705
      vertex 72.6565 -27.2756 -2.4
      vertex 72.018 -26.0224 -3.23705
    endloop
  endfacet
  facet normal -0.0488738 -0.308644 -0.949921
    outer loop
      vertex 73 -26.1779 -3.23705
      vertex 72.018 -26.0224 -3.23705
      vertex 72.6616 -24.0414 -3.91382
    endloop
  endfacet
  facet normal -0.418972 -0.418972 0.805558
    outer loop
      vertex 70.429 -24.8679 37.237
      vertex 70.4549 -26.5031 36.4
      vertex 71.1321 -25.571 37.237
    endloop
  endfacet
  facet normal -0.418972 -0.418972 0.805558
    outer loop
      vertex 70.4549 -26.5031 36.4
      vertex 70.429 -24.8679 37.237
      vertex 69.4969 -25.5451 36.4
    endloop
  endfacet
  facet normal -1 0 0
    outer loop
      vertex 66.0862 21 1.90496
      vertex 66.0862 -0.2 5.8
      vertex 66.0862 21 5.8
    endloop
  endfacet
  facet normal -1 -0 0
    outer loop
      vertex 66.0862 -0.2 5.8
      vertex 66.0862 -23 1.90496
      vertex 66.0862 -0.2 22.2
    endloop
  endfacet
  facet normal -1 0 0
    outer loop
      vertex 66.0862 -23 1.90496
      vertex 66.0862 -0.2 5.8
      vertex 66.0862 21 1.90496
    endloop
  endfacet
  facet normal -1 0 0
    outer loop
      vertex 66.0862 -0.2 22.2
      vertex 66.0862 21 32.095
      vertex 66.0862 21 22.2
    endloop
  endfacet
  facet normal -1 0 0
    outer loop
      vertex 66.0862 -0.2 22.2
      vertex 66.0862 -23 32.095
      vertex 66.0862 21 32.095
    endloop
  endfacet
  facet normal -1 0 0
    outer loop
      vertex 66.0862 -23 32.095
      vertex 66.0862 -0.2 22.2
      vertex 66.0862 -23 1.90496
    endloop
  endfacet
  facet normal -0.148958 0.940453 0.305547
    outer loop
      vertex 73 27.9138 32.095
      vertex 70.8635 27.5754 32.095
      vertex 71.0726 26.9318 34.1779
    endloop
  endfacet
  facet normal -0.26902 0.527967 -0.80553
    outer loop
      vertex 71.1321 23.571 -3.23705
      vertex 70.7647 24.6609 -2.4
      vertex 72.018 24.0224 -3.23705
    endloop
  endfacet
  facet normal -0.268873 0.528025 -0.805541
    outer loop
      vertex 70.5931 24.3128 -2.5709
      vertex 70.7647 24.6609 -2.4
      vertex 71.1321 23.571 -3.23705
    endloop
  endfacet
  facet normal -0.269337 0.528141 -0.805311
    outer loop
      vertex 70.7647 24.6609 -2.4
      vertex 70.5931 24.3128 -2.5709
      vertex 70.6 24.4 -2.51602
    endloop
  endfacet
  facet normal -0.269587 0.528234 -0.805166
    outer loop
      vertex 70.5982 24.4235 -2.5
      vertex 70.7647 24.6609 -2.4
      vertex 70.6 24.4 -2.51602
    endloop
  endfacet
  facet normal -0.268993 0.527836 -0.805625
    outer loop
      vertex 70.4549 24.5031 -2.4
      vertex 70.5982 24.4235 -2.5
      vertex 70.5358 24.3917 -2.5
    endloop
  endfacet
  facet normal -0.26891 0.527937 -0.805587
    outer loop
      vertex 70.5982 24.4235 -2.5
      vertex 70.4549 24.5031 -2.4
      vertex 70.7647 24.6609 -2.4
    endloop
  endfacet
  facet normal -0.527927 0.269024 0.805555
    outer loop
      vertex 69.3391 23.2353 36.4
      vertex 68.8819 22.3381 36.4
      vertex 69.9776 21.982 37.237
    endloop
  endfacet
  facet normal 0 0.950954 0.309333
    outer loop
      vertex 86.9957 27.2653 34.0909
      vertex 73 27.237 34.1779
      vertex 87.3581 27.237 34.1779
    endloop
  endfacet
  facet normal -1.89759e-06 0.951043 0.309057
    outer loop
      vertex 86.5245 27.3287 33.8958
      vertex 73 27.237 34.1779
      vertex 86.9957 27.2653 34.0909
    endloop
  endfacet
  facet normal -2.08994e-06 0.951046 0.309049
    outer loop
      vertex 86.0897 27.4153 33.6293
      vertex 73 27.237 34.1779
      vertex 86.5245 27.3287 33.8958
    endloop
  endfacet
  facet normal -4.93511e-06 0.951066 0.308987
    outer loop
      vertex 85.7019 27.5229 33.2981
      vertex 73 27.237 34.1779
      vertex 86.0897 27.4153 33.6293
    endloop
  endfacet
  facet normal -3.13909e-06 0.951059 0.309011
    outer loop
      vertex 85.3707 27.6489 32.9103
      vertex 73 27.237 34.1779
      vertex 85.7019 27.5229 33.2981
    endloop
  endfacet
  facet normal 2.95464e-06 0.951041 0.309065
    outer loop
      vertex 85.1042 27.7902 32.4755
      vertex 73 27.237 34.1779
      vertex 85.3707 27.6489 32.9103
    endloop
  endfacet
  facet normal -1.48225e-05 0.951078 0.30895
    outer loop
      vertex 84.9466 27.9138 32.095
      vertex 73 27.237 34.1779
      vertex 85.1042 27.7902 32.4755
    endloop
  endfacet
  facet normal 0 0.951053 0.309027
    outer loop
      vertex 73 27.237 34.1779
      vertex 84.9466 27.9138 32.095
      vertex 73 27.9138 32.095
    endloop
  endfacet
  facet normal 0 0.950954 0.309333
    outer loop
      vertex 91 27.237 34.1779
      vertex 89.0043 27.2653 34.0909
      vertex 88.6419 27.237 34.1779
    endloop
  endfacet
  facet normal 1.22207e-05 0.951036 0.30908
    outer loop
      vertex 91 27.237 34.1779
      vertex 89.4755 27.3287 33.8958
      vertex 89.0043 27.2653 34.0909
    endloop
  endfacet
  facet normal 1.47258e-05 0.95104 0.309067
    outer loop
      vertex 91 27.237 34.1779
      vertex 89.9103 27.4153 33.6293
      vertex 89.4755 27.3287 33.8958
    endloop
  endfacet
  facet normal 3.91261e-05 0.951054 0.309024
    outer loop
      vertex 91 27.237 34.1779
      vertex 90.2981 27.5229 33.2981
      vertex 89.9103 27.4153 33.6293
    endloop
  endfacet
  facet normal 2.90587e-05 0.951052 0.309031
    outer loop
      vertex 91 27.237 34.1779
      vertex 90.6293 27.6489 32.9103
      vertex 90.2981 27.5229 33.2981
    endloop
  endfacet
  facet normal -3.38492e-05 0.951047 0.309048
    outer loop
      vertex 91 27.237 34.1779
      vertex 90.8958 27.7902 32.4755
      vertex 90.6293 27.6489 32.9103
    endloop
  endfacet
  facet normal -7.41716e-05 0.951046 0.30905
    outer loop
      vertex 90.8958 27.7902 32.4755
      vertex 91 27.237 34.1779
      vertex 91 27.872 32.2238
    endloop
  endfacet
  facet normal -0.269024 0.527927 0.805555
    outer loop
      vertex 71.6619 25.1181 36.4
      vertex 70.7647 24.6609 36.4
      vertex 72.018 24.0224 37.237
    endloop
  endfacet
  facet normal -0.269009 -0.527947 0.805547
    outer loop
      vertex 71.1321 -25.571 37.237
      vertex 70.7647 -26.6609 36.4
      vertex 72.018 -26.0224 37.237
    endloop
  endfacet
  facet normal -0.268931 -0.527978 0.805553
    outer loop
      vertex 70.7647 -26.6609 36.4
      vertex 71.1321 -25.571 37.237
      vertex 70.4549 -26.5031 36.4
    endloop
  endfacet
  facet normal -0.048889 0.308658 0.949916
    outer loop
      vertex 73 24.1779 37.237
      vertex 72.6616 22.0414 37.9138
      vertex 73 22.095 37.9138
    endloop
  endfacet
  facet normal -0.127131 0.802438 0.583036
    outer loop
      vertex 72.1163 26.4 35.1374
      vertex 71.0726 26.9318 34.1779
      vertex 71.2454 26.4 34.9475
    endloop
  endfacet
  facet normal -0.368848 0.723893 0.583035
    outer loop
      vertex 71.0726 26.9318 34.1779
      vertex 70.8017 26.4 34.6668
      vertex 71.2454 26.4 34.9475
    endloop
  endfacet
  facet normal 0.585233 0.0926831 0.805551
    outer loop
      vertex 95.2756 21.3435 36.4
      vertex 94.1779 21 37.237
      vertex 95.33 21 36.4
    endloop
  endfacet
  facet normal 0.585235 0.0926722 0.80555
    outer loop
      vertex 94.1779 21 37.237
      vertex 95.2756 21.3435 36.4
      vertex 94.0224 21.982 37.237
    endloop
  endfacet
  facet normal 0.048889 0.308658 0.949916
    outer loop
      vertex 91 24.1779 37.237
      vertex 91 22.095 37.9138
      vertex 91.3384 22.0414 37.9138
    endloop
  endfacet
  facet normal -0.308658 -0.048889 0.949916
    outer loop
      vertex 71.905 -23 37.9138
      vertex 69.8221 -23 37.237
      vertex 71.9586 -23.3384 37.9138
    endloop
  endfacet
  facet normal 0.673287 0.673287 -0.305565
    outer loop
      vertex 95.2572 26.4 1.90496
      vertex 94.9233 26.4 1.16924
      vertex 95.0638 26.5934 1.90496
    endloop
  endfacet
  facet normal -0.220966 0.220966 -0.94992
    outer loop
      vertex 72.1141 21.6436 -3.91382
      vertex 71.1321 23.571 -3.23705
      vertex 72.3564 21.8859 -3.91382
    endloop
  endfacet
  facet normal -0.220966 0.220966 -0.94992
    outer loop
      vertex 71.1321 23.571 -3.23705
      vertex 72.1141 21.6436 -3.91382
      vertex 70.429 22.8679 -3.23705
    endloop
  endfacet
  facet normal 0.27843 0.141871 -0.949921
    outer loop
      vertex 94.0224 21.982 -3.23705
      vertex 92.0414 21.3384 -3.91382
      vertex 93.571 22.8679 -3.23705
    endloop
  endfacet
  facet normal -0.0488758 0.308656 0.949917
    outer loop
      vertex 73 24.1779 37.237
      vertex 72.018 24.0224 37.237
      vertex 72.6616 22.0414 37.9138
    endloop
  endfacet
  facet normal 0.268931 0.527978 0.805553
    outer loop
      vertex 93.2353 24.6609 36.4
      vertex 92.8679 23.571 37.237
      vertex 93.5451 24.5031 36.4
    endloop
  endfacet
  facet normal 0.269009 0.527947 0.805547
    outer loop
      vertex 92.8679 23.571 37.237
      vertex 93.2353 24.6609 36.4
      vertex 91.982 24.0224 37.237
    endloop
  endfacet
  facet normal 0.585259 0.0926787 -0.805533
    outer loop
      vertex 95.2756 21.3435 -2.4
      vertex 94.0224 21.982 -3.23705
      vertex 95.1181 22.3381 -2.4
    endloop
  endfacet
  facet normal 0.527948 0.269034 -0.805538
    outer loop
      vertex 95.1181 22.3381 -2.4
      vertex 94.0224 21.982 -3.23705
      vertex 94.6609 23.2353 -2.4
    endloop
  endfacet
  facet normal 0.527967 0.26902 -0.80553
    outer loop
      vertex 93.571 22.8679 -3.23705
      vertex 94.6609 23.2353 -2.4
      vertex 94.0224 21.982 -3.23705
    endloop
  endfacet
  facet normal 0.527998 0.268942 -0.805536
    outer loop
      vertex 94.6609 23.2353 -2.4
      vertex 93.571 22.8679 -3.23705
      vertex 94.5031 23.5451 -2.4
    endloop
  endfacet
  facet normal -0.141871 -0.27843 -0.949921
    outer loop
      vertex 72.018 -26.0224 -3.23705
      vertex 71.1321 -25.571 -3.23705
      vertex 72.6616 -24.0414 -3.91382
    endloop
  endfacet
  facet normal 0.585259 -0.0926787 -0.805533
    outer loop
      vertex 95.1181 -24.3381 -2.4
      vertex 94.0224 -23.982 -3.23705
      vertex 95.2756 -23.3435 -2.4
    endloop
  endfacet
  facet normal 0.309015 0 -0.951057
    outer loop
      vertex 92.095 -23 -3.91382
      vertex 94.1779 21 -3.23705
      vertex 94.1779 -23 -3.23705
    endloop
  endfacet
  facet normal 0.309015 0 -0.951057
    outer loop
      vertex 94.1779 21 -3.23705
      vertex 92.095 -23 -3.91382
      vertex 92.095 21 -3.91382
    endloop
  endfacet
  facet normal 0.278441 -0.141876 0.949917
    outer loop
      vertex 94.0224 -23.982 37.237
      vertex 92.0414 -23.3384 37.9138
      vertex 93.571 -24.8679 37.237
    endloop
  endfacet
  facet normal 0.368848 -0.723893 0.583035
    outer loop
      vertex 93.1983 -28.4 34.6668
      vertex 92.7546 -28.4 34.9475
      vertex 92.9274 -28.9318 34.1779
    endloop
  endfacet
  facet normal 0.368883 -0.723892 0.583014
    outer loop
      vertex 93.1983 -28.4 34.6668
      vertex 92.9274 -28.9318 34.1779
      vertex 93.971 -28.4 34.1779
    endloop
  endfacet
  facet normal 0.0488758 -0.308656 0.949917
    outer loop
      vertex 91.3384 -24.0414 37.9138
      vertex 91 -26.1779 37.237
      vertex 91.982 -26.0224 37.237
    endloop
  endfacet
  facet normal 0.220974 -0.220974 0.949916
    outer loop
      vertex 91.8859 -23.6436 37.9138
      vertex 92.8679 -25.571 37.237
      vertex 93.571 -24.8679 37.237
    endloop
  endfacet
  facet normal 0.220974 -0.220974 0.949916
    outer loop
      vertex 92.8679 -25.571 37.237
      vertex 91.8859 -23.6436 37.9138
      vertex 91.6436 -23.8859 37.9138
    endloop
  endfacet
  facet normal -0.278436 -0.141864 -0.94992
    outer loop
      vertex 72.1141 -23.6436 -3.91382
      vertex 70.429 -24.8679 -3.23705
      vertex 71.9586 -23.3384 -3.91382
    endloop
  endfacet
  facet normal 0.527998 -0.268942 -0.805536
    outer loop
      vertex 93.571 -24.8679 -3.23705
      vertex 94.6609 -25.2353 -2.4
      vertex 94.5031 -25.5451 -2.4
    endloop
  endfacet
  facet normal 0.527967 -0.26902 -0.80553
    outer loop
      vertex 94.6609 -25.2353 -2.4
      vertex 93.571 -24.8679 -3.23705
      vertex 94.0224 -23.982 -3.23705
    endloop
  endfacet
  facet normal 0.587785 0 -0.809017
    outer loop
      vertex 94.1779 -23 -3.23705
      vertex 95.33 -22.4 -2.4
      vertex 95.33 -23 -2.4
    endloop
  endfacet
  facet normal 0.587785 0 -0.809017
    outer loop
      vertex 95.33 -22.4 -2.4
      vertex 94.1779 -23 -3.23705
      vertex 95.33 20.4 -2.4
    endloop
  endfacet
  facet normal 0.587785 0 -0.809017
    outer loop
      vertex 94.1779 21 -3.23705
      vertex 95.33 20.4 -2.4
      vertex 94.1779 -23 -3.23705
    endloop
  endfacet
  facet normal 0.587785 0 -0.809017
    outer loop
      vertex 95.33 20.4 -2.4
      vertex 94.1779 21 -3.23705
      vertex 95.33 21 -2.4
    endloop
  endfacet
  facet normal 0.141864 -0.278436 -0.94992
    outer loop
      vertex 92.8679 -25.571 -3.23705
      vertex 91.3384 -24.0414 -3.91382
      vertex 91.6436 -23.8859 -3.91382
    endloop
  endfacet
  facet normal 0.269034 -0.527948 -0.805538
    outer loop
      vertex 92.3381 -27.1181 -2.4
      vertex 91.982 -26.0224 -3.23705
      vertex 93.2353 -26.6609 -2.4
    endloop
  endfacet
  facet normal 0.432273 -0.848391 -0.305569
    outer loop
      vertex 93.1365 -29.5754 1.90496
      vertex 94.9233 -28.4 1.16924
      vertex 95.0638 -28.5934 1.90496
    endloop
  endfacet
  facet normal 0.432276 -0.848392 -0.305563
    outer loop
      vertex 94.9233 -28.4 1.16924
      vertex 93.1365 -29.5754 1.90496
      vertex 94.3119 -28.4 0.3043
    endloop
  endfacet
  facet normal -0.368891 -0.723876 -0.58303
    outer loop
      vertex 71.0726 -28.9318 -0.177933
      vertex 70.8017 -28.4 -0.666801
      vertex 71.2454 -28.4 -0.947536
    endloop
  endfacet
  facet normal -0.127069 -0.802466 -0.58301
    outer loop
      vertex 72.1163 -28.4 -1.13739
      vertex 73 -29.237 -0.177933
      vertex 71.0726 -28.9318 -0.177933
    endloop
  endfacet
  facet normal -0.127089 -0.802473 -0.582997
    outer loop
      vertex 73 -29.237 -0.177933
      vertex 72.1163 -28.4 -1.13739
      vertex 73 -28.4 -1.33003
    endloop
  endfacet
  facet normal -0.802445 -0.1271 -0.583033
    outer loop
      vertex 67.6 -24.7546 -0.947535
      vertex 67.0682 -24.9274 -0.177933
      vertex 67.6 -23.8837 -1.13739
    endloop
  endfacet
  facet normal -0.432273 -0.848391 -0.305569
    outer loop
      vertex 69.0767 -28.4 1.16924
      vertex 70.8635 -29.5754 1.90496
      vertex 68.9362 -28.5934 1.90496
    endloop
  endfacet
  facet normal -0.432276 -0.848392 -0.305563
    outer loop
      vertex 70.8635 -29.5754 1.90496
      vertex 69.0767 -28.4 1.16924
      vertex 69.6881 -28.4 0.3043
    endloop
  endfacet
  facet normal -0.278436 0.141864 -0.94992
    outer loop
      vertex 71.9586 21.3384 -3.91382
      vertex 70.429 22.8679 -3.23705
      vertex 72.1141 21.6436 -3.91382
    endloop
  endfacet
  facet normal -0.148918 -0.940448 0.305581
    outer loop
      vertex 73 -29.237 34.1779
      vertex 71.0726 -28.9318 34.1779
      vertex 73 -29.9138 32.095
    endloop
  endfacet
  facet normal -0.127131 -0.802438 0.583036
    outer loop
      vertex 71.2454 -28.4 34.9475
      vertex 71.0726 -28.9318 34.1779
      vertex 72.1163 -28.4 35.1374
    endloop
  endfacet
  facet normal -0.1271 0.802446 -0.583032
    outer loop
      vertex 71.2454 26.4 -0.947536
      vertex 71.0726 26.9318 -0.177933
      vertex 72.1163 26.4 -1.13739
    endloop
  endfacet
  facet normal -0.368891 0.723876 -0.58303
    outer loop
      vertex 71.2454 26.4 -0.947536
      vertex 70.8017 26.4 -0.666801
      vertex 71.0726 26.9318 -0.177933
    endloop
  endfacet
  facet normal -0.585259 -0.0926787 -0.805533
    outer loop
      vertex 68.8819 -24.3381 -2.4
      vertex 68.7244 -23.3435 -2.4
      vertex 69.9776 -23.982 -3.23705
    endloop
  endfacet
  facet normal -0.940453 -0.148958 -0.305548
    outer loop
      vertex 66.4246 -25.1365 1.90496
      vertex 66.0862 -23 1.90496
      vertex 67.0682 -24.9274 -0.177933
    endloop
  endfacet
  facet normal -0.809033 0 -0.587763
    outer loop
      vertex 66.763 -23 -0.177933
      vertex 67.6 0.260688 -1.33003
      vertex 67.6 -23 -1.33003
    endloop
  endfacet
  facet normal -0.809264 2.40459e-05 -0.587446
    outer loop
      vertex 67.6 0.260688 -1.33003
      vertex 66.763 -23 -0.177933
      vertex 67.5674 0.26852 -1.28512
    endloop
  endfacet
  facet normal -0.808962 -6.11291e-06 -0.587861
    outer loop
      vertex 67.5674 0.26852 -1.28512
      vertex 66.763 -23 -0.177933
      vertex 67.3644 0.352591 -1.00577
    endloop
  endfacet
  facet normal -0.809037 -5.19778e-07 -0.587757
    outer loop
      vertex 67.3644 0.352591 -1.00577
      vertex 66.763 -23 -0.177933
      vertex 67.1771 0.467376 -0.747955
    endloop
  endfacet
  facet normal -0.808936 -5.72078e-06 -0.587897
    outer loop
      vertex 67.1771 0.467376 -0.747955
      vertex 66.763 -23 -0.177933
      vertex 67.01 0.61005 -0.51803
    endloop
  endfacet
  facet normal -0.809163 1.17115e-06 -0.587584
    outer loop
      vertex 67.01 0.61005 -0.51803
      vertex 66.763 -23 -0.177933
      vertex 66.8674 0.777101 -0.321655
    endloop
  endfacet
  facet normal -0.809071 0 -0.587711
    outer loop
      vertex 66.8674 0.777101 -0.321655
      vertex 66.763 -23 -0.177933
      vertex 66.763 0.947499 -0.177933
    endloop
  endfacet
  facet normal -0.809008 3.66866e-05 -0.587798
    outer loop
      vertex 67.6 21 -1.33003
      vertex 67.5211 19.9915 -1.2215
      vertex 67.0721 21 -0.603462
    endloop
  endfacet
  facet normal -0.808846 0 -0.588021
    outer loop
      vertex 67.5211 19.9915 -1.2215
      vertex 67.6 21 -1.33003
      vertex 67.6 19.7294 -1.33003
    endloop
  endfacet
  facet normal -0.808846 0 -0.588021
    outer loop
      vertex 67.6 2.93931 -1.33003
      vertex 67.5211 6.00855 -1.2215
      vertex 67.6 6.27055 -1.33003
    endloop
  endfacet
  facet normal -0.809041 -1.45301e-05 -0.587752
    outer loop
      vertex 67.6 2.93931 -1.33003
      vertex 66.763 4.3056 -0.177933
      vertex 67.5211 6.00855 -1.2215
    endloop
  endfacet
  facet normal -0.809236 -0.000359975 -0.587484
    outer loop
      vertex 67.5674 2.93148 -1.28512
      vertex 66.763 4.3056 -0.177933
      vertex 67.6 2.93931 -1.33003
    endloop
  endfacet
  facet normal -0.808974 8.45048e-05 -0.587845
    outer loop
      vertex 67.3644 2.84741 -1.00577
      vertex 66.763 4.3056 -0.177933
      vertex 67.5674 2.93148 -1.28512
    endloop
  endfacet
  facet normal -0.809039 6.74945e-06 -0.587755
    outer loop
      vertex 67.1771 2.73262 -0.747955
      vertex 66.763 4.3056 -0.177933
      vertex 67.3644 2.84741 -1.00577
    endloop
  endfacet
  facet normal -0.808955 7.07321e-05 -0.587871
    outer loop
      vertex 67.01 2.58995 -0.51803
      vertex 66.763 4.3056 -0.177933
      vertex 67.1771 2.73262 -0.747955
    endloop
  endfacet
  facet normal -0.809158 -1.39602e-05 -0.587591
    outer loop
      vertex 66.8674 2.4229 -0.321655
      vertex 66.763 4.3056 -0.177933
      vertex 67.01 2.58995 -0.51803
    endloop
  endfacet
  facet normal -0.809071 -0 -0.587711
    outer loop
      vertex 66.763 4.3056 -0.177933
      vertex 66.8674 2.4229 -0.321655
      vertex 66.763 2.2525 -0.177933
    endloop
  endfacet
  facet normal -0.951047 -6.92083e-06 -0.309046
    outer loop
      vertex 66.6918 3.94811 0.0411377
      vertex 66.763 2.2525 -0.177933
      vertex 66.35 2.71652 1.09301
    endloop
  endfacet
  facet normal -0.951031 0 -0.309094
    outer loop
      vertex 66.763 2.2525 -0.177933
      vertex 66.6918 3.94811 0.0411377
      vertex 66.763 4.3056 -0.177933
    endloop
  endfacet
  facet normal -0.951063 0 -0.308997
    outer loop
      vertex 66.35 2.71652 1.09301
      vertex 66.0862 21 1.90496
      vertex 66.35 21 1.09301
    endloop
  endfacet
  facet normal -0.950923 0.00114027 -0.309424
    outer loop
      vertex 66.7526 2.23559 -0.146034
      vertex 66.35 2.71652 1.09301
      vertex 66.763 2.2525 -0.177933
    endloop
  endfacet
  facet normal -0.951044 8.72145e-05 -0.309055
    outer loop
      vertex 66.6685 2.03262 0.112707
      vertex 66.35 2.71652 1.09301
      vertex 66.7526 2.23559 -0.146034
    endloop
  endfacet
  facet normal -0.951051 5.62752e-05 -0.309035
    outer loop
      vertex 66.6172 1.81901 0.270543
      vertex 66.35 2.71652 1.09301
      vertex 66.6685 2.03262 0.112707
    endloop
  endfacet
  facet normal -0.951106 -0.000118023 -0.308863
    outer loop
      vertex 66.6 1.6 0.323592
      vertex 66.35 2.71652 1.09301
      vertex 66.6172 1.81901 0.270543
    endloop
  endfacet
  facet normal -0.950951 0.000245921 -0.309341
    outer loop
      vertex 66.6172 1.38099 0.270543
      vertex 66.35 2.71652 1.09301
      vertex 66.6 1.6 0.323592
    endloop
  endfacet
  facet normal -0.951053 0 -0.309028
    outer loop
      vertex 66.0862 -23 1.90496
      vertex 66.763 0.947499 -0.177933
      vertex 66.763 -23 -0.177933
    endloop
  endfacet
  facet normal -0.95076 -8.66655e-05 -0.309929
    outer loop
      vertex 66.763 0.947499 -0.177933
      vertex 66.0862 -23 1.90496
      vertex 66.7526 0.964413 -0.146034
    endloop
  endfacet
  facet normal -0.951026 -9.14008e-06 -0.30911
    outer loop
      vertex 66.7526 0.964413 -0.146034
      vertex 66.0862 -23 1.90496
      vertex 66.6685 1.16738 0.112707
    endloop
  endfacet
  facet normal -0.951031 -7.85692e-06 -0.309094
    outer loop
      vertex 66.6685 1.16738 0.112707
      vertex 66.0862 -23 1.90496
      vertex 66.6172 1.38099 0.270543
    endloop
  endfacet
  facet normal -0.951063 0 -0.308997
    outer loop
      vertex 66.35 2.71652 1.09301
      vertex 66.0862 -23 1.90496
      vertex 66.0862 21 1.90496
    endloop
  endfacet
  facet normal -0.951068 5.88322e-07 -0.30898
    outer loop
      vertex 66.6172 1.38099 0.270543
      vertex 66.0862 -23 1.90496
      vertex 66.35 2.71652 1.09301
    endloop
  endfacet
  facet normal -0.527843 0.269118 -0.805579
    outer loop
      vertex 69.9776 21.982 -3.23705
      vertex 69.5282 22.2966 -2.83749
      vertex 69.7297 22.4686 -2.91206
    endloop
  endfacet
  facet normal -0.528017 0.268842 -0.805557
    outer loop
      vertex 69.5282 22.2966 -2.83749
      vertex 69.9776 21.982 -3.23705
      vertex 69.3485 22.1864 -2.75648
    endloop
  endfacet
  facet normal -0.527898 0.268961 -0.805595
    outer loop
      vertex 68.8819 22.3381 -2.4
      vertex 69.4153 23.0855 -2.5
      vertex 69.0128 22.2955 -2.5
    endloop
  endfacet
  facet normal -0.528045 0.269084 -0.805458
    outer loop
      vertex 69.4153 23.0855 -2.5
      vertex 68.8819 22.3381 -2.4
      vertex 69.3391 23.2353 -2.4
    endloop
  endfacet
  facet normal -0.308658 0.048889 0.949916
    outer loop
      vertex 71.9586 21.3384 37.9138
      vertex 69.8221 21 37.237
      vertex 71.905 21 37.9138
    endloop
  endfacet
  facet normal -0.585236 0.0926751 0.805549
    outer loop
      vertex 68.8819 22.3381 36.4
      vertex 68.7244 21.3435 36.4
      vertex 69.9776 21.982 37.237
    endloop
  endfacet
  facet normal -0.673287 0.673287 -0.305565
    outer loop
      vertex 69.0767 26.4 1.16924
      vertex 68.7428 26.4 1.90496
      vertex 68.9362 26.5934 1.90496
    endloop
  endfacet
  facet normal -0.8484 0.432278 0.305539
    outer loop
      vertex 66.4246 23.1365 32.095
      vertex 67.6 24.9233 32.8308
      vertex 67.4066 25.0638 32.095
    endloop
  endfacet
  facet normal -0.848396 0.432263 0.305568
    outer loop
      vertex 67.6 24.9233 32.8308
      vertex 66.4246 23.1365 32.095
      vertex 67.6 24.3119 33.6957
    endloop
  endfacet
  facet normal 0.148917 0.940441 0.305604
    outer loop
      vertex 92.9274 26.9318 34.1779
      vertex 91 27.872 32.2238
      vertex 91 27.237 34.1779
    endloop
  endfacet
  facet normal 0.149393 0.940508 0.305167
    outer loop
      vertex 91 27.872 32.2238
      vertex 92.9274 26.9318 34.1779
      vertex 91.0368 27.895 32.1349
    endloop
  endfacet
  facet normal 0.127071 0.802479 0.582993
    outer loop
      vertex 91 27.237 34.1779
      vertex 91.8837 26.4 35.1374
      vertex 92.9274 26.9318 34.1779
    endloop
  endfacet
  facet normal 0.127063 0.802476 0.582998
    outer loop
      vertex 91.8837 26.4 35.1374
      vertex 91 27.237 34.1779
      vertex 91 26.4 35.33
    endloop
  endfacet
  facet normal -0 0.587762 0.809034
    outer loop
      vertex 88 25.33 36.4
      vertex 91 24.1779 37.237
      vertex 91 25.33 36.4
    endloop
  endfacet
  facet normal 0 0.587762 0.809034
    outer loop
      vertex 73 24.1779 37.237
      vertex 88 25.33 36.4
      vertex 73 25.33 36.4
    endloop
  endfacet
  facet normal 0 0.587762 0.809034
    outer loop
      vertex 88 25.33 36.4
      vertex 73 24.1779 37.237
      vertex 91 24.1779 37.237
    endloop
  endfacet
  facet normal 0.308658 0.048889 0.949916
    outer loop
      vertex 94.1779 21 37.237
      vertex 92.0414 21.3384 37.9138
      vertex 92.095 21 37.9138
    endloop
  endfacet
  facet normal 0.278448 0.14187 0.949916
    outer loop
      vertex 93.571 22.8679 37.237
      vertex 91.8859 21.6436 37.9138
      vertex 92.0414 21.3384 37.9138
    endloop
  endfacet
  facet normal -0.278441 -0.141876 0.949917
    outer loop
      vertex 71.9586 -23.3384 37.9138
      vertex 69.9776 -23.982 37.237
      vertex 70.429 -24.8679 37.237
    endloop
  endfacet
  facet normal 0.0488738 0.308644 -0.949921
    outer loop
      vertex 91.3384 22.0414 -3.91382
      vertex 91 24.1779 -3.23705
      vertex 91.982 24.0224 -3.23705
    endloop
  endfacet
  facet normal 0 0.309015 -0.951057
    outer loop
      vertex 73 22.095 -3.91382
      vertex 91 24.1779 -3.23705
      vertex 91 22.095 -3.91382
    endloop
  endfacet
  facet normal 0 0.309015 -0.951057
    outer loop
      vertex 91 24.1779 -3.23705
      vertex 73 22.095 -3.91382
      vertex 73 24.1779 -3.23705
    endloop
  endfacet
  facet normal 0.220966 -0.220966 -0.94992
    outer loop
      vertex 92.8679 -25.571 -3.23705
      vertex 91.8859 -23.6436 -3.91382
      vertex 93.571 -24.8679 -3.23705
    endloop
  endfacet
  facet normal 0.220966 -0.220966 -0.94992
    outer loop
      vertex 91.8859 -23.6436 -3.91382
      vertex 92.8679 -25.571 -3.23705
      vertex 91.6436 -23.8859 -3.91382
    endloop
  endfacet
  facet normal -0.141864 -0.278436 -0.94992
    outer loop
      vertex 72.6616 -24.0414 -3.91382
      vertex 71.1321 -25.571 -3.23705
      vertex 72.3564 -23.8859 -3.91382
    endloop
  endfacet
  facet normal 0.418989 0.418989 -0.805541
    outer loop
      vertex 93.571 22.8679 -3.23705
      vertex 93.5451 24.5031 -2.4
      vertex 94.5031 23.5451 -2.4
    endloop
  endfacet
  facet normal 0.418989 0.418989 -0.805541
    outer loop
      vertex 93.5451 24.5031 -2.4
      vertex 93.571 22.8679 -3.23705
      vertex 92.8679 23.571 -3.23705
    endloop
  endfacet
  facet normal 0.308644 -0.0488738 -0.949921
    outer loop
      vertex 94.0224 -23.982 -3.23705
      vertex 92.0414 -23.3384 -3.91382
      vertex 94.1779 -23 -3.23705
    endloop
  endfacet
  facet normal 0.585255 -0.0926867 -0.805534
    outer loop
      vertex 95.2756 -23.3435 -2.4
      vertex 94.1779 -23 -3.23705
      vertex 95.33 -23 -2.4
    endloop
  endfacet
  facet normal 0.585258 -0.0926758 -0.805534
    outer loop
      vertex 94.1779 -23 -3.23705
      vertex 95.2756 -23.3435 -2.4
      vertex 94.0224 -23.982 -3.23705
    endloop
  endfacet
  facet normal 0.308656 -0.0488758 0.949917
    outer loop
      vertex 94.1779 -23 37.237
      vertex 92.0414 -23.3384 37.9138
      vertex 94.0224 -23.982 37.237
    endloop
  endfacet
  facet normal 0.585233 -0.0926831 0.805551
    outer loop
      vertex 94.1779 -23 37.237
      vertex 95.2756 -23.3435 36.4
      vertex 95.33 -23 36.4
    endloop
  endfacet
  facet normal 0.585235 -0.0926722 0.80555
    outer loop
      vertex 95.2756 -23.3435 36.4
      vertex 94.1779 -23 37.237
      vertex 94.0224 -23.982 37.237
    endloop
  endfacet
  facet normal 0.141876 -0.278441 0.949917
    outer loop
      vertex 92.8679 -25.571 37.237
      vertex 91.3384 -24.0414 37.9138
      vertex 91.982 -26.0224 37.237
    endloop
  endfacet
  facet normal 0.269024 -0.527927 0.805555
    outer loop
      vertex 93.2353 -26.6609 36.4
      vertex 91.982 -26.0224 37.237
      vertex 92.3381 -27.1181 36.4
    endloop
  endfacet
  facet normal 0.0926751 -0.585236 0.805549
    outer loop
      vertex 91.982 -26.0224 37.237
      vertex 91.3435 -27.2756 36.4
      vertex 92.3381 -27.1181 36.4
    endloop
  endfacet
  facet normal 0.278436 -0.141864 -0.94992
    outer loop
      vertex 93.571 -24.8679 -3.23705
      vertex 91.8859 -23.6436 -3.91382
      vertex 92.0414 -23.3384 -3.91382
    endloop
  endfacet
  facet normal 0.1271 -0.802446 -0.583032
    outer loop
      vertex 92.9274 -28.9318 -0.177933
      vertex 91.8837 -28.4 -1.13739
      vertex 92.7546 -28.4 -0.947536
    endloop
  endfacet
  facet normal 0.0926787 -0.585259 -0.805533
    outer loop
      vertex 92.3381 -27.1181 -2.4
      vertex 91.3435 -27.2756 -2.4
      vertex 91.982 -26.0224 -3.23705
    endloop
  endfacet
  facet normal -0.0926787 -0.585259 -0.805533
    outer loop
      vertex 72.6565 -27.2756 -2.4
      vertex 71.6619 -27.1181 -2.4
      vertex 72.018 -26.0224 -3.23705
    endloop
  endfacet
  facet normal -0.269034 -0.527948 -0.805538
    outer loop
      vertex 71.6619 -27.1181 -2.4
      vertex 70.7647 -26.6609 -2.4
      vertex 72.018 -26.0224 -3.23705
    endloop
  endfacet
  facet normal -0.432309 -0.848359 -0.305608
    outer loop
      vertex 71.0726 -28.9318 -0.177933
      vertex 69.6881 -28.4 0.3043
      vertex 70.029 -28.4 -0.177933
    endloop
  endfacet
  facet normal -0.432298 -0.848388 -0.305544
    outer loop
      vertex 69.6881 -28.4 0.3043
      vertex 71.0726 -28.9318 -0.177933
      vertex 70.8635 -29.5754 1.90496
    endloop
  endfacet
  facet normal -0.368874 -0.723876 -0.583039
    outer loop
      vertex 71.0726 -28.9318 -0.177933
      vertex 70.029 -28.4 -0.177933
      vertex 70.8017 -28.4 -0.666801
    endloop
  endfacet
  facet normal -0.148958 -0.940453 0.305547
    outer loop
      vertex 71.0726 -28.9318 34.1779
      vertex 70.8635 -29.5754 32.095
      vertex 73 -29.9138 32.095
    endloop
  endfacet
  facet normal -0.453987 -0.891008 0
    outer loop
      vertex 68.9362 -28.5934 1.90496
      vertex 70.8635 -29.5754 32.095
      vertex 68.9362 -28.5934 32.095
    endloop
  endfacet
  facet normal -0.453987 -0.891008 -0
    outer loop
      vertex 70.8635 -29.5754 32.095
      vertex 68.9362 -28.5934 1.90496
      vertex 70.8635 -29.5754 1.90496
    endloop
  endfacet
  facet normal -0.802473 -0.127089 -0.582997
    outer loop
      vertex 67.6 -23.8837 -1.13739
      vertex 66.763 -23 -0.177933
      vertex 67.6 -23 -1.33003
    endloop
  endfacet
  facet normal -0.802466 -0.127069 -0.58301
    outer loop
      vertex 66.763 -23 -0.177933
      vertex 67.6 -23.8837 -1.13739
      vertex 67.0682 -24.9274 -0.177933
    endloop
  endfacet
  facet normal -0.940448 -0.148918 -0.305582
    outer loop
      vertex 67.0682 -24.9274 -0.177933
      vertex 66.0862 -23 1.90496
      vertex 66.763 -23 -0.177933
    endloop
  endfacet
  facet normal 0.141864 0.278436 -0.94992
    outer loop
      vertex 91.6436 21.8859 -3.91382
      vertex 91.3384 22.0414 -3.91382
      vertex 92.8679 23.571 -3.23705
    endloop
  endfacet
  facet normal -0.309027 0 0.951053
    outer loop
      vertex 69.8221 21 37.237
      vertex 71.905 -23 37.9138
      vertex 71.905 21 37.9138
    endloop
  endfacet
  facet normal -0.309027 0 0.951053
    outer loop
      vertex 71.905 -23 37.9138
      vertex 69.8221 21 37.237
      vertex 69.8221 -23 37.237
    endloop
  endfacet
  facet normal -0.587762 0 0.809034
    outer loop
      vertex 68.67 21 36.4
      vertex 69.8221 -23 37.237
      vertex 69.8221 21 37.237
    endloop
  endfacet
  facet normal -0.587762 0 0.809034
    outer loop
      vertex 69.8221 -23 37.237
      vertex 68.67 21 36.4
      vertex 68.67 -23 36.4
    endloop
  endfacet
  facet normal -0.432278 -0.8484 0.305539
    outer loop
      vertex 70.8635 -29.5754 32.095
      vertex 69.0767 -28.4 32.8308
      vertex 68.9362 -28.5934 32.095
    endloop
  endfacet
  facet normal -0.432263 -0.848396 0.305568
    outer loop
      vertex 69.0767 -28.4 32.8308
      vertex 70.8635 -29.5754 32.095
      vertex 69.6881 -28.4 33.6957
    endloop
  endfacet
  facet normal -0.368883 -0.723892 0.583014
    outer loop
      vertex 70.8017 -28.4 34.6668
      vertex 70.029 -28.4 34.1779
      vertex 71.0726 -28.9318 34.1779
    endloop
  endfacet
  facet normal -0.15641 0.987692 0
    outer loop
      vertex 73 27.9138 1.90496
      vertex 71.3108 27.6463 7.74114
      vertex 73 27.9138 8.85556
    endloop
  endfacet
  facet normal -0.156538 0.987672 -3.79922e-05
    outer loop
      vertex 73 27.9138 1.90496
      vertex 70.8635 27.5754 7.57012
      vertex 71.3108 27.6463 7.74114
    endloop
  endfacet
  facet normal -0.15644 0.987688 0
    outer loop
      vertex 70.8635 27.5754 7.57012
      vertex 73 27.9138 1.90496
      vertex 70.8635 27.5754 1.90496
    endloop
  endfacet
  facet normal -0.15644 0.987688 0
    outer loop
      vertex 73 27.9138 32.095
      vertex 70.8635 27.5754 17.4299
      vertex 70.8635 27.5754 32.095
    endloop
  endfacet
  facet normal -0.156546 0.987671 1.59068e-05
    outer loop
      vertex 73 27.9138 32.095
      vertex 71.3108 27.6463 17.2589
      vertex 70.8635 27.5754 17.4299
    endloop
  endfacet
  facet normal -0.15641 0.987692 0
    outer loop
      vertex 71.3108 27.6463 17.2589
      vertex 73 27.9138 32.095
      vertex 73 27.9138 16.1444
    endloop
  endfacet
  facet normal -0.940457 0.148942 -0.305544
    outer loop
      vertex 66.35 21.5178 1.3454
      vertex 66.0862 21 1.90496
      vertex 66.35 22.6657 1.90496
    endloop
  endfacet
  facet normal -0.940447 0.148932 -0.305579
    outer loop
      vertex 66.8136 22.4277 0.362079
      vertex 66.7414 23.0335 0.879534
      vertex 67.0682 22.9274 -0.177933
    endloop
  endfacet
  facet normal -0.308645 0.0488871 -0.94992
    outer loop
      vertex 71.905 21 -3.91382
      vertex 69.8221 21 -3.23705
      vertex 71.9586 21.3384 -3.91382
    endloop
  endfacet
  facet normal -0.585258 -0.0926758 -0.805534
    outer loop
      vertex 68.7244 -23.3435 -2.4
      vertex 69.8221 -23 -3.23705
      vertex 69.9776 -23.982 -3.23705
    endloop
  endfacet
  facet normal -0.585255 -0.0926867 -0.805534
    outer loop
      vertex 69.8221 -23 -3.23705
      vertex 68.7244 -23.3435 -2.4
      vertex 68.67 -23 -2.4
    endloop
  endfacet
  facet normal -0.52785 0.269106 -0.805578
    outer loop
      vertex 70.429 22.8679 -3.23705
      vertex 70.1034 22.8718 -3.0224
      vertex 70.2021 23.0328 -3.03329
    endloop
  endfacet
  facet normal -0.527987 0.26903 -0.805514
    outer loop
      vertex 69.8385 22.5615 -2.95233
      vertex 70.429 22.8679 -3.23705
      vertex 69.9776 21.982 -3.23705
    endloop
  endfacet
  facet normal -0.527909 0.268741 -0.805661
    outer loop
      vertex 70.429 22.8679 -3.23705
      vertex 69.8385 22.5615 -2.95233
      vertex 70.1034 22.8718 -3.0224
    endloop
  endfacet
  facet normal -0.527906 0.269069 -0.805554
    outer loop
      vertex 69.8385 22.5615 -2.95233
      vertex 69.9776 21.982 -3.23705
      vertex 69.7297 22.4686 -2.91206
    endloop
  endfacet
  facet normal -0.528023 0.269101 -0.805467
    outer loop
      vertex 69.3391 23.2353 -2.4
      vertex 69.6083 23.4642 -2.5
      vertex 69.4153 23.0855 -2.5
    endloop
  endfacet
  facet normal -0.527901 0.268892 -0.805616
    outer loop
      vertex 69.6083 23.4642 -2.5
      vertex 69.3391 23.2353 -2.4
      vertex 69.4969 23.5451 -2.4
    endloop
  endfacet
  facet normal -0.308644 -0.0488738 -0.949921
    outer loop
      vertex 69.9776 -23.982 -3.23705
      vertex 69.8221 -23 -3.23705
      vertex 71.9586 -23.3384 -3.91382
    endloop
  endfacet
  facet normal -0.27843 -0.141871 -0.949921
    outer loop
      vertex 70.429 -24.8679 -3.23705
      vertex 69.9776 -23.982 -3.23705
      vertex 71.9586 -23.3384 -3.91382
    endloop
  endfacet
  facet normal 0.220966 0.220966 -0.94992
    outer loop
      vertex 91.8859 21.6436 -3.91382
      vertex 92.8679 23.571 -3.23705
      vertex 93.571 22.8679 -3.23705
    endloop
  endfacet
  facet normal 0.220966 0.220966 -0.94992
    outer loop
      vertex 92.8679 23.571 -3.23705
      vertex 91.8859 21.6436 -3.91382
      vertex 91.6436 21.8859 -3.91382
    endloop
  endfacet
  facet normal -0.940456 0.148934 -0.305551
    outer loop
      vertex 66.35 21 1.09301
      vertex 66.0862 21 1.90496
      vertex 66.35 21.5178 1.3454
    endloop
  endfacet
  facet normal -0.940442 0.14889 -0.305616
    outer loop
      vertex 67.0682 22.9274 -0.177933
      vertex 66.8584 22.0519 0.0411377
      vertex 66.8136 22.4277 0.362079
    endloop
  endfacet
  facet normal -0.940513 0.148972 -0.305357
    outer loop
      vertex 66.8584 22.0519 0.0411377
      vertex 67.0682 22.9274 -0.177933
      vertex 66.8729 21.6944 -0.177933
    endloop
  endfacet
  facet normal -0.849614 0.430496 -0.30468
    outer loop
      vertex 66.8665 23.5785 1.3031
      vertex 66.8477 23.5596 1.32882
      vertex 66.8552 23.597 1.36075
    endloop
  endfacet
  facet normal -0.940448 -0.148918 0.305581
    outer loop
      vertex 66.763 -23 34.1779
      vertex 66.0862 -23 32.095
      vertex 67.0682 -24.9274 34.1779
    endloop
  endfacet
  facet normal -0.940453 -0.148958 0.305547
    outer loop
      vertex 67.0682 -24.9274 34.1779
      vertex 66.0862 -23 32.095
      vertex 66.4246 -25.1365 32.095
    endloop
  endfacet
  facet normal 0.453987 0.891008 -0
    outer loop
      vertex 95.0638 26.5934 1.90496
      vertex 93.1365 27.5754 32.095
      vertex 95.0638 26.5934 32.095
    endloop
  endfacet
  facet normal 0.453987 0.891008 0
    outer loop
      vertex 93.1365 27.5754 32.095
      vertex 95.0638 26.5934 1.90496
      vertex 93.1365 27.5754 1.90496
    endloop
  endfacet
  facet normal 0.269024 0.527927 0.805555
    outer loop
      vertex 92.3381 25.1181 36.4
      vertex 91.982 24.0224 37.237
      vertex 93.2353 24.6609 36.4
    endloop
  endfacet
  facet normal 0.0926831 0.585233 0.805551
    outer loop
      vertex 91 24.1779 37.237
      vertex 91.3435 25.2756 36.4
      vertex 91 25.33 36.4
    endloop
  endfacet
  facet normal 0.0926722 0.585235 0.80555
    outer loop
      vertex 91.3435 25.2756 36.4
      vertex 91 24.1779 37.237
      vertex 91.982 24.0224 37.237
    endloop
  endfacet
  facet normal 0.14187 0.278448 0.949916
    outer loop
      vertex 92.8679 23.571 37.237
      vertex 91.3384 22.0414 37.9138
      vertex 91.6436 21.8859 37.9138
    endloop
  endfacet
  facet normal 0 0 1
    outer loop
      vertex 91 22.095 37.9138
      vertex 92.095 21 37.9138
      vertex 92.0414 21.3384 37.9138
    endloop
  endfacet
  facet normal 0 0 1
    outer loop
      vertex 92.095 21 37.9138
      vertex 81.5557 -7.43684 37.9138
      vertex 92.095 -23 37.9138
    endloop
  endfacet
  facet normal 0 0 1
    outer loop
      vertex 91 22.095 37.9138
      vertex 92.0414 21.3384 37.9138
      vertex 91.8859 21.6436 37.9138
    endloop
  endfacet
  facet normal -0 -0 1
    outer loop
      vertex 81.6 -8 37.9138
      vertex 92.095 -23 37.9138
      vertex 81.5557 -7.43684 37.9138
    endloop
  endfacet
  facet normal 0 0 1
    outer loop
      vertex 91 22.095 37.9138
      vertex 91.8859 21.6436 37.9138
      vertex 91.6436 21.8859 37.9138
    endloop
  endfacet
  facet normal -0 0 1
    outer loop
      vertex 81.5557 -8.56316 37.9138
      vertex 92.095 -23 37.9138
      vertex 81.6 -8 37.9138
    endloop
  endfacet
  facet normal 0 0 1
    outer loop
      vertex 91 22.095 37.9138
      vertex 91.6436 21.8859 37.9138
      vertex 91.3384 22.0414 37.9138
    endloop
  endfacet
  facet normal -0 0 1
    outer loop
      vertex 81.4238 -9.11246 37.9138
      vertex 92.095 -23 37.9138
      vertex 81.5557 -8.56316 37.9138
    endloop
  endfacet
  facet normal 0 0 1
    outer loop
      vertex 71.905 21 37.9138
      vertex 92.095 21 37.9138
      vertex 91 22.095 37.9138
    endloop
  endfacet
  facet normal -0 0 1
    outer loop
      vertex 81.2076 -9.63437 37.9138
      vertex 92.095 -23 37.9138
      vertex 81.4238 -9.11246 37.9138
    endloop
  endfacet
  facet normal -0 0 1
    outer loop
      vertex 80.9125 -10.116 37.9138
      vertex 92.095 -23 37.9138
      vertex 81.2076 -9.63437 37.9138
    endloop
  endfacet
  facet normal -0 0 1
    outer loop
      vertex 80.5456 -10.5456 37.9138
      vertex 92.095 -23 37.9138
      vertex 80.9125 -10.116 37.9138
    endloop
  endfacet
  facet normal 0 0 1
    outer loop
      vertex 92.095 21 37.9138
      vertex 81.4238 -6.88754 37.9138
      vertex 81.5557 -7.43684 37.9138
    endloop
  endfacet
  facet normal 0 0 1
    outer loop
      vertex 92.095 21 37.9138
      vertex 81.2076 -6.36563 37.9138
      vertex 81.4238 -6.88754 37.9138
    endloop
  endfacet
  facet normal 0 0 1
    outer loop
      vertex 92.095 21 37.9138
      vertex 80.9125 -5.88397 37.9138
      vertex 81.2076 -6.36563 37.9138
    endloop
  endfacet
  facet normal 0 0 1
    outer loop
      vertex 92.095 21 37.9138
      vertex 80.5456 -5.45442 37.9138
      vertex 80.9125 -5.88397 37.9138
    endloop
  endfacet
  facet normal 0 0 1
    outer loop
      vertex 92.095 21 37.9138
      vertex 80.116 -5.08754 37.9138
      vertex 80.5456 -5.45442 37.9138
    endloop
  endfacet
  facet normal 0 0 1
    outer loop
      vertex 92.095 21 37.9138
      vertex 79.6344 -4.79238 37.9138
      vertex 80.116 -5.08754 37.9138
    endloop
  endfacet
  facet normal 0 0 1
    outer loop
      vertex 92.095 21 37.9138
      vertex 79.1125 -4.5762 37.9138
      vertex 79.6344 -4.79238 37.9138
    endloop
  endfacet
  facet normal 0 0 1
    outer loop
      vertex 92.095 21 37.9138
      vertex 78.5632 -4.44432 37.9138
      vertex 79.1125 -4.5762 37.9138
    endloop
  endfacet
  facet normal 0 0 1
    outer loop
      vertex 92.095 21 37.9138
      vertex 71.905 21 37.9138
      vertex 78.5632 -4.44432 37.9138
    endloop
  endfacet
  facet normal 0 0 1
    outer loop
      vertex 78.5632 -4.44432 37.9138
      vertex 71.905 21 37.9138
      vertex 78 -4.4 37.9138
    endloop
  endfacet
  facet normal 0 0 1
    outer loop
      vertex 78 -4.4 37.9138
      vertex 71.905 21 37.9138
      vertex 77.4368 -4.44432 37.9138
    endloop
  endfacet
  facet normal 0 0 1
    outer loop
      vertex 77.4368 -4.44432 37.9138
      vertex 71.905 21 37.9138
      vertex 76.8875 -4.5762 37.9138
    endloop
  endfacet
  facet normal 0 0 1
    outer loop
      vertex 76.8875 -4.5762 37.9138
      vertex 71.905 21 37.9138
      vertex 76.3656 -4.79238 37.9138
    endloop
  endfacet
  facet normal 0 0 1
    outer loop
      vertex 76.3656 -4.79238 37.9138
      vertex 71.905 21 37.9138
      vertex 75.884 -5.08754 37.9138
    endloop
  endfacet
  facet normal 0 0 1
    outer loop
      vertex 75.884 -5.08754 37.9138
      vertex 71.905 21 37.9138
      vertex 75.4544 -5.45442 37.9138
    endloop
  endfacet
  facet normal 0 0 1
    outer loop
      vertex 75.4544 -5.45442 37.9138
      vertex 71.905 21 37.9138
      vertex 75.0875 -5.88397 37.9138
    endloop
  endfacet
  facet normal 0 0 1
    outer loop
      vertex 74.5762 -6.88754 37.9138
      vertex 71.905 21 37.9138
      vertex 74.4443 -7.43684 37.9138
    endloop
  endfacet
  facet normal 0 0 1
    outer loop
      vertex 74.7924 -6.36563 37.9138
      vertex 71.905 21 37.9138
      vertex 74.5762 -6.88754 37.9138
    endloop
  endfacet
  facet normal 0 0 1
    outer loop
      vertex 75.0875 -5.88397 37.9138
      vertex 71.905 21 37.9138
      vertex 74.7924 -6.36563 37.9138
    endloop
  endfacet
  facet normal 0 0 1
    outer loop
      vertex 71.905 21 37.9138
      vertex 91 22.095 37.9138
      vertex 73 22.095 37.9138
    endloop
  endfacet
  facet normal -0 0 1
    outer loop
      vertex 80.116 -10.9125 37.9138
      vertex 92.095 -23 37.9138
      vertex 80.5456 -10.5456 37.9138
    endloop
  endfacet
  facet normal 0 0 1
    outer loop
      vertex 92.0414 -23.3384 37.9138
      vertex 91 -24.095 37.9138
      vertex 91.8859 -23.6436 37.9138
    endloop
  endfacet
  facet normal 0 0 1
    outer loop
      vertex 91.6436 -23.8859 37.9138
      vertex 91 -24.095 37.9138
      vertex 91.3384 -24.0414 37.9138
    endloop
  endfacet
  facet normal 0 0 1
    outer loop
      vertex 91.8859 -23.6436 37.9138
      vertex 91 -24.095 37.9138
      vertex 91.6436 -23.8859 37.9138
    endloop
  endfacet
  facet normal 0 0 1
    outer loop
      vertex 92.095 -23 37.9138
      vertex 91 -24.095 37.9138
      vertex 92.0414 -23.3384 37.9138
    endloop
  endfacet
  facet normal 0 0 1
    outer loop
      vertex 92.095 -23 37.9138
      vertex 80.116 -10.9125 37.9138
      vertex 91 -24.095 37.9138
    endloop
  endfacet
  facet normal -0 0 1
    outer loop
      vertex 79.6344 -11.2076 37.9138
      vertex 91 -24.095 37.9138
      vertex 80.116 -10.9125 37.9138
    endloop
  endfacet
  facet normal -0 0 1
    outer loop
      vertex 79.1125 -11.4238 37.9138
      vertex 91 -24.095 37.9138
      vertex 79.6344 -11.2076 37.9138
    endloop
  endfacet
  facet normal 0 0 1
    outer loop
      vertex 73 -24.095 37.9138
      vertex 79.1125 -11.4238 37.9138
      vertex 78.5632 -11.5557 37.9138
    endloop
  endfacet
  facet normal 0 0 1
    outer loop
      vertex 73 -24.095 37.9138
      vertex 78.5632 -11.5557 37.9138
      vertex 78 -11.6 37.9138
    endloop
  endfacet
  facet normal 0 0 1
    outer loop
      vertex 71.905 -23 37.9138
      vertex 78 -11.6 37.9138
      vertex 77.4368 -11.5557 37.9138
    endloop
  endfacet
  facet normal 0 0 1
    outer loop
      vertex 71.905 -23 37.9138
      vertex 77.4368 -11.5557 37.9138
      vertex 76.8875 -11.4238 37.9138
    endloop
  endfacet
  facet normal 0 0 1
    outer loop
      vertex 71.905 -23 37.9138
      vertex 76.8875 -11.4238 37.9138
      vertex 76.3656 -11.2076 37.9138
    endloop
  endfacet
  facet normal 0 0 1
    outer loop
      vertex 71.905 -23 37.9138
      vertex 76.3656 -11.2076 37.9138
      vertex 75.884 -10.9125 37.9138
    endloop
  endfacet
  facet normal 0 0 1
    outer loop
      vertex 71.905 -23 37.9138
      vertex 75.884 -10.9125 37.9138
      vertex 75.4544 -10.5456 37.9138
    endloop
  endfacet
  facet normal 0 0 1
    outer loop
      vertex 79.1125 -11.4238 37.9138
      vertex 73 -24.095 37.9138
      vertex 91 -24.095 37.9138
    endloop
  endfacet
  facet normal 0 0 1
    outer loop
      vertex 71.905 -23 37.9138
      vertex 75.4544 -10.5456 37.9138
      vertex 75.0875 -10.116 37.9138
    endloop
  endfacet
  facet normal 0 0 1
    outer loop
      vertex 71.905 -23 37.9138
      vertex 75.0875 -10.116 37.9138
      vertex 74.7924 -9.63437 37.9138
    endloop
  endfacet
  facet normal 0 0 1
    outer loop
      vertex 71.905 -23 37.9138
      vertex 74.7924 -9.63437 37.9138
      vertex 74.5762 -9.11246 37.9138
    endloop
  endfacet
  facet normal 0 0 1
    outer loop
      vertex 71.905 -23 37.9138
      vertex 74.5762 -9.11246 37.9138
      vertex 74.4443 -8.56316 37.9138
    endloop
  endfacet
  facet normal 0 0 1
    outer loop
      vertex 71.905 -23 37.9138
      vertex 74.4443 -8.56316 37.9138
      vertex 74.4 -8 37.9138
    endloop
  endfacet
  facet normal 0 0 1
    outer loop
      vertex 74.4443 -7.43684 37.9138
      vertex 71.905 21 37.9138
      vertex 74.4 -8 37.9138
    endloop
  endfacet
  facet normal 0 0 1
    outer loop
      vertex 71.905 21 37.9138
      vertex 73 22.095 37.9138
      vertex 72.6616 22.0414 37.9138
    endloop
  endfacet
  facet normal 0 0 1
    outer loop
      vertex 71.905 -23 37.9138
      vertex 74.4 -8 37.9138
      vertex 71.905 21 37.9138
    endloop
  endfacet
  facet normal 0 0 1
    outer loop
      vertex 71.905 21 37.9138
      vertex 72.6616 22.0414 37.9138
      vertex 72.3564 21.8859 37.9138
    endloop
  endfacet
  facet normal 0 0 1
    outer loop
      vertex 78 -11.6 37.9138
      vertex 71.905 -23 37.9138
      vertex 73 -24.095 37.9138
    endloop
  endfacet
  facet normal 0 0 1
    outer loop
      vertex 71.905 21 37.9138
      vertex 72.3564 21.8859 37.9138
      vertex 72.1141 21.6436 37.9138
    endloop
  endfacet
  facet normal 0 0 1
    outer loop
      vertex 73 -24.095 37.9138
      vertex 71.905 -23 37.9138
      vertex 72.6616 -24.0414 37.9138
    endloop
  endfacet
  facet normal 0 0 1
    outer loop
      vertex 71.905 21 37.9138
      vertex 72.1141 21.6436 37.9138
      vertex 71.9586 21.3384 37.9138
    endloop
  endfacet
  facet normal 0 0 1
    outer loop
      vertex 72.6616 -24.0414 37.9138
      vertex 71.905 -23 37.9138
      vertex 72.3564 -23.8859 37.9138
    endloop
  endfacet
  facet normal 0 0 1
    outer loop
      vertex 72.3564 -23.8859 37.9138
      vertex 71.905 -23 37.9138
      vertex 72.1141 -23.6436 37.9138
    endloop
  endfacet
  facet normal 0 0 1
    outer loop
      vertex 72.1141 -23.6436 37.9138
      vertex 71.905 -23 37.9138
      vertex 71.9586 -23.3384 37.9138
    endloop
  endfacet
  facet normal 0.0926758 0.585258 -0.805534
    outer loop
      vertex 91 24.1779 -3.23705
      vertex 91.3435 25.2756 -2.4
      vertex 91.982 24.0224 -3.23705
    endloop
  endfacet
  facet normal 0.0926867 0.585255 -0.805534
    outer loop
      vertex 91.3435 25.2756 -2.4
      vertex 91 24.1779 -3.23705
      vertex 91 25.33 -2.4
    endloop
  endfacet
  facet normal 0.418972 -0.418972 0.805558
    outer loop
      vertex 93.571 -24.8679 37.237
      vertex 93.5451 -26.5031 36.4
      vertex 94.5031 -25.5451 36.4
    endloop
  endfacet
  facet normal 0.418972 -0.418972 0.805558
    outer loop
      vertex 93.5451 -26.5031 36.4
      vertex 93.571 -24.8679 37.237
      vertex 92.8679 -25.571 37.237
    endloop
  endfacet
  facet normal 0.527947 -0.269009 0.805547
    outer loop
      vertex 93.571 -24.8679 37.237
      vertex 94.6609 -25.2353 36.4
      vertex 94.0224 -23.982 37.237
    endloop
  endfacet
  facet normal 0.527978 -0.268931 0.805553
    outer loop
      vertex 94.6609 -25.2353 36.4
      vertex 93.571 -24.8679 37.237
      vertex 94.5031 -25.5451 36.4
    endloop
  endfacet
  facet normal -0.26902 -0.527967 -0.80553
    outer loop
      vertex 70.7647 -26.6609 -2.4
      vertex 71.1321 -25.571 -3.23705
      vertex 72.018 -26.0224 -3.23705
    endloop
  endfacet
  facet normal -0.268942 -0.527998 -0.805536
    outer loop
      vertex 71.1321 -25.571 -3.23705
      vertex 70.7647 -26.6609 -2.4
      vertex 70.4549 -26.5031 -2.4
    endloop
  endfacet
  facet normal -0.15644 -0.987688 0
    outer loop
      vertex 70.8635 -29.5754 1.90496
      vertex 73 -29.9138 32.095
      vertex 70.8635 -29.5754 32.095
    endloop
  endfacet
  facet normal -0.15644 -0.987688 -0
    outer loop
      vertex 73 -29.9138 32.095
      vertex 70.8635 -29.5754 1.90496
      vertex 73 -29.9138 1.90496
    endloop
  endfacet
  facet normal -0.848392 -0.432276 -0.305563
    outer loop
      vertex 67.6 -26.9233 1.16924
      vertex 66.4246 -25.1365 1.90496
      vertex 67.6 -26.3119 0.304301
    endloop
  endfacet
  facet normal -0.848391 -0.432273 -0.305569
    outer loop
      vertex 66.4246 -25.1365 1.90496
      vertex 67.6 -26.9233 1.16924
      vertex 67.4066 -27.0638 1.90496
    endloop
  endfacet
  facet normal -0.848359 -0.432309 -0.305607
    outer loop
      vertex 67.6 -26.3119 0.304301
      vertex 67.0682 -24.9274 -0.177933
      vertex 67.6 -25.971 -0.177933
    endloop
  endfacet
  facet normal -0.848388 -0.432298 -0.305544
    outer loop
      vertex 67.0682 -24.9274 -0.177933
      vertex 67.6 -26.3119 0.304301
      vertex 66.4246 -25.1365 1.90496
    endloop
  endfacet
  facet normal -0.368848 -0.723893 0.583035
    outer loop
      vertex 71.2454 -28.4 34.9475
      vertex 70.8017 -28.4 34.6668
      vertex 71.0726 -28.9318 34.1779
    endloop
  endfacet
  facet normal -0.432306 -0.848354 0.305627
    outer loop
      vertex 69.6881 -28.4 33.6957
      vertex 71.0726 -28.9318 34.1779
      vertex 70.029 -28.4 34.1779
    endloop
  endfacet
  facet normal -0.432291 -0.848391 0.305544
    outer loop
      vertex 71.0726 -28.9318 34.1779
      vertex 69.6881 -28.4 33.6957
      vertex 70.8635 -29.5754 32.095
    endloop
  endfacet
  facet normal -0.848396 -0.432263 0.305568
    outer loop
      vertex 66.4246 -25.1365 32.095
      vertex 67.6 -26.9233 32.8308
      vertex 67.6 -26.3119 33.6957
    endloop
  endfacet
  facet normal -0.8484 -0.432278 0.305539
    outer loop
      vertex 67.6 -26.9233 32.8308
      vertex 66.4246 -25.1365 32.095
      vertex 67.4066 -27.0638 32.095
    endloop
  endfacet
  facet normal -0.987688 -0.15644 0
    outer loop
      vertex 66.4246 -25.1365 1.90496
      vertex 66.0862 -23 32.095
      vertex 66.0862 -23 1.90496
    endloop
  endfacet
  facet normal -0.987688 -0.15644 0
    outer loop
      vertex 66.0862 -23 32.095
      vertex 66.4246 -25.1365 1.90496
      vertex 66.4246 -25.1365 32.095
    endloop
  endfacet
  facet normal -0.585258 0.0926758 -0.805534
    outer loop
      vertex 69.8221 21 -3.23705
      vertex 68.7244 21.3435 -2.4
      vertex 69.9776 21.982 -3.23705
    endloop
  endfacet
  facet normal -0.585255 0.0926867 -0.805534
    outer loop
      vertex 68.7244 21.3435 -2.4
      vertex 69.8221 21 -3.23705
      vertex 68.67 21 -2.4
    endloop
  endfacet
  facet normal 0 0 -1
    outer loop
      vertex 91 -24.095 -3.91382
      vertex 92.095 -23 -3.91382
      vertex 92.0414 -23.3384 -3.91382
    endloop
  endfacet
  facet normal 0 0 -1
    outer loop
      vertex 92.095 -23 -3.91382
      vertex 71.905 -23 -3.91382
      vertex 92.095 21 -3.91382
    endloop
  endfacet
  facet normal 0 0 -1
    outer loop
      vertex 91 -24.095 -3.91382
      vertex 92.0414 -23.3384 -3.91382
      vertex 91.8859 -23.6436 -3.91382
    endloop
  endfacet
  facet normal 0 0 -1
    outer loop
      vertex 71.905 21 -3.91382
      vertex 92.095 21 -3.91382
      vertex 71.905 -23 -3.91382
    endloop
  endfacet
  facet normal 0 0 -1
    outer loop
      vertex 91 -24.095 -3.91382
      vertex 91.8859 -23.6436 -3.91382
      vertex 91.6436 -23.8859 -3.91382
    endloop
  endfacet
  facet normal -0 0 -1
    outer loop
      vertex 92.095 -23 -3.91382
      vertex 91 -24.095 -3.91382
      vertex 71.905 -23 -3.91382
    endloop
  endfacet
  facet normal 0 0 -1
    outer loop
      vertex 91 -24.095 -3.91382
      vertex 91.6436 -23.8859 -3.91382
      vertex 91.3384 -24.0414 -3.91382
    endloop
  endfacet
  facet normal 0 -0 -1
    outer loop
      vertex 91 22.095 -3.91382
      vertex 92.095 21 -3.91382
      vertex 71.905 21 -3.91382
    endloop
  endfacet
  facet normal 0 0 -1
    outer loop
      vertex 91.8859 21.6436 -3.91382
      vertex 91 22.095 -3.91382
      vertex 91.6436 21.8859 -3.91382
    endloop
  endfacet
  facet normal 0 0 -1
    outer loop
      vertex 91.6436 21.8859 -3.91382
      vertex 91 22.095 -3.91382
      vertex 91.3384 22.0414 -3.91382
    endloop
  endfacet
  facet normal 0 0 -1
    outer loop
      vertex 71.905 -23 -3.91382
      vertex 91 -24.095 -3.91382
      vertex 73 -24.095 -3.91382
    endloop
  endfacet
  facet normal 0 0 -1
    outer loop
      vertex 92.095 21 -3.91382
      vertex 91 22.095 -3.91382
      vertex 92.0414 21.3384 -3.91382
    endloop
  endfacet
  facet normal 0 0 -1
    outer loop
      vertex 71.905 -23 -3.91382
      vertex 73 -24.095 -3.91382
      vertex 72.6616 -24.0414 -3.91382
    endloop
  endfacet
  facet normal 0 0 -1
    outer loop
      vertex 92.0414 21.3384 -3.91382
      vertex 91 22.095 -3.91382
      vertex 91.8859 21.6436 -3.91382
    endloop
  endfacet
  facet normal 0 0 -1
    outer loop
      vertex 71.905 -23 -3.91382
      vertex 72.6616 -24.0414 -3.91382
      vertex 72.3564 -23.8859 -3.91382
    endloop
  endfacet
  facet normal -0 0 -1
    outer loop
      vertex 91 22.095 -3.91382
      vertex 71.905 21 -3.91382
      vertex 73 22.095 -3.91382
    endloop
  endfacet
  facet normal 0 0 -1
    outer loop
      vertex 71.905 -23 -3.91382
      vertex 72.3564 -23.8859 -3.91382
      vertex 72.1141 -23.6436 -3.91382
    endloop
  endfacet
  facet normal 0 0 -1
    outer loop
      vertex 73 22.095 -3.91382
      vertex 71.905 21 -3.91382
      vertex 72.6616 22.0414 -3.91382
    endloop
  endfacet
  facet normal 0 0 -1
    outer loop
      vertex 71.905 -23 -3.91382
      vertex 72.1141 -23.6436 -3.91382
      vertex 71.9586 -23.3384 -3.91382
    endloop
  endfacet
  facet normal 0 0 -1
    outer loop
      vertex 72.6616 22.0414 -3.91382
      vertex 71.905 21 -3.91382
      vertex 72.3564 21.8859 -3.91382
    endloop
  endfacet
  facet normal 0 0 -1
    outer loop
      vertex 72.3564 21.8859 -3.91382
      vertex 71.905 21 -3.91382
      vertex 72.1141 21.6436 -3.91382
    endloop
  endfacet
  facet normal 0 0 -1
    outer loop
      vertex 72.1141 21.6436 -3.91382
      vertex 71.905 21 -3.91382
      vertex 71.9586 21.3384 -3.91382
    endloop
  endfacet
  facet normal 0.220974 0.220974 0.949916
    outer loop
      vertex 92.8679 23.571 37.237
      vertex 91.8859 21.6436 37.9138
      vertex 93.571 22.8679 37.237
    endloop
  endfacet
  facet normal 0.220974 0.220974 0.949916
    outer loop
      vertex 91.8859 21.6436 37.9138
      vertex 92.8679 23.571 37.237
      vertex 91.6436 21.8859 37.9138
    endloop
  endfacet
  facet normal -0.585235 -0.0926722 0.80555
    outer loop
      vertex 69.8221 -23 37.237
      vertex 68.7244 -23.3435 36.4
      vertex 69.9776 -23.982 37.237
    endloop
  endfacet
  facet normal -0.585233 -0.0926831 0.805551
    outer loop
      vertex 68.7244 -23.3435 36.4
      vertex 69.8221 -23 37.237
      vertex 68.67 -23 36.4
    endloop
  endfacet
  facet normal -0.527947 -0.269009 0.805547
    outer loop
      vertex 69.3391 -25.2353 36.4
      vertex 70.429 -24.8679 37.237
      vertex 69.9776 -23.982 37.237
    endloop
  endfacet
  facet normal -0.527978 -0.268931 0.805553
    outer loop
      vertex 70.429 -24.8679 37.237
      vertex 69.3391 -25.2353 36.4
      vertex 69.4969 -25.5451 36.4
    endloop
  endfacet
  facet normal -0.527927 -0.269024 0.805555
    outer loop
      vertex 69.9776 -23.982 37.237
      vertex 68.8819 -24.3381 36.4
      vertex 69.3391 -25.2353 36.4
    endloop
  endfacet
  facet normal -0.141876 -0.278441 0.949917
    outer loop
      vertex 72.6616 -24.0414 37.9138
      vertex 71.1321 -25.571 37.237
      vertex 72.018 -26.0224 37.237
    endloop
  endfacet
  facet normal -0.14187 -0.278448 0.949916
    outer loop
      vertex 72.3564 -23.8859 37.9138
      vertex 71.1321 -25.571 37.237
      vertex 72.6616 -24.0414 37.9138
    endloop
  endfacet
  facet normal -0.723855 0.368873 -0.583067
    outer loop
      vertex 67.5674 23.0685 -0.708404
      vertex 67.0682 22.9274 -0.177933
      vertex 67.4449 23.1193 -0.524187
    endloop
  endfacet
  facet normal -0.724317 0.368637 -0.582642
    outer loop
      vertex 67.6 22.7546 -0.947535
      vertex 67.5674 23.0685 -0.708404
      vertex 67.6 23.0607 -0.753866
    endloop
  endfacet
  facet normal -0.723837 0.368977 -0.583023
    outer loop
      vertex 67.5674 23.0685 -0.708404
      vertex 67.6 22.7546 -0.947535
      vertex 67.0682 22.9274 -0.177933
    endloop
  endfacet
  facet normal -0.707107 0.707107 0
    outer loop
      vertex 68.7428 26.4 4.9839
      vertex 68.9362 26.5934 1.90496
      vertex 68.7428 26.4 1.90496
    endloop
  endfacet
  facet normal -0.707107 0.707107 0
    outer loop
      vertex 68.9362 26.5934 1.90496
      vertex 68.7428 26.4 4.9839
      vertex 68.9362 26.5934 5.2995
    endloop
  endfacet
  facet normal -0.707107 0.707107 0
    outer loop
      vertex 68.7428 26.4 20.0161
      vertex 68.9362 26.5934 32.095
      vertex 68.9362 26.5934 19.7005
    endloop
  endfacet
  facet normal -0.707107 0.707107 0
    outer loop
      vertex 68.9362 26.5934 32.095
      vertex 68.7428 26.4 20.0161
      vertex 68.7428 26.4 32.095
    endloop
  endfacet
  facet normal -0.707107 0.707107 0
    outer loop
      vertex 67.4066 25.0638 22.2
      vertex 67.6 25.2572 32.095
      vertex 67.6 25.2572 22.2
    endloop
  endfacet
  facet normal -0.707107 0.707107 0
    outer loop
      vertex 67.6 25.2572 32.095
      vertex 67.4066 25.0638 22.2
      vertex 67.4066 25.0638 32.095
    endloop
  endfacet
  facet normal -0.148958 0.940453 -0.305548
    outer loop
      vertex 71.0726 26.9318 -0.177933
      vertex 70.8635 27.5754 1.90496
      vertex 73 27.9138 1.90496
    endloop
  endfacet
  facet normal -0.30901 0 -0.951059
    outer loop
      vertex 71.905 -23 -3.91382
      vertex 70.6 1.6 -3.48981
      vertex 71.905 21 -3.91382
    endloop
  endfacet
  facet normal -0.309056 -2.65545e-06 -0.951044
    outer loop
      vertex 71.905 -23 -3.91382
      vertex 70.568 1.19327 -3.47941
      vertex 70.6 1.6 -3.48981
    endloop
  endfacet
  facet normal -0.308907 6.41311e-06 -0.951092
    outer loop
      vertex 71.905 -23 -3.91382
      vertex 70.4727 0.796556 -3.44846
      vertex 70.568 1.19327 -3.47941
    endloop
  endfacet
  facet normal -0.309064 -3.9975e-06 -0.951041
    outer loop
      vertex 71.905 -23 -3.91382
      vertex 70.3166 0.419624 -3.39773
      vertex 70.4727 0.796556 -3.44846
    endloop
  endfacet
  facet normal -0.30897 3.05338e-06 -0.951072
    outer loop
      vertex 71.905 -23 -3.91382
      vertex 70.1034 0.0717583 -3.32847
      vertex 70.3166 0.419624 -3.39773
    endloop
  endfacet
  facet normal -0.309072 -5.77826e-06 -0.951039
    outer loop
      vertex 71.905 -23 -3.91382
      vertex 69.8385 -0.238477 -3.24238
      vertex 70.1034 0.0717583 -3.32847
    endloop
  endfacet
  facet normal -0.309015 -0 -0.951057
    outer loop
      vertex 69.8221 -0.252492 -3.23705
      vertex 71.905 -23 -3.91382
      vertex 69.8221 -23 -3.23705
    endloop
  endfacet
  facet normal -0.309081 -6.68856e-06 -0.951036
    outer loop
      vertex 71.905 -23 -3.91382
      vertex 69.8221 -0.252492 -3.23705
      vertex 69.8385 -0.238477 -3.24238
    endloop
  endfacet
  facet normal -0.309051 3.03916e-06 -0.951045
    outer loop
      vertex 70.568 2.00673 -3.47941
      vertex 71.905 21 -3.91382
      vertex 70.6 1.6 -3.48981
    endloop
  endfacet
  facet normal -0.308912 -7.771e-06 -0.951091
    outer loop
      vertex 70.4727 2.40344 -3.44846
      vertex 71.905 21 -3.91382
      vertex 70.568 2.00673 -3.47941
    endloop
  endfacet
  facet normal -0.309062 4.94002e-06 -0.951042
    outer loop
      vertex 70.3166 2.78037 -3.39773
      vertex 71.905 21 -3.91382
      vertex 70.4727 2.40344 -3.44846
    endloop
  endfacet
  facet normal -0.308971 -3.81631e-06 -0.951072
    outer loop
      vertex 70.1034 3.12824 -3.32847
      vertex 71.905 21 -3.91382
      vertex 70.3166 2.78037 -3.39773
    endloop
  endfacet
  facet normal -0.30907 7.28198e-06 -0.951039
    outer loop
      vertex 69.8385 3.43848 -3.24238
      vertex 71.905 21 -3.91382
      vertex 70.1034 3.12824 -3.32847
    endloop
  endfacet
  facet normal -0.30908 8.48838e-06 -0.951036
    outer loop
      vertex 69.8221 3.45249 -3.23705
      vertex 71.905 21 -3.91382
      vertex 69.8385 3.43848 -3.24238
    endloop
  endfacet
  facet normal -0.309015 0 -0.951057
    outer loop
      vertex 71.905 21 -3.91382
      vertex 69.8221 3.45249 -3.23705
      vertex 69.8221 21 -3.23705
    endloop
  endfacet
  facet normal -0.72391 0.36908 -0.582867
    outer loop
      vertex 67.3644 23.1526 -0.403208
      vertex 67.0682 22.9274 -0.177933
      vertex 67.2262 23.2373 -0.177933
    endloop
  endfacet
  facet normal -0.72386 0.368727 -0.583153
    outer loop
      vertex 67.0682 22.9274 -0.177933
      vertex 67.3644 23.1526 -0.403208
      vertex 67.4449 23.1193 -0.524187
    endloop
  endfacet
  facet normal -0.419 0.418952 -0.805554
    outer loop
      vertex 71.1321 23.571 -3.23705
      vertex 70.568 23.9933 -2.72401
      vertex 70.5931 24.3128 -2.5709
    endloop
  endfacet
  facet normal -0.418927 0.419041 -0.805546
    outer loop
      vertex 71.1321 23.571 -3.23705
      vertex 70.4727 23.5966 -2.88081
      vertex 70.568 23.9933 -2.72401
    endloop
  endfacet
  facet normal -0.418984 0.418984 -0.805546
    outer loop
      vertex 70.3166 23.2196 -2.99566
      vertex 71.1321 23.571 -3.23705
      vertex 70.429 22.8679 -3.23705
    endloop
  endfacet
  facet normal -0.418963 0.418896 -0.805603
    outer loop
      vertex 71.1321 23.571 -3.23705
      vertex 70.3166 23.2196 -2.99566
      vertex 70.4727 23.5966 -2.88081
    endloop
  endfacet
  facet normal -0.418883 0.419035 -0.805572
    outer loop
      vertex 70.3166 23.2196 -2.99566
      vertex 70.429 22.8679 -3.23705
      vertex 70.2021 23.0328 -3.03329
    endloop
  endfacet
  facet normal -0.41893 0.41893 -0.805602
    outer loop
      vertex 69.6083 23.4642 -2.5
      vertex 70.4549 24.5031 -2.4
      vertex 70.5358 24.3917 -2.5
    endloop
  endfacet
  facet normal -0.41893 0.41893 -0.805602
    outer loop
      vertex 70.4549 24.5031 -2.4
      vertex 69.6083 23.4642 -2.5
      vertex 69.4969 23.5451 -2.4
    endloop
  endfacet
  facet normal -0.432298 0.848388 -0.305544
    outer loop
      vertex 71.0726 26.9318 -0.177933
      vertex 69.6881 26.4 0.3043
      vertex 70.8635 27.5754 1.90496
    endloop
  endfacet
  facet normal -0.432309 0.848359 -0.305608
    outer loop
      vertex 69.6881 26.4 0.3043
      vertex 71.0726 26.9318 -0.177933
      vertex 70.029 26.4 -0.177933
    endloop
  endfacet
  facet normal -0.368874 0.723876 -0.583039
    outer loop
      vertex 70.8017 26.4 -0.666801
      vertex 70.029 26.4 -0.177933
      vertex 71.0726 26.9318 -0.177933
    endloop
  endfacet
  facet normal -0.723892 0.368883 0.583014
    outer loop
      vertex 67.6 23.971 34.1779
      vertex 67.0682 22.9274 34.1779
      vertex 67.6 23.1983 34.6668
    endloop
  endfacet
  facet normal -0.723892 -0.368883 0.583014
    outer loop
      vertex 67.6 -25.1983 34.6668
      vertex 67.0682 -24.9274 34.1779
      vertex 67.6 -25.971 34.1779
    endloop
  endfacet
  facet normal -0.723893 -0.368848 0.583035
    outer loop
      vertex 67.6 -24.7546 34.9475
      vertex 67.0682 -24.9274 34.1779
      vertex 67.6 -25.1983 34.6668
    endloop
  endfacet
  facet normal 0.368848 0.723893 0.583035
    outer loop
      vertex 92.9274 26.9318 34.1779
      vertex 92.7546 26.4 34.9475
      vertex 93.1983 26.4 34.6668
    endloop
  endfacet
  facet normal 0.127131 0.802438 0.583036
    outer loop
      vertex 92.9274 26.9318 34.1779
      vertex 91.8837 26.4 35.1374
      vertex 92.7546 26.4 34.9475
    endloop
  endfacet
  facet normal 0.432278 0.8484 0.305539
    outer loop
      vertex 93.1365 27.5754 32.095
      vertex 94.9233 26.4 32.8308
      vertex 95.0638 26.5934 32.095
    endloop
  endfacet
  facet normal 0.432263 0.848396 0.305568
    outer loop
      vertex 94.9233 26.4 32.8308
      vertex 93.1365 27.5754 32.095
      vertex 94.3119 26.4 33.6957
    endloop
  endfacet
  facet normal 0.432306 0.848354 0.305627
    outer loop
      vertex 94.3119 26.4 33.6957
      vertex 92.9274 26.9318 34.1779
      vertex 93.971 26.4 34.1779
    endloop
  endfacet
  facet normal 0.432291 0.848391 0.305544
    outer loop
      vertex 92.9274 26.9318 34.1779
      vertex 94.3119 26.4 33.6957
      vertex 93.1365 27.5754 32.095
    endloop
  endfacet
  facet normal 0.278448 -0.14187 0.949916
    outer loop
      vertex 92.0414 -23.3384 37.9138
      vertex 91.8859 -23.6436 37.9138
      vertex 93.571 -24.8679 37.237
    endloop
  endfacet
  facet normal -0.0926751 -0.585236 0.805549
    outer loop
      vertex 72.018 -26.0224 37.237
      vertex 71.6619 -27.1181 36.4
      vertex 72.6565 -27.2756 36.4
    endloop
  endfacet
  facet normal -0.269024 -0.527927 0.805555
    outer loop
      vertex 72.018 -26.0224 37.237
      vertex 70.7647 -26.6609 36.4
      vertex 71.6619 -27.1181 36.4
    endloop
  endfacet
  facet normal 0.0488871 0.308645 -0.94992
    outer loop
      vertex 91.3384 22.0414 -3.91382
      vertex 91 22.095 -3.91382
      vertex 91 24.1779 -3.23705
    endloop
  endfacet
  facet normal 0.141871 0.27843 -0.949921
    outer loop
      vertex 92.8679 23.571 -3.23705
      vertex 91.3384 22.0414 -3.91382
      vertex 91.982 24.0224 -3.23705
    endloop
  endfacet
  facet normal -0.802476 -0.127063 0.582998
    outer loop
      vertex 66.763 -23 34.1779
      vertex 67.6 -23.8837 35.1374
      vertex 67.6 -23 35.33
    endloop
  endfacet
  facet normal -0.802479 -0.127071 0.582993
    outer loop
      vertex 67.6 -23.8837 35.1374
      vertex 66.763 -23 34.1779
      vertex 67.0682 -24.9274 34.1779
    endloop
  endfacet
  facet normal -0.802438 -0.127131 0.583036
    outer loop
      vertex 67.6 -23.8837 35.1374
      vertex 67.0682 -24.9274 34.1779
      vertex 67.6 -24.7546 34.9475
    endloop
  endfacet
  facet normal -0.308656 0.0488758 0.949917
    outer loop
      vertex 69.9776 21.982 37.237
      vertex 69.8221 21 37.237
      vertex 71.9586 21.3384 37.9138
    endloop
  endfacet
  facet normal -0.585235 0.0926722 0.80555
    outer loop
      vertex 68.7244 21.3435 36.4
      vertex 69.8221 21 37.237
      vertex 69.9776 21.982 37.237
    endloop
  endfacet
  facet normal -0.585233 0.0926831 0.805551
    outer loop
      vertex 69.8221 21 37.237
      vertex 68.7244 21.3435 36.4
      vertex 68.67 21 36.4
    endloop
  endfacet
  facet normal -0.673287 -0.673287 -0.305565
    outer loop
      vertex 67.6 -27.2572 1.90496
      vertex 67.4066 -27.0638 1.90496
      vertex 67.6 -26.9233 1.16924
    endloop
  endfacet
  facet normal -0.673287 -0.673287 -0.305565
    outer loop
      vertex 68.9362 -28.5934 1.90496
      vertex 68.7428 -28.4 1.90496
      vertex 69.0767 -28.4 1.16924
    endloop
  endfacet
  facet normal -0.432273 0.848391 -0.305569
    outer loop
      vertex 70.8635 27.5754 1.90496
      vertex 69.0767 26.4 1.16924
      vertex 68.9362 26.5934 1.90496
    endloop
  endfacet
  facet normal -0.432276 0.848392 -0.305563
    outer loop
      vertex 69.0767 26.4 1.16924
      vertex 70.8635 27.5754 1.90496
      vertex 69.6881 26.4 0.3043
    endloop
  endfacet
  facet normal -0.852379 0.415122 -0.317998
    outer loop
      vertex 66.8674 23.5771 1.29886
      vertex 66.8477 23.5596 1.32882
      vertex 66.8665 23.5785 1.3031
    endloop
  endfacet
  facet normal -0.848389 0.432316 -0.305514
    outer loop
      vertex 66.7414 23.0335 0.879534
      vertex 66.8674 23.5771 1.29886
      vertex 67.01 23.41 0.666416
    endloop
  endfacet
  facet normal -0.848457 0.432254 -0.305413
    outer loop
      vertex 66.8674 23.5771 1.29886
      vertex 66.7414 23.0335 0.879534
      vertex 66.8477 23.5596 1.32882
    endloop
  endfacet
  facet normal -0.848386 0.432274 -0.305583
    outer loop
      vertex 67.1771 23.2674 0.000778469
      vertex 66.7414 23.0335 0.879534
      vertex 67.01 23.41 0.666416
    endloop
  endfacet
  facet normal -0.848194 0.432445 -0.305873
    outer loop
      vertex 67.0682 22.9274 -0.177933
      vertex 67.1771 23.2674 0.000778469
      vertex 67.2262 23.2373 -0.177933
    endloop
  endfacet
  facet normal -0.848365 0.432334 -0.305557
    outer loop
      vertex 67.1771 23.2674 0.000778469
      vertex 67.0682 22.9274 -0.177933
      vertex 66.7414 23.0335 0.879534
    endloop
  endfacet
  facet normal -0.587694 0 -0.809084
    outer loop
      vertex 69.8221 -23 -3.23705
      vertex 69.5282 -0.503444 -3.02357
      vertex 69.8221 -0.252492 -3.23705
    endloop
  endfacet
  facet normal -0.587858 -3.27629e-06 -0.808964
    outer loop
      vertex 69.8221 -23 -3.23705
      vertex 69.1804 -0.716617 -2.77083
      vertex 69.5282 -0.503444 -3.02357
    endloop
  endfacet
  facet normal -0.58775 1.46336e-06 -0.809043
    outer loop
      vertex 69.8221 -23 -3.23705
      vertex 68.8076 -0.871021 -2.5
      vertex 69.1804 -0.716617 -2.77083
    endloop
  endfacet
  facet normal -0.587785 -1.01291e-06 -0.809017
    outer loop
      vertex 68.67 -23 -2.4
      vertex 68.8076 -0.871021 -2.5
      vertex 69.8221 -23 -3.23705
    endloop
  endfacet
  facet normal -0.587892 -0 -0.808939
    outer loop
      vertex 68.67 0.373663 -2.4
      vertex 68.8076 -0.871021 -2.5
      vertex 68.67 -23 -2.4
    endloop
  endfacet
  facet normal -0.587892 0 -0.808939
    outer loop
      vertex 68.8076 -0.871021 -2.5
      vertex 68.67 0.373663 -2.4
      vertex 68.8076 0.458007 -2.5
    endloop
  endfacet
  facet normal -0.587892 0 -0.808939
    outer loop
      vertex 68.8076 2.74199 -2.5
      vertex 68.67 2.82634 -2.4
      vertex 68.8076 4.07102 -2.5
    endloop
  endfacet
  facet normal -0.587863 -1.09318e-05 -0.80896
    outer loop
      vertex 68.67 9.298 -2.4
      vertex 69.5282 3.70344 -3.02357
      vertex 69.1804 3.91662 -2.77083
    endloop
  endfacet
  facet normal -0.587763 5.63994e-06 -0.809033
    outer loop
      vertex 69.5282 3.70344 -3.02357
      vertex 69.0972 10.5909 -2.7104
      vertex 69.3582 13 -2.9
    endloop
  endfacet
  facet normal -0.587748 5.7894e-06 -0.809044
    outer loop
      vertex 68.67 9.298 -2.4
      vertex 69.1804 3.91662 -2.77083
      vertex 68.8076 4.07102 -2.5
    endloop
  endfacet
  facet normal -0.587892 -0 -0.808939
    outer loop
      vertex 68.67 9.298 -2.4
      vertex 68.8076 4.07102 -2.5
      vertex 68.67 2.82634 -2.4
    endloop
  endfacet
  facet normal -0.587813 8.83997e-07 -0.808997
    outer loop
      vertex 69.5282 3.70344 -3.02357
      vertex 68.67 9.298 -2.4
      vertex 69.0972 10.5909 -2.7104
    endloop
  endfacet
  facet normal -0.587689 7.70793e-06 -0.809087
    outer loop
      vertex 69.3582 13 -2.9
      vertex 69.8221 3.45249 -3.23705
      vertex 69.5282 3.70344 -3.02357
    endloop
  endfacet
  facet normal -0.587793 0 -0.809011
    outer loop
      vertex 69.8221 3.45249 -3.23705
      vertex 69.3582 13 -2.9
      vertex 69.8221 21 -3.23705
    endloop
  endfacet
  facet normal -0.587752 -3.68735e-06 -0.809041
    outer loop
      vertex 69.0972 15.4091 -2.7104
      vertex 69.8221 21 -3.23705
      vertex 69.3582 13 -2.9
    endloop
  endfacet
  facet normal -0.5878 5.85775e-06 -0.809006
    outer loop
      vertex 68.67 16.702 -2.4
      vertex 69.8221 21 -3.23705
      vertex 69.0972 15.4091 -2.7104
    endloop
  endfacet
  facet normal -0.587785 0 -0.809017
    outer loop
      vertex 69.8221 21 -3.23705
      vertex 68.67 16.702 -2.4
      vertex 68.67 21 -2.4
    endloop
  endfacet
  facet normal -0.848391 0.432291 0.305544
    outer loop
      vertex 67.0682 22.9274 34.1779
      vertex 67.6 24.3119 33.6957
      vertex 66.4246 23.1365 32.095
    endloop
  endfacet
  facet normal -0.848354 0.432306 0.305627
    outer loop
      vertex 67.6 24.3119 33.6957
      vertex 67.0682 22.9274 34.1779
      vertex 67.6 23.971 34.1779
    endloop
  endfacet
  facet normal -0.940453 0.148958 0.305547
    outer loop
      vertex 66.4246 23.1365 32.095
      vertex 66.0862 21 32.095
      vertex 67.0682 22.9274 34.1779
    endloop
  endfacet
  facet normal -0.802479 0.127071 0.582993
    outer loop
      vertex 66.763 21 34.1779
      vertex 67.6 21.8837 35.1374
      vertex 67.0682 22.9274 34.1779
    endloop
  endfacet
  facet normal -0.802476 0.127063 0.582998
    outer loop
      vertex 67.6 21.8837 35.1374
      vertex 66.763 21 34.1779
      vertex 67.6 21 35.33
    endloop
  endfacet
  facet normal -0.940448 0.148918 0.305581
    outer loop
      vertex 67.0682 22.9274 34.1779
      vertex 66.0862 21 32.095
      vertex 66.763 21 34.1779
    endloop
  endfacet
  facet normal -0.723893 0.368848 0.583035
    outer loop
      vertex 67.6 23.1983 34.6668
      vertex 67.0682 22.9274 34.1779
      vertex 67.6 22.7546 34.9475
    endloop
  endfacet
  facet normal -0.802438 0.127131 0.583036
    outer loop
      vertex 67.6 22.7546 34.9475
      vertex 67.0682 22.9274 34.1779
      vertex 67.6 21.8837 35.1374
    endloop
  endfacet
  facet normal 0.585236 0.0926751 0.805549
    outer loop
      vertex 95.1181 22.3381 36.4
      vertex 94.0224 21.982 37.237
      vertex 95.2756 21.3435 36.4
    endloop
  endfacet
  facet normal 0.141876 0.278441 0.949917
    outer loop
      vertex 91.982 24.0224 37.237
      vertex 91.3384 22.0414 37.9138
      vertex 92.8679 23.571 37.237
    endloop
  endfacet
  facet normal -0.891008 -0.453987 0
    outer loop
      vertex 67.4066 -27.0638 1.90496
      vertex 66.4246 -25.1365 32.095
      vertex 66.4246 -25.1365 1.90496
    endloop
  endfacet
  facet normal -0.891008 -0.453987 0
    outer loop
      vertex 66.4246 -25.1365 32.095
      vertex 67.4066 -27.0638 1.90496
      vertex 67.4066 -27.0638 32.095
    endloop
  endfacet
  facet normal -0.707107 -0.707107 0
    outer loop
      vertex 67.6 -27.2572 1.90496
      vertex 67.4066 -27.0638 32.095
      vertex 67.4066 -27.0638 1.90496
    endloop
  endfacet
  facet normal -0.707107 -0.707107 0
    outer loop
      vertex 67.4066 -27.0638 32.095
      vertex 67.6 -27.2572 1.90496
      vertex 67.6 -27.2572 32.095
    endloop
  endfacet
  facet normal -0.707107 -0.707107 0
    outer loop
      vertex 68.9362 -28.5934 1.90496
      vertex 68.7428 -28.4 32.095
      vertex 68.7428 -28.4 1.90496
    endloop
  endfacet
  facet normal -0.707107 -0.707107 0
    outer loop
      vertex 68.7428 -28.4 32.095
      vertex 68.9362 -28.5934 1.90496
      vertex 68.9362 -28.5934 32.095
    endloop
  endfacet
  facet normal -0.723876 -0.368874 -0.58304
    outer loop
      vertex 67.6 -25.971 -0.177933
      vertex 67.0682 -24.9274 -0.177933
      vertex 67.6 -25.1983 -0.6668
    endloop
  endfacet
  facet normal -0.802445 0.1271 -0.583033
    outer loop
      vertex 67.6 21.8837 -1.13739
      vertex 67.0682 22.9274 -0.177933
      vertex 67.6 22.7546 -0.947535
    endloop
  endfacet
  facet normal -0.802444 0.127102 -0.583034
    outer loop
      vertex 67.6 21.8837 -1.13739
      vertex 66.8729 21.6944 -0.177933
      vertex 67.0682 22.9274 -0.177933
    endloop
  endfacet
  facet normal -0.802447 0.127096 -0.583031
    outer loop
      vertex 67.0721 21 -0.603462
      vertex 67.6 21.8837 -1.13739
      vertex 67.6 21 -1.33003
    endloop
  endfacet
  facet normal -0.802444 0.127091 -0.583037
    outer loop
      vertex 67.6 21.8837 -1.13739
      vertex 67.0721 21 -0.603462
      vertex 66.8729 21.6944 -0.177933
    endloop
  endfacet
  facet normal -0.453985 0.891009 0
    outer loop
      vertex 70.8635 27.5754 1.90496
      vertex 69.1876 26.7215 5.50855
      vertex 70.8635 27.5754 7.57012
    endloop
  endfacet
  facet normal -0.454 0.891002 -8.74484e-06
    outer loop
      vertex 70.8635 27.5754 1.90496
      vertex 68.9362 26.5934 5.2995
      vertex 69.1876 26.7215 5.50855
    endloop
  endfacet
  facet normal -0.453987 0.891008 0
    outer loop
      vertex 68.9362 26.5934 5.2995
      vertex 70.8635 27.5754 1.90496
      vertex 68.9362 26.5934 1.90496
    endloop
  endfacet
  facet normal -0.453987 0.891008 0
    outer loop
      vertex 70.8635 27.5754 32.095
      vertex 68.9362 26.5934 19.7005
      vertex 68.9362 26.5934 32.095
    endloop
  endfacet
  facet normal -0.454003 0.891 3.12211e-06
    outer loop
      vertex 70.8635 27.5754 32.095
      vertex 69.1876 26.7215 19.4915
      vertex 68.9362 26.5934 19.7005
    endloop
  endfacet
  facet normal -0.453985 0.891009 0
    outer loop
      vertex 69.1876 26.7215 19.4915
      vertex 70.8635 27.5754 32.095
      vertex 70.8635 27.5754 17.4299
    endloop
  endfacet
  facet normal -0.98769 0.156422 0
    outer loop
      vertex 66.0862 21 1.90496
      vertex 66.35 22.6657 5.8
      vertex 66.35 22.6657 1.90496
    endloop
  endfacet
  facet normal -0.98769 0.156422 0
    outer loop
      vertex 66.35 22.6657 5.8
      vertex 66.0862 21 1.90496
      vertex 66.0862 21 5.8
    endloop
  endfacet
  facet normal -0.98769 0.156422 0
    outer loop
      vertex 66.35 22.6657 22.2
      vertex 66.0862 21 22.2
      vertex 66.35 22.6657 24.4346
    endloop
  endfacet
  facet normal -0.987678 0.156501 0
    outer loop
      vertex 66.35 22.6657 24.4346
      vertex 66.4246 23.1365 32.095
      vertex 66.4246 23.1365 24.0325
    endloop
  endfacet
  facet normal -0.98769 0.156422 0
    outer loop
      vertex 66.0862 21 32.095
      vertex 66.35 22.6657 24.4346
      vertex 66.0862 21 22.2
    endloop
  endfacet
  facet normal -0.987688 0.15644 3.87316e-06
    outer loop
      vertex 66.35 22.6657 24.4346
      vertex 66.0862 21 32.095
      vertex 66.4246 23.1365 32.095
    endloop
  endfacet
  facet normal 0.278441 0.141876 0.949917
    outer loop
      vertex 93.571 22.8679 37.237
      vertex 92.0414 21.3384 37.9138
      vertex 94.0224 21.982 37.237
    endloop
  endfacet
  facet normal 0.308656 0.0488758 0.949917
    outer loop
      vertex 94.0224 21.982 37.237
      vertex 92.0414 21.3384 37.9138
      vertex 94.1779 21 37.237
    endloop
  endfacet
  facet normal 0.418972 0.418972 0.805558
    outer loop
      vertex 93.5451 24.5031 36.4
      vertex 93.571 22.8679 37.237
      vertex 94.5031 23.5451 36.4
    endloop
  endfacet
  facet normal 0.418972 0.418972 0.805558
    outer loop
      vertex 93.571 22.8679 37.237
      vertex 93.5451 24.5031 36.4
      vertex 92.8679 23.571 37.237
    endloop
  endfacet
  facet normal 0.527978 0.268931 0.805553
    outer loop
      vertex 93.571 22.8679 37.237
      vertex 94.6609 23.2353 36.4
      vertex 94.5031 23.5451 36.4
    endloop
  endfacet
  facet normal 0.527947 0.269009 0.805547
    outer loop
      vertex 94.6609 23.2353 36.4
      vertex 93.571 22.8679 37.237
      vertex 94.0224 21.982 37.237
    endloop
  endfacet
  facet normal -0.432263 0.848396 0.305568
    outer loop
      vertex 70.8635 27.5754 32.095
      vertex 69.0767 26.4 32.8308
      vertex 69.6881 26.4 33.6957
    endloop
  endfacet
  facet normal -0.432278 0.8484 0.305539
    outer loop
      vertex 69.0767 26.4 32.8308
      vertex 70.8635 27.5754 32.095
      vertex 68.9362 26.5934 32.095
    endloop
  endfacet
  facet normal -0.673294 0.673294 0.305535
    outer loop
      vertex 68.9362 26.5934 32.095
      vertex 68.7428 26.4 32.095
      vertex 69.0767 26.4 32.8308
    endloop
  endfacet
  facet normal -0.673294 0.673294 0.305535
    outer loop
      vertex 67.6 25.2572 32.095
      vertex 67.4066 25.0638 32.095
      vertex 67.6 24.9233 32.8308
    endloop
  endfacet
  facet normal -0.890915 0.45417 0.00021323
    outer loop
      vertex 66.8082 23.8894 23.3894
      vertex 67.4066 25.0638 22.2
      vertex 67.3258 24.9053 22.2
    endloop
  endfacet
  facet normal -0.891002 0.453999 0
    outer loop
      vertex 67.4066 25.0638 22.2
      vertex 66.8082 23.8894 23.3894
      vertex 67.4066 25.0638 32.095
    endloop
  endfacet
  facet normal -0.891015 0.453973 4.32971e-06
    outer loop
      vertex 66.4246 23.1365 24.0325
      vertex 67.4066 25.0638 32.095
      vertex 66.8082 23.8894 23.3894
    endloop
  endfacet
  facet normal -0.891008 0.453987 0
    outer loop
      vertex 67.4066 25.0638 32.095
      vertex 66.4246 23.1365 24.0325
      vertex 66.4246 23.1365 32.095
    endloop
  endfacet
  facet normal -0.368883 0.723892 0.583014
    outer loop
      vertex 71.0726 26.9318 34.1779
      vertex 70.029 26.4 34.1779
      vertex 70.8017 26.4 34.6668
    endloop
  endfacet
  facet normal -0.432306 0.848354 0.305627
    outer loop
      vertex 71.0726 26.9318 34.1779
      vertex 69.6881 26.4 33.6957
      vertex 70.029 26.4 34.1779
    endloop
  endfacet
  facet normal -0.432291 0.848391 0.305544
    outer loop
      vertex 69.6881 26.4 33.6957
      vertex 71.0726 26.9318 34.1779
      vertex 70.8635 27.5754 32.095
    endloop
  endfacet
  facet normal -0.972353 -0.233518 0
    outer loop
      vertex 69.3828 1.81901 -2.5
      vertex 69.3315 2.03262 -2.4
      vertex 69.3315 2.03262 -2.5
    endloop
  endfacet
  facet normal -0.972353 -0.233518 0
    outer loop
      vertex 69.3315 2.03262 -2.4
      vertex 69.3828 1.81901 -2.5
      vertex 69.3828 1.81901 -2.4
    endloop
  endfacet
  facet normal -0.760575 0.64925 0
    outer loop
      vertex 68.99 0.61005 -2.5
      vertex 69.1326 0.777101 -2.4
      vertex 69.1326 0.777101 -2.5
    endloop
  endfacet
  facet normal -0.760575 0.64925 0
    outer loop
      vertex 69.1326 0.777101 -2.4
      vertex 68.99 0.61005 -2.5
      vertex 68.99 0.61005 -2.4
    endloop
  endfacet
  facet normal -0.522591 -0.852584 6.93108e-05
    outer loop
      vertex 68.8076 2.74199 -2.5
      vertex 68.8229 2.73262 -2.4
      vertex 68.67 2.82634 -2.4
    endloop
  endfacet
  facet normal -0.522261 -0.852785 -0
    outer loop
      vertex 68.8229 2.73262 -2.4
      vertex 68.8076 2.74199 -2.5
      vertex 68.8229 2.73262 -2.5
    endloop
  endfacet
  facet normal 0.233599 0.972333 0
    outer loop
      vertex 67.6 0.260688 3.90576
      vertex 67.5674 0.26852 -1.28512
      vertex 67.5674 0.26852 3.89298
    endloop
  endfacet
  facet normal 0.233599 0.972333 0
    outer loop
      vertex 67.5674 0.26852 -1.28512
      vertex 67.6 0.260688 3.90576
      vertex 67.6 0.260688 -1.33003
    endloop
  endfacet
  facet normal 0.972353 0.233518 -0
    outer loop
      vertex 66.6685 1.16738 0.112707
      vertex 66.6172 1.38099 2.46476
      vertex 66.6685 1.16738 2.71488
    endloop
  endfacet
  facet normal 0.972353 0.233518 0
    outer loop
      vertex 66.6172 1.38099 2.46476
      vertex 66.6685 1.16738 0.112707
      vertex 66.6172 1.38099 0.270543
    endloop
  endfacet
  facet normal -0.99693 -0.0782941 0
    outer loop
      vertex 69.4 1.6 -2.5
      vertex 69.3828 1.81901 -2.4
      vertex 69.3828 1.81901 -2.5
    endloop
  endfacet
  facet normal -0.99693 -0.0782941 0
    outer loop
      vertex 69.3828 1.81901 -2.4
      vertex 69.4 1.6 -2.5
      vertex 69.4 1.6 -2.4
    endloop
  endfacet
  facet normal -0.649325 -0.760511 0
    outer loop
      vertex 68.8229 2.73262 -2.5
      vertex 68.99 2.58995 -2.4
      vertex 68.8229 2.73262 -2.4
    endloop
  endfacet
  facet normal -0.649325 -0.760511 -0
    outer loop
      vertex 68.99 2.58995 -2.4
      vertex 68.8229 2.73262 -2.5
      vertex 68.99 2.58995 -2.5
    endloop
  endfacet
  facet normal 0.522523 0.852625 0
    outer loop
      vertex 67.3644 0.352591 3.75579
      vertex 67.1771 0.467376 -0.747955
      vertex 67.1771 0.467376 3.56848
    endloop
  endfacet
  facet normal 0.522523 0.852625 0
    outer loop
      vertex 67.1771 0.467376 -0.747955
      vertex 67.3644 0.352591 3.75579
      vertex 67.3644 0.352591 -1.00577
    endloop
  endfacet
  facet normal 0.85261 0.522548 0
    outer loop
      vertex 66.8674 0.777101 -0.321655
      vertex 66.7526 0.964413 -0.146034
      vertex 66.7526 0.964413 2.95252
    endloop
  endfacet
  facet normal 0.85261 0.522548 -0
    outer loop
      vertex 66.8674 0.777101 -0.321655
      vertex 66.7526 0.964413 2.95252
      vertex 66.8674 0.777101 3.17183
    endloop
  endfacet
  facet normal 0.853357 0.521324 0.0017943
    outer loop
      vertex 66.7526 0.964413 -0.146034
      vertex 66.8674 0.777101 -0.321655
      vertex 66.763 0.947499 -0.177933
    endloop
  endfacet
  facet normal -0.923836 -0.382789 0
    outer loop
      vertex 69.3315 2.03262 -2.5
      vertex 69.2474 2.23559 -2.4
      vertex 69.2474 2.23559 -2.5
    endloop
  endfacet
  facet normal -0.923836 -0.382789 0
    outer loop
      vertex 69.2474 2.23559 -2.4
      vertex 69.3315 2.03262 -2.5
      vertex 69.3315 2.03262 -2.4
    endloop
  endfacet
  facet normal -0.760573 -0.649253 0
    outer loop
      vertex 69.1326 2.4229 -2.5
      vertex 68.99 2.58995 -2.4
      vertex 68.99 2.58995 -2.5
    endloop
  endfacet
  facet normal -0.760573 -0.649253 0
    outer loop
      vertex 68.99 2.58995 -2.4
      vertex 69.1326 2.4229 -2.5
      vertex 69.1326 2.4229 -2.4
    endloop
  endfacet
  facet normal 0.382624 -0.923904 0
    outer loop
      vertex 67.3644 2.84741 -1.00577
      vertex 67.5674 2.93148 0.90942
      vertex 67.3644 2.84741 0.981223
    endloop
  endfacet
  facet normal 0.382624 -0.923904 0
    outer loop
      vertex 67.5674 2.93148 0.90942
      vertex 67.3644 2.84741 -1.00577
      vertex 67.5674 2.93148 -1.28512
    endloop
  endfacet
  facet normal -0.522221 0.85281 0
    outer loop
      vertex 68.8076 0.458007 -2.5
      vertex 68.8229 0.467376 -2.4
      vertex 68.8229 0.467376 -2.5
    endloop
  endfacet
  facet normal -0.522562 0.852601 7.18661e-05
    outer loop
      vertex 68.8229 0.467376 -2.4
      vertex 68.8076 0.458007 -2.5
      vertex 68.67 0.373663 -2.4
    endloop
  endfacet
  facet normal -0.99693 0.0782941 0
    outer loop
      vertex 69.3828 1.38099 -2.5
      vertex 69.4 1.6 -2.4
      vertex 69.4 1.6 -2.5
    endloop
  endfacet
  facet normal -0.99693 0.0782941 0
    outer loop
      vertex 69.4 1.6 -2.4
      vertex 69.3828 1.38099 -2.5
      vertex 69.3828 1.38099 -2.4
    endloop
  endfacet
  facet normal 0.649381 0.760463 0
    outer loop
      vertex 67.0907 0.541138 3.44811
      vertex 67.01 0.61005 -0.51803
      vertex 67.01 0.61005 3.36742
    endloop
  endfacet
  facet normal 0.649292 0.760539 -0
    outer loop
      vertex 67.1771 0.467376 -0.747955
      vertex 67.0907 0.541138 3.44811
      vertex 67.1771 0.467376 3.56848
    endloop
  endfacet
  facet normal 0.649336 0.760501 1.56655e-06
    outer loop
      vertex 67.0907 0.541138 3.44811
      vertex 67.1771 0.467376 -0.747955
      vertex 67.01 0.61005 -0.51803
    endloop
  endfacet
  facet normal -0.972353 0.233518 0
    outer loop
      vertex 69.3315 1.16738 -2.5
      vertex 69.3828 1.38099 -2.4
      vertex 69.3828 1.38099 -2.5
    endloop
  endfacet
  facet normal -0.972353 0.233518 0
    outer loop
      vertex 69.3828 1.38099 -2.4
      vertex 69.3315 1.16738 -2.5
      vertex 69.3315 1.16738 -2.4
    endloop
  endfacet
  facet normal 0.382628 0.923903 0
    outer loop
      vertex 67.5674 0.26852 3.89298
      vertex 67.3644 0.352591 -1.00577
      vertex 67.3644 0.352591 3.75579
    endloop
  endfacet
  facet normal 0.382628 0.923903 0
    outer loop
      vertex 67.3644 0.352591 -1.00577
      vertex 67.5674 0.26852 3.89298
      vertex 67.5674 0.26852 -1.28512
    endloop
  endfacet
  facet normal -0.852607 -0.522552 0
    outer loop
      vertex 69.2474 2.23559 -2.5
      vertex 69.1326 2.4229 -2.4
      vertex 69.1326 2.4229 -2.5
    endloop
  endfacet
  facet normal -0.852607 -0.522552 0
    outer loop
      vertex 69.1326 2.4229 -2.4
      vertex 69.2474 2.23559 -2.5
      vertex 69.2474 2.23559 -2.4
    endloop
  endfacet
  facet normal -0.923834 0.382793 0
    outer loop
      vertex 69.2474 0.964413 -2.5
      vertex 69.3315 1.16738 -2.4
      vertex 69.3315 1.16738 -2.5
    endloop
  endfacet
  facet normal -0.923834 0.382793 0
    outer loop
      vertex 69.3315 1.16738 -2.4
      vertex 69.2474 0.964413 -2.5
      vertex 69.2474 0.964413 -2.4
    endloop
  endfacet
  facet normal -0.85261 0.522548 0
    outer loop
      vertex 69.1326 0.777101 -2.5
      vertex 69.2474 0.964413 -2.4
      vertex 69.2474 0.964413 -2.5
    endloop
  endfacet
  facet normal -0.85261 0.522548 0
    outer loop
      vertex 69.2474 0.964413 -2.4
      vertex 69.1326 0.777101 -2.5
      vertex 69.1326 0.777101 -2.4
    endloop
  endfacet
  facet normal 0.649325 -0.760511 0
    outer loop
      vertex 67.01 2.58995 -0.51803
      vertex 67.1771 2.73262 1.07926
      vertex 67.01 2.58995 1.20111
    endloop
  endfacet
  facet normal 0.649325 -0.760511 0
    outer loop
      vertex 67.1771 2.73262 1.07926
      vertex 67.01 2.58995 -0.51803
      vertex 67.1771 2.73262 -0.747955
    endloop
  endfacet
  facet normal 0.972353 -0.233518 0
    outer loop
      vertex 66.6172 1.81901 0.270543
      vertex 66.6685 2.03262 1.7018
      vertex 66.6172 1.81901 1.95191
    endloop
  endfacet
  facet normal 0.972353 -0.233518 0
    outer loop
      vertex 66.6685 2.03262 1.7018
      vertex 66.6172 1.81901 0.270543
      vertex 66.6685 2.03262 0.112707
    endloop
  endfacet
  facet normal -0.649335 0.760502 0
    outer loop
      vertex 68.99 0.61005 -2.5
      vertex 68.8229 0.467376 -2.4
      vertex 68.99 0.61005 -2.4
    endloop
  endfacet
  facet normal -0.649335 0.760502 0
    outer loop
      vertex 68.8229 0.467376 -2.4
      vertex 68.99 0.61005 -2.5
      vertex 68.8229 0.467376 -2.5
    endloop
  endfacet
  facet normal 0.233542 -0.972347 0
    outer loop
      vertex 67.5674 2.93148 -1.28512
      vertex 67.6 2.93931 0.902731
      vertex 67.5674 2.93148 0.90942
    endloop
  endfacet
  facet normal 0.233542 -0.972347 0
    outer loop
      vertex 67.6 2.93931 0.902731
      vertex 67.5674 2.93148 -1.28512
      vertex 67.6 2.93931 -1.33003
    endloop
  endfacet
  facet normal 0.923834 0.382793 0
    outer loop
      vertex 66.7526 0.964413 2.95252
      vertex 66.6685 1.16738 0.112707
      vertex 66.6685 1.16738 2.71488
    endloop
  endfacet
  facet normal 0.923834 0.382793 0
    outer loop
      vertex 66.6685 1.16738 0.112707
      vertex 66.7526 0.964413 2.95252
      vertex 66.7526 0.964413 -0.146034
    endloop
  endfacet
  facet normal 0.99693 0.0782941 -0
    outer loop
      vertex 66.6172 1.38099 0.270543
      vertex 66.6 1.6 2.20834
      vertex 66.6172 1.38099 2.46476
    endloop
  endfacet
  facet normal 0.99693 0.0782941 0
    outer loop
      vertex 66.6 1.6 2.20834
      vertex 66.6172 1.38099 0.270543
      vertex 66.6 1.6 0.323592
    endloop
  endfacet
  facet normal 0.99693 -0.0782941 0
    outer loop
      vertex 66.6 1.6 0.323592
      vertex 66.6172 1.81901 1.95191
      vertex 66.6 1.6 2.20834
    endloop
  endfacet
  facet normal 0.99693 -0.0782941 0
    outer loop
      vertex 66.6172 1.81901 1.95191
      vertex 66.6 1.6 0.323592
      vertex 66.6172 1.81901 0.270543
    endloop
  endfacet
  facet normal 0.760575 0.64925 0
    outer loop
      vertex 67.01 0.61005 3.36742
      vertex 66.8674 0.777101 -0.321655
      vertex 66.8674 0.777101 3.17183
    endloop
  endfacet
  facet normal 0.760575 0.64925 0
    outer loop
      vertex 66.8674 0.777101 -0.321655
      vertex 67.01 0.61005 3.36742
      vertex 67.01 0.61005 -0.51803
    endloop
  endfacet
  facet normal 0.923859 -0.382733 -9.53086e-06
    outer loop
      vertex 66.6685 2.03262 0.112707
      vertex 66.7526 2.23559 1.50377
      vertex 66.7008 2.11055 1.61055
    endloop
  endfacet
  facet normal 0.923794 -0.382889 0
    outer loop
      vertex 66.6685 2.03262 0.112707
      vertex 66.7008 2.11055 1.61055
      vertex 66.6685 2.03262 1.7018
    endloop
  endfacet
  facet normal 0.923836 -0.382789 0
    outer loop
      vertex 66.7526 2.23559 1.50377
      vertex 66.6685 2.03262 0.112707
      vertex 66.7526 2.23559 -0.146034
    endloop
  endfacet
  facet normal 0.760573 -0.649253 0
    outer loop
      vertex 66.8674 2.4229 -0.321655
      vertex 67.01 2.58995 1.20111
      vertex 66.8674 2.4229 1.34379
    endloop
  endfacet
  facet normal 0.760573 -0.649253 0
    outer loop
      vertex 67.01 2.58995 1.20111
      vertex 66.8674 2.4229 -0.321655
      vertex 67.01 2.58995 -0.51803
    endloop
  endfacet
  facet normal 0.52254 -0.852615 0
    outer loop
      vertex 67.1771 2.73262 -0.747955
      vertex 67.3644 2.84741 0.981223
      vertex 67.1771 2.73262 1.07926
    endloop
  endfacet
  facet normal 0.52254 -0.852615 0
    outer loop
      vertex 67.3644 2.84741 0.981223
      vertex 67.1771 2.73262 -0.747955
      vertex 67.3644 2.84741 -1.00577
    endloop
  endfacet
  facet normal 0.852607 -0.522552 0
    outer loop
      vertex 66.7526 2.23559 -0.146034
      vertex 66.8674 2.4229 -0.321655
      vertex 66.8674 2.4229 1.34379
    endloop
  endfacet
  facet normal 0.852607 -0.522552 0
    outer loop
      vertex 66.7526 2.23559 -0.146034
      vertex 66.8674 2.4229 1.34379
      vertex 66.7526 2.23559 1.50377
    endloop
  endfacet
  facet normal 0.853406 -0.521243 0.00191851
    outer loop
      vertex 66.8674 2.4229 -0.321655
      vertex 66.7526 2.23559 -0.146034
      vertex 66.763 2.2525 -0.177933
    endloop
  endfacet
  facet normal -0.972337 -0.233581 -0
    outer loop
      vertex 70.568 2.00673 -2.5
      vertex 70.4727 2.40344 -3.44846
      vertex 70.568 2.00673 -3.47941
    endloop
  endfacet
  facet normal -0.972337 -0.233581 0
    outer loop
      vertex 70.4727 2.40344 -3.44846
      vertex 70.568 2.00673 -2.5
      vertex 70.4727 2.40344 -2.5
    endloop
  endfacet
  facet normal -0.760486 0.649355 0
    outer loop
      vertex 69.8385 -0.238477 -3.24238
      vertex 70.1034 0.0717583 -2.5
      vertex 70.1034 0.0717583 -3.32847
    endloop
  endfacet
  facet normal -0.760486 0.649355 0
    outer loop
      vertex 70.1034 0.0717583 -2.5
      vertex 69.8385 -0.238477 -3.24238
      vertex 69.8385 -0.238477 -2.5
    endloop
  endfacet
  facet normal -0.760491 -0.649349 -0
    outer loop
      vertex 70.1034 3.12824 -2.5
      vertex 69.8385 3.43848 -3.24238
      vertex 70.1034 3.12824 -3.32847
    endloop
  endfacet
  facet normal -0.760491 -0.649349 0
    outer loop
      vertex 69.8385 3.43848 -3.24238
      vertex 70.1034 3.12824 -2.5
      vertex 69.8385 3.43848 -2.5
    endloop
  endfacet
  facet normal -0.85261 0.522548 0
    outer loop
      vertex 70.1034 0.0717583 -3.32847
      vertex 70.3166 0.419624 -2.5
      vertex 70.3166 0.419624 -3.39773
    endloop
  endfacet
  facet normal -0.85261 0.522548 0
    outer loop
      vertex 70.3166 0.419624 -2.5
      vertex 70.1034 0.0717583 -3.32847
      vertex 70.1034 0.0717583 -2.5
    endloop
  endfacet
  facet normal -0.923905 -0.382622 -0
    outer loop
      vertex 70.4727 2.40344 -2.5
      vertex 70.3166 2.78037 -3.39773
      vertex 70.4727 2.40344 -3.44846
    endloop
  endfacet
  facet normal -0.923905 -0.382622 0
    outer loop
      vertex 70.3166 2.78037 -3.39773
      vertex 70.4727 2.40344 -2.5
      vertex 70.3166 2.78037 -2.5
    endloop
  endfacet
  facet normal -0.649361 -0.76048 0
    outer loop
      vertex 69.5282 3.70344 -3.02357
      vertex 69.8385 3.43848 -2.5
      vertex 69.5282 3.70344 -2.5
    endloop
  endfacet
  facet normal -0.649355 -0.760486 -6.76809e-06
    outer loop
      vertex 69.8221 3.45249 -3.23705
      vertex 69.8385 3.43848 -2.5
      vertex 69.5282 3.70344 -3.02357
    endloop
  endfacet
  facet normal -0.649531 -0.760336 -0
    outer loop
      vertex 69.8385 3.43848 -2.5
      vertex 69.8221 3.45249 -3.23705
      vertex 69.8385 3.43848 -3.24238
    endloop
  endfacet
  facet normal -0.996919 -0.0784339 -0
    outer loop
      vertex 70.6 1.6 -2.5
      vertex 70.568 2.00673 -3.47941
      vertex 70.6 1.6 -3.48981
    endloop
  endfacet
  facet normal -0.996919 -0.0784339 0
    outer loop
      vertex 70.568 2.00673 -3.47941
      vertex 70.6 1.6 -2.5
      vertex 70.568 2.00673 -2.5
    endloop
  endfacet
  facet normal -0.923906 0.38262 0
    outer loop
      vertex 70.3166 0.419624 -3.39773
      vertex 70.4727 0.796556 -2.5
      vertex 70.4727 0.796556 -3.44846
    endloop
  endfacet
  facet normal -0.923906 0.38262 0
    outer loop
      vertex 70.4727 0.796556 -2.5
      vertex 70.3166 0.419624 -3.39773
      vertex 70.3166 0.419624 -2.5
    endloop
  endfacet
  facet normal -0.649371 0.760472 0
    outer loop
      vertex 69.8385 -0.238477 -2.5
      vertex 69.5282 -0.503444 -3.02357
      vertex 69.5282 -0.503444 -2.5
    endloop
  endfacet
  facet normal -0.64936 0.760481 -1.17316e-05
    outer loop
      vertex 69.8385 -0.238477 -2.5
      vertex 69.8221 -0.252492 -3.23705
      vertex 69.5282 -0.503444 -3.02357
    endloop
  endfacet
  facet normal -0.649665 0.760221 0
    outer loop
      vertex 69.8221 -0.252492 -3.23705
      vertex 69.8385 -0.238477 -2.5
      vertex 69.8385 -0.238477 -3.24238
    endloop
  endfacet
  facet normal 0 0 -1
    outer loop
      vertex 69.4 1.6 -2.5
      vertex 70.6 1.6 -2.5
      vertex 70.568 1.19327 -2.5
    endloop
  endfacet
  facet normal 0 0 -1
    outer loop
      vertex 69.3828 1.38099 -2.5
      vertex 70.568 1.19327 -2.5
      vertex 70.4727 0.796556 -2.5
    endloop
  endfacet
  facet normal 0 0 -1
    outer loop
      vertex 70.6 1.6 -2.5
      vertex 69.4 1.6 -2.5
      vertex 70.568 2.00673 -2.5
    endloop
  endfacet
  facet normal 0 0 -1
    outer loop
      vertex 69.3315 1.16738 -2.5
      vertex 70.4727 0.796556 -2.5
      vertex 70.3166 0.419624 -2.5
    endloop
  endfacet
  facet normal 0 0 -1
    outer loop
      vertex 69.3828 1.81901 -2.5
      vertex 70.568 2.00673 -2.5
      vertex 69.4 1.6 -2.5
    endloop
  endfacet
  facet normal 0 0 -1
    outer loop
      vertex 69.2474 0.964413 -2.5
      vertex 70.3166 0.419624 -2.5
      vertex 70.1034 0.0717583 -2.5
    endloop
  endfacet
  facet normal -0 0 -1
    outer loop
      vertex 70.568 2.00673 -2.5
      vertex 69.3828 1.81901 -2.5
      vertex 70.4727 2.40344 -2.5
    endloop
  endfacet
  facet normal 0 0 -1
    outer loop
      vertex 69.1326 0.777101 -2.5
      vertex 70.1034 0.0717583 -2.5
      vertex 69.8385 -0.238477 -2.5
    endloop
  endfacet
  facet normal 0 0 -1
    outer loop
      vertex 69.3315 2.03262 -2.5
      vertex 70.4727 2.40344 -2.5
      vertex 69.3828 1.81901 -2.5
    endloop
  endfacet
  facet normal 0 0 -1
    outer loop
      vertex 68.99 0.61005 -2.5
      vertex 69.8385 -0.238477 -2.5
      vertex 69.5282 -0.503444 -2.5
    endloop
  endfacet
  facet normal -0 0 -1
    outer loop
      vertex 70.4727 2.40344 -2.5
      vertex 69.3315 2.03262 -2.5
      vertex 70.3166 2.78037 -2.5
    endloop
  endfacet
  facet normal 0 0 -1
    outer loop
      vertex 69.2474 2.23559 -2.5
      vertex 70.3166 2.78037 -2.5
      vertex 69.3315 2.03262 -2.5
    endloop
  endfacet
  facet normal 0 0 -1
    outer loop
      vertex 70.568 1.19327 -2.5
      vertex 69.3828 1.38099 -2.5
      vertex 69.4 1.6 -2.5
    endloop
  endfacet
  facet normal 0 0 -1
    outer loop
      vertex 70.4727 0.796556 -2.5
      vertex 69.3315 1.16738 -2.5
      vertex 69.3828 1.38099 -2.5
    endloop
  endfacet
  facet normal 0 0 -1
    outer loop
      vertex 70.3166 0.419624 -2.5
      vertex 69.2474 0.964413 -2.5
      vertex 69.3315 1.16738 -2.5
    endloop
  endfacet
  facet normal 0 0 -1
    outer loop
      vertex 68.8076 0.458007 -2.5
      vertex 69.5282 -0.503444 -2.5
      vertex 69.1804 -0.716617 -2.5
    endloop
  endfacet
  facet normal 0 0 -1
    outer loop
      vertex 70.1034 0.0717583 -2.5
      vertex 69.1326 0.777101 -2.5
      vertex 69.2474 0.964413 -2.5
    endloop
  endfacet
  facet normal 0 0 -1
    outer loop
      vertex 69.8385 -0.238477 -2.5
      vertex 68.99 0.61005 -2.5
      vertex 69.1326 0.777101 -2.5
    endloop
  endfacet
  facet normal 0 0 -1
    outer loop
      vertex 69.5282 -0.503444 -2.5
      vertex 68.8229 0.467376 -2.5
      vertex 68.99 0.61005 -2.5
    endloop
  endfacet
  facet normal 0 0 -1
    outer loop
      vertex 68.8076 0.458007 -2.5
      vertex 69.1804 -0.716617 -2.5
      vertex 68.8076 -0.871021 -2.5
    endloop
  endfacet
  facet normal 0 0 -1
    outer loop
      vertex 69.5282 -0.503444 -2.5
      vertex 68.8076 0.458007 -2.5
      vertex 68.8229 0.467376 -2.5
    endloop
  endfacet
  facet normal -0 0 -1
    outer loop
      vertex 70.3166 2.78037 -2.5
      vertex 69.2474 2.23559 -2.5
      vertex 70.1034 3.12824 -2.5
    endloop
  endfacet
  facet normal 0 0 -1
    outer loop
      vertex 69.1326 2.4229 -2.5
      vertex 70.1034 3.12824 -2.5
      vertex 69.2474 2.23559 -2.5
    endloop
  endfacet
  facet normal -0 0 -1
    outer loop
      vertex 70.1034 3.12824 -2.5
      vertex 69.1326 2.4229 -2.5
      vertex 69.8385 3.43848 -2.5
    endloop
  endfacet
  facet normal 0 0 -1
    outer loop
      vertex 68.99 2.58995 -2.5
      vertex 69.8385 3.43848 -2.5
      vertex 69.1326 2.4229 -2.5
    endloop
  endfacet
  facet normal -0 0 -1
    outer loop
      vertex 69.8385 3.43848 -2.5
      vertex 68.99 2.58995 -2.5
      vertex 69.5282 3.70344 -2.5
    endloop
  endfacet
  facet normal 0 0 -1
    outer loop
      vertex 68.8229 2.73262 -2.5
      vertex 69.5282 3.70344 -2.5
      vertex 68.99 2.58995 -2.5
    endloop
  endfacet
  facet normal 0 0 -1
    outer loop
      vertex 68.8076 2.74199 -2.5
      vertex 69.5282 3.70344 -2.5
      vertex 68.8229 2.73262 -2.5
    endloop
  endfacet
  facet normal -0 0 -1
    outer loop
      vertex 69.5282 3.70344 -2.5
      vertex 68.8076 2.74199 -2.5
      vertex 69.1804 3.91662 -2.5
    endloop
  endfacet
  facet normal -0 0 -1
    outer loop
      vertex 69.1804 3.91662 -2.5
      vertex 68.8076 2.74199 -2.5
      vertex 68.8076 4.07102 -2.5
    endloop
  endfacet
  facet normal -0.996919 0.0784339 0
    outer loop
      vertex 70.568 1.19327 -3.47941
      vertex 70.6 1.6 -2.5
      vertex 70.6 1.6 -3.48981
    endloop
  endfacet
  facet normal -0.996919 0.0784339 0
    outer loop
      vertex 70.6 1.6 -2.5
      vertex 70.568 1.19327 -3.47941
      vertex 70.568 1.19327 -2.5
    endloop
  endfacet
  facet normal -0.852613 -0.522543 -0
    outer loop
      vertex 70.3166 2.78037 -2.5
      vertex 70.1034 3.12824 -3.32847
      vertex 70.3166 2.78037 -3.39773
    endloop
  endfacet
  facet normal -0.852613 -0.522543 0
    outer loop
      vertex 70.1034 3.12824 -3.32847
      vertex 70.3166 2.78037 -2.5
      vertex 70.1034 3.12824 -2.5
    endloop
  endfacet
  facet normal -0.522571 0.852596 0
    outer loop
      vertex 69.5282 -0.503444 -2.5
      vertex 69.1804 -0.716617 -2.77083
      vertex 69.1804 -0.716617 -2.5
    endloop
  endfacet
  facet normal -0.522571 0.852596 0
    outer loop
      vertex 69.1804 -0.716617 -2.77083
      vertex 69.5282 -0.503444 -2.5
      vertex 69.5282 -0.503444 -3.02357
    endloop
  endfacet
  facet normal -0.382644 -0.923896 0
    outer loop
      vertex 69.1804 3.91662 -2.77083
      vertex 69.1804 3.91662 -2.5
      vertex 68.8076 4.07102 -2.5
    endloop
  endfacet
  facet normal -0.382652 0.923893 0
    outer loop
      vertex 69.1804 -0.716617 -2.5
      vertex 69.1804 -0.716617 -2.77083
      vertex 68.8076 -0.871021 -2.5
    endloop
  endfacet
  facet normal -0.522584 -0.852588 0
    outer loop
      vertex 69.1804 3.91662 -2.77083
      vertex 69.5282 3.70344 -2.5
      vertex 69.1804 3.91662 -2.5
    endloop
  endfacet
  facet normal -0.522584 -0.852588 -0
    outer loop
      vertex 69.5282 3.70344 -2.5
      vertex 69.1804 3.91662 -2.77083
      vertex 69.5282 3.70344 -3.02357
    endloop
  endfacet
  facet normal -0.972338 0.233578 0
    outer loop
      vertex 70.4727 0.796556 -3.44846
      vertex 70.568 1.19327 -2.5
      vertex 70.568 1.19327 -3.47941
    endloop
  endfacet
  facet normal -0.972338 0.233578 0
    outer loop
      vertex 70.568 1.19327 -2.5
      vertex 70.4727 0.796556 -3.44846
      vertex 70.4727 0.796556 -2.5
    endloop
  endfacet
  facet normal 0.760669 0.64914 0
    outer loop
      vertex 67.01 23.41 1.20111
      vertex 66.8674 23.5771 1.29886
      vertex 66.8674 23.5771 1.34379
    endloop
  endfacet
  facet normal 0.760669 0.64914 0
    outer loop
      vertex 66.8674 23.5771 1.29886
      vertex 67.01 23.41 1.20111
      vertex 67.01 23.41 0.666416
    endloop
  endfacet
  facet normal 0.232696 0.97255 0
    outer loop
      vertex 67.6 23.0607 0.902731
      vertex 67.5674 23.0685 -0.708404
      vertex 67.5674 23.0685 0.90942
    endloop
  endfacet
  facet normal 0.232696 0.97255 0
    outer loop
      vertex 67.5674 23.0685 -0.708404
      vertex 67.6 23.0607 0.902731
      vertex 67.6 23.0607 -0.753866
    endloop
  endfacet
  facet normal 0.64914 0.760669 0
    outer loop
      vertex 67.1771 23.2674 1.07926
      vertex 67.01 23.41 0.666416
      vertex 67.01 23.41 1.20111
    endloop
  endfacet
  facet normal 0.64914 0.760669 0
    outer loop
      vertex 67.01 23.41 0.666416
      vertex 67.1771 23.2674 1.07926
      vertex 67.1771 23.2674 0.000778469
    endloop
  endfacet
  facet normal 0.38274 0.923856 0
    outer loop
      vertex 67.5674 23.0685 0.90942
      vertex 67.3644 23.1526 -0.403208
      vertex 67.3644 23.1526 0.981223
    endloop
  endfacet
  facet normal 0.382343 0.924021 7.20199e-05
    outer loop
      vertex 67.5674 23.0685 0.90942
      vertex 67.4449 23.1193 -0.524187
      vertex 67.3644 23.1526 -0.403208
    endloop
  endfacet
  facet normal 0.383062 0.923723 0
    outer loop
      vertex 67.4449 23.1193 -0.524187
      vertex 67.5674 23.0685 0.90942
      vertex 67.5674 23.0685 -0.708404
    endloop
  endfacet
  facet normal 0.852217 0.523188 -0.000848664
    outer loop
      vertex 66.8674 23.5771 1.34379
      vertex 66.8665 23.5785 1.3031
      vertex 66.8552 23.597 1.36075
    endloop
  endfacet
  facet normal 0.841178 0.540758 0
    outer loop
      vertex 66.8665 23.5785 1.3031
      vertex 66.8674 23.5771 1.34379
      vertex 66.8674 23.5771 1.29886
    endloop
  endfacet
  facet normal 0.522573 0.852595 0
    outer loop
      vertex 67.3644 23.1526 0.981223
      vertex 67.1771 23.2674 0.000778469
      vertex 67.1771 23.2674 1.07926
    endloop
  endfacet
  facet normal 0.522573 0.852595 -0
    outer loop
      vertex 67.3644 23.1526 -0.403208
      vertex 67.1771 23.2674 0.000778469
      vertex 67.3644 23.1526 0.981223
    endloop
  endfacet
  facet normal 0.52247 0.852658 -6.5652e-05
    outer loop
      vertex 67.1771 23.2674 0.000778469
      vertex 67.3644 23.1526 -0.403208
      vertex 67.2262 23.2373 -0.177933
    endloop
  endfacet
  facet normal -0.997079 -0.076372 0
    outer loop
      vertex 70.6 24.4 -2.51602
      vertex 70.6 24.4 -2.5
      vertex 70.5982 24.4235 -2.5
    endloop
  endfacet
  facet normal -0.852582 0.522594 0
    outer loop
      vertex 70.2021 23.0328 -3.03329
      vertex 70.3166 23.2196 -2.5
      vertex 70.3166 23.2196 -2.99566
    endloop
  endfacet
  facet normal -0.852548 0.522649 0
    outer loop
      vertex 70.1034 22.8718 -2.5
      vertex 70.2021 23.0328 -3.03329
      vertex 70.1034 22.8718 -3.0224
    endloop
  endfacet
  facet normal -0.852566 0.52262 -1.22269e-05
    outer loop
      vertex 70.2021 23.0328 -3.03329
      vertex 70.1034 22.8718 -2.5
      vertex 70.3166 23.2196 -2.5
    endloop
  endfacet
  facet normal -0.52262 0.852566 -0.000148333
    outer loop
      vertex 69.3485 22.1864 -2.75648
      vertex 69.1804 22.0834 -2.5
      vertex 69.5282 22.2966 -2.5
    endloop
  endfacet
  facet normal -0.522455 0.852667 0
    outer loop
      vertex 69.1804 22.0834 -2.5
      vertex 69.3485 22.1864 -2.75648
      vertex 69.1804 22.0834 -2.64616
    endloop
  endfacet
  facet normal -0.522773 0.852472 0
    outer loop
      vertex 69.3485 22.1864 -2.75648
      vertex 69.5282 22.2966 -2.5
      vertex 69.5282 22.2966 -2.83749
    endloop
  endfacet
  facet normal -0.996884 0.0788819 0
    outer loop
      vertex 70.5931 24.3128 -2.5709
      vertex 70.6 24.4 -2.5
      vertex 70.6 24.4 -2.51602
    endloop
  endfacet
  facet normal -0.996928 0.0783189 0
    outer loop
      vertex 70.568 23.9933 -2.5
      vertex 70.5931 24.3128 -2.5709
      vertex 70.568 23.9933 -2.72401
    endloop
  endfacet
  facet normal -0.996919 0.0784396 0.000547293
    outer loop
      vertex 70.5931 24.3128 -2.5709
      vertex 70.568 23.9933 -2.5
      vertex 70.6 24.4 -2.5
    endloop
  endfacet
  facet normal -0.382756 0.923849 0
    outer loop
      vertex 69.1804 22.0834 -2.5
      vertex 69.1804 22.0834 -2.64616
      vertex 68.9651 21.9942 -2.5
    endloop
  endfacet
  facet normal -0.972336 0.233586 0
    outer loop
      vertex 70.4727 23.5966 -2.5
      vertex 70.568 23.9933 -2.72401
      vertex 70.4727 23.5966 -2.88081
    endloop
  endfacet
  facet normal -0.972336 0.233586 0
    outer loop
      vertex 70.568 23.9933 -2.72401
      vertex 70.4727 23.5966 -2.5
      vertex 70.568 23.9933 -2.5
    endloop
  endfacet
  facet normal -0.92393 0.382561 0
    outer loop
      vertex 70.3166 23.2196 -2.5
      vertex 70.4727 23.5966 -2.88081
      vertex 70.3166 23.2196 -2.99566
    endloop
  endfacet
  facet normal -0.92393 0.382561 0
    outer loop
      vertex 70.4727 23.5966 -2.88081
      vertex 70.3166 23.2196 -2.5
      vertex 70.4727 23.5966 -2.5
    endloop
  endfacet
  facet normal -0.760553 0.649276 0
    outer loop
      vertex 69.8385 22.5615 -2.95233
      vertex 70.1034 22.8718 -2.5
      vertex 70.1034 22.8718 -3.0224
    endloop
  endfacet
  facet normal -0.760553 0.649276 0
    outer loop
      vertex 70.1034 22.8718 -2.5
      vertex 69.8385 22.5615 -2.95233
      vertex 69.8385 22.5615 -2.5
    endloop
  endfacet
  facet normal 0 0 -1
    outer loop
      vertex 70.5358 24.3917 -2.5
      vertex 70.6 24.4 -2.5
      vertex 70.568 23.9933 -2.5
    endloop
  endfacet
  facet normal -0 0 -1
    outer loop
      vertex 70.6 24.4 -2.5
      vertex 70.5358 24.3917 -2.5
      vertex 70.5982 24.4235 -2.5
    endloop
  endfacet
  facet normal 0 0 -1
    outer loop
      vertex 69.6083 23.4642 -2.5
      vertex 70.568 23.9933 -2.5
      vertex 70.4727 23.5966 -2.5
    endloop
  endfacet
  facet normal 0 0 -1
    outer loop
      vertex 69.6083 23.4642 -2.5
      vertex 70.4727 23.5966 -2.5
      vertex 70.3166 23.2196 -2.5
    endloop
  endfacet
  facet normal 0 0 -1
    outer loop
      vertex 69.6083 23.4642 -2.5
      vertex 70.3166 23.2196 -2.5
      vertex 70.1034 22.8718 -2.5
    endloop
  endfacet
  facet normal 0 0 -1
    outer loop
      vertex 69.4153 23.0855 -2.5
      vertex 70.1034 22.8718 -2.5
      vertex 69.8385 22.5615 -2.5
    endloop
  endfacet
  facet normal -0 0 -1
    outer loop
      vertex 70.568 23.9933 -2.5
      vertex 69.6083 23.4642 -2.5
      vertex 70.5358 24.3917 -2.5
    endloop
  endfacet
  facet normal 0 0 -1
    outer loop
      vertex 69.4153 23.0855 -2.5
      vertex 69.8385 22.5615 -2.5
      vertex 69.5282 22.2966 -2.5
    endloop
  endfacet
  facet normal 0 0 -1
    outer loop
      vertex 70.1034 22.8718 -2.5
      vertex 69.4153 23.0855 -2.5
      vertex 69.6083 23.4642 -2.5
    endloop
  endfacet
  facet normal 0 0 -1
    outer loop
      vertex 69.0128 22.2955 -2.5
      vertex 69.5282 22.2966 -2.5
      vertex 69.1804 22.0834 -2.5
    endloop
  endfacet
  facet normal -0 0 -1
    outer loop
      vertex 69.5282 22.2966 -2.5
      vertex 69.0128 22.2955 -2.5
      vertex 69.4153 23.0855 -2.5
    endloop
  endfacet
  facet normal 0 -0 -1
    outer loop
      vertex 69.0128 22.2955 -2.5
      vertex 69.1804 22.0834 -2.5
      vertex 68.9651 21.9942 -2.5
    endloop
  endfacet
  facet normal -0.649276 0.760553 0
    outer loop
      vertex 69.8385 22.5615 -2.5
      vertex 69.5282 22.2966 -2.83749
      vertex 69.5282 22.2966 -2.5
    endloop
  endfacet
  facet normal -0.649246 0.760578 -4.7983e-05
    outer loop
      vertex 69.8385 22.5615 -2.5
      vertex 69.7297 22.4686 -2.91206
      vertex 69.5282 22.2966 -2.83749
    endloop
  endfacet
  facet normal -0.649351 0.760489 0
    outer loop
      vertex 69.7297 22.4686 -2.91206
      vertex 69.8385 22.5615 -2.5
      vertex 69.8385 22.5615 -2.95233
    endloop
  endfacet
  facet normal 0 0 -1
    outer loop
      vertex 67.6 -0.2 22.2
      vertex 66.35 1.09467 22.2
      vertex 67.6 1.09467 22.2
    endloop
  endfacet
  facet normal 0 0 -1
    outer loop
      vertex 66.0862 -0.2 22.2
      vertex 66.35 1.09467 22.2
      vertex 67.6 -0.2 22.2
    endloop
  endfacet
  facet normal 0 0 -1
    outer loop
      vertex 66.0862 21 22.2
      vertex 66.35 1.09467 22.2
      vertex 66.0862 -0.2 22.2
    endloop
  endfacet
  facet normal 0 0 -1
    outer loop
      vertex 66.35 1.09467 22.2
      vertex 66.0862 21 22.2
      vertex 66.35 22.6657 22.2
    endloop
  endfacet
  facet normal 0 0 -1
    outer loop
      vertex 67.6 24.9053 22.2
      vertex 67.4066 25.0638 22.2
      vertex 67.6 25.2572 22.2
    endloop
  endfacet
  facet normal 0 -0 -1
    outer loop
      vertex 67.4066 25.0638 22.2
      vertex 67.6 24.9053 22.2
      vertex 67.3258 24.9053 22.2
    endloop
  endfacet
  facet normal -0 0 1
    outer loop
      vertex 66.0862 21 5.8
      vertex 66.35 -0.2 5.8
      vertex 66.35 22.6657 5.8
    endloop
  endfacet
  facet normal 0 0 1
    outer loop
      vertex 66.35 -0.2 5.8
      vertex 66.0862 21 5.8
      vertex 66.0862 -0.2 5.8
    endloop
  endfacet
  facet normal 0 1 0
    outer loop
      vertex 66.35 -0.2 20.3425
      vertex 67.6 -0.2 22.2
      vertex 67.6 -0.2 20.3425
    endloop
  endfacet
  facet normal 0 1 0
    outer loop
      vertex 67.6 -0.2 22.2
      vertex 66.35 -0.2 20.3425
      vertex 66.0862 -0.2 22.2
    endloop
  endfacet
  facet normal 0 1 0
    outer loop
      vertex 66.0862 -0.2 5.8
      vertex 66.35 -0.2 20.3425
      vertex 66.35 -0.2 5.8
    endloop
  endfacet
  facet normal 0 1 0
    outer loop
      vertex 66.35 -0.2 20.3425
      vertex 66.0862 -0.2 5.8
      vertex 66.0862 -0.2 22.2
    endloop
  endfacet
  facet normal 0 -0.382693 -0.923876
    outer loop
      vertex 66.35 17.7589 27.1463
      vertex 67.6 19.9915 26.2215
      vertex 67.6 17.7589 27.1463
    endloop
  endfacet
  facet normal -0 -0.382693 -0.923876
    outer loop
      vertex 67.6 19.9915 26.2215
      vertex 66.35 17.7589 27.1463
      vertex 66.35 19.9915 26.2215
    endloop
  endfacet
  facet normal 0 -0.233447 0.97237
    outer loop
      vertex 73.65 16.702 -2.4
      vertex 69.0972 15.4091 -2.7104
      vertex 73.65 15.4091 -2.7104
    endloop
  endfacet
  facet normal 0 -0.233447 0.97237
    outer loop
      vertex 69.0972 15.4091 -2.7104
      vertex 73.65 16.702 -2.4
      vertex 68.67 16.702 -2.4
    endloop
  endfacet
  facet normal -6.9356e-06 -0.649478 -0.76038
    outer loop
      vertex 66.4246 23.1365 24.0325
      vertex 67.6 23.8894 23.3894
      vertex 67.6 22.0519 24.9589
    endloop
  endfacet
  facet normal -0 -0.649485 -0.760375
    outer loop
      vertex 67.6 23.8894 23.3894
      vertex 66.4246 23.1365 24.0325
      vertex 66.8082 23.8894 23.3894
    endloop
  endfacet
  facet normal 0 -0.649495 -0.760366
    outer loop
      vertex 66.35 22.6657 24.4346
      vertex 67.6 22.0519 24.9589
      vertex 66.35 22.0519 24.9589
    endloop
  endfacet
  facet normal 3.77151e-05 -0.64945 -0.760404
    outer loop
      vertex 67.6 22.0519 24.9589
      vertex 66.35 22.6657 24.4346
      vertex 66.4246 23.1365 24.0325
    endloop
  endfacet
  facet normal 0 -0.760388 -0.649469
    outer loop
      vertex 67.3258 24.9053 22.2
      vertex 67.6 23.8894 23.3894
      vertex 66.8082 23.8894 23.3894
    endloop
  endfacet
  facet normal 0 -0.760388 -0.649469
    outer loop
      vertex 67.6 23.8894 23.3894
      vertex 67.3258 24.9053 22.2
      vertex 67.6 24.9053 22.2
    endloop
  endfacet
  facet normal 0 -0.233431 -0.972373
    outer loop
      vertex 66.35 15.4091 27.7104
      vertex 67.6 17.7589 27.1463
      vertex 67.6 15.4091 27.7104
    endloop
  endfacet
  facet normal -0 -0.233431 -0.972373
    outer loop
      vertex 67.6 17.7589 27.1463
      vertex 66.35 15.4091 27.7104
      vertex 66.35 17.7589 27.1463
    endloop
  endfacet
  facet normal 0 0.760394 -0.649462
    outer loop
      vertex 67.6 1.09467 22.2
      vertex 66.35 2.11055 23.3894
      vertex 67.6 2.11055 23.3894
    endloop
  endfacet
  facet normal 0 0.760394 -0.649462
    outer loop
      vertex 66.35 2.11055 23.3894
      vertex 67.6 1.09467 22.2
      vertex 66.35 1.09467 22.2
    endloop
  endfacet
  facet normal 0 0.972371 -0.233443
    outer loop
      vertex 67.6 -2.2104 14.9091
      vertex 66.35 -1.64627 17.2589
      vertex 67.6 -1.64627 17.2589
    endloop
  endfacet
  facet normal 0 0.972371 -0.233443
    outer loop
      vertex 66.35 -1.64627 17.2589
      vertex 67.6 -2.2104 14.9091
      vertex 66.35 -2.2104 14.9091
    endloop
  endfacet
  facet normal 0.000170006 -0.852686 -0.522423
    outer loop
      vertex 69.1876 26.7215 19.4915
      vertex 68.7428 26.4 20.0161
      vertex 68.9362 26.5934 19.7005
    endloop
  endfacet
  facet normal 0 -0.852622 -0.522528
    outer loop
      vertex 68.7428 26.4 20.0161
      vertex 69.1876 26.7215 19.4915
      vertex 73.65 26.4 20.0161
    endloop
  endfacet
  facet normal 0 -0.852622 -0.522528
    outer loop
      vertex 73.65 26.4 20.0161
      vertex 69.1876 26.7215 19.4915
      vertex 73.65 26.7215 19.4915
    endloop
  endfacet
  facet normal 0 -0.972383 -0.233389
    outer loop
      vertex 73 27.9138 16.1444
      vertex 73.65 27.6463 17.2589
      vertex 71.3108 27.6463 17.2589
    endloop
  endfacet
  facet normal 0 -0.972383 -0.233389
    outer loop
      vertex 73.65 27.6463 17.2589
      vertex 73 27.9138 16.1444
      vertex 73.65 27.9138 16.1444
    endloop
  endfacet
  facet normal 0 0.97237 0.233446
    outer loop
      vertex 67.6 -1.64627 7.74114
      vertex 66.35 -2.2104 10.0909
      vertex 67.6 -2.2104 10.0909
    endloop
  endfacet
  facet normal 0 0.97237 0.233446
    outer loop
      vertex 66.35 -2.2104 10.0909
      vertex 67.6 -1.64627 7.74114
      vertex 66.35 -1.64627 7.74114
    endloop
  endfacet
  facet normal 0 -0.078459 0.996917
    outer loop
      vertex 73.65 15.4091 -2.7104
      vertex 69.3582 13 -2.9
      vertex 73.65 13 -2.9
    endloop
  endfacet
  facet normal 0 -0.078459 0.996917
    outer loop
      vertex 69.3582 13 -2.9
      vertex 73.65 15.4091 -2.7104
      vertex 69.0972 15.4091 -2.7104
    endloop
  endfacet
  facet normal 0 0.382702 0.923872
    outer loop
      vertex 67.6 6.00855 -1.2215
      vertex 67.6 6.27055 -1.33003
      vertex 67.5211 6.00855 -1.2215
    endloop
  endfacet
  facet normal 0 -0.97238 0.233405
    outer loop
      vertex 73.65 27.6463 7.74114
      vertex 73 27.9138 8.85556
      vertex 71.3108 27.6463 7.74114
    endloop
  endfacet
  facet normal 0 -0.97238 0.233405
    outer loop
      vertex 73 27.9138 8.85556
      vertex 73.65 27.6463 7.74114
      vertex 73.65 27.9138 8.85556
    endloop
  endfacet
  facet normal 0 0.522487 -0.852647
    outer loop
      vertex 66.35 3.94811 24.9589
      vertex 67.6 6.00855 26.2215
      vertex 67.6 3.94811 24.9589
    endloop
  endfacet
  facet normal 0 0.522487 -0.852647
    outer loop
      vertex 67.6 6.00855 26.2215
      vertex 66.35 3.94811 24.9589
      vertex 66.35 6.00855 26.2215
    endloop
  endfacet
  facet normal -1 0 0
    outer loop
      vertex 73.65 13 -2.9
      vertex 73.65 16.702 -2.4
      vertex 73.65 15.4091 -2.7104
    endloop
  endfacet
  facet normal -1 0 0
    outer loop
      vertex 73.65 9.298 -2.4
      vertex 73.65 13 -2.9
      vertex 73.65 10.5909 -2.7104
    endloop
  endfacet
  facet normal -1 0 0
    outer loop
      vertex 73.65 13 -2.9
      vertex 73.65 9.298 -2.4
      vertex 73.65 16.702 -2.4
    endloop
  endfacet
  facet normal -1 0 0
    outer loop
      vertex 73.65 26.4 4.9839
      vertex 73.65 27.9138 8.85556
      vertex 73.65 27.6463 7.74114
    endloop
  endfacet
  facet normal -1 -0 0
    outer loop
      vertex 73.65 27.9138 8.85556
      vertex 73.65 26.4 4.9839
      vertex 73.65 27.9138 16.1444
    endloop
  endfacet
  facet normal -1 0 0
    outer loop
      vertex 73.65 26.4 4.9839
      vertex 73.65 27.6463 7.74114
      vertex 73.65 26.7215 5.50855
    endloop
  endfacet
  facet normal -1 0 0
    outer loop
      vertex 73.65 26.4 20.0161
      vertex 73.65 27.9138 16.1444
      vertex 73.65 26.4 4.9839
    endloop
  endfacet
  facet normal -1 0 0
    outer loop
      vertex 73.65 27.9138 16.1444
      vertex 73.65 26.4 20.0161
      vertex 73.65 27.6463 17.2589
    endloop
  endfacet
  facet normal -1 0 0
    outer loop
      vertex 73.65 27.6463 17.2589
      vertex 73.65 26.4 20.0161
      vertex 73.65 26.7215 19.4915
    endloop
  endfacet
  facet normal 1.12374e-05 0.852641 0.522497
    outer loop
      vertex 67.5674 0.26852 3.89298
      vertex 67.6 -0.7215 5.50855
      vertex 67.6 0.260688 3.90576
    endloop
  endfacet
  facet normal 0 0.852641 0.522498
    outer loop
      vertex 67.6 -0.7215 5.50855
      vertex 67.5674 0.26852 3.89298
      vertex 66.35 -0.7215 5.50855
    endloop
  endfacet
  facet normal 3.00018e-06 0.85264 0.522499
    outer loop
      vertex 67.3644 0.352591 3.75579
      vertex 66.35 -0.7215 5.50855
      vertex 67.5674 0.26852 3.89298
    endloop
  endfacet
  facet normal -1.99816e-06 0.852637 0.522504
    outer loop
      vertex 66.35 0.541138 3.44811
      vertex 67.3644 0.352591 3.75579
      vertex 67.1771 0.467376 3.56848
    endloop
  endfacet
  facet normal -0 0.852643 0.522494
    outer loop
      vertex 66.35 0.541138 3.44811
      vertex 67.1771 0.467376 3.56848
      vertex 67.0907 0.541138 3.44811
    endloop
  endfacet
  facet normal 5.38824e-07 0.85264 0.522498
    outer loop
      vertex 67.3644 0.352591 3.75579
      vertex 66.35 0.541138 3.44811
      vertex 66.35 -0.7215 5.50855
    endloop
  endfacet
  facet normal 0 -0.382577 0.923924
    outer loop
      vertex 67.6 19.7294 -1.33003
      vertex 67.6 19.9915 -1.2215
      vertex 67.5211 19.9915 -1.2215
    endloop
  endfacet
  facet normal 0 0.92388 -0.382682
    outer loop
      vertex 67.6 -1.64627 17.2589
      vertex 66.35 -0.7215 19.4915
      vertex 67.6 -0.7215 19.4915
    endloop
  endfacet
  facet normal 0 0.92388 -0.382682
    outer loop
      vertex 66.35 -0.7215 19.4915
      vertex 67.6 -1.64627 17.2589
      vertex 66.35 -1.64627 17.2589
    endloop
  endfacet
  facet normal -0 0.522498 0.85264
    outer loop
      vertex 67.5211 6.00855 -1.2215
      vertex 67.6 3.94811 0.0411377
      vertex 67.6 6.00855 -1.2215
    endloop
  endfacet
  facet normal -8.45278e-07 0.522498 0.85264
    outer loop
      vertex 66.763 4.3056 -0.177933
      vertex 67.6 3.94811 0.0411377
      vertex 67.5211 6.00855 -1.2215
    endloop
  endfacet
  facet normal 0 0.5225 0.85264
    outer loop
      vertex 67.6 3.94811 0.0411377
      vertex 66.763 4.3056 -0.177933
      vertex 66.6918 3.94811 0.0411377
    endloop
  endfacet
  facet normal 0.00063436 -0.649446 0.760407
    outer loop
      vertex 67.5674 23.0685 0.90942
      vertex 67.6 22.0519 0.0411377
      vertex 67.6 23.0607 0.902731
    endloop
  endfacet
  facet normal -7.86679e-05 -0.649426 0.760425
    outer loop
      vertex 66.8136 22.4277 0.362079
      vertex 67.5674 23.0685 0.90942
      vertex 67.3644 23.1526 0.981223
    endloop
  endfacet
  facet normal 1.87181e-05 -0.649386 0.760459
    outer loop
      vertex 66.7414 23.0335 0.879534
      vertex 67.3644 23.1526 0.981223
      vertex 67.1771 23.2674 1.07926
    endloop
  endfacet
  facet normal 0.000148645 -0.649526 0.760339
    outer loop
      vertex 66.7414 23.0335 0.879534
      vertex 67.1771 23.2674 1.07926
      vertex 67.01 23.41 1.20111
    endloop
  endfacet
  facet normal -0.000602553 -0.649648 0.760235
    outer loop
      vertex 66.8477 23.5596 1.32882
      vertex 67.01 23.41 1.20111
      vertex 66.8674 23.5771 1.34379
    endloop
  endfacet
  facet normal 5.06132e-05 -0.649483 0.760376
    outer loop
      vertex 67.3644 23.1526 0.981223
      vertex 66.7414 23.0335 0.879534
      vertex 66.8136 22.4277 0.362079
    endloop
  endfacet
  facet normal -0.00138559 -0.649138 0.760669
    outer loop
      vertex 66.8477 23.5596 1.32882
      vertex 66.8674 23.5771 1.34379
      vertex 66.8552 23.597 1.36075
    endloop
  endfacet
  facet normal -0.000187355 -0.649388 0.760457
    outer loop
      vertex 67.01 23.41 1.20111
      vertex 66.8477 23.5596 1.32882
      vertex 66.7414 23.0335 0.879534
    endloop
  endfacet
  facet normal 0 -0.649422 0.760428
    outer loop
      vertex 67.6 22.0519 0.0411377
      vertex 66.8136 22.4277 0.362079
      vertex 66.8584 22.0519 0.0411377
    endloop
  endfacet
  facet normal -3.0488e-05 -0.649459 0.760397
    outer loop
      vertex 67.5674 23.0685 0.90942
      vertex 66.8136 22.4277 0.362079
      vertex 67.6 22.0519 0.0411377
    endloop
  endfacet
  facet normal 0 0.078459 -0.996917
    outer loop
      vertex 66.35 10.5909 27.7104
      vertex 67.6 13 27.9
      vertex 67.6 10.5909 27.7104
    endloop
  endfacet
  facet normal 0 0.078459 -0.996917
    outer loop
      vertex 67.6 13 27.9
      vertex 66.35 10.5909 27.7104
      vertex 66.35 13 27.9
    endloop
  endfacet
  facet normal -4.18518e-05 -0.852629 0.522517
    outer loop
      vertex 68.7428 26.4 4.9839
      vertex 69.1876 26.7215 5.50855
      vertex 68.9362 26.5934 5.2995
    endloop
  endfacet
  facet normal 0 -0.852644 0.522492
    outer loop
      vertex 69.1876 26.7215 5.50855
      vertex 68.7428 26.4 4.9839
      vertex 73.65 26.4 4.9839
    endloop
  endfacet
  facet normal 0 -0.852644 0.522492
    outer loop
      vertex 69.1876 26.7215 5.50855
      vertex 73.65 26.4 4.9839
      vertex 73.65 26.7215 5.50855
    endloop
  endfacet
  facet normal 8.67477e-05 -0.923843 0.382772
    outer loop
      vertex 73.65 26.7215 5.50855
      vertex 71.3108 27.6463 7.74114
      vertex 70.8635 27.5754 7.57012
    endloop
  endfacet
  facet normal 0 -0.923884 0.382672
    outer loop
      vertex 73.65 26.7215 5.50855
      vertex 70.8635 27.5754 7.57012
      vertex 69.1876 26.7215 5.50855
    endloop
  endfacet
  facet normal 0 -0.923875 0.382694
    outer loop
      vertex 71.3108 27.6463 7.74114
      vertex 73.65 26.7215 5.50855
      vertex 73.65 27.6463 7.74114
    endloop
  endfacet
  facet normal 0 -0.078459 -0.996917
    outer loop
      vertex 66.35 13 27.9
      vertex 67.6 15.4091 27.7104
      vertex 67.6 13 27.9
    endloop
  endfacet
  facet normal -0 -0.078459 -0.996917
    outer loop
      vertex 67.6 15.4091 27.7104
      vertex 66.35 13 27.9
      vertex 66.35 15.4091 27.7104
    endloop
  endfacet
  facet normal 0 0.760424 0.649428
    outer loop
      vertex 67.01 0.61005 3.36742
      vertex 66.35 0.541138 3.44811
      vertex 67.0907 0.541138 3.44811
    endloop
  endfacet
  facet normal 4.58155e-06 0.760405 0.649449
    outer loop
      vertex 66.8674 0.777101 3.17183
      vertex 66.35 0.541138 3.44811
      vertex 67.01 0.61005 3.36742
    endloop
  endfacet
  facet normal 7.92848e-06 0.760402 0.649453
    outer loop
      vertex 66.7526 0.964413 2.95252
      vertex 66.35 0.541138 3.44811
      vertex 66.8674 0.777101 3.17183
    endloop
  endfacet
  facet normal 7.44347e-06 0.760402 0.649453
    outer loop
      vertex 66.6685 1.16738 2.71488
      vertex 66.35 0.541138 3.44811
      vertex 66.7526 0.964413 2.95252
    endloop
  endfacet
  facet normal -6.73595e-05 0.760418 0.649434
    outer loop
      vertex 66.6172 1.38099 2.46476
      vertex 66.35 0.541138 3.44811
      vertex 66.6685 1.16738 2.71488
    endloop
  endfacet
  facet normal -9.54592e-05 0.760393 0.649463
    outer loop
      vertex 66.35 2.11055 1.61055
      vertex 66.6172 1.38099 2.46476
      vertex 66.6 1.6 2.20834
    endloop
  endfacet
  facet normal -1.68806e-05 0.760409 0.649444
    outer loop
      vertex 66.35 2.11055 1.61055
      vertex 66.6 1.6 2.20834
      vertex 66.6172 1.81901 1.95191
    endloop
  endfacet
  facet normal 4.41239e-06 0.760409 0.649445
    outer loop
      vertex 66.6172 1.38099 2.46476
      vertex 66.35 2.11055 1.61055
      vertex 66.35 0.541138 3.44811
    endloop
  endfacet
  facet normal -7.57517e-06 0.760413 0.64944
    outer loop
      vertex 66.6685 2.03262 1.7018
      vertex 66.35 2.11055 1.61055
      vertex 66.6172 1.81901 1.95191
    endloop
  endfacet
  facet normal -0 0.760426 0.649425
    outer loop
      vertex 66.35 2.11055 1.61055
      vertex 66.6685 2.03262 1.7018
      vertex 66.7008 2.11055 1.61055
    endloop
  endfacet
  facet normal 0 0.996917 0.078459
    outer loop
      vertex 67.6 -2.2104 10.0909
      vertex 66.35 -2.4 12.5
      vertex 67.6 -2.4 12.5
    endloop
  endfacet
  facet normal 0 0.996917 0.078459
    outer loop
      vertex 66.35 -2.4 12.5
      vertex 67.6 -2.2104 10.0909
      vertex 66.35 -2.2104 10.0909
    endloop
  endfacet
  facet normal 0 0.233435 -0.972373
    outer loop
      vertex 66.35 8.24114 27.1463
      vertex 67.6 10.5909 27.7104
      vertex 67.6 8.24114 27.1463
    endloop
  endfacet
  facet normal 0 0.233435 -0.972373
    outer loop
      vertex 67.6 10.5909 27.7104
      vertex 66.35 8.24114 27.1463
      vertex 66.35 10.5909 27.7104
    endloop
  endfacet
  facet normal 3.67097e-05 0.649447 0.760407
    outer loop
      vertex 67.6 3.94811 0.0411377
      vertex 67.5674 2.93148 0.90942
      vertex 67.6 2.93931 0.902731
    endloop
  endfacet
  facet normal 2.20662e-06 0.649447 0.760407
    outer loop
      vertex 67.6 3.94811 0.0411377
      vertex 67.3644 2.84741 0.981223
      vertex 67.5674 2.93148 0.90942
    endloop
  endfacet
  facet normal -0 0.649448 0.760406
    outer loop
      vertex 66.6918 3.94811 0.0411377
      vertex 67.3644 2.84741 0.981223
      vertex 67.6 3.94811 0.0411377
    endloop
  endfacet
  facet normal -8.22665e-06 0.649445 0.760409
    outer loop
      vertex 67.3644 2.84741 0.981223
      vertex 66.6918 3.94811 0.0411377
      vertex 67.1771 2.73262 1.07926
    endloop
  endfacet
  facet normal -5.86571e-07 0.649446 0.760407
    outer loop
      vertex 66.35 2.71652 1.09301
      vertex 67.1771 2.73262 1.07926
      vertex 66.6918 3.94811 0.0411377
    endloop
  endfacet
  facet normal -4.78092e-07 0.649443 0.76041
    outer loop
      vertex 67.1771 2.73262 1.07926
      vertex 66.35 2.71652 1.09301
      vertex 67.01 2.58995 1.20111
    endloop
  endfacet
  facet normal 5.34936e-06 0.649461 0.760395
    outer loop
      vertex 67.01 2.58995 1.20111
      vertex 66.35 2.71652 1.09301
      vertex 66.8674 2.4229 1.34379
    endloop
  endfacet
  facet normal -1.59623e-06 0.649454 0.760401
    outer loop
      vertex 66.8674 2.4229 1.34379
      vertex 66.35 2.71652 1.09301
      vertex 66.7526 2.23559 1.50377
    endloop
  endfacet
  facet normal -2.40781e-05 0.649443 0.76041
    outer loop
      vertex 66.35 2.11055 1.61055
      vertex 66.7526 2.23559 1.50377
      vertex 66.35 2.71652 1.09301
    endloop
  endfacet
  facet normal 0 0.649398 0.760449
    outer loop
      vertex 66.7526 2.23559 1.50377
      vertex 66.35 2.11055 1.61055
      vertex 66.7008 2.11055 1.61055
    endloop
  endfacet
  facet normal -0 0.078459 0.996917
    outer loop
      vertex 69.3582 13 -2.9
      vertex 73.65 10.5909 -2.7104
      vertex 73.65 13 -2.9
    endloop
  endfacet
  facet normal 0 0.078459 0.996917
    outer loop
      vertex 73.65 10.5909 -2.7104
      vertex 69.3582 13 -2.9
      vertex 69.0972 10.5909 -2.7104
    endloop
  endfacet
  facet normal 0 -0.923886 -0.382667
    outer loop
      vertex 70.8635 27.5754 17.4299
      vertex 73.65 26.7215 19.4915
      vertex 69.1876 26.7215 19.4915
    endloop
  endfacet
  facet normal 9.94353e-05 -0.923839 -0.382782
    outer loop
      vertex 71.3108 27.6463 17.2589
      vertex 73.65 26.7215 19.4915
      vertex 70.8635 27.5754 17.4299
    endloop
  endfacet
  facet normal 0 -0.923876 -0.382693
    outer loop
      vertex 73.65 26.7215 19.4915
      vertex 71.3108 27.6463 17.2589
      vertex 73.65 27.6463 17.2589
    endloop
  endfacet
  facet normal -0 0.233447 0.97237
    outer loop
      vertex 69.0972 10.5909 -2.7104
      vertex 73.65 9.298 -2.4
      vertex 73.65 10.5909 -2.7104
    endloop
  endfacet
  facet normal 0 0.233447 0.97237
    outer loop
      vertex 73.65 9.298 -2.4
      vertex 69.0972 10.5909 -2.7104
      vertex 68.67 9.298 -2.4
    endloop
  endfacet
  facet normal 0 0.923879 0.382684
    outer loop
      vertex 67.6 -0.7215 5.50855
      vertex 66.35 -1.64627 7.74114
      vertex 67.6 -1.64627 7.74114
    endloop
  endfacet
  facet normal 0 0.923879 0.382684
    outer loop
      vertex 66.35 -1.64627 7.74114
      vertex 67.6 -0.7215 5.50855
      vertex 66.35 -0.7215 5.50855
    endloop
  endfacet
  facet normal 0 0.382694 -0.923875
    outer loop
      vertex 66.35 6.00855 26.2215
      vertex 67.6 8.24114 27.1463
      vertex 67.6 6.00855 26.2215
    endloop
  endfacet
  facet normal 0 0.382694 -0.923875
    outer loop
      vertex 67.6 8.24114 27.1463
      vertex 66.35 6.00855 26.2215
      vertex 66.35 8.24114 27.1463
    endloop
  endfacet
  facet normal 2.77303e-05 -0.522505 0.852636
    outer loop
      vertex 67.0721 21 -0.603462
      vertex 67.6 19.9915 -1.2215
      vertex 67.6 22.0519 0.0411377
    endloop
  endfacet
  facet normal 0 -0.522516 0.852629
    outer loop
      vertex 67.6 19.9915 -1.2215
      vertex 67.0721 21 -0.603462
      vertex 67.5211 19.9915 -1.2215
    endloop
  endfacet
  facet normal 5.80663e-06 -0.522497 0.852641
    outer loop
      vertex 67.6 22.0519 0.0411377
      vertex 66.8729 21.6944 -0.177933
      vertex 67.0721 21 -0.603462
    endloop
  endfacet
  facet normal 0 -0.522489 0.852646
    outer loop
      vertex 66.8729 21.6944 -0.177933
      vertex 67.6 22.0519 0.0411377
      vertex 66.8584 22.0519 0.0411377
    endloop
  endfacet
  facet normal 0 0.649466 -0.760391
    outer loop
      vertex 66.35 2.11055 23.3894
      vertex 67.6 3.94811 24.9589
      vertex 67.6 2.11055 23.3894
    endloop
  endfacet
  facet normal 0 0.649466 -0.760391
    outer loop
      vertex 67.6 3.94811 24.9589
      vertex 66.35 2.11055 23.3894
      vertex 66.35 3.94811 24.9589
    endloop
  endfacet
  facet normal 0 -0.522494 -0.852643
    outer loop
      vertex 66.35 19.9915 26.2215
      vertex 67.6 22.0519 24.9589
      vertex 67.6 19.9915 26.2215
    endloop
  endfacet
  facet normal -0 -0.522494 -0.852643
    outer loop
      vertex 67.6 22.0519 24.9589
      vertex 66.35 19.9915 26.2215
      vertex 66.35 22.0519 24.9589
    endloop
  endfacet
  facet normal 0 0.996917 -0.078459
    outer loop
      vertex 67.6 -2.4 12.5
      vertex 66.35 -2.2104 14.9091
      vertex 67.6 -2.2104 14.9091
    endloop
  endfacet
  facet normal 0 0.996917 -0.078459
    outer loop
      vertex 66.35 -2.2104 14.9091
      vertex 67.6 -2.4 12.5
      vertex 66.35 -2.4 12.5
    endloop
  endfacet
  facet normal 0 0.852637 -0.522503
    outer loop
      vertex 67.6 -0.7215 19.4915
      vertex 66.35 -0.2 20.3425
      vertex 67.6 -0.2 20.3425
    endloop
  endfacet
  facet normal 0 0.852637 -0.522503
    outer loop
      vertex 66.35 -0.2 20.3425
      vertex 67.6 -0.7215 19.4915
      vertex 66.35 -0.7215 19.4915
    endloop
  endfacet
  facet normal 1 0 0
    outer loop
      vertex 66.35 22.0519 24.9589
      vertex 66.35 22.6657 22.2
      vertex 66.35 22.6657 24.4346
    endloop
  endfacet
  facet normal 1 0 0
    outer loop
      vertex 66.35 19.9915 26.2215
      vertex 66.35 22.6657 22.2
      vertex 66.35 22.0519 24.9589
    endloop
  endfacet
  facet normal 1 0 0
    outer loop
      vertex 66.35 17.7589 27.1463
      vertex 66.35 22.6657 22.2
      vertex 66.35 19.9915 26.2215
    endloop
  endfacet
  facet normal 1 0 0
    outer loop
      vertex 66.35 15.4091 27.7104
      vertex 66.35 22.6657 22.2
      vertex 66.35 17.7589 27.1463
    endloop
  endfacet
  facet normal 1 0 0
    outer loop
      vertex 66.35 13 27.9
      vertex 66.35 22.6657 22.2
      vertex 66.35 15.4091 27.7104
    endloop
  endfacet
  facet normal 1 -0 0
    outer loop
      vertex 66.35 10.5909 27.7104
      vertex 66.35 22.6657 22.2
      vertex 66.35 13 27.9
    endloop
  endfacet
  facet normal 1 -0 0
    outer loop
      vertex 66.35 8.24114 27.1463
      vertex 66.35 22.6657 22.2
      vertex 66.35 10.5909 27.7104
    endloop
  endfacet
  facet normal 1 -0 0
    outer loop
      vertex 66.35 6.00855 26.2215
      vertex 66.35 22.6657 22.2
      vertex 66.35 8.24114 27.1463
    endloop
  endfacet
  facet normal 1 -0 0
    outer loop
      vertex 66.35 3.94811 24.9589
      vertex 66.35 22.6657 22.2
      vertex 66.35 6.00855 26.2215
    endloop
  endfacet
  facet normal 1 0 0
    outer loop
      vertex 66.35 1.09467 22.2
      vertex 66.35 3.94811 24.9589
      vertex 66.35 2.11055 23.3894
    endloop
  endfacet
  facet normal 1 0 0
    outer loop
      vertex 66.35 3.94811 24.9589
      vertex 66.35 1.09467 22.2
      vertex 66.35 22.6657 22.2
    endloop
  endfacet
  facet normal 1 0 0
    outer loop
      vertex 66.35 -1.64627 17.2589
      vertex 66.35 -0.2 20.3425
      vertex 66.35 -0.7215 19.4915
    endloop
  endfacet
  facet normal 1 0 0
    outer loop
      vertex 66.35 22.6657 5.8
      vertex 66.35 21.5178 1.3454
      vertex 66.35 22.6657 1.90496
    endloop
  endfacet
  facet normal 1 0 0
    outer loop
      vertex 66.35 22.6657 5.8
      vertex 66.35 21 1.09301
      vertex 66.35 21.5178 1.3454
    endloop
  endfacet
  facet normal 1 0 0
    outer loop
      vertex 66.35 22.6657 5.8
      vertex 66.35 2.71652 1.09301
      vertex 66.35 21 1.09301
    endloop
  endfacet
  facet normal 1 -0 0
    outer loop
      vertex 66.35 -0.2 5.8
      vertex 66.35 2.71652 1.09301
      vertex 66.35 22.6657 5.8
    endloop
  endfacet
  facet normal 1 0 0
    outer loop
      vertex 66.35 2.71652 1.09301
      vertex 66.35 -0.2 5.8
      vertex 66.35 2.11055 1.61055
    endloop
  endfacet
  facet normal 1 0 0
    outer loop
      vertex 66.35 2.11055 1.61055
      vertex 66.35 -0.2 5.8
      vertex 66.35 0.541138 3.44811
    endloop
  endfacet
  facet normal 1 0 0
    outer loop
      vertex 66.35 -0.2 5.8
      vertex 66.35 -0.7215 5.50855
      vertex 66.35 0.541138 3.44811
    endloop
  endfacet
  facet normal 1 0 0
    outer loop
      vertex 66.35 -0.2 20.3425
      vertex 66.35 -1.64627 17.2589
      vertex 66.35 -0.2 5.8
    endloop
  endfacet
  facet normal 1 -0 0
    outer loop
      vertex 66.35 -2.2104 14.9091
      vertex 66.35 -0.2 5.8
      vertex 66.35 -1.64627 17.2589
    endloop
  endfacet
  facet normal 1 0 0
    outer loop
      vertex 66.35 -0.2 5.8
      vertex 66.35 -1.64627 7.74114
      vertex 66.35 -0.7215 5.50855
    endloop
  endfacet
  facet normal 1 -0 0
    outer loop
      vertex 66.35 -2.4 12.5
      vertex 66.35 -0.2 5.8
      vertex 66.35 -2.2104 14.9091
    endloop
  endfacet
  facet normal 1 0 0
    outer loop
      vertex 66.35 -0.2 5.8
      vertex 66.35 -2.2104 10.0909
      vertex 66.35 -1.64627 7.74114
    endloop
  endfacet
  facet normal 1 0 0
    outer loop
      vertex 66.35 -0.2 5.8
      vertex 66.35 -2.4 12.5
      vertex 66.35 -2.2104 10.0909
    endloop
  endfacet
  facet normal 0.233529 0 0.97235
    outer loop
      vertex 86.9957 27.9138 27.9091
      vertex 87.4916 26.4 27.79
      vertex 87.4916 27.9138 27.79
    endloop
  endfacet
  facet normal 0.233529 0 0.97235
    outer loop
      vertex 87.4916 26.4 27.79
      vertex 86.9957 27.9138 27.9091
      vertex 86.9957 26.4 27.9091
    endloop
  endfacet
  facet normal 0.852593 0 -0.522576
    outer loop
      vertex 85.1042 26.4 32.4755
      vertex 85.3707 27.6489 32.9103
      vertex 85.3707 26.4 32.9103
    endloop
  endfacet
  facet normal 0.852593 0 -0.522576
    outer loop
      vertex 85.3707 27.6489 32.9103
      vertex 85.1042 26.4 32.4755
      vertex 85.1042 27.7902 32.4755
    endloop
  endfacet
  facet normal -0.97235 0 -0.233529
    outer loop
      vertex 91.0909 26.4 32.0043
      vertex 91.21 27.8806 31.5084
      vertex 91.21 26.4 31.5084
    endloop
  endfacet
  facet normal -0.97235 0 -0.233529
    outer loop
      vertex 91.21 27.8806 31.5084
      vertex 91.0909 26.4 32.0043
      vertex 91.0909 27.8994 32.0043
    endloop
  endfacet
  facet normal 0.760418 -0 0.649434
    outer loop
      vertex 85.3707 26.4 29.0897
      vertex 85.7019 27.9138 28.7019
      vertex 85.3707 27.9138 29.0897
    endloop
  endfacet
  facet normal 0.760418 0 0.649434
    outer loop
      vertex 85.7019 27.9138 28.7019
      vertex 85.3707 26.4 29.0897
      vertex 85.7019 26.4 28.7019
    endloop
  endfacet
  facet normal -0.996919 0 -0.0784358
    outer loop
      vertex 91.21 26.4 31.5084
      vertex 91.25 27.8742 31
      vertex 91.25 26.4 31
    endloop
  endfacet
  facet normal -0.996919 0 -0.0784358
    outer loop
      vertex 91.25 27.8742 31
      vertex 91.21 26.4 31.5084
      vertex 91.21 27.8806 31.5084
    endloop
  endfacet
  facet normal 0.923933 -0 0.382554
    outer loop
      vertex 84.9091 26.4 29.9957
      vertex 85.1042 27.9138 29.5245
      vertex 84.9091 27.9138 29.9957
    endloop
  endfacet
  facet normal 0.923933 0 0.382554
    outer loop
      vertex 85.1042 27.9138 29.5245
      vertex 84.9091 26.4 29.9957
      vertex 85.1042 26.4 29.5245
    endloop
  endfacet
  facet normal -0.923954 0 0.382503
    outer loop
      vertex 90.8958 26.4 29.5245
      vertex 91 27.9138 29.7762
      vertex 90.8958 27.9138 29.5245
    endloop
  endfacet
  facet normal -0.923933 -9.88306e-06 0.382554
    outer loop
      vertex 91.0909 26.4 29.9957
      vertex 91 27.9138 29.7762
      vertex 90.8958 26.4 29.5245
    endloop
  endfacet
  facet normal -0.923909 0 0.382612
    outer loop
      vertex 91 27.9138 29.7762
      vertex 91.0909 26.4 29.9957
      vertex 91.0909 27.8994 29.9957
    endloop
  endfacet
  facet normal 0.0784358 0 0.996919
    outer loop
      vertex 87.4916 27.9138 27.79
      vertex 88 26.4 27.75
      vertex 88 27.9138 27.75
    endloop
  endfacet
  facet normal 0.0784358 0 0.996919
    outer loop
      vertex 88 26.4 27.75
      vertex 87.4916 27.9138 27.79
      vertex 87.4916 26.4 27.79
    endloop
  endfacet
  facet normal 0.522576 0 0.852593
    outer loop
      vertex 86.0897 27.9138 28.3707
      vertex 86.5245 26.4 28.1042
      vertex 86.5245 27.9138 28.1042
    endloop
  endfacet
  facet normal 0.522576 0 0.852593
    outer loop
      vertex 86.5245 26.4 28.1042
      vertex 86.0897 27.9138 28.3707
      vertex 86.0897 26.4 28.3707
    endloop
  endfacet
  facet normal -0.996919 0 0.0784358
    outer loop
      vertex 91.21 26.4 30.4916
      vertex 91.25 27.8742 31
      vertex 91.21 27.8806 30.4916
    endloop
  endfacet
  facet normal -0.996919 0 0.0784358
    outer loop
      vertex 91.25 27.8742 31
      vertex 91.21 26.4 30.4916
      vertex 91.25 26.4 31
    endloop
  endfacet
  facet normal 0.996919 0 -0.0784358
    outer loop
      vertex 84.79 26.4 31.5084
      vertex 84.75 27.9138 31
      vertex 84.79 27.9138 31.5084
    endloop
  endfacet
  facet normal 0.996919 0 -0.0784358
    outer loop
      vertex 84.75 27.9138 31
      vertex 84.79 26.4 31.5084
      vertex 84.75 26.4 31
    endloop
  endfacet
  facet normal 0.97235 0 -0.233529
    outer loop
      vertex 84.9091 26.4 32.0043
      vertex 84.79 27.9138 31.5084
      vertex 84.9091 27.9138 32.0043
    endloop
  endfacet
  facet normal 0.97235 0 -0.233529
    outer loop
      vertex 84.79 27.9138 31.5084
      vertex 84.9091 26.4 32.0043
      vertex 84.79 26.4 31.5084
    endloop
  endfacet
  facet normal -0.97235 0 0.233528
    outer loop
      vertex 91.188 26.4 30.4
      vertex 91.0909 27.8994 29.9957
      vertex 91.0909 26.4 29.9957
    endloop
  endfacet
  facet normal -0.97235 3.17091e-07 0.233529
    outer loop
      vertex 91.0909 27.8994 29.9957
      vertex 91.188 26.4 30.4
      vertex 91.21 27.8806 30.4916
    endloop
  endfacet
  facet normal -0.972349 0 0.233534
    outer loop
      vertex 91.21 27.8806 30.4916
      vertex 91.188 26.4 30.4
      vertex 91.21 26.4 30.4916
    endloop
  endfacet
  facet normal -0.760418 0 0.649434
    outer loop
      vertex 90.2981 26.4 28.7019
      vertex 90.6293 27.9138 29.0897
      vertex 90.2981 27.9138 28.7019
    endloop
  endfacet
  facet normal -0.760418 0 0.649434
    outer loop
      vertex 90.6293 27.9138 29.0897
      vertex 90.2981 26.4 28.7019
      vertex 90.6293 26.4 29.0897
    endloop
  endfacet
  facet normal -0.382554 -0 -0.923933
    outer loop
      vertex 89.0043 27.2653 34.0909
      vertex 89.4755 26.4 33.8958
      vertex 89.0043 26.4 34.0909
    endloop
  endfacet
  facet normal -0.382554 0 -0.923933
    outer loop
      vertex 89.4755 26.4 33.8958
      vertex 89.0043 27.2653 34.0909
      vertex 89.4755 27.3287 33.8958
    endloop
  endfacet
  facet normal -0.852593 0 -0.522576
    outer loop
      vertex 90.8958 26.4 32.4755
      vertex 90.6293 27.6489 32.9103
      vertex 90.8958 27.7902 32.4755
    endloop
  endfacet
  facet normal -0.852593 -0 -0.522576
    outer loop
      vertex 90.6293 27.6489 32.9103
      vertex 90.8958 26.4 32.4755
      vertex 90.6293 26.4 32.9103
    endloop
  endfacet
  facet normal -0.0784358 -0 -0.996919
    outer loop
      vertex 88 27.1847 34.25
      vertex 88.5084 26.4 34.21
      vertex 88 26.4 34.25
    endloop
  endfacet
  facet normal -0.0784358 0 -0.996919
    outer loop
      vertex 88.5084 26.4 34.21
      vertex 88 27.1847 34.25
      vertex 88.5084 27.2138 34.21
    endloop
  endfacet
  facet normal 0.382554 0 0.923933
    outer loop
      vertex 86.5245 27.9138 28.1042
      vertex 86.9957 26.4 27.9091
      vertex 86.9957 27.9138 27.9091
    endloop
  endfacet
  facet normal 0.382554 0 0.923933
    outer loop
      vertex 86.9957 26.4 27.9091
      vertex 86.5245 27.9138 28.1042
      vertex 86.5245 26.4 28.1042
    endloop
  endfacet
  facet normal 0.649434 0 0.760418
    outer loop
      vertex 85.7019 27.9138 28.7019
      vertex 86.0897 26.4 28.3707
      vertex 86.0897 27.9138 28.3707
    endloop
  endfacet
  facet normal 0.649434 0 0.760418
    outer loop
      vertex 86.0897 26.4 28.3707
      vertex 85.7019 27.9138 28.7019
      vertex 85.7019 26.4 28.7019
    endloop
  endfacet
  facet normal 0.996919 -0 0.0784358
    outer loop
      vertex 84.75 26.4 31
      vertex 84.79 27.9138 30.4916
      vertex 84.75 27.9138 31
    endloop
  endfacet
  facet normal 0.996919 0 0.0784358
    outer loop
      vertex 84.79 27.9138 30.4916
      vertex 84.75 26.4 31
      vertex 84.79 26.4 30.4916
    endloop
  endfacet
  facet normal -0.649434 0 0.760418
    outer loop
      vertex 89.9103 27.9138 28.3707
      vertex 90.2981 26.4 28.7019
      vertex 90.2981 27.9138 28.7019
    endloop
  endfacet
  facet normal -0.649434 0 0.760418
    outer loop
      vertex 90.2981 26.4 28.7019
      vertex 89.9103 27.9138 28.3707
      vertex 89.9103 26.4 28.3707
    endloop
  endfacet
  facet normal -0.0784358 0 0.996919
    outer loop
      vertex 88 27.9138 27.75
      vertex 88.5084 26.4 27.79
      vertex 88.5084 27.9138 27.79
    endloop
  endfacet
  facet normal -0.0784358 0 0.996919
    outer loop
      vertex 88.5084 26.4 27.79
      vertex 88 27.9138 27.75
      vertex 88 26.4 27.75
    endloop
  endfacet
  facet normal 0.382554 0 -0.923933
    outer loop
      vertex 86.5245 26.4 33.8958
      vertex 86.9957 27.2653 34.0909
      vertex 86.9957 26.4 34.0909
    endloop
  endfacet
  facet normal 0.382554 0 -0.923933
    outer loop
      vertex 86.9957 27.2653 34.0909
      vertex 86.5245 26.4 33.8958
      vertex 86.5245 27.3287 33.8958
    endloop
  endfacet
  facet normal -0.649434 -0 -0.760418
    outer loop
      vertex 89.9103 27.4153 33.6293
      vertex 90.2981 26.4 33.2981
      vertex 89.9103 26.4 33.6293
    endloop
  endfacet
  facet normal -0.649434 0 -0.760418
    outer loop
      vertex 90.2981 26.4 33.2981
      vertex 89.9103 27.4153 33.6293
      vertex 90.2981 27.5229 33.2981
    endloop
  endfacet
  facet normal -0.382554 0 0.923933
    outer loop
      vertex 89.0043 27.9138 27.9091
      vertex 89.4755 26.4 28.1042
      vertex 89.4755 27.9138 28.1042
    endloop
  endfacet
  facet normal -0.382554 0 0.923933
    outer loop
      vertex 89.4755 26.4 28.1042
      vertex 89.0043 27.9138 27.9091
      vertex 89.0043 26.4 27.9091
    endloop
  endfacet
  facet normal -0.522576 0 0.852593
    outer loop
      vertex 89.4755 27.9138 28.1042
      vertex 89.9103 26.4 28.3707
      vertex 89.9103 27.9138 28.3707
    endloop
  endfacet
  facet normal -0.522576 0 0.852593
    outer loop
      vertex 89.9103 26.4 28.3707
      vertex 89.4755 27.9138 28.1042
      vertex 89.4755 26.4 28.1042
    endloop
  endfacet
  facet normal 0.923891 4.02307e-05 -0.382655
    outer loop
      vertex 84.9091 26.4 32.0043
      vertex 84.9466 27.9138 32.095
      vertex 85.1042 27.7902 32.4755
    endloop
  endfacet
  facet normal 0.923933 0 -0.382554
    outer loop
      vertex 84.9091 26.4 32.0043
      vertex 85.1042 27.7902 32.4755
      vertex 85.1042 26.4 32.4755
    endloop
  endfacet
  facet normal 0.924129 0 -0.382082
    outer loop
      vertex 84.9466 27.9138 32.095
      vertex 84.9091 26.4 32.0043
      vertex 84.9091 27.9138 32.0043
    endloop
  endfacet
  facet normal -0.923933 0.00732003 -0.382485
    outer loop
      vertex 91.0909 27.8994 32.0043
      vertex 91.0368 27.895 32.1349
      vertex 91.0534 27.9054 32.095
    endloop
  endfacet
  facet normal -0.923855 -0.00120581 -0.38274
    outer loop
      vertex 91.0909 27.8994 32.0043
      vertex 91 27.872 32.2238
      vertex 91.0368 27.895 32.1349
    endloop
  endfacet
  facet normal -0.923909 0 -0.382612
    outer loop
      vertex 91.0909 26.4 32.0043
      vertex 91 27.872 32.2238
      vertex 91.0909 27.8994 32.0043
    endloop
  endfacet
  facet normal -0.923952 -1.81481e-05 -0.382508
    outer loop
      vertex 91 27.872 32.2238
      vertex 91.0909 26.4 32.0043
      vertex 90.8958 27.7902 32.4755
    endloop
  endfacet
  facet normal -0.923933 -0 -0.382554
    outer loop
      vertex 90.8958 27.7902 32.4755
      vertex 91.0909 26.4 32.0043
      vertex 90.8958 26.4 32.4755
    endloop
  endfacet
  facet normal 0.233786 0 -0.972288
    outer loop
      vertex 87.4916 26.4 34.21
      vertex 87.3581 27.237 34.1779
      vertex 87.4916 27.2138 34.21
    endloop
  endfacet
  facet normal 0.233529 -4.34323e-05 -0.97235
    outer loop
      vertex 86.9957 26.4 34.0909
      vertex 87.3581 27.237 34.1779
      vertex 87.4916 26.4 34.21
    endloop
  endfacet
  facet normal 0.233434 0 -0.972373
    outer loop
      vertex 87.3581 27.237 34.1779
      vertex 86.9957 26.4 34.0909
      vertex 86.9957 27.2653 34.0909
    endloop
  endfacet
  facet normal 0.522576 0 -0.852593
    outer loop
      vertex 86.0897 26.4 33.6293
      vertex 86.5245 27.3287 33.8958
      vertex 86.5245 26.4 33.8958
    endloop
  endfacet
  facet normal 0.522576 0 -0.852593
    outer loop
      vertex 86.5245 27.3287 33.8958
      vertex 86.0897 26.4 33.6293
      vertex 86.0897 27.4153 33.6293
    endloop
  endfacet
  facet normal 0.97235 -0 0.233529
    outer loop
      vertex 84.79 26.4 30.4916
      vertex 84.9091 27.9138 29.9957
      vertex 84.79 27.9138 30.4916
    endloop
  endfacet
  facet normal 0.97235 0 0.233529
    outer loop
      vertex 84.9091 27.9138 29.9957
      vertex 84.79 26.4 30.4916
      vertex 84.9091 26.4 29.9957
    endloop
  endfacet
  facet normal -0.852593 0 0.522576
    outer loop
      vertex 90.6293 26.4 29.0897
      vertex 90.8958 27.9138 29.5245
      vertex 90.6293 27.9138 29.0897
    endloop
  endfacet
  facet normal -0.852593 0 0.522576
    outer loop
      vertex 90.8958 27.9138 29.5245
      vertex 90.6293 26.4 29.0897
      vertex 90.8958 26.4 29.5245
    endloop
  endfacet
  facet normal 0.0784358 0 -0.996919
    outer loop
      vertex 87.4916 26.4 34.21
      vertex 88 27.1847 34.25
      vertex 88 26.4 34.25
    endloop
  endfacet
  facet normal 0.0784358 0 -0.996919
    outer loop
      vertex 88 27.1847 34.25
      vertex 87.4916 26.4 34.21
      vertex 87.4916 27.2138 34.21
    endloop
  endfacet
  facet normal -0.233529 0 0.97235
    outer loop
      vertex 88.5084 27.9138 27.79
      vertex 89.0043 26.4 27.9091
      vertex 89.0043 27.9138 27.9091
    endloop
  endfacet
  facet normal -0.233529 0 0.97235
    outer loop
      vertex 89.0043 26.4 27.9091
      vertex 88.5084 27.9138 27.79
      vertex 88.5084 26.4 27.79
    endloop
  endfacet
  facet normal 0.649434 0 -0.760418
    outer loop
      vertex 85.7019 26.4 33.2981
      vertex 86.0897 27.4153 33.6293
      vertex 86.0897 26.4 33.6293
    endloop
  endfacet
  facet normal 0.649434 0 -0.760418
    outer loop
      vertex 86.0897 27.4153 33.6293
      vertex 85.7019 26.4 33.2981
      vertex 85.7019 27.5229 33.2981
    endloop
  endfacet
  facet normal -0.233434 0 -0.972373
    outer loop
      vertex 89.0043 26.4 34.0909
      vertex 88.6419 27.237 34.1779
      vertex 89.0043 27.2653 34.0909
    endloop
  endfacet
  facet normal -0.233529 -4.34323e-05 -0.97235
    outer loop
      vertex 88.5084 26.4 34.21
      vertex 88.6419 27.237 34.1779
      vertex 89.0043 26.4 34.0909
    endloop
  endfacet
  facet normal -0.233786 0 -0.972288
    outer loop
      vertex 88.6419 27.237 34.1779
      vertex 88.5084 26.4 34.21
      vertex 88.5084 27.2138 34.21
    endloop
  endfacet
  facet normal -0.522576 -0 -0.852593
    outer loop
      vertex 89.4755 27.3287 33.8958
      vertex 89.9103 26.4 33.6293
      vertex 89.4755 26.4 33.8958
    endloop
  endfacet
  facet normal -0.522576 0 -0.852593
    outer loop
      vertex 89.9103 26.4 33.6293
      vertex 89.4755 27.3287 33.8958
      vertex 89.9103 27.4153 33.6293
    endloop
  endfacet
  facet normal 0.760418 0 -0.649434
    outer loop
      vertex 85.3707 26.4 32.9103
      vertex 85.7019 27.5229 33.2981
      vertex 85.7019 26.4 33.2981
    endloop
  endfacet
  facet normal 0.760418 0 -0.649434
    outer loop
      vertex 85.7019 27.5229 33.2981
      vertex 85.3707 26.4 32.9103
      vertex 85.3707 27.6489 32.9103
    endloop
  endfacet
  facet normal -0.760418 0 -0.649434
    outer loop
      vertex 90.6293 26.4 32.9103
      vertex 90.2981 27.5229 33.2981
      vertex 90.6293 27.6489 32.9103
    endloop
  endfacet
  facet normal -0.760418 -0 -0.649434
    outer loop
      vertex 90.2981 27.5229 33.2981
      vertex 90.6293 26.4 32.9103
      vertex 90.2981 26.4 33.2981
    endloop
  endfacet
  facet normal 0.852593 -0 0.522576
    outer loop
      vertex 85.1042 26.4 29.5245
      vertex 85.3707 27.9138 29.0897
      vertex 85.1042 27.9138 29.5245
    endloop
  endfacet
  facet normal 0.852593 0 0.522576
    outer loop
      vertex 85.3707 27.9138 29.0897
      vertex 85.1042 26.4 29.5245
      vertex 85.3707 26.4 29.0897
    endloop
  endfacet
  facet normal -0.97236 0.233487 0
    outer loop
      vertex 81.4238 -9.11246 36.4
      vertex 81.5557 -8.56316 37.9138
      vertex 81.5557 -8.56316 36.4
    endloop
  endfacet
  facet normal -0.97236 0.233487 0
    outer loop
      vertex 81.5557 -8.56316 37.9138
      vertex 81.4238 -9.11246 36.4
      vertex 81.4238 -9.11246 37.9138
    endloop
  endfacet
  facet normal 0.97236 -0.233487 0
    outer loop
      vertex 74.4443 -7.43684 37.9138
      vertex 74.5762 -6.88754 36.4
      vertex 74.5762 -6.88754 37.9138
    endloop
  endfacet
  facet normal 0.97236 -0.233487 0
    outer loop
      vertex 74.5762 -6.88754 36.4
      vertex 74.4443 -7.43684 37.9138
      vertex 74.4443 -7.43684 36.4
    endloop
  endfacet
  facet normal -0.97236 -0.233487 0
    outer loop
      vertex 81.5557 -7.43684 36.4
      vertex 81.4238 -6.88754 37.9138
      vertex 81.4238 -6.88754 36.4
    endloop
  endfacet
  facet normal -0.97236 -0.233487 0
    outer loop
      vertex 81.4238 -6.88754 37.9138
      vertex 81.5557 -7.43684 36.4
      vertex 81.5557 -7.43684 37.9138
    endloop
  endfacet
  facet normal 0.99692 0.078421 0
    outer loop
      vertex 74.4443 -8.56316 37.9138
      vertex 74.4 -8 36.4
      vertex 74.4 -8 37.9138
    endloop
  endfacet
  facet normal 0.99692 0.078421 0
    outer loop
      vertex 74.4 -8 36.4
      vertex 74.4443 -8.56316 37.9138
      vertex 74.4443 -8.56316 36.4
    endloop
  endfacet
  facet normal -0.522467 0.85266 0
    outer loop
      vertex 80.116 -10.9125 36.4
      vertex 79.6344 -11.2076 37.9138
      vertex 80.116 -10.9125 37.9138
    endloop
  endfacet
  facet normal -0.522467 0.85266 0
    outer loop
      vertex 79.6344 -11.2076 37.9138
      vertex 80.116 -10.9125 36.4
      vertex 79.6344 -11.2076 36.4
    endloop
  endfacet
  facet normal -0.382686 -0.923878 0
    outer loop
      vertex 79.1125 -4.5762 36.4
      vertex 79.6344 -4.79238 37.9138
      vertex 79.1125 -4.5762 37.9138
    endloop
  endfacet
  facet normal -0.382686 -0.923878 -0
    outer loop
      vertex 79.6344 -4.79238 37.9138
      vertex 79.1125 -4.5762 36.4
      vertex 79.6344 -4.79238 36.4
    endloop
  endfacet
  facet normal 0.233453 -0.972368 0
    outer loop
      vertex 76.8875 -4.5762 36.4
      vertex 77.4368 -4.44432 37.9138
      vertex 76.8875 -4.5762 37.9138
    endloop
  endfacet
  facet normal 0.233453 -0.972368 0
    outer loop
      vertex 77.4368 -4.44432 37.9138
      vertex 76.8875 -4.5762 36.4
      vertex 77.4368 -4.44432 36.4
    endloop
  endfacet
  facet normal -0.0784506 -0.996918 0
    outer loop
      vertex 78 -4.4 36.4
      vertex 78.5632 -4.44432 37.9138
      vertex 78 -4.4 37.9138
    endloop
  endfacet
  facet normal -0.0784506 -0.996918 -0
    outer loop
      vertex 78.5632 -4.44432 37.9138
      vertex 78 -4.4 36.4
      vertex 78.5632 -4.44432 36.4
    endloop
  endfacet
  facet normal -0.76038 -0.649478 0
    outer loop
      vertex 80.9125 -5.88397 36.4
      vertex 80.5456 -5.45442 37.9138
      vertex 80.5456 -5.45442 36.4
    endloop
  endfacet
  facet normal -0.76038 -0.649478 0
    outer loop
      vertex 80.5456 -5.45442 37.9138
      vertex 80.9125 -5.88397 36.4
      vertex 80.9125 -5.88397 37.9138
    endloop
  endfacet
  facet normal -0.99692 -0.078421 0
    outer loop
      vertex 81.6 -8 36.4
      vertex 81.5557 -7.43684 37.9138
      vertex 81.5557 -7.43684 36.4
    endloop
  endfacet
  facet normal -0.99692 -0.078421 0
    outer loop
      vertex 81.5557 -7.43684 37.9138
      vertex 81.6 -8 36.4
      vertex 81.6 -8 37.9138
    endloop
  endfacet
  facet normal -0.99692 0.078421 0
    outer loop
      vertex 81.5557 -8.56316 36.4
      vertex 81.6 -8 37.9138
      vertex 81.6 -8 36.4
    endloop
  endfacet
  facet normal -0.99692 0.078421 0
    outer loop
      vertex 81.6 -8 37.9138
      vertex 81.5557 -8.56316 36.4
      vertex 81.5557 -8.56316 37.9138
    endloop
  endfacet
  facet normal -0.923868 -0.38271 0
    outer loop
      vertex 81.4238 -6.88754 36.4
      vertex 81.2076 -6.36563 37.9138
      vertex 81.2076 -6.36563 36.4
    endloop
  endfacet
  facet normal -0.923868 -0.38271 0
    outer loop
      vertex 81.2076 -6.36563 37.9138
      vertex 81.4238 -6.88754 36.4
      vertex 81.4238 -6.88754 37.9138
    endloop
  endfacet
  facet normal 0.522544 -0.852612 0
    outer loop
      vertex 75.884 -5.08754 36.4
      vertex 76.3656 -4.79238 37.9138
      vertex 75.884 -5.08754 37.9138
    endloop
  endfacet
  facet normal 0.522544 -0.852612 0
    outer loop
      vertex 76.3656 -4.79238 37.9138
      vertex 75.884 -5.08754 36.4
      vertex 76.3656 -4.79238 36.4
    endloop
  endfacet
  facet normal 0.0784506 -0.996918 0
    outer loop
      vertex 77.4368 -4.44432 36.4
      vertex 78 -4.4 37.9138
      vertex 77.4368 -4.44432 37.9138
    endloop
  endfacet
  facet normal 0.0784506 -0.996918 0
    outer loop
      vertex 78 -4.4 37.9138
      vertex 77.4368 -4.44432 36.4
      vertex 78 -4.4 36.4
    endloop
  endfacet
  facet normal 0.382717 0.923866 -0
    outer loop
      vertex 76.8875 -11.4238 36.4
      vertex 76.3656 -11.2076 37.9138
      vertex 76.8875 -11.4238 37.9138
    endloop
  endfacet
  facet normal 0.382717 0.923866 0
    outer loop
      vertex 76.3656 -11.2076 37.9138
      vertex 76.8875 -11.4238 36.4
      vertex 76.3656 -11.2076 36.4
    endloop
  endfacet
  facet normal -0.852674 0.522443 0
    outer loop
      vertex 80.9125 -10.116 36.4
      vertex 81.2076 -9.63437 37.9138
      vertex 81.2076 -9.63437 36.4
    endloop
  endfacet
  facet normal -0.852674 0.522443 0
    outer loop
      vertex 81.2076 -9.63437 37.9138
      vertex 80.9125 -10.116 36.4
      vertex 80.9125 -10.116 37.9138
    endloop
  endfacet
  facet normal -0.649414 -0.760435 0
    outer loop
      vertex 80.116 -5.08754 36.4
      vertex 80.5456 -5.45442 37.9138
      vertex 80.116 -5.08754 37.9138
    endloop
  endfacet
  facet normal -0.649414 -0.760435 -0
    outer loop
      vertex 80.5456 -5.45442 37.9138
      vertex 80.116 -5.08754 36.4
      vertex 80.5456 -5.45442 36.4
    endloop
  endfacet
  facet normal 0.0784155 0.996921 -0
    outer loop
      vertex 78 -11.6 36.4
      vertex 77.4368 -11.5557 37.9138
      vertex 78 -11.6 37.9138
    endloop
  endfacet
  facet normal 0.0784155 0.996921 0
    outer loop
      vertex 77.4368 -11.5557 37.9138
      vertex 78 -11.6 36.4
      vertex 77.4368 -11.5557 36.4
    endloop
  endfacet
  facet normal 0.99692 -0.078421 0
    outer loop
      vertex 74.4 -8 37.9138
      vertex 74.4443 -7.43684 36.4
      vertex 74.4443 -7.43684 37.9138
    endloop
  endfacet
  facet normal 0.99692 -0.078421 0
    outer loop
      vertex 74.4443 -7.43684 36.4
      vertex 74.4 -8 37.9138
      vertex 74.4 -8 36.4
    endloop
  endfacet
  facet normal -0.233453 -0.972368 0
    outer loop
      vertex 78.5632 -4.44432 36.4
      vertex 79.1125 -4.5762 37.9138
      vertex 78.5632 -4.44432 37.9138
    endloop
  endfacet
  facet normal -0.233453 -0.972368 -0
    outer loop
      vertex 79.1125 -4.5762 37.9138
      vertex 78.5632 -4.44432 36.4
      vertex 79.1125 -4.5762 36.4
    endloop
  endfacet
  facet normal 0.923868 -0.38271 0
    outer loop
      vertex 74.5762 -6.88754 37.9138
      vertex 74.7924 -6.36563 36.4
      vertex 74.7924 -6.36563 37.9138
    endloop
  endfacet
  facet normal 0.923868 -0.38271 0
    outer loop
      vertex 74.7924 -6.36563 36.4
      vertex 74.5762 -6.88754 37.9138
      vertex 74.5762 -6.88754 36.4
    endloop
  endfacet
  facet normal 0.852674 0.522443 0
    outer loop
      vertex 75.0875 -10.116 37.9138
      vertex 74.7924 -9.63437 36.4
      vertex 74.7924 -9.63437 37.9138
    endloop
  endfacet
  facet normal 0.852674 0.522443 0
    outer loop
      vertex 74.7924 -9.63437 36.4
      vertex 75.0875 -10.116 37.9138
      vertex 75.0875 -10.116 36.4
    endloop
  endfacet
  facet normal 0.97236 0.233487 0
    outer loop
      vertex 74.5762 -9.11246 37.9138
      vertex 74.4443 -8.56316 36.4
      vertex 74.4443 -8.56316 37.9138
    endloop
  endfacet
  facet normal 0.97236 0.233487 0
    outer loop
      vertex 74.4443 -8.56316 36.4
      vertex 74.5762 -9.11246 37.9138
      vertex 74.5762 -9.11246 36.4
    endloop
  endfacet
  facet normal -0.382717 0.923866 0
    outer loop
      vertex 79.6344 -11.2076 36.4
      vertex 79.1125 -11.4238 37.9138
      vertex 79.6344 -11.2076 37.9138
    endloop
  endfacet
  facet normal -0.382717 0.923866 0
    outer loop
      vertex 79.1125 -11.4238 37.9138
      vertex 79.6344 -11.2076 36.4
      vertex 79.1125 -11.4238 36.4
    endloop
  endfacet
  facet normal 0.233487 0.97236 -0
    outer loop
      vertex 77.4368 -11.5557 36.4
      vertex 76.8875 -11.4238 37.9138
      vertex 77.4368 -11.5557 37.9138
    endloop
  endfacet
  facet normal 0.233487 0.97236 0
    outer loop
      vertex 76.8875 -11.4238 37.9138
      vertex 77.4368 -11.5557 36.4
      vertex 76.8875 -11.4238 36.4
    endloop
  endfacet
  facet normal -0.852689 -0.522419 0
    outer loop
      vertex 81.2076 -6.36563 36.4
      vertex 80.9125 -5.88397 37.9138
      vertex 80.9125 -5.88397 36.4
    endloop
  endfacet
  facet normal -0.852689 -0.522419 0
    outer loop
      vertex 80.9125 -5.88397 37.9138
      vertex 81.2076 -6.36563 36.4
      vertex 81.2076 -6.36563 37.9138
    endloop
  endfacet
  facet normal 0.649414 -0.760435 0
    outer loop
      vertex 75.4544 -5.45442 36.4
      vertex 75.884 -5.08754 37.9138
      vertex 75.4544 -5.45442 37.9138
    endloop
  endfacet
  facet normal 0.649414 -0.760435 0
    outer loop
      vertex 75.884 -5.08754 37.9138
      vertex 75.4544 -5.45442 36.4
      vertex 75.884 -5.08754 36.4
    endloop
  endfacet
  facet normal 0.522467 0.85266 -0
    outer loop
      vertex 76.3656 -11.2076 36.4
      vertex 75.884 -10.9125 37.9138
      vertex 76.3656 -11.2076 37.9138
    endloop
  endfacet
  facet normal 0.522467 0.85266 0
    outer loop
      vertex 75.884 -10.9125 37.9138
      vertex 76.3656 -11.2076 36.4
      vertex 75.884 -10.9125 36.4
    endloop
  endfacet
  facet normal -0.522544 -0.852612 0
    outer loop
      vertex 79.6344 -4.79238 36.4
      vertex 80.116 -5.08754 37.9138
      vertex 79.6344 -4.79238 37.9138
    endloop
  endfacet
  facet normal -0.522544 -0.852612 -0
    outer loop
      vertex 80.116 -5.08754 37.9138
      vertex 79.6344 -4.79238 36.4
      vertex 80.116 -5.08754 36.4
    endloop
  endfacet
  facet normal 0.382686 -0.923878 0
    outer loop
      vertex 76.3656 -4.79238 36.4
      vertex 76.8875 -4.5762 37.9138
      vertex 76.3656 -4.79238 37.9138
    endloop
  endfacet
  facet normal 0.382686 -0.923878 0
    outer loop
      vertex 76.8875 -4.5762 37.9138
      vertex 76.3656 -4.79238 36.4
      vertex 76.8875 -4.5762 36.4
    endloop
  endfacet
  facet normal -0.0784155 0.996921 0
    outer loop
      vertex 78.5632 -11.5557 36.4
      vertex 78 -11.6 37.9138
      vertex 78.5632 -11.5557 37.9138
    endloop
  endfacet
  facet normal -0.0784155 0.996921 0
    outer loop
      vertex 78 -11.6 37.9138
      vertex 78.5632 -11.5557 36.4
      vertex 78 -11.6 36.4
    endloop
  endfacet
  facet normal -0.923868 0.38271 0
    outer loop
      vertex 81.2076 -9.63437 36.4
      vertex 81.4238 -9.11246 37.9138
      vertex 81.4238 -9.11246 36.4
    endloop
  endfacet
  facet normal -0.923868 0.38271 0
    outer loop
      vertex 81.4238 -9.11246 37.9138
      vertex 81.2076 -9.63437 36.4
      vertex 81.2076 -9.63437 37.9138
    endloop
  endfacet
  facet normal 0.760417 0.649435 0
    outer loop
      vertex 75.4544 -10.5456 37.9138
      vertex 75.0875 -10.116 36.4
      vertex 75.0875 -10.116 37.9138
    endloop
  endfacet
  facet normal 0.760417 0.649435 0
    outer loop
      vertex 75.0875 -10.116 36.4
      vertex 75.4544 -10.5456 37.9138
      vertex 75.4544 -10.5456 36.4
    endloop
  endfacet
  facet normal 0.923868 0.38271 0
    outer loop
      vertex 74.7924 -9.63437 37.9138
      vertex 74.5762 -9.11246 36.4
      vertex 74.5762 -9.11246 37.9138
    endloop
  endfacet
  facet normal 0.923868 0.38271 0
    outer loop
      vertex 74.5762 -9.11246 36.4
      vertex 74.7924 -9.63437 37.9138
      vertex 74.7924 -9.63437 36.4
    endloop
  endfacet
  facet normal 0.76038 -0.649478 0
    outer loop
      vertex 75.0875 -5.88397 37.9138
      vertex 75.4544 -5.45442 36.4
      vertex 75.4544 -5.45442 37.9138
    endloop
  endfacet
  facet normal 0.76038 -0.649478 0
    outer loop
      vertex 75.4544 -5.45442 36.4
      vertex 75.0875 -5.88397 37.9138
      vertex 75.0875 -5.88397 36.4
    endloop
  endfacet
  facet normal 0.649435 0.760417 -0
    outer loop
      vertex 75.884 -10.9125 36.4
      vertex 75.4544 -10.5456 37.9138
      vertex 75.884 -10.9125 37.9138
    endloop
  endfacet
  facet normal 0.649435 0.760417 0
    outer loop
      vertex 75.4544 -10.5456 37.9138
      vertex 75.884 -10.9125 36.4
      vertex 75.4544 -10.5456 36.4
    endloop
  endfacet
  facet normal -0.233487 0.97236 0
    outer loop
      vertex 79.1125 -11.4238 36.4
      vertex 78.5632 -11.5557 37.9138
      vertex 79.1125 -11.4238 37.9138
    endloop
  endfacet
  facet normal -0.233487 0.97236 0
    outer loop
      vertex 78.5632 -11.5557 37.9138
      vertex 79.1125 -11.4238 36.4
      vertex 78.5632 -11.5557 36.4
    endloop
  endfacet
  facet normal -0.760417 0.649435 0
    outer loop
      vertex 80.5456 -10.5456 36.4
      vertex 80.9125 -10.116 37.9138
      vertex 80.9125 -10.116 36.4
    endloop
  endfacet
  facet normal -0.760417 0.649435 0
    outer loop
      vertex 80.9125 -10.116 37.9138
      vertex 80.5456 -10.5456 36.4
      vertex 80.5456 -10.5456 37.9138
    endloop
  endfacet
  facet normal 0.852689 -0.522419 0
    outer loop
      vertex 74.7924 -6.36563 37.9138
      vertex 75.0875 -5.88397 36.4
      vertex 75.0875 -5.88397 37.9138
    endloop
  endfacet
  facet normal 0.852689 -0.522419 0
    outer loop
      vertex 75.0875 -5.88397 36.4
      vertex 74.7924 -6.36563 37.9138
      vertex 74.7924 -6.36563 36.4
    endloop
  endfacet
  facet normal -0.649435 0.760417 0
    outer loop
      vertex 80.5456 -10.5456 36.4
      vertex 80.116 -10.9125 37.9138
      vertex 80.5456 -10.5456 37.9138
    endloop
  endfacet
  facet normal -0.649435 0.760417 0
    outer loop
      vertex 80.116 -10.9125 37.9138
      vertex 80.5456 -10.5456 36.4
      vertex 80.116 -10.9125 36.4
    endloop
  endfacet
  facet normal -1 0 0
    outer loop
      vertex 91 -29.9138 17.5
      vertex 91 -28.4 20.5
      vertex 91 -28.4 17.5
    endloop
  endfacet
  facet normal -1 -0 0
    outer loop
      vertex 91 -28.4 20.5
      vertex 91 -29.9138 17.5
      vertex 91 -29.9138 20.5
    endloop
  endfacet
  facet normal 0 0 -1
    outer loop
      vertex 88 -29.9138 20.5
      vertex 91 -28.4 20.5
      vertex 91 -29.9138 20.5
    endloop
  endfacet
  facet normal -0 0 -1
    outer loop
      vertex 91 -28.4 20.5
      vertex 88 -29.9138 20.5
      vertex 88 -28.4 20.5
    endloop
  endfacet
  facet normal -0 0 1
    outer loop
      vertex 88 -28.4 17.5
      vertex 91 -29.9138 17.5
      vertex 91 -28.4 17.5
    endloop
  endfacet
  facet normal 0 0 1
    outer loop
      vertex 91 -29.9138 17.5
      vertex 88 -28.4 17.5
      vertex 88 -29.9138 17.5
    endloop
  endfacet
  facet normal 1 -0 0
    outer loop
      vertex 88 -29.9138 20.5
      vertex 88 -28.4 17.5
      vertex 88 -28.4 20.5
    endloop
  endfacet
  facet normal 1 0 0
    outer loop
      vertex 88 -28.4 17.5
      vertex 88 -29.9138 20.5
      vertex 88 -29.9138 17.5
    endloop
  endfacet
  facet normal 0 0 -1
    outer loop
      vertex 73 -27.33 36.4
      vertex 88 -22.4 36.4
      vertex 88 -27.33 36.4
    endloop
  endfacet
  facet normal 0 0 -1
    outer loop
      vertex 88 -22.4 36.4
      vertex 81.5557 -7.43684 36.4
      vertex 88 20.4 36.4
    endloop
  endfacet
  facet normal 0 0 -1
    outer loop
      vertex 88 -22.4 36.4
      vertex 81.6 -8 36.4
      vertex 81.5557 -7.43684 36.4
    endloop
  endfacet
  facet normal 0 0 -1
    outer loop
      vertex 88 -22.4 36.4
      vertex 81.5557 -8.56316 36.4
      vertex 81.6 -8 36.4
    endloop
  endfacet
  facet normal 0 0 -1
    outer loop
      vertex 88 -22.4 36.4
      vertex 81.4238 -9.11246 36.4
      vertex 81.5557 -8.56316 36.4
    endloop
  endfacet
  facet normal 0 0 -1
    outer loop
      vertex 88 -22.4 36.4
      vertex 81.2076 -9.63437 36.4
      vertex 81.4238 -9.11246 36.4
    endloop
  endfacet
  facet normal 0 0 -1
    outer loop
      vertex 88 -22.4 36.4
      vertex 80.9125 -10.116 36.4
      vertex 81.2076 -9.63437 36.4
    endloop
  endfacet
  facet normal 0 0 -1
    outer loop
      vertex 88 -22.4 36.4
      vertex 80.5456 -10.5456 36.4
      vertex 80.9125 -10.116 36.4
    endloop
  endfacet
  facet normal 0 0 -1
    outer loop
      vertex 88 -22.4 36.4
      vertex 80.116 -10.9125 36.4
      vertex 80.5456 -10.5456 36.4
    endloop
  endfacet
  facet normal 0 0 -1
    outer loop
      vertex 88 -22.4 36.4
      vertex 79.6344 -11.2076 36.4
      vertex 80.116 -10.9125 36.4
    endloop
  endfacet
  facet normal 0 0 -1
    outer loop
      vertex 88 -22.4 36.4
      vertex 79.1125 -11.4238 36.4
      vertex 79.6344 -11.2076 36.4
    endloop
  endfacet
  facet normal 0 0 -1
    outer loop
      vertex 88 -22.4 36.4
      vertex 78.5632 -11.5557 36.4
      vertex 79.1125 -11.4238 36.4
    endloop
  endfacet
  facet normal -0 0 -1
    outer loop
      vertex 88 -22.4 36.4
      vertex 73 -27.33 36.4
      vertex 78.5632 -11.5557 36.4
    endloop
  endfacet
  facet normal 0 0 -1
    outer loop
      vertex 78.5632 -11.5557 36.4
      vertex 73 -27.33 36.4
      vertex 78 -11.6 36.4
    endloop
  endfacet
  facet normal -0 0 -1
    outer loop
      vertex 78 -11.6 36.4
      vertex 73 -27.33 36.4
      vertex 77.4368 -11.5557 36.4
    endloop
  endfacet
  facet normal 0 0 -1
    outer loop
      vertex 68.67 -23 36.4
      vertex 77.4368 -11.5557 36.4
      vertex 73 -27.33 36.4
    endloop
  endfacet
  facet normal -0 0 -1
    outer loop
      vertex 77.4368 -11.5557 36.4
      vertex 68.67 -23 36.4
      vertex 76.8875 -11.4238 36.4
    endloop
  endfacet
  facet normal -0 0 -1
    outer loop
      vertex 76.8875 -11.4238 36.4
      vertex 68.67 -23 36.4
      vertex 76.3656 -11.2076 36.4
    endloop
  endfacet
  facet normal -0 0 -1
    outer loop
      vertex 76.3656 -11.2076 36.4
      vertex 68.67 -23 36.4
      vertex 75.884 -10.9125 36.4
    endloop
  endfacet
  facet normal -0 0 -1
    outer loop
      vertex 74.5762 -9.11246 36.4
      vertex 68.67 -23 36.4
      vertex 74.4443 -8.56316 36.4
    endloop
  endfacet
  facet normal -0 0 -1
    outer loop
      vertex 74.7924 -9.63437 36.4
      vertex 68.67 -23 36.4
      vertex 74.5762 -9.11246 36.4
    endloop
  endfacet
  facet normal -0 0 -1
    outer loop
      vertex 75.0875 -10.116 36.4
      vertex 68.67 -23 36.4
      vertex 74.7924 -9.63437 36.4
    endloop
  endfacet
  facet normal -0 0 -1
    outer loop
      vertex 75.4544 -10.5456 36.4
      vertex 68.67 -23 36.4
      vertex 75.0875 -10.116 36.4
    endloop
  endfacet
  facet normal -0 0 -1
    outer loop
      vertex 75.884 -10.9125 36.4
      vertex 68.67 -23 36.4
      vertex 75.4544 -10.5456 36.4
    endloop
  endfacet
  facet normal 0 0 -1
    outer loop
      vertex 88 -22.4 36.4
      vertex 95.33 20.4 36.4
      vertex 95.33 -22.4 36.4
    endloop
  endfacet
  facet normal -0 0 -1
    outer loop
      vertex 95.33 20.4 36.4
      vertex 88 -22.4 36.4
      vertex 88 20.4 36.4
    endloop
  endfacet
  facet normal 0 0 -1
    outer loop
      vertex 81.4238 -6.88754 36.4
      vertex 88 20.4 36.4
      vertex 81.5557 -7.43684 36.4
    endloop
  endfacet
  facet normal 0 0 -1
    outer loop
      vertex 81.2076 -6.36563 36.4
      vertex 88 20.4 36.4
      vertex 81.4238 -6.88754 36.4
    endloop
  endfacet
  facet normal 0 0 -1
    outer loop
      vertex 80.9125 -5.88397 36.4
      vertex 88 20.4 36.4
      vertex 81.2076 -6.36563 36.4
    endloop
  endfacet
  facet normal 0 0 -1
    outer loop
      vertex 80.5456 -5.45442 36.4
      vertex 88 20.4 36.4
      vertex 80.9125 -5.88397 36.4
    endloop
  endfacet
  facet normal 0 0 -1
    outer loop
      vertex 80.116 -5.08754 36.4
      vertex 88 20.4 36.4
      vertex 80.5456 -5.45442 36.4
    endloop
  endfacet
  facet normal 0 0 -1
    outer loop
      vertex 79.6344 -4.79238 36.4
      vertex 88 20.4 36.4
      vertex 80.116 -5.08754 36.4
    endloop
  endfacet
  facet normal 0 0 -1
    outer loop
      vertex 79.1125 -4.5762 36.4
      vertex 88 20.4 36.4
      vertex 79.6344 -4.79238 36.4
    endloop
  endfacet
  facet normal 0 0 -1
    outer loop
      vertex 78.5632 -4.44432 36.4
      vertex 88 20.4 36.4
      vertex 79.1125 -4.5762 36.4
    endloop
  endfacet
  facet normal 0 0 -1
    outer loop
      vertex 78 -4.4 36.4
      vertex 88 20.4 36.4
      vertex 78.5632 -4.44432 36.4
    endloop
  endfacet
  facet normal -0 0 -1
    outer loop
      vertex 88 20.4 36.4
      vertex 78 -4.4 36.4
      vertex 68.67 21 36.4
    endloop
  endfacet
  facet normal 0 0 -1
    outer loop
      vertex 68.67 21 36.4
      vertex 78 -4.4 36.4
      vertex 77.4368 -4.44432 36.4
    endloop
  endfacet
  facet normal 0 0 -1
    outer loop
      vertex 68.67 21 36.4
      vertex 77.4368 -4.44432 36.4
      vertex 76.8875 -4.5762 36.4
    endloop
  endfacet
  facet normal 0 0 -1
    outer loop
      vertex 68.67 21 36.4
      vertex 76.8875 -4.5762 36.4
      vertex 76.3656 -4.79238 36.4
    endloop
  endfacet
  facet normal 0 0 -1
    outer loop
      vertex 68.67 21 36.4
      vertex 76.3656 -4.79238 36.4
      vertex 75.884 -5.08754 36.4
    endloop
  endfacet
  facet normal 0 0 -1
    outer loop
      vertex 68.67 21 36.4
      vertex 75.884 -5.08754 36.4
      vertex 75.4544 -5.45442 36.4
    endloop
  endfacet
  facet normal 0 0 -1
    outer loop
      vertex 68.67 21 36.4
      vertex 75.4544 -5.45442 36.4
      vertex 75.0875 -5.88397 36.4
    endloop
  endfacet
  facet normal 0 0 -1
    outer loop
      vertex 68.67 21 36.4
      vertex 75.0875 -5.88397 36.4
      vertex 74.7924 -6.36563 36.4
    endloop
  endfacet
  facet normal 0 -0 -1
    outer loop
      vertex 73 25.33 36.4
      vertex 88 20.4 36.4
      vertex 68.67 21 36.4
    endloop
  endfacet
  facet normal 0 0 -1
    outer loop
      vertex 68.67 21 36.4
      vertex 74.7924 -6.36563 36.4
      vertex 74.5762 -6.88754 36.4
    endloop
  endfacet
  facet normal 0 0 -1
    outer loop
      vertex 68.67 21 36.4
      vertex 74.5762 -6.88754 36.4
      vertex 74.4443 -7.43684 36.4
    endloop
  endfacet
  facet normal 0 0 -1
    outer loop
      vertex 68.67 -23 36.4
      vertex 74.4443 -7.43684 36.4
      vertex 74.4 -8 36.4
    endloop
  endfacet
  facet normal -0 0 -1
    outer loop
      vertex 74.4443 -8.56316 36.4
      vertex 68.67 -23 36.4
      vertex 74.4 -8 36.4
    endloop
  endfacet
  facet normal 0 0 -1
    outer loop
      vertex 68.67 -23 36.4
      vertex 73 -27.33 36.4
      vertex 72.6565 -27.2756 36.4
    endloop
  endfacet
  facet normal -0 0 -1
    outer loop
      vertex 74.4443 -7.43684 36.4
      vertex 68.67 -23 36.4
      vertex 68.67 21 36.4
    endloop
  endfacet
  facet normal 0 0 -1
    outer loop
      vertex 70.7647 -26.6609 36.4
      vertex 72.6565 -27.2756 36.4
      vertex 71.6619 -27.1181 36.4
    endloop
  endfacet
  facet normal 0 0 -1
    outer loop
      vertex 88 20.4 36.4
      vertex 73 25.33 36.4
      vertex 88 25.33 36.4
    endloop
  endfacet
  facet normal 0 0 -1
    outer loop
      vertex 72.6565 -27.2756 36.4
      vertex 70.7647 -26.6609 36.4
      vertex 68.7244 -23.3435 36.4
    endloop
  endfacet
  facet normal 0 0 -1
    outer loop
      vertex 73 25.33 36.4
      vertex 68.67 21 36.4
      vertex 72.6565 25.2756 36.4
    endloop
  endfacet
  facet normal 0 0 -1
    outer loop
      vertex 69.3391 -25.2353 36.4
      vertex 70.7647 -26.6609 36.4
      vertex 70.4549 -26.5031 36.4
    endloop
  endfacet
  facet normal 0 -0 -1
    outer loop
      vertex 68.7244 21.3435 36.4
      vertex 72.6565 25.2756 36.4
      vertex 68.67 21 36.4
    endloop
  endfacet
  facet normal 0 0 -1
    outer loop
      vertex 69.3391 -25.2353 36.4
      vertex 70.4549 -26.5031 36.4
      vertex 69.4969 -25.5451 36.4
    endloop
  endfacet
  facet normal 0 -0 -1
    outer loop
      vertex 70.7647 24.6609 36.4
      vertex 72.6565 25.2756 36.4
      vertex 68.7244 21.3435 36.4
    endloop
  endfacet
  facet normal 0 0 -1
    outer loop
      vertex 70.7647 -26.6609 36.4
      vertex 69.3391 -25.2353 36.4
      vertex 68.7244 -23.3435 36.4
    endloop
  endfacet
  facet normal 0 0 -1
    outer loop
      vertex 72.6565 25.2756 36.4
      vertex 70.7647 24.6609 36.4
      vertex 71.6619 25.1181 36.4
    endloop
  endfacet
  facet normal 0 0 -1
    outer loop
      vertex 68.7244 -23.3435 36.4
      vertex 69.3391 -25.2353 36.4
      vertex 68.8819 -24.3381 36.4
    endloop
  endfacet
  facet normal 0 0 -1
    outer loop
      vertex 72.6565 -27.2756 36.4
      vertex 68.7244 -23.3435 36.4
      vertex 68.67 -23 36.4
    endloop
  endfacet
  facet normal 0 -0 -1
    outer loop
      vertex 69.3391 23.2353 36.4
      vertex 70.7647 24.6609 36.4
      vertex 68.7244 21.3435 36.4
    endloop
  endfacet
  facet normal 0 0 -1
    outer loop
      vertex 69.3391 23.2353 36.4
      vertex 68.7244 21.3435 36.4
      vertex 68.8819 22.3381 36.4
    endloop
  endfacet
  facet normal 0 0 -1
    outer loop
      vertex 70.4549 24.5031 36.4
      vertex 69.3391 23.2353 36.4
      vertex 69.4969 23.5451 36.4
    endloop
  endfacet
  facet normal 0 0 -1
    outer loop
      vertex 70.7647 24.6609 36.4
      vertex 69.3391 23.2353 36.4
      vertex 70.4549 24.5031 36.4
    endloop
  endfacet
  facet normal 0 0 1
    outer loop
      vertex 95.33 -23 36.4
      vertex 96 -22.4 36.4
      vertex 95.33 -22.4 36.4
    endloop
  endfacet
  facet normal 0 0 1
    outer loop
      vertex 95.2756 -23.3435 36.4
      vertex 96 -22.4 36.4
      vertex 95.33 -23 36.4
    endloop
  endfacet
  facet normal 0 0 1
    outer loop
      vertex 95.1181 -24.3381 36.4
      vertex 96 -22.4 36.4
      vertex 95.2756 -23.3435 36.4
    endloop
  endfacet
  facet normal 0 0 1
    outer loop
      vertex 96 -22.4 36.4
      vertex 95.1181 -24.3381 36.4
      vertex 96 -28.4 36.4
    endloop
  endfacet
  facet normal -0 0 1
    outer loop
      vertex 94.6609 -25.2353 36.4
      vertex 96 -28.4 36.4
      vertex 95.1181 -24.3381 36.4
    endloop
  endfacet
  facet normal -0 0 1
    outer loop
      vertex 94.5031 -25.5451 36.4
      vertex 96 -28.4 36.4
      vertex 94.6609 -25.2353 36.4
    endloop
  endfacet
  facet normal -0 0 1
    outer loop
      vertex 93.5451 -26.5031 36.4
      vertex 96 -28.4 36.4
      vertex 94.5031 -25.5451 36.4
    endloop
  endfacet
  facet normal -0 0 1
    outer loop
      vertex 93.2353 -26.6609 36.4
      vertex 96 -28.4 36.4
      vertex 93.5451 -26.5031 36.4
    endloop
  endfacet
  facet normal -0 0 1
    outer loop
      vertex 92.3381 -27.1181 36.4
      vertex 96 -28.4 36.4
      vertex 93.2353 -26.6609 36.4
    endloop
  endfacet
  facet normal -0 0 1
    outer loop
      vertex 91.3435 -27.2756 36.4
      vertex 96 -28.4 36.4
      vertex 92.3381 -27.1181 36.4
    endloop
  endfacet
  facet normal -0 0 1
    outer loop
      vertex 91 -27.33 36.4
      vertex 96 -28.4 36.4
      vertex 91.3435 -27.2756 36.4
    endloop
  endfacet
  facet normal 0 0 1
    outer loop
      vertex 88 -28.4 36.4
      vertex 91 -27.33 36.4
      vertex 88 -27.33 36.4
    endloop
  endfacet
  facet normal 0 0 1
    outer loop
      vertex 91 -27.33 36.4
      vertex 88 -28.4 36.4
      vertex 96 -28.4 36.4
    endloop
  endfacet
  facet normal -0 0 1
    outer loop
      vertex 95.1181 22.3381 36.4
      vertex 96 20.4 36.4
      vertex 96 26.4 36.4
    endloop
  endfacet
  facet normal 0 0 1
    outer loop
      vertex 96 20.4 36.4
      vertex 95.2756 21.3435 36.4
      vertex 95.33 21 36.4
    endloop
  endfacet
  facet normal 0 0 1
    outer loop
      vertex 96 20.4 36.4
      vertex 95.1181 22.3381 36.4
      vertex 95.2756 21.3435 36.4
    endloop
  endfacet
  facet normal 0 0 1
    outer loop
      vertex 96 26.4 36.4
      vertex 94.6609 23.2353 36.4
      vertex 95.1181 22.3381 36.4
    endloop
  endfacet
  facet normal 0 0 1
    outer loop
      vertex 96 26.4 36.4
      vertex 94.5031 23.5451 36.4
      vertex 94.6609 23.2353 36.4
    endloop
  endfacet
  facet normal 0 0 1
    outer loop
      vertex 96 26.4 36.4
      vertex 93.5451 24.5031 36.4
      vertex 94.5031 23.5451 36.4
    endloop
  endfacet
  facet normal 0 0 1
    outer loop
      vertex 96 26.4 36.4
      vertex 93.2353 24.6609 36.4
      vertex 93.5451 24.5031 36.4
    endloop
  endfacet
  facet normal 0 0 1
    outer loop
      vertex 96 26.4 36.4
      vertex 92.3381 25.1181 36.4
      vertex 93.2353 24.6609 36.4
    endloop
  endfacet
  facet normal 0 0 1
    outer loop
      vertex 96 26.4 36.4
      vertex 91.3435 25.2756 36.4
      vertex 92.3381 25.1181 36.4
    endloop
  endfacet
  facet normal 0 0 1
    outer loop
      vertex 96 26.4 36.4
      vertex 91 25.33 36.4
      vertex 91.3435 25.2756 36.4
    endloop
  endfacet
  facet normal -0 0 1
    outer loop
      vertex 88 26.4 36.4
      vertex 91 25.33 36.4
      vertex 96 26.4 36.4
    endloop
  endfacet
  facet normal 0 0 1
    outer loop
      vertex 91 25.33 36.4
      vertex 88 26.4 36.4
      vertex 88 25.33 36.4
    endloop
  endfacet
  facet normal 0 0 1
    outer loop
      vertex 96 20.4 36.4
      vertex 95.33 21 36.4
      vertex 95.33 20.4 36.4
    endloop
  endfacet
  facet normal 0 0 -1
    outer loop
      vertex 77.5 -28.4 36.4
      vertex 86.5 -28 36.4
      vertex 86.5 -28.4 36.4
    endloop
  endfacet
  facet normal -0 0 -1
    outer loop
      vertex 86.5 -28 36.4
      vertex 77.5 -28.4 36.4
      vertex 77.5 -28 36.4
    endloop
  endfacet
  facet normal 0 0 -1
    outer loop
      vertex 95.1181 -24.3381 -2.4
      vertex 96 -22.4 -2.4
      vertex 96 -28.4 -2.4
    endloop
  endfacet
  facet normal 0 0 -1
    outer loop
      vertex 96 -22.4 -2.4
      vertex 95.2756 -23.3435 -2.4
      vertex 95.33 -23 -2.4
    endloop
  endfacet
  facet normal 0 0 -1
    outer loop
      vertex 96 -22.4 -2.4
      vertex 95.1181 -24.3381 -2.4
      vertex 95.2756 -23.3435 -2.4
    endloop
  endfacet
  facet normal 0 0 -1
    outer loop
      vertex 96 -28.4 -2.4
      vertex 94.6609 -25.2353 -2.4
      vertex 95.1181 -24.3381 -2.4
    endloop
  endfacet
  facet normal 0 0 -1
    outer loop
      vertex 96 -28.4 -2.4
      vertex 94.5031 -25.5451 -2.4
      vertex 94.6609 -25.2353 -2.4
    endloop
  endfacet
  facet normal 0 0 -1
    outer loop
      vertex 96 -28.4 -2.4
      vertex 93.5451 -26.5031 -2.4
      vertex 94.5031 -25.5451 -2.4
    endloop
  endfacet
  facet normal 0 0 -1
    outer loop
      vertex 96 -28.4 -2.4
      vertex 93.2353 -26.6609 -2.4
      vertex 93.5451 -26.5031 -2.4
    endloop
  endfacet
  facet normal 0 0 -1
    outer loop
      vertex 96 -28.4 -2.4
      vertex 92.3381 -27.1181 -2.4
      vertex 93.2353 -26.6609 -2.4
    endloop
  endfacet
  facet normal 0 0 -1
    outer loop
      vertex 96 -28.4 -2.4
      vertex 91.3435 -27.2756 -2.4
      vertex 92.3381 -27.1181 -2.4
    endloop
  endfacet
  facet normal 0 0 -1
    outer loop
      vertex 96 -28.4 -2.4
      vertex 91 -27.33 -2.4
      vertex 91.3435 -27.2756 -2.4
    endloop
  endfacet
  facet normal 0 0 -1
    outer loop
      vertex 88 -28.4 -2.4
      vertex 91 -27.33 -2.4
      vertex 96 -28.4 -2.4
    endloop
  endfacet
  facet normal -0 0 -1
    outer loop
      vertex 91 -27.33 -2.4
      vertex 88 -28.4 -2.4
      vertex 88 -27.33 -2.4
    endloop
  endfacet
  facet normal -0 0 -1
    outer loop
      vertex 96 -22.4 -2.4
      vertex 95.33 -23 -2.4
      vertex 95.33 -22.4 -2.4
    endloop
  endfacet
  facet normal -0 0 1
    outer loop
      vertex 73 25.33 -2.4
      vertex 88 20.4 -2.4
      vertex 88 25.33 -2.4
    endloop
  endfacet
  facet normal 0 0 1
    outer loop
      vertex 88 20.4 -2.4
      vertex 73.65 9.298 -2.4
      vertex 88 -22.4 -2.4
    endloop
  endfacet
  facet normal 0 0 1
    outer loop
      vertex 88 20.4 -2.4
      vertex 73.65 16.702 -2.4
      vertex 73.65 9.298 -2.4
    endloop
  endfacet
  facet normal 0 0 1
    outer loop
      vertex 88 20.4 -2.4
      vertex 73 25.33 -2.4
      vertex 73.65 16.702 -2.4
    endloop
  endfacet
  facet normal -0 0 1
    outer loop
      vertex 72.6565 25.2756 -2.4
      vertex 73.65 16.702 -2.4
      vertex 73 25.33 -2.4
    endloop
  endfacet
  facet normal 0 0 1
    outer loop
      vertex 70.7647 24.6609 -2.4
      vertex 72.6565 25.2756 -2.4
      vertex 71.6619 25.1181 -2.4
    endloop
  endfacet
  facet normal 0 0 1
    outer loop
      vertex 72.6565 25.2756 -2.4
      vertex 70.7647 24.6609 -2.4
      vertex 73.65 16.702 -2.4
    endloop
  endfacet
  facet normal 0 0 1
    outer loop
      vertex 69.3391 23.2353 -2.4
      vertex 70.7647 24.6609 -2.4
      vertex 70.4549 24.5031 -2.4
    endloop
  endfacet
  facet normal 0 0 1
    outer loop
      vertex 69.3391 23.2353 -2.4
      vertex 70.4549 24.5031 -2.4
      vertex 69.4969 23.5451 -2.4
    endloop
  endfacet
  facet normal 0 0 1
    outer loop
      vertex 70.7647 24.6609 -2.4
      vertex 69.3391 23.2353 -2.4
      vertex 73.65 16.702 -2.4
    endloop
  endfacet
  facet normal 0 0 1
    outer loop
      vertex 68.7244 21.3435 -2.4
      vertex 69.3391 23.2353 -2.4
      vertex 68.8819 22.3381 -2.4
    endloop
  endfacet
  facet normal 0 0 1
    outer loop
      vertex 69.3391 23.2353 -2.4
      vertex 68.7244 21.3435 -2.4
      vertex 73.65 16.702 -2.4
    endloop
  endfacet
  facet normal -0 0 1
    outer loop
      vertex 68.67 21 -2.4
      vertex 73.65 16.702 -2.4
      vertex 68.7244 21.3435 -2.4
    endloop
  endfacet
  facet normal 0 0 1
    outer loop
      vertex 73.65 16.702 -2.4
      vertex 68.67 21 -2.4
      vertex 68.67 16.702 -2.4
    endloop
  endfacet
  facet normal -0 0 1
    outer loop
      vertex 88 20.4 -2.4
      vertex 95.33 -22.4 -2.4
      vertex 95.33 20.4 -2.4
    endloop
  endfacet
  facet normal 0 0 1
    outer loop
      vertex 95.33 -22.4 -2.4
      vertex 88 20.4 -2.4
      vertex 88 -22.4 -2.4
    endloop
  endfacet
  facet normal -0 0 1
    outer loop
      vertex 69.3315 1.16738 -2.4
      vertex 88 -22.4 -2.4
      vertex 73.65 9.298 -2.4
    endloop
  endfacet
  facet normal -0 0 1
    outer loop
      vertex 69.2474 0.964413 -2.4
      vertex 88 -22.4 -2.4
      vertex 69.3315 1.16738 -2.4
    endloop
  endfacet
  facet normal -0 0 1
    outer loop
      vertex 69.1326 0.777101 -2.4
      vertex 88 -22.4 -2.4
      vertex 69.2474 0.964413 -2.4
    endloop
  endfacet
  facet normal -0 0 1
    outer loop
      vertex 68.99 0.61005 -2.4
      vertex 88 -22.4 -2.4
      vertex 69.1326 0.777101 -2.4
    endloop
  endfacet
  facet normal -0 0 1
    outer loop
      vertex 68.8229 0.467376 -2.4
      vertex 88 -22.4 -2.4
      vertex 68.99 0.61005 -2.4
    endloop
  endfacet
  facet normal 0 0 1
    outer loop
      vertex 88 -22.4 -2.4
      vertex 73 -27.33 -2.4
      vertex 88 -27.33 -2.4
    endloop
  endfacet
  facet normal 0 0 1
    outer loop
      vertex 73 -27.33 -2.4
      vertex 68.67 -23 -2.4
      vertex 72.6565 -27.2756 -2.4
    endloop
  endfacet
  facet normal 0 0 1
    outer loop
      vertex 69.3828 1.38099 -2.4
      vertex 73.65 9.298 -2.4
      vertex 69.4 1.6 -2.4
    endloop
  endfacet
  facet normal 0 0 1
    outer loop
      vertex 73.65 9.298 -2.4
      vertex 69.3828 1.81901 -2.4
      vertex 69.4 1.6 -2.4
    endloop
  endfacet
  facet normal 0 0 1
    outer loop
      vertex 73.65 9.298 -2.4
      vertex 69.3315 2.03262 -2.4
      vertex 69.3828 1.81901 -2.4
    endloop
  endfacet
  facet normal 0 0 1
    outer loop
      vertex 73.65 9.298 -2.4
      vertex 69.2474 2.23559 -2.4
      vertex 69.3315 2.03262 -2.4
    endloop
  endfacet
  facet normal 0 0 1
    outer loop
      vertex 73.65 9.298 -2.4
      vertex 69.1326 2.4229 -2.4
      vertex 69.2474 2.23559 -2.4
    endloop
  endfacet
  facet normal 0 0 1
    outer loop
      vertex 73.65 9.298 -2.4
      vertex 68.99 2.58995 -2.4
      vertex 69.1326 2.4229 -2.4
    endloop
  endfacet
  facet normal 0 0 1
    outer loop
      vertex 73.65 9.298 -2.4
      vertex 68.8229 2.73262 -2.4
      vertex 68.99 2.58995 -2.4
    endloop
  endfacet
  facet normal -0 0 1
    outer loop
      vertex 68.67 9.298 -2.4
      vertex 68.8229 2.73262 -2.4
      vertex 73.65 9.298 -2.4
    endloop
  endfacet
  facet normal 0 0 1
    outer loop
      vertex 68.8229 2.73262 -2.4
      vertex 68.67 9.298 -2.4
      vertex 68.67 2.82634 -2.4
    endloop
  endfacet
  facet normal 0 0 1
    outer loop
      vertex 69.3315 1.16738 -2.4
      vertex 73.65 9.298 -2.4
      vertex 69.3828 1.38099 -2.4
    endloop
  endfacet
  facet normal -0 -0 1
    outer loop
      vertex 70.7647 -26.6609 -2.4
      vertex 72.6565 -27.2756 -2.4
      vertex 68.7244 -23.3435 -2.4
    endloop
  endfacet
  facet normal -0 -0 1
    outer loop
      vertex 69.3391 -25.2353 -2.4
      vertex 70.7647 -26.6609 -2.4
      vertex 68.7244 -23.3435 -2.4
    endloop
  endfacet
  facet normal 0 0 1
    outer loop
      vertex 72.6565 -27.2756 -2.4
      vertex 70.7647 -26.6609 -2.4
      vertex 71.6619 -27.1181 -2.4
    endloop
  endfacet
  facet normal -0 -0 1
    outer loop
      vertex 68.7244 -23.3435 -2.4
      vertex 72.6565 -27.2756 -2.4
      vertex 68.67 -23 -2.4
    endloop
  endfacet
  facet normal 0 -0 1
    outer loop
      vertex 73 -27.33 -2.4
      vertex 88 -22.4 -2.4
      vertex 68.67 -23 -2.4
    endloop
  endfacet
  facet normal 0 0 1
    outer loop
      vertex 70.4549 -26.5031 -2.4
      vertex 69.3391 -25.2353 -2.4
      vertex 69.4969 -25.5451 -2.4
    endloop
  endfacet
  facet normal 0 0 1
    outer loop
      vertex 88 -22.4 -2.4
      vertex 68.8229 0.467376 -2.4
      vertex 68.67 -23 -2.4
    endloop
  endfacet
  facet normal 0 0 1
    outer loop
      vertex 69.3391 -25.2353 -2.4
      vertex 68.7244 -23.3435 -2.4
      vertex 68.8819 -24.3381 -2.4
    endloop
  endfacet
  facet normal 0 0 1
    outer loop
      vertex 68.67 -23 -2.4
      vertex 68.8229 0.467376 -2.4
      vertex 68.67 0.373663 -2.4
    endloop
  endfacet
  facet normal 0 0 1
    outer loop
      vertex 70.7647 -26.6609 -2.4
      vertex 69.3391 -25.2353 -2.4
      vertex 70.4549 -26.5031 -2.4
    endloop
  endfacet
  facet normal 0 0 -1
    outer loop
      vertex 95.33 21 -2.4
      vertex 96 20.4 -2.4
      vertex 95.33 20.4 -2.4
    endloop
  endfacet
  facet normal 0 0 -1
    outer loop
      vertex 95.2756 21.3435 -2.4
      vertex 96 20.4 -2.4
      vertex 95.33 21 -2.4
    endloop
  endfacet
  facet normal 0 0 -1
    outer loop
      vertex 95.1181 22.3381 -2.4
      vertex 96 20.4 -2.4
      vertex 95.2756 21.3435 -2.4
    endloop
  endfacet
  facet normal 0 0 -1
    outer loop
      vertex 96 20.4 -2.4
      vertex 95.1181 22.3381 -2.4
      vertex 96 26.4 -2.4
    endloop
  endfacet
  facet normal 0 0 -1
    outer loop
      vertex 94.6609 23.2353 -2.4
      vertex 96 26.4 -2.4
      vertex 95.1181 22.3381 -2.4
    endloop
  endfacet
  facet normal 0 0 -1
    outer loop
      vertex 94.5031 23.5451 -2.4
      vertex 96 26.4 -2.4
      vertex 94.6609 23.2353 -2.4
    endloop
  endfacet
  facet normal 0 0 -1
    outer loop
      vertex 93.5451 24.5031 -2.4
      vertex 96 26.4 -2.4
      vertex 94.5031 23.5451 -2.4
    endloop
  endfacet
  facet normal 0 0 -1
    outer loop
      vertex 93.2353 24.6609 -2.4
      vertex 96 26.4 -2.4
      vertex 93.5451 24.5031 -2.4
    endloop
  endfacet
  facet normal 0 0 -1
    outer loop
      vertex 92.3381 25.1181 -2.4
      vertex 96 26.4 -2.4
      vertex 93.2353 24.6609 -2.4
    endloop
  endfacet
  facet normal 0 0 -1
    outer loop
      vertex 91.3435 25.2756 -2.4
      vertex 96 26.4 -2.4
      vertex 92.3381 25.1181 -2.4
    endloop
  endfacet
  facet normal 0 0 -1
    outer loop
      vertex 91 25.33 -2.4
      vertex 96 26.4 -2.4
      vertex 91.3435 25.2756 -2.4
    endloop
  endfacet
  facet normal 0 0 -1
    outer loop
      vertex 88 26.4 -2.4
      vertex 91 25.33 -2.4
      vertex 88 25.33 -2.4
    endloop
  endfacet
  facet normal 0 0 -1
    outer loop
      vertex 91 25.33 -2.4
      vertex 88 26.4 -2.4
      vertex 96 26.4 -2.4
    endloop
  endfacet
  facet normal -0 0 1
    outer loop
      vertex 77.5 -28 -2.4
      vertex 86.5 -28.4 -2.4
      vertex 86.5 -28 -2.4
    endloop
  endfacet
  facet normal 0 0 1
    outer loop
      vertex 86.5 -28.4 -2.4
      vertex 77.5 -28 -2.4
      vertex 77.5 -28.4 -2.4
    endloop
  endfacet
  facet normal 1 0 0
    outer loop
      vertex 67.6 19.9915 26.2215
      vertex 67.6 25.2572 32.095
      vertex 67.6 24.9233 32.8308
    endloop
  endfacet
  facet normal 1 0 0
    outer loop
      vertex 67.6 25.2572 32.095
      vertex 67.6 23.8894 23.3894
      vertex 67.6 25.2572 22.2
    endloop
  endfacet
  facet normal 1 0 0
    outer loop
      vertex 67.6 19.9915 26.2215
      vertex 67.6 24.9233 32.8308
      vertex 67.6 24.3119 33.6957
    endloop
  endfacet
  facet normal 1 0 0
    outer loop
      vertex 67.6 23.1983 34.6668
      vertex 67.6 24.3119 33.6957
      vertex 67.6 23.971 34.1779
    endloop
  endfacet
  facet normal 1 0 0
    outer loop
      vertex 67.6 25.2572 22.2
      vertex 67.6 23.8894 23.3894
      vertex 67.6 24.9053 22.2
    endloop
  endfacet
  facet normal 1 0 0
    outer loop
      vertex 67.6 21.8837 35.1374
      vertex 67.6 24.3119 33.6957
      vertex 67.6 23.1983 34.6668
    endloop
  endfacet
  facet normal 1 0 0
    outer loop
      vertex 67.6 21.8837 35.1374
      vertex 67.6 23.1983 34.6668
      vertex 67.6 22.7546 34.9475
    endloop
  endfacet
  facet normal 1 0 0
    outer loop
      vertex 67.6 25.2572 32.095
      vertex 67.6 22.0519 24.9589
      vertex 67.6 23.8894 23.3894
    endloop
  endfacet
  facet normal 1 0 0
    outer loop
      vertex 67.6 24.3119 33.6957
      vertex 67.6 21.8837 35.1374
      vertex 67.6 19.9915 26.2215
    endloop
  endfacet
  facet normal 1 0 0
    outer loop
      vertex 67.6 17.7589 27.1463
      vertex 67.6 21.8837 35.1374
      vertex 67.6 21 35.33
    endloop
  endfacet
  facet normal 1 0 0
    outer loop
      vertex 67.6 25.2572 32.095
      vertex 67.6 19.9915 26.2215
      vertex 67.6 22.0519 24.9589
    endloop
  endfacet
  facet normal 1 0 0
    outer loop
      vertex 67.6 21.8837 35.1374
      vertex 67.6 17.7589 27.1463
      vertex 67.6 19.9915 26.2215
    endloop
  endfacet
  facet normal 1 0 0
    outer loop
      vertex 67.6 21 35.33
      vertex 67.6 15.4091 27.7104
      vertex 67.6 17.7589 27.1463
    endloop
  endfacet
  facet normal 1 0 0
    outer loop
      vertex 67.6 21 35.33
      vertex 67.6 13 27.9
      vertex 67.6 15.4091 27.7104
    endloop
  endfacet
  facet normal 1 0 0
    outer loop
      vertex 67.6 21 35.33
      vertex 67.6 10.5909 27.7104
      vertex 67.6 13 27.9
    endloop
  endfacet
  facet normal 1 0 0
    outer loop
      vertex 67.6 21 35.33
      vertex 67.6 8.24114 27.1463
      vertex 67.6 10.5909 27.7104
    endloop
  endfacet
  facet normal 1 -0 0
    outer loop
      vertex 67.6 -23 35.33
      vertex 67.6 8.24114 27.1463
      vertex 67.6 21 35.33
    endloop
  endfacet
  facet normal 1 0 0
    outer loop
      vertex 67.6 2.11055 23.3894
      vertex 67.6 -0.2 22.2
      vertex 67.6 1.09467 22.2
    endloop
  endfacet
  facet normal 1 0 0
    outer loop
      vertex 67.6 3.94811 24.9589
      vertex 67.6 -0.2 22.2
      vertex 67.6 2.11055 23.3894
    endloop
  endfacet
  facet normal 1 0 0
    outer loop
      vertex 67.6 -0.2 22.2
      vertex 67.6 -0.7215 19.4915
      vertex 67.6 -0.2 20.3425
    endloop
  endfacet
  facet normal 1 0 0
    outer loop
      vertex 67.6 -0.2 22.2
      vertex 67.6 -1.64627 17.2589
      vertex 67.6 -0.7215 19.4915
    endloop
  endfacet
  facet normal 1 0 0
    outer loop
      vertex 67.6 -1.64627 17.2589
      vertex 67.6 -27.2572 32.095
      vertex 67.6 -2.2104 14.9091
    endloop
  endfacet
  facet normal 1 -0 0
    outer loop
      vertex 67.6 -27.2572 32.095
      vertex 67.6 -1.64627 17.2589
      vertex 67.6 -23 35.33
    endloop
  endfacet
  facet normal 1 0 0
    outer loop
      vertex 67.6 -0.2 22.2
      vertex 67.6 -23 35.33
      vertex 67.6 -1.64627 17.2589
    endloop
  endfacet
  facet normal 1 0 0
    outer loop
      vertex 67.6 3.94811 24.9589
      vertex 67.6 -23 35.33
      vertex 67.6 -0.2 22.2
    endloop
  endfacet
  facet normal 1 0 0
    outer loop
      vertex 67.6 6.00855 26.2215
      vertex 67.6 -23 35.33
      vertex 67.6 3.94811 24.9589
    endloop
  endfacet
  facet normal 1 0 0
    outer loop
      vertex 67.6 8.24114 27.1463
      vertex 67.6 -23 35.33
      vertex 67.6 6.00855 26.2215
    endloop
  endfacet
  facet normal 1 0 0
    outer loop
      vertex 67.6 -0.7215 5.50855
      vertex 67.6 0.260688 -1.33003
      vertex 67.6 0.260688 3.90576
    endloop
  endfacet
  facet normal 1 0 0
    outer loop
      vertex 67.6 -23 -1.33003
      vertex 67.6 -0.7215 5.50855
      vertex 67.6 -1.64627 7.74114
    endloop
  endfacet
  facet normal 1 0 0
    outer loop
      vertex 67.6 -23 -1.33003
      vertex 67.6 -1.64627 7.74114
      vertex 67.6 -2.2104 10.0909
    endloop
  endfacet
  facet normal 1 0 0
    outer loop
      vertex 67.6 -27.2572 1.90496
      vertex 67.6 -2.2104 14.9091
      vertex 67.6 -27.2572 32.095
    endloop
  endfacet
  facet normal 1 0 0
    outer loop
      vertex 67.6 -2.2104 14.9091
      vertex 67.6 -27.2572 1.90496
      vertex 67.6 -2.4 12.5
    endloop
  endfacet
  facet normal 1 0 0
    outer loop
      vertex 67.6 -0.7215 5.50855
      vertex 67.6 -23 -1.33003
      vertex 67.6 0.260688 -1.33003
    endloop
  endfacet
  facet normal 1 0 0
    outer loop
      vertex 67.6 -27.2572 32.095
      vertex 67.6 -23 35.33
      vertex 67.6 -23.8837 35.1374
    endloop
  endfacet
  facet normal 1 0 -0
    outer loop
      vertex 67.6 -23 -1.33003
      vertex 67.6 -2.4 12.5
      vertex 67.6 -27.2572 1.90496
    endloop
  endfacet
  facet normal 1 0 0
    outer loop
      vertex 67.6 -25.1983 34.6668
      vertex 67.6 -23.8837 35.1374
      vertex 67.6 -24.7546 34.9475
    endloop
  endfacet
  facet normal 1 0 0
    outer loop
      vertex 67.6 -2.4 12.5
      vertex 67.6 -23 -1.33003
      vertex 67.6 -2.2104 10.0909
    endloop
  endfacet
  facet normal 1 0 0
    outer loop
      vertex 67.6 -26.3119 33.6957
      vertex 67.6 -23.8837 35.1374
      vertex 67.6 -25.1983 34.6668
    endloop
  endfacet
  facet normal 1 0 0
    outer loop
      vertex 67.6 -23 -1.33003
      vertex 67.6 -27.2572 1.90496
      vertex 67.6 -23.8837 -1.13739
    endloop
  endfacet
  facet normal 1 0 0
    outer loop
      vertex 67.6 -26.3119 33.6957
      vertex 67.6 -25.1983 34.6668
      vertex 67.6 -25.971 34.1779
    endloop
  endfacet
  facet normal 1 -0 -0
    outer loop
      vertex 67.6 -26.3119 0.304301
      vertex 67.6 -23.8837 -1.13739
      vertex 67.6 -27.2572 1.90496
    endloop
  endfacet
  facet normal 1 0 0
    outer loop
      vertex 67.6 -23.8837 35.1374
      vertex 67.6 -26.3119 33.6957
      vertex 67.6 -27.2572 32.095
    endloop
  endfacet
  facet normal 1 0 0
    outer loop
      vertex 67.6 -23.8837 -1.13739
      vertex 67.6 -25.1983 -0.6668
      vertex 67.6 -24.7546 -0.947535
    endloop
  endfacet
  facet normal 1 0 0
    outer loop
      vertex 67.6 -27.2572 32.095
      vertex 67.6 -26.3119 33.6957
      vertex 67.6 -26.9233 32.8308
    endloop
  endfacet
  facet normal 1 0 0
    outer loop
      vertex 67.6 -23.8837 -1.13739
      vertex 67.6 -26.3119 0.304301
      vertex 67.6 -25.1983 -0.6668
    endloop
  endfacet
  facet normal 1 0 0
    outer loop
      vertex 67.6 -25.1983 -0.6668
      vertex 67.6 -26.3119 0.304301
      vertex 67.6 -25.971 -0.177933
    endloop
  endfacet
  facet normal 1 0 0
    outer loop
      vertex 67.6 -26.3119 0.304301
      vertex 67.6 -27.2572 1.90496
      vertex 67.6 -26.9233 1.16924
    endloop
  endfacet
  facet normal 1 -0 0
    outer loop
      vertex 67.6 22.0519 0.0411377
      vertex 67.6 23.0607 -0.753866
      vertex 67.6 23.0607 0.902731
    endloop
  endfacet
  facet normal 1 0 0
    outer loop
      vertex 67.6 23.0607 -0.753866
      vertex 67.6 22.0519 0.0411377
      vertex 67.6 22.7546 -0.947535
    endloop
  endfacet
  facet normal 1 0 0
    outer loop
      vertex 67.6 22.0519 0.0411377
      vertex 67.6 21.8837 -1.13739
      vertex 67.6 22.7546 -0.947535
    endloop
  endfacet
  facet normal 1 0 0
    outer loop
      vertex 67.6 22.0519 0.0411377
      vertex 67.6 21 -1.33003
      vertex 67.6 21.8837 -1.13739
    endloop
  endfacet
  facet normal 1 -0 0
    outer loop
      vertex 67.6 19.9915 -1.2215
      vertex 67.6 21 -1.33003
      vertex 67.6 22.0519 0.0411377
    endloop
  endfacet
  facet normal 1 0 0
    outer loop
      vertex 67.6 21 -1.33003
      vertex 67.6 19.9915 -1.2215
      vertex 67.6 19.7294 -1.33003
    endloop
  endfacet
  facet normal 1 0 0
    outer loop
      vertex 67.6 6.00855 -1.2215
      vertex 67.6 2.93931 -1.33003
      vertex 67.6 6.27055 -1.33003
    endloop
  endfacet
  facet normal 1 0 0
    outer loop
      vertex 67.6 3.94811 0.0411377
      vertex 67.6 2.93931 -1.33003
      vertex 67.6 6.00855 -1.2215
    endloop
  endfacet
  facet normal 1 0 0
    outer loop
      vertex 67.6 2.93931 -1.33003
      vertex 67.6 3.94811 0.0411377
      vertex 67.6 2.93931 0.902731
    endloop
  endfacet
  facet normal 0 -1 0
    outer loop
      vertex 68.7428 26.4 1.90496
      vertex 73.65 26.4 4.9839
      vertex 68.7428 26.4 4.9839
    endloop
  endfacet
  facet normal 0 -1 0
    outer loop
      vertex 69.0767 26.4 1.16924
      vertex 73.65 26.4 4.9839
      vertex 68.7428 26.4 1.90496
    endloop
  endfacet
  facet normal 0 -1 0
    outer loop
      vertex 69.6881 26.4 0.3043
      vertex 73.65 26.4 4.9839
      vertex 69.0767 26.4 1.16924
    endloop
  endfacet
  facet normal 0 -1 0
    outer loop
      vertex 70.8017 26.4 -0.666801
      vertex 73.65 26.4 4.9839
      vertex 69.6881 26.4 0.3043
    endloop
  endfacet
  facet normal 0 -1 0
    outer loop
      vertex 70.8017 26.4 -0.666801
      vertex 69.6881 26.4 0.3043
      vertex 70.029 26.4 -0.177933
    endloop
  endfacet
  facet normal 0 -1 0
    outer loop
      vertex 73.65 26.4 4.9839
      vertex 70.8017 26.4 -0.666801
      vertex 72.1163 26.4 -1.13739
    endloop
  endfacet
  facet normal 0 -1 0
    outer loop
      vertex 72.1163 26.4 -1.13739
      vertex 70.8017 26.4 -0.666801
      vertex 71.2454 26.4 -0.947536
    endloop
  endfacet
  facet normal 0 -1 0
    outer loop
      vertex 73.65 26.4 4.9839
      vertex 72.1163 26.4 -1.13739
      vertex 73 26.4 -1.33003
    endloop
  endfacet
  facet normal 0 -1 -0
    outer loop
      vertex 73.65 26.4 4.9839
      vertex 73 26.4 -1.33003
      vertex 88 26.4 3.6
    endloop
  endfacet
  facet normal 0 -1 -0
    outer loop
      vertex 88 26.4 3.6
      vertex 73 26.4 -1.33003
      vertex 88 26.4 -1.33003
    endloop
  endfacet
  facet normal 0 -1 0
    outer loop
      vertex 68.7428 26.4 32.095
      vertex 73 26.4 35.33
      vertex 72.1163 26.4 35.1374
    endloop
  endfacet
  facet normal 0 -1 0
    outer loop
      vertex 70.8017 26.4 34.6668
      vertex 72.1163 26.4 35.1374
      vertex 71.2454 26.4 34.9475
    endloop
  endfacet
  facet normal 0 -1 0
    outer loop
      vertex 69.6881 26.4 33.6957
      vertex 72.1163 26.4 35.1374
      vertex 70.8017 26.4 34.6668
    endloop
  endfacet
  facet normal 0 -1 0
    outer loop
      vertex 73 26.4 35.33
      vertex 86.0897 26.4 33.6293
      vertex 88 26.4 35.33
    endloop
  endfacet
  facet normal 0 -1 -0
    outer loop
      vertex 88 26.4 35.33
      vertex 87.4916 26.4 34.21
      vertex 88 26.4 34.25
    endloop
  endfacet
  facet normal 0 -1 0
    outer loop
      vertex 69.6881 26.4 33.6957
      vertex 70.8017 26.4 34.6668
      vertex 70.029 26.4 34.1779
    endloop
  endfacet
  facet normal 0 -1 0
    outer loop
      vertex 88 26.4 35.33
      vertex 86.9957 26.4 34.0909
      vertex 87.4916 26.4 34.21
    endloop
  endfacet
  facet normal 0 -1 0
    outer loop
      vertex 88 26.4 35.33
      vertex 86.5245 26.4 33.8958
      vertex 86.9957 26.4 34.0909
    endloop
  endfacet
  facet normal 0 -1 0
    outer loop
      vertex 72.1163 26.4 35.1374
      vertex 69.6881 26.4 33.6957
      vertex 68.7428 26.4 32.095
    endloop
  endfacet
  facet normal 0 -1 0
    outer loop
      vertex 88 26.4 35.33
      vertex 86.0897 26.4 33.6293
      vertex 86.5245 26.4 33.8958
    endloop
  endfacet
  facet normal 0 -1 0
    outer loop
      vertex 73 26.4 35.33
      vertex 85.7019 26.4 33.2981
      vertex 86.0897 26.4 33.6293
    endloop
  endfacet
  facet normal 0 -1 0
    outer loop
      vertex 73 26.4 35.33
      vertex 85.3707 26.4 32.9103
      vertex 85.7019 26.4 33.2981
    endloop
  endfacet
  facet normal 0 -1 0
    outer loop
      vertex 68.7428 26.4 32.095
      vertex 69.6881 26.4 33.6957
      vertex 69.0767 26.4 32.8308
    endloop
  endfacet
  facet normal 0 -1 0
    outer loop
      vertex 73 26.4 35.33
      vertex 85.1042 26.4 32.4755
      vertex 85.3707 26.4 32.9103
    endloop
  endfacet
  facet normal 0 -1 -0
    outer loop
      vertex 73 26.4 35.33
      vertex 68.7428 26.4 32.095
      vertex 73.65 26.4 20.0161
    endloop
  endfacet
  facet normal 0 -1 0
    outer loop
      vertex 73 26.4 35.33
      vertex 84.9091 26.4 32.0043
      vertex 85.1042 26.4 32.4755
    endloop
  endfacet
  facet normal 0 -1 0
    outer loop
      vertex 73 26.4 35.33
      vertex 84.79 26.4 31.5084
      vertex 84.9091 26.4 32.0043
    endloop
  endfacet
  facet normal 0 -1 0
    outer loop
      vertex 73 26.4 35.33
      vertex 84.75 26.4 31
      vertex 84.79 26.4 31.5084
    endloop
  endfacet
  facet normal 0 -1 0
    outer loop
      vertex 73 26.4 35.33
      vertex 84.79 26.4 30.4916
      vertex 84.75 26.4 31
    endloop
  endfacet
  facet normal 0 -1 0
    outer loop
      vertex 73 26.4 35.33
      vertex 84.9091 26.4 29.9957
      vertex 84.79 26.4 30.4916
    endloop
  endfacet
  facet normal 0 -1 0
    outer loop
      vertex 73 26.4 35.33
      vertex 73.65 26.4 20.0161
      vertex 84.9091 26.4 29.9957
    endloop
  endfacet
  facet normal 0 -1 -0
    outer loop
      vertex 84.9091 26.4 29.9957
      vertex 73.65 26.4 20.0161
      vertex 85.1042 26.4 29.5245
    endloop
  endfacet
  facet normal 0 -1 -0
    outer loop
      vertex 85.1042 26.4 29.5245
      vertex 73.65 26.4 20.0161
      vertex 85.3707 26.4 29.0897
    endloop
  endfacet
  facet normal 0 -1 -0
    outer loop
      vertex 85.3707 26.4 29.0897
      vertex 73.65 26.4 20.0161
      vertex 85.7019 26.4 28.7019
    endloop
  endfacet
  facet normal 0 -1 -0
    outer loop
      vertex 85.7019 26.4 28.7019
      vertex 73.65 26.4 20.0161
      vertex 86.0897 26.4 28.3707
    endloop
  endfacet
  facet normal 0 -1 -0
    outer loop
      vertex 86.0897 26.4 28.3707
      vertex 73.65 26.4 20.0161
      vertex 86.5245 26.4 28.1042
    endloop
  endfacet
  facet normal 0 -1 -0
    outer loop
      vertex 86.5245 26.4 28.1042
      vertex 73.65 26.4 20.0161
      vertex 86.9957 26.4 27.9091
    endloop
  endfacet
  facet normal 0 -1 -0
    outer loop
      vertex 86.9957 26.4 27.9091
      vertex 73.65 26.4 20.0161
      vertex 87.4916 26.4 27.79
    endloop
  endfacet
  facet normal 0 -1 0
    outer loop
      vertex 73.65 26.4 20.0161
      vertex 68.7428 26.4 32.095
      vertex 68.7428 26.4 20.0161
    endloop
  endfacet
  facet normal 0 -1 0
    outer loop
      vertex 91.0909 26.4 29.9957
      vertex 95.2572 26.4 30.4
      vertex 91.188 26.4 30.4
    endloop
  endfacet
  facet normal 0 -1 0
    outer loop
      vertex 90.8958 26.4 29.5245
      vertex 95.2572 26.4 30.4
      vertex 91.0909 26.4 29.9957
    endloop
  endfacet
  facet normal 0 -1 0
    outer loop
      vertex 90.6293 26.4 29.0897
      vertex 95.2572 26.4 30.4
      vertex 90.8958 26.4 29.5245
    endloop
  endfacet
  facet normal 0 -1 0
    outer loop
      vertex 90.2981 26.4 28.7019
      vertex 95.2572 26.4 30.4
      vertex 90.6293 26.4 29.0897
    endloop
  endfacet
  facet normal 0 -1 0
    outer loop
      vertex 89.9103 26.4 28.3707
      vertex 95.2572 26.4 30.4
      vertex 90.2981 26.4 28.7019
    endloop
  endfacet
  facet normal 0 -1 0
    outer loop
      vertex 95.2572 26.4 3.6
      vertex 89.9103 26.4 28.3707
      vertex 89.4755 26.4 28.1042
    endloop
  endfacet
  facet normal 0 -1 0
    outer loop
      vertex 95.2572 26.4 3.6
      vertex 89.4755 26.4 28.1042
      vertex 89.0043 26.4 27.9091
    endloop
  endfacet
  facet normal 0 -1 0
    outer loop
      vertex 88 26.4 3.6
      vertex 87.4916 26.4 27.79
      vertex 73.65 26.4 20.0161
    endloop
  endfacet
  facet normal 0 -1 0
    outer loop
      vertex 87.4916 26.4 27.79
      vertex 88 26.4 3.6
      vertex 88 26.4 27.75
    endloop
  endfacet
  facet normal 0 -1 0
    outer loop
      vertex 88 26.4 27.75
      vertex 88 26.4 3.6
      vertex 88.5084 26.4 27.79
    endloop
  endfacet
  facet normal 0 -1 -0
    outer loop
      vertex 88.5084 26.4 27.79
      vertex 88 26.4 3.6
      vertex 89.0043 26.4 27.9091
    endloop
  endfacet
  facet normal 0 -1 0
    outer loop
      vertex 88 26.4 3.6
      vertex 73.65 26.4 20.0161
      vertex 73.65 26.4 4.9839
    endloop
  endfacet
  facet normal 0 -1 0
    outer loop
      vertex 95.2572 26.4 3.6
      vertex 89.0043 26.4 27.9091
      vertex 88 26.4 3.6
    endloop
  endfacet
  facet normal 0 -1 0
    outer loop
      vertex 89.9103 26.4 28.3707
      vertex 95.2572 26.4 3.6
      vertex 95.2572 26.4 30.4
    endloop
  endfacet
  facet normal 0 1 0
    outer loop
      vertex 96 26.4 3.6
      vertex 95.2572 26.4 1.90496
      vertex 95.2572 26.4 3.6
    endloop
  endfacet
  facet normal 0 1 0
    outer loop
      vertex 96 26.4 -2.4
      vertex 94.3119 26.4 0.3043
      vertex 94.9233 26.4 1.16924
    endloop
  endfacet
  facet normal 0 1 0
    outer loop
      vertex 96 26.4 -2.4
      vertex 91.8837 26.4 -1.13739
      vertex 92.7546 26.4 -0.947536
    endloop
  endfacet
  facet normal 0 1 -0
    outer loop
      vertex 96 26.4 -2.4
      vertex 95.2572 26.4 1.90496
      vertex 96 26.4 3.6
    endloop
  endfacet
  facet normal 0 1 0
    outer loop
      vertex 96 26.4 -2.4
      vertex 94.9233 26.4 1.16924
      vertex 95.2572 26.4 1.90496
    endloop
  endfacet
  facet normal 0 1 0
    outer loop
      vertex 94.3119 26.4 0.3043
      vertex 96 26.4 -2.4
      vertex 93.971 26.4 -0.177933
    endloop
  endfacet
  facet normal 0 1 0
    outer loop
      vertex 96 26.4 -2.4
      vertex 93.1983 26.4 -0.666801
      vertex 93.971 26.4 -0.177933
    endloop
  endfacet
  facet normal 0 1 0
    outer loop
      vertex 96 26.4 -2.4
      vertex 92.7546 26.4 -0.947536
      vertex 93.1983 26.4 -0.666801
    endloop
  endfacet
  facet normal 0 1 0
    outer loop
      vertex 91.8837 26.4 -1.13739
      vertex 96 26.4 -2.4
      vertex 91 26.4 -1.33003
    endloop
  endfacet
  facet normal 0 1 0
    outer loop
      vertex 88 26.4 -2.4
      vertex 91 26.4 -1.33003
      vertex 96 26.4 -2.4
    endloop
  endfacet
  facet normal 0 1 0
    outer loop
      vertex 91 26.4 -1.33003
      vertex 88 26.4 -2.4
      vertex 88 26.4 -1.33003
    endloop
  endfacet
  facet normal 0 1 0
    outer loop
      vertex 96 26.4 36.4
      vertex 91 26.4 35.33
      vertex 88 26.4 36.4
    endloop
  endfacet
  facet normal 0 1 0
    outer loop
      vertex 96 26.4 36.4
      vertex 91.8837 26.4 35.1374
      vertex 91 26.4 35.33
    endloop
  endfacet
  facet normal 0 1 0
    outer loop
      vertex 96 26.4 36.4
      vertex 92.7546 26.4 34.9475
      vertex 91.8837 26.4 35.1374
    endloop
  endfacet
  facet normal 0 1 0
    outer loop
      vertex 96 26.4 36.4
      vertex 93.1983 26.4 34.6668
      vertex 92.7546 26.4 34.9475
    endloop
  endfacet
  facet normal 0 1 0
    outer loop
      vertex 96 26.4 36.4
      vertex 93.971 26.4 34.1779
      vertex 93.1983 26.4 34.6668
    endloop
  endfacet
  facet normal 0 1 0
    outer loop
      vertex 96 26.4 36.4
      vertex 94.3119 26.4 33.6957
      vertex 93.971 26.4 34.1779
    endloop
  endfacet
  facet normal 0 1 0
    outer loop
      vertex 96 26.4 36.4
      vertex 94.9233 26.4 32.8308
      vertex 94.3119 26.4 33.6957
    endloop
  endfacet
  facet normal 0 1 0
    outer loop
      vertex 96 26.4 36.4
      vertex 95.2572 26.4 32.095
      vertex 94.9233 26.4 32.8308
    endloop
  endfacet
  facet normal 0 1 -0
    outer loop
      vertex 96 26.4 30.4
      vertex 95.2572 26.4 32.095
      vertex 96 26.4 36.4
    endloop
  endfacet
  facet normal 0 1 0
    outer loop
      vertex 95.2572 26.4 32.095
      vertex 96 26.4 30.4
      vertex 95.2572 26.4 30.4
    endloop
  endfacet
  facet normal 0 1 0
    outer loop
      vertex 88 26.4 36.4
      vertex 91 26.4 35.33
      vertex 88 26.4 35.33
    endloop
  endfacet
  facet normal 0 1 0
    outer loop
      vertex 88 26.4 30.4
      vertex 88.5084 26.4 34.21
      vertex 89.0043 26.4 34.0909
    endloop
  endfacet
  facet normal 0 1 0
    outer loop
      vertex 88 26.4 30.4
      vertex 89.0043 26.4 34.0909
      vertex 89.4755 26.4 33.8958
    endloop
  endfacet
  facet normal 0 1 0
    outer loop
      vertex 88 26.4 30.4
      vertex 89.4755 26.4 33.8958
      vertex 89.9103 26.4 33.6293
    endloop
  endfacet
  facet normal 0 1 0
    outer loop
      vertex 88 26.4 30.4
      vertex 89.9103 26.4 33.6293
      vertex 90.2981 26.4 33.2981
    endloop
  endfacet
  facet normal 0 1 0
    outer loop
      vertex 88 26.4 30.4
      vertex 90.2981 26.4 33.2981
      vertex 90.6293 26.4 32.9103
    endloop
  endfacet
  facet normal 0 1 0
    outer loop
      vertex 88 26.4 30.4
      vertex 90.6293 26.4 32.9103
      vertex 90.8958 26.4 32.4755
    endloop
  endfacet
  facet normal 0 1 0
    outer loop
      vertex 88 26.4 30.4
      vertex 90.8958 26.4 32.4755
      vertex 91.0909 26.4 32.0043
    endloop
  endfacet
  facet normal 0 1 0
    outer loop
      vertex 88 26.4 30.4
      vertex 91.0909 26.4 32.0043
      vertex 91.21 26.4 31.5084
    endloop
  endfacet
  facet normal 0 1 0
    outer loop
      vertex 88 26.4 30.4
      vertex 91.21 26.4 31.5084
      vertex 91.25 26.4 31
    endloop
  endfacet
  facet normal 0 1 0
    outer loop
      vertex 88 26.4 30.4
      vertex 91.25 26.4 31
      vertex 91.21 26.4 30.4916
    endloop
  endfacet
  facet normal 0 1 0
    outer loop
      vertex 88 26.4 30.4
      vertex 91.21 26.4 30.4916
      vertex 91.188 26.4 30.4
    endloop
  endfacet
  facet normal 0 1 0
    outer loop
      vertex 88.5084 26.4 34.21
      vertex 88 26.4 30.4
      vertex 88 26.4 34.25
    endloop
  endfacet
  facet normal 0 1 -0
    outer loop
      vertex 86.5 -28.4 -2.4
      vertex 77.5 -28.4 -1.33003
      vertex 86.5 -28.4 -1.33003
    endloop
  endfacet
  facet normal 0 1 0
    outer loop
      vertex 77.5 -28.4 -1.33003
      vertex 86.5 -28.4 -2.4
      vertex 77.5 -28.4 -2.4
    endloop
  endfacet
  facet normal 0 1 0
    outer loop
      vertex 95.2572 -28.4 30.4
      vertex 91 -28.4 20.5
      vertex 88 -28.4 30.4
    endloop
  endfacet
  facet normal 0 1 0
    outer loop
      vertex 95.2572 -28.4 30.4
      vertex 91 -28.4 17.5
      vertex 91 -28.4 20.5
    endloop
  endfacet
  facet normal 0 1 0
    outer loop
      vertex 88 -28.4 3.6
      vertex 91 -28.4 17.5
      vertex 95.2572 -28.4 3.6
    endloop
  endfacet
  facet normal 0 1 -0
    outer loop
      vertex 95.2572 -28.4 3.6
      vertex 91 -28.4 17.5
      vertex 95.2572 -28.4 30.4
    endloop
  endfacet
  facet normal 0 1 -0
    outer loop
      vertex 88 -28.4 30.4
      vertex 86.5 -28.4 35.33
      vertex 88 -28.4 35.33
    endloop
  endfacet
  facet normal 0 1 0
    outer loop
      vertex 86.5 -28.4 35.33
      vertex 88 -28.4 30.4
      vertex 77.5 -28.4 35.33
    endloop
  endfacet
  facet normal 0 1 -0
    outer loop
      vertex 88 -28.4 20.5
      vertex 77.5 -28.4 35.33
      vertex 88 -28.4 30.4
    endloop
  endfacet
  facet normal -0 1 0
    outer loop
      vertex 68.7428 -28.4 32.095
      vertex 77.5 -28.4 35.33
      vertex 88 -28.4 20.5
    endloop
  endfacet
  facet normal 0 1 0
    outer loop
      vertex 73 -28.4 35.33
      vertex 68.7428 -28.4 32.095
      vertex 72.1163 -28.4 35.1374
    endloop
  endfacet
  facet normal -0 1 0
    outer loop
      vertex 69.6881 -28.4 33.6957
      vertex 72.1163 -28.4 35.1374
      vertex 68.7428 -28.4 32.095
    endloop
  endfacet
  facet normal 0 1 0
    outer loop
      vertex 72.1163 -28.4 35.1374
      vertex 70.8017 -28.4 34.6668
      vertex 71.2454 -28.4 34.9475
    endloop
  endfacet
  facet normal 0 1 0
    outer loop
      vertex 70.8017 -28.4 34.6668
      vertex 69.6881 -28.4 33.6957
      vertex 70.029 -28.4 34.1779
    endloop
  endfacet
  facet normal 0 1 0
    outer loop
      vertex 72.1163 -28.4 35.1374
      vertex 69.6881 -28.4 33.6957
      vertex 70.8017 -28.4 34.6668
    endloop
  endfacet
  facet normal 0 1 0
    outer loop
      vertex 69.6881 -28.4 33.6957
      vertex 68.7428 -28.4 32.095
      vertex 69.0767 -28.4 32.8308
    endloop
  endfacet
  facet normal 0 1 0
    outer loop
      vertex 88 -28.4 20.5
      vertex 88 -28.4 30.4
      vertex 91 -28.4 20.5
    endloop
  endfacet
  facet normal 0 1 0
    outer loop
      vertex 77.5 -28.4 35.33
      vertex 68.7428 -28.4 32.095
      vertex 73 -28.4 35.33
    endloop
  endfacet
  facet normal 0 1 -0
    outer loop
      vertex 88 -28.4 17.5
      vertex 68.7428 -28.4 32.095
      vertex 88 -28.4 20.5
    endloop
  endfacet
  facet normal 0 1 0
    outer loop
      vertex 91 -28.4 17.5
      vertex 88 -28.4 3.6
      vertex 88 -28.4 17.5
    endloop
  endfacet
  facet normal 0 1 0
    outer loop
      vertex 77.5 -28.4 -1.33003
      vertex 88 -28.4 17.5
      vertex 88 -28.4 3.6
    endloop
  endfacet
  facet normal 0 1 0
    outer loop
      vertex 88 -28.4 17.5
      vertex 68.7428 -28.4 1.90496
      vertex 68.7428 -28.4 32.095
    endloop
  endfacet
  facet normal 0 1 0
    outer loop
      vertex 88 -28.4 17.5
      vertex 77.5 -28.4 -1.33003
      vertex 68.7428 -28.4 1.90496
    endloop
  endfacet
  facet normal 0 1 -0
    outer loop
      vertex 73 -28.4 -1.33003
      vertex 68.7428 -28.4 1.90496
      vertex 77.5 -28.4 -1.33003
    endloop
  endfacet
  facet normal -0 1 -0
    outer loop
      vertex 72.1163 -28.4 -1.13739
      vertex 68.7428 -28.4 1.90496
      vertex 73 -28.4 -1.33003
    endloop
  endfacet
  facet normal 0 1 0
    outer loop
      vertex 68.7428 -28.4 1.90496
      vertex 72.1163 -28.4 -1.13739
      vertex 69.0767 -28.4 1.16924
    endloop
  endfacet
  facet normal 0 1 0
    outer loop
      vertex 69.0767 -28.4 1.16924
      vertex 72.1163 -28.4 -1.13739
      vertex 69.6881 -28.4 0.3043
    endloop
  endfacet
  facet normal 0 1 0
    outer loop
      vertex 70.8017 -28.4 -0.666801
      vertex 72.1163 -28.4 -1.13739
      vertex 71.2454 -28.4 -0.947536
    endloop
  endfacet
  facet normal 0 1 0
    outer loop
      vertex 86.5 -28.4 -1.33003
      vertex 88 -28.4 3.6
      vertex 88 -28.4 -1.33003
    endloop
  endfacet
  facet normal 0 1 0
    outer loop
      vertex 77.5 -28.4 -1.33003
      vertex 88 -28.4 3.6
      vertex 86.5 -28.4 -1.33003
    endloop
  endfacet
  facet normal -0 1 -0
    outer loop
      vertex 70.8017 -28.4 -0.666801
      vertex 69.6881 -28.4 0.3043
      vertex 72.1163 -28.4 -1.13739
    endloop
  endfacet
  facet normal 0 1 0
    outer loop
      vertex 69.6881 -28.4 0.3043
      vertex 70.8017 -28.4 -0.666801
      vertex 70.029 -28.4 -0.177933
    endloop
  endfacet
  facet normal 0 1 -0
    outer loop
      vertex 86.5 -28.4 35.33
      vertex 77.5 -28.4 36.4
      vertex 86.5 -28.4 36.4
    endloop
  endfacet
  facet normal 0 1 0
    outer loop
      vertex 77.5 -28.4 36.4
      vertex 86.5 -28.4 35.33
      vertex 77.5 -28.4 35.33
    endloop
  endfacet
  facet normal 0 -1 0
    outer loop
      vertex 88 -28.4 -1.33003
      vertex 88 -28.4 -2.4
      vertex 91 -28.4 -1.33003
    endloop
  endfacet
  facet normal 0 -1 0
    outer loop
      vertex 95.2572 -28.4 1.90496
      vertex 96 -28.4 3.6
      vertex 95.2572 -28.4 3.6
    endloop
  endfacet
  facet normal 0 -1 0
    outer loop
      vertex 96 -28.4 -2.4
      vertex 94.3119 -28.4 0.3043
      vertex 93.971 -28.4 -0.177933
    endloop
  endfacet
  facet normal 0 -1 0
    outer loop
      vertex 96 -28.4 -2.4
      vertex 91.8837 -28.4 -1.13739
      vertex 91 -28.4 -1.33003
    endloop
  endfacet
  facet normal 0 -1 0
    outer loop
      vertex 96 -28.4 -2.4
      vertex 91 -28.4 -1.33003
      vertex 88 -28.4 -2.4
    endloop
  endfacet
  facet normal 0 -1 0
    outer loop
      vertex 95.2572 -28.4 1.90496
      vertex 96 -28.4 -2.4
      vertex 96 -28.4 3.6
    endloop
  endfacet
  facet normal 0 -1 0
    outer loop
      vertex 94.9233 -28.4 1.16924
      vertex 96 -28.4 -2.4
      vertex 95.2572 -28.4 1.90496
    endloop
  endfacet
  facet normal 0 -1 0
    outer loop
      vertex 94.3119 -28.4 0.3043
      vertex 96 -28.4 -2.4
      vertex 94.9233 -28.4 1.16924
    endloop
  endfacet
  facet normal 0 -1 0
    outer loop
      vertex 93.1983 -28.4 -0.666801
      vertex 96 -28.4 -2.4
      vertex 93.971 -28.4 -0.177933
    endloop
  endfacet
  facet normal 0 -1 0
    outer loop
      vertex 92.7546 -28.4 -0.947536
      vertex 96 -28.4 -2.4
      vertex 93.1983 -28.4 -0.666801
    endloop
  endfacet
  facet normal 0 -1 0
    outer loop
      vertex 91.8837 -28.4 -1.13739
      vertex 96 -28.4 -2.4
      vertex 92.7546 -28.4 -0.947536
    endloop
  endfacet
  facet normal 0 -1 0
    outer loop
      vertex 91 -28.4 35.33
      vertex 88 -28.4 36.4
      vertex 88 -28.4 35.33
    endloop
  endfacet
  facet normal 0 -1 0
    outer loop
      vertex 88 -28.4 36.4
      vertex 91 -28.4 35.33
      vertex 96 -28.4 36.4
    endloop
  endfacet
  facet normal 0 -1 0
    outer loop
      vertex 91.8837 -28.4 35.1374
      vertex 96 -28.4 36.4
      vertex 91 -28.4 35.33
    endloop
  endfacet
  facet normal 0 -1 0
    outer loop
      vertex 92.7546 -28.4 34.9475
      vertex 96 -28.4 36.4
      vertex 91.8837 -28.4 35.1374
    endloop
  endfacet
  facet normal 0 -1 0
    outer loop
      vertex 93.1983 -28.4 34.6668
      vertex 96 -28.4 36.4
      vertex 92.7546 -28.4 34.9475
    endloop
  endfacet
  facet normal 0 -1 0
    outer loop
      vertex 93.971 -28.4 34.1779
      vertex 96 -28.4 36.4
      vertex 93.1983 -28.4 34.6668
    endloop
  endfacet
  facet normal 0 -1 0
    outer loop
      vertex 94.3119 -28.4 33.6957
      vertex 96 -28.4 36.4
      vertex 93.971 -28.4 34.1779
    endloop
  endfacet
  facet normal 0 -1 0
    outer loop
      vertex 94.9233 -28.4 32.8308
      vertex 96 -28.4 36.4
      vertex 94.3119 -28.4 33.6957
    endloop
  endfacet
  facet normal 0 -1 0
    outer loop
      vertex 95.2572 -28.4 32.095
      vertex 96 -28.4 36.4
      vertex 94.9233 -28.4 32.8308
    endloop
  endfacet
  facet normal 0 -1 0
    outer loop
      vertex 96 -28.4 30.4
      vertex 95.2572 -28.4 32.095
      vertex 95.2572 -28.4 30.4
    endloop
  endfacet
  facet normal 0 -1 0
    outer loop
      vertex 95.2572 -28.4 32.095
      vertex 96 -28.4 30.4
      vertex 96 -28.4 36.4
    endloop
  endfacet
  facet normal 0.522573 0.852595 -0
    outer loop
      vertex 81.3644 -35.2474 -1.6
      vertex 81.1771 -35.1326 4
      vertex 81.3644 -35.2474 4
    endloop
  endfacet
  facet normal 0.522573 0.852595 0
    outer loop
      vertex 81.1771 -35.1326 4
      vertex 81.3644 -35.2474 -1.6
      vertex 81.1771 -35.1326 -1.6
    endloop
  endfacet
  facet normal 0.522573 0.852595 -0
    outer loop
      vertex 81.3644 -35.2474 30
      vertex 81.1771 -35.1326 35.6
      vertex 81.3644 -35.2474 35.6
    endloop
  endfacet
  facet normal 0.522573 0.852595 0
    outer loop
      vertex 81.1771 -35.1326 35.6
      vertex 81.3644 -35.2474 30
      vertex 81.1771 -35.1326 30
    endloop
  endfacet
  facet normal -0.97235 -0.233528 0
    outer loop
      vertex 83.3828 -33.781 -1.6
      vertex 83.3315 -33.5674 4
      vertex 83.3315 -33.5674 -1.6
    endloop
  endfacet
  facet normal -0.97235 -0.233528 0
    outer loop
      vertex 83.3315 -33.5674 4
      vertex 83.3828 -33.781 -1.6
      vertex 83.3828 -33.781 4
    endloop
  endfacet
  facet normal -0.97235 -0.233528 0
    outer loop
      vertex 83.3828 -33.781 30
      vertex 83.3315 -33.5674 35.6
      vertex 83.3315 -33.5674 30
    endloop
  endfacet
  facet normal -0.97235 -0.233528 0
    outer loop
      vertex 83.3315 -33.5674 35.6
      vertex 83.3828 -33.781 30
      vertex 83.3828 -33.781 35.6
    endloop
  endfacet
  facet normal -0.760477 0.649365 0
    outer loop
      vertex 82.99 -34.9899 -1.6
      vertex 83.1326 -34.8229 4
      vertex 83.1326 -34.8229 -1.6
    endloop
  endfacet
  facet normal -0.760477 0.649365 0
    outer loop
      vertex 83.1326 -34.8229 4
      vertex 82.99 -34.9899 -1.6
      vertex 82.99 -34.9899 4
    endloop
  endfacet
  facet normal -0.760477 0.649365 0
    outer loop
      vertex 82.99 -34.9899 30
      vertex 83.1326 -34.8229 35.6
      vertex 83.1326 -34.8229 30
    endloop
  endfacet
  facet normal -0.760477 0.649365 0
    outer loop
      vertex 83.1326 -34.8229 35.6
      vertex 82.99 -34.9899 30
      vertex 82.99 -34.9899 35.6
    endloop
  endfacet
  facet normal 0.64914 -0.760669 0
    outer loop
      vertex 81.01 -33.01 -1.6
      vertex 81.1771 -32.8674 4
      vertex 81.01 -33.01 4
    endloop
  endfacet
  facet normal 0.64914 -0.760669 0
    outer loop
      vertex 81.1771 -32.8674 4
      vertex 81.01 -33.01 -1.6
      vertex 81.1771 -32.8674 -1.6
    endloop
  endfacet
  facet normal 0.64914 -0.760669 0
    outer loop
      vertex 81.01 -33.01 30
      vertex 81.1771 -32.8674 35.6
      vertex 81.01 -33.01 35.6
    endloop
  endfacet
  facet normal 0.64914 -0.760669 0
    outer loop
      vertex 81.1771 -32.8674 35.6
      vertex 81.01 -33.01 30
      vertex 81.1771 -32.8674 30
    endloop
  endfacet
  facet normal -0.0782977 0.99693 0
    outer loop
      vertex 82.219 -35.3828 -1.6
      vertex 82 -35.4 4
      vertex 82.219 -35.3828 4
    endloop
  endfacet
  facet normal -0.0782977 0.99693 0
    outer loop
      vertex 82 -35.4 4
      vertex 82.219 -35.3828 -1.6
      vertex 82 -35.4 -1.6
    endloop
  endfacet
  facet normal -0.0782977 0.99693 0
    outer loop
      vertex 82.219 -35.3828 30
      vertex 82 -35.4 35.6
      vertex 82.219 -35.3828 35.6
    endloop
  endfacet
  facet normal -0.0782977 0.99693 0
    outer loop
      vertex 82 -35.4 35.6
      vertex 82.219 -35.3828 30
      vertex 82 -35.4 30
    endloop
  endfacet
  facet normal -0.852595 0.522573 0
    outer loop
      vertex 83.1326 -34.8229 -1.6
      vertex 83.2474 -34.6356 4
      vertex 83.2474 -34.6356 -1.6
    endloop
  endfacet
  facet normal -0.852595 0.522573 0
    outer loop
      vertex 83.2474 -34.6356 4
      vertex 83.1326 -34.8229 -1.6
      vertex 83.1326 -34.8229 4
    endloop
  endfacet
  facet normal -0.852595 0.522573 0
    outer loop
      vertex 83.1326 -34.8229 30
      vertex 83.2474 -34.6356 35.6
      vertex 83.2474 -34.6356 30
    endloop
  endfacet
  facet normal -0.852595 0.522573 0
    outer loop
      vertex 83.2474 -34.6356 35.6
      vertex 83.1326 -34.8229 30
      vertex 83.1326 -34.8229 35.6
    endloop
  endfacet
  facet normal -0.64914 -0.760669 0
    outer loop
      vertex 82.8229 -32.8674 -1.6
      vertex 82.99 -33.01 4
      vertex 82.8229 -32.8674 4
    endloop
  endfacet
  facet normal -0.64914 -0.760669 -0
    outer loop
      vertex 82.99 -33.01 4
      vertex 82.8229 -32.8674 -1.6
      vertex 82.99 -33.01 -1.6
    endloop
  endfacet
  facet normal -0.64914 -0.760669 0
    outer loop
      vertex 82.8229 -32.8674 30
      vertex 82.99 -33.01 35.6
      vertex 82.8229 -32.8674 35.6
    endloop
  endfacet
  facet normal -0.64914 -0.760669 -0
    outer loop
      vertex 82.99 -33.01 35.6
      vertex 82.8229 -32.8674 30
      vertex 82.99 -33.01 30
    endloop
  endfacet
  facet normal 0.233528 0.97235 -0
    outer loop
      vertex 81.781 -35.3828 -1.6
      vertex 81.5674 -35.3315 4
      vertex 81.781 -35.3828 4
    endloop
  endfacet
  facet normal 0.233528 0.97235 0
    outer loop
      vertex 81.5674 -35.3315 4
      vertex 81.781 -35.3828 -1.6
      vertex 81.5674 -35.3315 -1.6
    endloop
  endfacet
  facet normal 0.233528 0.97235 -0
    outer loop
      vertex 81.781 -35.3828 30
      vertex 81.5674 -35.3315 35.6
      vertex 81.781 -35.3828 35.6
    endloop
  endfacet
  facet normal 0.233528 0.97235 0
    outer loop
      vertex 81.5674 -35.3315 35.6
      vertex 81.781 -35.3828 30
      vertex 81.5674 -35.3315 30
    endloop
  endfacet
  facet normal 0.0782977 -0.99693 0
    outer loop
      vertex 81.781 -32.6172 -1.6
      vertex 82 -32.6 4
      vertex 81.781 -32.6172 4
    endloop
  endfacet
  facet normal 0.0782977 -0.99693 0
    outer loop
      vertex 82 -32.6 4
      vertex 81.781 -32.6172 -1.6
      vertex 82 -32.6 -1.6
    endloop
  endfacet
  facet normal 0.0782977 -0.99693 0
    outer loop
      vertex 81.781 -32.6172 30
      vertex 82 -32.6 35.6
      vertex 81.781 -32.6172 35.6
    endloop
  endfacet
  facet normal 0.0782977 -0.99693 0
    outer loop
      vertex 82 -32.6 35.6
      vertex 81.781 -32.6172 30
      vertex 82 -32.6 30
    endloop
  endfacet
  facet normal -0.99693 -0.0782977 0
    outer loop
      vertex 83.4 -34 -1.6
      vertex 83.3828 -33.781 4
      vertex 83.3828 -33.781 -1.6
    endloop
  endfacet
  facet normal -0.99693 -0.0782977 0
    outer loop
      vertex 83.3828 -33.781 4
      vertex 83.4 -34 -1.6
      vertex 83.4 -34 4
    endloop
  endfacet
  facet normal -0.99693 -0.0782977 0
    outer loop
      vertex 83.4 -34 30
      vertex 83.3828 -33.781 35.6
      vertex 83.3828 -33.781 30
    endloop
  endfacet
  facet normal -0.99693 -0.0782977 0
    outer loop
      vertex 83.3828 -33.781 35.6
      vertex 83.4 -34 30
      vertex 83.4 -34 35.6
    endloop
  endfacet
  facet normal 0.97235 -0.233528 0
    outer loop
      vertex 80.6172 -33.781 4
      vertex 80.6685 -33.5674 -1.6
      vertex 80.6685 -33.5674 4
    endloop
  endfacet
  facet normal 0.97235 -0.233528 0
    outer loop
      vertex 80.6685 -33.5674 -1.6
      vertex 80.6172 -33.781 4
      vertex 80.6172 -33.781 -1.6
    endloop
  endfacet
  facet normal 0.97235 -0.233528 0
    outer loop
      vertex 80.6172 -33.781 35.6
      vertex 80.6685 -33.5674 30
      vertex 80.6685 -33.5674 35.6
    endloop
  endfacet
  facet normal 0.97235 -0.233528 0
    outer loop
      vertex 80.6685 -33.5674 30
      vertex 80.6172 -33.781 35.6
      vertex 80.6172 -33.781 30
    endloop
  endfacet
  facet normal -0.38274 -0.923856 0
    outer loop
      vertex 82.4326 -32.6685 -1.6
      vertex 82.6356 -32.7526 4
      vertex 82.4326 -32.6685 4
    endloop
  endfacet
  facet normal -0.38274 -0.923856 -0
    outer loop
      vertex 82.6356 -32.7526 4
      vertex 82.4326 -32.6685 -1.6
      vertex 82.6356 -32.7526 -1.6
    endloop
  endfacet
  facet normal -0.38274 -0.923856 0
    outer loop
      vertex 82.4326 -32.6685 30
      vertex 82.6356 -32.7526 35.6
      vertex 82.4326 -32.6685 35.6
    endloop
  endfacet
  facet normal -0.38274 -0.923856 -0
    outer loop
      vertex 82.6356 -32.7526 35.6
      vertex 82.4326 -32.6685 30
      vertex 82.6356 -32.7526 30
    endloop
  endfacet
  facet normal -0.522573 -0.852595 0
    outer loop
      vertex 82.6356 -32.7526 -1.6
      vertex 82.8229 -32.8674 4
      vertex 82.6356 -32.7526 4
    endloop
  endfacet
  facet normal -0.522573 -0.852595 -0
    outer loop
      vertex 82.8229 -32.8674 4
      vertex 82.6356 -32.7526 -1.6
      vertex 82.8229 -32.8674 -1.6
    endloop
  endfacet
  facet normal -0.522573 -0.852595 0
    outer loop
      vertex 82.6356 -32.7526 30
      vertex 82.8229 -32.8674 35.6
      vertex 82.6356 -32.7526 35.6
    endloop
  endfacet
  facet normal -0.522573 -0.852595 -0
    outer loop
      vertex 82.8229 -32.8674 35.6
      vertex 82.6356 -32.7526 30
      vertex 82.8229 -32.8674 30
    endloop
  endfacet
  facet normal -0.923856 -0.38274 0
    outer loop
      vertex 83.3315 -33.5674 -1.6
      vertex 83.2474 -33.3644 4
      vertex 83.2474 -33.3644 -1.6
    endloop
  endfacet
  facet normal -0.923856 -0.38274 0
    outer loop
      vertex 83.2474 -33.3644 4
      vertex 83.3315 -33.5674 -1.6
      vertex 83.3315 -33.5674 4
    endloop
  endfacet
  facet normal -0.923856 -0.38274 0
    outer loop
      vertex 83.3315 -33.5674 30
      vertex 83.2474 -33.3644 35.6
      vertex 83.2474 -33.3644 30
    endloop
  endfacet
  facet normal -0.923856 -0.38274 0
    outer loop
      vertex 83.2474 -33.3644 35.6
      vertex 83.3315 -33.5674 30
      vertex 83.3315 -33.5674 35.6
    endloop
  endfacet
  facet normal 0.649404 0.760444 -0
    outer loop
      vertex 81.1771 -35.1326 -1.6
      vertex 81.01 -34.9899 4
      vertex 81.1771 -35.1326 4
    endloop
  endfacet
  facet normal 0.649404 0.760444 0
    outer loop
      vertex 81.01 -34.9899 4
      vertex 81.1771 -35.1326 -1.6
      vertex 81.01 -34.9899 -1.6
    endloop
  endfacet
  facet normal 0.649404 0.760444 -0
    outer loop
      vertex 81.1771 -35.1326 30
      vertex 81.01 -34.9899 35.6
      vertex 81.1771 -35.1326 35.6
    endloop
  endfacet
  facet normal 0.649404 0.760444 0
    outer loop
      vertex 81.01 -34.9899 35.6
      vertex 81.1771 -35.1326 30
      vertex 81.01 -34.9899 30
    endloop
  endfacet
  facet normal 0.923856 0.38274 0
    outer loop
      vertex 80.7526 -34.6356 4
      vertex 80.6685 -34.4326 -1.6
      vertex 80.6685 -34.4326 4
    endloop
  endfacet
  facet normal 0.923856 0.38274 0
    outer loop
      vertex 80.6685 -34.4326 -1.6
      vertex 80.7526 -34.6356 4
      vertex 80.7526 -34.6356 -1.6
    endloop
  endfacet
  facet normal 0.923856 0.38274 0
    outer loop
      vertex 80.7526 -34.6356 35.6
      vertex 80.6685 -34.4326 30
      vertex 80.6685 -34.4326 35.6
    endloop
  endfacet
  facet normal 0.923856 0.38274 0
    outer loop
      vertex 80.6685 -34.4326 30
      vertex 80.7526 -34.6356 35.6
      vertex 80.7526 -34.6356 30
    endloop
  endfacet
  facet normal 0.99693 -0.0782977 0
    outer loop
      vertex 80.6 -34 4
      vertex 80.6172 -33.781 -1.6
      vertex 80.6172 -33.781 4
    endloop
  endfacet
  facet normal 0.99693 -0.0782977 0
    outer loop
      vertex 80.6172 -33.781 -1.6
      vertex 80.6 -34 4
      vertex 80.6 -34 -1.6
    endloop
  endfacet
  facet normal 0.99693 -0.0782977 0
    outer loop
      vertex 80.6 -34 35.6
      vertex 80.6172 -33.781 30
      vertex 80.6172 -33.781 35.6
    endloop
  endfacet
  facet normal 0.99693 -0.0782977 0
    outer loop
      vertex 80.6172 -33.781 30
      vertex 80.6 -34 35.6
      vertex 80.6 -34 30
    endloop
  endfacet
  facet normal 0.233528 -0.97235 0
    outer loop
      vertex 81.5674 -32.6685 -1.6
      vertex 81.781 -32.6172 4
      vertex 81.5674 -32.6685 4
    endloop
  endfacet
  facet normal 0.233528 -0.97235 0
    outer loop
      vertex 81.781 -32.6172 4
      vertex 81.5674 -32.6685 -1.6
      vertex 81.781 -32.6172 -1.6
    endloop
  endfacet
  facet normal 0.233528 -0.97235 0
    outer loop
      vertex 81.5674 -32.6685 30
      vertex 81.781 -32.6172 35.6
      vertex 81.5674 -32.6685 35.6
    endloop
  endfacet
  facet normal 0.233528 -0.97235 0
    outer loop
      vertex 81.781 -32.6172 35.6
      vertex 81.5674 -32.6685 30
      vertex 81.781 -32.6172 30
    endloop
  endfacet
  facet normal -0.923856 0.38274 0
    outer loop
      vertex 83.2474 -34.6356 -1.6
      vertex 83.3315 -34.4326 4
      vertex 83.3315 -34.4326 -1.6
    endloop
  endfacet
  facet normal -0.923856 0.38274 0
    outer loop
      vertex 83.3315 -34.4326 4
      vertex 83.2474 -34.6356 -1.6
      vertex 83.2474 -34.6356 4
    endloop
  endfacet
  facet normal -0.923856 0.38274 0
    outer loop
      vertex 83.2474 -34.6356 30
      vertex 83.3315 -34.4326 35.6
      vertex 83.3315 -34.4326 30
    endloop
  endfacet
  facet normal -0.923856 0.38274 0
    outer loop
      vertex 83.3315 -34.4326 35.6
      vertex 83.2474 -34.6356 30
      vertex 83.2474 -34.6356 35.6
    endloop
  endfacet
  facet normal 0.38274 -0.923856 0
    outer loop
      vertex 81.3644 -32.7526 -1.6
      vertex 81.5674 -32.6685 4
      vertex 81.3644 -32.7526 4
    endloop
  endfacet
  facet normal 0.38274 -0.923856 0
    outer loop
      vertex 81.5674 -32.6685 4
      vertex 81.3644 -32.7526 -1.6
      vertex 81.5674 -32.6685 -1.6
    endloop
  endfacet
  facet normal 0.38274 -0.923856 0
    outer loop
      vertex 81.3644 -32.7526 30
      vertex 81.5674 -32.6685 35.6
      vertex 81.3644 -32.7526 35.6
    endloop
  endfacet
  facet normal 0.38274 -0.923856 0
    outer loop
      vertex 81.5674 -32.6685 35.6
      vertex 81.3644 -32.7526 30
      vertex 81.5674 -32.6685 30
    endloop
  endfacet
  facet normal 0.522573 -0.852595 0
    outer loop
      vertex 81.1771 -32.8674 -1.6
      vertex 81.3644 -32.7526 4
      vertex 81.1771 -32.8674 4
    endloop
  endfacet
  facet normal 0.522573 -0.852595 0
    outer loop
      vertex 81.3644 -32.7526 4
      vertex 81.1771 -32.8674 -1.6
      vertex 81.3644 -32.7526 -1.6
    endloop
  endfacet
  facet normal 0.522573 -0.852595 0
    outer loop
      vertex 81.1771 -32.8674 30
      vertex 81.3644 -32.7526 35.6
      vertex 81.1771 -32.8674 35.6
    endloop
  endfacet
  facet normal 0.522573 -0.852595 0
    outer loop
      vertex 81.3644 -32.7526 35.6
      vertex 81.1771 -32.8674 30
      vertex 81.3644 -32.7526 30
    endloop
  endfacet
  facet normal 0.852595 -0.522573 0
    outer loop
      vertex 80.7526 -33.3644 4
      vertex 80.8674 -33.1771 -1.6
      vertex 80.8674 -33.1771 4
    endloop
  endfacet
  facet normal 0.852595 -0.522573 0
    outer loop
      vertex 80.8674 -33.1771 -1.6
      vertex 80.7526 -33.3644 4
      vertex 80.7526 -33.3644 -1.6
    endloop
  endfacet
  facet normal 0.852595 -0.522573 0
    outer loop
      vertex 80.7526 -33.3644 35.6
      vertex 80.8674 -33.1771 30
      vertex 80.8674 -33.1771 35.6
    endloop
  endfacet
  facet normal 0.852595 -0.522573 0
    outer loop
      vertex 80.8674 -33.1771 30
      vertex 80.7526 -33.3644 35.6
      vertex 80.7526 -33.3644 30
    endloop
  endfacet
  facet normal 0.923856 -0.38274 0
    outer loop
      vertex 80.6685 -33.5674 4
      vertex 80.7526 -33.3644 -1.6
      vertex 80.7526 -33.3644 4
    endloop
  endfacet
  facet normal 0.923856 -0.38274 0
    outer loop
      vertex 80.7526 -33.3644 -1.6
      vertex 80.6685 -33.5674 4
      vertex 80.6685 -33.5674 -1.6
    endloop
  endfacet
  facet normal 0.923856 -0.38274 0
    outer loop
      vertex 80.6685 -33.5674 35.6
      vertex 80.7526 -33.3644 30
      vertex 80.7526 -33.3644 35.6
    endloop
  endfacet
  facet normal 0.923856 -0.38274 0
    outer loop
      vertex 80.7526 -33.3644 30
      vertex 80.6685 -33.5674 35.6
      vertex 80.6685 -33.5674 30
    endloop
  endfacet
  facet normal -0.99693 0.0782977 0
    outer loop
      vertex 83.3828 -34.219 -1.6
      vertex 83.4 -34 4
      vertex 83.4 -34 -1.6
    endloop
  endfacet
  facet normal -0.99693 0.0782977 0
    outer loop
      vertex 83.4 -34 4
      vertex 83.3828 -34.219 -1.6
      vertex 83.3828 -34.219 4
    endloop
  endfacet
  facet normal -0.99693 0.0782977 0
    outer loop
      vertex 83.3828 -34.219 30
      vertex 83.4 -34 35.6
      vertex 83.4 -34 30
    endloop
  endfacet
  facet normal -0.99693 0.0782977 0
    outer loop
      vertex 83.4 -34 35.6
      vertex 83.3828 -34.219 30
      vertex 83.3828 -34.219 35.6
    endloop
  endfacet
  facet normal -0.760669 -0.64914 0
    outer loop
      vertex 83.1326 -33.1771 -1.6
      vertex 82.99 -33.01 4
      vertex 82.99 -33.01 -1.6
    endloop
  endfacet
  facet normal -0.760669 -0.64914 0
    outer loop
      vertex 82.99 -33.01 4
      vertex 83.1326 -33.1771 -1.6
      vertex 83.1326 -33.1771 4
    endloop
  endfacet
  facet normal -0.760669 -0.64914 0
    outer loop
      vertex 83.1326 -33.1771 30
      vertex 82.99 -33.01 35.6
      vertex 82.99 -33.01 30
    endloop
  endfacet
  facet normal -0.760669 -0.64914 0
    outer loop
      vertex 82.99 -33.01 35.6
      vertex 83.1326 -33.1771 30
      vertex 83.1326 -33.1771 35.6
    endloop
  endfacet
  facet normal 0.97235 0.233528 0
    outer loop
      vertex 80.6685 -34.4326 4
      vertex 80.6172 -34.219 -1.6
      vertex 80.6172 -34.219 4
    endloop
  endfacet
  facet normal 0.97235 0.233528 0
    outer loop
      vertex 80.6172 -34.219 -1.6
      vertex 80.6685 -34.4326 4
      vertex 80.6685 -34.4326 -1.6
    endloop
  endfacet
  facet normal 0.97235 0.233528 0
    outer loop
      vertex 80.6685 -34.4326 35.6
      vertex 80.6172 -34.219 30
      vertex 80.6172 -34.219 35.6
    endloop
  endfacet
  facet normal 0.97235 0.233528 0
    outer loop
      vertex 80.6172 -34.219 30
      vertex 80.6685 -34.4326 35.6
      vertex 80.6685 -34.4326 30
    endloop
  endfacet
  facet normal -0.0782977 -0.99693 0
    outer loop
      vertex 82 -32.6 -1.6
      vertex 82.219 -32.6172 4
      vertex 82 -32.6 4
    endloop
  endfacet
  facet normal -0.0782977 -0.99693 -0
    outer loop
      vertex 82.219 -32.6172 4
      vertex 82 -32.6 -1.6
      vertex 82.219 -32.6172 -1.6
    endloop
  endfacet
  facet normal -0.0782977 -0.99693 0
    outer loop
      vertex 82 -32.6 30
      vertex 82.219 -32.6172 35.6
      vertex 82 -32.6 35.6
    endloop
  endfacet
  facet normal -0.0782977 -0.99693 -0
    outer loop
      vertex 82.219 -32.6172 35.6
      vertex 82 -32.6 30
      vertex 82.219 -32.6172 30
    endloop
  endfacet
  facet normal -0.38274 0.923856 0
    outer loop
      vertex 82.6356 -35.2474 -1.6
      vertex 82.4326 -35.3315 4
      vertex 82.6356 -35.2474 4
    endloop
  endfacet
  facet normal -0.38274 0.923856 0
    outer loop
      vertex 82.4326 -35.3315 4
      vertex 82.6356 -35.2474 -1.6
      vertex 82.4326 -35.3315 -1.6
    endloop
  endfacet
  facet normal -0.38274 0.923856 0
    outer loop
      vertex 82.6356 -35.2474 30
      vertex 82.4326 -35.3315 35.6
      vertex 82.6356 -35.2474 35.6
    endloop
  endfacet
  facet normal -0.38274 0.923856 0
    outer loop
      vertex 82.4326 -35.3315 35.6
      vertex 82.6356 -35.2474 30
      vertex 82.4326 -35.3315 30
    endloop
  endfacet
  facet normal -0.852595 -0.522573 0
    outer loop
      vertex 83.2474 -33.3644 -1.6
      vertex 83.1326 -33.1771 4
      vertex 83.1326 -33.1771 -1.6
    endloop
  endfacet
  facet normal -0.852595 -0.522573 0
    outer loop
      vertex 83.1326 -33.1771 4
      vertex 83.2474 -33.3644 -1.6
      vertex 83.2474 -33.3644 4
    endloop
  endfacet
  facet normal -0.852595 -0.522573 0
    outer loop
      vertex 83.2474 -33.3644 30
      vertex 83.1326 -33.1771 35.6
      vertex 83.1326 -33.1771 30
    endloop
  endfacet
  facet normal -0.852595 -0.522573 0
    outer loop
      vertex 83.1326 -33.1771 35.6
      vertex 83.2474 -33.3644 30
      vertex 83.2474 -33.3644 35.6
    endloop
  endfacet
  facet normal -0.649404 0.760444 0
    outer loop
      vertex 82.99 -34.9899 -1.6
      vertex 82.8229 -35.1326 4
      vertex 82.99 -34.9899 4
    endloop
  endfacet
  facet normal -0.649404 0.760444 0
    outer loop
      vertex 82.8229 -35.1326 4
      vertex 82.99 -34.9899 -1.6
      vertex 82.8229 -35.1326 -1.6
    endloop
  endfacet
  facet normal -0.649404 0.760444 0
    outer loop
      vertex 82.99 -34.9899 30
      vertex 82.8229 -35.1326 35.6
      vertex 82.99 -34.9899 35.6
    endloop
  endfacet
  facet normal -0.649404 0.760444 0
    outer loop
      vertex 82.8229 -35.1326 35.6
      vertex 82.99 -34.9899 30
      vertex 82.8229 -35.1326 30
    endloop
  endfacet
  facet normal -0.233528 0.97235 0
    outer loop
      vertex 82.4326 -35.3315 -1.6
      vertex 82.219 -35.3828 4
      vertex 82.4326 -35.3315 4
    endloop
  endfacet
  facet normal -0.233528 0.97235 0
    outer loop
      vertex 82.219 -35.3828 4
      vertex 82.4326 -35.3315 -1.6
      vertex 82.219 -35.3828 -1.6
    endloop
  endfacet
  facet normal -0.233528 0.97235 0
    outer loop
      vertex 82.4326 -35.3315 30
      vertex 82.219 -35.3828 35.6
      vertex 82.4326 -35.3315 35.6
    endloop
  endfacet
  facet normal -0.233528 0.97235 0
    outer loop
      vertex 82.219 -35.3828 35.6
      vertex 82.4326 -35.3315 30
      vertex 82.219 -35.3828 30
    endloop
  endfacet
  facet normal 0.760477 0.649365 0
    outer loop
      vertex 81.01 -34.9899 4
      vertex 80.8674 -34.8229 -1.6
      vertex 80.8674 -34.8229 4
    endloop
  endfacet
  facet normal 0.760477 0.649365 0
    outer loop
      vertex 80.8674 -34.8229 -1.6
      vertex 81.01 -34.9899 4
      vertex 81.01 -34.9899 -1.6
    endloop
  endfacet
  facet normal 0.760477 0.649365 0
    outer loop
      vertex 81.01 -34.9899 35.6
      vertex 80.8674 -34.8229 30
      vertex 80.8674 -34.8229 35.6
    endloop
  endfacet
  facet normal 0.760477 0.649365 0
    outer loop
      vertex 80.8674 -34.8229 30
      vertex 81.01 -34.9899 35.6
      vertex 81.01 -34.9899 30
    endloop
  endfacet
  facet normal 0.99693 0.0782977 0
    outer loop
      vertex 80.6172 -34.219 4
      vertex 80.6 -34 -1.6
      vertex 80.6 -34 4
    endloop
  endfacet
  facet normal 0.99693 0.0782977 0
    outer loop
      vertex 80.6 -34 -1.6
      vertex 80.6172 -34.219 4
      vertex 80.6172 -34.219 -1.6
    endloop
  endfacet
  facet normal 0.99693 0.0782977 0
    outer loop
      vertex 80.6172 -34.219 35.6
      vertex 80.6 -34 30
      vertex 80.6 -34 35.6
    endloop
  endfacet
  facet normal 0.99693 0.0782977 0
    outer loop
      vertex 80.6 -34 30
      vertex 80.6172 -34.219 35.6
      vertex 80.6172 -34.219 30
    endloop
  endfacet
  facet normal 0.852595 0.522573 0
    outer loop
      vertex 80.8674 -34.8229 4
      vertex 80.7526 -34.6356 -1.6
      vertex 80.7526 -34.6356 4
    endloop
  endfacet
  facet normal 0.852595 0.522573 0
    outer loop
      vertex 80.7526 -34.6356 -1.6
      vertex 80.8674 -34.8229 4
      vertex 80.8674 -34.8229 -1.6
    endloop
  endfacet
  facet normal 0.852595 0.522573 0
    outer loop
      vertex 80.8674 -34.8229 35.6
      vertex 80.7526 -34.6356 30
      vertex 80.7526 -34.6356 35.6
    endloop
  endfacet
  facet normal 0.852595 0.522573 0
    outer loop
      vertex 80.7526 -34.6356 30
      vertex 80.8674 -34.8229 35.6
      vertex 80.8674 -34.8229 30
    endloop
  endfacet
  facet normal -0.522573 0.852595 0
    outer loop
      vertex 82.8229 -35.1326 -1.6
      vertex 82.6356 -35.2474 4
      vertex 82.8229 -35.1326 4
    endloop
  endfacet
  facet normal -0.522573 0.852595 0
    outer loop
      vertex 82.6356 -35.2474 4
      vertex 82.8229 -35.1326 -1.6
      vertex 82.6356 -35.2474 -1.6
    endloop
  endfacet
  facet normal -0.522573 0.852595 0
    outer loop
      vertex 82.8229 -35.1326 30
      vertex 82.6356 -35.2474 35.6
      vertex 82.8229 -35.1326 35.6
    endloop
  endfacet
  facet normal -0.522573 0.852595 0
    outer loop
      vertex 82.6356 -35.2474 35.6
      vertex 82.8229 -35.1326 30
      vertex 82.6356 -35.2474 30
    endloop
  endfacet
  facet normal -0.97235 0.233528 0
    outer loop
      vertex 83.3315 -34.4326 -1.6
      vertex 83.3828 -34.219 4
      vertex 83.3828 -34.219 -1.6
    endloop
  endfacet
  facet normal -0.97235 0.233528 0
    outer loop
      vertex 83.3828 -34.219 4
      vertex 83.3315 -34.4326 -1.6
      vertex 83.3315 -34.4326 4
    endloop
  endfacet
  facet normal -0.97235 0.233528 0
    outer loop
      vertex 83.3315 -34.4326 30
      vertex 83.3828 -34.219 35.6
      vertex 83.3828 -34.219 30
    endloop
  endfacet
  facet normal -0.97235 0.233528 0
    outer loop
      vertex 83.3828 -34.219 35.6
      vertex 83.3315 -34.4326 30
      vertex 83.3315 -34.4326 35.6
    endloop
  endfacet
  facet normal -0.233528 -0.97235 0
    outer loop
      vertex 82.219 -32.6172 -1.6
      vertex 82.4326 -32.6685 4
      vertex 82.219 -32.6172 4
    endloop
  endfacet
  facet normal -0.233528 -0.97235 -0
    outer loop
      vertex 82.4326 -32.6685 4
      vertex 82.219 -32.6172 -1.6
      vertex 82.4326 -32.6685 -1.6
    endloop
  endfacet
  facet normal -0.233528 -0.97235 0
    outer loop
      vertex 82.219 -32.6172 30
      vertex 82.4326 -32.6685 35.6
      vertex 82.219 -32.6172 35.6
    endloop
  endfacet
  facet normal -0.233528 -0.97235 -0
    outer loop
      vertex 82.4326 -32.6685 35.6
      vertex 82.219 -32.6172 30
      vertex 82.4326 -32.6685 30
    endloop
  endfacet
  facet normal 0.38274 0.923856 -0
    outer loop
      vertex 81.5674 -35.3315 -1.6
      vertex 81.3644 -35.2474 4
      vertex 81.5674 -35.3315 4
    endloop
  endfacet
  facet normal 0.38274 0.923856 0
    outer loop
      vertex 81.3644 -35.2474 4
      vertex 81.5674 -35.3315 -1.6
      vertex 81.3644 -35.2474 -1.6
    endloop
  endfacet
  facet normal 0.38274 0.923856 -0
    outer loop
      vertex 81.5674 -35.3315 30
      vertex 81.3644 -35.2474 35.6
      vertex 81.5674 -35.3315 35.6
    endloop
  endfacet
  facet normal 0.38274 0.923856 0
    outer loop
      vertex 81.3644 -35.2474 35.6
      vertex 81.5674 -35.3315 30
      vertex 81.3644 -35.2474 30
    endloop
  endfacet
  facet normal 0.0782977 0.99693 -0
    outer loop
      vertex 82 -35.4 -1.6
      vertex 81.781 -35.3828 4
      vertex 82 -35.4 4
    endloop
  endfacet
  facet normal 0.0782977 0.99693 0
    outer loop
      vertex 81.781 -35.3828 4
      vertex 82 -35.4 -1.6
      vertex 81.781 -35.3828 -1.6
    endloop
  endfacet
  facet normal 0.0782977 0.99693 -0
    outer loop
      vertex 82 -35.4 30
      vertex 81.781 -35.3828 35.6
      vertex 82 -35.4 35.6
    endloop
  endfacet
  facet normal 0.0782977 0.99693 0
    outer loop
      vertex 81.781 -35.3828 35.6
      vertex 82 -35.4 30
      vertex 81.781 -35.3828 30
    endloop
  endfacet
  facet normal 0.760669 -0.64914 0
    outer loop
      vertex 80.8674 -33.1771 4
      vertex 81.01 -33.01 -1.6
      vertex 81.01 -33.01 4
    endloop
  endfacet
  facet normal 0.760669 -0.64914 0
    outer loop
      vertex 81.01 -33.01 -1.6
      vertex 80.8674 -33.1771 4
      vertex 80.8674 -33.1771 -1.6
    endloop
  endfacet
  facet normal 0.760669 -0.64914 0
    outer loop
      vertex 80.8674 -33.1771 35.6
      vertex 81.01 -33.01 30
      vertex 81.01 -33.01 35.6
    endloop
  endfacet
  facet normal 0.760669 -0.64914 0
    outer loop
      vertex 81.01 -33.01 30
      vertex 80.8674 -33.1771 35.6
      vertex 80.8674 -33.1771 30
    endloop
  endfacet
  facet normal 0.649276 0.760553 -0
    outer loop
      vertex 80.4718 -36.1034 35.6
      vertex 80.1615 -35.8385 38
      vertex 80.4718 -36.1034 38
    endloop
  endfacet
  facet normal 0.649276 0.760553 0
    outer loop
      vertex 80.1615 -35.8385 38
      vertex 80.4718 -36.1034 35.6
      vertex 80.1615 -35.8385 35.6
    endloop
  endfacet
  facet normal -0.92393 -0.382561 0
    outer loop
      vertex 84.4727 -33.1966 35.6
      vertex 84.3166 -32.8196 38
      vertex 84.3166 -32.8196 35.6
    endloop
  endfacet
  facet normal -0.92393 -0.382561 0
    outer loop
      vertex 84.3166 -32.8196 38
      vertex 84.4727 -33.1966 35.6
      vertex 84.4727 -33.1966 38
    endloop
  endfacet
  facet normal -0.972336 -0.233586 0
    outer loop
      vertex 84.568 -33.5933 35.6
      vertex 84.4727 -33.1966 38
      vertex 84.4727 -33.1966 35.6
    endloop
  endfacet
  facet normal -0.972336 -0.233586 0
    outer loop
      vertex 84.4727 -33.1966 38
      vertex 84.568 -33.5933 35.6
      vertex 84.568 -33.5933 38
    endloop
  endfacet
  facet normal 0.972336 0.233586 0
    outer loop
      vertex 79.5273 -34.8034 38
      vertex 79.432 -34.4067 35.6
      vertex 79.432 -34.4067 38
    endloop
  endfacet
  facet normal 0.972336 0.233586 0
    outer loop
      vertex 79.432 -34.4067 35.6
      vertex 79.5273 -34.8034 38
      vertex 79.5273 -34.8034 35.6
    endloop
  endfacet
  facet normal 0.233586 0.972336 -0
    outer loop
      vertex 81.5933 -36.568 35.6
      vertex 81.1966 -36.4727 38
      vertex 81.5933 -36.568 38
    endloop
  endfacet
  facet normal 0.233586 0.972336 0
    outer loop
      vertex 81.1966 -36.4727 38
      vertex 81.5933 -36.568 35.6
      vertex 81.1966 -36.4727 35.6
    endloop
  endfacet
  facet normal 0.52262 -0.852566 0
    outer loop
      vertex 80.4718 -31.8966 35.6
      vertex 80.8196 -31.6834 38
      vertex 80.4718 -31.8966 38
    endloop
  endfacet
  facet normal 0.52262 -0.852566 0
    outer loop
      vertex 80.8196 -31.6834 38
      vertex 80.4718 -31.8966 35.6
      vertex 80.8196 -31.6834 35.6
    endloop
  endfacet
  facet normal 0.996919 0.0784396 0
    outer loop
      vertex 79.432 -34.4067 38
      vertex 79.4 -34 35.6
      vertex 79.4 -34 38
    endloop
  endfacet
  facet normal 0.996919 0.0784396 0
    outer loop
      vertex 79.4 -34 35.6
      vertex 79.432 -34.4067 38
      vertex 79.432 -34.4067 35.6
    endloop
  endfacet
  facet normal -0.52262 0.852566 0
    outer loop
      vertex 83.5282 -36.1034 35.6
      vertex 83.1804 -36.3166 38
      vertex 83.5282 -36.1034 38
    endloop
  endfacet
  facet normal -0.52262 0.852566 0
    outer loop
      vertex 83.1804 -36.3166 38
      vertex 83.5282 -36.1034 35.6
      vertex 83.1804 -36.3166 35.6
    endloop
  endfacet
  facet normal 0.233586 -0.972336 0
    outer loop
      vertex 81.1966 -31.5273 35.6
      vertex 81.5933 -31.432 38
      vertex 81.1966 -31.5273 38
    endloop
  endfacet
  facet normal 0.233586 -0.972336 0
    outer loop
      vertex 81.5933 -31.432 38
      vertex 81.1966 -31.5273 35.6
      vertex 81.5933 -31.432 35.6
    endloop
  endfacet
  facet normal -0.852566 0.52262 0
    outer loop
      vertex 84.1034 -35.5282 35.6
      vertex 84.3166 -35.1804 38
      vertex 84.3166 -35.1804 35.6
    endloop
  endfacet
  facet normal -0.852566 0.52262 0
    outer loop
      vertex 84.3166 -35.1804 38
      vertex 84.1034 -35.5282 35.6
      vertex 84.1034 -35.5282 38
    endloop
  endfacet
  facet normal -0.649276 -0.760553 0
    outer loop
      vertex 83.5282 -31.8966 35.6
      vertex 83.8385 -32.1615 38
      vertex 83.5282 -31.8966 38
    endloop
  endfacet
  facet normal -0.649276 -0.760553 -0
    outer loop
      vertex 83.8385 -32.1615 38
      vertex 83.5282 -31.8966 35.6
      vertex 83.8385 -32.1615 35.6
    endloop
  endfacet
  facet normal -0.649276 0.760553 0
    outer loop
      vertex 83.8385 -35.8385 35.6
      vertex 83.5282 -36.1034 38
      vertex 83.8385 -35.8385 38
    endloop
  endfacet
  facet normal -0.649276 0.760553 0
    outer loop
      vertex 83.5282 -36.1034 38
      vertex 83.8385 -35.8385 35.6
      vertex 83.5282 -36.1034 35.6
    endloop
  endfacet
  facet normal 0.52262 0.852566 -0
    outer loop
      vertex 80.8196 -36.3166 35.6
      vertex 80.4718 -36.1034 38
      vertex 80.8196 -36.3166 38
    endloop
  endfacet
  facet normal 0.52262 0.852566 0
    outer loop
      vertex 80.4718 -36.1034 38
      vertex 80.8196 -36.3166 35.6
      vertex 80.4718 -36.1034 35.6
    endloop
  endfacet
  facet normal -0.996919 -0.0784396 0
    outer loop
      vertex 84.6 -34 35.6
      vertex 84.568 -33.5933 38
      vertex 84.568 -33.5933 35.6
    endloop
  endfacet
  facet normal -0.996919 -0.0784396 0
    outer loop
      vertex 84.568 -33.5933 38
      vertex 84.6 -34 35.6
      vertex 84.6 -34 38
    endloop
  endfacet
  facet normal -0.52262 -0.852566 0
    outer loop
      vertex 83.1804 -31.6834 35.6
      vertex 83.5282 -31.8966 38
      vertex 83.1804 -31.6834 38
    endloop
  endfacet
  facet normal -0.52262 -0.852566 -0
    outer loop
      vertex 83.5282 -31.8966 38
      vertex 83.1804 -31.6834 35.6
      vertex 83.5282 -31.8966 35.6
    endloop
  endfacet
  facet normal -0.382561 0.92393 0
    outer loop
      vertex 83.1804 -36.3166 35.6
      vertex 82.8034 -36.4727 38
      vertex 83.1804 -36.3166 38
    endloop
  endfacet
  facet normal -0.382561 0.92393 0
    outer loop
      vertex 82.8034 -36.4727 38
      vertex 83.1804 -36.3166 35.6
      vertex 82.8034 -36.4727 35.6
    endloop
  endfacet
  facet normal -0.760553 0.649276 0
    outer loop
      vertex 83.8385 -35.8385 35.6
      vertex 84.1034 -35.5282 38
      vertex 84.1034 -35.5282 35.6
    endloop
  endfacet
  facet normal -0.760553 0.649276 0
    outer loop
      vertex 84.1034 -35.5282 38
      vertex 83.8385 -35.8385 35.6
      vertex 83.8385 -35.8385 38
    endloop
  endfacet
  facet normal -0.996919 0.0784396 0
    outer loop
      vertex 84.568 -34.4067 35.6
      vertex 84.6 -34 38
      vertex 84.6 -34 35.6
    endloop
  endfacet
  facet normal -0.996919 0.0784396 0
    outer loop
      vertex 84.6 -34 38
      vertex 84.568 -34.4067 35.6
      vertex 84.568 -34.4067 38
    endloop
  endfacet
  facet normal -0.972336 0.233586 0
    outer loop
      vertex 84.4727 -34.8034 35.6
      vertex 84.568 -34.4067 38
      vertex 84.568 -34.4067 35.6
    endloop
  endfacet
  facet normal -0.972336 0.233586 0
    outer loop
      vertex 84.568 -34.4067 38
      vertex 84.4727 -34.8034 35.6
      vertex 84.4727 -34.8034 38
    endloop
  endfacet
  facet normal 0.996919 -0.0784396 0
    outer loop
      vertex 79.4 -34 38
      vertex 79.432 -33.5933 35.6
      vertex 79.432 -33.5933 38
    endloop
  endfacet
  facet normal 0.996919 -0.0784396 0
    outer loop
      vertex 79.432 -33.5933 35.6
      vertex 79.4 -34 38
      vertex 79.4 -34 35.6
    endloop
  endfacet
  facet normal -0.0784396 0.996919 0
    outer loop
      vertex 82.4067 -36.568 35.6
      vertex 82 -36.6 38
      vertex 82.4067 -36.568 38
    endloop
  endfacet
  facet normal -0.0784396 0.996919 0
    outer loop
      vertex 82 -36.6 38
      vertex 82.4067 -36.568 35.6
      vertex 82 -36.6 35.6
    endloop
  endfacet
  facet normal -0.760553 -0.649276 0
    outer loop
      vertex 84.1034 -32.4718 35.6
      vertex 83.8385 -32.1615 38
      vertex 83.8385 -32.1615 35.6
    endloop
  endfacet
  facet normal -0.760553 -0.649276 0
    outer loop
      vertex 83.8385 -32.1615 38
      vertex 84.1034 -32.4718 35.6
      vertex 84.1034 -32.4718 38
    endloop
  endfacet
  facet normal 0.760553 -0.649276 0
    outer loop
      vertex 79.8966 -32.4718 38
      vertex 80.1615 -32.1615 35.6
      vertex 80.1615 -32.1615 38
    endloop
  endfacet
  facet normal 0.760553 -0.649276 0
    outer loop
      vertex 80.1615 -32.1615 35.6
      vertex 79.8966 -32.4718 38
      vertex 79.8966 -32.4718 35.6
    endloop
  endfacet
  facet normal -0.382561 -0.92393 0
    outer loop
      vertex 82.8034 -31.5273 35.6
      vertex 83.1804 -31.6834 38
      vertex 82.8034 -31.5273 38
    endloop
  endfacet
  facet normal -0.382561 -0.92393 -0
    outer loop
      vertex 83.1804 -31.6834 38
      vertex 82.8034 -31.5273 35.6
      vertex 83.1804 -31.6834 35.6
    endloop
  endfacet
  facet normal 0.852566 0.52262 0
    outer loop
      vertex 79.8966 -35.5282 38
      vertex 79.6834 -35.1804 35.6
      vertex 79.6834 -35.1804 38
    endloop
  endfacet
  facet normal 0.852566 0.52262 0
    outer loop
      vertex 79.6834 -35.1804 35.6
      vertex 79.8966 -35.5282 38
      vertex 79.8966 -35.5282 35.6
    endloop
  endfacet
  facet normal 0.972336 -0.233586 0
    outer loop
      vertex 79.432 -33.5933 38
      vertex 79.5273 -33.1966 35.6
      vertex 79.5273 -33.1966 38
    endloop
  endfacet
  facet normal 0.972336 -0.233586 0
    outer loop
      vertex 79.5273 -33.1966 35.6
      vertex 79.432 -33.5933 38
      vertex 79.432 -33.5933 35.6
    endloop
  endfacet
  facet normal -0.852566 -0.52262 0
    outer loop
      vertex 84.3166 -32.8196 35.6
      vertex 84.1034 -32.4718 38
      vertex 84.1034 -32.4718 35.6
    endloop
  endfacet
  facet normal -0.852566 -0.52262 0
    outer loop
      vertex 84.1034 -32.4718 38
      vertex 84.3166 -32.8196 35.6
      vertex 84.3166 -32.8196 38
    endloop
  endfacet
  facet normal 0.649276 -0.760553 0
    outer loop
      vertex 80.1615 -32.1615 35.6
      vertex 80.4718 -31.8966 38
      vertex 80.1615 -32.1615 38
    endloop
  endfacet
  facet normal 0.649276 -0.760553 0
    outer loop
      vertex 80.4718 -31.8966 38
      vertex 80.1615 -32.1615 35.6
      vertex 80.4718 -31.8966 35.6
    endloop
  endfacet
  facet normal -0.233586 -0.972336 0
    outer loop
      vertex 82.4067 -31.432 35.6
      vertex 82.8034 -31.5273 38
      vertex 82.4067 -31.432 38
    endloop
  endfacet
  facet normal -0.233586 -0.972336 -0
    outer loop
      vertex 82.8034 -31.5273 38
      vertex 82.4067 -31.432 35.6
      vertex 82.8034 -31.5273 35.6
    endloop
  endfacet
  facet normal 0.852566 -0.52262 0
    outer loop
      vertex 79.6834 -32.8196 38
      vertex 79.8966 -32.4718 35.6
      vertex 79.8966 -32.4718 38
    endloop
  endfacet
  facet normal 0.852566 -0.52262 0
    outer loop
      vertex 79.8966 -32.4718 35.6
      vertex 79.6834 -32.8196 38
      vertex 79.6834 -32.8196 35.6
    endloop
  endfacet
  facet normal -0.92393 0.382561 0
    outer loop
      vertex 84.3166 -35.1804 35.6
      vertex 84.4727 -34.8034 38
      vertex 84.4727 -34.8034 35.6
    endloop
  endfacet
  facet normal -0.92393 0.382561 0
    outer loop
      vertex 84.4727 -34.8034 38
      vertex 84.3166 -35.1804 35.6
      vertex 84.3166 -35.1804 38
    endloop
  endfacet
  facet normal -0.233586 0.972336 0
    outer loop
      vertex 82.8034 -36.4727 35.6
      vertex 82.4067 -36.568 38
      vertex 82.8034 -36.4727 38
    endloop
  endfacet
  facet normal -0.233586 0.972336 0
    outer loop
      vertex 82.4067 -36.568 38
      vertex 82.8034 -36.4727 35.6
      vertex 82.4067 -36.568 35.6
    endloop
  endfacet
  facet normal 0.382561 -0.92393 0
    outer loop
      vertex 80.8196 -31.6834 35.6
      vertex 81.1966 -31.5273 38
      vertex 80.8196 -31.6834 38
    endloop
  endfacet
  facet normal 0.382561 -0.92393 0
    outer loop
      vertex 81.1966 -31.5273 38
      vertex 80.8196 -31.6834 35.6
      vertex 81.1966 -31.5273 35.6
    endloop
  endfacet
  facet normal 0.760553 0.649276 0
    outer loop
      vertex 80.1615 -35.8385 38
      vertex 79.8966 -35.5282 35.6
      vertex 79.8966 -35.5282 38
    endloop
  endfacet
  facet normal 0.760553 0.649276 0
    outer loop
      vertex 79.8966 -35.5282 35.6
      vertex 80.1615 -35.8385 38
      vertex 80.1615 -35.8385 35.6
    endloop
  endfacet
  facet normal 0.382561 0.92393 -0
    outer loop
      vertex 81.1966 -36.4727 35.6
      vertex 80.8196 -36.3166 38
      vertex 81.1966 -36.4727 38
    endloop
  endfacet
  facet normal 0.382561 0.92393 0
    outer loop
      vertex 80.8196 -36.3166 38
      vertex 81.1966 -36.4727 35.6
      vertex 80.8196 -36.3166 35.6
    endloop
  endfacet
  facet normal 0.92393 -0.382561 0
    outer loop
      vertex 79.5273 -33.1966 38
      vertex 79.6834 -32.8196 35.6
      vertex 79.6834 -32.8196 38
    endloop
  endfacet
  facet normal 0.92393 -0.382561 0
    outer loop
      vertex 79.6834 -32.8196 35.6
      vertex 79.5273 -33.1966 38
      vertex 79.5273 -33.1966 35.6
    endloop
  endfacet
  facet normal 0.0784396 0.996919 -0
    outer loop
      vertex 82 -36.6 35.6
      vertex 81.5933 -36.568 38
      vertex 82 -36.6 38
    endloop
  endfacet
  facet normal 0.0784396 0.996919 0
    outer loop
      vertex 81.5933 -36.568 38
      vertex 82 -36.6 35.6
      vertex 81.5933 -36.568 35.6
    endloop
  endfacet
  facet normal 0 0 1
    outer loop
      vertex 83.4 -34 35.6
      vertex 84.6 -34 35.6
      vertex 84.568 -33.5933 35.6
    endloop
  endfacet
  facet normal 0 0 1
    outer loop
      vertex 83.3828 -33.781 35.6
      vertex 84.568 -33.5933 35.6
      vertex 84.4727 -33.1966 35.6
    endloop
  endfacet
  facet normal 0 0 1
    outer loop
      vertex 84.6 -34 35.6
      vertex 83.4 -34 35.6
      vertex 84.568 -34.4067 35.6
    endloop
  endfacet
  facet normal 0 0 1
    outer loop
      vertex 83.3315 -33.5674 35.6
      vertex 84.4727 -33.1966 35.6
      vertex 84.3166 -32.8196 35.6
    endloop
  endfacet
  facet normal -0 0 1
    outer loop
      vertex 83.3828 -34.219 35.6
      vertex 84.568 -34.4067 35.6
      vertex 83.4 -34 35.6
    endloop
  endfacet
  facet normal 0 0 1
    outer loop
      vertex 83.2474 -33.3644 35.6
      vertex 84.3166 -32.8196 35.6
      vertex 84.1034 -32.4718 35.6
    endloop
  endfacet
  facet normal 0 0 1
    outer loop
      vertex 84.568 -34.4067 35.6
      vertex 83.3828 -34.219 35.6
      vertex 84.4727 -34.8034 35.6
    endloop
  endfacet
  facet normal 0 0 1
    outer loop
      vertex 83.1326 -33.1771 35.6
      vertex 84.1034 -32.4718 35.6
      vertex 83.8385 -32.1615 35.6
    endloop
  endfacet
  facet normal -0 0 1
    outer loop
      vertex 83.3315 -34.4326 35.6
      vertex 84.4727 -34.8034 35.6
      vertex 83.3828 -34.219 35.6
    endloop
  endfacet
  facet normal 0 0 1
    outer loop
      vertex 82.99 -33.01 35.6
      vertex 83.8385 -32.1615 35.6
      vertex 83.5282 -31.8966 35.6
    endloop
  endfacet
  facet normal 0 0 1
    outer loop
      vertex 84.4727 -34.8034 35.6
      vertex 83.3315 -34.4326 35.6
      vertex 84.3166 -35.1804 35.6
    endloop
  endfacet
  facet normal -0 0 1
    outer loop
      vertex 83.2474 -34.6356 35.6
      vertex 84.3166 -35.1804 35.6
      vertex 83.3315 -34.4326 35.6
    endloop
  endfacet
  facet normal 0 0 1
    outer loop
      vertex 84.568 -33.5933 35.6
      vertex 83.3828 -33.781 35.6
      vertex 83.4 -34 35.6
    endloop
  endfacet
  facet normal 0 0 1
    outer loop
      vertex 84.4727 -33.1966 35.6
      vertex 83.3315 -33.5674 35.6
      vertex 83.3828 -33.781 35.6
    endloop
  endfacet
  facet normal 0 0 1
    outer loop
      vertex 84.3166 -32.8196 35.6
      vertex 83.2474 -33.3644 35.6
      vertex 83.3315 -33.5674 35.6
    endloop
  endfacet
  facet normal 0 0 1
    outer loop
      vertex 82.8229 -32.8674 35.6
      vertex 83.5282 -31.8966 35.6
      vertex 83.1804 -31.6834 35.6
    endloop
  endfacet
  facet normal 0 0 1
    outer loop
      vertex 84.1034 -32.4718 35.6
      vertex 83.1326 -33.1771 35.6
      vertex 83.2474 -33.3644 35.6
    endloop
  endfacet
  facet normal 0 0 1
    outer loop
      vertex 83.8385 -32.1615 35.6
      vertex 82.99 -33.01 35.6
      vertex 83.1326 -33.1771 35.6
    endloop
  endfacet
  facet normal 0 0 1
    outer loop
      vertex 83.5282 -31.8966 35.6
      vertex 82.8229 -32.8674 35.6
      vertex 82.99 -33.01 35.6
    endloop
  endfacet
  facet normal 0 0 1
    outer loop
      vertex 82.6356 -32.7526 35.6
      vertex 83.1804 -31.6834 35.6
      vertex 82.8034 -31.5273 35.6
    endloop
  endfacet
  facet normal 0 0 1
    outer loop
      vertex 83.1804 -31.6834 35.6
      vertex 82.6356 -32.7526 35.6
      vertex 82.8229 -32.8674 35.6
    endloop
  endfacet
  facet normal 0 0 1
    outer loop
      vertex 82.8034 -31.5273 35.6
      vertex 82.4326 -32.6685 35.6
      vertex 82.6356 -32.7526 35.6
    endloop
  endfacet
  facet normal 0 0 1
    outer loop
      vertex 82.4067 -31.432 35.6
      vertex 82.4326 -32.6685 35.6
      vertex 82.8034 -31.5273 35.6
    endloop
  endfacet
  facet normal 0 0 1
    outer loop
      vertex 82.4067 -31.432 35.6
      vertex 82.219 -32.6172 35.6
      vertex 82.4326 -32.6685 35.6
    endloop
  endfacet
  facet normal 0 0 1
    outer loop
      vertex 82 -31.4 35.6
      vertex 82.219 -32.6172 35.6
      vertex 82.4067 -31.432 35.6
    endloop
  endfacet
  facet normal 0 0 1
    outer loop
      vertex 82 -31.4 35.6
      vertex 82 -32.6 35.6
      vertex 82.219 -32.6172 35.6
    endloop
  endfacet
  facet normal 0 0 1
    outer loop
      vertex 82 -31.4 35.6
      vertex 81.781 -32.6172 35.6
      vertex 82 -32.6 35.6
    endloop
  endfacet
  facet normal -0 0 1
    outer loop
      vertex 81.5933 -31.432 35.6
      vertex 81.781 -32.6172 35.6
      vertex 82 -31.4 35.6
    endloop
  endfacet
  facet normal 0 0 1
    outer loop
      vertex 81.5933 -31.432 35.6
      vertex 81.5674 -32.6685 35.6
      vertex 81.781 -32.6172 35.6
    endloop
  endfacet
  facet normal -0 0 1
    outer loop
      vertex 81.1966 -31.5273 35.6
      vertex 81.5674 -32.6685 35.6
      vertex 81.5933 -31.432 35.6
    endloop
  endfacet
  facet normal 0 0 1
    outer loop
      vertex 81.5674 -32.6685 35.6
      vertex 81.1966 -31.5273 35.6
      vertex 81.3644 -32.7526 35.6
    endloop
  endfacet
  facet normal -0 0 1
    outer loop
      vertex 80.8196 -31.6834 35.6
      vertex 81.3644 -32.7526 35.6
      vertex 81.1966 -31.5273 35.6
    endloop
  endfacet
  facet normal 0 0 1
    outer loop
      vertex 81.3644 -32.7526 35.6
      vertex 80.8196 -31.6834 35.6
      vertex 81.1771 -32.8674 35.6
    endloop
  endfacet
  facet normal -0 0 1
    outer loop
      vertex 80.4718 -31.8966 35.6
      vertex 81.1771 -32.8674 35.6
      vertex 80.8196 -31.6834 35.6
    endloop
  endfacet
  facet normal 0 0 1
    outer loop
      vertex 81.1771 -32.8674 35.6
      vertex 80.4718 -31.8966 35.6
      vertex 81.01 -33.01 35.6
    endloop
  endfacet
  facet normal -0 0 1
    outer loop
      vertex 80.1615 -32.1615 35.6
      vertex 81.01 -33.01 35.6
      vertex 80.4718 -31.8966 35.6
    endloop
  endfacet
  facet normal 0 0 1
    outer loop
      vertex 81.01 -33.01 35.6
      vertex 80.1615 -32.1615 35.6
      vertex 80.8674 -33.1771 35.6
    endloop
  endfacet
  facet normal -0 0 1
    outer loop
      vertex 79.8966 -32.4718 35.6
      vertex 80.8674 -33.1771 35.6
      vertex 80.1615 -32.1615 35.6
    endloop
  endfacet
  facet normal -0 0 1
    outer loop
      vertex 79.6834 -32.8196 35.6
      vertex 80.7526 -33.3644 35.6
      vertex 79.8966 -32.4718 35.6
    endloop
  endfacet
  facet normal 0 0 1
    outer loop
      vertex 80.8674 -33.1771 35.6
      vertex 79.8966 -32.4718 35.6
      vertex 80.7526 -33.3644 35.6
    endloop
  endfacet
  facet normal 0 0 1
    outer loop
      vertex 84.3166 -35.1804 35.6
      vertex 83.2474 -34.6356 35.6
      vertex 84.1034 -35.5282 35.6
    endloop
  endfacet
  facet normal -0 0 1
    outer loop
      vertex 83.1326 -34.8229 35.6
      vertex 84.1034 -35.5282 35.6
      vertex 83.2474 -34.6356 35.6
    endloop
  endfacet
  facet normal 0 0 1
    outer loop
      vertex 84.1034 -35.5282 35.6
      vertex 83.1326 -34.8229 35.6
      vertex 83.8385 -35.8385 35.6
    endloop
  endfacet
  facet normal -0 0 1
    outer loop
      vertex 82.99 -34.9899 35.6
      vertex 83.8385 -35.8385 35.6
      vertex 83.1326 -34.8229 35.6
    endloop
  endfacet
  facet normal 0 0 1
    outer loop
      vertex 83.8385 -35.8385 35.6
      vertex 82.99 -34.9899 35.6
      vertex 83.5282 -36.1034 35.6
    endloop
  endfacet
  facet normal -0 0 1
    outer loop
      vertex 82.8229 -35.1326 35.6
      vertex 83.5282 -36.1034 35.6
      vertex 82.99 -34.9899 35.6
    endloop
  endfacet
  facet normal 0 0 1
    outer loop
      vertex 83.5282 -36.1034 35.6
      vertex 82.8229 -35.1326 35.6
      vertex 83.1804 -36.3166 35.6
    endloop
  endfacet
  facet normal -0 0 1
    outer loop
      vertex 82.6356 -35.2474 35.6
      vertex 83.1804 -36.3166 35.6
      vertex 82.8229 -35.1326 35.6
    endloop
  endfacet
  facet normal 0 0 1
    outer loop
      vertex 83.1804 -36.3166 35.6
      vertex 82.6356 -35.2474 35.6
      vertex 82.8034 -36.4727 35.6
    endloop
  endfacet
  facet normal -0 0 1
    outer loop
      vertex 82.4326 -35.3315 35.6
      vertex 82.8034 -36.4727 35.6
      vertex 82.6356 -35.2474 35.6
    endloop
  endfacet
  facet normal 0 0 1
    outer loop
      vertex 82.4326 -35.3315 35.6
      vertex 82.4067 -36.568 35.6
      vertex 82.8034 -36.4727 35.6
    endloop
  endfacet
  facet normal -0 0 1
    outer loop
      vertex 82.219 -35.3828 35.6
      vertex 82.4067 -36.568 35.6
      vertex 82.4326 -35.3315 35.6
    endloop
  endfacet
  facet normal -0 0 1
    outer loop
      vertex 82 -35.4 35.6
      vertex 82.4067 -36.568 35.6
      vertex 82.219 -35.3828 35.6
    endloop
  endfacet
  facet normal 0 0 1
    outer loop
      vertex 82 -35.4 35.6
      vertex 82 -36.6 35.6
      vertex 82.4067 -36.568 35.6
    endloop
  endfacet
  facet normal 0 0 1
    outer loop
      vertex 81.781 -35.3828 35.6
      vertex 82 -36.6 35.6
      vertex 82 -35.4 35.6
    endloop
  endfacet
  facet normal 0 0 1
    outer loop
      vertex 81.781 -35.3828 35.6
      vertex 81.5933 -36.568 35.6
      vertex 82 -36.6 35.6
    endloop
  endfacet
  facet normal 0 0 1
    outer loop
      vertex 81.5674 -35.3315 35.6
      vertex 81.5933 -36.568 35.6
      vertex 81.781 -35.3828 35.6
    endloop
  endfacet
  facet normal 0 0 1
    outer loop
      vertex 81.1966 -36.4727 35.6
      vertex 81.5674 -35.3315 35.6
      vertex 81.3644 -35.2474 35.6
    endloop
  endfacet
  facet normal 0 0 1
    outer loop
      vertex 81.5674 -35.3315 35.6
      vertex 81.1966 -36.4727 35.6
      vertex 81.5933 -36.568 35.6
    endloop
  endfacet
  facet normal 0 0 1
    outer loop
      vertex 80.8196 -36.3166 35.6
      vertex 81.3644 -35.2474 35.6
      vertex 81.1771 -35.1326 35.6
    endloop
  endfacet
  facet normal 0 0 1
    outer loop
      vertex 80.4718 -36.1034 35.6
      vertex 81.1771 -35.1326 35.6
      vertex 81.01 -34.9899 35.6
    endloop
  endfacet
  facet normal 0 0 1
    outer loop
      vertex 80.1615 -35.8385 35.6
      vertex 81.01 -34.9899 35.6
      vertex 80.8674 -34.8229 35.6
    endloop
  endfacet
  facet normal 0 0 1
    outer loop
      vertex 81.3644 -35.2474 35.6
      vertex 80.8196 -36.3166 35.6
      vertex 81.1966 -36.4727 35.6
    endloop
  endfacet
  facet normal 0 0 1
    outer loop
      vertex 79.8966 -35.5282 35.6
      vertex 80.8674 -34.8229 35.6
      vertex 80.7526 -34.6356 35.6
    endloop
  endfacet
  facet normal 0 0 1
    outer loop
      vertex 79.6834 -35.1804 35.6
      vertex 80.7526 -34.6356 35.6
      vertex 80.6685 -34.4326 35.6
    endloop
  endfacet
  facet normal 0 0 1
    outer loop
      vertex 79.5273 -34.8034 35.6
      vertex 80.6685 -34.4326 35.6
      vertex 80.6172 -34.219 35.6
    endloop
  endfacet
  facet normal 0 0 1
    outer loop
      vertex 81.1771 -35.1326 35.6
      vertex 80.4718 -36.1034 35.6
      vertex 80.8196 -36.3166 35.6
    endloop
  endfacet
  facet normal 0 0 1
    outer loop
      vertex 79.432 -34.4067 35.6
      vertex 80.6172 -34.219 35.6
      vertex 80.6 -34 35.6
    endloop
  endfacet
  facet normal 0 0 1
    outer loop
      vertex 80.7526 -33.3644 35.6
      vertex 79.6834 -32.8196 35.6
      vertex 80.6685 -33.5674 35.6
    endloop
  endfacet
  facet normal -0 0 1
    outer loop
      vertex 79.5273 -33.1966 35.6
      vertex 80.6685 -33.5674 35.6
      vertex 79.6834 -32.8196 35.6
    endloop
  endfacet
  facet normal 0 0 1
    outer loop
      vertex 81.01 -34.9899 35.6
      vertex 80.1615 -35.8385 35.6
      vertex 80.4718 -36.1034 35.6
    endloop
  endfacet
  facet normal 0 0 1
    outer loop
      vertex 80.6685 -33.5674 35.6
      vertex 79.5273 -33.1966 35.6
      vertex 80.6172 -33.781 35.6
    endloop
  endfacet
  facet normal 0 0 1
    outer loop
      vertex 80.8674 -34.8229 35.6
      vertex 79.8966 -35.5282 35.6
      vertex 80.1615 -35.8385 35.6
    endloop
  endfacet
  facet normal -0 0 1
    outer loop
      vertex 79.432 -33.5933 35.6
      vertex 80.6172 -33.781 35.6
      vertex 79.5273 -33.1966 35.6
    endloop
  endfacet
  facet normal 0 0 1
    outer loop
      vertex 80.7526 -34.6356 35.6
      vertex 79.6834 -35.1804 35.6
      vertex 79.8966 -35.5282 35.6
    endloop
  endfacet
  facet normal 0 0 1
    outer loop
      vertex 80.6172 -33.781 35.6
      vertex 79.432 -33.5933 35.6
      vertex 80.6 -34 35.6
    endloop
  endfacet
  facet normal 0 0 1
    outer loop
      vertex 80.6685 -34.4326 35.6
      vertex 79.5273 -34.8034 35.6
      vertex 79.6834 -35.1804 35.6
    endloop
  endfacet
  facet normal 0 0 1
    outer loop
      vertex 79.4 -34 35.6
      vertex 80.6 -34 35.6
      vertex 79.432 -33.5933 35.6
    endloop
  endfacet
  facet normal 0 0 1
    outer loop
      vertex 80.6172 -34.219 35.6
      vertex 79.432 -34.4067 35.6
      vertex 79.5273 -34.8034 35.6
    endloop
  endfacet
  facet normal 0 0 1
    outer loop
      vertex 80.6 -34 35.6
      vertex 79.4 -34 35.6
      vertex 79.432 -34.4067 35.6
    endloop
  endfacet
  facet normal -0.0784396 -0.996919 0
    outer loop
      vertex 82 -31.4 35.6
      vertex 82.4067 -31.432 38
      vertex 82 -31.4 38
    endloop
  endfacet
  facet normal -0.0784396 -0.996919 -0
    outer loop
      vertex 82.4067 -31.432 38
      vertex 82 -31.4 35.6
      vertex 82.4067 -31.432 35.6
    endloop
  endfacet
  facet normal 0.0784396 -0.996919 0
    outer loop
      vertex 81.5933 -31.432 35.6
      vertex 82 -31.4 38
      vertex 81.5933 -31.432 38
    endloop
  endfacet
  facet normal 0.0784396 -0.996919 0
    outer loop
      vertex 82 -31.4 38
      vertex 81.5933 -31.432 35.6
      vertex 82 -31.4 35.6
    endloop
  endfacet
  facet normal 0.92393 0.382561 0
    outer loop
      vertex 79.6834 -35.1804 38
      vertex 79.5273 -34.8034 35.6
      vertex 79.5273 -34.8034 38
    endloop
  endfacet
  facet normal 0.92393 0.382561 0
    outer loop
      vertex 79.5273 -34.8034 35.6
      vertex 79.6834 -35.1804 38
      vertex 79.6834 -35.1804 35.6
    endloop
  endfacet
  facet normal 0.649276 0.760553 -0
    outer loop
      vertex 80.4718 -36.1034 -4
      vertex 80.1615 -35.8385 -1.6
      vertex 80.4718 -36.1034 -1.6
    endloop
  endfacet
  facet normal 0.649276 0.760553 0
    outer loop
      vertex 80.1615 -35.8385 -1.6
      vertex 80.4718 -36.1034 -4
      vertex 80.1615 -35.8385 -4
    endloop
  endfacet
  facet normal -0.972336 -0.233586 0
    outer loop
      vertex 84.568 -33.5933 -4
      vertex 84.4727 -33.1966 -1.6
      vertex 84.4727 -33.1966 -4
    endloop
  endfacet
  facet normal -0.972336 -0.233586 0
    outer loop
      vertex 84.4727 -33.1966 -1.6
      vertex 84.568 -33.5933 -4
      vertex 84.568 -33.5933 -1.6
    endloop
  endfacet
  facet normal 0.972336 0.233586 0
    outer loop
      vertex 79.5273 -34.8034 -1.6
      vertex 79.432 -34.4067 -4
      vertex 79.432 -34.4067 -1.6
    endloop
  endfacet
  facet normal 0.972336 0.233586 0
    outer loop
      vertex 79.432 -34.4067 -4
      vertex 79.5273 -34.8034 -1.6
      vertex 79.5273 -34.8034 -4
    endloop
  endfacet
  facet normal 0.233586 0.972336 -0
    outer loop
      vertex 81.5933 -36.568 -4
      vertex 81.1966 -36.4727 -1.6
      vertex 81.5933 -36.568 -1.6
    endloop
  endfacet
  facet normal 0.233586 0.972336 0
    outer loop
      vertex 81.1966 -36.4727 -1.6
      vertex 81.5933 -36.568 -4
      vertex 81.1966 -36.4727 -4
    endloop
  endfacet
  facet normal 0.52262 -0.852566 0
    outer loop
      vertex 80.4718 -31.8966 -4
      vertex 80.8196 -31.6834 -1.6
      vertex 80.4718 -31.8966 -1.6
    endloop
  endfacet
  facet normal 0.52262 -0.852566 0
    outer loop
      vertex 80.8196 -31.6834 -1.6
      vertex 80.4718 -31.8966 -4
      vertex 80.8196 -31.6834 -4
    endloop
  endfacet
  facet normal 0.996919 0.0784396 0
    outer loop
      vertex 79.432 -34.4067 -1.6
      vertex 79.4 -34 -4
      vertex 79.4 -34 -1.6
    endloop
  endfacet
  facet normal 0.996919 0.0784396 0
    outer loop
      vertex 79.4 -34 -4
      vertex 79.432 -34.4067 -1.6
      vertex 79.432 -34.4067 -4
    endloop
  endfacet
  facet normal 0.0784396 -0.996919 0
    outer loop
      vertex 81.5933 -31.432 -4
      vertex 82 -31.4 -1.6
      vertex 81.5933 -31.432 -1.6
    endloop
  endfacet
  facet normal 0.0784396 -0.996919 0
    outer loop
      vertex 82 -31.4 -1.6
      vertex 81.5933 -31.432 -4
      vertex 82 -31.4 -4
    endloop
  endfacet
  facet normal -0.52262 0.852566 0
    outer loop
      vertex 83.5282 -36.1034 -4
      vertex 83.1804 -36.3166 -1.6
      vertex 83.5282 -36.1034 -1.6
    endloop
  endfacet
  facet normal -0.52262 0.852566 0
    outer loop
      vertex 83.1804 -36.3166 -1.6
      vertex 83.5282 -36.1034 -4
      vertex 83.1804 -36.3166 -4
    endloop
  endfacet
  facet normal 0.233586 -0.972336 0
    outer loop
      vertex 81.1966 -31.5273 -4
      vertex 81.5933 -31.432 -1.6
      vertex 81.1966 -31.5273 -1.6
    endloop
  endfacet
  facet normal 0.233586 -0.972336 0
    outer loop
      vertex 81.5933 -31.432 -1.6
      vertex 81.1966 -31.5273 -4
      vertex 81.5933 -31.432 -4
    endloop
  endfacet
  facet normal -0.852566 0.52262 0
    outer loop
      vertex 84.1034 -35.5282 -4
      vertex 84.3166 -35.1804 -1.6
      vertex 84.3166 -35.1804 -4
    endloop
  endfacet
  facet normal -0.852566 0.52262 0
    outer loop
      vertex 84.3166 -35.1804 -1.6
      vertex 84.1034 -35.5282 -4
      vertex 84.1034 -35.5282 -1.6
    endloop
  endfacet
  facet normal -0.649276 -0.760553 0
    outer loop
      vertex 83.5282 -31.8966 -4
      vertex 83.8385 -32.1615 -1.6
      vertex 83.5282 -31.8966 -1.6
    endloop
  endfacet
  facet normal -0.649276 -0.760553 -0
    outer loop
      vertex 83.8385 -32.1615 -1.6
      vertex 83.5282 -31.8966 -4
      vertex 83.8385 -32.1615 -4
    endloop
  endfacet
  facet normal -0.649276 0.760553 0
    outer loop
      vertex 83.8385 -35.8385 -4
      vertex 83.5282 -36.1034 -1.6
      vertex 83.8385 -35.8385 -1.6
    endloop
  endfacet
  facet normal -0.649276 0.760553 0
    outer loop
      vertex 83.5282 -36.1034 -1.6
      vertex 83.8385 -35.8385 -4
      vertex 83.5282 -36.1034 -4
    endloop
  endfacet
  facet normal 0.52262 0.852566 -0
    outer loop
      vertex 80.8196 -36.3166 -4
      vertex 80.4718 -36.1034 -1.6
      vertex 80.8196 -36.3166 -1.6
    endloop
  endfacet
  facet normal 0.52262 0.852566 0
    outer loop
      vertex 80.4718 -36.1034 -1.6
      vertex 80.8196 -36.3166 -4
      vertex 80.4718 -36.1034 -4
    endloop
  endfacet
  facet normal -0.996919 -0.0784396 0
    outer loop
      vertex 84.6 -34 -4
      vertex 84.568 -33.5933 -1.6
      vertex 84.568 -33.5933 -4
    endloop
  endfacet
  facet normal -0.996919 -0.0784396 0
    outer loop
      vertex 84.568 -33.5933 -1.6
      vertex 84.6 -34 -4
      vertex 84.6 -34 -1.6
    endloop
  endfacet
  facet normal -0.52262 -0.852566 0
    outer loop
      vertex 83.1804 -31.6834 -4
      vertex 83.5282 -31.8966 -1.6
      vertex 83.1804 -31.6834 -1.6
    endloop
  endfacet
  facet normal -0.52262 -0.852566 -0
    outer loop
      vertex 83.5282 -31.8966 -1.6
      vertex 83.1804 -31.6834 -4
      vertex 83.5282 -31.8966 -4
    endloop
  endfacet
  facet normal -0.382561 0.92393 0
    outer loop
      vertex 83.1804 -36.3166 -4
      vertex 82.8034 -36.4727 -1.6
      vertex 83.1804 -36.3166 -1.6
    endloop
  endfacet
  facet normal -0.382561 0.92393 0
    outer loop
      vertex 82.8034 -36.4727 -1.6
      vertex 83.1804 -36.3166 -4
      vertex 82.8034 -36.4727 -4
    endloop
  endfacet
  facet normal -0.760553 0.649276 0
    outer loop
      vertex 83.8385 -35.8385 -4
      vertex 84.1034 -35.5282 -1.6
      vertex 84.1034 -35.5282 -4
    endloop
  endfacet
  facet normal -0.760553 0.649276 0
    outer loop
      vertex 84.1034 -35.5282 -1.6
      vertex 83.8385 -35.8385 -4
      vertex 83.8385 -35.8385 -1.6
    endloop
  endfacet
  facet normal -0.996919 0.0784396 0
    outer loop
      vertex 84.568 -34.4067 -4
      vertex 84.6 -34 -1.6
      vertex 84.6 -34 -4
    endloop
  endfacet
  facet normal -0.996919 0.0784396 0
    outer loop
      vertex 84.6 -34 -1.6
      vertex 84.568 -34.4067 -4
      vertex 84.568 -34.4067 -1.6
    endloop
  endfacet
  facet normal -0.972336 0.233586 0
    outer loop
      vertex 84.4727 -34.8034 -4
      vertex 84.568 -34.4067 -1.6
      vertex 84.568 -34.4067 -4
    endloop
  endfacet
  facet normal -0.972336 0.233586 0
    outer loop
      vertex 84.568 -34.4067 -1.6
      vertex 84.4727 -34.8034 -4
      vertex 84.4727 -34.8034 -1.6
    endloop
  endfacet
  facet normal 0.996919 -0.0784396 0
    outer loop
      vertex 79.4 -34 -1.6
      vertex 79.432 -33.5933 -4
      vertex 79.432 -33.5933 -1.6
    endloop
  endfacet
  facet normal 0.996919 -0.0784396 0
    outer loop
      vertex 79.432 -33.5933 -4
      vertex 79.4 -34 -1.6
      vertex 79.4 -34 -4
    endloop
  endfacet
  facet normal -0.0784396 0.996919 0
    outer loop
      vertex 82.4067 -36.568 -4
      vertex 82 -36.6 -1.6
      vertex 82.4067 -36.568 -1.6
    endloop
  endfacet
  facet normal -0.0784396 0.996919 0
    outer loop
      vertex 82 -36.6 -1.6
      vertex 82.4067 -36.568 -4
      vertex 82 -36.6 -4
    endloop
  endfacet
  facet normal -0.760553 -0.649276 0
    outer loop
      vertex 84.1034 -32.4718 -4
      vertex 83.8385 -32.1615 -1.6
      vertex 83.8385 -32.1615 -4
    endloop
  endfacet
  facet normal -0.760553 -0.649276 0
    outer loop
      vertex 83.8385 -32.1615 -1.6
      vertex 84.1034 -32.4718 -4
      vertex 84.1034 -32.4718 -1.6
    endloop
  endfacet
  facet normal 0.760553 -0.649276 0
    outer loop
      vertex 79.8966 -32.4718 -1.6
      vertex 80.1615 -32.1615 -4
      vertex 80.1615 -32.1615 -1.6
    endloop
  endfacet
  facet normal 0.760553 -0.649276 0
    outer loop
      vertex 80.1615 -32.1615 -4
      vertex 79.8966 -32.4718 -1.6
      vertex 79.8966 -32.4718 -4
    endloop
  endfacet
  facet normal -0.382561 -0.92393 0
    outer loop
      vertex 82.8034 -31.5273 -4
      vertex 83.1804 -31.6834 -1.6
      vertex 82.8034 -31.5273 -1.6
    endloop
  endfacet
  facet normal -0.382561 -0.92393 -0
    outer loop
      vertex 83.1804 -31.6834 -1.6
      vertex 82.8034 -31.5273 -4
      vertex 83.1804 -31.6834 -4
    endloop
  endfacet
  facet normal 0.852566 0.52262 0
    outer loop
      vertex 79.8966 -35.5282 -1.6
      vertex 79.6834 -35.1804 -4
      vertex 79.6834 -35.1804 -1.6
    endloop
  endfacet
  facet normal 0.852566 0.52262 0
    outer loop
      vertex 79.6834 -35.1804 -4
      vertex 79.8966 -35.5282 -1.6
      vertex 79.8966 -35.5282 -4
    endloop
  endfacet
  facet normal 0.972336 -0.233586 0
    outer loop
      vertex 79.432 -33.5933 -1.6
      vertex 79.5273 -33.1966 -4
      vertex 79.5273 -33.1966 -1.6
    endloop
  endfacet
  facet normal 0.972336 -0.233586 0
    outer loop
      vertex 79.5273 -33.1966 -4
      vertex 79.432 -33.5933 -1.6
      vertex 79.432 -33.5933 -4
    endloop
  endfacet
  facet normal -0.852566 -0.52262 0
    outer loop
      vertex 84.3166 -32.8196 -4
      vertex 84.1034 -32.4718 -1.6
      vertex 84.1034 -32.4718 -4
    endloop
  endfacet
  facet normal -0.852566 -0.52262 0
    outer loop
      vertex 84.1034 -32.4718 -1.6
      vertex 84.3166 -32.8196 -4
      vertex 84.3166 -32.8196 -1.6
    endloop
  endfacet
  facet normal 0.649276 -0.760553 0
    outer loop
      vertex 80.1615 -32.1615 -4
      vertex 80.4718 -31.8966 -1.6
      vertex 80.1615 -32.1615 -1.6
    endloop
  endfacet
  facet normal 0.649276 -0.760553 0
    outer loop
      vertex 80.4718 -31.8966 -1.6
      vertex 80.1615 -32.1615 -4
      vertex 80.4718 -31.8966 -4
    endloop
  endfacet
  facet normal -0.233586 -0.972336 0
    outer loop
      vertex 82.4067 -31.432 -4
      vertex 82.8034 -31.5273 -1.6
      vertex 82.4067 -31.432 -1.6
    endloop
  endfacet
  facet normal -0.233586 -0.972336 -0
    outer loop
      vertex 82.8034 -31.5273 -1.6
      vertex 82.4067 -31.432 -4
      vertex 82.8034 -31.5273 -4
    endloop
  endfacet
  facet normal 0.852566 -0.52262 0
    outer loop
      vertex 79.6834 -32.8196 -1.6
      vertex 79.8966 -32.4718 -4
      vertex 79.8966 -32.4718 -1.6
    endloop
  endfacet
  facet normal 0.852566 -0.52262 0
    outer loop
      vertex 79.8966 -32.4718 -4
      vertex 79.6834 -32.8196 -1.6
      vertex 79.6834 -32.8196 -4
    endloop
  endfacet
  facet normal -0.92393 0.382561 0
    outer loop
      vertex 84.3166 -35.1804 -4
      vertex 84.4727 -34.8034 -1.6
      vertex 84.4727 -34.8034 -4
    endloop
  endfacet
  facet normal -0.92393 0.382561 0
    outer loop
      vertex 84.4727 -34.8034 -1.6
      vertex 84.3166 -35.1804 -4
      vertex 84.3166 -35.1804 -1.6
    endloop
  endfacet
  facet normal -0.233586 0.972336 0
    outer loop
      vertex 82.8034 -36.4727 -4
      vertex 82.4067 -36.568 -1.6
      vertex 82.8034 -36.4727 -1.6
    endloop
  endfacet
  facet normal -0.233586 0.972336 0
    outer loop
      vertex 82.4067 -36.568 -1.6
      vertex 82.8034 -36.4727 -4
      vertex 82.4067 -36.568 -4
    endloop
  endfacet
  facet normal 0.382561 -0.92393 0
    outer loop
      vertex 80.8196 -31.6834 -4
      vertex 81.1966 -31.5273 -1.6
      vertex 80.8196 -31.6834 -1.6
    endloop
  endfacet
  facet normal 0.382561 -0.92393 0
    outer loop
      vertex 81.1966 -31.5273 -1.6
      vertex 80.8196 -31.6834 -4
      vertex 81.1966 -31.5273 -4
    endloop
  endfacet
  facet normal -0.92393 -0.382561 0
    outer loop
      vertex 84.4727 -33.1966 -4
      vertex 84.3166 -32.8196 -1.6
      vertex 84.3166 -32.8196 -4
    endloop
  endfacet
  facet normal -0.92393 -0.382561 0
    outer loop
      vertex 84.3166 -32.8196 -1.6
      vertex 84.4727 -33.1966 -4
      vertex 84.4727 -33.1966 -1.6
    endloop
  endfacet
  facet normal 0.760553 0.649276 0
    outer loop
      vertex 80.1615 -35.8385 -1.6
      vertex 79.8966 -35.5282 -4
      vertex 79.8966 -35.5282 -1.6
    endloop
  endfacet
  facet normal 0.760553 0.649276 0
    outer loop
      vertex 79.8966 -35.5282 -4
      vertex 80.1615 -35.8385 -1.6
      vertex 80.1615 -35.8385 -4
    endloop
  endfacet
  facet normal 0.382561 0.92393 -0
    outer loop
      vertex 81.1966 -36.4727 -4
      vertex 80.8196 -36.3166 -1.6
      vertex 81.1966 -36.4727 -1.6
    endloop
  endfacet
  facet normal 0.382561 0.92393 0
    outer loop
      vertex 80.8196 -36.3166 -1.6
      vertex 81.1966 -36.4727 -4
      vertex 80.8196 -36.3166 -4
    endloop
  endfacet
  facet normal 0.92393 -0.382561 0
    outer loop
      vertex 79.5273 -33.1966 -1.6
      vertex 79.6834 -32.8196 -4
      vertex 79.6834 -32.8196 -1.6
    endloop
  endfacet
  facet normal 0.92393 -0.382561 0
    outer loop
      vertex 79.6834 -32.8196 -4
      vertex 79.5273 -33.1966 -1.6
      vertex 79.5273 -33.1966 -4
    endloop
  endfacet
  facet normal 0.0784396 0.996919 -0
    outer loop
      vertex 82 -36.6 -4
      vertex 81.5933 -36.568 -1.6
      vertex 82 -36.6 -1.6
    endloop
  endfacet
  facet normal 0.0784396 0.996919 0
    outer loop
      vertex 81.5933 -36.568 -1.6
      vertex 82 -36.6 -4
      vertex 81.5933 -36.568 -4
    endloop
  endfacet
  facet normal -0.0784396 -0.996919 0
    outer loop
      vertex 82 -31.4 -4
      vertex 82.4067 -31.432 -1.6
      vertex 82 -31.4 -1.6
    endloop
  endfacet
  facet normal -0.0784396 -0.996919 -0
    outer loop
      vertex 82.4067 -31.432 -1.6
      vertex 82 -31.4 -4
      vertex 82.4067 -31.432 -4
    endloop
  endfacet
  facet normal 0 0 -1
    outer loop
      vertex 83.4 -34 -1.6
      vertex 84.6 -34 -1.6
      vertex 84.568 -34.4067 -1.6
    endloop
  endfacet
  facet normal 0 0 -1
    outer loop
      vertex 83.3828 -34.219 -1.6
      vertex 84.568 -34.4067 -1.6
      vertex 84.4727 -34.8034 -1.6
    endloop
  endfacet
  facet normal 0 0 -1
    outer loop
      vertex 84.6 -34 -1.6
      vertex 83.4 -34 -1.6
      vertex 84.568 -33.5933 -1.6
    endloop
  endfacet
  facet normal 0 0 -1
    outer loop
      vertex 83.3315 -34.4326 -1.6
      vertex 84.4727 -34.8034 -1.6
      vertex 84.3166 -35.1804 -1.6
    endloop
  endfacet
  facet normal 0 0 -1
    outer loop
      vertex 83.3828 -33.781 -1.6
      vertex 84.568 -33.5933 -1.6
      vertex 83.4 -34 -1.6
    endloop
  endfacet
  facet normal 0 0 -1
    outer loop
      vertex 83.2474 -34.6356 -1.6
      vertex 84.3166 -35.1804 -1.6
      vertex 84.1034 -35.5282 -1.6
    endloop
  endfacet
  facet normal -0 0 -1
    outer loop
      vertex 84.568 -33.5933 -1.6
      vertex 83.3828 -33.781 -1.6
      vertex 84.4727 -33.1966 -1.6
    endloop
  endfacet
  facet normal 0 0 -1
    outer loop
      vertex 83.1326 -34.8229 -1.6
      vertex 84.1034 -35.5282 -1.6
      vertex 83.8385 -35.8385 -1.6
    endloop
  endfacet
  facet normal 0 0 -1
    outer loop
      vertex 83.3315 -33.5674 -1.6
      vertex 84.4727 -33.1966 -1.6
      vertex 83.3828 -33.781 -1.6
    endloop
  endfacet
  facet normal 0 0 -1
    outer loop
      vertex 82.99 -34.9899 -1.6
      vertex 83.8385 -35.8385 -1.6
      vertex 83.5282 -36.1034 -1.6
    endloop
  endfacet
  facet normal -0 0 -1
    outer loop
      vertex 84.4727 -33.1966 -1.6
      vertex 83.3315 -33.5674 -1.6
      vertex 84.3166 -32.8196 -1.6
    endloop
  endfacet
  facet normal 0 0 -1
    outer loop
      vertex 83.2474 -33.3644 -1.6
      vertex 84.3166 -32.8196 -1.6
      vertex 83.3315 -33.5674 -1.6
    endloop
  endfacet
  facet normal 0 0 -1
    outer loop
      vertex 84.568 -34.4067 -1.6
      vertex 83.3828 -34.219 -1.6
      vertex 83.4 -34 -1.6
    endloop
  endfacet
  facet normal 0 0 -1
    outer loop
      vertex 84.4727 -34.8034 -1.6
      vertex 83.3315 -34.4326 -1.6
      vertex 83.3828 -34.219 -1.6
    endloop
  endfacet
  facet normal 0 0 -1
    outer loop
      vertex 84.3166 -35.1804 -1.6
      vertex 83.2474 -34.6356 -1.6
      vertex 83.3315 -34.4326 -1.6
    endloop
  endfacet
  facet normal 0 0 -1
    outer loop
      vertex 82.8229 -35.1326 -1.6
      vertex 83.5282 -36.1034 -1.6
      vertex 83.1804 -36.3166 -1.6
    endloop
  endfacet
  facet normal 0 0 -1
    outer loop
      vertex 84.1034 -35.5282 -1.6
      vertex 83.1326 -34.8229 -1.6
      vertex 83.2474 -34.6356 -1.6
    endloop
  endfacet
  facet normal 0 0 -1
    outer loop
      vertex 83.8385 -35.8385 -1.6
      vertex 82.99 -34.9899 -1.6
      vertex 83.1326 -34.8229 -1.6
    endloop
  endfacet
  facet normal 0 0 -1
    outer loop
      vertex 83.5282 -36.1034 -1.6
      vertex 82.8229 -35.1326 -1.6
      vertex 82.99 -34.9899 -1.6
    endloop
  endfacet
  facet normal 0 0 -1
    outer loop
      vertex 82.6356 -35.2474 -1.6
      vertex 83.1804 -36.3166 -1.6
      vertex 82.8034 -36.4727 -1.6
    endloop
  endfacet
  facet normal 0 0 -1
    outer loop
      vertex 83.1804 -36.3166 -1.6
      vertex 82.6356 -35.2474 -1.6
      vertex 82.8229 -35.1326 -1.6
    endloop
  endfacet
  facet normal 0 0 -1
    outer loop
      vertex 82.8034 -36.4727 -1.6
      vertex 82.4326 -35.3315 -1.6
      vertex 82.6356 -35.2474 -1.6
    endloop
  endfacet
  facet normal 0 0 -1
    outer loop
      vertex 82.4067 -36.568 -1.6
      vertex 82.4326 -35.3315 -1.6
      vertex 82.8034 -36.4727 -1.6
    endloop
  endfacet
  facet normal 0 0 -1
    outer loop
      vertex 82.4067 -36.568 -1.6
      vertex 82.219 -35.3828 -1.6
      vertex 82.4326 -35.3315 -1.6
    endloop
  endfacet
  facet normal 0 0 -1
    outer loop
      vertex 82 -36.6 -1.6
      vertex 82.219 -35.3828 -1.6
      vertex 82.4067 -36.568 -1.6
    endloop
  endfacet
  facet normal 0 0 -1
    outer loop
      vertex 82 -36.6 -1.6
      vertex 82 -35.4 -1.6
      vertex 82.219 -35.3828 -1.6
    endloop
  endfacet
  facet normal 0 0 -1
    outer loop
      vertex 82 -36.6 -1.6
      vertex 81.781 -35.3828 -1.6
      vertex 82 -35.4 -1.6
    endloop
  endfacet
  facet normal 0 0 -1
    outer loop
      vertex 81.5933 -36.568 -1.6
      vertex 81.781 -35.3828 -1.6
      vertex 82 -36.6 -1.6
    endloop
  endfacet
  facet normal 0 0 -1
    outer loop
      vertex 81.5933 -36.568 -1.6
      vertex 81.5674 -35.3315 -1.6
      vertex 81.781 -35.3828 -1.6
    endloop
  endfacet
  facet normal 0 0 -1
    outer loop
      vertex 81.1966 -36.4727 -1.6
      vertex 81.5674 -35.3315 -1.6
      vertex 81.5933 -36.568 -1.6
    endloop
  endfacet
  facet normal -0 0 -1
    outer loop
      vertex 81.5674 -35.3315 -1.6
      vertex 81.1966 -36.4727 -1.6
      vertex 81.3644 -35.2474 -1.6
    endloop
  endfacet
  facet normal 0 0 -1
    outer loop
      vertex 80.8196 -36.3166 -1.6
      vertex 81.3644 -35.2474 -1.6
      vertex 81.1966 -36.4727 -1.6
    endloop
  endfacet
  facet normal -0 0 -1
    outer loop
      vertex 81.3644 -35.2474 -1.6
      vertex 80.8196 -36.3166 -1.6
      vertex 81.1771 -35.1326 -1.6
    endloop
  endfacet
  facet normal 0 0 -1
    outer loop
      vertex 80.4718 -36.1034 -1.6
      vertex 81.1771 -35.1326 -1.6
      vertex 80.8196 -36.3166 -1.6
    endloop
  endfacet
  facet normal -0 0 -1
    outer loop
      vertex 81.1771 -35.1326 -1.6
      vertex 80.4718 -36.1034 -1.6
      vertex 81.01 -34.9899 -1.6
    endloop
  endfacet
  facet normal 0 0 -1
    outer loop
      vertex 80.1615 -35.8385 -1.6
      vertex 81.01 -34.9899 -1.6
      vertex 80.4718 -36.1034 -1.6
    endloop
  endfacet
  facet normal -0 0 -1
    outer loop
      vertex 81.01 -34.9899 -1.6
      vertex 80.1615 -35.8385 -1.6
      vertex 80.8674 -34.8229 -1.6
    endloop
  endfacet
  facet normal 0 0 -1
    outer loop
      vertex 79.8966 -35.5282 -1.6
      vertex 80.8674 -34.8229 -1.6
      vertex 80.1615 -35.8385 -1.6
    endloop
  endfacet
  facet normal 0 0 -1
    outer loop
      vertex 79.6834 -35.1804 -1.6
      vertex 80.7526 -34.6356 -1.6
      vertex 79.8966 -35.5282 -1.6
    endloop
  endfacet
  facet normal -0 0 -1
    outer loop
      vertex 80.8674 -34.8229 -1.6
      vertex 79.8966 -35.5282 -1.6
      vertex 80.7526 -34.6356 -1.6
    endloop
  endfacet
  facet normal -0 0 -1
    outer loop
      vertex 84.3166 -32.8196 -1.6
      vertex 83.2474 -33.3644 -1.6
      vertex 84.1034 -32.4718 -1.6
    endloop
  endfacet
  facet normal 0 0 -1
    outer loop
      vertex 83.1326 -33.1771 -1.6
      vertex 84.1034 -32.4718 -1.6
      vertex 83.2474 -33.3644 -1.6
    endloop
  endfacet
  facet normal -0 0 -1
    outer loop
      vertex 84.1034 -32.4718 -1.6
      vertex 83.1326 -33.1771 -1.6
      vertex 83.8385 -32.1615 -1.6
    endloop
  endfacet
  facet normal 0 0 -1
    outer loop
      vertex 82.99 -33.01 -1.6
      vertex 83.8385 -32.1615 -1.6
      vertex 83.1326 -33.1771 -1.6
    endloop
  endfacet
  facet normal -0 0 -1
    outer loop
      vertex 83.8385 -32.1615 -1.6
      vertex 82.99 -33.01 -1.6
      vertex 83.5282 -31.8966 -1.6
    endloop
  endfacet
  facet normal 0 0 -1
    outer loop
      vertex 82.8229 -32.8674 -1.6
      vertex 83.5282 -31.8966 -1.6
      vertex 82.99 -33.01 -1.6
    endloop
  endfacet
  facet normal -0 0 -1
    outer loop
      vertex 83.5282 -31.8966 -1.6
      vertex 82.8229 -32.8674 -1.6
      vertex 83.1804 -31.6834 -1.6
    endloop
  endfacet
  facet normal 0 0 -1
    outer loop
      vertex 82.6356 -32.7526 -1.6
      vertex 83.1804 -31.6834 -1.6
      vertex 82.8229 -32.8674 -1.6
    endloop
  endfacet
  facet normal -0 0 -1
    outer loop
      vertex 83.1804 -31.6834 -1.6
      vertex 82.6356 -32.7526 -1.6
      vertex 82.8034 -31.5273 -1.6
    endloop
  endfacet
  facet normal 0 0 -1
    outer loop
      vertex 82.4326 -32.6685 -1.6
      vertex 82.8034 -31.5273 -1.6
      vertex 82.6356 -32.7526 -1.6
    endloop
  endfacet
  facet normal 0 0 -1
    outer loop
      vertex 82.4326 -32.6685 -1.6
      vertex 82.4067 -31.432 -1.6
      vertex 82.8034 -31.5273 -1.6
    endloop
  endfacet
  facet normal 0 0 -1
    outer loop
      vertex 82.219 -32.6172 -1.6
      vertex 82.4067 -31.432 -1.6
      vertex 82.4326 -32.6685 -1.6
    endloop
  endfacet
  facet normal 0 0 -1
    outer loop
      vertex 82 -32.6 -1.6
      vertex 82.4067 -31.432 -1.6
      vertex 82.219 -32.6172 -1.6
    endloop
  endfacet
  facet normal 0 0 -1
    outer loop
      vertex 82 -32.6 -1.6
      vertex 82 -31.4 -1.6
      vertex 82.4067 -31.432 -1.6
    endloop
  endfacet
  facet normal 0 0 -1
    outer loop
      vertex 81.781 -32.6172 -1.6
      vertex 82 -31.4 -1.6
      vertex 82 -32.6 -1.6
    endloop
  endfacet
  facet normal 0 0 -1
    outer loop
      vertex 81.781 -32.6172 -1.6
      vertex 81.5933 -31.432 -1.6
      vertex 82 -31.4 -1.6
    endloop
  endfacet
  facet normal 0 0 -1
    outer loop
      vertex 81.5674 -32.6685 -1.6
      vertex 81.5933 -31.432 -1.6
      vertex 81.781 -32.6172 -1.6
    endloop
  endfacet
  facet normal 0 0 -1
    outer loop
      vertex 81.1966 -31.5273 -1.6
      vertex 81.5674 -32.6685 -1.6
      vertex 81.3644 -32.7526 -1.6
    endloop
  endfacet
  facet normal 0 0 -1
    outer loop
      vertex 81.5674 -32.6685 -1.6
      vertex 81.1966 -31.5273 -1.6
      vertex 81.5933 -31.432 -1.6
    endloop
  endfacet
  facet normal 0 0 -1
    outer loop
      vertex 80.8196 -31.6834 -1.6
      vertex 81.3644 -32.7526 -1.6
      vertex 81.1771 -32.8674 -1.6
    endloop
  endfacet
  facet normal 0 0 -1
    outer loop
      vertex 80.4718 -31.8966 -1.6
      vertex 81.1771 -32.8674 -1.6
      vertex 81.01 -33.01 -1.6
    endloop
  endfacet
  facet normal 0 0 -1
    outer loop
      vertex 80.1615 -32.1615 -1.6
      vertex 81.01 -33.01 -1.6
      vertex 80.8674 -33.1771 -1.6
    endloop
  endfacet
  facet normal 0 0 -1
    outer loop
      vertex 81.3644 -32.7526 -1.6
      vertex 80.8196 -31.6834 -1.6
      vertex 81.1966 -31.5273 -1.6
    endloop
  endfacet
  facet normal 0 0 -1
    outer loop
      vertex 79.8966 -32.4718 -1.6
      vertex 80.8674 -33.1771 -1.6
      vertex 80.7526 -33.3644 -1.6
    endloop
  endfacet
  facet normal 0 0 -1
    outer loop
      vertex 79.6834 -32.8196 -1.6
      vertex 80.7526 -33.3644 -1.6
      vertex 80.6685 -33.5674 -1.6
    endloop
  endfacet
  facet normal 0 0 -1
    outer loop
      vertex 79.5273 -33.1966 -1.6
      vertex 80.6685 -33.5674 -1.6
      vertex 80.6172 -33.781 -1.6
    endloop
  endfacet
  facet normal 0 0 -1
    outer loop
      vertex 81.1771 -32.8674 -1.6
      vertex 80.4718 -31.8966 -1.6
      vertex 80.8196 -31.6834 -1.6
    endloop
  endfacet
  facet normal 0 0 -1
    outer loop
      vertex 79.432 -33.5933 -1.6
      vertex 80.6172 -33.781 -1.6
      vertex 80.6 -34 -1.6
    endloop
  endfacet
  facet normal -0 0 -1
    outer loop
      vertex 80.7526 -34.6356 -1.6
      vertex 79.6834 -35.1804 -1.6
      vertex 80.6685 -34.4326 -1.6
    endloop
  endfacet
  facet normal 0 0 -1
    outer loop
      vertex 79.5273 -34.8034 -1.6
      vertex 80.6685 -34.4326 -1.6
      vertex 79.6834 -35.1804 -1.6
    endloop
  endfacet
  facet normal 0 0 -1
    outer loop
      vertex 81.01 -33.01 -1.6
      vertex 80.1615 -32.1615 -1.6
      vertex 80.4718 -31.8966 -1.6
    endloop
  endfacet
  facet normal -0 0 -1
    outer loop
      vertex 80.6685 -34.4326 -1.6
      vertex 79.5273 -34.8034 -1.6
      vertex 80.6172 -34.219 -1.6
    endloop
  endfacet
  facet normal 0 0 -1
    outer loop
      vertex 80.8674 -33.1771 -1.6
      vertex 79.8966 -32.4718 -1.6
      vertex 80.1615 -32.1615 -1.6
    endloop
  endfacet
  facet normal 0 0 -1
    outer loop
      vertex 79.432 -34.4067 -1.6
      vertex 80.6172 -34.219 -1.6
      vertex 79.5273 -34.8034 -1.6
    endloop
  endfacet
  facet normal 0 0 -1
    outer loop
      vertex 80.7526 -33.3644 -1.6
      vertex 79.6834 -32.8196 -1.6
      vertex 79.8966 -32.4718 -1.6
    endloop
  endfacet
  facet normal -0 0 -1
    outer loop
      vertex 80.6172 -34.219 -1.6
      vertex 79.432 -34.4067 -1.6
      vertex 80.6 -34 -1.6
    endloop
  endfacet
  facet normal 0 0 -1
    outer loop
      vertex 80.6685 -33.5674 -1.6
      vertex 79.5273 -33.1966 -1.6
      vertex 79.6834 -32.8196 -1.6
    endloop
  endfacet
  facet normal 0 0 -1
    outer loop
      vertex 79.4 -34 -1.6
      vertex 80.6 -34 -1.6
      vertex 79.432 -34.4067 -1.6
    endloop
  endfacet
  facet normal 0 0 -1
    outer loop
      vertex 80.6172 -33.781 -1.6
      vertex 79.432 -33.5933 -1.6
      vertex 79.5273 -33.1966 -1.6
    endloop
  endfacet
  facet normal 0 0 -1
    outer loop
      vertex 80.6 -34 -1.6
      vertex 79.4 -34 -1.6
      vertex 79.432 -33.5933 -1.6
    endloop
  endfacet
  facet normal 0.92393 0.382561 0
    outer loop
      vertex 79.6834 -35.1804 -1.6
      vertex 79.5273 -34.8034 -4
      vertex 79.5273 -34.8034 -1.6
    endloop
  endfacet
  facet normal 0.92393 0.382561 0
    outer loop
      vertex 79.5273 -34.8034 -4
      vertex 79.6834 -35.1804 -1.6
      vertex 79.6834 -35.1804 -4
    endloop
  endfacet
  facet normal 1 0 0
    outer loop
      vertex 96 -22.4 3.6
      vertex 96 -24.3 0.599999
      vertex 96 -22.4 -2.4
    endloop
  endfacet
  facet normal 1 0 0
    outer loop
      vertex 96 -22.4 3.6
      vertex 96 -24.3135 0.772078
      vertex 96 -24.3 0.599999
    endloop
  endfacet
  facet normal 1 0 0
    outer loop
      vertex 96 -22.4 3.6
      vertex 96 -24.3538 0.939919
      vertex 96 -24.3135 0.772078
    endloop
  endfacet
  facet normal 1 0 0
    outer loop
      vertex 96 -22.4 3.6
      vertex 96 -24.4199 1.09939
      vertex 96 -24.3538 0.939919
    endloop
  endfacet
  facet normal 1 0 0
    outer loop
      vertex 96 -22.4 3.6
      vertex 96 -24.5101 1.24656
      vertex 96 -24.4199 1.09939
    endloop
  endfacet
  facet normal 1 0 0
    outer loop
      vertex 96 -22.4 3.6
      vertex 96 -24.6222 1.37782
      vertex 96 -24.5101 1.24656
    endloop
  endfacet
  facet normal 1 0 0
    outer loop
      vertex 96 -22.4 3.6
      vertex 96 -24.7534 1.48992
      vertex 96 -24.6222 1.37782
    endloop
  endfacet
  facet normal 1 0 0
    outer loop
      vertex 96 -22.4 3.6
      vertex 96 -24.9006 1.58011
      vertex 96 -24.7534 1.48992
    endloop
  endfacet
  facet normal 1 0 0
    outer loop
      vertex 96 -22.4 3.6
      vertex 96 -25.0601 1.64616
      vertex 96 -24.9006 1.58011
    endloop
  endfacet
  facet normal 1 0 0
    outer loop
      vertex 96 -22.4 3.6
      vertex 96 -25.2279 1.68646
      vertex 96 -25.0601 1.64616
    endloop
  endfacet
  facet normal 1 0 0
    outer loop
      vertex 96 -22.4 3.6
      vertex 96 -25.4 1.7
      vertex 96 -25.2279 1.68646
    endloop
  endfacet
  facet normal 1 -0 0
    outer loop
      vertex 96 -28.4 3.6
      vertex 96 -25.4 1.7
      vertex 96 -22.4 3.6
    endloop
  endfacet
  facet normal 1 0 0
    outer loop
      vertex 96 -25.4 1.7
      vertex 96 -28.4 3.6
      vertex 96 -25.5721 1.68646
    endloop
  endfacet
  facet normal 1 0 0
    outer loop
      vertex 96 -25.5721 1.68646
      vertex 96 -28.4 3.6
      vertex 96 -25.7399 1.64616
    endloop
  endfacet
  facet normal 1 0 0
    outer loop
      vertex 96 -26.4865 0.772078
      vertex 96 -28.4 3.6
      vertex 96 -26.5 0.599999
    endloop
  endfacet
  facet normal 1 0 0
    outer loop
      vertex 96 -26.4462 0.939919
      vertex 96 -28.4 3.6
      vertex 96 -26.4865 0.772078
    endloop
  endfacet
  facet normal 1 0 0
    outer loop
      vertex 96 -26.3801 1.09939
      vertex 96 -28.4 3.6
      vertex 96 -26.4462 0.939919
    endloop
  endfacet
  facet normal 1 0 0
    outer loop
      vertex 96 -26.2899 1.24656
      vertex 96 -28.4 3.6
      vertex 96 -26.3801 1.09939
    endloop
  endfacet
  facet normal 1 0 0
    outer loop
      vertex 96 -26.1778 1.37782
      vertex 96 -28.4 3.6
      vertex 96 -26.2899 1.24656
    endloop
  endfacet
  facet normal 1 0 0
    outer loop
      vertex 96 -26.0466 1.48992
      vertex 96 -28.4 3.6
      vertex 96 -26.1778 1.37782
    endloop
  endfacet
  facet normal 1 0 0
    outer loop
      vertex 96 -25.8994 1.58011
      vertex 96 -28.4 3.6
      vertex 96 -26.0466 1.48992
    endloop
  endfacet
  facet normal 1 0 0
    outer loop
      vertex 96 -25.7399 1.64616
      vertex 96 -28.4 3.6
      vertex 96 -25.8994 1.58011
    endloop
  endfacet
  facet normal 1 -0 0
    outer loop
      vertex 96 -24.3135 0.427921
      vertex 96 -22.4 -2.4
      vertex 96 -24.3 0.599999
    endloop
  endfacet
  facet normal 1 -0 0
    outer loop
      vertex 96 -24.3538 0.260081
      vertex 96 -22.4 -2.4
      vertex 96 -24.3135 0.427921
    endloop
  endfacet
  facet normal 1 -0 0
    outer loop
      vertex 96 -24.4199 0.10061
      vertex 96 -22.4 -2.4
      vertex 96 -24.3538 0.260081
    endloop
  endfacet
  facet normal 1 -0 0
    outer loop
      vertex 96 -24.5101 -0.0465631
      vertex 96 -22.4 -2.4
      vertex 96 -24.4199 0.10061
    endloop
  endfacet
  facet normal 1 -0 0
    outer loop
      vertex 96 -24.6222 -0.177817
      vertex 96 -22.4 -2.4
      vertex 96 -24.5101 -0.0465631
    endloop
  endfacet
  facet normal 1 -0 0
    outer loop
      vertex 96 -24.7534 -0.289918
      vertex 96 -22.4 -2.4
      vertex 96 -24.6222 -0.177817
    endloop
  endfacet
  facet normal 1 -0 0
    outer loop
      vertex 96 -24.9006 -0.380107
      vertex 96 -22.4 -2.4
      vertex 96 -24.7534 -0.289918
    endloop
  endfacet
  facet normal 1 -0 0
    outer loop
      vertex 96 -25.0601 -0.446161
      vertex 96 -22.4 -2.4
      vertex 96 -24.9006 -0.380107
    endloop
  endfacet
  facet normal 1 -0 0
    outer loop
      vertex 96 -25.2279 -0.486457
      vertex 96 -22.4 -2.4
      vertex 96 -25.0601 -0.446161
    endloop
  endfacet
  facet normal 1 -0 0
    outer loop
      vertex 96 -25.4 -0.5
      vertex 96 -22.4 -2.4
      vertex 96 -25.2279 -0.486457
    endloop
  endfacet
  facet normal 1 0 0
    outer loop
      vertex 96 -28.4 -2.4
      vertex 96 -25.4 -0.5
      vertex 96 -25.5721 -0.486457
    endloop
  endfacet
  facet normal 1 0 0
    outer loop
      vertex 96 -28.4 -2.4
      vertex 96 -25.5721 -0.486457
      vertex 96 -25.7399 -0.446161
    endloop
  endfacet
  facet normal 1 0 0
    outer loop
      vertex 96 -28.4 -2.4
      vertex 96 -25.7399 -0.446161
      vertex 96 -25.8994 -0.380107
    endloop
  endfacet
  facet normal 1 0 0
    outer loop
      vertex 96 -28.4 -2.4
      vertex 96 -26.5 0.599999
      vertex 96 -28.4 3.6
    endloop
  endfacet
  facet normal 1 0 0
    outer loop
      vertex 96 -26.5 0.599999
      vertex 96 -28.4 -2.4
      vertex 96 -26.4865 0.427921
    endloop
  endfacet
  facet normal 1 0 0
    outer loop
      vertex 96 -26.4865 0.427921
      vertex 96 -28.4 -2.4
      vertex 96 -26.4462 0.260081
    endloop
  endfacet
  facet normal 1 0 0
    outer loop
      vertex 96 -25.4 -0.5
      vertex 96 -28.4 -2.4
      vertex 96 -22.4 -2.4
    endloop
  endfacet
  facet normal 1 0 0
    outer loop
      vertex 96 -26.0466 -0.289918
      vertex 96 -28.4 -2.4
      vertex 96 -25.8994 -0.380107
    endloop
  endfacet
  facet normal 1 0 0
    outer loop
      vertex 96 -26.1778 -0.177817
      vertex 96 -28.4 -2.4
      vertex 96 -26.0466 -0.289918
    endloop
  endfacet
  facet normal 1 0 0
    outer loop
      vertex 96 -26.2899 -0.0465631
      vertex 96 -28.4 -2.4
      vertex 96 -26.1778 -0.177817
    endloop
  endfacet
  facet normal 1 0 0
    outer loop
      vertex 96 -26.3801 0.10061
      vertex 96 -28.4 -2.4
      vertex 96 -26.2899 -0.0465631
    endloop
  endfacet
  facet normal 1 0 0
    outer loop
      vertex 96 -26.4462 0.260081
      vertex 96 -28.4 -2.4
      vertex 96 -26.3801 0.10061
    endloop
  endfacet
  facet normal 0 0 1
    outer loop
      vertex 96 -22.4 3.6
      vertex 95.2572 -28.4 3.6
      vertex 96 -28.4 3.6
    endloop
  endfacet
  facet normal -0 0 1
    outer loop
      vertex 88 -22.4 3.6
      vertex 95.2572 -28.4 3.6
      vertex 96 -22.4 3.6
    endloop
  endfacet
  facet normal 0 0 1
    outer loop
      vertex 95.2572 -28.4 3.6
      vertex 88 -22.4 3.6
      vertex 88 -28.4 3.6
    endloop
  endfacet
  facet normal -1 0 0
    outer loop
      vertex 88 -22.4 -2.4
      vertex 88 -24.3 0.599999
      vertex 88 -22.4 3.6
    endloop
  endfacet
  facet normal -1 0 0
    outer loop
      vertex 88 -22.4 -2.4
      vertex 88 -24.3135 0.427921
      vertex 88 -24.3 0.599999
    endloop
  endfacet
  facet normal -1 0 0
    outer loop
      vertex 88 -22.4 -2.4
      vertex 88 -24.3538 0.260081
      vertex 88 -24.3135 0.427921
    endloop
  endfacet
  facet normal -1 0 0
    outer loop
      vertex 88 -22.4 -2.4
      vertex 88 -24.4199 0.10061
      vertex 88 -24.3538 0.260081
    endloop
  endfacet
  facet normal -1 0 0
    outer loop
      vertex 88 -22.4 -2.4
      vertex 88 -24.5101 -0.0465631
      vertex 88 -24.4199 0.10061
    endloop
  endfacet
  facet normal -1 0 0
    outer loop
      vertex 88 -22.4 -2.4
      vertex 88 -24.6222 -0.177817
      vertex 88 -24.5101 -0.0465631
    endloop
  endfacet
  facet normal -1 0 0
    outer loop
      vertex 88 -22.4 -2.4
      vertex 88 -24.7534 -0.289918
      vertex 88 -24.6222 -0.177817
    endloop
  endfacet
  facet normal -1 0 0
    outer loop
      vertex 88 -22.4 -2.4
      vertex 88 -24.9006 -0.380107
      vertex 88 -24.7534 -0.289918
    endloop
  endfacet
  facet normal -1 0 0
    outer loop
      vertex 88 -22.4 -2.4
      vertex 88 -25.0601 -0.446161
      vertex 88 -24.9006 -0.380107
    endloop
  endfacet
  facet normal -1 0 0
    outer loop
      vertex 88 -22.4 -2.4
      vertex 88 -25.2279 -0.486457
      vertex 88 -25.0601 -0.446161
    endloop
  endfacet
  facet normal -1 0 0
    outer loop
      vertex 88 -27.33 -2.4
      vertex 88 -25.2279 -0.486457
      vertex 88 -22.4 -2.4
    endloop
  endfacet
  facet normal -1 0 0
    outer loop
      vertex 88 -25.2279 -0.486457
      vertex 88 -27.33 -2.4
      vertex 88 -25.4 -0.5
    endloop
  endfacet
  facet normal -1 -0 0
    outer loop
      vertex 88 -25.4 -0.5
      vertex 88 -27.33 -2.4
      vertex 88 -25.5721 -0.486457
    endloop
  endfacet
  facet normal -1 -0 0
    outer loop
      vertex 88 -25.5721 -0.486457
      vertex 88 -27.33 -2.4
      vertex 88 -25.7399 -0.446161
    endloop
  endfacet
  facet normal -1 -0 0
    outer loop
      vertex 88 -26.4462 0.260081
      vertex 88 -28.4 -1.33003
      vertex 88 -26.4865 0.427921
    endloop
  endfacet
  facet normal -1 -0 0
    outer loop
      vertex 88 -26.3801 0.10061
      vertex 88 -28.4 -1.33003
      vertex 88 -26.4462 0.260081
    endloop
  endfacet
  facet normal -1 -0 0
    outer loop
      vertex 88 -26.2899 -0.0465631
      vertex 88 -28.4 -1.33003
      vertex 88 -26.3801 0.10061
    endloop
  endfacet
  facet normal -1 -0 0
    outer loop
      vertex 88 -26.1778 -0.177817
      vertex 88 -28.4 -1.33003
      vertex 88 -26.2899 -0.0465631
    endloop
  endfacet
  facet normal -1 0 0
    outer loop
      vertex 88 -28.4 -1.33003
      vertex 88 -26.1778 -0.177817
      vertex 88 -27.33 -2.4
    endloop
  endfacet
  facet normal -1 -0 0
    outer loop
      vertex 88 -26.0466 -0.289918
      vertex 88 -27.33 -2.4
      vertex 88 -26.1778 -0.177817
    endloop
  endfacet
  facet normal -1 -0 0
    outer loop
      vertex 88 -25.8994 -0.380107
      vertex 88 -27.33 -2.4
      vertex 88 -26.0466 -0.289918
    endloop
  endfacet
  facet normal -1 -0 0
    outer loop
      vertex 88 -25.7399 -0.446161
      vertex 88 -27.33 -2.4
      vertex 88 -25.8994 -0.380107
    endloop
  endfacet
  facet normal -1 0 0
    outer loop
      vertex 88 -24.3135 0.772078
      vertex 88 -22.4 3.6
      vertex 88 -24.3 0.599999
    endloop
  endfacet
  facet normal -1 0 0
    outer loop
      vertex 88 -24.3538 0.939919
      vertex 88 -22.4 3.6
      vertex 88 -24.3135 0.772078
    endloop
  endfacet
  facet normal -1 0 0
    outer loop
      vertex 88 -24.4199 1.09939
      vertex 88 -22.4 3.6
      vertex 88 -24.3538 0.939919
    endloop
  endfacet
  facet normal -1 0 0
    outer loop
      vertex 88 -24.5101 1.24656
      vertex 88 -22.4 3.6
      vertex 88 -24.4199 1.09939
    endloop
  endfacet
  facet normal -1 0 0
    outer loop
      vertex 88 -24.6222 1.37782
      vertex 88 -22.4 3.6
      vertex 88 -24.5101 1.24656
    endloop
  endfacet
  facet normal -1 0 0
    outer loop
      vertex 88 -24.7534 1.48992
      vertex 88 -22.4 3.6
      vertex 88 -24.6222 1.37782
    endloop
  endfacet
  facet normal -1 0 0
    outer loop
      vertex 88 -24.9006 1.58011
      vertex 88 -22.4 3.6
      vertex 88 -24.7534 1.48992
    endloop
  endfacet
  facet normal -1 0 0
    outer loop
      vertex 88 -25.0601 1.64616
      vertex 88 -22.4 3.6
      vertex 88 -24.9006 1.58011
    endloop
  endfacet
  facet normal -1 0 0
    outer loop
      vertex 88 -25.2279 1.68646
      vertex 88 -22.4 3.6
      vertex 88 -25.0601 1.64616
    endloop
  endfacet
  facet normal -1 0 0
    outer loop
      vertex 88 -25.4 1.7
      vertex 88 -22.4 3.6
      vertex 88 -25.2279 1.68646
    endloop
  endfacet
  facet normal -1 0 0
    outer loop
      vertex 88 -28.4 3.6
      vertex 88 -25.4 1.7
      vertex 88 -25.5721 1.68646
    endloop
  endfacet
  facet normal -1 0 0
    outer loop
      vertex 88 -28.4 3.6
      vertex 88 -25.5721 1.68646
      vertex 88 -25.7399 1.64616
    endloop
  endfacet
  facet normal -1 0 0
    outer loop
      vertex 88 -28.4 3.6
      vertex 88 -25.7399 1.64616
      vertex 88 -25.8994 1.58011
    endloop
  endfacet
  facet normal -1 -0 0
    outer loop
      vertex 88 -26.4865 0.427921
      vertex 88 -28.4 -1.33003
      vertex 88 -26.5 0.599999
    endloop
  endfacet
  facet normal -1 -0 0
    outer loop
      vertex 88 -26.5 0.599999
      vertex 88 -28.4 -1.33003
      vertex 88 -26.4865 0.772078
    endloop
  endfacet
  facet normal -1 0 0
    outer loop
      vertex 88 -28.4 -1.33003
      vertex 88 -27.33 -2.4
      vertex 88 -28.4 -2.4
    endloop
  endfacet
  facet normal -1 0 0
    outer loop
      vertex 88 -28.4 3.6
      vertex 88 -26.4865 0.772078
      vertex 88 -28.4 -1.33003
    endloop
  endfacet
  facet normal -1 0 0
    outer loop
      vertex 88 -26.4865 0.772078
      vertex 88 -28.4 3.6
      vertex 88 -26.4462 0.939919
    endloop
  endfacet
  facet normal -1 0 0
    outer loop
      vertex 88 -26.4462 0.939919
      vertex 88 -28.4 3.6
      vertex 88 -26.3801 1.09939
    endloop
  endfacet
  facet normal -1 0 0
    outer loop
      vertex 88 -25.4 1.7
      vertex 88 -28.4 3.6
      vertex 88 -22.4 3.6
    endloop
  endfacet
  facet normal -1 0 0
    outer loop
      vertex 88 -26.0466 1.48992
      vertex 88 -28.4 3.6
      vertex 88 -25.8994 1.58011
    endloop
  endfacet
  facet normal -1 0 0
    outer loop
      vertex 88 -26.1778 1.37782
      vertex 88 -28.4 3.6
      vertex 88 -26.0466 1.48992
    endloop
  endfacet
  facet normal -1 0 0
    outer loop
      vertex 88 -26.2899 1.24656
      vertex 88 -28.4 3.6
      vertex 88 -26.1778 1.37782
    endloop
  endfacet
  facet normal -1 0 0
    outer loop
      vertex 88 -26.3801 1.09939
      vertex 88 -28.4 3.6
      vertex 88 -26.2899 1.24656
    endloop
  endfacet
  facet normal 0 1 0
    outer loop
      vertex 95.33 -22.4 -2.4
      vertex 96 -22.4 3.6
      vertex 96 -22.4 -2.4
    endloop
  endfacet
  facet normal 0 1 0
    outer loop
      vertex 96 -22.4 3.6
      vertex 95.33 -22.4 -2.4
      vertex 88 -22.4 3.6
    endloop
  endfacet
  facet normal 0 1 0
    outer loop
      vertex 88 -22.4 3.6
      vertex 95.33 -22.4 -2.4
      vertex 88 -22.4 -2.4
    endloop
  endfacet
  facet normal 0 -0.649601 0.760275
    outer loop
      vertex 88 -24.6222 -0.177817
      vertex 96 -24.7534 -0.289918
      vertex 96 -24.6222 -0.177817
    endloop
  endfacet
  facet normal 0 -0.649601 0.760275
    outer loop
      vertex 96 -24.7534 -0.289918
      vertex 88 -24.6222 -0.177817
      vertex 88 -24.7534 -0.289918
    endloop
  endfacet
  facet normal 0 -0.233504 0.972356
    outer loop
      vertex 88 -25.0601 -0.446161
      vertex 96 -25.2279 -0.486457
      vertex 96 -25.0601 -0.446161
    endloop
  endfacet
  facet normal 0 -0.233504 0.972356
    outer loop
      vertex 96 -25.2279 -0.486457
      vertex 88 -25.0601 -0.446161
      vertex 88 -25.2279 -0.486457
    endloop
  endfacet
  facet normal -0 0.649601 0.760275
    outer loop
      vertex 88 -26.0466 -0.289918
      vertex 96 -26.1778 -0.177817
      vertex 96 -26.0466 -0.289918
    endloop
  endfacet
  facet normal 0 0.649601 0.760275
    outer loop
      vertex 96 -26.1778 -0.177817
      vertex 88 -26.0466 -0.289918
      vertex 88 -26.1778 -0.177817
    endloop
  endfacet
  facet normal 0 0.0784328 -0.996919
    outer loop
      vertex 88 -25.5721 1.68646
      vertex 96 -25.4 1.7
      vertex 96 -25.5721 1.68646
    endloop
  endfacet
  facet normal 0 0.0784328 -0.996919
    outer loop
      vertex 96 -25.4 1.7
      vertex 88 -25.5721 1.68646
      vertex 88 -25.4 1.7
    endloop
  endfacet
  facet normal 0 -0.76041 0.649443
    outer loop
      vertex 88 -24.6222 -0.177817
      vertex 96 -24.5101 -0.0465631
      vertex 88 -24.5101 -0.0465631
    endloop
  endfacet
  facet normal 0 -0.76041 0.649443
    outer loop
      vertex 96 -24.5101 -0.0465631
      vertex 88 -24.6222 -0.177817
      vertex 96 -24.6222 -0.177817
    endloop
  endfacet
  facet normal 0 0.996937 0.0782125
    outer loop
      vertex 96 -26.4865 0.427921
      vertex 88 -26.5 0.599999
      vertex 96 -26.5 0.599999
    endloop
  endfacet
  facet normal 0 0.996937 0.0782125
    outer loop
      vertex 88 -26.5 0.599999
      vertex 96 -26.4865 0.427921
      vertex 88 -26.4865 0.427921
    endloop
  endfacet
  facet normal 0 0.522438 -0.852677
    outer loop
      vertex 88 -26.0466 1.48992
      vertex 96 -25.8994 1.58011
      vertex 96 -26.0466 1.48992
    endloop
  endfacet
  facet normal 0 0.522438 -0.852677
    outer loop
      vertex 96 -25.8994 1.58011
      vertex 88 -26.0466 1.48992
      vertex 88 -25.8994 1.58011
    endloop
  endfacet
  facet normal 0 -0.0784501 0.996918
    outer loop
      vertex 88 -25.2279 -0.486457
      vertex 96 -25.4 -0.5
      vertex 96 -25.2279 -0.486457
    endloop
  endfacet
  facet normal 0 -0.0784501 0.996918
    outer loop
      vertex 96 -25.4 -0.5
      vertex 88 -25.2279 -0.486457
      vertex 88 -25.4 -0.5
    endloop
  endfacet
  facet normal 0 0.923787 0.382906
    outer loop
      vertex 96 -26.3801 0.10061
      vertex 88 -26.4462 0.260081
      vertex 96 -26.4462 0.260081
    endloop
  endfacet
  facet normal 0 0.923787 0.382906
    outer loop
      vertex 88 -26.4462 0.260081
      vertex 96 -26.3801 0.10061
      vertex 88 -26.3801 0.10061
    endloop
  endfacet
  facet normal 0 -0.233526 -0.97235
    outer loop
      vertex 88 -25.2279 1.68646
      vertex 96 -25.0601 1.64616
      vertex 96 -25.2279 1.68646
    endloop
  endfacet
  facet normal -0 -0.233526 -0.97235
    outer loop
      vertex 96 -25.0601 1.64616
      vertex 88 -25.2279 1.68646
      vertex 88 -25.0601 1.64616
    endloop
  endfacet
  facet normal 0 -0.382599 -0.923914
    outer loop
      vertex 88 -25.0601 1.64616
      vertex 96 -24.9006 1.58011
      vertex 96 -25.0601 1.64616
    endloop
  endfacet
  facet normal -0 -0.382599 -0.923914
    outer loop
      vertex 96 -24.9006 1.58011
      vertex 88 -25.0601 1.64616
      vertex 88 -24.9006 1.58011
    endloop
  endfacet
  facet normal 0 0.76041 0.649443
    outer loop
      vertex 96 -26.1778 -0.177817
      vertex 88 -26.2899 -0.0465631
      vertex 96 -26.2899 -0.0465631
    endloop
  endfacet
  facet normal 0 0.76041 0.649443
    outer loop
      vertex 88 -26.2899 -0.0465631
      vertex 96 -26.1778 -0.177817
      vertex 88 -26.1778 -0.177817
    endloop
  endfacet
  facet normal -0 0.522434 0.85268
    outer loop
      vertex 88 -25.8994 -0.380107
      vertex 96 -26.0466 -0.289918
      vertex 96 -25.8994 -0.380107
    endloop
  endfacet
  facet normal 0 0.522434 0.85268
    outer loop
      vertex 96 -26.0466 -0.289918
      vertex 88 -25.8994 -0.380107
      vertex 88 -26.0466 -0.289918
    endloop
  endfacet
  facet normal 0 -0.996937 -0.078212
    outer loop
      vertex 88 -24.3 0.599999
      vertex 96 -24.3135 0.772078
      vertex 88 -24.3135 0.772078
    endloop
  endfacet
  facet normal 0 -0.996937 -0.078212
    outer loop
      vertex 96 -24.3135 0.772078
      vertex 88 -24.3 0.599999
      vertex 96 -24.3 0.599999
    endloop
  endfacet
  facet normal 0 -0.382619 0.923906
    outer loop
      vertex 88 -24.9006 -0.380107
      vertex 96 -25.0601 -0.446161
      vertex 96 -24.9006 -0.380107
    endloop
  endfacet
  facet normal 0 -0.382619 0.923906
    outer loop
      vertex 96 -25.0601 -0.446161
      vertex 88 -24.9006 -0.380107
      vertex 88 -25.0601 -0.446161
    endloop
  endfacet
  facet normal 0 -0.852609 0.52255
    outer loop
      vertex 88 -24.5101 -0.0465631
      vertex 96 -24.4199 0.10061
      vertex 88 -24.4199 0.10061
    endloop
  endfacet
  facet normal 0 -0.852609 0.52255
    outer loop
      vertex 96 -24.4199 0.10061
      vertex 88 -24.5101 -0.0465631
      vertex 96 -24.5101 -0.0465631
    endloop
  endfacet
  facet normal 0 -0.649598 -0.760278
    outer loop
      vertex 88 -24.7534 1.48992
      vertex 96 -24.6222 1.37782
      vertex 96 -24.7534 1.48992
    endloop
  endfacet
  facet normal -0 -0.649598 -0.760278
    outer loop
      vertex 96 -24.6222 1.37782
      vertex 88 -24.7534 1.48992
      vertex 88 -24.6222 1.37782
    endloop
  endfacet
  facet normal 0 -0.0784328 -0.996919
    outer loop
      vertex 88 -25.4 1.7
      vertex 96 -25.2279 1.68646
      vertex 96 -25.4 1.7
    endloop
  endfacet
  facet normal -0 -0.0784328 -0.996919
    outer loop
      vertex 96 -25.2279 1.68646
      vertex 88 -25.4 1.7
      vertex 88 -25.2279 1.68646
    endloop
  endfacet
  facet normal 0 -0.972363 0.233474
    outer loop
      vertex 88 -24.3538 0.260081
      vertex 96 -24.3135 0.427921
      vertex 88 -24.3135 0.427921
    endloop
  endfacet
  facet normal 0 -0.972363 0.233474
    outer loop
      vertex 96 -24.3135 0.427921
      vertex 88 -24.3538 0.260081
      vertex 96 -24.3538 0.260081
    endloop
  endfacet
  facet normal 0 -0.923787 0.382906
    outer loop
      vertex 88 -24.4199 0.10061
      vertex 96 -24.3538 0.260081
      vertex 88 -24.3538 0.260081
    endloop
  endfacet
  facet normal 0 -0.923787 0.382906
    outer loop
      vertex 96 -24.3538 0.260081
      vertex 88 -24.4199 0.10061
      vertex 96 -24.4199 0.10061
    endloop
  endfacet
  facet normal -0 0.0784501 0.996918
    outer loop
      vertex 88 -25.4 -0.5
      vertex 96 -25.5721 -0.486457
      vertex 96 -25.4 -0.5
    endloop
  endfacet
  facet normal 0 0.0784501 0.996918
    outer loop
      vertex 96 -25.5721 -0.486457
      vertex 88 -25.4 -0.5
      vertex 88 -25.5721 -0.486457
    endloop
  endfacet
  facet normal 0 0.852609 0.52255
    outer loop
      vertex 96 -26.2899 -0.0465631
      vertex 88 -26.3801 0.10061
      vertex 96 -26.3801 0.10061
    endloop
  endfacet
  facet normal 0 0.852609 0.52255
    outer loop
      vertex 88 -26.3801 0.10061
      vertex 96 -26.2899 -0.0465631
      vertex 88 -26.2899 -0.0465631
    endloop
  endfacet
  facet normal 0 0.972363 0.233474
    outer loop
      vertex 96 -26.4462 0.260081
      vertex 88 -26.4865 0.427921
      vertex 96 -26.4865 0.427921
    endloop
  endfacet
  facet normal 0 0.972363 0.233474
    outer loop
      vertex 88 -26.4865 0.427921
      vertex 96 -26.4462 0.260081
      vertex 88 -26.4462 0.260081
    endloop
  endfacet
  facet normal 0 -0.522434 0.85268
    outer loop
      vertex 88 -24.7534 -0.289918
      vertex 96 -24.9006 -0.380107
      vertex 96 -24.7534 -0.289918
    endloop
  endfacet
  facet normal 0 -0.522434 0.85268
    outer loop
      vertex 96 -24.9006 -0.380107
      vertex 88 -24.7534 -0.289918
      vertex 88 -24.9006 -0.380107
    endloop
  endfacet
  facet normal 0 0.233526 -0.97235
    outer loop
      vertex 88 -25.7399 1.64616
      vertex 96 -25.5721 1.68646
      vertex 96 -25.7399 1.64616
    endloop
  endfacet
  facet normal 0 0.233526 -0.97235
    outer loop
      vertex 96 -25.5721 1.68646
      vertex 88 -25.7399 1.64616
      vertex 88 -25.5721 1.68646
    endloop
  endfacet
  facet normal 0 -0.760425 -0.649426
    outer loop
      vertex 88 -24.5101 1.24656
      vertex 96 -24.6222 1.37782
      vertex 88 -24.6222 1.37782
    endloop
  endfacet
  facet normal 0 -0.760425 -0.649426
    outer loop
      vertex 96 -24.6222 1.37782
      vertex 88 -24.5101 1.24656
      vertex 96 -24.5101 1.24656
    endloop
  endfacet
  facet normal 0 -0.852604 -0.522558
    outer loop
      vertex 88 -24.4199 1.09939
      vertex 96 -24.5101 1.24656
      vertex 88 -24.5101 1.24656
    endloop
  endfacet
  facet normal 0 -0.852604 -0.522558
    outer loop
      vertex 96 -24.5101 1.24656
      vertex 88 -24.4199 1.09939
      vertex 96 -24.4199 1.09939
    endloop
  endfacet
  facet normal 0 -0.522438 -0.852677
    outer loop
      vertex 88 -24.9006 1.58011
      vertex 96 -24.7534 1.48992
      vertex 96 -24.9006 1.58011
    endloop
  endfacet
  facet normal -0 -0.522438 -0.852677
    outer loop
      vertex 96 -24.7534 1.48992
      vertex 88 -24.9006 1.58011
      vertex 88 -24.7534 1.48992
    endloop
  endfacet
  facet normal 0 -0.923787 -0.382906
    outer loop
      vertex 88 -24.3538 0.939919
      vertex 96 -24.4199 1.09939
      vertex 88 -24.4199 1.09939
    endloop
  endfacet
  facet normal 0 -0.923787 -0.382906
    outer loop
      vertex 96 -24.4199 1.09939
      vertex 88 -24.3538 0.939919
      vertex 96 -24.3538 0.939919
    endloop
  endfacet
  facet normal 0 -0.972363 -0.233472
    outer loop
      vertex 88 -24.3135 0.772078
      vertex 96 -24.3538 0.939919
      vertex 88 -24.3538 0.939919
    endloop
  endfacet
  facet normal 0 -0.972363 -0.233472
    outer loop
      vertex 96 -24.3538 0.939919
      vertex 88 -24.3135 0.772078
      vertex 96 -24.3135 0.772078
    endloop
  endfacet
  facet normal 0 0.382599 -0.923914
    outer loop
      vertex 88 -25.8994 1.58011
      vertex 96 -25.7399 1.64616
      vertex 96 -25.8994 1.58011
    endloop
  endfacet
  facet normal 0 0.382599 -0.923914
    outer loop
      vertex 96 -25.7399 1.64616
      vertex 88 -25.8994 1.58011
      vertex 88 -25.7399 1.64616
    endloop
  endfacet
  facet normal -0 0.233504 0.972356
    outer loop
      vertex 88 -25.5721 -0.486457
      vertex 96 -25.7399 -0.446161
      vertex 96 -25.5721 -0.486457
    endloop
  endfacet
  facet normal 0 0.233504 0.972356
    outer loop
      vertex 96 -25.7399 -0.446161
      vertex 88 -25.5721 -0.486457
      vertex 88 -25.7399 -0.446161
    endloop
  endfacet
  facet normal 0 0.852604 -0.522558
    outer loop
      vertex 96 -26.3801 1.09939
      vertex 88 -26.2899 1.24656
      vertex 96 -26.2899 1.24656
    endloop
  endfacet
  facet normal 0 0.852604 -0.522558
    outer loop
      vertex 88 -26.2899 1.24656
      vertex 96 -26.3801 1.09939
      vertex 88 -26.3801 1.09939
    endloop
  endfacet
  facet normal 0 0.923787 -0.382906
    outer loop
      vertex 96 -26.4462 0.939919
      vertex 88 -26.3801 1.09939
      vertex 96 -26.3801 1.09939
    endloop
  endfacet
  facet normal 0 0.923787 -0.382906
    outer loop
      vertex 88 -26.3801 1.09939
      vertex 96 -26.4462 0.939919
      vertex 88 -26.4462 0.939919
    endloop
  endfacet
  facet normal 0 0.996937 -0.078212
    outer loop
      vertex 96 -26.5 0.599999
      vertex 88 -26.4865 0.772078
      vertex 96 -26.4865 0.772078
    endloop
  endfacet
  facet normal 0 0.996937 -0.078212
    outer loop
      vertex 88 -26.4865 0.772078
      vertex 96 -26.5 0.599999
      vertex 88 -26.5 0.599999
    endloop
  endfacet
  facet normal 0 0.649598 -0.760278
    outer loop
      vertex 88 -26.1778 1.37782
      vertex 96 -26.0466 1.48992
      vertex 96 -26.1778 1.37782
    endloop
  endfacet
  facet normal 0 0.649598 -0.760278
    outer loop
      vertex 96 -26.0466 1.48992
      vertex 88 -26.1778 1.37782
      vertex 88 -26.0466 1.48992
    endloop
  endfacet
  facet normal -0 0.382619 0.923906
    outer loop
      vertex 88 -25.7399 -0.446161
      vertex 96 -25.8994 -0.380107
      vertex 96 -25.7399 -0.446161
    endloop
  endfacet
  facet normal 0 0.382619 0.923906
    outer loop
      vertex 96 -25.8994 -0.380107
      vertex 88 -25.7399 -0.446161
      vertex 88 -25.8994 -0.380107
    endloop
  endfacet
  facet normal 0 -0.996937 0.0782125
    outer loop
      vertex 88 -24.3135 0.427921
      vertex 96 -24.3 0.599999
      vertex 88 -24.3 0.599999
    endloop
  endfacet
  facet normal 0 -0.996937 0.0782125
    outer loop
      vertex 96 -24.3 0.599999
      vertex 88 -24.3135 0.427921
      vertex 96 -24.3135 0.427921
    endloop
  endfacet
  facet normal 0 0.972363 -0.233472
    outer loop
      vertex 96 -26.4865 0.772078
      vertex 88 -26.4462 0.939919
      vertex 96 -26.4462 0.939919
    endloop
  endfacet
  facet normal 0 0.972363 -0.233472
    outer loop
      vertex 88 -26.4462 0.939919
      vertex 96 -26.4865 0.772078
      vertex 88 -26.4865 0.772078
    endloop
  endfacet
  facet normal 0 0.760425 -0.649426
    outer loop
      vertex 96 -26.2899 1.24656
      vertex 88 -26.1778 1.37782
      vertex 96 -26.1778 1.37782
    endloop
  endfacet
  facet normal 0 0.760425 -0.649426
    outer loop
      vertex 88 -26.1778 1.37782
      vertex 96 -26.2899 1.24656
      vertex 88 -26.2899 1.24656
    endloop
  endfacet
  facet normal 1 0 0
    outer loop
      vertex 96 -22.4 36.4
      vertex 96 -24.3 33.4
      vertex 96 -22.4 30.4
    endloop
  endfacet
  facet normal 1 0 0
    outer loop
      vertex 96 -22.4 36.4
      vertex 96 -24.3135 33.5721
      vertex 96 -24.3 33.4
    endloop
  endfacet
  facet normal 1 0 0
    outer loop
      vertex 96 -22.4 36.4
      vertex 96 -24.3538 33.7399
      vertex 96 -24.3135 33.5721
    endloop
  endfacet
  facet normal 1 0 0
    outer loop
      vertex 96 -22.4 36.4
      vertex 96 -24.4199 33.8994
      vertex 96 -24.3538 33.7399
    endloop
  endfacet
  facet normal 1 0 0
    outer loop
      vertex 96 -22.4 36.4
      vertex 96 -24.5101 34.0466
      vertex 96 -24.4199 33.8994
    endloop
  endfacet
  facet normal 1 0 0
    outer loop
      vertex 96 -22.4 36.4
      vertex 96 -24.6222 34.1778
      vertex 96 -24.5101 34.0466
    endloop
  endfacet
  facet normal 1 0 0
    outer loop
      vertex 96 -22.4 36.4
      vertex 96 -24.7534 34.2899
      vertex 96 -24.6222 34.1778
    endloop
  endfacet
  facet normal 1 0 0
    outer loop
      vertex 96 -22.4 36.4
      vertex 96 -24.9006 34.3801
      vertex 96 -24.7534 34.2899
    endloop
  endfacet
  facet normal 1 0 0
    outer loop
      vertex 96 -22.4 36.4
      vertex 96 -25.0601 34.4462
      vertex 96 -24.9006 34.3801
    endloop
  endfacet
  facet normal 1 0 0
    outer loop
      vertex 96 -22.4 36.4
      vertex 96 -25.2279 34.4865
      vertex 96 -25.0601 34.4462
    endloop
  endfacet
  facet normal 1 0 0
    outer loop
      vertex 96 -22.4 36.4
      vertex 96 -25.4 34.5
      vertex 96 -25.2279 34.4865
    endloop
  endfacet
  facet normal 1 -0 0
    outer loop
      vertex 96 -28.4 36.4
      vertex 96 -25.4 34.5
      vertex 96 -22.4 36.4
    endloop
  endfacet
  facet normal 1 0 0
    outer loop
      vertex 96 -25.4 34.5
      vertex 96 -28.4 36.4
      vertex 96 -25.5721 34.4865
    endloop
  endfacet
  facet normal 1 0 0
    outer loop
      vertex 96 -25.5721 34.4865
      vertex 96 -28.4 36.4
      vertex 96 -25.7399 34.4462
    endloop
  endfacet
  facet normal 1 0 0
    outer loop
      vertex 96 -26.4865 33.5721
      vertex 96 -28.4 36.4
      vertex 96 -26.5 33.4
    endloop
  endfacet
  facet normal 1 0 0
    outer loop
      vertex 96 -26.4462 33.7399
      vertex 96 -28.4 36.4
      vertex 96 -26.4865 33.5721
    endloop
  endfacet
  facet normal 1 0 0
    outer loop
      vertex 96 -26.3801 33.8994
      vertex 96 -28.4 36.4
      vertex 96 -26.4462 33.7399
    endloop
  endfacet
  facet normal 1 0 0
    outer loop
      vertex 96 -26.2899 34.0466
      vertex 96 -28.4 36.4
      vertex 96 -26.3801 33.8994
    endloop
  endfacet
  facet normal 1 0 0
    outer loop
      vertex 96 -26.1778 34.1778
      vertex 96 -28.4 36.4
      vertex 96 -26.2899 34.0466
    endloop
  endfacet
  facet normal 1 0 0
    outer loop
      vertex 96 -26.0466 34.2899
      vertex 96 -28.4 36.4
      vertex 96 -26.1778 34.1778
    endloop
  endfacet
  facet normal 1 0 0
    outer loop
      vertex 96 -25.8994 34.3801
      vertex 96 -28.4 36.4
      vertex 96 -26.0466 34.2899
    endloop
  endfacet
  facet normal 1 0 0
    outer loop
      vertex 96 -25.7399 34.4462
      vertex 96 -28.4 36.4
      vertex 96 -25.8994 34.3801
    endloop
  endfacet
  facet normal 1 -0 0
    outer loop
      vertex 96 -24.3135 33.2279
      vertex 96 -22.4 30.4
      vertex 96 -24.3 33.4
    endloop
  endfacet
  facet normal 1 -0 0
    outer loop
      vertex 96 -24.3538 33.0601
      vertex 96 -22.4 30.4
      vertex 96 -24.3135 33.2279
    endloop
  endfacet
  facet normal 1 -0 0
    outer loop
      vertex 96 -24.4199 32.9006
      vertex 96 -22.4 30.4
      vertex 96 -24.3538 33.0601
    endloop
  endfacet
  facet normal 1 -0 0
    outer loop
      vertex 96 -24.5101 32.7534
      vertex 96 -22.4 30.4
      vertex 96 -24.4199 32.9006
    endloop
  endfacet
  facet normal 1 -0 0
    outer loop
      vertex 96 -24.6222 32.6222
      vertex 96 -22.4 30.4
      vertex 96 -24.5101 32.7534
    endloop
  endfacet
  facet normal 1 -0 0
    outer loop
      vertex 96 -24.7534 32.5101
      vertex 96 -22.4 30.4
      vertex 96 -24.6222 32.6222
    endloop
  endfacet
  facet normal 1 -0 0
    outer loop
      vertex 96 -24.9006 32.4199
      vertex 96 -22.4 30.4
      vertex 96 -24.7534 32.5101
    endloop
  endfacet
  facet normal 1 -0 0
    outer loop
      vertex 96 -25.0601 32.3538
      vertex 96 -22.4 30.4
      vertex 96 -24.9006 32.4199
    endloop
  endfacet
  facet normal 1 -0 0
    outer loop
      vertex 96 -25.2279 32.3135
      vertex 96 -22.4 30.4
      vertex 96 -25.0601 32.3538
    endloop
  endfacet
  facet normal 1 -0 0
    outer loop
      vertex 96 -25.4 32.3
      vertex 96 -22.4 30.4
      vertex 96 -25.2279 32.3135
    endloop
  endfacet
  facet normal 1 0 0
    outer loop
      vertex 96 -28.4 30.4
      vertex 96 -25.4 32.3
      vertex 96 -25.5721 32.3135
    endloop
  endfacet
  facet normal 1 0 0
    outer loop
      vertex 96 -28.4 30.4
      vertex 96 -25.5721 32.3135
      vertex 96 -25.7399 32.3538
    endloop
  endfacet
  facet normal 1 0 0
    outer loop
      vertex 96 -28.4 30.4
      vertex 96 -25.7399 32.3538
      vertex 96 -25.8994 32.4199
    endloop
  endfacet
  facet normal 1 0 0
    outer loop
      vertex 96 -28.4 30.4
      vertex 96 -26.5 33.4
      vertex 96 -28.4 36.4
    endloop
  endfacet
  facet normal 1 0 0
    outer loop
      vertex 96 -26.5 33.4
      vertex 96 -28.4 30.4
      vertex 96 -26.4865 33.2279
    endloop
  endfacet
  facet normal 1 0 0
    outer loop
      vertex 96 -26.4865 33.2279
      vertex 96 -28.4 30.4
      vertex 96 -26.4462 33.0601
    endloop
  endfacet
  facet normal 1 0 0
    outer loop
      vertex 96 -25.4 32.3
      vertex 96 -28.4 30.4
      vertex 96 -22.4 30.4
    endloop
  endfacet
  facet normal 1 0 0
    outer loop
      vertex 96 -26.0466 32.5101
      vertex 96 -28.4 30.4
      vertex 96 -25.8994 32.4199
    endloop
  endfacet
  facet normal 1 0 0
    outer loop
      vertex 96 -26.1778 32.6222
      vertex 96 -28.4 30.4
      vertex 96 -26.0466 32.5101
    endloop
  endfacet
  facet normal 1 0 0
    outer loop
      vertex 96 -26.2899 32.7534
      vertex 96 -28.4 30.4
      vertex 96 -26.1778 32.6222
    endloop
  endfacet
  facet normal 1 0 0
    outer loop
      vertex 96 -26.3801 32.9006
      vertex 96 -28.4 30.4
      vertex 96 -26.2899 32.7534
    endloop
  endfacet
  facet normal 1 0 0
    outer loop
      vertex 96 -26.4462 33.0601
      vertex 96 -28.4 30.4
      vertex 96 -26.3801 32.9006
    endloop
  endfacet
  facet normal 0 0 -1
    outer loop
      vertex 95.2572 -28.4 30.4
      vertex 96 -22.4 30.4
      vertex 96 -28.4 30.4
    endloop
  endfacet
  facet normal 0 0 -1
    outer loop
      vertex 88 -22.4 30.4
      vertex 95.2572 -28.4 30.4
      vertex 88 -28.4 30.4
    endloop
  endfacet
  facet normal 0 0 -1
    outer loop
      vertex 95.2572 -28.4 30.4
      vertex 88 -22.4 30.4
      vertex 96 -22.4 30.4
    endloop
  endfacet
  facet normal -1 0 0
    outer loop
      vertex 88 -22.4 30.4
      vertex 88 -24.3 33.4
      vertex 88 -22.4 36.4
    endloop
  endfacet
  facet normal -1 0 0
    outer loop
      vertex 88 -22.4 30.4
      vertex 88 -24.3135 33.2279
      vertex 88 -24.3 33.4
    endloop
  endfacet
  facet normal -1 0 0
    outer loop
      vertex 88 -22.4 30.4
      vertex 88 -24.3538 33.0601
      vertex 88 -24.3135 33.2279
    endloop
  endfacet
  facet normal -1 0 0
    outer loop
      vertex 88 -22.4 30.4
      vertex 88 -24.4199 32.9006
      vertex 88 -24.3538 33.0601
    endloop
  endfacet
  facet normal -1 0 0
    outer loop
      vertex 88 -22.4 30.4
      vertex 88 -24.5101 32.7534
      vertex 88 -24.4199 32.9006
    endloop
  endfacet
  facet normal -1 0 0
    outer loop
      vertex 88 -22.4 30.4
      vertex 88 -24.6222 32.6222
      vertex 88 -24.5101 32.7534
    endloop
  endfacet
  facet normal -1 0 0
    outer loop
      vertex 88 -22.4 30.4
      vertex 88 -24.7534 32.5101
      vertex 88 -24.6222 32.6222
    endloop
  endfacet
  facet normal -1 0 0
    outer loop
      vertex 88 -22.4 30.4
      vertex 88 -24.9006 32.4199
      vertex 88 -24.7534 32.5101
    endloop
  endfacet
  facet normal -1 0 0
    outer loop
      vertex 88 -22.4 30.4
      vertex 88 -25.0601 32.3538
      vertex 88 -24.9006 32.4199
    endloop
  endfacet
  facet normal -1 0 0
    outer loop
      vertex 88 -22.4 30.4
      vertex 88 -25.2279 32.3135
      vertex 88 -25.0601 32.3538
    endloop
  endfacet
  facet normal -1 0 0
    outer loop
      vertex 88 -22.4 30.4
      vertex 88 -25.4 32.3
      vertex 88 -25.2279 32.3135
    endloop
  endfacet
  facet normal -1 0 0
    outer loop
      vertex 88 -28.4 30.4
      vertex 88 -25.4 32.3
      vertex 88 -22.4 30.4
    endloop
  endfacet
  facet normal -1 -0 0
    outer loop
      vertex 88 -25.4 32.3
      vertex 88 -28.4 30.4
      vertex 88 -25.5721 32.3135
    endloop
  endfacet
  facet normal -1 -0 0
    outer loop
      vertex 88 -25.5721 32.3135
      vertex 88 -28.4 30.4
      vertex 88 -25.7399 32.3538
    endloop
  endfacet
  facet normal -1 0 0
    outer loop
      vertex 88 -28.4 35.33
      vertex 88 -26.5 33.4
      vertex 88 -26.4865 33.2279
    endloop
  endfacet
  facet normal -1 0 0
    outer loop
      vertex 88 -28.4 30.4
      vertex 88 -26.4865 33.2279
      vertex 88 -26.4462 33.0601
    endloop
  endfacet
  facet normal -1 -0 0
    outer loop
      vertex 88 -25.7399 32.3538
      vertex 88 -28.4 30.4
      vertex 88 -25.8994 32.4199
    endloop
  endfacet
  facet normal -1 0 0
    outer loop
      vertex 88 -28.4 30.4
      vertex 88 -26.0466 32.5101
      vertex 88 -25.8994 32.4199
    endloop
  endfacet
  facet normal -1 0 0
    outer loop
      vertex 88 -28.4 30.4
      vertex 88 -26.1778 32.6222
      vertex 88 -26.0466 32.5101
    endloop
  endfacet
  facet normal -1 0 0
    outer loop
      vertex 88 -28.4 30.4
      vertex 88 -26.2899 32.7534
      vertex 88 -26.1778 32.6222
    endloop
  endfacet
  facet normal -1 0 0
    outer loop
      vertex 88 -28.4 30.4
      vertex 88 -26.3801 32.9006
      vertex 88 -26.2899 32.7534
    endloop
  endfacet
  facet normal -1 0 0
    outer loop
      vertex 88 -28.4 30.4
      vertex 88 -26.4462 33.0601
      vertex 88 -26.3801 32.9006
    endloop
  endfacet
  facet normal -1 -0 0
    outer loop
      vertex 88 -26.4865 33.2279
      vertex 88 -28.4 30.4
      vertex 88 -28.4 35.33
    endloop
  endfacet
  facet normal -1 0 0
    outer loop
      vertex 88 -26.5 33.4
      vertex 88 -28.4 35.33
      vertex 88 -27.33 36.4
    endloop
  endfacet
  facet normal -1 -0 0
    outer loop
      vertex 88 -27.33 36.4
      vertex 88 -28.4 35.33
      vertex 88 -28.4 36.4
    endloop
  endfacet
  facet normal -1 0 0
    outer loop
      vertex 88 -24.3135 33.5721
      vertex 88 -22.4 36.4
      vertex 88 -24.3 33.4
    endloop
  endfacet
  facet normal -1 0 0
    outer loop
      vertex 88 -24.3538 33.7399
      vertex 88 -22.4 36.4
      vertex 88 -24.3135 33.5721
    endloop
  endfacet
  facet normal -1 0 0
    outer loop
      vertex 88 -24.4199 33.8994
      vertex 88 -22.4 36.4
      vertex 88 -24.3538 33.7399
    endloop
  endfacet
  facet normal -1 0 0
    outer loop
      vertex 88 -24.5101 34.0466
      vertex 88 -22.4 36.4
      vertex 88 -24.4199 33.8994
    endloop
  endfacet
  facet normal -1 0 0
    outer loop
      vertex 88 -24.6222 34.1778
      vertex 88 -22.4 36.4
      vertex 88 -24.5101 34.0466
    endloop
  endfacet
  facet normal -1 0 0
    outer loop
      vertex 88 -24.7534 34.2899
      vertex 88 -22.4 36.4
      vertex 88 -24.6222 34.1778
    endloop
  endfacet
  facet normal -1 0 0
    outer loop
      vertex 88 -24.9006 34.3801
      vertex 88 -22.4 36.4
      vertex 88 -24.7534 34.2899
    endloop
  endfacet
  facet normal -1 0 0
    outer loop
      vertex 88 -25.0601 34.4462
      vertex 88 -22.4 36.4
      vertex 88 -24.9006 34.3801
    endloop
  endfacet
  facet normal -1 0 0
    outer loop
      vertex 88 -25.2279 34.4865
      vertex 88 -22.4 36.4
      vertex 88 -25.0601 34.4462
    endloop
  endfacet
  facet normal -1 0 0
    outer loop
      vertex 88 -27.33 36.4
      vertex 88 -25.2279 34.4865
      vertex 88 -25.4 34.5
    endloop
  endfacet
  facet normal -1 0 0
    outer loop
      vertex 88 -27.33 36.4
      vertex 88 -25.4 34.5
      vertex 88 -25.5721 34.4865
    endloop
  endfacet
  facet normal -1 0 0
    outer loop
      vertex 88 -27.33 36.4
      vertex 88 -25.5721 34.4865
      vertex 88 -25.7399 34.4462
    endloop
  endfacet
  facet normal -1 0 0
    outer loop
      vertex 88 -27.33 36.4
      vertex 88 -25.7399 34.4462
      vertex 88 -25.8994 34.3801
    endloop
  endfacet
  facet normal -1 0 0
    outer loop
      vertex 88 -25.2279 34.4865
      vertex 88 -27.33 36.4
      vertex 88 -22.4 36.4
    endloop
  endfacet
  facet normal -1 0 0
    outer loop
      vertex 88 -26.0466 34.2899
      vertex 88 -27.33 36.4
      vertex 88 -25.8994 34.3801
    endloop
  endfacet
  facet normal -1 0 0
    outer loop
      vertex 88 -26.1778 34.1778
      vertex 88 -27.33 36.4
      vertex 88 -26.0466 34.2899
    endloop
  endfacet
  facet normal -1 0 0
    outer loop
      vertex 88 -26.2899 34.0466
      vertex 88 -27.33 36.4
      vertex 88 -26.1778 34.1778
    endloop
  endfacet
  facet normal -1 0 0
    outer loop
      vertex 88 -26.3801 33.8994
      vertex 88 -27.33 36.4
      vertex 88 -26.2899 34.0466
    endloop
  endfacet
  facet normal -1 0 0
    outer loop
      vertex 88 -26.4462 33.7399
      vertex 88 -27.33 36.4
      vertex 88 -26.3801 33.8994
    endloop
  endfacet
  facet normal -1 0 0
    outer loop
      vertex 88 -26.4865 33.5721
      vertex 88 -27.33 36.4
      vertex 88 -26.4462 33.7399
    endloop
  endfacet
  facet normal -1 0 0
    outer loop
      vertex 88 -27.33 36.4
      vertex 88 -26.4865 33.5721
      vertex 88 -26.5 33.4
    endloop
  endfacet
  facet normal 0 1 -0
    outer loop
      vertex 96 -22.4 30.4
      vertex 95.33 -22.4 36.4
      vertex 96 -22.4 36.4
    endloop
  endfacet
  facet normal 0 1 0
    outer loop
      vertex 88 -22.4 30.4
      vertex 95.33 -22.4 36.4
      vertex 96 -22.4 30.4
    endloop
  endfacet
  facet normal 0 1 0
    outer loop
      vertex 95.33 -22.4 36.4
      vertex 88 -22.4 30.4
      vertex 88 -22.4 36.4
    endloop
  endfacet
  facet normal 0 -0.996937 -0.0782025
    outer loop
      vertex 88 -24.3 33.4
      vertex 96 -24.3135 33.5721
      vertex 88 -24.3135 33.5721
    endloop
  endfacet
  facet normal 0 -0.996937 -0.0782025
    outer loop
      vertex 96 -24.3135 33.5721
      vertex 88 -24.3 33.4
      vertex 96 -24.3 33.4
    endloop
  endfacet
  facet normal 0 0.760278 0.649598
    outer loop
      vertex 96 -26.1778 32.6222
      vertex 88 -26.2899 32.7534
      vertex 96 -26.2899 32.7534
    endloop
  endfacet
  facet normal 0 0.760278 0.649598
    outer loop
      vertex 88 -26.2899 32.7534
      vertex 96 -26.1778 32.6222
      vertex 88 -26.1778 32.6222
    endloop
  endfacet
  facet normal 0 -0.760278 0.649598
    outer loop
      vertex 88 -24.6222 32.6222
      vertex 96 -24.5101 32.7534
      vertex 88 -24.5101 32.7534
    endloop
  endfacet
  facet normal 0 -0.760278 0.649598
    outer loop
      vertex 96 -24.5101 32.7534
      vertex 88 -24.6222 32.6222
      vertex 96 -24.6222 32.6222
    endloop
  endfacet
  facet normal 0 -0.233526 0.97235
    outer loop
      vertex 88 -25.0601 32.3538
      vertex 96 -25.2279 32.3135
      vertex 96 -25.0601 32.3538
    endloop
  endfacet
  facet normal 0 -0.233526 0.97235
    outer loop
      vertex 96 -25.2279 32.3135
      vertex 88 -25.0601 32.3538
      vertex 88 -25.2279 32.3135
    endloop
  endfacet
  facet normal -0 0.522481 0.852651
    outer loop
      vertex 88 -25.8994 32.4199
      vertex 96 -26.0466 32.5101
      vertex 96 -25.8994 32.4199
    endloop
  endfacet
  facet normal 0 0.522481 0.852651
    outer loop
      vertex 96 -26.0466 32.5101
      vertex 88 -25.8994 32.4199
      vertex 88 -26.0466 32.5101
    endloop
  endfacet
  facet normal 0 -0.649598 0.760278
    outer loop
      vertex 88 -24.6222 32.6222
      vertex 96 -24.7534 32.5101
      vertex 96 -24.6222 32.6222
    endloop
  endfacet
  facet normal 0 -0.649598 0.760278
    outer loop
      vertex 96 -24.7534 32.5101
      vertex 88 -24.6222 32.6222
      vertex 88 -24.7534 32.5101
    endloop
  endfacet
  facet normal 0 0.0782025 -0.996937
    outer loop
      vertex 88 -25.5721 34.4865
      vertex 96 -25.4 34.5
      vertex 96 -25.5721 34.4865
    endloop
  endfacet
  facet normal 0 0.0782025 -0.996937
    outer loop
      vertex 96 -25.4 34.5
      vertex 88 -25.5721 34.4865
      vertex 88 -25.4 34.5
    endloop
  endfacet
  facet normal -0 0.649598 0.760278
    outer loop
      vertex 88 -26.0466 32.5101
      vertex 96 -26.1778 32.6222
      vertex 96 -26.0466 32.5101
    endloop
  endfacet
  facet normal 0 0.649598 0.760278
    outer loop
      vertex 96 -26.1778 32.6222
      vertex 88 -26.0466 32.5101
      vertex 88 -26.1778 32.6222
    endloop
  endfacet
  facet normal 0 0.996937 0.0782025
    outer loop
      vertex 96 -26.4865 33.2279
      vertex 88 -26.5 33.4
      vertex 96 -26.5 33.4
    endloop
  endfacet
  facet normal 0 0.996937 0.0782025
    outer loop
      vertex 88 -26.5 33.4
      vertex 96 -26.4865 33.2279
      vertex 88 -26.4865 33.2279
    endloop
  endfacet
  facet normal 0 0.382846 -0.923812
    outer loop
      vertex 88 -25.8994 34.3801
      vertex 96 -25.7399 34.4462
      vertex 96 -25.8994 34.3801
    endloop
  endfacet
  facet normal 0 0.382846 -0.923812
    outer loop
      vertex 96 -25.7399 34.4462
      vertex 88 -25.8994 34.3801
      vertex 88 -25.7399 34.4462
    endloop
  endfacet
  facet normal 0 0.233526 -0.97235
    outer loop
      vertex 88 -25.7399 34.4462
      vertex 96 -25.5721 34.4865
      vertex 96 -25.7399 34.4462
    endloop
  endfacet
  facet normal 0 0.233526 -0.97235
    outer loop
      vertex 96 -25.5721 34.4865
      vertex 88 -25.7399 34.4462
      vertex 88 -25.5721 34.4865
    endloop
  endfacet
  facet normal 0 0.649598 -0.760278
    outer loop
      vertex 88 -26.1778 34.1778
      vertex 96 -26.0466 34.2899
      vertex 96 -26.1778 34.1778
    endloop
  endfacet
  facet normal 0 0.649598 -0.760278
    outer loop
      vertex 96 -26.0466 34.2899
      vertex 88 -26.1778 34.1778
      vertex 88 -26.0466 34.2899
    endloop
  endfacet
  facet normal 0 0.97235 0.233526
    outer loop
      vertex 96 -26.4462 33.0601
      vertex 88 -26.4865 33.2279
      vertex 96 -26.4865 33.2279
    endloop
  endfacet
  facet normal 0 0.97235 0.233526
    outer loop
      vertex 88 -26.4865 33.2279
      vertex 96 -26.4462 33.0601
      vertex 88 -26.4462 33.0601
    endloop
  endfacet
  facet normal 0 -0.382846 -0.923812
    outer loop
      vertex 88 -25.0601 34.4462
      vertex 96 -24.9006 34.3801
      vertex 96 -25.0601 34.4462
    endloop
  endfacet
  facet normal -0 -0.382846 -0.923812
    outer loop
      vertex 96 -24.9006 34.3801
      vertex 88 -25.0601 34.4462
      vertex 88 -24.9006 34.3801
    endloop
  endfacet
  facet normal 0 -0.382846 0.923812
    outer loop
      vertex 88 -24.9006 32.4199
      vertex 96 -25.0601 32.3538
      vertex 96 -24.9006 32.4199
    endloop
  endfacet
  facet normal 0 -0.382846 0.923812
    outer loop
      vertex 96 -25.0601 32.3538
      vertex 88 -24.9006 32.4199
      vertex 88 -25.0601 32.3538
    endloop
  endfacet
  facet normal 0 -0.852651 0.522481
    outer loop
      vertex 88 -24.5101 32.7534
      vertex 96 -24.4199 32.9006
      vertex 88 -24.4199 32.9006
    endloop
  endfacet
  facet normal 0 -0.852651 0.522481
    outer loop
      vertex 96 -24.4199 32.9006
      vertex 88 -24.5101 32.7534
      vertex 96 -24.5101 32.7534
    endloop
  endfacet
  facet normal 0 -0.0782025 0.996937
    outer loop
      vertex 88 -25.2279 32.3135
      vertex 96 -25.4 32.3
      vertex 96 -25.2279 32.3135
    endloop
  endfacet
  facet normal 0 -0.0782025 0.996937
    outer loop
      vertex 96 -25.4 32.3
      vertex 88 -25.2279 32.3135
      vertex 88 -25.4 32.3
    endloop
  endfacet
  facet normal 0 -0.522481 -0.852651
    outer loop
      vertex 88 -24.9006 34.3801
      vertex 96 -24.7534 34.2899
      vertex 96 -24.9006 34.3801
    endloop
  endfacet
  facet normal -0 -0.522481 -0.852651
    outer loop
      vertex 96 -24.7534 34.2899
      vertex 88 -24.9006 34.3801
      vertex 88 -24.7534 34.2899
    endloop
  endfacet
  facet normal 0 -0.97235 0.233526
    outer loop
      vertex 88 -24.3538 33.0601
      vertex 96 -24.3135 33.2279
      vertex 88 -24.3135 33.2279
    endloop
  endfacet
  facet normal 0 -0.97235 0.233526
    outer loop
      vertex 96 -24.3135 33.2279
      vertex 88 -24.3538 33.0601
      vertex 96 -24.3538 33.0601
    endloop
  endfacet
  facet normal 0 -0.522481 0.852651
    outer loop
      vertex 88 -24.7534 32.5101
      vertex 96 -24.9006 32.4199
      vertex 96 -24.7534 32.5101
    endloop
  endfacet
  facet normal 0 -0.522481 0.852651
    outer loop
      vertex 96 -24.9006 32.4199
      vertex 88 -24.7534 32.5101
      vertex 88 -24.9006 32.4199
    endloop
  endfacet
  facet normal 0 -0.996937 0.0782025
    outer loop
      vertex 88 -24.3135 33.2279
      vertex 96 -24.3 33.4
      vertex 88 -24.3 33.4
    endloop
  endfacet
  facet normal 0 -0.996937 0.0782025
    outer loop
      vertex 96 -24.3 33.4
      vertex 88 -24.3135 33.2279
      vertex 96 -24.3135 33.2279
    endloop
  endfacet
  facet normal 0 -0.923812 0.382846
    outer loop
      vertex 88 -24.4199 32.9006
      vertex 96 -24.3538 33.0601
      vertex 88 -24.3538 33.0601
    endloop
  endfacet
  facet normal 0 -0.923812 0.382846
    outer loop
      vertex 96 -24.3538 33.0601
      vertex 88 -24.4199 32.9006
      vertex 96 -24.4199 32.9006
    endloop
  endfacet
  facet normal 0 -0.852651 -0.522481
    outer loop
      vertex 88 -24.4199 33.8994
      vertex 96 -24.5101 34.0466
      vertex 88 -24.5101 34.0466
    endloop
  endfacet
  facet normal 0 -0.852651 -0.522481
    outer loop
      vertex 96 -24.5101 34.0466
      vertex 88 -24.4199 33.8994
      vertex 96 -24.4199 33.8994
    endloop
  endfacet
  facet normal -0 0.382846 0.923812
    outer loop
      vertex 88 -25.7399 32.3538
      vertex 96 -25.8994 32.4199
      vertex 96 -25.7399 32.3538
    endloop
  endfacet
  facet normal 0 0.382846 0.923812
    outer loop
      vertex 96 -25.8994 32.4199
      vertex 88 -25.7399 32.3538
      vertex 88 -25.8994 32.4199
    endloop
  endfacet
  facet normal 0 -0.233526 -0.97235
    outer loop
      vertex 88 -25.2279 34.4865
      vertex 96 -25.0601 34.4462
      vertex 96 -25.2279 34.4865
    endloop
  endfacet
  facet normal -0 -0.233526 -0.97235
    outer loop
      vertex 96 -25.0601 34.4462
      vertex 88 -25.2279 34.4865
      vertex 88 -25.0601 34.4462
    endloop
  endfacet
  facet normal 0 0.760278 -0.649598
    outer loop
      vertex 96 -26.2899 34.0466
      vertex 88 -26.1778 34.1778
      vertex 96 -26.1778 34.1778
    endloop
  endfacet
  facet normal 0 0.760278 -0.649598
    outer loop
      vertex 88 -26.1778 34.1778
      vertex 96 -26.2899 34.0466
      vertex 88 -26.2899 34.0466
    endloop
  endfacet
  facet normal 0 -0.923812 -0.382846
    outer loop
      vertex 88 -24.3538 33.7399
      vertex 96 -24.4199 33.8994
      vertex 88 -24.4199 33.8994
    endloop
  endfacet
  facet normal 0 -0.923812 -0.382846
    outer loop
      vertex 96 -24.4199 33.8994
      vertex 88 -24.3538 33.7399
      vertex 96 -24.3538 33.7399
    endloop
  endfacet
  facet normal 0 -0.760278 -0.649598
    outer loop
      vertex 88 -24.5101 34.0466
      vertex 96 -24.6222 34.1778
      vertex 88 -24.6222 34.1778
    endloop
  endfacet
  facet normal 0 -0.760278 -0.649598
    outer loop
      vertex 96 -24.6222 34.1778
      vertex 88 -24.5101 34.0466
      vertex 96 -24.5101 34.0466
    endloop
  endfacet
  facet normal 0 0.996937 -0.0782025
    outer loop
      vertex 96 -26.5 33.4
      vertex 88 -26.4865 33.5721
      vertex 96 -26.4865 33.5721
    endloop
  endfacet
  facet normal 0 0.996937 -0.0782025
    outer loop
      vertex 88 -26.4865 33.5721
      vertex 96 -26.5 33.4
      vertex 88 -26.5 33.4
    endloop
  endfacet
  facet normal 0 -0.97235 -0.233526
    outer loop
      vertex 88 -24.3135 33.5721
      vertex 96 -24.3538 33.7399
      vertex 88 -24.3538 33.7399
    endloop
  endfacet
  facet normal 0 -0.97235 -0.233526
    outer loop
      vertex 96 -24.3538 33.7399
      vertex 88 -24.3135 33.5721
      vertex 96 -24.3135 33.5721
    endloop
  endfacet
  facet normal 0 0.522481 -0.852651
    outer loop
      vertex 88 -26.0466 34.2899
      vertex 96 -25.8994 34.3801
      vertex 96 -26.0466 34.2899
    endloop
  endfacet
  facet normal 0 0.522481 -0.852651
    outer loop
      vertex 96 -25.8994 34.3801
      vertex 88 -26.0466 34.2899
      vertex 88 -25.8994 34.3801
    endloop
  endfacet
  facet normal -0 0.0782025 0.996937
    outer loop
      vertex 88 -25.4 32.3
      vertex 96 -25.5721 32.3135
      vertex 96 -25.4 32.3
    endloop
  endfacet
  facet normal 0 0.0782025 0.996937
    outer loop
      vertex 96 -25.5721 32.3135
      vertex 88 -25.4 32.3
      vertex 88 -25.5721 32.3135
    endloop
  endfacet
  facet normal 0 0.97235 -0.233526
    outer loop
      vertex 96 -26.4865 33.5721
      vertex 88 -26.4462 33.7399
      vertex 96 -26.4462 33.7399
    endloop
  endfacet
  facet normal 0 0.97235 -0.233526
    outer loop
      vertex 88 -26.4462 33.7399
      vertex 96 -26.4865 33.5721
      vertex 88 -26.4865 33.5721
    endloop
  endfacet
  facet normal 0 -0.0782025 -0.996937
    outer loop
      vertex 88 -25.4 34.5
      vertex 96 -25.2279 34.4865
      vertex 96 -25.4 34.5
    endloop
  endfacet
  facet normal -0 -0.0782025 -0.996937
    outer loop
      vertex 96 -25.2279 34.4865
      vertex 88 -25.4 34.5
      vertex 88 -25.2279 34.4865
    endloop
  endfacet
  facet normal 0 0.852651 0.522481
    outer loop
      vertex 96 -26.2899 32.7534
      vertex 88 -26.3801 32.9006
      vertex 96 -26.3801 32.9006
    endloop
  endfacet
  facet normal 0 0.852651 0.522481
    outer loop
      vertex 88 -26.3801 32.9006
      vertex 96 -26.2899 32.7534
      vertex 88 -26.2899 32.7534
    endloop
  endfacet
  facet normal -0 0.233526 0.97235
    outer loop
      vertex 88 -25.5721 32.3135
      vertex 96 -25.7399 32.3538
      vertex 96 -25.5721 32.3135
    endloop
  endfacet
  facet normal 0 0.233526 0.97235
    outer loop
      vertex 96 -25.7399 32.3538
      vertex 88 -25.5721 32.3135
      vertex 88 -25.7399 32.3538
    endloop
  endfacet
  facet normal 0 -0.649598 -0.760278
    outer loop
      vertex 88 -24.7534 34.2899
      vertex 96 -24.6222 34.1778
      vertex 96 -24.7534 34.2899
    endloop
  endfacet
  facet normal -0 -0.649598 -0.760278
    outer loop
      vertex 96 -24.6222 34.1778
      vertex 88 -24.7534 34.2899
      vertex 88 -24.6222 34.1778
    endloop
  endfacet
  facet normal 0 0.923812 -0.382846
    outer loop
      vertex 96 -26.4462 33.7399
      vertex 88 -26.3801 33.8994
      vertex 96 -26.3801 33.8994
    endloop
  endfacet
  facet normal 0 0.923812 -0.382846
    outer loop
      vertex 88 -26.3801 33.8994
      vertex 96 -26.4462 33.7399
      vertex 88 -26.4462 33.7399
    endloop
  endfacet
  facet normal 0 0.852651 -0.522481
    outer loop
      vertex 96 -26.3801 33.8994
      vertex 88 -26.2899 34.0466
      vertex 96 -26.2899 34.0466
    endloop
  endfacet
  facet normal 0 0.852651 -0.522481
    outer loop
      vertex 88 -26.2899 34.0466
      vertex 96 -26.3801 33.8994
      vertex 88 -26.3801 33.8994
    endloop
  endfacet
  facet normal 0 0.923812 0.382846
    outer loop
      vertex 96 -26.3801 32.9006
      vertex 88 -26.4462 33.0601
      vertex 96 -26.4462 33.0601
    endloop
  endfacet
  facet normal 0 0.923812 0.382846
    outer loop
      vertex 88 -26.4462 33.0601
      vertex 96 -26.3801 32.9006
      vertex 88 -26.3801 32.9006
    endloop
  endfacet
  facet normal 1 0 0
    outer loop
      vertex 96 26.4 3.6
      vertex 96 24.5 0.599999
      vertex 96 26.4 -2.4
    endloop
  endfacet
  facet normal 1 0 0
    outer loop
      vertex 96 26.4 3.6
      vertex 96 24.4865 0.772078
      vertex 96 24.5 0.599999
    endloop
  endfacet
  facet normal 1 0 0
    outer loop
      vertex 96 26.4 3.6
      vertex 96 24.4462 0.939919
      vertex 96 24.4865 0.772078
    endloop
  endfacet
  facet normal 1 0 0
    outer loop
      vertex 96 26.4 3.6
      vertex 96 24.3801 1.09939
      vertex 96 24.4462 0.939919
    endloop
  endfacet
  facet normal 1 0 0
    outer loop
      vertex 96 26.4 3.6
      vertex 96 24.2899 1.24656
      vertex 96 24.3801 1.09939
    endloop
  endfacet
  facet normal 1 0 0
    outer loop
      vertex 96 26.4 3.6
      vertex 96 24.1778 1.37782
      vertex 96 24.2899 1.24656
    endloop
  endfacet
  facet normal 1 0 0
    outer loop
      vertex 96 26.4 3.6
      vertex 96 24.0466 1.48992
      vertex 96 24.1778 1.37782
    endloop
  endfacet
  facet normal 1 0 0
    outer loop
      vertex 96 26.4 3.6
      vertex 96 23.8994 1.58011
      vertex 96 24.0466 1.48992
    endloop
  endfacet
  facet normal 1 0 0
    outer loop
      vertex 96 26.4 3.6
      vertex 96 23.7399 1.64616
      vertex 96 23.8994 1.58011
    endloop
  endfacet
  facet normal 1 0 0
    outer loop
      vertex 96 26.4 3.6
      vertex 96 23.5721 1.68646
      vertex 96 23.7399 1.64616
    endloop
  endfacet
  facet normal 1 0 0
    outer loop
      vertex 96 26.4 3.6
      vertex 96 23.4 1.7
      vertex 96 23.5721 1.68646
    endloop
  endfacet
  facet normal 1 -0 0
    outer loop
      vertex 96 20.4 3.6
      vertex 96 23.4 1.7
      vertex 96 26.4 3.6
    endloop
  endfacet
  facet normal 1 0 0
    outer loop
      vertex 96 23.4 1.7
      vertex 96 20.4 3.6
      vertex 96 23.2279 1.68646
    endloop
  endfacet
  facet normal 1 0 0
    outer loop
      vertex 96 23.2279 1.68646
      vertex 96 20.4 3.6
      vertex 96 23.0601 1.64616
    endloop
  endfacet
  facet normal 1 0 0
    outer loop
      vertex 96 22.3135 0.772078
      vertex 96 20.4 3.6
      vertex 96 22.3 0.599999
    endloop
  endfacet
  facet normal 1 0 0
    outer loop
      vertex 96 22.3538 0.939919
      vertex 96 20.4 3.6
      vertex 96 22.3135 0.772078
    endloop
  endfacet
  facet normal 1 0 0
    outer loop
      vertex 96 22.4199 1.09939
      vertex 96 20.4 3.6
      vertex 96 22.3538 0.939919
    endloop
  endfacet
  facet normal 1 0 0
    outer loop
      vertex 96 22.5101 1.24656
      vertex 96 20.4 3.6
      vertex 96 22.4199 1.09939
    endloop
  endfacet
  facet normal 1 0 0
    outer loop
      vertex 96 22.6222 1.37782
      vertex 96 20.4 3.6
      vertex 96 22.5101 1.24656
    endloop
  endfacet
  facet normal 1 0 0
    outer loop
      vertex 96 22.7534 1.48992
      vertex 96 20.4 3.6
      vertex 96 22.6222 1.37782
    endloop
  endfacet
  facet normal 1 0 0
    outer loop
      vertex 96 22.9006 1.58011
      vertex 96 20.4 3.6
      vertex 96 22.7534 1.48992
    endloop
  endfacet
  facet normal 1 0 0
    outer loop
      vertex 96 23.0601 1.64616
      vertex 96 20.4 3.6
      vertex 96 22.9006 1.58011
    endloop
  endfacet
  facet normal 1 -0 0
    outer loop
      vertex 96 24.4865 0.427921
      vertex 96 26.4 -2.4
      vertex 96 24.5 0.599999
    endloop
  endfacet
  facet normal 1 -0 0
    outer loop
      vertex 96 24.4462 0.260081
      vertex 96 26.4 -2.4
      vertex 96 24.4865 0.427921
    endloop
  endfacet
  facet normal 1 -0 0
    outer loop
      vertex 96 24.3801 0.10061
      vertex 96 26.4 -2.4
      vertex 96 24.4462 0.260081
    endloop
  endfacet
  facet normal 1 -0 0
    outer loop
      vertex 96 24.2899 -0.0465631
      vertex 96 26.4 -2.4
      vertex 96 24.3801 0.10061
    endloop
  endfacet
  facet normal 1 -0 0
    outer loop
      vertex 96 24.1778 -0.177817
      vertex 96 26.4 -2.4
      vertex 96 24.2899 -0.0465631
    endloop
  endfacet
  facet normal 1 -0 0
    outer loop
      vertex 96 24.0466 -0.289918
      vertex 96 26.4 -2.4
      vertex 96 24.1778 -0.177817
    endloop
  endfacet
  facet normal 1 -0 0
    outer loop
      vertex 96 23.8994 -0.380107
      vertex 96 26.4 -2.4
      vertex 96 24.0466 -0.289918
    endloop
  endfacet
  facet normal 1 -0 0
    outer loop
      vertex 96 23.7399 -0.446161
      vertex 96 26.4 -2.4
      vertex 96 23.8994 -0.380107
    endloop
  endfacet
  facet normal 1 -0 0
    outer loop
      vertex 96 23.5721 -0.486457
      vertex 96 26.4 -2.4
      vertex 96 23.7399 -0.446161
    endloop
  endfacet
  facet normal 1 -0 0
    outer loop
      vertex 96 23.4 -0.5
      vertex 96 26.4 -2.4
      vertex 96 23.5721 -0.486457
    endloop
  endfacet
  facet normal 1 0 0
    outer loop
      vertex 96 20.4 -2.4
      vertex 96 23.4 -0.5
      vertex 96 23.2279 -0.486457
    endloop
  endfacet
  facet normal 1 0 0
    outer loop
      vertex 96 20.4 -2.4
      vertex 96 23.2279 -0.486457
      vertex 96 23.0601 -0.446161
    endloop
  endfacet
  facet normal 1 0 0
    outer loop
      vertex 96 20.4 -2.4
      vertex 96 23.0601 -0.446161
      vertex 96 22.9006 -0.380107
    endloop
  endfacet
  facet normal 1 0 0
    outer loop
      vertex 96 20.4 -2.4
      vertex 96 22.3 0.599999
      vertex 96 20.4 3.6
    endloop
  endfacet
  facet normal 1 0 0
    outer loop
      vertex 96 22.3 0.599999
      vertex 96 20.4 -2.4
      vertex 96 22.3135 0.427921
    endloop
  endfacet
  facet normal 1 0 0
    outer loop
      vertex 96 22.3135 0.427921
      vertex 96 20.4 -2.4
      vertex 96 22.3538 0.260081
    endloop
  endfacet
  facet normal 1 0 0
    outer loop
      vertex 96 23.4 -0.5
      vertex 96 20.4 -2.4
      vertex 96 26.4 -2.4
    endloop
  endfacet
  facet normal 1 0 0
    outer loop
      vertex 96 22.7534 -0.289918
      vertex 96 20.4 -2.4
      vertex 96 22.9006 -0.380107
    endloop
  endfacet
  facet normal 1 0 0
    outer loop
      vertex 96 22.6222 -0.177817
      vertex 96 20.4 -2.4
      vertex 96 22.7534 -0.289918
    endloop
  endfacet
  facet normal 1 0 0
    outer loop
      vertex 96 22.5101 -0.0465631
      vertex 96 20.4 -2.4
      vertex 96 22.6222 -0.177817
    endloop
  endfacet
  facet normal 1 0 0
    outer loop
      vertex 96 22.4199 0.10061
      vertex 96 20.4 -2.4
      vertex 96 22.5101 -0.0465631
    endloop
  endfacet
  facet normal 1 0 0
    outer loop
      vertex 96 22.3538 0.260081
      vertex 96 20.4 -2.4
      vertex 96 22.4199 0.10061
    endloop
  endfacet
  facet normal -0 0 1
    outer loop
      vertex 95.2572 26.4 3.6
      vertex 96 20.4 3.6
      vertex 96 26.4 3.6
    endloop
  endfacet
  facet normal 0 0 1
    outer loop
      vertex 88 20.4 3.6
      vertex 95.2572 26.4 3.6
      vertex 88 26.4 3.6
    endloop
  endfacet
  facet normal 0 0 1
    outer loop
      vertex 95.2572 26.4 3.6
      vertex 88 20.4 3.6
      vertex 96 20.4 3.6
    endloop
  endfacet
  facet normal -1 0 0
    outer loop
      vertex 88 26.4 -1.33003
      vertex 88 24.4865 0.427921
      vertex 88 24.5 0.599999
    endloop
  endfacet
  facet normal -1 0 0
    outer loop
      vertex 88 26.4 -1.33003
      vertex 88 24.4462 0.260081
      vertex 88 24.4865 0.427921
    endloop
  endfacet
  facet normal -1 0 0
    outer loop
      vertex 88 26.4 -1.33003
      vertex 88 24.3801 0.10061
      vertex 88 24.4462 0.260081
    endloop
  endfacet
  facet normal -1 0 0
    outer loop
      vertex 88 26.4 -1.33003
      vertex 88 24.2899 -0.0465631
      vertex 88 24.3801 0.10061
    endloop
  endfacet
  facet normal -1 0 0
    outer loop
      vertex 88 26.4 -1.33003
      vertex 88 24.1778 -0.177817
      vertex 88 24.2899 -0.0465631
    endloop
  endfacet
  facet normal -1 0 0
    outer loop
      vertex 88 25.33 -2.4
      vertex 88 24.0466 -0.289918
      vertex 88 24.1778 -0.177817
    endloop
  endfacet
  facet normal -1 0 0
    outer loop
      vertex 88 25.33 -2.4
      vertex 88 23.8994 -0.380107
      vertex 88 24.0466 -0.289918
    endloop
  endfacet
  facet normal -1 0 0
    outer loop
      vertex 88 25.33 -2.4
      vertex 88 23.7399 -0.446161
      vertex 88 23.8994 -0.380107
    endloop
  endfacet
  facet normal -1 0 0
    outer loop
      vertex 88 25.33 -2.4
      vertex 88 23.5721 -0.486457
      vertex 88 23.7399 -0.446161
    endloop
  endfacet
  facet normal -1 0 0
    outer loop
      vertex 88 25.33 -2.4
      vertex 88 23.4 -0.5
      vertex 88 23.5721 -0.486457
    endloop
  endfacet
  facet normal -1 0 0
    outer loop
      vertex 88 25.33 -2.4
      vertex 88 23.2279 -0.486457
      vertex 88 23.4 -0.5
    endloop
  endfacet
  facet normal -1 0 0
    outer loop
      vertex 88 20.4 -2.4
      vertex 88 23.2279 -0.486457
      vertex 88 25.33 -2.4
    endloop
  endfacet
  facet normal -1 -0 0
    outer loop
      vertex 88 23.2279 -0.486457
      vertex 88 20.4 -2.4
      vertex 88 23.0601 -0.446161
    endloop
  endfacet
  facet normal -1 -0 0
    outer loop
      vertex 88 23.0601 -0.446161
      vertex 88 20.4 -2.4
      vertex 88 22.9006 -0.380107
    endloop
  endfacet
  facet normal -1 -0 0
    outer loop
      vertex 88 22.3135 0.427921
      vertex 88 20.4 -2.4
      vertex 88 22.3 0.599999
    endloop
  endfacet
  facet normal -1 -0 0
    outer loop
      vertex 88 22.3538 0.260081
      vertex 88 20.4 -2.4
      vertex 88 22.3135 0.427921
    endloop
  endfacet
  facet normal -1 -0 0
    outer loop
      vertex 88 22.4199 0.10061
      vertex 88 20.4 -2.4
      vertex 88 22.3538 0.260081
    endloop
  endfacet
  facet normal -1 -0 0
    outer loop
      vertex 88 22.5101 -0.0465631
      vertex 88 20.4 -2.4
      vertex 88 22.4199 0.10061
    endloop
  endfacet
  facet normal -1 -0 0
    outer loop
      vertex 88 22.6222 -0.177817
      vertex 88 20.4 -2.4
      vertex 88 22.5101 -0.0465631
    endloop
  endfacet
  facet normal -1 -0 0
    outer loop
      vertex 88 22.7534 -0.289918
      vertex 88 20.4 -2.4
      vertex 88 22.6222 -0.177817
    endloop
  endfacet
  facet normal -1 -0 0
    outer loop
      vertex 88 22.9006 -0.380107
      vertex 88 20.4 -2.4
      vertex 88 22.7534 -0.289918
    endloop
  endfacet
  facet normal -1 0 0
    outer loop
      vertex 88 25.33 -2.4
      vertex 88 26.4 -1.33003
      vertex 88 26.4 -2.4
    endloop
  endfacet
  facet normal -1 0 0
    outer loop
      vertex 88 24.1778 -0.177817
      vertex 88 26.4 -1.33003
      vertex 88 25.33 -2.4
    endloop
  endfacet
  facet normal -1 0 0
    outer loop
      vertex 88 24.4865 0.772078
      vertex 88 26.4 -1.33003
      vertex 88 24.5 0.599999
    endloop
  endfacet
  facet normal -1 0 0
    outer loop
      vertex 88 26.4 -1.33003
      vertex 88 24.4865 0.772078
      vertex 88 26.4 3.6
    endloop
  endfacet
  facet normal -1 0 0
    outer loop
      vertex 88 24.4462 0.939919
      vertex 88 26.4 3.6
      vertex 88 24.4865 0.772078
    endloop
  endfacet
  facet normal -1 0 0
    outer loop
      vertex 88 24.3801 1.09939
      vertex 88 26.4 3.6
      vertex 88 24.4462 0.939919
    endloop
  endfacet
  facet normal -1 0 0
    outer loop
      vertex 88 24.2899 1.24656
      vertex 88 26.4 3.6
      vertex 88 24.3801 1.09939
    endloop
  endfacet
  facet normal -1 0 0
    outer loop
      vertex 88 24.1778 1.37782
      vertex 88 26.4 3.6
      vertex 88 24.2899 1.24656
    endloop
  endfacet
  facet normal -1 0 0
    outer loop
      vertex 88 24.0466 1.48992
      vertex 88 26.4 3.6
      vertex 88 24.1778 1.37782
    endloop
  endfacet
  facet normal -1 0 0
    outer loop
      vertex 88 23.8994 1.58011
      vertex 88 26.4 3.6
      vertex 88 24.0466 1.48992
    endloop
  endfacet
  facet normal -1 0 0
    outer loop
      vertex 88 23.7399 1.64616
      vertex 88 26.4 3.6
      vertex 88 23.8994 1.58011
    endloop
  endfacet
  facet normal -1 0 0
    outer loop
      vertex 88 23.5721 1.68646
      vertex 88 26.4 3.6
      vertex 88 23.7399 1.64616
    endloop
  endfacet
  facet normal -1 0 0
    outer loop
      vertex 88 23.4 1.7
      vertex 88 26.4 3.6
      vertex 88 23.5721 1.68646
    endloop
  endfacet
  facet normal -1 0 0
    outer loop
      vertex 88 20.4 3.6
      vertex 88 23.4 1.7
      vertex 88 23.2279 1.68646
    endloop
  endfacet
  facet normal -1 0 0
    outer loop
      vertex 88 20.4 3.6
      vertex 88 23.2279 1.68646
      vertex 88 23.0601 1.64616
    endloop
  endfacet
  facet normal -1 0 0
    outer loop
      vertex 88 20.4 3.6
      vertex 88 23.0601 1.64616
      vertex 88 22.9006 1.58011
    endloop
  endfacet
  facet normal -1 0 0
    outer loop
      vertex 88 20.4 3.6
      vertex 88 22.3 0.599999
      vertex 88 20.4 -2.4
    endloop
  endfacet
  facet normal -1 0 0
    outer loop
      vertex 88 22.3 0.599999
      vertex 88 20.4 3.6
      vertex 88 22.3135 0.772078
    endloop
  endfacet
  facet normal -1 0 0
    outer loop
      vertex 88 22.3135 0.772078
      vertex 88 20.4 3.6
      vertex 88 22.3538 0.939919
    endloop
  endfacet
  facet normal -1 0 0
    outer loop
      vertex 88 23.4 1.7
      vertex 88 20.4 3.6
      vertex 88 26.4 3.6
    endloop
  endfacet
  facet normal -1 0 0
    outer loop
      vertex 88 22.7534 1.48992
      vertex 88 20.4 3.6
      vertex 88 22.9006 1.58011
    endloop
  endfacet
  facet normal -1 0 0
    outer loop
      vertex 88 22.6222 1.37782
      vertex 88 20.4 3.6
      vertex 88 22.7534 1.48992
    endloop
  endfacet
  facet normal -1 0 0
    outer loop
      vertex 88 22.5101 1.24656
      vertex 88 20.4 3.6
      vertex 88 22.6222 1.37782
    endloop
  endfacet
  facet normal -1 0 0
    outer loop
      vertex 88 22.4199 1.09939
      vertex 88 20.4 3.6
      vertex 88 22.5101 1.24656
    endloop
  endfacet
  facet normal -1 0 0
    outer loop
      vertex 88 22.3538 0.939919
      vertex 88 20.4 3.6
      vertex 88 22.4199 1.09939
    endloop
  endfacet
  facet normal 0 -1 0
    outer loop
      vertex 95.33 20.4 -2.4
      vertex 88 20.4 3.6
      vertex 88 20.4 -2.4
    endloop
  endfacet
  facet normal 0 -1 0
    outer loop
      vertex 88 20.4 3.6
      vertex 95.33 20.4 -2.4
      vertex 96 20.4 3.6
    endloop
  endfacet
  facet normal 0 -1 -0
    outer loop
      vertex 96 20.4 3.6
      vertex 95.33 20.4 -2.4
      vertex 96 20.4 -2.4
    endloop
  endfacet
  facet normal 0 0.852609 0.52255
    outer loop
      vertex 96 22.5101 -0.0465631
      vertex 88 22.4199 0.10061
      vertex 96 22.4199 0.10061
    endloop
  endfacet
  facet normal 0 0.852609 0.52255
    outer loop
      vertex 88 22.4199 0.10061
      vertex 96 22.5101 -0.0465631
      vertex 88 22.5101 -0.0465631
    endloop
  endfacet
  facet normal 0 0.972363 0.233474
    outer loop
      vertex 96 22.3538 0.260081
      vertex 88 22.3135 0.427921
      vertex 96 22.3135 0.427921
    endloop
  endfacet
  facet normal 0 0.972363 0.233474
    outer loop
      vertex 88 22.3135 0.427921
      vertex 96 22.3538 0.260081
      vertex 88 22.3538 0.260081
    endloop
  endfacet
  facet normal 0 -0.233504 0.972356
    outer loop
      vertex 88 23.7399 -0.446161
      vertex 96 23.5721 -0.486457
      vertex 96 23.7399 -0.446161
    endloop
  endfacet
  facet normal 0 -0.233504 0.972356
    outer loop
      vertex 96 23.5721 -0.486457
      vertex 88 23.7399 -0.446161
      vertex 88 23.5721 -0.486457
    endloop
  endfacet
  facet normal -0 0.649601 0.760275
    outer loop
      vertex 88 22.7534 -0.289918
      vertex 96 22.6222 -0.177817
      vertex 96 22.7534 -0.289918
    endloop
  endfacet
  facet normal 0 0.649601 0.760275
    outer loop
      vertex 96 22.6222 -0.177817
      vertex 88 22.7534 -0.289918
      vertex 88 22.6222 -0.177817
    endloop
  endfacet
  facet normal 0 -0.0784328 -0.996919
    outer loop
      vertex 88 23.4 1.7
      vertex 96 23.5721 1.68646
      vertex 96 23.4 1.7
    endloop
  endfacet
  facet normal -0 -0.0784328 -0.996919
    outer loop
      vertex 96 23.5721 1.68646
      vertex 88 23.4 1.7
      vertex 88 23.5721 1.68646
    endloop
  endfacet
  facet normal 0 -0.852609 0.52255
    outer loop
      vertex 88 24.2899 -0.0465631
      vertex 96 24.3801 0.10061
      vertex 88 24.3801 0.10061
    endloop
  endfacet
  facet normal 0 -0.852609 0.52255
    outer loop
      vertex 96 24.3801 0.10061
      vertex 88 24.2899 -0.0465631
      vertex 96 24.2899 -0.0465631
    endloop
  endfacet
  facet normal 0 -0.996937 -0.078212
    outer loop
      vertex 88 24.5 0.599999
      vertex 96 24.4865 0.772078
      vertex 88 24.4865 0.772078
    endloop
  endfacet
  facet normal 0 -0.996937 -0.078212
    outer loop
      vertex 96 24.4865 0.772078
      vertex 88 24.5 0.599999
      vertex 96 24.5 0.599999
    endloop
  endfacet
  facet normal 0 0.0784328 -0.996919
    outer loop
      vertex 88 23.2279 1.68646
      vertex 96 23.4 1.7
      vertex 96 23.2279 1.68646
    endloop
  endfacet
  facet normal 0 0.0784328 -0.996919
    outer loop
      vertex 96 23.4 1.7
      vertex 88 23.2279 1.68646
      vertex 88 23.4 1.7
    endloop
  endfacet
  facet normal 0 -0.233526 -0.97235
    outer loop
      vertex 88 23.5721 1.68646
      vertex 96 23.7399 1.64616
      vertex 96 23.5721 1.68646
    endloop
  endfacet
  facet normal -0 -0.233526 -0.97235
    outer loop
      vertex 96 23.7399 1.64616
      vertex 88 23.5721 1.68646
      vertex 88 23.7399 1.64616
    endloop
  endfacet
  facet normal 0 0.76041 0.649443
    outer loop
      vertex 96 22.6222 -0.177817
      vertex 88 22.5101 -0.0465631
      vertex 96 22.5101 -0.0465631
    endloop
  endfacet
  facet normal 0 0.76041 0.649443
    outer loop
      vertex 88 22.5101 -0.0465631
      vertex 96 22.6222 -0.177817
      vertex 88 22.6222 -0.177817
    endloop
  endfacet
  facet normal -0 0.522434 0.85268
    outer loop
      vertex 88 22.9006 -0.380107
      vertex 96 22.7534 -0.289918
      vertex 96 22.9006 -0.380107
    endloop
  endfacet
  facet normal 0 0.522434 0.85268
    outer loop
      vertex 96 22.7534 -0.289918
      vertex 88 22.9006 -0.380107
      vertex 88 22.7534 -0.289918
    endloop
  endfacet
  facet normal 0 -0.382619 0.923906
    outer loop
      vertex 88 23.8994 -0.380107
      vertex 96 23.7399 -0.446161
      vertex 96 23.8994 -0.380107
    endloop
  endfacet
  facet normal 0 -0.382619 0.923906
    outer loop
      vertex 96 23.7399 -0.446161
      vertex 88 23.8994 -0.380107
      vertex 88 23.7399 -0.446161
    endloop
  endfacet
  facet normal 0 -0.76041 0.649443
    outer loop
      vertex 88 24.1778 -0.177817
      vertex 96 24.2899 -0.0465631
      vertex 88 24.2899 -0.0465631
    endloop
  endfacet
  facet normal 0 -0.76041 0.649443
    outer loop
      vertex 96 24.2899 -0.0465631
      vertex 88 24.1778 -0.177817
      vertex 96 24.1778 -0.177817
    endloop
  endfacet
  facet normal 0 -0.0784501 0.996918
    outer loop
      vertex 88 23.5721 -0.486457
      vertex 96 23.4 -0.5
      vertex 96 23.5721 -0.486457
    endloop
  endfacet
  facet normal 0 -0.0784501 0.996918
    outer loop
      vertex 96 23.4 -0.5
      vertex 88 23.5721 -0.486457
      vertex 88 23.4 -0.5
    endloop
  endfacet
  facet normal 0 0.233526 -0.97235
    outer loop
      vertex 88 23.0601 1.64616
      vertex 96 23.2279 1.68646
      vertex 96 23.0601 1.64616
    endloop
  endfacet
  facet normal 0 0.233526 -0.97235
    outer loop
      vertex 96 23.2279 1.68646
      vertex 88 23.0601 1.64616
      vertex 88 23.2279 1.68646
    endloop
  endfacet
  facet normal 0 -0.649601 0.760275
    outer loop
      vertex 88 24.1778 -0.177817
      vertex 96 24.0466 -0.289918
      vertex 96 24.1778 -0.177817
    endloop
  endfacet
  facet normal 0 -0.649601 0.760275
    outer loop
      vertex 96 24.0466 -0.289918
      vertex 88 24.1778 -0.177817
      vertex 88 24.0466 -0.289918
    endloop
  endfacet
  facet normal 0 -0.760425 -0.649426
    outer loop
      vertex 88 24.2899 1.24656
      vertex 96 24.1778 1.37782
      vertex 88 24.1778 1.37782
    endloop
  endfacet
  facet normal 0 -0.760425 -0.649426
    outer loop
      vertex 96 24.1778 1.37782
      vertex 88 24.2899 1.24656
      vertex 96 24.2899 1.24656
    endloop
  endfacet
  facet normal -0 0.0784501 0.996918
    outer loop
      vertex 88 23.4 -0.5
      vertex 96 23.2279 -0.486457
      vertex 96 23.4 -0.5
    endloop
  endfacet
  facet normal 0 0.0784501 0.996918
    outer loop
      vertex 96 23.2279 -0.486457
      vertex 88 23.4 -0.5
      vertex 88 23.2279 -0.486457
    endloop
  endfacet
  facet normal 0 0.972363 -0.233472
    outer loop
      vertex 96 22.3135 0.772078
      vertex 88 22.3538 0.939919
      vertex 96 22.3538 0.939919
    endloop
  endfacet
  facet normal 0 0.972363 -0.233472
    outer loop
      vertex 88 22.3538 0.939919
      vertex 96 22.3135 0.772078
      vertex 88 22.3135 0.772078
    endloop
  endfacet
  facet normal 0 0.923787 0.382906
    outer loop
      vertex 96 22.4199 0.10061
      vertex 88 22.3538 0.260081
      vertex 96 22.3538 0.260081
    endloop
  endfacet
  facet normal 0 0.923787 0.382906
    outer loop
      vertex 88 22.3538 0.260081
      vertex 96 22.4199 0.10061
      vertex 88 22.4199 0.10061
    endloop
  endfacet
  facet normal 0 -0.522434 0.85268
    outer loop
      vertex 88 24.0466 -0.289918
      vertex 96 23.8994 -0.380107
      vertex 96 24.0466 -0.289918
    endloop
  endfacet
  facet normal 0 -0.522434 0.85268
    outer loop
      vertex 96 23.8994 -0.380107
      vertex 88 24.0466 -0.289918
      vertex 88 23.8994 -0.380107
    endloop
  endfacet
  facet normal 0 0.522438 -0.852677
    outer loop
      vertex 88 22.7534 1.48992
      vertex 96 22.9006 1.58011
      vertex 96 22.7534 1.48992
    endloop
  endfacet
  facet normal 0 0.522438 -0.852677
    outer loop
      vertex 96 22.9006 1.58011
      vertex 88 22.7534 1.48992
      vertex 88 22.9006 1.58011
    endloop
  endfacet
  facet normal 0 -0.382599 -0.923914
    outer loop
      vertex 88 23.7399 1.64616
      vertex 96 23.8994 1.58011
      vertex 96 23.7399 1.64616
    endloop
  endfacet
  facet normal -0 -0.382599 -0.923914
    outer loop
      vertex 96 23.8994 1.58011
      vertex 88 23.7399 1.64616
      vertex 88 23.8994 1.58011
    endloop
  endfacet
  facet normal 0 0.923787 -0.382906
    outer loop
      vertex 96 22.3538 0.939919
      vertex 88 22.4199 1.09939
      vertex 96 22.4199 1.09939
    endloop
  endfacet
  facet normal 0 0.923787 -0.382906
    outer loop
      vertex 88 22.4199 1.09939
      vertex 96 22.3538 0.939919
      vertex 88 22.3538 0.939919
    endloop
  endfacet
  facet normal 0 0.649598 -0.760278
    outer loop
      vertex 88 22.6222 1.37782
      vertex 96 22.7534 1.48992
      vertex 96 22.6222 1.37782
    endloop
  endfacet
  facet normal 0 0.649598 -0.760278
    outer loop
      vertex 96 22.7534 1.48992
      vertex 88 22.6222 1.37782
      vertex 88 22.7534 1.48992
    endloop
  endfacet
  facet normal 0 -0.649598 -0.760278
    outer loop
      vertex 88 24.0466 1.48992
      vertex 96 24.1778 1.37782
      vertex 96 24.0466 1.48992
    endloop
  endfacet
  facet normal -0 -0.649598 -0.760278
    outer loop
      vertex 96 24.1778 1.37782
      vertex 88 24.0466 1.48992
      vertex 88 24.1778 1.37782
    endloop
  endfacet
  facet normal 0 -0.972363 -0.233472
    outer loop
      vertex 88 24.4865 0.772078
      vertex 96 24.4462 0.939919
      vertex 88 24.4462 0.939919
    endloop
  endfacet
  facet normal 0 -0.972363 -0.233472
    outer loop
      vertex 96 24.4462 0.939919
      vertex 88 24.4865 0.772078
      vertex 96 24.4865 0.772078
    endloop
  endfacet
  facet normal 0 -0.852604 -0.522558
    outer loop
      vertex 88 24.3801 1.09939
      vertex 96 24.2899 1.24656
      vertex 88 24.2899 1.24656
    endloop
  endfacet
  facet normal 0 -0.852604 -0.522558
    outer loop
      vertex 96 24.2899 1.24656
      vertex 88 24.3801 1.09939
      vertex 96 24.3801 1.09939
    endloop
  endfacet
  facet normal 0 -0.996937 0.0782125
    outer loop
      vertex 88 24.4865 0.427921
      vertex 96 24.5 0.599999
      vertex 88 24.5 0.599999
    endloop
  endfacet
  facet normal 0 -0.996937 0.0782125
    outer loop
      vertex 96 24.5 0.599999
      vertex 88 24.4865 0.427921
      vertex 96 24.4865 0.427921
    endloop
  endfacet
  facet normal 0 0.382599 -0.923914
    outer loop
      vertex 88 22.9006 1.58011
      vertex 96 23.0601 1.64616
      vertex 96 22.9006 1.58011
    endloop
  endfacet
  facet normal 0 0.382599 -0.923914
    outer loop
      vertex 96 23.0601 1.64616
      vertex 88 22.9006 1.58011
      vertex 88 23.0601 1.64616
    endloop
  endfacet
  facet normal -0 0.233504 0.972356
    outer loop
      vertex 88 23.2279 -0.486457
      vertex 96 23.0601 -0.446161
      vertex 96 23.2279 -0.486457
    endloop
  endfacet
  facet normal 0 0.233504 0.972356
    outer loop
      vertex 96 23.0601 -0.446161
      vertex 88 23.2279 -0.486457
      vertex 88 23.0601 -0.446161
    endloop
  endfacet
  facet normal 0 0.996937 0.0782125
    outer loop
      vertex 96 22.3135 0.427921
      vertex 88 22.3 0.599999
      vertex 96 22.3 0.599999
    endloop
  endfacet
  facet normal 0 0.996937 0.0782125
    outer loop
      vertex 88 22.3 0.599999
      vertex 96 22.3135 0.427921
      vertex 88 22.3135 0.427921
    endloop
  endfacet
  facet normal 0 -0.522438 -0.852677
    outer loop
      vertex 88 23.8994 1.58011
      vertex 96 24.0466 1.48992
      vertex 96 23.8994 1.58011
    endloop
  endfacet
  facet normal -0 -0.522438 -0.852677
    outer loop
      vertex 96 24.0466 1.48992
      vertex 88 23.8994 1.58011
      vertex 88 24.0466 1.48992
    endloop
  endfacet
  facet normal 0 -0.923787 0.382906
    outer loop
      vertex 88 24.3801 0.10061
      vertex 96 24.4462 0.260081
      vertex 88 24.4462 0.260081
    endloop
  endfacet
  facet normal 0 -0.923787 0.382906
    outer loop
      vertex 96 24.4462 0.260081
      vertex 88 24.3801 0.10061
      vertex 96 24.3801 0.10061
    endloop
  endfacet
  facet normal 0 -0.923787 -0.382906
    outer loop
      vertex 88 24.4462 0.939919
      vertex 96 24.3801 1.09939
      vertex 88 24.3801 1.09939
    endloop
  endfacet
  facet normal 0 -0.923787 -0.382906
    outer loop
      vertex 96 24.3801 1.09939
      vertex 88 24.4462 0.939919
      vertex 96 24.4462 0.939919
    endloop
  endfacet
  facet normal 0 0.996937 -0.078212
    outer loop
      vertex 96 22.3 0.599999
      vertex 88 22.3135 0.772078
      vertex 96 22.3135 0.772078
    endloop
  endfacet
  facet normal 0 0.996937 -0.078212
    outer loop
      vertex 88 22.3135 0.772078
      vertex 96 22.3 0.599999
      vertex 88 22.3 0.599999
    endloop
  endfacet
  facet normal 0 -0.972363 0.233474
    outer loop
      vertex 88 24.4462 0.260081
      vertex 96 24.4865 0.427921
      vertex 88 24.4865 0.427921
    endloop
  endfacet
  facet normal 0 -0.972363 0.233474
    outer loop
      vertex 96 24.4865 0.427921
      vertex 88 24.4462 0.260081
      vertex 96 24.4462 0.260081
    endloop
  endfacet
  facet normal -0 0.382619 0.923906
    outer loop
      vertex 88 23.0601 -0.446161
      vertex 96 22.9006 -0.380107
      vertex 96 23.0601 -0.446161
    endloop
  endfacet
  facet normal 0 0.382619 0.923906
    outer loop
      vertex 96 22.9006 -0.380107
      vertex 88 23.0601 -0.446161
      vertex 88 22.9006 -0.380107
    endloop
  endfacet
  facet normal 0 0.760425 -0.649426
    outer loop
      vertex 96 22.5101 1.24656
      vertex 88 22.6222 1.37782
      vertex 96 22.6222 1.37782
    endloop
  endfacet
  facet normal 0 0.760425 -0.649426
    outer loop
      vertex 88 22.6222 1.37782
      vertex 96 22.5101 1.24656
      vertex 88 22.5101 1.24656
    endloop
  endfacet
  facet normal 0 0.852604 -0.522558
    outer loop
      vertex 96 22.4199 1.09939
      vertex 88 22.5101 1.24656
      vertex 96 22.5101 1.24656
    endloop
  endfacet
  facet normal 0 0.852604 -0.522558
    outer loop
      vertex 88 22.5101 1.24656
      vertex 96 22.4199 1.09939
      vertex 88 22.4199 1.09939
    endloop
  endfacet
  facet normal 1 0 0
    outer loop
      vertex 96 26.4 36.4
      vertex 96 24.5 33.4
      vertex 96 26.4 30.4
    endloop
  endfacet
  facet normal 1 0 0
    outer loop
      vertex 96 26.4 36.4
      vertex 96 24.4865 33.5721
      vertex 96 24.5 33.4
    endloop
  endfacet
  facet normal 1 0 0
    outer loop
      vertex 96 26.4 36.4
      vertex 96 24.4462 33.7399
      vertex 96 24.4865 33.5721
    endloop
  endfacet
  facet normal 1 0 0
    outer loop
      vertex 96 26.4 36.4
      vertex 96 24.3801 33.8994
      vertex 96 24.4462 33.7399
    endloop
  endfacet
  facet normal 1 0 0
    outer loop
      vertex 96 26.4 36.4
      vertex 96 24.2899 34.0466
      vertex 96 24.3801 33.8994
    endloop
  endfacet
  facet normal 1 0 0
    outer loop
      vertex 96 26.4 36.4
      vertex 96 24.1778 34.1778
      vertex 96 24.2899 34.0466
    endloop
  endfacet
  facet normal 1 0 0
    outer loop
      vertex 96 26.4 36.4
      vertex 96 24.0466 34.2899
      vertex 96 24.1778 34.1778
    endloop
  endfacet
  facet normal 1 0 0
    outer loop
      vertex 96 26.4 36.4
      vertex 96 23.8994 34.3801
      vertex 96 24.0466 34.2899
    endloop
  endfacet
  facet normal 1 0 0
    outer loop
      vertex 96 26.4 36.4
      vertex 96 23.7399 34.4462
      vertex 96 23.8994 34.3801
    endloop
  endfacet
  facet normal 1 0 0
    outer loop
      vertex 96 26.4 36.4
      vertex 96 23.5721 34.4865
      vertex 96 23.7399 34.4462
    endloop
  endfacet
  facet normal 1 0 0
    outer loop
      vertex 96 26.4 36.4
      vertex 96 23.4 34.5
      vertex 96 23.5721 34.4865
    endloop
  endfacet
  facet normal 1 -0 0
    outer loop
      vertex 96 20.4 36.4
      vertex 96 23.4 34.5
      vertex 96 26.4 36.4
    endloop
  endfacet
  facet normal 1 0 0
    outer loop
      vertex 96 23.4 34.5
      vertex 96 20.4 36.4
      vertex 96 23.2279 34.4865
    endloop
  endfacet
  facet normal 1 0 0
    outer loop
      vertex 96 23.2279 34.4865
      vertex 96 20.4 36.4
      vertex 96 23.0601 34.4462
    endloop
  endfacet
  facet normal 1 0 0
    outer loop
      vertex 96 22.3135 33.5721
      vertex 96 20.4 36.4
      vertex 96 22.3 33.4
    endloop
  endfacet
  facet normal 1 0 0
    outer loop
      vertex 96 22.3538 33.7399
      vertex 96 20.4 36.4
      vertex 96 22.3135 33.5721
    endloop
  endfacet
  facet normal 1 0 0
    outer loop
      vertex 96 22.4199 33.8994
      vertex 96 20.4 36.4
      vertex 96 22.3538 33.7399
    endloop
  endfacet
  facet normal 1 0 0
    outer loop
      vertex 96 22.5101 34.0466
      vertex 96 20.4 36.4
      vertex 96 22.4199 33.8994
    endloop
  endfacet
  facet normal 1 0 0
    outer loop
      vertex 96 22.6222 34.1778
      vertex 96 20.4 36.4
      vertex 96 22.5101 34.0466
    endloop
  endfacet
  facet normal 1 0 0
    outer loop
      vertex 96 22.7534 34.2899
      vertex 96 20.4 36.4
      vertex 96 22.6222 34.1778
    endloop
  endfacet
  facet normal 1 0 0
    outer loop
      vertex 96 22.9006 34.3801
      vertex 96 20.4 36.4
      vertex 96 22.7534 34.2899
    endloop
  endfacet
  facet normal 1 0 0
    outer loop
      vertex 96 23.0601 34.4462
      vertex 96 20.4 36.4
      vertex 96 22.9006 34.3801
    endloop
  endfacet
  facet normal 1 -0 0
    outer loop
      vertex 96 24.4865 33.2279
      vertex 96 26.4 30.4
      vertex 96 24.5 33.4
    endloop
  endfacet
  facet normal 1 -0 0
    outer loop
      vertex 96 24.4462 33.0601
      vertex 96 26.4 30.4
      vertex 96 24.4865 33.2279
    endloop
  endfacet
  facet normal 1 -0 0
    outer loop
      vertex 96 24.3801 32.9006
      vertex 96 26.4 30.4
      vertex 96 24.4462 33.0601
    endloop
  endfacet
  facet normal 1 -0 0
    outer loop
      vertex 96 24.2899 32.7534
      vertex 96 26.4 30.4
      vertex 96 24.3801 32.9006
    endloop
  endfacet
  facet normal 1 -0 0
    outer loop
      vertex 96 24.1778 32.6222
      vertex 96 26.4 30.4
      vertex 96 24.2899 32.7534
    endloop
  endfacet
  facet normal 1 -0 0
    outer loop
      vertex 96 24.0466 32.5101
      vertex 96 26.4 30.4
      vertex 96 24.1778 32.6222
    endloop
  endfacet
  facet normal 1 -0 0
    outer loop
      vertex 96 23.8994 32.4199
      vertex 96 26.4 30.4
      vertex 96 24.0466 32.5101
    endloop
  endfacet
  facet normal 1 -0 0
    outer loop
      vertex 96 23.7399 32.3538
      vertex 96 26.4 30.4
      vertex 96 23.8994 32.4199
    endloop
  endfacet
  facet normal 1 -0 0
    outer loop
      vertex 96 23.5721 32.3135
      vertex 96 26.4 30.4
      vertex 96 23.7399 32.3538
    endloop
  endfacet
  facet normal 1 -0 0
    outer loop
      vertex 96 23.4 32.3
      vertex 96 26.4 30.4
      vertex 96 23.5721 32.3135
    endloop
  endfacet
  facet normal 1 0 0
    outer loop
      vertex 96 20.4 30.4
      vertex 96 23.4 32.3
      vertex 96 23.2279 32.3135
    endloop
  endfacet
  facet normal 1 0 0
    outer loop
      vertex 96 20.4 30.4
      vertex 96 23.2279 32.3135
      vertex 96 23.0601 32.3538
    endloop
  endfacet
  facet normal 1 0 0
    outer loop
      vertex 96 20.4 30.4
      vertex 96 23.0601 32.3538
      vertex 96 22.9006 32.4199
    endloop
  endfacet
  facet normal 1 0 0
    outer loop
      vertex 96 20.4 30.4
      vertex 96 22.3 33.4
      vertex 96 20.4 36.4
    endloop
  endfacet
  facet normal 1 0 0
    outer loop
      vertex 96 22.3 33.4
      vertex 96 20.4 30.4
      vertex 96 22.3135 33.2279
    endloop
  endfacet
  facet normal 1 0 0
    outer loop
      vertex 96 22.3135 33.2279
      vertex 96 20.4 30.4
      vertex 96 22.3538 33.0601
    endloop
  endfacet
  facet normal 1 0 0
    outer loop
      vertex 96 23.4 32.3
      vertex 96 20.4 30.4
      vertex 96 26.4 30.4
    endloop
  endfacet
  facet normal 1 0 0
    outer loop
      vertex 96 22.7534 32.5101
      vertex 96 20.4 30.4
      vertex 96 22.9006 32.4199
    endloop
  endfacet
  facet normal 1 0 0
    outer loop
      vertex 96 22.6222 32.6222
      vertex 96 20.4 30.4
      vertex 96 22.7534 32.5101
    endloop
  endfacet
  facet normal 1 0 0
    outer loop
      vertex 96 22.5101 32.7534
      vertex 96 20.4 30.4
      vertex 96 22.6222 32.6222
    endloop
  endfacet
  facet normal 1 0 0
    outer loop
      vertex 96 22.4199 32.9006
      vertex 96 20.4 30.4
      vertex 96 22.5101 32.7534
    endloop
  endfacet
  facet normal 1 0 0
    outer loop
      vertex 96 22.3538 33.0601
      vertex 96 20.4 30.4
      vertex 96 22.4199 32.9006
    endloop
  endfacet
  facet normal 0 0 -1
    outer loop
      vertex 96 20.4 30.4
      vertex 95.2572 26.4 30.4
      vertex 96 26.4 30.4
    endloop
  endfacet
  facet normal 0 0 -1
    outer loop
      vertex 96 20.4 30.4
      vertex 91.188 26.4 30.4
      vertex 95.2572 26.4 30.4
    endloop
  endfacet
  facet normal 0 0 -1
    outer loop
      vertex 88 20.4 30.4
      vertex 91.188 26.4 30.4
      vertex 96 20.4 30.4
    endloop
  endfacet
  facet normal -0 0 -1
    outer loop
      vertex 91.188 26.4 30.4
      vertex 88 20.4 30.4
      vertex 88 26.4 30.4
    endloop
  endfacet
  facet normal -1 0 0
    outer loop
      vertex 88 24.4462 33.0601
      vertex 88 26.4 34.25
      vertex 88 26.4 30.4
    endloop
  endfacet
  facet normal -1 0 -0
    outer loop
      vertex 88 24.5 33.4
      vertex 88 26.4 34.25
      vertex 88 24.4865 33.2279
    endloop
  endfacet
  facet normal -1 0 0
    outer loop
      vertex 88 24.4462 33.7399
      vertex 88 26.4 34.25
      vertex 88 24.4865 33.5721
    endloop
  endfacet
  facet normal -1 0 0
    outer loop
      vertex 88 24.3801 33.8994
      vertex 88 26.4 34.25
      vertex 88 24.4462 33.7399
    endloop
  endfacet
  facet normal -1 0 0
    outer loop
      vertex 88 24.4865 33.5721
      vertex 88 26.4 34.25
      vertex 88 24.5 33.4
    endloop
  endfacet
  facet normal -1 0 0
    outer loop
      vertex 88 26.4 34.25
      vertex 88 24.4462 33.0601
      vertex 88 24.4865 33.2279
    endloop
  endfacet
  facet normal -1 0 0
    outer loop
      vertex 88 26.4 30.4
      vertex 88 24.3801 32.9006
      vertex 88 24.4462 33.0601
    endloop
  endfacet
  facet normal -1 0 0
    outer loop
      vertex 88 26.4 30.4
      vertex 88 24.2899 32.7534
      vertex 88 24.3801 32.9006
    endloop
  endfacet
  facet normal -1 0 0
    outer loop
      vertex 88 26.4 30.4
      vertex 88 24.1778 32.6222
      vertex 88 24.2899 32.7534
    endloop
  endfacet
  facet normal -1 0 0
    outer loop
      vertex 88 26.4 30.4
      vertex 88 24.0466 32.5101
      vertex 88 24.1778 32.6222
    endloop
  endfacet
  facet normal -1 0 0
    outer loop
      vertex 88 26.4 30.4
      vertex 88 23.8994 32.4199
      vertex 88 24.0466 32.5101
    endloop
  endfacet
  facet normal -1 0 0
    outer loop
      vertex 88 26.4 30.4
      vertex 88 23.7399 32.3538
      vertex 88 23.8994 32.4199
    endloop
  endfacet
  facet normal -1 0 0
    outer loop
      vertex 88 26.4 30.4
      vertex 88 23.5721 32.3135
      vertex 88 23.7399 32.3538
    endloop
  endfacet
  facet normal -1 0 0
    outer loop
      vertex 88 26.4 30.4
      vertex 88 23.4 32.3
      vertex 88 23.5721 32.3135
    endloop
  endfacet
  facet normal -1 0 0
    outer loop
      vertex 88 20.4 30.4
      vertex 88 23.4 32.3
      vertex 88 26.4 30.4
    endloop
  endfacet
  facet normal -1 -0 0
    outer loop
      vertex 88 23.4 32.3
      vertex 88 20.4 30.4
      vertex 88 23.2279 32.3135
    endloop
  endfacet
  facet normal -1 -0 0
    outer loop
      vertex 88 23.2279 32.3135
      vertex 88 20.4 30.4
      vertex 88 23.0601 32.3538
    endloop
  endfacet
  facet normal -1 -0 0
    outer loop
      vertex 88 22.3135 33.2279
      vertex 88 20.4 30.4
      vertex 88 22.3 33.4
    endloop
  endfacet
  facet normal -1 -0 0
    outer loop
      vertex 88 22.3538 33.0601
      vertex 88 20.4 30.4
      vertex 88 22.3135 33.2279
    endloop
  endfacet
  facet normal -1 -0 0
    outer loop
      vertex 88 22.4199 32.9006
      vertex 88 20.4 30.4
      vertex 88 22.3538 33.0601
    endloop
  endfacet
  facet normal -1 -0 0
    outer loop
      vertex 88 22.5101 32.7534
      vertex 88 20.4 30.4
      vertex 88 22.4199 32.9006
    endloop
  endfacet
  facet normal -1 -0 0
    outer loop
      vertex 88 22.6222 32.6222
      vertex 88 20.4 30.4
      vertex 88 22.5101 32.7534
    endloop
  endfacet
  facet normal -1 -0 0
    outer loop
      vertex 88 22.7534 32.5101
      vertex 88 20.4 30.4
      vertex 88 22.6222 32.6222
    endloop
  endfacet
  facet normal -1 -0 0
    outer loop
      vertex 88 22.9006 32.4199
      vertex 88 20.4 30.4
      vertex 88 22.7534 32.5101
    endloop
  endfacet
  facet normal -1 -0 0
    outer loop
      vertex 88 23.0601 32.3538
      vertex 88 20.4 30.4
      vertex 88 22.9006 32.4199
    endloop
  endfacet
  facet normal -1 0 0
    outer loop
      vertex 88 24.2899 34.0466
      vertex 88 26.4 34.25
      vertex 88 24.3801 33.8994
    endloop
  endfacet
  facet normal -1 -0 0
    outer loop
      vertex 88 26.4 34.25
      vertex 88 24.2899 34.0466
      vertex 88 26.4 35.33
    endloop
  endfacet
  facet normal -1 0 0
    outer loop
      vertex 88 26.4 35.33
      vertex 88 25.33 36.4
      vertex 88 26.4 36.4
    endloop
  endfacet
  facet normal -1 0 0
    outer loop
      vertex 88 24.1778 34.1778
      vertex 88 26.4 35.33
      vertex 88 24.2899 34.0466
    endloop
  endfacet
  facet normal -1 -0 0
    outer loop
      vertex 88 26.4 35.33
      vertex 88 24.1778 34.1778
      vertex 88 25.33 36.4
    endloop
  endfacet
  facet normal -1 0 0
    outer loop
      vertex 88 24.0466 34.2899
      vertex 88 25.33 36.4
      vertex 88 24.1778 34.1778
    endloop
  endfacet
  facet normal -1 0 0
    outer loop
      vertex 88 23.8994 34.3801
      vertex 88 25.33 36.4
      vertex 88 24.0466 34.2899
    endloop
  endfacet
  facet normal -1 0 0
    outer loop
      vertex 88 23.7399 34.4462
      vertex 88 25.33 36.4
      vertex 88 23.8994 34.3801
    endloop
  endfacet
  facet normal -1 0 0
    outer loop
      vertex 88 23.5721 34.4865
      vertex 88 25.33 36.4
      vertex 88 23.7399 34.4462
    endloop
  endfacet
  facet normal -1 0 0
    outer loop
      vertex 88 23.4 34.5
      vertex 88 25.33 36.4
      vertex 88 23.5721 34.4865
    endloop
  endfacet
  facet normal -1 0 0
    outer loop
      vertex 88 23.2279 34.4865
      vertex 88 25.33 36.4
      vertex 88 23.4 34.5
    endloop
  endfacet
  facet normal -1 0 0
    outer loop
      vertex 88 20.4 36.4
      vertex 88 23.2279 34.4865
      vertex 88 23.0601 34.4462
    endloop
  endfacet
  facet normal -1 0 0
    outer loop
      vertex 88 20.4 36.4
      vertex 88 23.0601 34.4462
      vertex 88 22.9006 34.3801
    endloop
  endfacet
  facet normal -1 0 0
    outer loop
      vertex 88 20.4 36.4
      vertex 88 22.9006 34.3801
      vertex 88 22.7534 34.2899
    endloop
  endfacet
  facet normal -1 0 0
    outer loop
      vertex 88 20.4 36.4
      vertex 88 22.3 33.4
      vertex 88 20.4 30.4
    endloop
  endfacet
  facet normal -1 0 0
    outer loop
      vertex 88 22.3 33.4
      vertex 88 20.4 36.4
      vertex 88 22.3135 33.5721
    endloop
  endfacet
  facet normal -1 0 0
    outer loop
      vertex 88 22.3135 33.5721
      vertex 88 20.4 36.4
      vertex 88 22.3538 33.7399
    endloop
  endfacet
  facet normal -1 0 0
    outer loop
      vertex 88 23.2279 34.4865
      vertex 88 20.4 36.4
      vertex 88 25.33 36.4
    endloop
  endfacet
  facet normal -1 0 0
    outer loop
      vertex 88 22.6222 34.1778
      vertex 88 20.4 36.4
      vertex 88 22.7534 34.2899
    endloop
  endfacet
  facet normal -1 0 0
    outer loop
      vertex 88 22.5101 34.0466
      vertex 88 20.4 36.4
      vertex 88 22.6222 34.1778
    endloop
  endfacet
  facet normal -1 0 0
    outer loop
      vertex 88 22.4199 33.8994
      vertex 88 20.4 36.4
      vertex 88 22.5101 34.0466
    endloop
  endfacet
  facet normal -1 0 0
    outer loop
      vertex 88 22.3538 33.7399
      vertex 88 20.4 36.4
      vertex 88 22.4199 33.8994
    endloop
  endfacet
  facet normal 0 -1 0
    outer loop
      vertex 88 20.4 30.4
      vertex 95.33 20.4 36.4
      vertex 88 20.4 36.4
    endloop
  endfacet
  facet normal 0 -1 0
    outer loop
      vertex 96 20.4 30.4
      vertex 95.33 20.4 36.4
      vertex 88 20.4 30.4
    endloop
  endfacet
  facet normal 0 -1 0
    outer loop
      vertex 95.33 20.4 36.4
      vertex 96 20.4 30.4
      vertex 96 20.4 36.4
    endloop
  endfacet
  facet normal 0 -0.97235 0.233526
    outer loop
      vertex 88 24.4462 33.0601
      vertex 96 24.4865 33.2279
      vertex 88 24.4865 33.2279
    endloop
  endfacet
  facet normal 0 -0.97235 0.233526
    outer loop
      vertex 96 24.4865 33.2279
      vertex 88 24.4462 33.0601
      vertex 96 24.4462 33.0601
    endloop
  endfacet
  facet normal 0 0.97235 0.233526
    outer loop
      vertex 96 22.3538 33.0601
      vertex 88 22.3135 33.2279
      vertex 96 22.3135 33.2279
    endloop
  endfacet
  facet normal 0 0.97235 0.233526
    outer loop
      vertex 88 22.3135 33.2279
      vertex 96 22.3538 33.0601
      vertex 88 22.3538 33.0601
    endloop
  endfacet
  facet normal 0 -0.233526 0.97235
    outer loop
      vertex 88 23.7399 32.3538
      vertex 96 23.5721 32.3135
      vertex 96 23.7399 32.3538
    endloop
  endfacet
  facet normal 0 -0.233526 0.97235
    outer loop
      vertex 96 23.5721 32.3135
      vertex 88 23.7399 32.3538
      vertex 88 23.5721 32.3135
    endloop
  endfacet
  facet normal 0 -0.649598 0.760278
    outer loop
      vertex 88 24.1778 32.6222
      vertex 96 24.0466 32.5101
      vertex 96 24.1778 32.6222
    endloop
  endfacet
  facet normal 0 -0.649598 0.760278
    outer loop
      vertex 96 24.0466 32.5101
      vertex 88 24.1778 32.6222
      vertex 88 24.0466 32.5101
    endloop
  endfacet
  facet normal 0 -0.760278 -0.649598
    outer loop
      vertex 88 24.2899 34.0466
      vertex 96 24.1778 34.1778
      vertex 88 24.1778 34.1778
    endloop
  endfacet
  facet normal 0 -0.760278 -0.649598
    outer loop
      vertex 96 24.1778 34.1778
      vertex 88 24.2899 34.0466
      vertex 96 24.2899 34.0466
    endloop
  endfacet
  facet normal 0 0.996937 0.0782025
    outer loop
      vertex 96 22.3135 33.2279
      vertex 88 22.3 33.4
      vertex 96 22.3 33.4
    endloop
  endfacet
  facet normal 0 0.996937 0.0782025
    outer loop
      vertex 88 22.3 33.4
      vertex 96 22.3135 33.2279
      vertex 88 22.3135 33.2279
    endloop
  endfacet
  facet normal 0 0.0782025 -0.996937
    outer loop
      vertex 88 23.2279 34.4865
      vertex 96 23.4 34.5
      vertex 96 23.2279 34.4865
    endloop
  endfacet
  facet normal 0 0.0782025 -0.996937
    outer loop
      vertex 96 23.4 34.5
      vertex 88 23.2279 34.4865
      vertex 88 23.4 34.5
    endloop
  endfacet
  facet normal 0 0.649598 -0.760278
    outer loop
      vertex 88 22.6222 34.1778
      vertex 96 22.7534 34.2899
      vertex 96 22.6222 34.1778
    endloop
  endfacet
  facet normal 0 0.649598 -0.760278
    outer loop
      vertex 96 22.7534 34.2899
      vertex 88 22.6222 34.1778
      vertex 88 22.7534 34.2899
    endloop
  endfacet
  facet normal 0 -0.233526 -0.97235
    outer loop
      vertex 88 23.5721 34.4865
      vertex 96 23.7399 34.4462
      vertex 96 23.5721 34.4865
    endloop
  endfacet
  facet normal -0 -0.233526 -0.97235
    outer loop
      vertex 96 23.7399 34.4462
      vertex 88 23.5721 34.4865
      vertex 88 23.7399 34.4462
    endloop
  endfacet
  facet normal 0 -0.996937 -0.0782025
    outer loop
      vertex 88 24.5 33.4
      vertex 96 24.4865 33.5721
      vertex 88 24.4865 33.5721
    endloop
  endfacet
  facet normal 0 -0.996937 -0.0782025
    outer loop
      vertex 96 24.4865 33.5721
      vertex 88 24.5 33.4
      vertex 96 24.5 33.4
    endloop
  endfacet
  facet normal 0 -0.382846 0.923812
    outer loop
      vertex 88 23.8994 32.4199
      vertex 96 23.7399 32.3538
      vertex 96 23.8994 32.4199
    endloop
  endfacet
  facet normal 0 -0.382846 0.923812
    outer loop
      vertex 96 23.7399 32.3538
      vertex 88 23.8994 32.4199
      vertex 88 23.7399 32.3538
    endloop
  endfacet
  facet normal 0 -0.0782025 0.996937
    outer loop
      vertex 88 23.5721 32.3135
      vertex 96 23.4 32.3
      vertex 96 23.5721 32.3135
    endloop
  endfacet
  facet normal 0 -0.0782025 0.996937
    outer loop
      vertex 96 23.4 32.3
      vertex 88 23.5721 32.3135
      vertex 88 23.4 32.3
    endloop
  endfacet
  facet normal 0 0.923812 -0.382846
    outer loop
      vertex 96 22.3538 33.7399
      vertex 88 22.4199 33.8994
      vertex 96 22.4199 33.8994
    endloop
  endfacet
  facet normal 0 0.923812 -0.382846
    outer loop
      vertex 88 22.4199 33.8994
      vertex 96 22.3538 33.7399
      vertex 88 22.3538 33.7399
    endloop
  endfacet
  facet normal -0 0.522481 0.852651
    outer loop
      vertex 88 22.9006 32.4199
      vertex 96 22.7534 32.5101
      vertex 96 22.9006 32.4199
    endloop
  endfacet
  facet normal 0 0.522481 0.852651
    outer loop
      vertex 96 22.7534 32.5101
      vertex 88 22.9006 32.4199
      vertex 88 22.7534 32.5101
    endloop
  endfacet
  facet normal 0 -0.382846 -0.923812
    outer loop
      vertex 88 23.7399 34.4462
      vertex 96 23.8994 34.3801
      vertex 96 23.7399 34.4462
    endloop
  endfacet
  facet normal -0 -0.382846 -0.923812
    outer loop
      vertex 96 23.8994 34.3801
      vertex 88 23.7399 34.4462
      vertex 88 23.8994 34.3801
    endloop
  endfacet
  facet normal 0 0.852651 0.522481
    outer loop
      vertex 96 22.5101 32.7534
      vertex 88 22.4199 32.9006
      vertex 96 22.4199 32.9006
    endloop
  endfacet
  facet normal 0 0.852651 0.522481
    outer loop
      vertex 88 22.4199 32.9006
      vertex 96 22.5101 32.7534
      vertex 88 22.5101 32.7534
    endloop
  endfacet
  facet normal 0 -0.0782025 -0.996937
    outer loop
      vertex 88 23.4 34.5
      vertex 96 23.5721 34.4865
      vertex 96 23.4 34.5
    endloop
  endfacet
  facet normal -0 -0.0782025 -0.996937
    outer loop
      vertex 96 23.5721 34.4865
      vertex 88 23.4 34.5
      vertex 88 23.5721 34.4865
    endloop
  endfacet
  facet normal 0 -0.923812 -0.382846
    outer loop
      vertex 88 24.4462 33.7399
      vertex 96 24.3801 33.8994
      vertex 88 24.3801 33.8994
    endloop
  endfacet
  facet normal 0 -0.923812 -0.382846
    outer loop
      vertex 96 24.3801 33.8994
      vertex 88 24.4462 33.7399
      vertex 96 24.4462 33.7399
    endloop
  endfacet
  facet normal 0 0.760278 0.649598
    outer loop
      vertex 96 22.6222 32.6222
      vertex 88 22.5101 32.7534
      vertex 96 22.5101 32.7534
    endloop
  endfacet
  facet normal 0 0.760278 0.649598
    outer loop
      vertex 88 22.5101 32.7534
      vertex 96 22.6222 32.6222
      vertex 88 22.6222 32.6222
    endloop
  endfacet
  facet normal 0 -0.522481 -0.852651
    outer loop
      vertex 88 23.8994 34.3801
      vertex 96 24.0466 34.2899
      vertex 96 23.8994 34.3801
    endloop
  endfacet
  facet normal -0 -0.522481 -0.852651
    outer loop
      vertex 96 24.0466 34.2899
      vertex 88 23.8994 34.3801
      vertex 88 24.0466 34.2899
    endloop
  endfacet
  facet normal 0 -0.522481 0.852651
    outer loop
      vertex 88 24.0466 32.5101
      vertex 96 23.8994 32.4199
      vertex 96 24.0466 32.5101
    endloop
  endfacet
  facet normal 0 -0.522481 0.852651
    outer loop
      vertex 96 23.8994 32.4199
      vertex 88 24.0466 32.5101
      vertex 88 23.8994 32.4199
    endloop
  endfacet
  facet normal 0 -0.97235 -0.233526
    outer loop
      vertex 88 24.4865 33.5721
      vertex 96 24.4462 33.7399
      vertex 88 24.4462 33.7399
    endloop
  endfacet
  facet normal 0 -0.97235 -0.233526
    outer loop
      vertex 96 24.4462 33.7399
      vertex 88 24.4865 33.5721
      vertex 96 24.4865 33.5721
    endloop
  endfacet
  facet normal 0 -0.760278 0.649598
    outer loop
      vertex 88 24.1778 32.6222
      vertex 96 24.2899 32.7534
      vertex 88 24.2899 32.7534
    endloop
  endfacet
  facet normal 0 -0.760278 0.649598
    outer loop
      vertex 96 24.2899 32.7534
      vertex 88 24.1778 32.6222
      vertex 96 24.1778 32.6222
    endloop
  endfacet
  facet normal 0 -0.852651 0.522481
    outer loop
      vertex 88 24.2899 32.7534
      vertex 96 24.3801 32.9006
      vertex 88 24.3801 32.9006
    endloop
  endfacet
  facet normal 0 -0.852651 0.522481
    outer loop
      vertex 96 24.3801 32.9006
      vertex 88 24.2899 32.7534
      vertex 96 24.2899 32.7534
    endloop
  endfacet
  facet normal -0 0.382846 0.923812
    outer loop
      vertex 88 23.0601 32.3538
      vertex 96 22.9006 32.4199
      vertex 96 23.0601 32.3538
    endloop
  endfacet
  facet normal 0 0.382846 0.923812
    outer loop
      vertex 96 22.9006 32.4199
      vertex 88 23.0601 32.3538
      vertex 88 22.9006 32.4199
    endloop
  endfacet
  facet normal 0 0.382846 -0.923812
    outer loop
      vertex 88 22.9006 34.3801
      vertex 96 23.0601 34.4462
      vertex 96 22.9006 34.3801
    endloop
  endfacet
  facet normal 0 0.382846 -0.923812
    outer loop
      vertex 96 23.0601 34.4462
      vertex 88 22.9006 34.3801
      vertex 88 23.0601 34.4462
    endloop
  endfacet
  facet normal 0 0.97235 -0.233526
    outer loop
      vertex 96 22.3135 33.5721
      vertex 88 22.3538 33.7399
      vertex 96 22.3538 33.7399
    endloop
  endfacet
  facet normal 0 0.97235 -0.233526
    outer loop
      vertex 88 22.3538 33.7399
      vertex 96 22.3135 33.5721
      vertex 88 22.3135 33.5721
    endloop
  endfacet
  facet normal 0 -0.852651 -0.522481
    outer loop
      vertex 88 24.3801 33.8994
      vertex 96 24.2899 34.0466
      vertex 88 24.2899 34.0466
    endloop
  endfacet
  facet normal 0 -0.852651 -0.522481
    outer loop
      vertex 96 24.2899 34.0466
      vertex 88 24.3801 33.8994
      vertex 96 24.3801 33.8994
    endloop
  endfacet
  facet normal 0 -0.996937 0.0782025
    outer loop
      vertex 88 24.4865 33.2279
      vertex 96 24.5 33.4
      vertex 88 24.5 33.4
    endloop
  endfacet
  facet normal 0 -0.996937 0.0782025
    outer loop
      vertex 96 24.5 33.4
      vertex 88 24.4865 33.2279
      vertex 96 24.4865 33.2279
    endloop
  endfacet
  facet normal 0 0.522481 -0.852651
    outer loop
      vertex 88 22.7534 34.2899
      vertex 96 22.9006 34.3801
      vertex 96 22.7534 34.2899
    endloop
  endfacet
  facet normal 0 0.522481 -0.852651
    outer loop
      vertex 96 22.9006 34.3801
      vertex 88 22.7534 34.2899
      vertex 88 22.9006 34.3801
    endloop
  endfacet
  facet normal -0 0.0782025 0.996937
    outer loop
      vertex 88 23.4 32.3
      vertex 96 23.2279 32.3135
      vertex 96 23.4 32.3
    endloop
  endfacet
  facet normal 0 0.0782025 0.996937
    outer loop
      vertex 96 23.2279 32.3135
      vertex 88 23.4 32.3
      vertex 88 23.2279 32.3135
    endloop
  endfacet
  facet normal 0 -0.649598 -0.760278
    outer loop
      vertex 88 24.0466 34.2899
      vertex 96 24.1778 34.1778
      vertex 96 24.0466 34.2899
    endloop
  endfacet
  facet normal -0 -0.649598 -0.760278
    outer loop
      vertex 96 24.1778 34.1778
      vertex 88 24.0466 34.2899
      vertex 88 24.1778 34.1778
    endloop
  endfacet
  facet normal 0 0.923812 0.382846
    outer loop
      vertex 96 22.4199 32.9006
      vertex 88 22.3538 33.0601
      vertex 96 22.3538 33.0601
    endloop
  endfacet
  facet normal 0 0.923812 0.382846
    outer loop
      vertex 88 22.3538 33.0601
      vertex 96 22.4199 32.9006
      vertex 88 22.4199 32.9006
    endloop
  endfacet
  facet normal -0 0.233526 0.97235
    outer loop
      vertex 88 23.2279 32.3135
      vertex 96 23.0601 32.3538
      vertex 96 23.2279 32.3135
    endloop
  endfacet
  facet normal 0 0.233526 0.97235
    outer loop
      vertex 96 23.0601 32.3538
      vertex 88 23.2279 32.3135
      vertex 88 23.0601 32.3538
    endloop
  endfacet
  facet normal -0 0.649598 0.760278
    outer loop
      vertex 88 22.7534 32.5101
      vertex 96 22.6222 32.6222
      vertex 96 22.7534 32.5101
    endloop
  endfacet
  facet normal 0 0.649598 0.760278
    outer loop
      vertex 96 22.6222 32.6222
      vertex 88 22.7534 32.5101
      vertex 88 22.6222 32.6222
    endloop
  endfacet
  facet normal 0 -0.923812 0.382846
    outer loop
      vertex 88 24.3801 32.9006
      vertex 96 24.4462 33.0601
      vertex 88 24.4462 33.0601
    endloop
  endfacet
  facet normal 0 -0.923812 0.382846
    outer loop
      vertex 96 24.4462 33.0601
      vertex 88 24.3801 32.9006
      vertex 96 24.3801 32.9006
    endloop
  endfacet
  facet normal 0 0.233526 -0.97235
    outer loop
      vertex 88 23.0601 34.4462
      vertex 96 23.2279 34.4865
      vertex 96 23.0601 34.4462
    endloop
  endfacet
  facet normal 0 0.233526 -0.97235
    outer loop
      vertex 96 23.2279 34.4865
      vertex 88 23.0601 34.4462
      vertex 88 23.2279 34.4865
    endloop
  endfacet
  facet normal 0 0.996937 -0.0782025
    outer loop
      vertex 96 22.3 33.4
      vertex 88 22.3135 33.5721
      vertex 96 22.3135 33.5721
    endloop
  endfacet
  facet normal 0 0.996937 -0.0782025
    outer loop
      vertex 88 22.3135 33.5721
      vertex 96 22.3 33.4
      vertex 88 22.3 33.4
    endloop
  endfacet
  facet normal 0 0.852651 -0.522481
    outer loop
      vertex 96 22.4199 33.8994
      vertex 88 22.5101 34.0466
      vertex 96 22.5101 34.0466
    endloop
  endfacet
  facet normal 0 0.852651 -0.522481
    outer loop
      vertex 88 22.5101 34.0466
      vertex 96 22.4199 33.8994
      vertex 88 22.4199 33.8994
    endloop
  endfacet
  facet normal 0 0.760278 -0.649598
    outer loop
      vertex 96 22.5101 34.0466
      vertex 88 22.6222 34.1778
      vertex 96 22.6222 34.1778
    endloop
  endfacet
  facet normal 0 0.760278 -0.649598
    outer loop
      vertex 88 22.6222 34.1778
      vertex 96 22.5101 34.0466
      vertex 88 22.5101 34.0466
    endloop
  endfacet
endsolid OpenSCAD_Model
