solid OpenSCAD_Model
  facet normal -0.997178 -0.0697135 0.0278725
    outer loop
      vertex -86.0226 -43.1391 24.3129
      vertex -86.489 -34.3139 29.7
      vertex -86.0657 -42.5226 24.3129
    endloop
  endfacet
  facet normal -0.519862 -0.371098 0.769435
    outer loop
      vertex -85.6406 -36.645 29.6887
      vertex -85.4472 -36.8925 29.7
      vertex -85.5385 -36.7646 29.7
    endloop
  endfacet
  facet normal -0.517147 -0.368843 0.772343
    outer loop
      vertex -85.4472 -36.8925 29.7
      vertex -85.6406 -36.645 29.6887
      vertex -84.4103 -47.3206 25.4142
    endloop
  endfacet
  facet normal -0.51756 -0.369315 0.771841
    outer loop
      vertex -85.8573 -36.3177 29.7
      vertex -85.6406 -36.645 29.6887
      vertex -85.7432 -36.4776 29.7
    endloop
  endfacet
  facet normal -0.516866 -0.36888 0.772514
    outer loop
      vertex -85.6406 -36.645 29.6887
      vertex -85.8573 -36.3177 29.7
      vertex -84.4103 -47.3206 25.4142
    endloop
  endfacet
  facet normal 0.962555 0.222221 -0.155259
    outer loop
      vertex -73.4784 -44.3483 13.6871
      vertex -77.6153 -32.9877 4.3
      vertex -74.3782 -40.4508 13.6871
    endloop
  endfacet
  facet normal 0.957707 0.142886 -0.249762
    outer loop
      vertex -77.6153 -32.9877 4.3
      vertex -77.5554 -33.296 4.35331
      vertex -77.5921 -33.1432 4.3
    endloop
  endfacet
  facet normal 0.958038 0.142991 -0.24843
    outer loop
      vertex -77.5554 -33.296 4.35331
      vertex -77.511 -33.6861 4.3
      vertex -77.54 -33.4918 4.3
    endloop
  endfacet
  facet normal 0.957878 0.143052 -0.249011
    outer loop
      vertex -77.5554 -33.296 4.35331
      vertex -73.4784 -44.3483 13.6871
      vertex -77.511 -33.6861 4.3
    endloop
  endfacet
  facet normal 0.957877 0.143049 -0.249015
    outer loop
      vertex -73.4784 -44.3483 13.6871
      vertex -77.5554 -33.296 4.35331
      vertex -77.6153 -32.9877 4.3
    endloop
  endfacet
  facet normal 0.743233 -0.248243 -0.621273
    outer loop
      vertex -77.6337 -35.0886 4.3
      vertex -77.7202 -35.3906 4.31719
      vertex -77.6835 -35.2377 4.3
    endloop
  endfacet
  facet normal 0.7398 -0.247394 -0.625693
    outer loop
      vertex -77.7202 -35.3906 4.31719
      vertex -77.8577 -35.7583 4.3
      vertex -77.7954 -35.572 4.3
    endloop
  endfacet
  facet normal 0.741551 -0.24816 -0.623313
    outer loop
      vertex -77.7202 -35.3906 4.31719
      vertex -74.1013 -45.3452 12.5858
      vertex -77.8577 -35.7583 4.3
    endloop
  endfacet
  facet normal 0.741776 -0.247931 -0.623136
    outer loop
      vertex -74.1013 -45.3452 12.5858
      vertex -77.7202 -35.3906 4.31719
      vertex -77.6337 -35.0886 4.3
    endloop
  endfacet
  facet normal -0.948492 0.3168 0
    outer loop
      vertex -86.3663 -32.9114 4.3
      vertex -86.3165 -32.7623 29.7
      vertex -86.3165 -32.7623 4.3
    endloop
  endfacet
  facet normal -0.948492 0.3168 0
    outer loop
      vertex -86.3165 -32.7623 29.7
      vertex -86.3663 -32.9114 4.3
      vertex -86.3663 -32.9114 29.7
    endloop
  endfacet
  facet normal -0.948377 0.317144 0
    outer loop
      vertex -86.2046 -32.428 4.3
      vertex -86.1423 -32.2417 29.7
      vertex -86.1423 -32.2417 4.3
    endloop
  endfacet
  facet normal -0.948377 0.317144 0
    outer loop
      vertex -86.1423 -32.2417 29.7
      vertex -86.2046 -32.428 4.3
      vertex -86.2046 -32.428 29.7
    endloop
  endfacet
  facet normal 0.927188 0.374597 0
    outer loop
      vertex -74.3782 -40.4508 24.3129
      vertex -74.6097 -39.8778 13.6871
      vertex -74.6097 -39.8778 24.3129
    endloop
  endfacet
  facet normal 0.927188 0.374597 0
    outer loop
      vertex -74.6097 -39.8778 13.6871
      vertex -74.3782 -40.4508 24.3129
      vertex -74.3782 -40.4508 13.6871
    endloop
  endfacet
  facet normal 0.931365 0.192655 0.308939
    outer loop
      vertex -73.4784 -44.3483 24.3129
      vertex -77.6153 -32.9877 29.7
      vertex -73.6668 -44.3918 24.908
    endloop
  endfacet
  facet normal 0.926827 0.374451 0.0279127
    outer loop
      vertex -74.6097 -39.8778 24.3129
      vertex -77.8277 -32.3143 29.7
      vertex -74.3782 -40.4508 24.3129
    endloop
  endfacet
  facet normal 0.942144 0.297288 0.154868
    outer loop
      vertex -77.7202 -32.6094 29.6125
      vertex -77.8277 -32.3143 29.7
      vertex -77.7804 -32.4642 29.7
    endloop
  endfacet
  facet normal 0.942013 0.29724 0.155755
    outer loop
      vertex -77.6153 -32.9877 29.7
      vertex -77.7202 -32.6094 29.6125
      vertex -77.6744 -32.8004 29.7
    endloop
  endfacet
  facet normal 0.942212 0.297632 0.153789
    outer loop
      vertex -77.7202 -32.6094 29.6125
      vertex -74.3782 -40.4508 24.3129
      vertex -77.8277 -32.3143 29.7
    endloop
  endfacet
  facet normal 0.942251 0.297054 0.154669
    outer loop
      vertex -74.3782 -40.4508 24.3129
      vertex -77.7202 -32.6094 29.6125
      vertex -77.6153 -32.9877 29.7
    endloop
  endfacet
  facet normal -0.998673 -0.0514988 0
    outer loop
      vertex -86.0657 -42.5226 13.6871
      vertex -86.489 -34.3139 29.7
      vertex -86.489 -34.3139 4.3
    endloop
  endfacet
  facet normal -0.998673 -0.0514988 0
    outer loop
      vertex -86.489 -34.3139 29.7
      vertex -86.0657 -42.5226 13.6871
      vertex -86.0657 -42.5226 24.3129
    endloop
  endfacet
  facet normal 0.920177 0.391503 -0
    outer loop
      vertex -74.6097 -39.8778 13.6871
      vertex -77.8277 -32.3143 29.7
      vertex -74.6097 -39.8778 24.3129
    endloop
  endfacet
  facet normal 0.920177 0.391503 0
    outer loop
      vertex -77.8277 -32.3143 29.7
      vertex -74.6097 -39.8778 13.6871
      vertex -77.8277 -32.3143 4.3
    endloop
  endfacet
  facet normal 0.927069 0.374549 -0.0160228
    outer loop
      vertex -74.3782 -40.4508 13.6871
      vertex -77.8277 -32.3143 4.3
      vertex -74.6097 -39.8778 13.6871
    endloop
  endfacet
  facet normal -0.997437 -0.0697316 -0.0159997
    outer loop
      vertex -86.0657 -42.5226 13.6871
      vertex -86.489 -34.3139 4.3
      vertex -86.0226 -43.1391 13.6871
    endloop
  endfacet
  facet normal -0.939767 -0.21696 0.264132
    outer loop
      vertex -85.1228 -47.0366 24.3129
      vertex -86.3847 -35.0123 29.7
      vertex -86.0226 -43.1391 24.3129
    endloop
  endfacet
  facet normal 0.202498 -0.6376 -0.743277
    outer loop
      vertex -75.1026 -46.1473 12.561
      vertex -80.3143 -38.1723 4.3
      vertex -75.0993 -46.1487 12.5631
    endloop
  endfacet
  facet normal 0.201392 -0.638147 -0.743108
    outer loop
      vertex -80.6094 -38.2798 4.31234
      vertex -80.3143 -38.1723 4.3
      vertex -75.1026 -46.1473 12.561
    endloop
  endfacet
  facet normal 0.201261 -0.637822 -0.743422
    outer loop
      vertex -80.3143 -38.1723 4.3
      vertex -80.6094 -38.2798 4.31234
      vertex -80.4642 -38.2196 4.3
    endloop
  endfacet
  facet normal 0.201218 -0.638237 -0.743078
    outer loop
      vertex -80.9877 -38.3847 4.3
      vertex -80.6094 -38.2798 4.31234
      vertex -75.1026 -46.1473 12.561
    endloop
  endfacet
  facet normal 0.200605 -0.635758 -0.745366
    outer loop
      vertex -80.6094 -38.2798 4.31234
      vertex -80.9877 -38.3847 4.3
      vertex -80.8004 -38.3256 4.3
    endloop
  endfacet
  facet normal 0.62457 -0.104767 0.77391
    outer loop
      vertex -77.5554 -34.704 29.6887
      vertex -77.5171 -34.3922 29.7
      vertex -77.5431 -34.5472 29.7
    endloop
  endfacet
  facet normal 0.626322 -0.10493 0.772471
    outer loop
      vertex -77.5171 -34.3922 29.7
      vertex -77.5554 -34.704 29.6887
      vertex -73.9943 -44.9159 25.4142
    endloop
  endfacet
  facet normal 0.630811 -0.105841 0.768684
    outer loop
      vertex -77.6337 -35.0886 29.7
      vertex -77.5554 -34.704 29.6887
      vertex -77.6012 -34.8949 29.7
    endloop
  endfacet
  facet normal 0.626452 -0.104845 0.772377
    outer loop
      vertex -77.5554 -34.704 29.6887
      vertex -77.6337 -35.0886 29.7
      vertex -73.9943 -44.9159 25.4142
    endloop
  endfacet
  facet normal -0.21206 -0.634903 -0.742919
    outer loop
      vertex -83.0886 -38.3663 4.3
      vertex -83.3906 -38.2798 4.31228
      vertex -83.2377 -38.3165 4.3
    endloop
  endfacet
  facet normal -0.211574 -0.63295 -0.744722
    outer loop
      vertex -83.7506 -47.894 12.5858
      vertex -83.3906 -38.2798 4.31228
      vertex -83.0886 -38.3663 4.3
    endloop
  endfacet
  facet normal -0.211805 -0.632912 -0.744688
    outer loop
      vertex -83.7583 -38.1423 4.3
      vertex -83.3906 -38.2798 4.31228
      vertex -83.7506 -47.894 12.5858
    endloop
  endfacet
  facet normal -0.210929 -0.630754 -0.746765
    outer loop
      vertex -83.3906 -38.2798 4.31228
      vertex -83.7583 -38.1423 4.3
      vertex -83.572 -38.2046 4.3
    endloop
  endfacet
  facet normal -0.0649974 -0.387485 0.919582
    outer loop
      vertex -82.704 -38.4446 29.6941
      vertex -82.3922 -38.4829 29.7
      vertex -82.5472 -38.4569 29.7
    endloop
  endfacet
  facet normal -0.0649466 -0.388277 0.919251
    outer loop
      vertex -83.0886 -38.3663 29.7
      vertex -82.704 -38.4446 29.6941
      vertex -82.8949 -38.3987 29.7
    endloop
  endfacet
  facet normal -0.0655558 -0.392355 0.917475
    outer loop
      vertex -82.704 -38.4446 29.6941
      vertex -83.2772 -47.4968 25.782
      vertex -82.3922 -38.4829 29.7
    endloop
  endfacet
  facet normal -0.0658004 -0.392336 0.917466
    outer loop
      vertex -83.2772 -47.4968 25.782
      vertex -82.704 -38.4446 29.6941
      vertex -83.0886 -38.3663 29.7
    endloop
  endfacet
  facet normal 0.765972 -0.00633437 0.642843
    outer loop
      vertex -77.5 -34 29.6838
      vertex -77.511 -33.6861 29.7
      vertex -77.5123 -33.8433 29.7
    endloop
  endfacet
  facet normal 0.763428 -0.00660808 0.64586
    outer loop
      vertex -77.5171 -34.3922 29.7
      vertex -77.5 -34 29.6838
      vertex -77.5154 -34.1958 29.7
    endloop
  endfacet
  facet normal 0.764679 -0.00645897 0.644379
    outer loop
      vertex -77.5 -34 29.6838
      vertex -73.9943 -44.9159 25.4142
      vertex -77.511 -33.6861 29.7
    endloop
  endfacet
  facet normal 0.764376 -0.00669584 0.644736
    outer loop
      vertex -73.9943 -44.9159 25.4142
      vertex -77.5 -34 29.6838
      vertex -77.5171 -34.3922 29.7
    endloop
  endfacet
  facet normal -0.434103 -0.58679 -0.683544
    outer loop
      vertex -84.645 -37.6406 4.31463
      vertex -84.3846 -37.8162 4.3
      vertex -84.1259 -47.6596 12.5858
    endloop
  endfacet
  facet normal -0.43431 -0.587131 -0.68312
    outer loop
      vertex -84.3846 -37.8162 4.3
      vertex -84.645 -37.6406 4.31463
      vertex -84.511 -37.7227 4.3
    endloop
  endfacet
  facet normal -0.434134 -0.586782 -0.683531
    outer loop
      vertex -84.9523 -37.3962 4.3
      vertex -84.645 -37.6406 4.31463
      vertex -84.1259 -47.6596 12.5858
    endloop
  endfacet
  facet normal -0.433525 -0.586075 -0.684523
    outer loop
      vertex -84.645 -37.6406 4.31463
      vertex -84.9523 -37.3962 4.3
      vertex -84.7944 -37.513 4.3
    endloop
  endfacet
  facet normal -0.376256 -0.602427 -0.703927
    outer loop
      vertex -84.1259 -47.6596 12.5858
      vertex -84.3846 -37.8162 4.3
      vertex -83.7506 -47.894 12.5858
    endloop
  endfacet
  facet normal 0.221799 -0.54921 0.805713
    outer loop
      vertex -74.6747 -46.0049 25.4142
      vertex -75.09 -46.149 25.4303
      vertex -75.0642 -46.1622 25.4142
    endloop
  endfacet
  facet normal 0.221862 -0.549407 0.805562
    outer loop
      vertex -75.09 -46.149 25.4303
      vertex -74.6747 -46.0049 25.4142
      vertex -75.1989 -45.6773 25.782
    endloop
  endfacet
  facet normal -0.622448 -0.522196 0.582983
    outer loop
      vertex -84.1259 -47.6596 25.4142
      vertex -84.4103 -47.3206 25.4142
      vertex -84.3672 -47.9371 24.908
    endloop
  endfacet
  facet normal 0.838554 0.0586581 0.541651
    outer loop
      vertex -73.6668 -44.3918 24.908
      vertex -77.511 -33.6861 29.7
      vertex -73.6279 -44.9479 24.908
    endloop
  endfacet
  facet normal -0.729396 -0.612015 -0.305647
    outer loop
      vertex -84.494 -48.0831 13.6871
      vertex -84.8913 -47.6096 13.6871
      vertex -84.7255 -47.51 13.092
    endloop
  endfacet
  facet normal -0.445941 0.895062 0
    outer loop
      vertex -84.177 -30.0726 4.3
      vertex -84.3177 -30.1427 29.7
      vertex -84.177 -30.0726 29.7
    endloop
  endfacet
  facet normal -0.445941 0.895062 0
    outer loop
      vertex -84.3177 -30.1427 29.7
      vertex -84.177 -30.0726 4.3
      vertex -84.3177 -30.1427 4.3
    endloop
  endfacet
  facet normal -0.445991 0.895037 0
    outer loop
      vertex -83.6857 -29.8277 4.3
      vertex -83.8615 -29.9153 29.7
      vertex -83.6857 -29.8277 29.7
    endloop
  endfacet
  facet normal -0.445991 0.895037 0
    outer loop
      vertex -83.8615 -29.9153 29.7
      vertex -83.6857 -29.8277 4.3
      vertex -83.8615 -29.9153 4.3
    endloop
  endfacet
  facet normal 0.912083 -0.00754267 -0.409936
    outer loop
      vertex -77.511 -33.6861 4.3
      vertex -77.5 -34 4.33025
      vertex -77.5123 -33.8433 4.3
    endloop
  endfacet
  facet normal 0.910846 -0.0078841 -0.412672
    outer loop
      vertex -77.5 -34 4.33025
      vertex -77.5171 -34.3922 4.3
      vertex -77.5154 -34.1958 4.3
    endloop
  endfacet
  facet normal 0.910944 -0.00790524 -0.412453
    outer loop
      vertex -77.5 -34 4.33025
      vertex -73.6279 -44.9479 13.092
      vertex -77.5171 -34.3922 4.3
    endloop
  endfacet
  facet normal 0.910988 -0.0078146 -0.412359
    outer loop
      vertex -73.6279 -44.9479 13.092
      vertex -77.5 -34 4.33025
      vertex -77.511 -33.6861 4.3
    endloop
  endfacet
  facet normal 0.594695 0.803951 -0
    outer loop
      vertex -79.489 -30.2773 4.3
      vertex -79.6154 -30.1838 29.7
      vertex -79.489 -30.2773 29.7
    endloop
  endfacet
  facet normal 0.594695 0.803951 0
    outer loop
      vertex -79.6154 -30.1838 29.7
      vertex -79.489 -30.2773 4.3
      vertex -79.6154 -30.1838 4.3
    endloop
  endfacet
  facet normal 0.594692 0.803954 -0
    outer loop
      vertex -79.0477 -30.6038 4.3
      vertex -79.2056 -30.487 29.7
      vertex -79.0477 -30.6038 29.7
    endloop
  endfacet
  facet normal 0.594692 0.803954 0
    outer loop
      vertex -79.2056 -30.487 29.7
      vertex -79.0477 -30.6038 4.3
      vertex -79.2056 -30.487 4.3
    endloop
  endfacet
  facet normal -0.927289 -0.374347 0
    outer loop
      vertex -85.1228 -47.0366 13.6871
      vertex -85.0639 -47.1825 15.3743
      vertex -85.1228 -47.0366 24.3129
    endloop
  endfacet
  facet normal -0.927188 -0.374597 -0
    outer loop
      vertex -84.8913 -47.6096 15.1525
      vertex -85.1228 -47.0366 13.6871
      vertex -84.8913 -47.6096 13.6871
    endloop
  endfacet
  facet normal -0.927159 -0.374668 -3.21997e-05
    outer loop
      vertex -85.1228 -47.0366 13.6871
      vertex -84.8913 -47.6096 15.1525
      vertex -85.0639 -47.1825 15.3743
    endloop
  endfacet
  facet normal -0.927289 -0.374347 -0
    outer loop
      vertex -85.0639 -47.1825 22.6257
      vertex -85.1228 -47.0366 24.3129
      vertex -85.0639 -47.1825 15.3743
    endloop
  endfacet
  facet normal -0.927159 -0.374668 3.21997e-05
    outer loop
      vertex -84.8913 -47.6096 22.8475
      vertex -85.1228 -47.0366 24.3129
      vertex -85.0639 -47.1825 22.6257
    endloop
  endfacet
  facet normal -0.927188 -0.374597 0
    outer loop
      vertex -85.1228 -47.0366 24.3129
      vertex -84.8913 -47.6096 22.8475
      vertex -84.8913 -47.6096 24.3129
    endloop
  endfacet
  facet normal -0.962556 -0.222221 -0.155256
    outer loop
      vertex -86.0226 -43.1391 13.6871
      vertex -86.3847 -35.0123 4.3
      vertex -85.1228 -47.0366 13.6871
    endloop
  endfacet
  facet normal -0.985095 -0.147029 -0.0892797
    outer loop
      vertex -86.4446 -34.704 4.45253
      vertex -86.489 -34.3139 4.3
      vertex -86.46 -34.5082 4.3
    endloop
  endfacet
  facet normal -0.985058 -0.146967 -0.0897862
    outer loop
      vertex -86.3847 -35.0123 4.3
      vertex -86.4446 -34.704 4.45253
      vertex -86.4079 -34.8568 4.3
    endloop
  endfacet
  facet normal -0.985094 -0.147031 -0.0892856
    outer loop
      vertex -86.4446 -34.704 4.45253
      vertex -86.0226 -43.1391 13.6871
      vertex -86.489 -34.3139 4.3
    endloop
  endfacet
  facet normal -0.985064 -0.147158 -0.0894026
    outer loop
      vertex -86.0226 -43.1391 13.6871
      vertex -86.4446 -34.704 4.45253
      vertex -86.3847 -35.0123 4.3
    endloop
  endfacet
  facet normal -0.974371 -0.224949 0
    outer loop
      vertex -85.1228 -47.0366 13.6871
      vertex -86.0226 -43.1391 24.3129
      vertex -86.0226 -43.1391 13.6871
    endloop
  endfacet
  facet normal -0.974371 -0.224949 0
    outer loop
      vertex -86.0226 -43.1391 24.3129
      vertex -85.1228 -47.0366 13.6871
      vertex -85.1228 -47.0366 24.3129
    endloop
  endfacet
  facet normal 0.0412984 -0.591109 0.805533
    outer loop
      vertex -83.2772 -47.4968 25.782
      vertex -83.3213 -48.0011 25.4142
      vertex -82.9938 -47.477 25.782
    endloop
  endfacet
  facet normal -0.766055 -0.642775 -0
    outer loop
      vertex -84.494 -48.0831 14.2889
      vertex -84.8913 -47.6096 13.6871
      vertex -84.494 -48.0831 13.6871
    endloop
  endfacet
  facet normal -0.766055 -0.642775 0
    outer loop
      vertex -84.8913 -47.6096 13.6871
      vertex -84.494 -48.0831 14.2889
      vertex -84.8913 -47.6096 15.1525
    endloop
  endfacet
  facet normal -0.766055 -0.642775 0
    outer loop
      vertex -84.494 -48.0831 23.7111
      vertex -84.8913 -47.6096 24.3129
      vertex -84.8913 -47.6096 22.8475
    endloop
  endfacet
  facet normal -0.766055 -0.642775 0
    outer loop
      vertex -84.8913 -47.6096 24.3129
      vertex -84.494 -48.0831 23.7111
      vertex -84.494 -48.0831 24.3129
    endloop
  endfacet
  facet normal -0.923234 -0.291314 -0.250551
    outer loop
      vertex -86.2798 -35.3906 4.35331
      vertex -86.3847 -35.0123 4.3
      vertex -86.3256 -35.1996 4.3
    endloop
  endfacet
  facet normal -0.923569 -0.291426 -0.249179
    outer loop
      vertex -86.1723 -35.6857 4.3
      vertex -86.2798 -35.3906 4.35331
      vertex -86.2196 -35.5358 4.3
    endloop
  endfacet
  facet normal -0.923727 -0.291211 -0.248847
    outer loop
      vertex -86.2798 -35.3906 4.35331
      vertex -85.1228 -47.0366 13.6871
      vertex -86.3847 -35.0123 4.3
    endloop
  endfacet
  facet normal -0.923576 -0.291435 -0.249146
    outer loop
      vertex -85.1228 -47.0366 13.6871
      vertex -86.2798 -35.3906 4.35331
      vertex -86.1723 -35.6857 4.3
    endloop
  endfacet
  facet normal 0.788373 -0.196496 0.582973
    outer loop
      vertex -73.9943 -44.9159 25.4142
      vertex -74.1013 -45.3452 25.4142
      vertex -73.7628 -45.4889 24.908
    endloop
  endfacet
  facet normal 0.94984 0.0665581 0.305571
    outer loop
      vertex -73.4784 -44.3483 24.3129
      vertex -73.6668 -44.3918 24.908
      vertex -73.4352 -44.9648 24.3129
    endloop
  endfacet
  facet normal -0.319561 -0.613701 -0.721978
    outer loop
      vertex -84.043 -38.0095 4.31313
      vertex -83.7583 -38.1423 4.3
      vertex -83.7506 -47.894 12.5858
    endloop
  endfacet
  facet normal -0.31933 -0.613148 -0.72255
    outer loop
      vertex -83.7583 -38.1423 4.3
      vertex -84.043 -38.0095 4.31313
      vertex -83.8977 -38.0697 4.3
    endloop
  endfacet
  facet normal -0.319526 -0.613708 -0.721988
    outer loop
      vertex -84.3846 -37.8162 4.3
      vertex -84.043 -38.0095 4.31313
      vertex -83.7506 -47.894 12.5858
    endloop
  endfacet
  facet normal -0.319601 -0.613831 -0.721849
    outer loop
      vertex -84.043 -38.0095 4.31313
      vertex -84.3846 -37.8162 4.3
      vertex -84.2104 -37.9069 4.3
    endloop
  endfacet
  facet normal -0.986214 0.165472 0
    outer loop
      vertex -86.3988 -33.1051 4.3
      vertex -86.3663 -32.9114 29.7
      vertex -86.3663 -32.9114 4.3
    endloop
  endfacet
  facet normal -0.986214 0.165472 0
    outer loop
      vertex -86.3663 -32.9114 29.7
      vertex -86.3988 -33.1051 4.3
      vertex -86.3988 -33.1051 29.7
    endloop
  endfacet
  facet normal -0.986221 0.165431 0
    outer loop
      vertex -86.4829 -33.6078 4.3
      vertex -86.4569 -33.4528 29.7
      vertex -86.4569 -33.4528 4.3
    endloop
  endfacet
  facet normal -0.986221 0.165431 0
    outer loop
      vertex -86.4569 -33.4528 29.7
      vertex -86.4829 -33.6078 4.3
      vertex -86.4829 -33.6078 29.7
    endloop
  endfacet
  facet normal 0.380804 -0.533784 -0.755025
    outer loop
      vertex -79.355 -37.6406 4.3119
      vertex -79.1075 -37.4472 4.3
      vertex -74.6747 -46.0049 12.5858
    endloop
  endfacet
  facet normal 0.382391 -0.535683 -0.752875
    outer loop
      vertex -79.1075 -37.4472 4.3
      vertex -79.355 -37.6406 4.3119
      vertex -79.2354 -37.5385 4.3
    endloop
  endfacet
  facet normal 0.380844 -0.533759 -0.755023
    outer loop
      vertex -79.6823 -37.8573 4.3
      vertex -79.355 -37.6406 4.3119
      vertex -74.6747 -46.0049 12.5858
    endloop
  endfacet
  facet normal 0.380628 -0.533413 -0.755375
    outer loop
      vertex -79.355 -37.6406 4.3119
      vertex -79.6823 -37.8573 4.3
      vertex -79.5224 -37.7432 4.3
    endloop
  endfacet
  facet normal 0.522192 -0.622223 -0.583227
    outer loop
      vertex -74.54 -46.2291 12.9459
      vertex -74.0582 -45.9617 13.092
      vertex -74.3406 -46.1987 13.092
    endloop
  endfacet
  facet normal 0.522239 -0.622481 -0.58291
    outer loop
      vertex -74.0582 -45.9617 13.092
      vertex -74.54 -46.2291 12.9459
      vertex -74.6747 -46.0049 12.5858
    endloop
  endfacet
  facet normal 0.556245 -0.411506 -0.721979
    outer loop
      vertex -78.3594 -36.645 4.31313
      vertex -78.1838 -36.3846 4.3
      vertex -74.3358 -45.7204 12.5858
    endloop
  endfacet
  facet normal 0.5566 -0.411725 -0.721581
    outer loop
      vertex -78.1838 -36.3846 4.3
      vertex -78.3594 -36.645 4.31313
      vertex -78.2773 -36.511 4.3
    endloop
  endfacet
  facet normal 0.556223 -0.411523 -0.721987
    outer loop
      vertex -78.6038 -36.9523 4.3
      vertex -78.3594 -36.645 4.31313
      vertex -74.3358 -45.7204 12.5858
    endloop
  endfacet
  facet normal 0.555484 -0.410896 -0.722912
    outer loop
      vertex -78.3594 -36.645 4.31313
      vertex -78.6038 -36.9523 4.3
      vertex -78.487 -36.7944 4.3
    endloop
  endfacet
  facet normal 0.92387 -0.23037 0.305604
    outer loop
      vertex -73.6279 -44.9479 24.908
      vertex -73.7628 -45.4889 24.908
      vertex -73.5848 -45.5645 24.3129
    endloop
  endfacet
  facet normal 0.939766 0.21696 0.264135
    outer loop
      vertex -74.3782 -40.4508 24.3129
      vertex -77.6153 -32.9877 29.7
      vertex -73.4784 -44.3483 24.3129
    endloop
  endfacet
  facet normal 0.574964 -0.143306 0.805531
    outer loop
      vertex -73.9943 -44.9159 25.4142
      vertex -74.4986 -44.8718 25.782
      vertex -74.1013 -45.3452 25.4142
    endloop
  endfacet
  facet normal 0.949817 0.299709 -0.0895645
    outer loop
      vertex -77.8277 -32.3143 4.3
      vertex -77.7202 -32.6094 4.45253
      vertex -77.7804 -32.4642 4.3
    endloop
  endfacet
  facet normal 0.949774 0.299689 -0.0900862
    outer loop
      vertex -77.7202 -32.6094 4.45253
      vertex -77.6153 -32.9877 4.3
      vertex -77.6744 -32.8004 4.3
    endloop
  endfacet
  facet normal 0.949899 0.299476 -0.0894736
    outer loop
      vertex -77.7202 -32.6094 4.45253
      vertex -74.3782 -40.4508 13.6871
      vertex -77.6153 -32.9877 4.3
    endloop
  endfacet
  facet normal 0.949782 0.299991 -0.0889943
    outer loop
      vertex -74.3782 -40.4508 13.6871
      vertex -77.7202 -32.6094 4.45253
      vertex -77.8277 -32.3143 4.3
    endloop
  endfacet
  facet normal 0.970266 -0.242041 0
    outer loop
      vertex -73.5848 -45.5645 14.2889
      vertex -73.4352 -44.9648 13.6871
      vertex -73.4352 -44.9648 15.1525
    endloop
  endfacet
  facet normal 0.970266 -0.242041 0
    outer loop
      vertex -73.4352 -44.9648 13.6871
      vertex -73.5848 -45.5645 14.2889
      vertex -73.5848 -45.5645 13.6871
    endloop
  endfacet
  facet normal 0.970266 -0.242041 0
    outer loop
      vertex -73.5848 -45.5645 23.7111
      vertex -73.4352 -44.9648 24.3129
      vertex -73.5848 -45.5645 24.3129
    endloop
  endfacet
  facet normal 0.970266 -0.242041 0
    outer loop
      vertex -73.4352 -44.9648 24.3129
      vertex -73.5848 -45.5645 23.7111
      vertex -73.4352 -44.9648 22.8475
    endloop
  endfacet
  facet normal 0.0281475 -0.402879 0.91482
    outer loop
      vertex -81.6861 -38.489 29.7
      vertex -83.2772 -47.4968 25.782
      vertex -82.9938 -47.477 25.782
    endloop
  endfacet
  facet normal 0.997555 0.0698924 0
    outer loop
      vertex -73.4784 -44.3483 24.3129
      vertex -73.4674 -44.5053 22.6257
      vertex -73.4784 -44.3483 13.6871
    endloop
  endfacet
  facet normal 0.997554 0.0699016 -0
    outer loop
      vertex -73.4352 -44.9648 22.8475
      vertex -73.4784 -44.3483 24.3129
      vertex -73.4352 -44.9648 24.3129
    endloop
  endfacet
  facet normal 0.997554 0.0699042 -1.10827e-06
    outer loop
      vertex -73.4784 -44.3483 24.3129
      vertex -73.4352 -44.9648 22.8475
      vertex -73.4674 -44.5053 22.6257
    endloop
  endfacet
  facet normal 0.997555 0.0698924 -0
    outer loop
      vertex -73.4674 -44.5053 15.3743
      vertex -73.4784 -44.3483 13.6871
      vertex -73.4674 -44.5053 22.6257
    endloop
  endfacet
  facet normal 0.997554 0.0699042 1.10827e-06
    outer loop
      vertex -73.4352 -44.9648 15.1525
      vertex -73.4784 -44.3483 13.6871
      vertex -73.4674 -44.5053 15.3743
    endloop
  endfacet
  facet normal 0.997554 0.0699016 0
    outer loop
      vertex -73.4784 -44.3483 13.6871
      vertex -73.4352 -44.9648 15.1525
      vertex -73.4352 -44.9648 13.6871
    endloop
  endfacet
  facet normal -0.55776 -0.548101 -0.623289
    outer loop
      vertex -85.182 -37.182 4.31719
      vertex -84.9523 -37.3962 4.3
      vertex -84.1259 -47.6596 12.5858
    endloop
  endfacet
  facet normal -0.556586 -0.546656 -0.625603
    outer loop
      vertex -84.9523 -37.3962 4.3
      vertex -85.182 -37.182 4.31719
      vertex -85.0624 -37.2841 4.3
    endloop
  endfacet
  facet normal -0.55788 -0.548058 -0.623219
    outer loop
      vertex -85.4472 -36.8925 4.3
      vertex -85.182 -37.182 4.31719
      vertex -84.1259 -47.6596 12.5858
    endloop
  endfacet
  facet normal -0.55625 -0.546721 -0.625844
    outer loop
      vertex -85.182 -37.182 4.31719
      vertex -85.4472 -36.8925 4.3
      vertex -85.3095 -37.0326 4.3
    endloop
  endfacet
  facet normal 0.647399 -0.337108 -0.683544
    outer loop
      vertex -77.9905 -36.043 4.31463
      vertex -77.8577 -35.7583 4.3
      vertex -74.1013 -45.3452 12.5858
    endloop
  endfacet
  facet normal 0.646878 -0.336897 -0.684141
    outer loop
      vertex -77.8577 -35.7583 4.3
      vertex -77.9905 -36.043 4.31463
      vertex -77.9303 -35.8977 4.3
    endloop
  endfacet
  facet normal 0.647427 -0.337083 -0.68353
    outer loop
      vertex -78.1838 -36.3846 4.3
      vertex -77.9905 -36.043 4.31463
      vertex -74.1013 -45.3452 12.5858
    endloop
  endfacet
  facet normal 0.647529 -0.337146 -0.683403
    outer loop
      vertex -77.9905 -36.043 4.31463
      vertex -78.1838 -36.3846 4.3
      vertex -78.0931 -36.2104 4.3
    endloop
  endfacet
  facet normal -0.803951 0.594695 0
    outer loop
      vertex -85.8162 -31.6154 4.3
      vertex -85.7227 -31.489 29.7
      vertex -85.7227 -31.489 4.3
    endloop
  endfacet
  facet normal -0.803951 0.594695 0
    outer loop
      vertex -85.7227 -31.489 29.7
      vertex -85.8162 -31.6154 4.3
      vertex -85.8162 -31.6154 29.7
    endloop
  endfacet
  facet normal -0.803954 0.594692 0
    outer loop
      vertex -85.513 -31.2056 4.3
      vertex -85.3962 -31.0477 29.7
      vertex -85.3962 -31.0477 4.3
    endloop
  endfacet
  facet normal -0.803954 0.594692 0
    outer loop
      vertex -85.3962 -31.0477 29.7
      vertex -85.513 -31.2056 4.3
      vertex -85.513 -31.2056 29.7
    endloop
  endfacet
  facet normal -0.890653 -0.335836 -0.306516
    outer loop
      vertex -85.1228 -47.0366 13.6871
      vertex -86.1723 -35.6857 4.3
      vertex -84.9344 -46.9931 13.092
    endloop
  endfacet
  facet normal 0.317144 0.948377 -0
    outer loop
      vertex -80.2417 -29.8577 4.3
      vertex -80.428 -29.7954 29.7
      vertex -80.2417 -29.8577 29.7
    endloop
  endfacet
  facet normal 0.317144 0.948377 0
    outer loop
      vertex -80.428 -29.7954 29.7
      vertex -80.2417 -29.8577 4.3
      vertex -80.428 -29.7954 4.3
    endloop
  endfacet
  facet normal 0.3168 0.948492 -0
    outer loop
      vertex -80.7623 -29.6835 4.3
      vertex -80.9114 -29.6337 29.7
      vertex -80.7623 -29.6835 29.7
    endloop
  endfacet
  facet normal 0.3168 0.948492 0
    outer loop
      vertex -80.9114 -29.6337 29.7
      vertex -80.7623 -29.6835 4.3
      vertex -80.9114 -29.6337 4.3
    endloop
  endfacet
  facet normal 0.292714 -0.5874 -0.754507
    outer loop
      vertex -79.957 -38.0095 4.31192
      vertex -79.6823 -37.8573 4.3
      vertex -74.6747 -46.0049 12.5858
    endloop
  endfacet
  facet normal 0.292367 -0.58682 -0.755092
    outer loop
      vertex -79.6823 -37.8573 4.3
      vertex -79.957 -38.0095 4.31192
      vertex -79.823 -37.9274 4.3
    endloop
  endfacet
  facet normal 0.292793 -0.587353 -0.754512
    outer loop
      vertex -80.3143 -38.1723 4.3
      vertex -79.957 -38.0095 4.31192
      vertex -74.6747 -46.0049 12.5858
    endloop
  endfacet
  facet normal 0.293471 -0.588951 -0.753002
    outer loop
      vertex -79.957 -38.0095 4.31192
      vertex -80.3143 -38.1723 4.3
      vertex -80.1385 -38.0847 4.3
    endloop
  endfacet
  facet normal 0.15318 -0.663355 -0.732459
    outer loop
      vertex -75.3006 -46.055 12.436
      vertex -80.9877 -38.3847 4.3
      vertex -75.1026 -46.1473 12.561
    endloop
  endfacet
  facet normal 0.153171 -0.66336 -0.732457
    outer loop
      vertex -76.5539 -45.9173 12.0492
      vertex -80.9877 -38.3847 4.3
      vertex -75.3006 -46.055 12.436
    endloop
  endfacet
  facet normal 0.15315 -0.663368 -0.732453
    outer loop
      vertex -81.6707 -47.0986 12.0492
      vertex -80.9877 -38.3847 4.3
      vertex -76.5539 -45.9173 12.0492
    endloop
  endfacet
  facet normal 0.153129 -0.66337 -0.732456
    outer loop
      vertex -82.7369 -47.7718 12.436
      vertex -80.9877 -38.3847 4.3
      vertex -81.6707 -47.0986 12.0492
    endloop
  endfacet
  facet normal 0.15292 -0.663369 -0.732501
    outer loop
      vertex -80.9877 -38.3847 4.3
      vertex -82.7369 -47.7718 12.436
      vertex -82.8743 -47.9415 12.561
    endloop
  endfacet
  facet normal -0.160016 -0.641407 -0.750328
    outer loop
      vertex -83.3213 -48.0011 12.5858
      vertex -83.7506 -47.894 12.5858
      vertex -83.0886 -38.3663 4.3
    endloop
  endfacet
  facet normal -0.886975 0.461818 0
    outer loop
      vertex -85.9069 -31.7896 4.3
      vertex -85.8162 -31.6154 29.7
      vertex -85.8162 -31.6154 4.3
    endloop
  endfacet
  facet normal -0.886975 0.461818 0
    outer loop
      vertex -85.8162 -31.6154 29.7
      vertex -85.9069 -31.7896 4.3
      vertex -85.9069 -31.7896 29.7
    endloop
  endfacet
  facet normal -0.886925 0.461914 0
    outer loop
      vertex -86.1423 -32.2417 4.3
      vertex -86.0697 -32.1023 29.7
      vertex -86.0697 -32.1023 4.3
    endloop
  endfacet
  facet normal -0.886925 0.461914 0
    outer loop
      vertex -86.0697 -32.1023 29.7
      vertex -86.1423 -32.2417 4.3
      vertex -86.1423 -32.2417 29.7
    endloop
  endfacet
  facet normal 0.612105 -0.729367 -0.305533
    outer loop
      vertex -74.2401 -46.1477 13.1716
      vertex -74.0582 -45.9617 13.092
      vertex -73.9315 -46.0719 13.6089
    endloop
  endfacet
  facet normal 0.612111 -0.729368 -0.30552
    outer loop
      vertex -74.0582 -45.9617 13.092
      vertex -74.2401 -46.1477 13.1716
      vertex -74.3406 -46.1987 13.092
    endloop
  endfacet
  facet normal 0.810601 0.030662 0.584795
    outer loop
      vertex -73.6279 -44.9479 24.908
      vertex -77.511 -33.6861 29.7
      vertex -73.9943 -44.9159 25.4142
    endloop
  endfacet
  facet normal -0.977187 -0.145849 0.154383
    outer loop
      vertex -86.489 -34.3139 29.7
      vertex -86.4446 -34.704 29.6125
      vertex -86.46 -34.5082 29.7
    endloop
  endfacet
  facet normal -0.977061 -0.145774 0.155245
    outer loop
      vertex -86.4446 -34.704 29.6125
      vertex -86.3847 -35.0123 29.7
      vertex -86.4079 -34.8568 29.7
    endloop
  endfacet
  facet normal -0.97714 -0.145986 0.15455
    outer loop
      vertex -86.4446 -34.704 29.6125
      vertex -86.0226 -43.1391 24.3129
      vertex -86.3847 -35.0123 29.7
    endloop
  endfacet
  facet normal -0.977202 -0.145832 0.1543
    outer loop
      vertex -86.0226 -43.1391 24.3129
      vertex -86.4446 -34.704 29.6125
      vertex -86.489 -34.3139 29.7
    endloop
  endfacet
  facet normal 0.788314 -0.196569 0.583028
    outer loop
      vertex -73.6279 -44.9479 24.908
      vertex -73.9943 -44.9159 25.4142
      vertex -73.7628 -45.4889 24.908
    endloop
  endfacet
  facet normal -0.62246 -0.52219 0.582976
    outer loop
      vertex -84.4103 -47.3206 25.4142
      vertex -84.7255 -47.51 24.908
      vertex -84.3672 -47.9371 24.908
    endloop
  endfacet
  facet normal -0.580853 0.814009 0
    outer loop
      vertex -84.3177 -30.1427 4.3
      vertex -84.4776 -30.2568 29.7
      vertex -84.3177 -30.1427 29.7
    endloop
  endfacet
  facet normal -0.580853 0.814009 0
    outer loop
      vertex -84.4776 -30.2568 29.7
      vertex -84.3177 -30.1427 4.3
      vertex -84.4776 -30.2568 4.3
    endloop
  endfacet
  facet normal -0.580997 0.813905 0
    outer loop
      vertex -84.7646 -30.4615 4.3
      vertex -84.8925 -30.5528 29.7
      vertex -84.7646 -30.4615 29.7
    endloop
  endfacet
  facet normal -0.580997 0.813905 0
    outer loop
      vertex -84.8925 -30.5528 29.7
      vertex -84.7646 -30.4615 4.3
      vertex -84.8925 -30.5528 4.3
    endloop
  endfacet
  facet normal 0.248108 -0.614356 -0.749005
    outer loop
      vertex -75.0993 -46.1487 12.5631
      vertex -74.6747 -46.0049 12.5858
      vertex -75.0642 -46.1622 12.5858
    endloop
  endfacet
  facet normal 0.248021 -0.614055 -0.749281
    outer loop
      vertex -74.6747 -46.0049 12.5858
      vertex -75.0993 -46.1487 12.5631
      vertex -80.3143 -38.1723 4.3
    endloop
  endfacet
  facet normal 0.569252 -0.1419 0.809825
    outer loop
      vertex -74.4986 -44.8718 25.782
      vertex -77.6337 -35.0886 29.7
      vertex -74.5673 -45.1474 25.782
    endloop
  endfacet
  facet normal 0.713189 0.700972 0
    outer loop
      vertex -78.5528 -31.1075 29.7
      vertex -78.6905 -30.9674 4.3
      vertex -78.6905 -30.9674 29.7
    endloop
  endfacet
  facet normal 0.713189 0.700972 0
    outer loop
      vertex -78.6905 -30.9674 4.3
      vertex -78.5528 -31.1075 29.7
      vertex -78.5528 -31.1075 4.3
    endloop
  endfacet
  facet normal 0.713442 0.700714 0
    outer loop
      vertex -78.9376 -30.7159 29.7
      vertex -79.0477 -30.6038 4.3
      vertex -79.0477 -30.6038 29.7
    endloop
  endfacet
  facet normal 0.713442 0.700714 0
    outer loop
      vertex -79.0477 -30.6038 4.3
      vertex -78.9376 -30.7159 29.7
      vertex -78.9376 -30.7159 4.3
    endloop
  endfacet
  facet normal 0.0985573 -0.660589 -0.744251
    outer loop
      vertex -80.9877 -38.3847 4.3
      vertex -81.296 -38.4446 4.31234
      vertex -81.1432 -38.4079 4.3
    endloop
  endfacet
  facet normal 0.0989057 -0.662668 -0.742354
    outer loop
      vertex -81.296 -38.4446 4.31234
      vertex -81.6861 -38.489 4.3
      vertex -81.4918 -38.46 4.3
    endloop
  endfacet
  facet normal 0.0988486 -0.661849 -0.743091
    outer loop
      vertex -82.8743 -47.9415 12.561
      vertex -81.296 -38.4446 4.31234
      vertex -80.9877 -38.3847 4.3
    endloop
  endfacet
  facet normal 0.0988359 -0.661849 -0.743093
    outer loop
      vertex -82.8743 -47.9415 12.561
      vertex -81.6861 -38.489 4.3
      vertex -81.296 -38.4446 4.31234
    endloop
  endfacet
  facet normal 0.125261 -0.661754 -0.739183
    outer loop
      vertex -81.6861 -38.489 4.3
      vertex -82.8743 -47.9415 12.561
      vertex -82.8767 -47.9443 12.5631
    endloop
  endfacet
  facet normal 0.830816 -0.139363 -0.538816
    outer loop
      vertex -77.5171 -34.3922 4.3
      vertex -77.5554 -34.704 4.32159
      vertex -77.5431 -34.5472 4.3
    endloop
  endfacet
  facet normal 0.834806 -0.140068 -0.532428
    outer loop
      vertex -77.5554 -34.704 4.32159
      vertex -77.6337 -35.0886 4.3
      vertex -77.6012 -34.8949 4.3
    endloop
  endfacet
  facet normal 0.832746 -0.139459 -0.535803
    outer loop
      vertex -77.5554 -34.704 4.32159
      vertex -73.6279 -44.9479 13.092
      vertex -77.6337 -35.0886 4.3
    endloop
  endfacet
  facet normal 0.832793 -0.139393 -0.535747
    outer loop
      vertex -73.6279 -44.9479 13.092
      vertex -77.5554 -34.704 4.32159
      vertex -77.5171 -34.3922 4.3
    endloop
  endfacet
  facet normal -0.997565 -0.0697406 0
    outer loop
      vertex -86.0226 -43.1391 13.6871
      vertex -86.0657 -42.5226 24.3129
      vertex -86.0657 -42.5226 13.6871
    endloop
  endfacet
  facet normal -0.997565 -0.0697406 0
    outer loop
      vertex -86.0657 -42.5226 24.3129
      vertex -86.0226 -43.1391 13.6871
      vertex -86.0226 -43.1391 24.3129
    endloop
  endfacet
  facet normal -0.742079 -0.327764 0.584713
    outer loop
      vertex -84.4103 -47.3206 25.4142
      vertex -86.1723 -35.6857 29.7
      vertex -84.7255 -47.51 24.908
    endloop
  endfacet
  facet normal -0.779262 -0.314931 0.54182
    outer loop
      vertex -84.7255 -47.51 24.908
      vertex -86.1723 -35.6857 29.7
      vertex -84.9344 -46.9931 24.908
    endloop
  endfacet
  facet normal -0.882841 -0.35668 -0.305567
    outer loop
      vertex -84.8913 -47.6096 13.6871
      vertex -85.1228 -47.0366 13.6871
      vertex -84.9344 -46.9931 13.092
    endloop
  endfacet
  facet normal -0.815965 -0.40659 -0.410956
    outer loop
      vertex -86.0095 -36.043 4.33026
      vertex -86.1723 -35.6857 4.3
      vertex -86.0847 -35.8615 4.3
    endloop
  endfacet
  facet normal -0.815098 -0.406101 -0.413155
    outer loop
      vertex -85.8573 -36.3177 4.3
      vertex -86.0095 -36.043 4.33026
      vertex -85.9274 -36.177 4.3
    endloop
  endfacet
  facet normal -0.815313 -0.406417 -0.41242
    outer loop
      vertex -86.0095 -36.043 4.33026
      vertex -84.7255 -47.51 13.092
      vertex -86.1723 -35.6857 4.3
    endloop
  endfacet
  facet normal -0.815391 -0.406354 -0.412327
    outer loop
      vertex -84.7255 -47.51 13.092
      vertex -86.0095 -36.043 4.33026
      vertex -85.8573 -36.3177 4.3
    endloop
  endfacet
  facet normal 0.349242 -0.258339 0.900717
    outer loop
      vertex -78.3594 -36.645 29.6934
      vertex -78.1838 -36.3846 29.7
      vertex -78.2773 -36.511 29.7
    endloop
  endfacet
  facet normal 0.348601 -0.257917 0.901086
    outer loop
      vertex -78.1838 -36.3846 29.7
      vertex -78.3594 -36.645 29.6934
      vertex -74.7178 -45.3883 25.782
    endloop
  endfacet
  facet normal 0.348151 -0.257531 0.90137
    outer loop
      vertex -78.6038 -36.9523 29.7
      vertex -78.3594 -36.645 29.6934
      vertex -78.487 -36.7944 29.7
    endloop
  endfacet
  facet normal 0.348618 -0.257908 0.901082
    outer loop
      vertex -78.3594 -36.645 29.6934
      vertex -78.6038 -36.9523 29.7
      vertex -74.7178 -45.3883 25.782
    endloop
  endfacet
  facet normal -0.882841 -0.35668 0.305567
    outer loop
      vertex -84.9344 -46.9931 24.908
      vertex -85.1228 -47.0366 24.3129
      vertex -84.8913 -47.6096 24.3129
    endloop
  endfacet
  facet normal -0.529967 -0.848018 -0.000102981
    outer loop
      vertex -84.494 -48.0831 24.3129
      vertex -84.4531 -48.1086 23.816
      vertex -84.0202 -48.3792 24.3129
    endloop
  endfacet
  facet normal -0.529066 -0.848581 0
    outer loop
      vertex -84.4531 -48.1086 23.816
      vertex -84.494 -48.0831 24.3129
      vertex -84.494 -48.0831 23.7111
    endloop
  endfacet
  facet normal -0.529066 -0.848581 0
    outer loop
      vertex -84.494 -48.0831 13.6871
      vertex -84.4531 -48.1086 14.184
      vertex -84.494 -48.0831 14.2889
    endloop
  endfacet
  facet normal -0.529967 -0.848018 0.000102981
    outer loop
      vertex -84.4531 -48.1086 14.184
      vertex -84.494 -48.0831 13.6871
      vertex -84.0202 -48.3792 13.6871
    endloop
  endfacet
  facet normal 0.848581 -0.529066 0
    outer loop
      vertex -73.6103 -45.6054 14.184
      vertex -73.5848 -45.5645 13.6871
      vertex -73.5848 -45.5645 14.2889
    endloop
  endfacet
  facet normal 0.848018 -0.529967 -0.000102981
    outer loop
      vertex -73.5848 -45.5645 13.6871
      vertex -73.6103 -45.6054 14.184
      vertex -73.8809 -46.0383 13.6871
    endloop
  endfacet
  facet normal 0.848581 -0.529066 0
    outer loop
      vertex -73.5848 -45.5645 24.3129
      vertex -73.6103 -45.6054 23.816
      vertex -73.5848 -45.5645 23.7111
    endloop
  endfacet
  facet normal 0.848018 -0.529967 0.000102981
    outer loop
      vertex -73.6103 -45.6054 23.816
      vertex -73.5848 -45.5645 24.3129
      vertex -73.8809 -46.0383 24.3129
    endloop
  endfacet
  facet normal 0.974371 0.224949 0
    outer loop
      vertex -73.4784 -44.3483 24.3129
      vertex -74.3782 -40.4508 13.6871
      vertex -74.3782 -40.4508 24.3129
    endloop
  endfacet
  facet normal 0.974371 0.224949 0
    outer loop
      vertex -74.3782 -40.4508 13.6871
      vertex -73.4784 -44.3483 24.3129
      vertex -73.4784 -44.3483 13.6871
    endloop
  endfacet
  facet normal 0.522354 -0.622234 -0.583071
    outer loop
      vertex -74.0582 -45.9617 13.092
      vertex -74.6747 -46.0049 12.5858
      vertex -74.3358 -45.7204 12.5858
    endloop
  endfacet
  facet normal 0.522192 -0.622223 0.583227
    outer loop
      vertex -74.0582 -45.9617 24.908
      vertex -74.54 -46.2291 25.0541
      vertex -74.3406 -46.1987 24.908
    endloop
  endfacet
  facet normal 0.522239 -0.622481 0.58291
    outer loop
      vertex -74.54 -46.2291 25.0541
      vertex -74.0582 -45.9617 24.908
      vertex -74.6747 -46.0049 25.4142
    endloop
  endfacet
  facet normal 0.8075 -0.504517 0.305624
    outer loop
      vertex -74.0582 -45.9617 24.908
      vertex -73.5848 -45.5645 24.3129
      vertex -73.7628 -45.4889 24.908
    endloop
  endfacet
  facet normal 0.807464 -0.504645 0.305509
    outer loop
      vertex -73.9315 -46.0719 24.3911
      vertex -73.5848 -45.5645 24.3129
      vertex -74.0582 -45.9617 24.908
    endloop
  endfacet
  facet normal 0.807437 -0.504605 0.305646
    outer loop
      vertex -73.5848 -45.5645 24.3129
      vertex -73.9315 -46.0719 24.3911
      vertex -73.8809 -46.0383 24.3129
    endloop
  endfacet
  facet normal 0.514494 -0.171843 0.840099
    outer loop
      vertex -77.7202 -35.3906 29.6912
      vertex -77.6337 -35.0886 29.7
      vertex -77.6835 -35.2377 29.7
    endloop
  endfacet
  facet normal 0.512739 -0.171374 0.841267
    outer loop
      vertex -77.6337 -35.0886 29.7
      vertex -77.7202 -35.3906 29.6912
      vertex -74.5673 -45.1474 25.782
    endloop
  endfacet
  facet normal 0.510224 -0.170622 0.842947
    outer loop
      vertex -77.8577 -35.7583 29.7
      vertex -77.7202 -35.3906 29.6912
      vertex -77.7954 -35.572 29.7
    endloop
  endfacet
  facet normal 0.512488 -0.171506 0.841393
    outer loop
      vertex -77.7202 -35.3906 29.6912
      vertex -77.8577 -35.7583 29.7
      vertex -74.5673 -45.1474 25.782
    endloop
  endfacet
  facet normal 0.0566772 -0.810503 -0.582986
    outer loop
      vertex -83.1295 -48.1209 12.771
      vertex -83.3213 -48.0011 12.5858
      vertex -82.9023 -47.9718 12.5858
    endloop
  endfacet
  facet normal 0.304275 -0.753433 -0.582886
    outer loop
      vertex -74.7946 -46.1966 12.771
      vertex -75.0642 -46.1622 12.5858
      vertex -74.6747 -46.0049 12.5858
    endloop
  endfacet
  facet normal 0.688989 -0.430618 -0.582977
    outer loop
      vertex -73.7628 -45.4889 13.092
      vertex -74.3358 -45.7204 12.5858
      vertex -74.1013 -45.3452 12.5858
    endloop
  endfacet
  facet normal 0.689006 -0.430483 -0.583057
    outer loop
      vertex -74.3358 -45.7204 12.5858
      vertex -73.7628 -45.4889 13.092
      vertex -74.0582 -45.9617 13.092
    endloop
  endfacet
  facet normal 0.602336 -0.37646 -0.703896
    outer loop
      vertex -74.3358 -45.7204 12.5858
      vertex -78.1838 -36.3846 4.3
      vertex -74.1013 -45.3452 12.5858
    endloop
  endfacet
  facet normal -0.200202 -0.38441 0.901193
    outer loop
      vertex -84.043 -38.0095 29.6934
      vertex -83.7583 -38.1423 29.7
      vertex -83.8977 -38.0697 29.7
    endloop
  endfacet
  facet normal -0.200303 -0.384632 0.901076
    outer loop
      vertex -83.7583 -38.1423 29.7
      vertex -84.043 -38.0095 29.6934
      vertex -83.5528 -47.428 25.782
    endloop
  endfacet
  facet normal -0.20049 -0.385065 0.900849
    outer loop
      vertex -84.3846 -37.8162 29.7
      vertex -84.043 -38.0095 29.6934
      vertex -84.2104 -37.9069 29.7
    endloop
  endfacet
  facet normal -0.200242 -0.384634 0.901088
    outer loop
      vertex -84.043 -38.0095 29.6934
      vertex -84.3846 -37.8162 29.7
      vertex -83.5528 -47.428 25.782
    endloop
  endfacet
  facet normal 0.231051 -0.323673 0.917524
    outer loop
      vertex -79.355 -37.6406 29.6941
      vertex -79.1075 -37.4472 29.7
      vertex -79.2354 -37.5385 29.7
    endloop
  endfacet
  facet normal 0.231138 -0.323783 0.917464
    outer loop
      vertex -79.1075 -37.4472 29.7
      vertex -79.355 -37.6406 29.6941
      vertex -74.9355 -45.5709 25.782
    endloop
  endfacet
  facet normal 0.229501 -0.321624 0.918633
    outer loop
      vertex -79.6823 -37.8573 29.7
      vertex -79.355 -37.6406 29.6941
      vertex -79.5224 -37.7432 29.7
    endloop
  endfacet
  facet normal 0.230973 -0.323879 0.917472
    outer loop
      vertex -79.355 -37.6406 29.6941
      vertex -79.6823 -37.8573 29.7
      vertex -74.9355 -45.5709 25.782
    endloop
  endfacet
  facet normal -0.999963 0.00865548 0
    outer loop
      vertex -86.4846 -33.8042 4.3
      vertex -86.4829 -33.6078 29.7
      vertex -86.4829 -33.6078 4.3
    endloop
  endfacet
  facet normal -0.999963 0.00865548 0
    outer loop
      vertex -86.4829 -33.6078 29.7
      vertex -86.4846 -33.8042 4.3
      vertex -86.4846 -33.8042 29.7
    endloop
  endfacet
  facet normal -0.999966 0.00826944 0
    outer loop
      vertex -86.489 -34.3139 4.3
      vertex -86.4877 -34.1567 29.7
      vertex -86.4877 -34.1567 4.3
    endloop
  endfacet
  facet normal -0.999966 0.00826944 0
    outer loop
      vertex -86.4877 -34.1567 29.7
      vertex -86.489 -34.3139 4.3
      vertex -86.489 -34.3139 29.7
    endloop
  endfacet
  facet normal 0.612111 -0.729368 0.30552
    outer loop
      vertex -74.2401 -46.1477 24.8284
      vertex -74.0582 -45.9617 24.908
      vertex -74.3406 -46.1987 24.908
    endloop
  endfacet
  facet normal 0.612105 -0.729367 0.305533
    outer loop
      vertex -74.0582 -45.9617 24.908
      vertex -74.2401 -46.1477 24.8284
      vertex -73.9315 -46.0719 24.3911
    endloop
  endfacet
  facet normal 0.923821 -0.230455 0.305688
    outer loop
      vertex -73.4352 -44.9648 24.3129
      vertex -73.6279 -44.9479 24.908
      vertex -73.5848 -45.5645 24.3129
    endloop
  endfacet
  facet normal 0.949815 0.066441 0.305674
    outer loop
      vertex -73.4352 -44.9648 24.3129
      vertex -73.6668 -44.3918 24.908
      vertex -73.6279 -44.9479 24.908
    endloop
  endfacet
  facet normal -0.147563 0.989053 0
    outer loop
      vertex -82.8568 -29.5921 4.3
      vertex -83.0123 -29.6153 29.7
      vertex -82.8568 -29.5921 29.7
    endloop
  endfacet
  facet normal -0.147563 0.989053 0
    outer loop
      vertex -83.0123 -29.6153 29.7
      vertex -82.8568 -29.5921 4.3
      vertex -83.0123 -29.6153 4.3
    endloop
  endfacet
  facet normal -0.147619 0.989044 0
    outer loop
      vertex -82.3139 -29.511 4.3
      vertex -82.5082 -29.54 29.7
      vertex -82.3139 -29.511 29.7
    endloop
  endfacet
  facet normal -0.147619 0.989044 0
    outer loop
      vertex -82.5082 -29.54 29.7
      vertex -82.3139 -29.511 4.3
      vertex -82.5082 -29.54 4.3
    endloop
  endfacet
  facet normal -0.300912 0.953652 0
    outer loop
      vertex -83.0123 -29.6153 4.3
      vertex -83.1996 -29.6744 29.7
      vertex -83.0123 -29.6153 29.7
    endloop
  endfacet
  facet normal -0.300912 0.953652 0
    outer loop
      vertex -83.1996 -29.6744 29.7
      vertex -83.0123 -29.6153 4.3
      vertex -83.1996 -29.6744 4.3
    endloop
  endfacet
  facet normal -0.300918 0.95365 0
    outer loop
      vertex -83.5358 -29.7804 4.3
      vertex -83.6857 -29.8277 29.7
      vertex -83.5358 -29.7804 29.7
    endloop
  endfacet
  facet normal -0.300918 0.95365 0
    outer loop
      vertex -83.6857 -29.8277 29.7
      vertex -83.5358 -29.7804 4.3
      vertex -83.6857 -29.8277 4.3
    endloop
  endfacet
  facet normal 0.89699 0.133827 0.421307
    outer loop
      vertex -77.5554 -33.296 29.6704
      vertex -77.6153 -32.9877 29.7
      vertex -77.5921 -33.1432 29.7
    endloop
  endfacet
  facet normal 0.897886 0.134013 0.419334
    outer loop
      vertex -77.511 -33.6861 29.7
      vertex -77.5554 -33.296 29.6704
      vertex -77.54 -33.4918 29.7
    endloop
  endfacet
  facet normal 0.897319 0.133963 0.420563
    outer loop
      vertex -77.5554 -33.296 29.6704
      vertex -73.6668 -44.3918 24.908
      vertex -77.6153 -32.9877 29.7
    endloop
  endfacet
  facet normal 0.897369 0.134037 0.420431
    outer loop
      vertex -73.6668 -44.3918 24.908
      vertex -77.5554 -33.296 29.6704
      vertex -77.511 -33.6861 29.7
    endloop
  endfacet
  facet normal -0.00545168 -0.659234 -0.751918
    outer loop
      vertex -81.6861 -38.489 4.3
      vertex -82 -38.5 4.31192
      vertex -81.8433 -38.4877 4.3
    endloop
  endfacet
  facet normal -0.00568033 -0.656245 -0.754527
    outer loop
      vertex -82 -38.5 4.31192
      vertex -82.3922 -38.4829 4.3
      vertex -82.1958 -38.4846 4.3
    endloop
  endfacet
  facet normal -0.00568163 -0.656263 -0.754511
    outer loop
      vertex -82 -38.5 4.31192
      vertex -83.3213 -48.0011 12.5858
      vertex -82.3922 -38.4829 4.3
    endloop
  endfacet
  facet normal -0.00565411 -0.656266 -0.754509
    outer loop
      vertex -83.3213 -48.0011 12.5858
      vertex -82 -38.5 4.31192
      vertex -81.6861 -38.489 4.3
    endloop
  endfacet
  facet normal -0.623715 -0.523243 -0.580686
    outer loop
      vertex -84.7255 -47.51 13.092
      vertex -85.4472 -36.8925 4.3
      vertex -84.3672 -47.9371 13.092
    endloop
  endfacet
  facet normal -0.687059 -0.490265 -0.536274
    outer loop
      vertex -85.6406 -36.645 4.32159
      vertex -85.8573 -36.3177 4.3
      vertex -85.7432 -36.4776 4.3
    endloop
  endfacet
  facet normal -0.688484 -0.491466 -0.533339
    outer loop
      vertex -85.4472 -36.8925 4.3
      vertex -85.6406 -36.645 4.32159
      vertex -85.5385 -36.7646 4.3
    endloop
  endfacet
  facet normal -0.687318 -0.490406 -0.535813
    outer loop
      vertex -85.6406 -36.645 4.32159
      vertex -84.7255 -47.51 13.092
      vertex -85.8573 -36.3177 4.3
    endloop
  endfacet
  facet normal -0.687366 -0.49038 -0.535776
    outer loop
      vertex -84.7255 -47.51 13.092
      vertex -85.6406 -36.645 4.32159
      vertex -85.4472 -36.8925 4.3
    endloop
  endfacet
  facet normal 0.895037 0.445991 0
    outer loop
      vertex -77.8277 -32.3143 29.7
      vertex -77.9153 -32.1385 4.3
      vertex -77.9153 -32.1385 29.7
    endloop
  endfacet
  facet normal 0.895037 0.445991 0
    outer loop
      vertex -77.9153 -32.1385 4.3
      vertex -77.8277 -32.3143 29.7
      vertex -77.8277 -32.3143 4.3
    endloop
  endfacet
  facet normal 0.895062 0.445941 0
    outer loop
      vertex -78.0726 -31.823 29.7
      vertex -78.1427 -31.6823 4.3
      vertex -78.1427 -31.6823 29.7
    endloop
  endfacet
  facet normal 0.895062 0.445941 0
    outer loop
      vertex -78.1427 -31.6823 4.3
      vertex -78.0726 -31.823 29.7
      vertex -78.0726 -31.823 4.3
    endloop
  endfacet
  facet normal 0.0462337 -0.661157 -0.748821
    outer loop
      vertex -83.3213 -48.0011 12.5858
      vertex -82.8767 -47.9443 12.5631
      vertex -82.9023 -47.9718 12.5858
    endloop
  endfacet
  facet normal 0.0461418 -0.660628 -0.749294
    outer loop
      vertex -82.8767 -47.9443 12.5631
      vertex -83.3213 -48.0011 12.5858
      vertex -81.6861 -38.489 4.3
    endloop
  endfacet
  facet normal -0.383893 -0.377044 0.84289
    outer loop
      vertex -85.182 -37.182 29.6912
      vertex -84.9523 -37.3962 29.7
      vertex -85.0624 -37.2841 29.7
    endloop
  endfacet
  facet normal -0.385477 -0.378805 0.841376
    outer loop
      vertex -84.9523 -37.3962 29.7
      vertex -85.182 -37.182 29.6912
      vertex -83.7938 -47.2775 25.782
    endloop
  endfacet
  facet normal -0.383585 -0.377014 0.843044
    outer loop
      vertex -85.4472 -36.8925 29.7
      vertex -85.182 -37.182 29.6912
      vertex -85.3095 -37.0326 29.7
    endloop
  endfacet
  facet normal -0.385593 -0.378801 0.841325
    outer loop
      vertex -85.182 -37.182 29.6912
      vertex -85.4472 -36.8925 29.7
      vertex -83.7938 -47.2775 25.782
    endloop
  endfacet
  facet normal -0.729471 -0.611964 0.305568
    outer loop
      vertex -84.3672 -47.9371 24.908
      vertex -84.7255 -47.51 24.908
      vertex -84.494 -48.0831 24.3129
    endloop
  endfacet
  facet normal -0.196645 -0.788231 -0.583115
    outer loop
      vertex -83.3213 -48.0011 12.5858
      vertex -83.8944 -48.2326 13.092
      vertex -83.7506 -47.894 12.5858
    endloop
  endfacet
  facet normal 0.132311 -0.572752 0.80898
    outer loop
      vertex -82.747 -47.7279 25.564
      vertex -82.9938 -47.477 25.782
      vertex -82.8849 -47.9486 25.4303
    endloop
  endfacet
  facet normal 0.132293 -0.572764 0.808974
    outer loop
      vertex -82.9938 -47.477 25.782
      vertex -82.747 -47.7279 25.564
      vertex -82.1608 -47.2846 25.782
    endloop
  endfacet
  facet normal 0.132288 -0.572678 0.809037
    outer loop
      vertex -75.1989 -45.6773 25.782
      vertex -75.3107 -46.0111 25.564
      vertex -75.09 -46.149 25.4303
    endloop
  endfacet
  facet normal 0.132272 -0.572675 0.809041
    outer loop
      vertex -75.3107 -46.0111 25.564
      vertex -75.1989 -45.6773 25.782
      vertex -76.0319 -45.8697 25.782
    endloop
  endfacet
  facet normal -0.729396 -0.612015 0.305647
    outer loop
      vertex -84.7255 -47.51 24.908
      vertex -84.8913 -47.6096 24.3129
      vertex -84.494 -48.0831 24.3129
    endloop
  endfacet
  facet normal -0.882775 -0.356765 0.305659
    outer loop
      vertex -84.7255 -47.51 24.908
      vertex -84.9344 -46.9931 24.908
      vertex -84.8913 -47.6096 24.3129
    endloop
  endfacet
  facet normal 0.283554 -0.288705 0.914465
    outer loop
      vertex -78.818 -37.182 29.6939
      vertex -78.6038 -36.9523 29.7
      vertex -78.7159 -37.0624 29.7
    endloop
  endfacet
  facet normal 0.286806 -0.291685 0.912503
    outer loop
      vertex -78.6038 -36.9523 29.7
      vertex -78.818 -37.182 29.6939
      vertex -74.7178 -45.3883 25.782
    endloop
  endfacet
  facet normal 0.283508 -0.28845 0.91456
    outer loop
      vertex -79.1075 -37.4472 29.7
      vertex -78.818 -37.182 29.6939
      vertex -78.9674 -37.3095 29.7
    endloop
  endfacet
  facet normal 0.286558 -0.291825 0.912536
    outer loop
      vertex -78.818 -37.182 29.6939
      vertex -79.1075 -37.4472 29.7
      vertex -74.7178 -45.3883 25.782
    endloop
  endfacet
  facet normal -0.864367 -0.272739 0.422473
    outer loop
      vertex -86.3847 -35.0123 29.7
      vertex -86.2798 -35.3906 29.6704
      vertex -86.3256 -35.1996 29.7
    endloop
  endfacet
  facet normal -0.865264 -0.273029 0.420444
    outer loop
      vertex -86.2798 -35.3906 29.6704
      vertex -86.1723 -35.6857 29.7
      vertex -86.2196 -35.5358 29.7
    endloop
  endfacet
  facet normal -0.865186 -0.272981 0.420636
    outer loop
      vertex -86.2798 -35.3906 29.6704
      vertex -84.9344 -46.9931 24.908
      vertex -86.1723 -35.6857 29.7
    endloop
  endfacet
  facet normal -0.865405 -0.272855 0.420267
    outer loop
      vertex -84.9344 -46.9931 24.908
      vertex -86.2798 -35.3906 29.6704
      vertex -86.3847 -35.0123 29.7
    endloop
  endfacet
  facet normal -0.92156 -0.235124 0.308939
    outer loop
      vertex -84.9344 -46.9931 24.908
      vertex -86.3847 -35.0123 29.7
      vertex -85.1228 -47.0366 24.3129
    endloop
  endfacet
  facet normal -0.107994 -0.643809 -0.757527
    outer loop
      vertex -82.3922 -38.4829 4.3
      vertex -82.704 -38.4446 4.3119
      vertex -82.5472 -38.4569 4.3
    endloop
  endfacet
  facet normal -0.107841 -0.644717 -0.756776
    outer loop
      vertex -82.704 -38.4446 4.3119
      vertex -83.0886 -38.3663 4.3
      vertex -82.8949 -38.3987 4.3
    endloop
  endfacet
  facet normal -0.108298 -0.646694 -0.755022
    outer loop
      vertex -82.704 -38.4446 4.3119
      vertex -83.3213 -48.0011 12.5858
      vertex -83.0886 -38.3663 4.3
    endloop
  endfacet
  facet normal -0.108253 -0.646698 -0.755025
    outer loop
      vertex -83.3213 -48.0011 12.5858
      vertex -82.704 -38.4446 4.3119
      vertex -82.3922 -38.4829 4.3
    endloop
  endfacet
  facet normal -0.882775 -0.356765 -0.305659
    outer loop
      vertex -84.8913 -47.6096 13.6871
      vertex -84.9344 -46.9931 13.092
      vertex -84.7255 -47.51 13.092
    endloop
  endfacet
  facet normal -0.874725 -0.353511 -0.331491
    outer loop
      vertex -84.9344 -46.9931 13.092
      vertex -86.1723 -35.6857 4.3
      vertex -84.7255 -47.51 13.092
    endloop
  endfacet
  facet normal 0.947735 0.0885888 -0.306515
    outer loop
      vertex -73.6668 -44.3918 13.092
      vertex -77.511 -33.6861 4.3
      vertex -73.4784 -44.3483 13.6871
    endloop
  endfacet
  facet normal 0.380829 -0.454033 0.805495
    outer loop
      vertex -74.7178 -45.3883 25.782
      vertex -74.9355 -45.5709 25.782
      vertex -74.3358 -45.7204 25.4142
    endloop
  endfacet
  facet normal 0.94984 0.0665581 -0.305571
    outer loop
      vertex -73.4352 -44.9648 13.6871
      vertex -73.6668 -44.3918 13.092
      vertex -73.4784 -44.3483 13.6871
    endloop
  endfacet
  facet normal 0.923821 -0.230455 -0.305688
    outer loop
      vertex -73.5848 -45.5645 13.6871
      vertex -73.6279 -44.9479 13.092
      vertex -73.4352 -44.9648 13.6871
    endloop
  endfacet
  facet normal 0.8075 -0.504517 -0.305624
    outer loop
      vertex -73.5848 -45.5645 13.6871
      vertex -74.0582 -45.9617 13.092
      vertex -73.7628 -45.4889 13.092
    endloop
  endfacet
  facet normal 0.807437 -0.504605 -0.305646
    outer loop
      vertex -73.9315 -46.0719 13.6089
      vertex -73.5848 -45.5645 13.6871
      vertex -73.8809 -46.0383 13.6871
    endloop
  endfacet
  facet normal 0.807464 -0.504645 -0.305509
    outer loop
      vertex -73.5848 -45.5645 13.6871
      vertex -73.9315 -46.0719 13.6089
      vertex -74.0582 -45.9617 13.092
    endloop
  endfacet
  facet normal 0.502481 -0.314051 0.805534
    outer loop
      vertex -74.5673 -45.1474 25.782
      vertex -74.3358 -45.7204 25.4142
      vertex -74.1013 -45.3452 25.4142
    endloop
  endfacet
  facet normal 0.502584 -0.313985 0.805496
    outer loop
      vertex -74.3358 -45.7204 25.4142
      vertex -74.5673 -45.1474 25.782
      vertex -74.7178 -45.3883 25.782
    endloop
  endfacet
  facet normal 0.258799 -0.308546 0.915326
    outer loop
      vertex -74.7178 -45.3883 25.782
      vertex -79.1075 -37.4472 29.7
      vertex -74.9355 -45.5709 25.782
    endloop
  endfacet
  facet normal 0.813905 0.580997 0
    outer loop
      vertex -78.4615 -31.2354 29.7
      vertex -78.5528 -31.1075 4.3
      vertex -78.5528 -31.1075 29.7
    endloop
  endfacet
  facet normal 0.813905 0.580997 0
    outer loop
      vertex -78.5528 -31.1075 4.3
      vertex -78.4615 -31.2354 29.7
      vertex -78.4615 -31.2354 4.3
    endloop
  endfacet
  facet normal 0.814009 0.580853 0
    outer loop
      vertex -78.1427 -31.6823 29.7
      vertex -78.2568 -31.5224 4.3
      vertex -78.2568 -31.5224 29.7
    endloop
  endfacet
  facet normal 0.814009 0.580853 0
    outer loop
      vertex -78.2568 -31.5224 4.3
      vertex -78.1427 -31.6823 29.7
      vertex -78.1427 -31.6823 4.3
    endloop
  endfacet
  facet normal -0.684655 -0.341159 0.644095
    outer loop
      vertex -86.1723 -35.6857 29.7
      vertex -86.0095 -36.043 29.6838
      vertex -86.0847 -35.8615 29.7
    endloop
  endfacet
  facet normal -0.682845 -0.340209 0.646515
    outer loop
      vertex -86.0095 -36.043 29.6838
      vertex -85.8573 -36.3177 29.7
      vertex -85.9274 -36.177 29.7
    endloop
  endfacet
  facet normal -0.684199 -0.341071 0.644625
    outer loop
      vertex -86.0095 -36.043 29.6838
      vertex -84.4103 -47.3206 25.4142
      vertex -85.8573 -36.3177 29.7
    endloop
  endfacet
  facet normal -0.684351 -0.341038 0.644482
    outer loop
      vertex -84.4103 -47.3206 25.4142
      vertex -86.0095 -36.043 29.6838
      vertex -86.1723 -35.6857 29.7
    endloop
  endfacet
  facet normal 0.00865548 0.999963 -0
    outer loop
      vertex -81.6078 -29.5171 4.3
      vertex -81.8042 -29.5154 29.7
      vertex -81.6078 -29.5171 29.7
    endloop
  endfacet
  facet normal 0.00865548 0.999963 0
    outer loop
      vertex -81.8042 -29.5154 29.7
      vertex -81.6078 -29.5171 4.3
      vertex -81.8042 -29.5154 4.3
    endloop
  endfacet
  facet normal 0.00826944 0.999966 -0
    outer loop
      vertex -82.1567 -29.5123 4.3
      vertex -82.3139 -29.511 29.7
      vertex -82.1567 -29.5123 29.7
    endloop
  endfacet
  facet normal 0.00826944 0.999966 0
    outer loop
      vertex -82.3139 -29.511 29.7
      vertex -82.1567 -29.5123 4.3
      vertex -82.3139 -29.511 4.3
    endloop
  endfacet
  facet normal 0.420959 -0.219237 0.880187
    outer loop
      vertex -77.9905 -36.043 29.6926
      vertex -77.8577 -35.7583 29.7
      vertex -77.9303 -35.8977 29.7
    endloop
  endfacet
  facet normal 0.421468 -0.219467 0.879886
    outer loop
      vertex -77.8577 -35.7583 29.7
      vertex -77.9905 -36.043 29.6926
      vertex -74.5673 -45.1474 25.782
    endloop
  endfacet
  facet normal 0.421644 -0.219536 0.879784
    outer loop
      vertex -78.1838 -36.3846 29.7
      vertex -77.9905 -36.043 29.6926
      vertex -78.0931 -36.2104 29.7
    endloop
  endfacet
  facet normal 0.421498 -0.219451 0.879875
    outer loop
      vertex -77.9905 -36.043 29.6926
      vertex -78.1838 -36.3846 29.7
      vertex -74.5673 -45.1474 25.782
    endloop
  endfacet
  facet normal -0.282872 -0.382407 0.87963
    outer loop
      vertex -84.645 -37.6406 29.6926
      vertex -84.3846 -37.8162 29.7
      vertex -84.511 -37.7227 29.7
    endloop
  endfacet
  facet normal -0.282615 -0.382014 0.879883
    outer loop
      vertex -84.3846 -37.8162 29.7
      vertex -84.645 -37.6406 29.6926
      vertex -83.7938 -47.2775 25.782
    endloop
  endfacet
  facet normal -0.282027 -0.381268 0.880395
    outer loop
      vertex -84.9523 -37.3962 29.7
      vertex -84.645 -37.6406 29.6926
      vertex -84.7944 -37.513 29.7
    endloop
  endfacet
  facet normal -0.282633 -0.382014 0.879878
    outer loop
      vertex -84.645 -37.6406 29.6926
      vertex -84.9523 -37.3962 29.7
      vertex -83.7938 -47.2775 25.782
    endloop
  endfacet
  facet normal -0.00333882 -0.403741 0.914867
    outer loop
      vertex -82 -38.5 29.694
      vertex -81.6861 -38.489 29.7
      vertex -81.8433 -38.4877 29.7
    endloop
  endfacet
  facet normal -0.00347132 -0.40104 0.916054
    outer loop
      vertex -82.3922 -38.4829 29.7
      vertex -82 -38.5 29.694
      vertex -82.1958 -38.4846 29.7
    endloop
  endfacet
  facet normal -0.00357383 -0.398327 0.917237
    outer loop
      vertex -82 -38.5 29.694
      vertex -83.2772 -47.4968 25.782
      vertex -81.6861 -38.489 29.7
    endloop
  endfacet
  facet normal -0.00333637 -0.398355 0.917225
    outer loop
      vertex -83.2772 -47.4968 25.782
      vertex -82 -38.5 29.694
      vertex -82.3922 -38.4829 29.7
    endloop
  endfacet
  facet normal 0.461818 0.886975 -0
    outer loop
      vertex -79.6154 -30.1838 4.3
      vertex -79.7896 -30.0931 29.7
      vertex -79.6154 -30.1838 29.7
    endloop
  endfacet
  facet normal 0.461818 0.886975 0
    outer loop
      vertex -79.7896 -30.0931 29.7
      vertex -79.6154 -30.1838 4.3
      vertex -79.7896 -30.0931 4.3
    endloop
  endfacet
  facet normal 0.461914 0.886925 -0
    outer loop
      vertex -80.1023 -29.9303 4.3
      vertex -80.2417 -29.8577 29.7
      vertex -80.1023 -29.9303 29.7
    endloop
  endfacet
  facet normal 0.461914 0.886925 0
    outer loop
      vertex -80.2417 -29.8577 29.7
      vertex -80.1023 -29.9303 4.3
      vertex -80.2417 -29.8577 4.3
    endloop
  endfacet
  facet normal 0.165431 0.986221 -0
    outer loop
      vertex -81.4528 -29.5431 4.3
      vertex -81.6078 -29.5171 29.7
      vertex -81.4528 -29.5431 29.7
    endloop
  endfacet
  facet normal 0.165431 0.986221 0
    outer loop
      vertex -81.6078 -29.5171 29.7
      vertex -81.4528 -29.5431 4.3
      vertex -81.6078 -29.5171 4.3
    endloop
  endfacet
  facet normal 0.164977 0.986297 -0
    outer loop
      vertex -80.9114 -29.6337 4.3
      vertex -81.1051 -29.6013 29.7
      vertex -80.9114 -29.6337 29.7
    endloop
  endfacet
  facet normal 0.164977 0.986297 0
    outer loop
      vertex -81.1051 -29.6013 29.7
      vertex -80.9114 -29.6337 4.3
      vertex -81.1051 -29.6013 4.3
    endloop
  endfacet
  facet normal -0.449363 -0.377085 0.809864
    outer loop
      vertex -83.7938 -47.2775 25.782
      vertex -85.4472 -36.8925 29.7
      vertex -83.9764 -47.0599 25.782
    endloop
  endfacet
  facet normal -0.143512 -0.574883 0.805552
    outer loop
      vertex -83.5528 -47.428 25.782
      vertex -83.7506 -47.894 25.4142
      vertex -83.2772 -47.4968 25.782
    endloop
  endfacet
  facet normal -0.456828 -0.376633 0.805888
    outer loop
      vertex -83.9764 -47.0599 25.782
      vertex -85.4472 -36.8925 29.7
      vertex -84.4103 -47.3206 25.4142
    endloop
  endfacet
  facet normal -0.700714 0.713442 0
    outer loop
      vertex -85.2841 -30.9376 4.3
      vertex -85.3962 -31.0477 29.7
      vertex -85.2841 -30.9376 29.7
    endloop
  endfacet
  facet normal -0.700714 0.713442 0
    outer loop
      vertex -85.3962 -31.0477 29.7
      vertex -85.2841 -30.9376 4.3
      vertex -85.3962 -31.0477 4.3
    endloop
  endfacet
  facet normal -0.700972 0.713189 0
    outer loop
      vertex -84.8925 -30.5528 4.3
      vertex -85.0326 -30.6905 29.7
      vertex -84.8925 -30.5528 29.7
    endloop
  endfacet
  facet normal -0.700972 0.713189 0
    outer loop
      vertex -85.0326 -30.6905 29.7
      vertex -84.8925 -30.5528 4.3
      vertex -85.0326 -30.6905 4.3
    endloop
  endfacet
  facet normal 0.0568541 -0.810405 -0.583105
    outer loop
      vertex -83.1295 -48.1209 12.771
      vertex -83.3441 -48.2618 12.9459
      vertex -83.3213 -48.0011 12.5858
    endloop
  endfacet
  facet normal -0.729471 -0.611964 -0.305568
    outer loop
      vertex -84.494 -48.0831 13.6871
      vertex -84.7255 -47.51 13.092
      vertex -84.3672 -47.9371 13.092
    endloop
  endfacet
  facet normal -0.19653 -0.788324 -0.583027
    outer loop
      vertex -83.3213 -48.0011 12.5858
      vertex -83.5366 -48.3218 13.092
      vertex -83.8944 -48.2326 13.092
    endloop
  endfacet
  facet normal -0.196872 -0.788193 -0.58309
    outer loop
      vertex -83.5366 -48.3218 13.092
      vertex -83.3213 -48.0011 12.5858
      vertex -83.3441 -48.2618 12.9459
    endloop
  endfacet
  facet normal 0.304275 -0.753433 0.582886
    outer loop
      vertex -74.6747 -46.0049 25.4142
      vertex -75.0642 -46.1622 25.4142
      vertex -74.7946 -46.1966 25.229
    endloop
  endfacet
  facet normal 0.304252 -0.753431 0.582899
    outer loop
      vertex -74.6747 -46.0049 25.4142
      vertex -74.7946 -46.1966 25.229
      vertex -74.54 -46.2291 25.0541
    endloop
  endfacet
  facet normal 0.949815 0.066441 -0.305674
    outer loop
      vertex -73.6279 -44.9479 13.092
      vertex -73.6668 -44.3918 13.092
      vertex -73.4352 -44.9648 13.6871
    endloop
  endfacet
  facet normal 0.941204 0.0658386 -0.331361
    outer loop
      vertex -73.6279 -44.9479 13.092
      vertex -77.511 -33.6861 4.3
      vertex -73.6668 -44.3918 13.092
    endloop
  endfacet
  facet normal 0.78728 -0.200035 -0.583246
    outer loop
      vertex -74.1013 -45.3452 12.5858
      vertex -77.6337 -35.0886 4.3
      vertex -73.7628 -45.4889 13.092
    endloop
  endfacet
  facet normal 0.425042 -0.506315 -0.750323
    outer loop
      vertex -74.6747 -46.0049 12.5858
      vertex -79.1075 -37.4472 4.3
      vertex -74.3358 -45.7204 12.5858
    endloop
  endfacet
  facet normal 0.467785 -0.476031 -0.744695
    outer loop
      vertex -78.818 -37.182 4.31228
      vertex -78.6038 -36.9523 4.3
      vertex -74.3358 -45.7204 12.5858
    endloop
  endfacet
  facet normal 0.466097 -0.474564 -0.746688
    outer loop
      vertex -78.6038 -36.9523 4.3
      vertex -78.818 -37.182 4.31228
      vertex -78.7159 -37.0624 4.3
    endloop
  endfacet
  facet normal 0.467711 -0.476083 -0.744709
    outer loop
      vertex -79.1075 -37.4472 4.3
      vertex -78.818 -37.182 4.31228
      vertex -74.3358 -45.7204 12.5858
    endloop
  endfacet
  facet normal 0.466104 -0.474228 -0.746897
    outer loop
      vertex -78.818 -37.182 4.31228
      vertex -79.1075 -37.4472 4.3
      vertex -78.9674 -37.3095 4.3
    endloop
  endfacet
  facet normal 0.789889 -0.196961 -0.580759
    outer loop
      vertex -73.7628 -45.4889 13.092
      vertex -77.6337 -35.0886 4.3
      vertex -73.6279 -44.9479 13.092
    endloop
  endfacet
  facet normal 0.92387 -0.23037 -0.305604
    outer loop
      vertex -73.5848 -45.5645 13.6871
      vertex -73.7628 -45.4889 13.092
      vertex -73.6279 -44.9479 13.092
    endloop
  endfacet
  facet normal 0.380944 -0.453785 0.805581
    outer loop
      vertex -74.3358 -45.7204 25.4142
      vertex -74.9355 -45.5709 25.782
      vertex -74.6747 -46.0049 25.4142
    endloop
  endfacet
  facet normal 0.221911 -0.549354 0.805584
    outer loop
      vertex -74.9355 -45.5709 25.782
      vertex -75.1989 -45.6773 25.782
      vertex -74.6747 -46.0049 25.4142
    endloop
  endfacet
  facet normal 0.384214 -0.240034 0.891495
    outer loop
      vertex -74.5673 -45.1474 25.782
      vertex -78.1838 -36.3846 29.7
      vertex -74.7178 -45.3883 25.782
    endloop
  endfacet
  facet normal 0.522354 -0.622234 0.583071
    outer loop
      vertex -74.3358 -45.7204 25.4142
      vertex -74.6747 -46.0049 25.4142
      vertex -74.0582 -45.9617 24.908
    endloop
  endfacet
  facet normal 0.123945 -0.392799 0.911234
    outer loop
      vertex -80.6094 -38.2798 29.6938
      vertex -80.3143 -38.1723 29.7
      vertex -80.4642 -38.2196 29.7
    endloop
  endfacet
  facet normal 0.123555 -0.391758 0.911735
    outer loop
      vertex -80.3143 -38.1723 29.7
      vertex -80.6094 -38.2798 29.6938
      vertex -75.1989 -45.6773 25.782
    endloop
  endfacet
  facet normal 0.123341 -0.390893 0.912135
    outer loop
      vertex -80.9877 -38.3847 29.7
      vertex -80.6094 -38.2798 29.6938
      vertex -80.8004 -38.3256 29.7
    endloop
  endfacet
  facet normal 0.123571 -0.391747 0.911737
    outer loop
      vertex -80.6094 -38.2798 29.6938
      vertex -80.9877 -38.3847 29.7
      vertex -75.1989 -45.6773 25.782
    endloop
  endfacet
  facet normal -0.239911 -0.384177 0.891544
    outer loop
      vertex -83.5528 -47.428 25.782
      vertex -84.3846 -37.8162 29.7
      vertex -83.7938 -47.2775 25.782
    endloop
  endfacet
  facet normal 0.0950728 -0.41162 0.906383
    outer loop
      vertex -75.1989 -45.6773 25.782
      vertex -76.6194 -45.6337 25.9508
      vertex -76.0319 -45.8697 25.782
    endloop
  endfacet
  facet normal 0.0950818 -0.411511 0.906431
    outer loop
      vertex -80.9877 -38.3847 29.7
      vertex -76.6194 -45.6337 25.9508
      vertex -75.1989 -45.6773 25.782
    endloop
  endfacet
  facet normal 0.0950129 -0.411548 0.906422
    outer loop
      vertex -80.9877 -38.3847 29.7
      vertex -81.7362 -46.815 25.9508
      vertex -76.6194 -45.6337 25.9508
    endloop
  endfacet
  facet normal 0.0949739 -0.411547 0.906427
    outer loop
      vertex -82.9938 -47.477 25.782
      vertex -81.7362 -46.815 25.9508
      vertex -80.9877 -38.3847 29.7
    endloop
  endfacet
  facet normal 0.0951079 -0.411772 0.90631
    outer loop
      vertex -81.7362 -46.815 25.9508
      vertex -82.9938 -47.477 25.782
      vertex -82.1608 -47.2846 25.782
    endloop
  endfacet
  facet normal -0.12942 -0.387479 0.912749
    outer loop
      vertex -83.3906 -38.2798 29.6939
      vertex -83.0886 -38.3663 29.7
      vertex -83.2377 -38.3165 29.7
    endloop
  endfacet
  facet normal -0.129542 -0.38792 0.912544
    outer loop
      vertex -83.3906 -38.2798 29.6939
      vertex -83.5528 -47.428 25.782
      vertex -83.0886 -38.3663 29.7
    endloop
  endfacet
  facet normal -0.128312 -0.3837 0.9145
    outer loop
      vertex -83.7583 -38.1423 29.7
      vertex -83.3906 -38.2798 29.6939
      vertex -83.572 -38.2046 29.7
    endloop
  endfacet
  facet normal -0.129914 -0.387895 0.912502
    outer loop
      vertex -83.3906 -38.2798 29.6939
      vertex -83.7583 -38.1423 29.7
      vertex -83.5528 -47.428 25.782
    endloop
  endfacet
  facet normal -0.453974 -0.380856 0.805516
    outer loop
      vertex -83.9764 -47.0599 25.782
      vertex -84.4103 -47.3206 25.4142
      vertex -84.1259 -47.6596 25.4142
    endloop
  endfacet
  facet normal -0.453899 -0.380891 0.805542
    outer loop
      vertex -83.9764 -47.0599 25.782
      vertex -84.1259 -47.6596 25.4142
      vertex -83.7938 -47.2775 25.782
    endloop
  endfacet
  facet normal -0.504573 -0.807385 -0.305834
    outer loop
      vertex -84.494 -48.0831 13.6871
      vertex -83.96 -48.3872 13.6089
      vertex -84.0202 -48.3792 13.6871
    endloop
  endfacet
  facet normal -0.504585 -0.807462 -0.305614
    outer loop
      vertex -84.3672 -47.9371 13.092
      vertex -83.96 -48.3872 13.6089
      vertex -84.494 -48.0831 13.6871
    endloop
  endfacet
  facet normal -0.504653 -0.807445 -0.305545
    outer loop
      vertex -83.96 -48.3872 13.6089
      vertex -84.3672 -47.9371 13.092
      vertex -83.8944 -48.2326 13.092
    endloop
  endfacet
  facet normal -0.619897 -0.524917 -0.583259
    outer loop
      vertex -84.3672 -47.9371 13.092
      vertex -85.4472 -36.8925 4.3
      vertex -84.1259 -47.6596 12.5858
    endloop
  endfacet
  facet normal -0.230312 -0.9239 -0.305559
    outer loop
      vertex -83.8944 -48.2326 13.092
      vertex -83.6494 -48.32 13.1716
      vertex -83.96 -48.3872 13.6089
    endloop
  endfacet
  facet normal -0.230332 -0.923911 -0.305508
    outer loop
      vertex -83.6494 -48.32 13.1716
      vertex -83.8944 -48.2326 13.092
      vertex -83.5366 -48.3218 13.092
    endloop
  endfacet
  facet normal 0.304252 -0.753431 -0.582899
    outer loop
      vertex -74.54 -46.2291 12.9459
      vertex -74.7946 -46.1966 12.771
      vertex -74.6747 -46.0049 12.5858
    endloop
  endfacet
  facet normal 0.688989 -0.430618 0.582977
    outer loop
      vertex -74.3358 -45.7204 25.4142
      vertex -73.7628 -45.4889 24.908
      vertex -74.1013 -45.3452 25.4142
    endloop
  endfacet
  facet normal 0.689006 -0.430483 0.583057
    outer loop
      vertex -73.7628 -45.4889 24.908
      vertex -74.3358 -45.7204 25.4142
      vertex -74.0582 -45.9617 24.908
    endloop
  endfacet
  facet normal 0.574952 -0.143321 0.805537
    outer loop
      vertex -74.4986 -44.8718 25.782
      vertex -74.5673 -45.1474 25.782
      vertex -74.1013 -45.3452 25.4142
    endloop
  endfacet
  facet normal 0 0 1
    outer loop
      vertex -86.4846 -33.8042 29.7
      vertex -86.5 -34 29.7
      vertex -86.4877 -34.1567 29.7
    endloop
  endfacet
  facet normal 0 0 1
    outer loop
      vertex -77.54 -33.4918 29.7
      vertex -77.5123 -33.8433 29.7
      vertex -77.511 -33.6861 29.7
    endloop
  endfacet
  facet normal 0 0 1
    outer loop
      vertex -80.6038 -33.9512 29.7
      vertex -77.5123 -33.8433 29.7
      vertex -77.54 -33.4918 29.7
    endloop
  endfacet
  facet normal 0 0 1
    outer loop
      vertex -77.5123 -33.8433 29.7
      vertex -80.6038 -33.9512 29.7
      vertex -77.5154 -34.1958 29.7
    endloop
  endfacet
  facet normal -0 0 1
    outer loop
      vertex -80.6048 -34.0609 29.7
      vertex -77.5154 -34.1958 29.7
      vertex -80.6038 -33.9512 29.7
    endloop
  endfacet
  facet normal 0 0 1
    outer loop
      vertex -77.5921 -33.1432 29.7
      vertex -77.54 -33.4918 29.7
      vertex -77.5554 -33.296 29.7
    endloop
  endfacet
  facet normal 0 -0 1
    outer loop
      vertex -77.5431 -34.5472 29.7
      vertex -77.5154 -34.1958 29.7
      vertex -80.6048 -34.0609 29.7
    endloop
  endfacet
  facet normal 0 0 1
    outer loop
      vertex -77.54 -33.4918 29.7
      vertex -77.5921 -33.1432 29.7
      vertex -80.6124 -33.8419 29.7
    endloop
  endfacet
  facet normal 0 0 1
    outer loop
      vertex -77.5154 -34.1958 29.7
      vertex -77.5431 -34.5472 29.7
      vertex -77.5171 -34.3922 29.7
    endloop
  endfacet
  facet normal 0 0 1
    outer loop
      vertex -77.6744 -32.8004 29.7
      vertex -77.5921 -33.1432 29.7
      vertex -77.6153 -32.9877 29.7
    endloop
  endfacet
  facet normal -0 0 1
    outer loop
      vertex -80.6134 -34.1703 29.7
      vertex -77.5431 -34.5472 29.7
      vertex -80.6048 -34.0609 29.7
    endloop
  endfacet
  facet normal 0 0 1
    outer loop
      vertex -77.5921 -33.1432 29.7
      vertex -77.6744 -32.8004 29.7
      vertex -80.6287 -33.7334 29.7
    endloop
  endfacet
  facet normal 0 -0 1
    outer loop
      vertex -77.6012 -34.8949 29.7
      vertex -77.5431 -34.5472 29.7
      vertex -80.6134 -34.1703 29.7
    endloop
  endfacet
  facet normal 0 0 1
    outer loop
      vertex -77.7804 -32.4642 29.7
      vertex -77.6744 -32.8004 29.7
      vertex -77.7202 -32.6094 29.7
    endloop
  endfacet
  facet normal 0 0 1
    outer loop
      vertex -77.5431 -34.5472 29.7
      vertex -77.6012 -34.8949 29.7
      vertex -77.5554 -34.704 29.7
    endloop
  endfacet
  facet normal 0 0 1
    outer loop
      vertex -77.6744 -32.8004 29.7
      vertex -77.7804 -32.4642 29.7
      vertex -80.6543 -33.6268 29.7
    endloop
  endfacet
  facet normal -0 0 1
    outer loop
      vertex -80.6315 -34.2784 29.7
      vertex -77.6012 -34.8949 29.7
      vertex -80.6134 -34.1703 29.7
    endloop
  endfacet
  facet normal 0 0 1
    outer loop
      vertex -77.9153 -32.1385 29.7
      vertex -77.7804 -32.4642 29.7
      vertex -77.8277 -32.3143 29.7
    endloop
  endfacet
  facet normal 0 -0 1
    outer loop
      vertex -77.6835 -35.2377 29.7
      vertex -77.6012 -34.8949 29.7
      vertex -80.6315 -34.2784 29.7
    endloop
  endfacet
  facet normal 0 0 1
    outer loop
      vertex -77.7804 -32.4642 29.7
      vertex -77.9153 -32.1385 29.7
      vertex -80.6872 -33.5222 29.7
    endloop
  endfacet
  facet normal 0 0 1
    outer loop
      vertex -77.6012 -34.8949 29.7
      vertex -77.6835 -35.2377 29.7
      vertex -77.6337 -35.0886 29.7
    endloop
  endfacet
  facet normal 0 0 1
    outer loop
      vertex -78.0726 -31.823 29.7
      vertex -77.9153 -32.1385 29.7
      vertex -77.9905 -31.957 29.7
    endloop
  endfacet
  facet normal -0 0 1
    outer loop
      vertex -80.6571 -34.3851 29.7
      vertex -77.6835 -35.2377 29.7
      vertex -80.6315 -34.2784 29.7
    endloop
  endfacet
  facet normal 0 0 1
    outer loop
      vertex -77.9153 -32.1385 29.7
      vertex -78.0726 -31.823 29.7
      vertex -80.7292 -33.4209 29.7
    endloop
  endfacet
  facet normal 0 -0 1
    outer loop
      vertex -77.7954 -35.572 29.7
      vertex -77.6835 -35.2377 29.7
      vertex -80.6571 -34.3851 29.7
    endloop
  endfacet
  facet normal 0 0 1
    outer loop
      vertex -78.2568 -31.5224 29.7
      vertex -78.0726 -31.823 29.7
      vertex -78.1427 -31.6823 29.7
    endloop
  endfacet
  facet normal 0 0 1
    outer loop
      vertex -77.6835 -35.2377 29.7
      vertex -77.7954 -35.572 29.7
      vertex -77.7202 -35.3906 29.7
    endloop
  endfacet
  facet normal 0 0 1
    outer loop
      vertex -78.0726 -31.823 29.7
      vertex -78.2568 -31.5224 29.7
      vertex -80.7781 -33.3227 29.7
    endloop
  endfacet
  facet normal -0 0 1
    outer loop
      vertex -80.6919 -34.4891 29.7
      vertex -77.7954 -35.572 29.7
      vertex -80.6571 -34.3851 29.7
    endloop
  endfacet
  facet normal 0 0 1
    outer loop
      vertex -78.4615 -31.2354 29.7
      vertex -78.2568 -31.5224 29.7
      vertex -78.3594 -31.355 29.7
    endloop
  endfacet
  facet normal 0 -0 1
    outer loop
      vertex -77.9303 -35.8977 29.7
      vertex -77.7954 -35.572 29.7
      vertex -80.6919 -34.4891 29.7
    endloop
  endfacet
  facet normal 0 0 1
    outer loop
      vertex -78.2568 -31.5224 29.7
      vertex -78.4615 -31.2354 29.7
      vertex -80.8354 -33.2292 29.7
    endloop
  endfacet
  facet normal 0 0 1
    outer loop
      vertex -77.7954 -35.572 29.7
      vertex -77.9303 -35.8977 29.7
      vertex -77.8577 -35.7583 29.7
    endloop
  endfacet
  facet normal 0 0 1
    outer loop
      vertex -78.6905 -30.9674 29.7
      vertex -78.4615 -31.2354 29.7
      vertex -78.5528 -31.1075 29.7
    endloop
  endfacet
  facet normal -0 0 1
    outer loop
      vertex -80.7339 -34.5904 29.7
      vertex -77.9303 -35.8977 29.7
      vertex -80.6919 -34.4891 29.7
    endloop
  endfacet
  facet normal 0 0 1
    outer loop
      vertex -78.4615 -31.2354 29.7
      vertex -78.6905 -30.9674 29.7
      vertex -80.8991 -33.1399 29.7
    endloop
  endfacet
  facet normal 0 -0 1
    outer loop
      vertex -78.0931 -36.2104 29.7
      vertex -77.9303 -35.8977 29.7
      vertex -80.7339 -34.5904 29.7
    endloop
  endfacet
  facet normal 0 0 1
    outer loop
      vertex -78.9376 -30.7159 29.7
      vertex -78.6905 -30.9674 29.7
      vertex -78.818 -30.818 29.7
    endloop
  endfacet
  facet normal 0 0 1
    outer loop
      vertex -77.9303 -35.8977 29.7
      vertex -78.0931 -36.2104 29.7
      vertex -77.9905 -36.043 29.7
    endloop
  endfacet
  facet normal 0 0 1
    outer loop
      vertex -78.6905 -30.9674 29.7
      vertex -78.9376 -30.7159 29.7
      vertex -80.9704 -33.0565 29.7
    endloop
  endfacet
  facet normal -0 0 1
    outer loop
      vertex -80.7845 -34.6877 29.7
      vertex -78.0931 -36.2104 29.7
      vertex -80.7339 -34.5904 29.7
    endloop
  endfacet
  facet normal 0 0 1
    outer loop
      vertex -79.2056 -30.487 29.7
      vertex -78.9376 -30.7159 29.7
      vertex -79.0477 -30.6038 29.7
    endloop
  endfacet
  facet normal 0 -0 1
    outer loop
      vertex -78.2773 -36.511 29.7
      vertex -78.0931 -36.2104 29.7
      vertex -80.7845 -34.6877 29.7
    endloop
  endfacet
  facet normal 0 0 1
    outer loop
      vertex -78.9376 -30.7159 29.7
      vertex -79.2056 -30.487 29.7
      vertex -81.0472 -32.9783 29.7
    endloop
  endfacet
  facet normal 0 0 1
    outer loop
      vertex -78.0931 -36.2104 29.7
      vertex -78.2773 -36.511 29.7
      vertex -78.1838 -36.3846 29.7
    endloop
  endfacet
  facet normal 0 0 1
    outer loop
      vertex -79.489 -30.2773 29.7
      vertex -79.2056 -30.487 29.7
      vertex -79.355 -30.3594 29.7
    endloop
  endfacet
  facet normal -0 0 1
    outer loop
      vertex -80.8418 -34.7812 29.7
      vertex -78.2773 -36.511 29.7
      vertex -80.7845 -34.6877 29.7
    endloop
  endfacet
  facet normal 0 0 1
    outer loop
      vertex -79.2056 -30.487 29.7
      vertex -79.489 -30.2773 29.7
      vertex -81.1306 -32.9071 29.7
    endloop
  endfacet
  facet normal 0 -0 1
    outer loop
      vertex -78.487 -36.7944 29.7
      vertex -78.2773 -36.511 29.7
      vertex -80.8418 -34.7812 29.7
    endloop
  endfacet
  facet normal 0 0 1
    outer loop
      vertex -79.7896 -30.0931 29.7
      vertex -79.489 -30.2773 29.7
      vertex -79.6154 -30.1838 29.7
    endloop
  endfacet
  facet normal 0 0 1
    outer loop
      vertex -78.2773 -36.511 29.7
      vertex -78.487 -36.7944 29.7
      vertex -78.3594 -36.645 29.7
    endloop
  endfacet
  facet normal 0 0 1
    outer loop
      vertex -79.489 -30.2773 29.7
      vertex -79.7896 -30.0931 29.7
      vertex -81.2188 -32.8418 29.7
    endloop
  endfacet
  facet normal -0 0 1
    outer loop
      vertex -80.9071 -34.8694 29.7
      vertex -78.487 -36.7944 29.7
      vertex -80.8418 -34.7812 29.7
    endloop
  endfacet
  facet normal 0 0 1
    outer loop
      vertex -80.1023 -29.9303 29.7
      vertex -79.7896 -30.0931 29.7
      vertex -79.957 -29.9905 29.7
    endloop
  endfacet
  facet normal 0 -0 1
    outer loop
      vertex -78.7159 -37.0624 29.7
      vertex -78.487 -36.7944 29.7
      vertex -80.9071 -34.8694 29.7
    endloop
  endfacet
  facet normal 0 0 1
    outer loop
      vertex -79.7896 -30.0931 29.7
      vertex -80.1023 -29.9303 29.7
      vertex -81.3123 -32.7845 29.7
    endloop
  endfacet
  facet normal 0 0 1
    outer loop
      vertex -78.487 -36.7944 29.7
      vertex -78.7159 -37.0624 29.7
      vertex -78.6038 -36.9523 29.7
    endloop
  endfacet
  facet normal 0 0 1
    outer loop
      vertex -80.428 -29.7954 29.7
      vertex -80.1023 -29.9303 29.7
      vertex -80.2417 -29.8577 29.7
    endloop
  endfacet
  facet normal -0 0 1
    outer loop
      vertex -80.9783 -34.9528 29.7
      vertex -78.7159 -37.0624 29.7
      vertex -80.9071 -34.8694 29.7
    endloop
  endfacet
  facet normal 0 0 1
    outer loop
      vertex -80.1023 -29.9303 29.7
      vertex -80.428 -29.7954 29.7
      vertex -81.4096 -32.7339 29.7
    endloop
  endfacet
  facet normal 0 -0 1
    outer loop
      vertex -78.9674 -37.3095 29.7
      vertex -78.7159 -37.0624 29.7
      vertex -80.9783 -34.9528 29.7
    endloop
  endfacet
  facet normal 0 0 1
    outer loop
      vertex -78.7159 -37.0624 29.7
      vertex -78.9674 -37.3095 29.7
      vertex -78.818 -37.182 29.7
    endloop
  endfacet
  facet normal 0 0 1
    outer loop
      vertex -80.7623 -29.6835 29.7
      vertex -80.428 -29.7954 29.7
      vertex -80.6094 -29.7202 29.7
    endloop
  endfacet
  facet normal 0 0 1
    outer loop
      vertex -77.54 -33.4918 29.7
      vertex -80.6124 -33.8419 29.7
      vertex -80.6038 -33.9512 29.7
    endloop
  endfacet
  facet normal 0 0 1
    outer loop
      vertex -77.5921 -33.1432 29.7
      vertex -80.6287 -33.7334 29.7
      vertex -80.6124 -33.8419 29.7
    endloop
  endfacet
  facet normal 0 0 1
    outer loop
      vertex -77.6744 -32.8004 29.7
      vertex -80.6543 -33.6268 29.7
      vertex -80.6287 -33.7334 29.7
    endloop
  endfacet
  facet normal 0 0 1
    outer loop
      vertex -77.7804 -32.4642 29.7
      vertex -80.6872 -33.5222 29.7
      vertex -80.6543 -33.6268 29.7
    endloop
  endfacet
  facet normal 0 0 1
    outer loop
      vertex -77.9153 -32.1385 29.7
      vertex -80.7292 -33.4209 29.7
      vertex -80.6872 -33.5222 29.7
    endloop
  endfacet
  facet normal 0 0 1
    outer loop
      vertex -80.428 -29.7954 29.7
      vertex -80.7623 -29.6835 29.7
      vertex -81.5109 -32.6919 29.7
    endloop
  endfacet
  facet normal 0 0 1
    outer loop
      vertex -78.0726 -31.823 29.7
      vertex -80.7781 -33.3227 29.7
      vertex -80.7292 -33.4209 29.7
    endloop
  endfacet
  facet normal 0 0 1
    outer loop
      vertex -78.2568 -31.5224 29.7
      vertex -80.8354 -33.2292 29.7
      vertex -80.7781 -33.3227 29.7
    endloop
  endfacet
  facet normal 0 0 1
    outer loop
      vertex -78.4615 -31.2354 29.7
      vertex -80.8991 -33.1399 29.7
      vertex -80.8354 -33.2292 29.7
    endloop
  endfacet
  facet normal 0 0 1
    outer loop
      vertex -81.1051 -29.6013 29.7
      vertex -80.7623 -29.6835 29.7
      vertex -80.9114 -29.6337 29.7
    endloop
  endfacet
  facet normal 0 0 1
    outer loop
      vertex -78.6905 -30.9674 29.7
      vertex -80.9704 -33.0565 29.7
      vertex -80.8991 -33.1399 29.7
    endloop
  endfacet
  facet normal 0 0 1
    outer loop
      vertex -78.9376 -30.7159 29.7
      vertex -81.0472 -32.9783 29.7
      vertex -80.9704 -33.0565 29.7
    endloop
  endfacet
  facet normal 0 0 1
    outer loop
      vertex -80.7623 -29.6835 29.7
      vertex -81.1051 -29.6013 29.7
      vertex -81.6149 -32.6571 29.7
    endloop
  endfacet
  facet normal 0 0 1
    outer loop
      vertex -79.2056 -30.487 29.7
      vertex -81.1306 -32.9071 29.7
      vertex -81.0472 -32.9783 29.7
    endloop
  endfacet
  facet normal 0 0 1
    outer loop
      vertex -79.489 -30.2773 29.7
      vertex -81.2188 -32.8418 29.7
      vertex -81.1306 -32.9071 29.7
    endloop
  endfacet
  facet normal 0 0 1
    outer loop
      vertex -81.4528 -29.5431 29.7
      vertex -81.1051 -29.6013 29.7
      vertex -81.296 -29.5554 29.7
    endloop
  endfacet
  facet normal 0 0 1
    outer loop
      vertex -79.7896 -30.0931 29.7
      vertex -81.3123 -32.7845 29.7
      vertex -81.2188 -32.8418 29.7
    endloop
  endfacet
  facet normal 0 0 1
    outer loop
      vertex -80.1023 -29.9303 29.7
      vertex -81.4096 -32.7339 29.7
      vertex -81.3123 -32.7845 29.7
    endloop
  endfacet
  facet normal 0 0 1
    outer loop
      vertex -81.1051 -29.6013 29.7
      vertex -81.4528 -29.5431 29.7
      vertex -81.7216 -32.6315 29.7
    endloop
  endfacet
  facet normal 0 0 1
    outer loop
      vertex -80.428 -29.7954 29.7
      vertex -81.5109 -32.6919 29.7
      vertex -81.4096 -32.7339 29.7
    endloop
  endfacet
  facet normal 0 0 1
    outer loop
      vertex -81.8042 -29.5154 29.7
      vertex -81.4528 -29.5431 29.7
      vertex -81.6078 -29.5171 29.7
    endloop
  endfacet
  facet normal 0 0 1
    outer loop
      vertex -80.7623 -29.6835 29.7
      vertex -81.6149 -32.6571 29.7
      vertex -81.5109 -32.6919 29.7
    endloop
  endfacet
  facet normal 0 0 1
    outer loop
      vertex -81.1051 -29.6013 29.7
      vertex -81.7216 -32.6315 29.7
      vertex -81.6149 -32.6571 29.7
    endloop
  endfacet
  facet normal 0 0 1
    outer loop
      vertex -81.4528 -29.5431 29.7
      vertex -81.8042 -29.5154 29.7
      vertex -81.8297 -32.6134 29.7
    endloop
  endfacet
  facet normal 0 0 1
    outer loop
      vertex -81.4528 -29.5431 29.7
      vertex -81.8297 -32.6134 29.7
      vertex -81.7216 -32.6315 29.7
    endloop
  endfacet
  facet normal 0 0 1
    outer loop
      vertex -81.8042 -29.5154 29.7
      vertex -81.9391 -32.6048 29.7
      vertex -81.8297 -32.6134 29.7
    endloop
  endfacet
  facet normal -0 0 1
    outer loop
      vertex -82.1567 -29.5123 29.7
      vertex -81.8042 -29.5154 29.7
      vertex -82 -29.5 29.7
    endloop
  endfacet
  facet normal 0 0 1
    outer loop
      vertex -81.8042 -29.5154 29.7
      vertex -82.1567 -29.5123 29.7
      vertex -81.9391 -32.6048 29.7
    endloop
  endfacet
  facet normal 0 0 1
    outer loop
      vertex -81.9391 -32.6048 29.7
      vertex -82.1567 -29.5123 29.7
      vertex -82.0488 -32.6038 29.7
    endloop
  endfacet
  facet normal 0 0 1
    outer loop
      vertex -82.1567 -29.5123 29.7
      vertex -82.1581 -32.6124 29.7
      vertex -82.0488 -32.6038 29.7
    endloop
  endfacet
  facet normal -0 0 1
    outer loop
      vertex -82.5082 -29.54 29.7
      vertex -82.1581 -32.6124 29.7
      vertex -82.1567 -29.5123 29.7
    endloop
  endfacet
  facet normal 0 0 1
    outer loop
      vertex -82.5082 -29.54 29.7
      vertex -82.1567 -29.5123 29.7
      vertex -82.3139 -29.511 29.7
    endloop
  endfacet
  facet normal 0 0 1
    outer loop
      vertex -82.1581 -32.6124 29.7
      vertex -82.5082 -29.54 29.7
      vertex -82.2666 -32.6287 29.7
    endloop
  endfacet
  facet normal -0 0 1
    outer loop
      vertex -82.8568 -29.5921 29.7
      vertex -82.2666 -32.6287 29.7
      vertex -82.5082 -29.54 29.7
    endloop
  endfacet
  facet normal 0 0 1
    outer loop
      vertex -82.2666 -32.6287 29.7
      vertex -82.8568 -29.5921 29.7
      vertex -82.3732 -32.6543 29.7
    endloop
  endfacet
  facet normal -0 0 1
    outer loop
      vertex -83.1996 -29.6744 29.7
      vertex -82.3732 -32.6543 29.7
      vertex -82.8568 -29.5921 29.7
    endloop
  endfacet
  facet normal 0 0 1
    outer loop
      vertex -82.3732 -32.6543 29.7
      vertex -83.1996 -29.6744 29.7
      vertex -82.4778 -32.6872 29.7
    endloop
  endfacet
  facet normal 0 0 1
    outer loop
      vertex -82.8568 -29.5921 29.7
      vertex -82.5082 -29.54 29.7
      vertex -82.704 -29.5554 29.7
    endloop
  endfacet
  facet normal -0 0 1
    outer loop
      vertex -83.5358 -29.7804 29.7
      vertex -82.4778 -32.6872 29.7
      vertex -83.1996 -29.6744 29.7
    endloop
  endfacet
  facet normal 0 0 1
    outer loop
      vertex -82.4778 -32.6872 29.7
      vertex -83.5358 -29.7804 29.7
      vertex -82.5791 -32.7292 29.7
    endloop
  endfacet
  facet normal -0 0 1
    outer loop
      vertex -83.8615 -29.9153 29.7
      vertex -82.5791 -32.7292 29.7
      vertex -83.5358 -29.7804 29.7
    endloop
  endfacet
  facet normal 0 0 1
    outer loop
      vertex -82.5791 -32.7292 29.7
      vertex -83.8615 -29.9153 29.7
      vertex -82.6773 -32.7781 29.7
    endloop
  endfacet
  facet normal 0 0 1
    outer loop
      vertex -83.1996 -29.6744 29.7
      vertex -82.8568 -29.5921 29.7
      vertex -83.0123 -29.6153 29.7
    endloop
  endfacet
  facet normal -0 0 1
    outer loop
      vertex -84.177 -30.0726 29.7
      vertex -82.6773 -32.7781 29.7
      vertex -83.8615 -29.9153 29.7
    endloop
  endfacet
  facet normal 0 0 1
    outer loop
      vertex -82.6773 -32.7781 29.7
      vertex -84.177 -30.0726 29.7
      vertex -82.7708 -32.8354 29.7
    endloop
  endfacet
  facet normal -0 0 1
    outer loop
      vertex -84.4776 -30.2568 29.7
      vertex -82.7708 -32.8354 29.7
      vertex -84.177 -30.0726 29.7
    endloop
  endfacet
  facet normal 0 0 1
    outer loop
      vertex -82.7708 -32.8354 29.7
      vertex -84.4776 -30.2568 29.7
      vertex -82.8601 -32.8991 29.7
    endloop
  endfacet
  facet normal -0 0 1
    outer loop
      vertex -84.7646 -30.4615 29.7
      vertex -82.8601 -32.8991 29.7
      vertex -84.4776 -30.2568 29.7
    endloop
  endfacet
  facet normal 0 0 1
    outer loop
      vertex -82.8601 -32.8991 29.7
      vertex -84.7646 -30.4615 29.7
      vertex -82.9435 -32.9704 29.7
    endloop
  endfacet
  facet normal -0 0 1
    outer loop
      vertex -85.0326 -30.6905 29.7
      vertex -82.9435 -32.9704 29.7
      vertex -84.7646 -30.4615 29.7
    endloop
  endfacet
  facet normal 0 0 1
    outer loop
      vertex -82.9435 -32.9704 29.7
      vertex -85.0326 -30.6905 29.7
      vertex -83.0217 -33.0472 29.7
    endloop
  endfacet
  facet normal -0 0 1
    outer loop
      vertex -85.2841 -30.9376 29.7
      vertex -83.0217 -33.0472 29.7
      vertex -85.0326 -30.6905 29.7
    endloop
  endfacet
  facet normal 0 0 1
    outer loop
      vertex -83.0217 -33.0472 29.7
      vertex -85.2841 -30.9376 29.7
      vertex -83.0929 -33.1306 29.7
    endloop
  endfacet
  facet normal 0 0 1
    outer loop
      vertex -83.5358 -29.7804 29.7
      vertex -83.1996 -29.6744 29.7
      vertex -83.3906 -29.7202 29.7
    endloop
  endfacet
  facet normal -0 0 1
    outer loop
      vertex -85.513 -31.2056 29.7
      vertex -83.0929 -33.1306 29.7
      vertex -85.2841 -30.9376 29.7
    endloop
  endfacet
  facet normal 0 0 1
    outer loop
      vertex -83.0929 -33.1306 29.7
      vertex -85.513 -31.2056 29.7
      vertex -83.1582 -33.2188 29.7
    endloop
  endfacet
  facet normal -0 0 1
    outer loop
      vertex -85.7227 -31.489 29.7
      vertex -83.1582 -33.2188 29.7
      vertex -85.513 -31.2056 29.7
    endloop
  endfacet
  facet normal 0 0 1
    outer loop
      vertex -77.5 -34 29.7
      vertex -77.5123 -33.8433 29.7
      vertex -77.5154 -34.1958 29.7
    endloop
  endfacet
  facet normal -0 0 1
    outer loop
      vertex -81.0565 -35.0296 29.7
      vertex -78.9674 -37.3095 29.7
      vertex -80.9783 -34.9528 29.7
    endloop
  endfacet
  facet normal 0 -0 1
    outer loop
      vertex -79.2354 -37.5385 29.7
      vertex -78.9674 -37.3095 29.7
      vertex -81.0565 -35.0296 29.7
    endloop
  endfacet
  facet normal 0 0 1
    outer loop
      vertex -78.9674 -37.3095 29.7
      vertex -79.2354 -37.5385 29.7
      vertex -79.1075 -37.4472 29.7
    endloop
  endfacet
  facet normal -0 0 1
    outer loop
      vertex -81.1399 -35.1009 29.7
      vertex -79.2354 -37.5385 29.7
      vertex -81.0565 -35.0296 29.7
    endloop
  endfacet
  facet normal 0 -0 1
    outer loop
      vertex -79.5224 -37.7432 29.7
      vertex -79.2354 -37.5385 29.7
      vertex -81.1399 -35.1009 29.7
    endloop
  endfacet
  facet normal 0 0 1
    outer loop
      vertex -79.2354 -37.5385 29.7
      vertex -79.5224 -37.7432 29.7
      vertex -79.355 -37.6406 29.7
    endloop
  endfacet
  facet normal -0 0 1
    outer loop
      vertex -81.2292 -35.1646 29.7
      vertex -79.5224 -37.7432 29.7
      vertex -81.1399 -35.1009 29.7
    endloop
  endfacet
  facet normal 0 -0 1
    outer loop
      vertex -79.823 -37.9274 29.7
      vertex -79.5224 -37.7432 29.7
      vertex -81.2292 -35.1646 29.7
    endloop
  endfacet
  facet normal 0 0 1
    outer loop
      vertex -79.5224 -37.7432 29.7
      vertex -79.823 -37.9274 29.7
      vertex -79.6823 -37.8573 29.7
    endloop
  endfacet
  facet normal -0 0 1
    outer loop
      vertex -81.3227 -35.2219 29.7
      vertex -79.823 -37.9274 29.7
      vertex -81.2292 -35.1646 29.7
    endloop
  endfacet
  facet normal 0 -0 1
    outer loop
      vertex -80.1385 -38.0847 29.7
      vertex -79.823 -37.9274 29.7
      vertex -81.3227 -35.2219 29.7
    endloop
  endfacet
  facet normal 0 0 1
    outer loop
      vertex -79.823 -37.9274 29.7
      vertex -80.1385 -38.0847 29.7
      vertex -79.957 -38.0095 29.7
    endloop
  endfacet
  facet normal -0 0 1
    outer loop
      vertex -81.4209 -35.2708 29.7
      vertex -80.1385 -38.0847 29.7
      vertex -81.3227 -35.2219 29.7
    endloop
  endfacet
  facet normal 0 -0 1
    outer loop
      vertex -80.4642 -38.2196 29.7
      vertex -80.1385 -38.0847 29.7
      vertex -81.4209 -35.2708 29.7
    endloop
  endfacet
  facet normal 0 0 1
    outer loop
      vertex -80.1385 -38.0847 29.7
      vertex -80.4642 -38.2196 29.7
      vertex -80.3143 -38.1723 29.7
    endloop
  endfacet
  facet normal -0 0 1
    outer loop
      vertex -81.5222 -35.3128 29.7
      vertex -80.4642 -38.2196 29.7
      vertex -81.4209 -35.2708 29.7
    endloop
  endfacet
  facet normal 0 -0 1
    outer loop
      vertex -80.8004 -38.3256 29.7
      vertex -80.4642 -38.2196 29.7
      vertex -81.5222 -35.3128 29.7
    endloop
  endfacet
  facet normal 0 0 1
    outer loop
      vertex -80.4642 -38.2196 29.7
      vertex -80.8004 -38.3256 29.7
      vertex -80.6094 -38.2798 29.7
    endloop
  endfacet
  facet normal -0 0 1
    outer loop
      vertex -81.6268 -35.3457 29.7
      vertex -80.8004 -38.3256 29.7
      vertex -81.5222 -35.3128 29.7
    endloop
  endfacet
  facet normal 0 -0 1
    outer loop
      vertex -81.1432 -38.4079 29.7
      vertex -80.8004 -38.3256 29.7
      vertex -81.6268 -35.3457 29.7
    endloop
  endfacet
  facet normal 0 0 1
    outer loop
      vertex -80.8004 -38.3256 29.7
      vertex -81.1432 -38.4079 29.7
      vertex -80.9877 -38.3847 29.7
    endloop
  endfacet
  facet normal -0 0 1
    outer loop
      vertex -81.7334 -35.3713 29.7
      vertex -81.1432 -38.4079 29.7
      vertex -81.6268 -35.3457 29.7
    endloop
  endfacet
  facet normal 0 -0 1
    outer loop
      vertex -81.4918 -38.46 29.7
      vertex -81.1432 -38.4079 29.7
      vertex -81.7334 -35.3713 29.7
    endloop
  endfacet
  facet normal 0 0 1
    outer loop
      vertex -81.1432 -38.4079 29.7
      vertex -81.4918 -38.46 29.7
      vertex -81.296 -38.4446 29.7
    endloop
  endfacet
  facet normal -0 0 1
    outer loop
      vertex -81.8419 -35.3876 29.7
      vertex -81.4918 -38.46 29.7
      vertex -81.7334 -35.3713 29.7
    endloop
  endfacet
  facet normal 0 0 1
    outer loop
      vertex -81.8433 -38.4877 29.7
      vertex -81.4918 -38.46 29.7
      vertex -81.8419 -35.3876 29.7
    endloop
  endfacet
  facet normal 0 0 1
    outer loop
      vertex -81.4918 -38.46 29.7
      vertex -81.8433 -38.4877 29.7
      vertex -81.6861 -38.489 29.7
    endloop
  endfacet
  facet normal -0 0 1
    outer loop
      vertex -81.9512 -35.3962 29.7
      vertex -81.8433 -38.4877 29.7
      vertex -81.8419 -35.3876 29.7
    endloop
  endfacet
  facet normal -0 0 1
    outer loop
      vertex -82.1958 -38.4846 29.7
      vertex -81.8433 -38.4877 29.7
      vertex -81.9512 -35.3962 29.7
    endloop
  endfacet
  facet normal 0 0 1
    outer loop
      vertex -82.1958 -38.4846 29.7
      vertex -81.9512 -35.3962 29.7
      vertex -82.0609 -35.3952 29.7
    endloop
  endfacet
  facet normal 0 0 1
    outer loop
      vertex -82.1958 -38.4846 29.7
      vertex -82.0609 -35.3952 29.7
      vertex -82.1703 -35.3866 29.7
    endloop
  endfacet
  facet normal 0 0 1
    outer loop
      vertex -81.8433 -38.4877 29.7
      vertex -82.1958 -38.4846 29.7
      vertex -82 -38.5 29.7
    endloop
  endfacet
  facet normal 0 0 1
    outer loop
      vertex -82.5472 -38.4569 29.7
      vertex -82.1703 -35.3866 29.7
      vertex -82.2784 -35.3685 29.7
    endloop
  endfacet
  facet normal 0 0 1
    outer loop
      vertex -82.8949 -38.3987 29.7
      vertex -82.2784 -35.3685 29.7
      vertex -82.3851 -35.3429 29.7
    endloop
  endfacet
  facet normal 0 0 1
    outer loop
      vertex -82.1703 -35.3866 29.7
      vertex -82.5472 -38.4569 29.7
      vertex -82.1958 -38.4846 29.7
    endloop
  endfacet
  facet normal 0 0 1
    outer loop
      vertex -83.2377 -38.3165 29.7
      vertex -82.3851 -35.3429 29.7
      vertex -82.4891 -35.3081 29.7
    endloop
  endfacet
  facet normal 0 0 1
    outer loop
      vertex -82.1958 -38.4846 29.7
      vertex -82.5472 -38.4569 29.7
      vertex -82.3922 -38.4829 29.7
    endloop
  endfacet
  facet normal 0 0 1
    outer loop
      vertex -83.572 -38.2046 29.7
      vertex -82.4891 -35.3081 29.7
      vertex -82.5904 -35.2661 29.7
    endloop
  endfacet
  facet normal 0 0 1
    outer loop
      vertex -83.8977 -38.0697 29.7
      vertex -82.5904 -35.2661 29.7
      vertex -82.6877 -35.2155 29.7
    endloop
  endfacet
  facet normal 0 0 1
    outer loop
      vertex -82.2784 -35.3685 29.7
      vertex -82.8949 -38.3987 29.7
      vertex -82.5472 -38.4569 29.7
    endloop
  endfacet
  facet normal 0 0 1
    outer loop
      vertex -84.2104 -37.9069 29.7
      vertex -82.6877 -35.2155 29.7
      vertex -82.7812 -35.1582 29.7
    endloop
  endfacet
  facet normal 0 0 1
    outer loop
      vertex -84.511 -37.7227 29.7
      vertex -82.7812 -35.1582 29.7
      vertex -82.8694 -35.0929 29.7
    endloop
  endfacet
  facet normal 0 0 1
    outer loop
      vertex -82.5472 -38.4569 29.7
      vertex -82.8949 -38.3987 29.7
      vertex -82.704 -38.4446 29.7
    endloop
  endfacet
  facet normal 0 0 1
    outer loop
      vertex -84.7944 -37.513 29.7
      vertex -82.8694 -35.0929 29.7
      vertex -82.9528 -35.0217 29.7
    endloop
  endfacet
  facet normal 0 0 1
    outer loop
      vertex -85.0624 -37.2841 29.7
      vertex -82.9528 -35.0217 29.7
      vertex -83.0296 -34.9435 29.7
    endloop
  endfacet
  facet normal 0 0 1
    outer loop
      vertex -82.3851 -35.3429 29.7
      vertex -83.2377 -38.3165 29.7
      vertex -82.8949 -38.3987 29.7
    endloop
  endfacet
  facet normal 0 0 1
    outer loop
      vertex -85.3095 -37.0326 29.7
      vertex -83.0296 -34.9435 29.7
      vertex -83.1009 -34.8601 29.7
    endloop
  endfacet
  facet normal 0 0 1
    outer loop
      vertex -85.5385 -36.7646 29.7
      vertex -83.1009 -34.8601 29.7
      vertex -83.1646 -34.7708 29.7
    endloop
  endfacet
  facet normal 0 0 1
    outer loop
      vertex -85.7432 -36.4776 29.7
      vertex -83.1646 -34.7708 29.7
      vertex -83.2219 -34.6773 29.7
    endloop
  endfacet
  facet normal 0 0 1
    outer loop
      vertex -82.8949 -38.3987 29.7
      vertex -83.2377 -38.3165 29.7
      vertex -83.0886 -38.3663 29.7
    endloop
  endfacet
  facet normal 0 0 1
    outer loop
      vertex -85.9274 -36.177 29.7
      vertex -83.2219 -34.6773 29.7
      vertex -83.2708 -34.5791 29.7
    endloop
  endfacet
  facet normal 0 0 1
    outer loop
      vertex -86.0847 -35.8615 29.7
      vertex -83.2708 -34.5791 29.7
      vertex -83.3128 -34.4778 29.7
    endloop
  endfacet
  facet normal 0 0 1
    outer loop
      vertex -86.2196 -35.5358 29.7
      vertex -83.3128 -34.4778 29.7
      vertex -83.3457 -34.3732 29.7
    endloop
  endfacet
  facet normal 0 0 1
    outer loop
      vertex -86.3256 -35.1996 29.7
      vertex -83.3457 -34.3732 29.7
      vertex -83.3713 -34.2666 29.7
    endloop
  endfacet
  facet normal 0 0 1
    outer loop
      vertex -86.4079 -34.8568 29.7
      vertex -83.3713 -34.2666 29.7
      vertex -83.3876 -34.1581 29.7
    endloop
  endfacet
  facet normal 0 0 1
    outer loop
      vertex -82.4891 -35.3081 29.7
      vertex -83.572 -38.2046 29.7
      vertex -83.2377 -38.3165 29.7
    endloop
  endfacet
  facet normal 0 0 1
    outer loop
      vertex -86.46 -34.5082 29.7
      vertex -83.3876 -34.1581 29.7
      vertex -83.3962 -34.0488 29.7
    endloop
  endfacet
  facet normal 0 0 1
    outer loop
      vertex -83.1582 -33.2188 29.7
      vertex -85.7227 -31.489 29.7
      vertex -83.2155 -33.3123 29.7
    endloop
  endfacet
  facet normal 0 0 1
    outer loop
      vertex -83.2377 -38.3165 29.7
      vertex -83.572 -38.2046 29.7
      vertex -83.3906 -38.2798 29.7
    endloop
  endfacet
  facet normal 0 0 1
    outer loop
      vertex -83.8615 -29.9153 29.7
      vertex -83.5358 -29.7804 29.7
      vertex -83.6857 -29.8277 29.7
    endloop
  endfacet
  facet normal -0 0 1
    outer loop
      vertex -85.9069 -31.7896 29.7
      vertex -83.2155 -33.3123 29.7
      vertex -85.7227 -31.489 29.7
    endloop
  endfacet
  facet normal 0 0 1
    outer loop
      vertex -82.5904 -35.2661 29.7
      vertex -83.8977 -38.0697 29.7
      vertex -83.572 -38.2046 29.7
    endloop
  endfacet
  facet normal 0 0 1
    outer loop
      vertex -83.572 -38.2046 29.7
      vertex -83.8977 -38.0697 29.7
      vertex -83.7583 -38.1423 29.7
    endloop
  endfacet
  facet normal 0 0 1
    outer loop
      vertex -84.177 -30.0726 29.7
      vertex -83.8615 -29.9153 29.7
      vertex -84.043 -29.9905 29.7
    endloop
  endfacet
  facet normal 0 0 1
    outer loop
      vertex -83.2155 -33.3123 29.7
      vertex -85.9069 -31.7896 29.7
      vertex -83.2661 -33.4096 29.7
    endloop
  endfacet
  facet normal 0 0 1
    outer loop
      vertex -82.6877 -35.2155 29.7
      vertex -84.2104 -37.9069 29.7
      vertex -83.8977 -38.0697 29.7
    endloop
  endfacet
  facet normal 0 0 1
    outer loop
      vertex -83.8977 -38.0697 29.7
      vertex -84.2104 -37.9069 29.7
      vertex -84.043 -38.0095 29.7
    endloop
  endfacet
  facet normal 0 0 1
    outer loop
      vertex -84.4776 -30.2568 29.7
      vertex -84.177 -30.0726 29.7
      vertex -84.3177 -30.1427 29.7
    endloop
  endfacet
  facet normal -0 0 1
    outer loop
      vertex -86.0697 -32.1023 29.7
      vertex -83.2661 -33.4096 29.7
      vertex -85.9069 -31.7896 29.7
    endloop
  endfacet
  facet normal 0 0 1
    outer loop
      vertex -82.7812 -35.1582 29.7
      vertex -84.511 -37.7227 29.7
      vertex -84.2104 -37.9069 29.7
    endloop
  endfacet
  facet normal 0 0 1
    outer loop
      vertex -84.2104 -37.9069 29.7
      vertex -84.511 -37.7227 29.7
      vertex -84.3846 -37.8162 29.7
    endloop
  endfacet
  facet normal 0 0 1
    outer loop
      vertex -84.7646 -30.4615 29.7
      vertex -84.4776 -30.2568 29.7
      vertex -84.645 -30.3594 29.7
    endloop
  endfacet
  facet normal 0 0 1
    outer loop
      vertex -83.2661 -33.4096 29.7
      vertex -86.0697 -32.1023 29.7
      vertex -83.3081 -33.5109 29.7
    endloop
  endfacet
  facet normal 0 0 1
    outer loop
      vertex -82.8694 -35.0929 29.7
      vertex -84.7944 -37.513 29.7
      vertex -84.511 -37.7227 29.7
    endloop
  endfacet
  facet normal 0 0 1
    outer loop
      vertex -84.511 -37.7227 29.7
      vertex -84.7944 -37.513 29.7
      vertex -84.645 -37.6406 29.7
    endloop
  endfacet
  facet normal 0 0 1
    outer loop
      vertex -85.0326 -30.6905 29.7
      vertex -84.7646 -30.4615 29.7
      vertex -84.8925 -30.5528 29.7
    endloop
  endfacet
  facet normal -0 0 1
    outer loop
      vertex -86.2046 -32.428 29.7
      vertex -83.3081 -33.5109 29.7
      vertex -86.0697 -32.1023 29.7
    endloop
  endfacet
  facet normal 0 0 1
    outer loop
      vertex -82.9528 -35.0217 29.7
      vertex -85.0624 -37.2841 29.7
      vertex -84.7944 -37.513 29.7
    endloop
  endfacet
  facet normal 0 0 1
    outer loop
      vertex -84.7944 -37.513 29.7
      vertex -85.0624 -37.2841 29.7
      vertex -84.9523 -37.3962 29.7
    endloop
  endfacet
  facet normal 0 0 1
    outer loop
      vertex -85.2841 -30.9376 29.7
      vertex -85.0326 -30.6905 29.7
      vertex -85.182 -30.818 29.7
    endloop
  endfacet
  facet normal 0 0 1
    outer loop
      vertex -83.3081 -33.5109 29.7
      vertex -86.2046 -32.428 29.7
      vertex -83.3429 -33.6149 29.7
    endloop
  endfacet
  facet normal 0 0 1
    outer loop
      vertex -83.0296 -34.9435 29.7
      vertex -85.3095 -37.0326 29.7
      vertex -85.0624 -37.2841 29.7
    endloop
  endfacet
  facet normal 0 0 1
    outer loop
      vertex -85.0624 -37.2841 29.7
      vertex -85.3095 -37.0326 29.7
      vertex -85.182 -37.182 29.7
    endloop
  endfacet
  facet normal 0 0 1
    outer loop
      vertex -85.513 -31.2056 29.7
      vertex -85.2841 -30.9376 29.7
      vertex -85.3962 -31.0477 29.7
    endloop
  endfacet
  facet normal -0 0 1
    outer loop
      vertex -86.3165 -32.7623 29.7
      vertex -83.3429 -33.6149 29.7
      vertex -86.2046 -32.428 29.7
    endloop
  endfacet
  facet normal 0 0 1
    outer loop
      vertex -83.1009 -34.8601 29.7
      vertex -85.5385 -36.7646 29.7
      vertex -85.3095 -37.0326 29.7
    endloop
  endfacet
  facet normal 0 0 1
    outer loop
      vertex -85.3095 -37.0326 29.7
      vertex -85.5385 -36.7646 29.7
      vertex -85.4472 -36.8925 29.7
    endloop
  endfacet
  facet normal 0 0 1
    outer loop
      vertex -85.7227 -31.489 29.7
      vertex -85.513 -31.2056 29.7
      vertex -85.6406 -31.355 29.7
    endloop
  endfacet
  facet normal 0 0 1
    outer loop
      vertex -83.3429 -33.6149 29.7
      vertex -86.3165 -32.7623 29.7
      vertex -83.3685 -33.7216 29.7
    endloop
  endfacet
  facet normal 0 0 1
    outer loop
      vertex -83.1646 -34.7708 29.7
      vertex -85.7432 -36.4776 29.7
      vertex -85.5385 -36.7646 29.7
    endloop
  endfacet
  facet normal 0 0 1
    outer loop
      vertex -85.5385 -36.7646 29.7
      vertex -85.7432 -36.4776 29.7
      vertex -85.6406 -36.645 29.7
    endloop
  endfacet
  facet normal 0 0 1
    outer loop
      vertex -85.9069 -31.7896 29.7
      vertex -85.7227 -31.489 29.7
      vertex -85.8162 -31.6154 29.7
    endloop
  endfacet
  facet normal -0 0 1
    outer loop
      vertex -86.3988 -33.1051 29.7
      vertex -83.3685 -33.7216 29.7
      vertex -86.3165 -32.7623 29.7
    endloop
  endfacet
  facet normal 0 0 1
    outer loop
      vertex -83.2219 -34.6773 29.7
      vertex -85.9274 -36.177 29.7
      vertex -85.7432 -36.4776 29.7
    endloop
  endfacet
  facet normal 0 0 1
    outer loop
      vertex -85.7432 -36.4776 29.7
      vertex -85.9274 -36.177 29.7
      vertex -85.8573 -36.3177 29.7
    endloop
  endfacet
  facet normal 0 0 1
    outer loop
      vertex -86.0697 -32.1023 29.7
      vertex -85.9069 -31.7896 29.7
      vertex -86.0095 -31.957 29.7
    endloop
  endfacet
  facet normal 0 0 1
    outer loop
      vertex -83.3685 -33.7216 29.7
      vertex -86.3988 -33.1051 29.7
      vertex -83.3866 -33.8297 29.7
    endloop
  endfacet
  facet normal 0 0 1
    outer loop
      vertex -83.2708 -34.5791 29.7
      vertex -86.0847 -35.8615 29.7
      vertex -85.9274 -36.177 29.7
    endloop
  endfacet
  facet normal 0 0 1
    outer loop
      vertex -85.9274 -36.177 29.7
      vertex -86.0847 -35.8615 29.7
      vertex -86.0095 -36.043 29.7
    endloop
  endfacet
  facet normal 0 0 1
    outer loop
      vertex -86.2046 -32.428 29.7
      vertex -86.0697 -32.1023 29.7
      vertex -86.1423 -32.2417 29.7
    endloop
  endfacet
  facet normal -0 0 1
    outer loop
      vertex -86.4569 -33.4528 29.7
      vertex -83.3866 -33.8297 29.7
      vertex -86.3988 -33.1051 29.7
    endloop
  endfacet
  facet normal 0 0 1
    outer loop
      vertex -83.3128 -34.4778 29.7
      vertex -86.2196 -35.5358 29.7
      vertex -86.0847 -35.8615 29.7
    endloop
  endfacet
  facet normal 0 0 1
    outer loop
      vertex -86.0847 -35.8615 29.7
      vertex -86.2196 -35.5358 29.7
      vertex -86.1723 -35.6857 29.7
    endloop
  endfacet
  facet normal 0 0 1
    outer loop
      vertex -86.3165 -32.7623 29.7
      vertex -86.2046 -32.428 29.7
      vertex -86.2798 -32.6094 29.7
    endloop
  endfacet
  facet normal 0 0 1
    outer loop
      vertex -83.3866 -33.8297 29.7
      vertex -86.4569 -33.4528 29.7
      vertex -83.3952 -33.9391 29.7
    endloop
  endfacet
  facet normal 0 0 1
    outer loop
      vertex -83.3457 -34.3732 29.7
      vertex -86.3256 -35.1996 29.7
      vertex -86.2196 -35.5358 29.7
    endloop
  endfacet
  facet normal 0 0 1
    outer loop
      vertex -86.2196 -35.5358 29.7
      vertex -86.3256 -35.1996 29.7
      vertex -86.2798 -35.3906 29.7
    endloop
  endfacet
  facet normal 0 0 1
    outer loop
      vertex -86.3988 -33.1051 29.7
      vertex -86.3165 -32.7623 29.7
      vertex -86.3663 -32.9114 29.7
    endloop
  endfacet
  facet normal -0 0 1
    outer loop
      vertex -86.4846 -33.8042 29.7
      vertex -83.3952 -33.9391 29.7
      vertex -86.4569 -33.4528 29.7
    endloop
  endfacet
  facet normal 0 0 1
    outer loop
      vertex -83.3713 -34.2666 29.7
      vertex -86.4079 -34.8568 29.7
      vertex -86.3256 -35.1996 29.7
    endloop
  endfacet
  facet normal 0 0 1
    outer loop
      vertex -86.3256 -35.1996 29.7
      vertex -86.4079 -34.8568 29.7
      vertex -86.3847 -35.0123 29.7
    endloop
  endfacet
  facet normal 0 0 1
    outer loop
      vertex -86.4569 -33.4528 29.7
      vertex -86.3988 -33.1051 29.7
      vertex -86.4446 -33.296 29.7
    endloop
  endfacet
  facet normal 0 0 1
    outer loop
      vertex -83.3952 -33.9391 29.7
      vertex -86.4846 -33.8042 29.7
      vertex -83.3962 -34.0488 29.7
    endloop
  endfacet
  facet normal 0 0 1
    outer loop
      vertex -83.3876 -34.1581 29.7
      vertex -86.46 -34.5082 29.7
      vertex -86.4079 -34.8568 29.7
    endloop
  endfacet
  facet normal 0 0 1
    outer loop
      vertex -86.4079 -34.8568 29.7
      vertex -86.46 -34.5082 29.7
      vertex -86.4446 -34.704 29.7
    endloop
  endfacet
  facet normal 0 0 1
    outer loop
      vertex -86.4846 -33.8042 29.7
      vertex -86.4569 -33.4528 29.7
      vertex -86.4829 -33.6078 29.7
    endloop
  endfacet
  facet normal 0 0 1
    outer loop
      vertex -86.4877 -34.1567 29.7
      vertex -83.3962 -34.0488 29.7
      vertex -86.4846 -33.8042 29.7
    endloop
  endfacet
  facet normal 0 0 1
    outer loop
      vertex -83.3962 -34.0488 29.7
      vertex -86.4877 -34.1567 29.7
      vertex -86.46 -34.5082 29.7
    endloop
  endfacet
  facet normal 0 0 1
    outer loop
      vertex -86.46 -34.5082 29.7
      vertex -86.4877 -34.1567 29.7
      vertex -86.489 -34.3139 29.7
    endloop
  endfacet
  facet normal -0 0 -1
    outer loop
      vertex -77.5 -34 4.3
      vertex -77.5154 -34.1958 4.3
      vertex -77.5123 -33.8433 4.3
    endloop
  endfacet
  facet normal 0 0 -1
    outer loop
      vertex -77.5123 -33.8433 4.3
      vertex -77.54 -33.4918 4.3
      vertex -77.511 -33.6861 4.3
    endloop
  endfacet
  facet normal 0 0 -1
    outer loop
      vertex -80.6038 -33.9512 4.3
      vertex -77.5123 -33.8433 4.3
      vertex -77.5154 -34.1958 4.3
    endloop
  endfacet
  facet normal 0 0 -1
    outer loop
      vertex -77.5431 -34.5472 4.3
      vertex -77.5154 -34.1958 4.3
      vertex -77.5171 -34.3922 4.3
    endloop
  endfacet
  facet normal -0 0 -1
    outer loop
      vertex -77.5154 -34.1958 4.3
      vertex -77.5431 -34.5472 4.3
      vertex -80.6048 -34.0609 4.3
    endloop
  endfacet
  facet normal 0 0 -1
    outer loop
      vertex -77.6012 -34.8949 4.3
      vertex -77.5431 -34.5472 4.3
      vertex -77.5554 -34.704 4.3
    endloop
  endfacet
  facet normal 0 0 -1
    outer loop
      vertex -77.5154 -34.1958 4.3
      vertex -80.6048 -34.0609 4.3
      vertex -80.6038 -33.9512 4.3
    endloop
  endfacet
  facet normal 0 0 -1
    outer loop
      vertex -80.6124 -33.8419 4.3
      vertex -77.54 -33.4918 4.3
      vertex -80.6038 -33.9512 4.3
    endloop
  endfacet
  facet normal -0 0 -1
    outer loop
      vertex -77.5431 -34.5472 4.3
      vertex -77.6012 -34.8949 4.3
      vertex -80.6134 -34.1703 4.3
    endloop
  endfacet
  facet normal 0 -0 -1
    outer loop
      vertex -77.5921 -33.1432 4.3
      vertex -77.54 -33.4918 4.3
      vertex -80.6124 -33.8419 4.3
    endloop
  endfacet
  facet normal 0 0 -1
    outer loop
      vertex -77.6835 -35.2377 4.3
      vertex -77.6012 -34.8949 4.3
      vertex -77.6337 -35.0886 4.3
    endloop
  endfacet
  facet normal 0 0 -1
    outer loop
      vertex -77.54 -33.4918 4.3
      vertex -77.5921 -33.1432 4.3
      vertex -77.5554 -33.296 4.3
    endloop
  endfacet
  facet normal -0 0 -1
    outer loop
      vertex -77.6012 -34.8949 4.3
      vertex -77.6835 -35.2377 4.3
      vertex -80.6315 -34.2784 4.3
    endloop
  endfacet
  facet normal 0 0 -1
    outer loop
      vertex -77.7954 -35.572 4.3
      vertex -77.6835 -35.2377 4.3
      vertex -77.7202 -35.3906 4.3
    endloop
  endfacet
  facet normal -0 0 -1
    outer loop
      vertex -77.5123 -33.8433 4.3
      vertex -80.6038 -33.9512 4.3
      vertex -77.54 -33.4918 4.3
    endloop
  endfacet
  facet normal 0 -0 -1
    outer loop
      vertex -77.6744 -32.8004 4.3
      vertex -77.5921 -33.1432 4.3
      vertex -80.6287 -33.7334 4.3
    endloop
  endfacet
  facet normal -0 0 -1
    outer loop
      vertex -77.6835 -35.2377 4.3
      vertex -77.7954 -35.572 4.3
      vertex -80.6571 -34.3851 4.3
    endloop
  endfacet
  facet normal 0 0 -1
    outer loop
      vertex -77.5921 -33.1432 4.3
      vertex -77.6744 -32.8004 4.3
      vertex -77.6153 -32.9877 4.3
    endloop
  endfacet
  facet normal 0 0 -1
    outer loop
      vertex -77.9303 -35.8977 4.3
      vertex -77.7954 -35.572 4.3
      vertex -77.8577 -35.7583 4.3
    endloop
  endfacet
  facet normal 0 0 -1
    outer loop
      vertex -80.6543 -33.6268 4.3
      vertex -77.6744 -32.8004 4.3
      vertex -80.6287 -33.7334 4.3
    endloop
  endfacet
  facet normal -0 0 -1
    outer loop
      vertex -77.7954 -35.572 4.3
      vertex -77.9303 -35.8977 4.3
      vertex -80.6919 -34.4891 4.3
    endloop
  endfacet
  facet normal 0 0 -1
    outer loop
      vertex -78.0931 -36.2104 4.3
      vertex -77.9303 -35.8977 4.3
      vertex -77.9905 -36.043 4.3
    endloop
  endfacet
  facet normal 0 0 -1
    outer loop
      vertex -80.6287 -33.7334 4.3
      vertex -77.5921 -33.1432 4.3
      vertex -80.6124 -33.8419 4.3
    endloop
  endfacet
  facet normal 0 0 -1
    outer loop
      vertex -77.6744 -32.8004 4.3
      vertex -77.7804 -32.4642 4.3
      vertex -77.7202 -32.6094 4.3
    endloop
  endfacet
  facet normal -0 0 -1
    outer loop
      vertex -77.9303 -35.8977 4.3
      vertex -78.0931 -36.2104 4.3
      vertex -80.7339 -34.5904 4.3
    endloop
  endfacet
  facet normal 0 0 -1
    outer loop
      vertex -80.6872 -33.5222 4.3
      vertex -77.7804 -32.4642 4.3
      vertex -80.6543 -33.6268 4.3
    endloop
  endfacet
  facet normal 0 0 -1
    outer loop
      vertex -78.2773 -36.511 4.3
      vertex -78.0931 -36.2104 4.3
      vertex -78.1838 -36.3846 4.3
    endloop
  endfacet
  facet normal 0 -0 -1
    outer loop
      vertex -77.9153 -32.1385 4.3
      vertex -77.7804 -32.4642 4.3
      vertex -80.6872 -33.5222 4.3
    endloop
  endfacet
  facet normal -0 0 -1
    outer loop
      vertex -78.0931 -36.2104 4.3
      vertex -78.2773 -36.511 4.3
      vertex -80.7845 -34.6877 4.3
    endloop
  endfacet
  facet normal 0 0 -1
    outer loop
      vertex -78.487 -36.7944 4.3
      vertex -78.2773 -36.511 4.3
      vertex -78.3594 -36.645 4.3
    endloop
  endfacet
  facet normal 0 -0 -1
    outer loop
      vertex -77.7804 -32.4642 4.3
      vertex -77.6744 -32.8004 4.3
      vertex -80.6543 -33.6268 4.3
    endloop
  endfacet
  facet normal 0 0 -1
    outer loop
      vertex -80.7292 -33.4209 4.3
      vertex -77.9153 -32.1385 4.3
      vertex -80.6872 -33.5222 4.3
    endloop
  endfacet
  facet normal -0 0 -1
    outer loop
      vertex -78.2773 -36.511 4.3
      vertex -78.487 -36.7944 4.3
      vertex -80.8418 -34.7812 4.3
    endloop
  endfacet
  facet normal 0 -0 -1
    outer loop
      vertex -78.0726 -31.823 4.3
      vertex -77.9153 -32.1385 4.3
      vertex -80.7292 -33.4209 4.3
    endloop
  endfacet
  facet normal 0 0 -1
    outer loop
      vertex -78.7159 -37.0624 4.3
      vertex -78.487 -36.7944 4.3
      vertex -78.6038 -36.9523 4.3
    endloop
  endfacet
  facet normal 0 0 -1
    outer loop
      vertex -77.9153 -32.1385 4.3
      vertex -78.0726 -31.823 4.3
      vertex -77.9905 -31.957 4.3
    endloop
  endfacet
  facet normal -0 0 -1
    outer loop
      vertex -78.487 -36.7944 4.3
      vertex -78.7159 -37.0624 4.3
      vertex -80.9071 -34.8694 4.3
    endloop
  endfacet
  facet normal 0 0 -1
    outer loop
      vertex -78.9674 -37.3095 4.3
      vertex -78.7159 -37.0624 4.3
      vertex -78.818 -37.182 4.3
    endloop
  endfacet
  facet normal 0 0 -1
    outer loop
      vertex -77.7804 -32.4642 4.3
      vertex -77.9153 -32.1385 4.3
      vertex -77.8277 -32.3143 4.3
    endloop
  endfacet
  facet normal 0 -0 -1
    outer loop
      vertex -78.2568 -31.5224 4.3
      vertex -78.0726 -31.823 4.3
      vertex -80.7781 -33.3227 4.3
    endloop
  endfacet
  facet normal -0 0 -1
    outer loop
      vertex -78.7159 -37.0624 4.3
      vertex -78.9674 -37.3095 4.3
      vertex -80.9783 -34.9528 4.3
    endloop
  endfacet
  facet normal 0 0 -1
    outer loop
      vertex -78.0726 -31.823 4.3
      vertex -78.2568 -31.5224 4.3
      vertex -78.1427 -31.6823 4.3
    endloop
  endfacet
  facet normal 0 0 -1
    outer loop
      vertex -79.2354 -37.5385 4.3
      vertex -78.9674 -37.3095 4.3
      vertex -79.1075 -37.4472 4.3
    endloop
  endfacet
  facet normal 0 0 -1
    outer loop
      vertex -80.8354 -33.2292 4.3
      vertex -78.2568 -31.5224 4.3
      vertex -80.7781 -33.3227 4.3
    endloop
  endfacet
  facet normal -0 0 -1
    outer loop
      vertex -78.9674 -37.3095 4.3
      vertex -79.2354 -37.5385 4.3
      vertex -81.0565 -35.0296 4.3
    endloop
  endfacet
  facet normal 0 0 -1
    outer loop
      vertex -79.5224 -37.7432 4.3
      vertex -79.2354 -37.5385 4.3
      vertex -79.355 -37.6406 4.3
    endloop
  endfacet
  facet normal 0 0 -1
    outer loop
      vertex -80.7781 -33.3227 4.3
      vertex -78.0726 -31.823 4.3
      vertex -80.7292 -33.4209 4.3
    endloop
  endfacet
  facet normal 0 0 -1
    outer loop
      vertex -78.2568 -31.5224 4.3
      vertex -78.4615 -31.2354 4.3
      vertex -78.3594 -31.355 4.3
    endloop
  endfacet
  facet normal -0 0 -1
    outer loop
      vertex -79.2354 -37.5385 4.3
      vertex -79.5224 -37.7432 4.3
      vertex -81.1399 -35.1009 4.3
    endloop
  endfacet
  facet normal 0 0 -1
    outer loop
      vertex -80.8991 -33.1399 4.3
      vertex -78.4615 -31.2354 4.3
      vertex -80.8354 -33.2292 4.3
    endloop
  endfacet
  facet normal 0 0 -1
    outer loop
      vertex -79.823 -37.9274 4.3
      vertex -79.5224 -37.7432 4.3
      vertex -79.6823 -37.8573 4.3
    endloop
  endfacet
  facet normal 0 -0 -1
    outer loop
      vertex -78.6905 -30.9674 4.3
      vertex -78.4615 -31.2354 4.3
      vertex -80.8991 -33.1399 4.3
    endloop
  endfacet
  facet normal -0 0 -1
    outer loop
      vertex -79.5224 -37.7432 4.3
      vertex -79.823 -37.9274 4.3
      vertex -81.2292 -35.1646 4.3
    endloop
  endfacet
  facet normal 0 0 -1
    outer loop
      vertex -80.1385 -38.0847 4.3
      vertex -79.823 -37.9274 4.3
      vertex -79.957 -38.0095 4.3
    endloop
  endfacet
  facet normal 0 -0 -1
    outer loop
      vertex -78.4615 -31.2354 4.3
      vertex -78.2568 -31.5224 4.3
      vertex -80.8354 -33.2292 4.3
    endloop
  endfacet
  facet normal 0 0 -1
    outer loop
      vertex -80.9704 -33.0565 4.3
      vertex -78.6905 -30.9674 4.3
      vertex -80.8991 -33.1399 4.3
    endloop
  endfacet
  facet normal -0 0 -1
    outer loop
      vertex -79.823 -37.9274 4.3
      vertex -80.1385 -38.0847 4.3
      vertex -81.3227 -35.2219 4.3
    endloop
  endfacet
  facet normal 0 -0 -1
    outer loop
      vertex -78.9376 -30.7159 4.3
      vertex -78.6905 -30.9674 4.3
      vertex -80.9704 -33.0565 4.3
    endloop
  endfacet
  facet normal 0 0 -1
    outer loop
      vertex -80.4642 -38.2196 4.3
      vertex -80.1385 -38.0847 4.3
      vertex -80.3143 -38.1723 4.3
    endloop
  endfacet
  facet normal 0 0 -1
    outer loop
      vertex -78.6905 -30.9674 4.3
      vertex -78.9376 -30.7159 4.3
      vertex -78.818 -30.818 4.3
    endloop
  endfacet
  facet normal -0 0 -1
    outer loop
      vertex -80.1385 -38.0847 4.3
      vertex -80.4642 -38.2196 4.3
      vertex -81.4209 -35.2708 4.3
    endloop
  endfacet
  facet normal 0 0 -1
    outer loop
      vertex -81.0472 -32.9783 4.3
      vertex -78.9376 -30.7159 4.3
      vertex -80.9704 -33.0565 4.3
    endloop
  endfacet
  facet normal 0 -0 -1
    outer loop
      vertex -79.2056 -30.487 4.3
      vertex -78.9376 -30.7159 4.3
      vertex -81.0472 -32.9783 4.3
    endloop
  endfacet
  facet normal 0 0 -1
    outer loop
      vertex -78.9376 -30.7159 4.3
      vertex -79.2056 -30.487 4.3
      vertex -79.0477 -30.6038 4.3
    endloop
  endfacet
  facet normal 0 0 -1
    outer loop
      vertex -81.1306 -32.9071 4.3
      vertex -79.2056 -30.487 4.3
      vertex -81.0472 -32.9783 4.3
    endloop
  endfacet
  facet normal 0 -0 -1
    outer loop
      vertex -79.489 -30.2773 4.3
      vertex -79.2056 -30.487 4.3
      vertex -81.1306 -32.9071 4.3
    endloop
  endfacet
  facet normal 0 0 -1
    outer loop
      vertex -79.2056 -30.487 4.3
      vertex -79.489 -30.2773 4.3
      vertex -79.355 -30.3594 4.3
    endloop
  endfacet
  facet normal 0 0 -1
    outer loop
      vertex -81.2188 -32.8418 4.3
      vertex -79.489 -30.2773 4.3
      vertex -81.1306 -32.9071 4.3
    endloop
  endfacet
  facet normal 0 -0 -1
    outer loop
      vertex -79.7896 -30.0931 4.3
      vertex -79.489 -30.2773 4.3
      vertex -81.2188 -32.8418 4.3
    endloop
  endfacet
  facet normal 0 0 -1
    outer loop
      vertex -79.489 -30.2773 4.3
      vertex -79.7896 -30.0931 4.3
      vertex -79.6154 -30.1838 4.3
    endloop
  endfacet
  facet normal 0 0 -1
    outer loop
      vertex -81.3123 -32.7845 4.3
      vertex -79.7896 -30.0931 4.3
      vertex -81.2188 -32.8418 4.3
    endloop
  endfacet
  facet normal 0 -0 -1
    outer loop
      vertex -80.1023 -29.9303 4.3
      vertex -79.7896 -30.0931 4.3
      vertex -81.3123 -32.7845 4.3
    endloop
  endfacet
  facet normal 0 0 -1
    outer loop
      vertex -79.7896 -30.0931 4.3
      vertex -80.1023 -29.9303 4.3
      vertex -79.957 -29.9905 4.3
    endloop
  endfacet
  facet normal 0 0 -1
    outer loop
      vertex -81.4096 -32.7339 4.3
      vertex -80.1023 -29.9303 4.3
      vertex -81.3123 -32.7845 4.3
    endloop
  endfacet
  facet normal 0 -0 -1
    outer loop
      vertex -80.428 -29.7954 4.3
      vertex -80.1023 -29.9303 4.3
      vertex -81.4096 -32.7339 4.3
    endloop
  endfacet
  facet normal 0 0 -1
    outer loop
      vertex -80.1023 -29.9303 4.3
      vertex -80.428 -29.7954 4.3
      vertex -80.2417 -29.8577 4.3
    endloop
  endfacet
  facet normal 0 0 -1
    outer loop
      vertex -81.5109 -32.6919 4.3
      vertex -80.428 -29.7954 4.3
      vertex -81.4096 -32.7339 4.3
    endloop
  endfacet
  facet normal 0 -0 -1
    outer loop
      vertex -80.7623 -29.6835 4.3
      vertex -80.428 -29.7954 4.3
      vertex -81.5109 -32.6919 4.3
    endloop
  endfacet
  facet normal 0 0 -1
    outer loop
      vertex -80.428 -29.7954 4.3
      vertex -80.7623 -29.6835 4.3
      vertex -80.6094 -29.7202 4.3
    endloop
  endfacet
  facet normal 0 0 -1
    outer loop
      vertex -81.6149 -32.6571 4.3
      vertex -80.7623 -29.6835 4.3
      vertex -81.5109 -32.6919 4.3
    endloop
  endfacet
  facet normal 0 -0 -1
    outer loop
      vertex -81.1051 -29.6013 4.3
      vertex -80.7623 -29.6835 4.3
      vertex -81.6149 -32.6571 4.3
    endloop
  endfacet
  facet normal 0 0 -1
    outer loop
      vertex -80.7623 -29.6835 4.3
      vertex -81.1051 -29.6013 4.3
      vertex -80.9114 -29.6337 4.3
    endloop
  endfacet
  facet normal 0 0 -1
    outer loop
      vertex -81.7216 -32.6315 4.3
      vertex -81.1051 -29.6013 4.3
      vertex -81.6149 -32.6571 4.3
    endloop
  endfacet
  facet normal 0 -0 -1
    outer loop
      vertex -81.4528 -29.5431 4.3
      vertex -81.1051 -29.6013 4.3
      vertex -81.7216 -32.6315 4.3
    endloop
  endfacet
  facet normal 0 0 -1
    outer loop
      vertex -81.1051 -29.6013 4.3
      vertex -81.4528 -29.5431 4.3
      vertex -81.296 -29.5554 4.3
    endloop
  endfacet
  facet normal 0 0 -1
    outer loop
      vertex -81.8297 -32.6134 4.3
      vertex -81.4528 -29.5431 4.3
      vertex -81.7216 -32.6315 4.3
    endloop
  endfacet
  facet normal 0 -0 -1
    outer loop
      vertex -81.8042 -29.5154 4.3
      vertex -81.4528 -29.5431 4.3
      vertex -81.8297 -32.6134 4.3
    endloop
  endfacet
  facet normal 0 0 -1
    outer loop
      vertex -81.4528 -29.5431 4.3
      vertex -81.8042 -29.5154 4.3
      vertex -81.6078 -29.5171 4.3
    endloop
  endfacet
  facet normal 0 0 -1
    outer loop
      vertex -81.9391 -32.6048 4.3
      vertex -81.8042 -29.5154 4.3
      vertex -81.8297 -32.6134 4.3
    endloop
  endfacet
  facet normal 0 0 -1
    outer loop
      vertex -82.1567 -29.5123 4.3
      vertex -81.8042 -29.5154 4.3
      vertex -81.9391 -32.6048 4.3
    endloop
  endfacet
  facet normal 0 0 -1
    outer loop
      vertex -82.1567 -29.5123 4.3
      vertex -81.9391 -32.6048 4.3
      vertex -82.0488 -32.6038 4.3
    endloop
  endfacet
  facet normal 0 0 -1
    outer loop
      vertex -81.8042 -29.5154 4.3
      vertex -82.1567 -29.5123 4.3
      vertex -82 -29.5 4.3
    endloop
  endfacet
  facet normal 0 0 -1
    outer loop
      vertex -82.1581 -32.6124 4.3
      vertex -82.1567 -29.5123 4.3
      vertex -82.0488 -32.6038 4.3
    endloop
  endfacet
  facet normal 0 0 -1
    outer loop
      vertex -82.5082 -29.54 4.3
      vertex -82.1581 -32.6124 4.3
      vertex -82.2666 -32.6287 4.3
    endloop
  endfacet
  facet normal 0 0 -1
    outer loop
      vertex -82.1581 -32.6124 4.3
      vertex -82.5082 -29.54 4.3
      vertex -82.1567 -29.5123 4.3
    endloop
  endfacet
  facet normal 0 0 -1
    outer loop
      vertex -82.8568 -29.5921 4.3
      vertex -82.2666 -32.6287 4.3
      vertex -82.3732 -32.6543 4.3
    endloop
  endfacet
  facet normal 0 0 -1
    outer loop
      vertex -83.1996 -29.6744 4.3
      vertex -82.3732 -32.6543 4.3
      vertex -82.4778 -32.6872 4.3
    endloop
  endfacet
  facet normal -0 0 -1
    outer loop
      vertex -82.1567 -29.5123 4.3
      vertex -82.5082 -29.54 4.3
      vertex -82.3139 -29.511 4.3
    endloop
  endfacet
  facet normal 0 0 -1
    outer loop
      vertex -83.5358 -29.7804 4.3
      vertex -82.4778 -32.6872 4.3
      vertex -82.5791 -32.7292 4.3
    endloop
  endfacet
  facet normal 0 0 -1
    outer loop
      vertex -83.8615 -29.9153 4.3
      vertex -82.5791 -32.7292 4.3
      vertex -82.6773 -32.7781 4.3
    endloop
  endfacet
  facet normal 0 0 -1
    outer loop
      vertex -82.2666 -32.6287 4.3
      vertex -82.8568 -29.5921 4.3
      vertex -82.5082 -29.54 4.3
    endloop
  endfacet
  facet normal 0 0 -1
    outer loop
      vertex -84.177 -30.0726 4.3
      vertex -82.6773 -32.7781 4.3
      vertex -82.7708 -32.8354 4.3
    endloop
  endfacet
  facet normal 0 0 -1
    outer loop
      vertex -82.5082 -29.54 4.3
      vertex -82.8568 -29.5921 4.3
      vertex -82.704 -29.5554 4.3
    endloop
  endfacet
  facet normal 0 0 -1
    outer loop
      vertex -84.4776 -30.2568 4.3
      vertex -82.7708 -32.8354 4.3
      vertex -82.8601 -32.8991 4.3
    endloop
  endfacet
  facet normal 0 0 -1
    outer loop
      vertex -84.7646 -30.4615 4.3
      vertex -82.8601 -32.8991 4.3
      vertex -82.9435 -32.9704 4.3
    endloop
  endfacet
  facet normal 0 0 -1
    outer loop
      vertex -82.3732 -32.6543 4.3
      vertex -83.1996 -29.6744 4.3
      vertex -82.8568 -29.5921 4.3
    endloop
  endfacet
  facet normal 0 0 -1
    outer loop
      vertex -85.0326 -30.6905 4.3
      vertex -82.9435 -32.9704 4.3
      vertex -83.0217 -33.0472 4.3
    endloop
  endfacet
  facet normal 0 0 -1
    outer loop
      vertex -85.2841 -30.9376 4.3
      vertex -83.0217 -33.0472 4.3
      vertex -83.0929 -33.1306 4.3
    endloop
  endfacet
  facet normal 0 0 -1
    outer loop
      vertex -85.513 -31.2056 4.3
      vertex -83.0929 -33.1306 4.3
      vertex -83.1582 -33.2188 4.3
    endloop
  endfacet
  facet normal 0 0 -1
    outer loop
      vertex -82.8568 -29.5921 4.3
      vertex -83.1996 -29.6744 4.3
      vertex -83.0123 -29.6153 4.3
    endloop
  endfacet
  facet normal 0 0 -1
    outer loop
      vertex -85.7227 -31.489 4.3
      vertex -83.1582 -33.2188 4.3
      vertex -83.2155 -33.3123 4.3
    endloop
  endfacet
  facet normal 0 0 -1
    outer loop
      vertex -85.9069 -31.7896 4.3
      vertex -83.2155 -33.3123 4.3
      vertex -83.2661 -33.4096 4.3
    endloop
  endfacet
  facet normal 0 0 -1
    outer loop
      vertex -86.0697 -32.1023 4.3
      vertex -83.2661 -33.4096 4.3
      vertex -83.3081 -33.5109 4.3
    endloop
  endfacet
  facet normal 0 0 -1
    outer loop
      vertex -86.2046 -32.428 4.3
      vertex -83.3081 -33.5109 4.3
      vertex -83.3429 -33.6149 4.3
    endloop
  endfacet
  facet normal 0 0 -1
    outer loop
      vertex -86.3165 -32.7623 4.3
      vertex -83.3429 -33.6149 4.3
      vertex -83.3685 -33.7216 4.3
    endloop
  endfacet
  facet normal 0 0 -1
    outer loop
      vertex -86.3988 -33.1051 4.3
      vertex -83.3685 -33.7216 4.3
      vertex -83.3866 -33.8297 4.3
    endloop
  endfacet
  facet normal 0 0 -1
    outer loop
      vertex -82.4778 -32.6872 4.3
      vertex -83.5358 -29.7804 4.3
      vertex -83.1996 -29.6744 4.3
    endloop
  endfacet
  facet normal 0 0 -1
    outer loop
      vertex -86.4569 -33.4528 4.3
      vertex -83.3866 -33.8297 4.3
      vertex -83.3952 -33.9391 4.3
    endloop
  endfacet
  facet normal 0 0 -1
    outer loop
      vertex -86.4846 -33.8042 4.3
      vertex -83.3952 -33.9391 4.3
      vertex -83.3962 -34.0488 4.3
    endloop
  endfacet
  facet normal 0 0 -1
    outer loop
      vertex -83.1996 -29.6744 4.3
      vertex -83.5358 -29.7804 4.3
      vertex -83.3906 -29.7202 4.3
    endloop
  endfacet
  facet normal 0 0 -1
    outer loop
      vertex -78.4615 -31.2354 4.3
      vertex -78.6905 -30.9674 4.3
      vertex -78.5528 -31.1075 4.3
    endloop
  endfacet
  facet normal 0 0 -1
    outer loop
      vertex -80.8004 -38.3256 4.3
      vertex -80.4642 -38.2196 4.3
      vertex -80.6094 -38.2798 4.3
    endloop
  endfacet
  facet normal 0 0 -1
    outer loop
      vertex -77.5431 -34.5472 4.3
      vertex -80.6134 -34.1703 4.3
      vertex -80.6048 -34.0609 4.3
    endloop
  endfacet
  facet normal 0 0 -1
    outer loop
      vertex -77.6012 -34.8949 4.3
      vertex -80.6315 -34.2784 4.3
      vertex -80.6134 -34.1703 4.3
    endloop
  endfacet
  facet normal 0 0 -1
    outer loop
      vertex -77.6835 -35.2377 4.3
      vertex -80.6571 -34.3851 4.3
      vertex -80.6315 -34.2784 4.3
    endloop
  endfacet
  facet normal 0 0 -1
    outer loop
      vertex -77.7954 -35.572 4.3
      vertex -80.6919 -34.4891 4.3
      vertex -80.6571 -34.3851 4.3
    endloop
  endfacet
  facet normal 0 0 -1
    outer loop
      vertex -77.9303 -35.8977 4.3
      vertex -80.7339 -34.5904 4.3
      vertex -80.6919 -34.4891 4.3
    endloop
  endfacet
  facet normal 0 0 -1
    outer loop
      vertex -78.0931 -36.2104 4.3
      vertex -80.7845 -34.6877 4.3
      vertex -80.7339 -34.5904 4.3
    endloop
  endfacet
  facet normal -0 0 -1
    outer loop
      vertex -80.4642 -38.2196 4.3
      vertex -80.8004 -38.3256 4.3
      vertex -81.5222 -35.3128 4.3
    endloop
  endfacet
  facet normal 0 0 -1
    outer loop
      vertex -78.2773 -36.511 4.3
      vertex -80.8418 -34.7812 4.3
      vertex -80.7845 -34.6877 4.3
    endloop
  endfacet
  facet normal 0 0 -1
    outer loop
      vertex -78.487 -36.7944 4.3
      vertex -80.9071 -34.8694 4.3
      vertex -80.8418 -34.7812 4.3
    endloop
  endfacet
  facet normal 0 0 -1
    outer loop
      vertex -78.7159 -37.0624 4.3
      vertex -80.9783 -34.9528 4.3
      vertex -80.9071 -34.8694 4.3
    endloop
  endfacet
  facet normal 0 0 -1
    outer loop
      vertex -81.1432 -38.4079 4.3
      vertex -80.8004 -38.3256 4.3
      vertex -80.9877 -38.3847 4.3
    endloop
  endfacet
  facet normal 0 0 -1
    outer loop
      vertex -78.9674 -37.3095 4.3
      vertex -81.0565 -35.0296 4.3
      vertex -80.9783 -34.9528 4.3
    endloop
  endfacet
  facet normal 0 0 -1
    outer loop
      vertex -79.2354 -37.5385 4.3
      vertex -81.1399 -35.1009 4.3
      vertex -81.0565 -35.0296 4.3
    endloop
  endfacet
  facet normal -0 0 -1
    outer loop
      vertex -80.8004 -38.3256 4.3
      vertex -81.1432 -38.4079 4.3
      vertex -81.6268 -35.3457 4.3
    endloop
  endfacet
  facet normal 0 0 -1
    outer loop
      vertex -79.5224 -37.7432 4.3
      vertex -81.2292 -35.1646 4.3
      vertex -81.1399 -35.1009 4.3
    endloop
  endfacet
  facet normal 0 0 -1
    outer loop
      vertex -81.4918 -38.46 4.3
      vertex -81.1432 -38.4079 4.3
      vertex -81.296 -38.4446 4.3
    endloop
  endfacet
  facet normal 0 0 -1
    outer loop
      vertex -79.823 -37.9274 4.3
      vertex -81.3227 -35.2219 4.3
      vertex -81.2292 -35.1646 4.3
    endloop
  endfacet
  facet normal 0 0 -1
    outer loop
      vertex -80.1385 -38.0847 4.3
      vertex -81.4209 -35.2708 4.3
      vertex -81.3227 -35.2219 4.3
    endloop
  endfacet
  facet normal -0 0 -1
    outer loop
      vertex -81.1432 -38.4079 4.3
      vertex -81.4918 -38.46 4.3
      vertex -81.7334 -35.3713 4.3
    endloop
  endfacet
  facet normal 0 0 -1
    outer loop
      vertex -80.4642 -38.2196 4.3
      vertex -81.5222 -35.3128 4.3
      vertex -81.4209 -35.2708 4.3
    endloop
  endfacet
  facet normal 0 0 -1
    outer loop
      vertex -80.8004 -38.3256 4.3
      vertex -81.6268 -35.3457 4.3
      vertex -81.5222 -35.3128 4.3
    endloop
  endfacet
  facet normal 0 0 -1
    outer loop
      vertex -81.8433 -38.4877 4.3
      vertex -81.4918 -38.46 4.3
      vertex -81.6861 -38.489 4.3
    endloop
  endfacet
  facet normal 0 0 -1
    outer loop
      vertex -81.1432 -38.4079 4.3
      vertex -81.7334 -35.3713 4.3
      vertex -81.6268 -35.3457 4.3
    endloop
  endfacet
  facet normal 0 0 -1
    outer loop
      vertex -81.4918 -38.46 4.3
      vertex -81.8419 -35.3876 4.3
      vertex -81.7334 -35.3713 4.3
    endloop
  endfacet
  facet normal -0 0 -1
    outer loop
      vertex -81.4918 -38.46 4.3
      vertex -81.8433 -38.4877 4.3
      vertex -81.8419 -35.3876 4.3
    endloop
  endfacet
  facet normal 0 0 -1
    outer loop
      vertex -81.8433 -38.4877 4.3
      vertex -81.9512 -35.3962 4.3
      vertex -81.8419 -35.3876 4.3
    endloop
  endfacet
  facet normal 0 0 -1
    outer loop
      vertex -82.1958 -38.4846 4.3
      vertex -81.8433 -38.4877 4.3
      vertex -82 -38.5 4.3
    endloop
  endfacet
  facet normal 0 0 -1
    outer loop
      vertex -81.8433 -38.4877 4.3
      vertex -82.1958 -38.4846 4.3
      vertex -81.9512 -35.3962 4.3
    endloop
  endfacet
  facet normal -0 0 -1
    outer loop
      vertex -81.9512 -35.3962 4.3
      vertex -82.1958 -38.4846 4.3
      vertex -82.0609 -35.3952 4.3
    endloop
  endfacet
  facet normal -0 0 -1
    outer loop
      vertex -82.0609 -35.3952 4.3
      vertex -82.1958 -38.4846 4.3
      vertex -82.1703 -35.3866 4.3
    endloop
  endfacet
  facet normal 0 0 -1
    outer loop
      vertex -82.5472 -38.4569 4.3
      vertex -82.1703 -35.3866 4.3
      vertex -82.1958 -38.4846 4.3
    endloop
  endfacet
  facet normal -0 0 -1
    outer loop
      vertex -82.1703 -35.3866 4.3
      vertex -82.5472 -38.4569 4.3
      vertex -82.2784 -35.3685 4.3
    endloop
  endfacet
  facet normal 0 0 -1
    outer loop
      vertex -82.5472 -38.4569 4.3
      vertex -82.1958 -38.4846 4.3
      vertex -82.3922 -38.4829 4.3
    endloop
  endfacet
  facet normal 0 0 -1
    outer loop
      vertex -82.8949 -38.3987 4.3
      vertex -82.2784 -35.3685 4.3
      vertex -82.5472 -38.4569 4.3
    endloop
  endfacet
  facet normal -0 0 -1
    outer loop
      vertex -82.2784 -35.3685 4.3
      vertex -82.8949 -38.3987 4.3
      vertex -82.3851 -35.3429 4.3
    endloop
  endfacet
  facet normal 0 0 -1
    outer loop
      vertex -83.2377 -38.3165 4.3
      vertex -82.3851 -35.3429 4.3
      vertex -82.8949 -38.3987 4.3
    endloop
  endfacet
  facet normal -0 0 -1
    outer loop
      vertex -82.3851 -35.3429 4.3
      vertex -83.2377 -38.3165 4.3
      vertex -82.4891 -35.3081 4.3
    endloop
  endfacet
  facet normal 0 0 -1
    outer loop
      vertex -82.8949 -38.3987 4.3
      vertex -82.5472 -38.4569 4.3
      vertex -82.704 -38.4446 4.3
    endloop
  endfacet
  facet normal 0 0 -1
    outer loop
      vertex -83.572 -38.2046 4.3
      vertex -82.4891 -35.3081 4.3
      vertex -83.2377 -38.3165 4.3
    endloop
  endfacet
  facet normal -0 0 -1
    outer loop
      vertex -82.4891 -35.3081 4.3
      vertex -83.572 -38.2046 4.3
      vertex -82.5904 -35.2661 4.3
    endloop
  endfacet
  facet normal 0 0 -1
    outer loop
      vertex -83.8977 -38.0697 4.3
      vertex -82.5904 -35.2661 4.3
      vertex -83.572 -38.2046 4.3
    endloop
  endfacet
  facet normal -0 0 -1
    outer loop
      vertex -82.5904 -35.2661 4.3
      vertex -83.8977 -38.0697 4.3
      vertex -82.6877 -35.2155 4.3
    endloop
  endfacet
  facet normal 0 0 -1
    outer loop
      vertex -84.2104 -37.9069 4.3
      vertex -82.6877 -35.2155 4.3
      vertex -83.8977 -38.0697 4.3
    endloop
  endfacet
  facet normal 0 0 -1
    outer loop
      vertex -83.2377 -38.3165 4.3
      vertex -82.8949 -38.3987 4.3
      vertex -83.0886 -38.3663 4.3
    endloop
  endfacet
  facet normal -0 0 -1
    outer loop
      vertex -82.6877 -35.2155 4.3
      vertex -84.2104 -37.9069 4.3
      vertex -82.7812 -35.1582 4.3
    endloop
  endfacet
  facet normal 0 0 -1
    outer loop
      vertex -84.511 -37.7227 4.3
      vertex -82.7812 -35.1582 4.3
      vertex -84.2104 -37.9069 4.3
    endloop
  endfacet
  facet normal -0 0 -1
    outer loop
      vertex -82.7812 -35.1582 4.3
      vertex -84.511 -37.7227 4.3
      vertex -82.8694 -35.0929 4.3
    endloop
  endfacet
  facet normal 0 0 -1
    outer loop
      vertex -84.7944 -37.513 4.3
      vertex -82.8694 -35.0929 4.3
      vertex -84.511 -37.7227 4.3
    endloop
  endfacet
  facet normal -0 0 -1
    outer loop
      vertex -82.8694 -35.0929 4.3
      vertex -84.7944 -37.513 4.3
      vertex -82.9528 -35.0217 4.3
    endloop
  endfacet
  facet normal 0 0 -1
    outer loop
      vertex -85.0624 -37.2841 4.3
      vertex -82.9528 -35.0217 4.3
      vertex -84.7944 -37.513 4.3
    endloop
  endfacet
  facet normal -0 0 -1
    outer loop
      vertex -82.9528 -35.0217 4.3
      vertex -85.0624 -37.2841 4.3
      vertex -83.0296 -34.9435 4.3
    endloop
  endfacet
  facet normal 0 0 -1
    outer loop
      vertex -85.3095 -37.0326 4.3
      vertex -83.0296 -34.9435 4.3
      vertex -85.0624 -37.2841 4.3
    endloop
  endfacet
  facet normal -0 0 -1
    outer loop
      vertex -83.0296 -34.9435 4.3
      vertex -85.3095 -37.0326 4.3
      vertex -83.1009 -34.8601 4.3
    endloop
  endfacet
  facet normal 0 0 -1
    outer loop
      vertex -83.572 -38.2046 4.3
      vertex -83.2377 -38.3165 4.3
      vertex -83.3906 -38.2798 4.3
    endloop
  endfacet
  facet normal 0 0 -1
    outer loop
      vertex -85.5385 -36.7646 4.3
      vertex -83.1009 -34.8601 4.3
      vertex -85.3095 -37.0326 4.3
    endloop
  endfacet
  facet normal -0 0 -1
    outer loop
      vertex -83.1009 -34.8601 4.3
      vertex -85.5385 -36.7646 4.3
      vertex -83.1646 -34.7708 4.3
    endloop
  endfacet
  facet normal 0 0 -1
    outer loop
      vertex -85.7432 -36.4776 4.3
      vertex -83.1646 -34.7708 4.3
      vertex -85.5385 -36.7646 4.3
    endloop
  endfacet
  facet normal 0 0 -1
    outer loop
      vertex -82.5791 -32.7292 4.3
      vertex -83.8615 -29.9153 4.3
      vertex -83.5358 -29.7804 4.3
    endloop
  endfacet
  facet normal 0 0 -1
    outer loop
      vertex -83.8977 -38.0697 4.3
      vertex -83.572 -38.2046 4.3
      vertex -83.7583 -38.1423 4.3
    endloop
  endfacet
  facet normal 0 0 -1
    outer loop
      vertex -83.5358 -29.7804 4.3
      vertex -83.8615 -29.9153 4.3
      vertex -83.6857 -29.8277 4.3
    endloop
  endfacet
  facet normal -0 0 -1
    outer loop
      vertex -83.1646 -34.7708 4.3
      vertex -85.7432 -36.4776 4.3
      vertex -83.2219 -34.6773 4.3
    endloop
  endfacet
  facet normal 0 0 -1
    outer loop
      vertex -84.2104 -37.9069 4.3
      vertex -83.8977 -38.0697 4.3
      vertex -84.043 -38.0095 4.3
    endloop
  endfacet
  facet normal 0 0 -1
    outer loop
      vertex -85.9274 -36.177 4.3
      vertex -83.2219 -34.6773 4.3
      vertex -85.7432 -36.4776 4.3
    endloop
  endfacet
  facet normal 0 0 -1
    outer loop
      vertex -83.8615 -29.9153 4.3
      vertex -84.177 -30.0726 4.3
      vertex -84.043 -29.9905 4.3
    endloop
  endfacet
  facet normal 0 0 -1
    outer loop
      vertex -82.6773 -32.7781 4.3
      vertex -84.177 -30.0726 4.3
      vertex -83.8615 -29.9153 4.3
    endloop
  endfacet
  facet normal 0 0 -1
    outer loop
      vertex -82.7708 -32.8354 4.3
      vertex -84.4776 -30.2568 4.3
      vertex -84.177 -30.0726 4.3
    endloop
  endfacet
  facet normal 0 0 -1
    outer loop
      vertex -84.511 -37.7227 4.3
      vertex -84.2104 -37.9069 4.3
      vertex -84.3846 -37.8162 4.3
    endloop
  endfacet
  facet normal 0 0 -1
    outer loop
      vertex -84.177 -30.0726 4.3
      vertex -84.4776 -30.2568 4.3
      vertex -84.3177 -30.1427 4.3
    endloop
  endfacet
  facet normal -0 0 -1
    outer loop
      vertex -83.2219 -34.6773 4.3
      vertex -85.9274 -36.177 4.3
      vertex -83.2708 -34.5791 4.3
    endloop
  endfacet
  facet normal 0 0 -1
    outer loop
      vertex -84.7944 -37.513 4.3
      vertex -84.511 -37.7227 4.3
      vertex -84.645 -37.6406 4.3
    endloop
  endfacet
  facet normal 0 0 -1
    outer loop
      vertex -86.0847 -35.8615 4.3
      vertex -83.2708 -34.5791 4.3
      vertex -85.9274 -36.177 4.3
    endloop
  endfacet
  facet normal 0 0 -1
    outer loop
      vertex -84.4776 -30.2568 4.3
      vertex -84.7646 -30.4615 4.3
      vertex -84.645 -30.3594 4.3
    endloop
  endfacet
  facet normal 0 0 -1
    outer loop
      vertex -82.8601 -32.8991 4.3
      vertex -84.7646 -30.4615 4.3
      vertex -84.4776 -30.2568 4.3
    endloop
  endfacet
  facet normal 0 0 -1
    outer loop
      vertex -82.9435 -32.9704 4.3
      vertex -85.0326 -30.6905 4.3
      vertex -84.7646 -30.4615 4.3
    endloop
  endfacet
  facet normal 0 0 -1
    outer loop
      vertex -85.0624 -37.2841 4.3
      vertex -84.7944 -37.513 4.3
      vertex -84.9523 -37.3962 4.3
    endloop
  endfacet
  facet normal 0 0 -1
    outer loop
      vertex -84.7646 -30.4615 4.3
      vertex -85.0326 -30.6905 4.3
      vertex -84.8925 -30.5528 4.3
    endloop
  endfacet
  facet normal -0 0 -1
    outer loop
      vertex -83.2708 -34.5791 4.3
      vertex -86.0847 -35.8615 4.3
      vertex -83.3128 -34.4778 4.3
    endloop
  endfacet
  facet normal 0 0 -1
    outer loop
      vertex -85.3095 -37.0326 4.3
      vertex -85.0624 -37.2841 4.3
      vertex -85.182 -37.182 4.3
    endloop
  endfacet
  facet normal 0 0 -1
    outer loop
      vertex -86.2196 -35.5358 4.3
      vertex -83.3128 -34.4778 4.3
      vertex -86.0847 -35.8615 4.3
    endloop
  endfacet
  facet normal 0 0 -1
    outer loop
      vertex -85.0326 -30.6905 4.3
      vertex -85.2841 -30.9376 4.3
      vertex -85.182 -30.818 4.3
    endloop
  endfacet
  facet normal 0 0 -1
    outer loop
      vertex -83.0217 -33.0472 4.3
      vertex -85.2841 -30.9376 4.3
      vertex -85.0326 -30.6905 4.3
    endloop
  endfacet
  facet normal 0 0 -1
    outer loop
      vertex -83.0929 -33.1306 4.3
      vertex -85.513 -31.2056 4.3
      vertex -85.2841 -30.9376 4.3
    endloop
  endfacet
  facet normal 0 0 -1
    outer loop
      vertex -85.5385 -36.7646 4.3
      vertex -85.3095 -37.0326 4.3
      vertex -85.4472 -36.8925 4.3
    endloop
  endfacet
  facet normal 0 0 -1
    outer loop
      vertex -85.2841 -30.9376 4.3
      vertex -85.513 -31.2056 4.3
      vertex -85.3962 -31.0477 4.3
    endloop
  endfacet
  facet normal -0 0 -1
    outer loop
      vertex -83.3128 -34.4778 4.3
      vertex -86.2196 -35.5358 4.3
      vertex -83.3457 -34.3732 4.3
    endloop
  endfacet
  facet normal 0 0 -1
    outer loop
      vertex -85.7432 -36.4776 4.3
      vertex -85.5385 -36.7646 4.3
      vertex -85.6406 -36.645 4.3
    endloop
  endfacet
  facet normal 0 0 -1
    outer loop
      vertex -86.3256 -35.1996 4.3
      vertex -83.3457 -34.3732 4.3
      vertex -86.2196 -35.5358 4.3
    endloop
  endfacet
  facet normal 0 0 -1
    outer loop
      vertex -85.513 -31.2056 4.3
      vertex -85.7227 -31.489 4.3
      vertex -85.6406 -31.355 4.3
    endloop
  endfacet
  facet normal 0 0 -1
    outer loop
      vertex -83.1582 -33.2188 4.3
      vertex -85.7227 -31.489 4.3
      vertex -85.513 -31.2056 4.3
    endloop
  endfacet
  facet normal 0 0 -1
    outer loop
      vertex -83.2155 -33.3123 4.3
      vertex -85.9069 -31.7896 4.3
      vertex -85.7227 -31.489 4.3
    endloop
  endfacet
  facet normal 0 0 -1
    outer loop
      vertex -85.9274 -36.177 4.3
      vertex -85.7432 -36.4776 4.3
      vertex -85.8573 -36.3177 4.3
    endloop
  endfacet
  facet normal 0 0 -1
    outer loop
      vertex -85.7227 -31.489 4.3
      vertex -85.9069 -31.7896 4.3
      vertex -85.8162 -31.6154 4.3
    endloop
  endfacet
  facet normal -0 0 -1
    outer loop
      vertex -83.3457 -34.3732 4.3
      vertex -86.3256 -35.1996 4.3
      vertex -83.3713 -34.2666 4.3
    endloop
  endfacet
  facet normal 0 0 -1
    outer loop
      vertex -86.0847 -35.8615 4.3
      vertex -85.9274 -36.177 4.3
      vertex -86.0095 -36.043 4.3
    endloop
  endfacet
  facet normal 0 0 -1
    outer loop
      vertex -86.4079 -34.8568 4.3
      vertex -83.3713 -34.2666 4.3
      vertex -86.3256 -35.1996 4.3
    endloop
  endfacet
  facet normal 0 0 -1
    outer loop
      vertex -85.9069 -31.7896 4.3
      vertex -86.0697 -32.1023 4.3
      vertex -86.0095 -31.957 4.3
    endloop
  endfacet
  facet normal 0 0 -1
    outer loop
      vertex -83.2661 -33.4096 4.3
      vertex -86.0697 -32.1023 4.3
      vertex -85.9069 -31.7896 4.3
    endloop
  endfacet
  facet normal 0 0 -1
    outer loop
      vertex -83.3081 -33.5109 4.3
      vertex -86.2046 -32.428 4.3
      vertex -86.0697 -32.1023 4.3
    endloop
  endfacet
  facet normal 0 0 -1
    outer loop
      vertex -86.2196 -35.5358 4.3
      vertex -86.0847 -35.8615 4.3
      vertex -86.1723 -35.6857 4.3
    endloop
  endfacet
  facet normal 0 0 -1
    outer loop
      vertex -86.0697 -32.1023 4.3
      vertex -86.2046 -32.428 4.3
      vertex -86.1423 -32.2417 4.3
    endloop
  endfacet
  facet normal -0 0 -1
    outer loop
      vertex -83.3713 -34.2666 4.3
      vertex -86.4079 -34.8568 4.3
      vertex -83.3876 -34.1581 4.3
    endloop
  endfacet
  facet normal 0 0 -1
    outer loop
      vertex -86.3256 -35.1996 4.3
      vertex -86.2196 -35.5358 4.3
      vertex -86.2798 -35.3906 4.3
    endloop
  endfacet
  facet normal 0 0 -1
    outer loop
      vertex -86.46 -34.5082 4.3
      vertex -83.3876 -34.1581 4.3
      vertex -86.4079 -34.8568 4.3
    endloop
  endfacet
  facet normal 0 0 -1
    outer loop
      vertex -86.2046 -32.428 4.3
      vertex -86.3165 -32.7623 4.3
      vertex -86.2798 -32.6094 4.3
    endloop
  endfacet
  facet normal 0 0 -1
    outer loop
      vertex -83.3429 -33.6149 4.3
      vertex -86.3165 -32.7623 4.3
      vertex -86.2046 -32.428 4.3
    endloop
  endfacet
  facet normal 0 0 -1
    outer loop
      vertex -83.3685 -33.7216 4.3
      vertex -86.3988 -33.1051 4.3
      vertex -86.3165 -32.7623 4.3
    endloop
  endfacet
  facet normal 0 0 -1
    outer loop
      vertex -86.4079 -34.8568 4.3
      vertex -86.3256 -35.1996 4.3
      vertex -86.3847 -35.0123 4.3
    endloop
  endfacet
  facet normal 0 0 -1
    outer loop
      vertex -86.3165 -32.7623 4.3
      vertex -86.3988 -33.1051 4.3
      vertex -86.3663 -32.9114 4.3
    endloop
  endfacet
  facet normal -0 0 -1
    outer loop
      vertex -83.3876 -34.1581 4.3
      vertex -86.46 -34.5082 4.3
      vertex -83.3962 -34.0488 4.3
    endloop
  endfacet
  facet normal 0 0 -1
    outer loop
      vertex -86.46 -34.5082 4.3
      vertex -86.4079 -34.8568 4.3
      vertex -86.4446 -34.704 4.3
    endloop
  endfacet
  facet normal 0 0 -1
    outer loop
      vertex -86.4877 -34.1567 4.3
      vertex -83.3962 -34.0488 4.3
      vertex -86.46 -34.5082 4.3
    endloop
  endfacet
  facet normal 0 0 -1
    outer loop
      vertex -86.3988 -33.1051 4.3
      vertex -86.4569 -33.4528 4.3
      vertex -86.4446 -33.296 4.3
    endloop
  endfacet
  facet normal 0 0 -1
    outer loop
      vertex -83.3866 -33.8297 4.3
      vertex -86.4569 -33.4528 4.3
      vertex -86.3988 -33.1051 4.3
    endloop
  endfacet
  facet normal 0 0 -1
    outer loop
      vertex -83.3952 -33.9391 4.3
      vertex -86.4846 -33.8042 4.3
      vertex -86.4569 -33.4528 4.3
    endloop
  endfacet
  facet normal 0 0 -1
    outer loop
      vertex -86.4569 -33.4528 4.3
      vertex -86.4846 -33.8042 4.3
      vertex -86.4829 -33.6078 4.3
    endloop
  endfacet
  facet normal -0 0 -1
    outer loop
      vertex -83.3962 -34.0488 4.3
      vertex -86.4877 -34.1567 4.3
      vertex -86.4846 -33.8042 4.3
    endloop
  endfacet
  facet normal 0 -0 -1
    outer loop
      vertex -86.4877 -34.1567 4.3
      vertex -86.46 -34.5082 4.3
      vertex -86.489 -34.3139 4.3
    endloop
  endfacet
  facet normal 0 0 -1
    outer loop
      vertex -86.4846 -33.8042 4.3
      vertex -86.4877 -34.1567 4.3
      vertex -86.5 -34 4.3
    endloop
  endfacet
  facet normal -0.143435 -0.574946 0.805521
    outer loop
      vertex -83.2772 -47.4968 25.782
      vertex -83.7506 -47.894 25.4142
      vertex -83.3213 -48.0011 25.4142
    endloop
  endfacet
  facet normal -0.0975471 -0.390755 0.915311
    outer loop
      vertex -83.0886 -38.3663 29.7
      vertex -83.5528 -47.428 25.782
      vertex -83.2772 -47.4968 25.782
    endloop
  endfacet
  facet normal 0.575676 -0.13827 0.805903
    outer loop
      vertex -73.9943 -44.9159 25.4142
      vertex -77.6337 -35.0886 29.7
      vertex -74.4986 -44.8718 25.782
    endloop
  endfacet
  facet normal -0.19653 -0.788324 0.583027
    outer loop
      vertex -83.5366 -48.3218 24.908
      vertex -83.3213 -48.0011 25.4142
      vertex -83.8944 -48.2326 24.908
    endloop
  endfacet
  facet normal -0.196872 -0.788193 0.58309
    outer loop
      vertex -83.3213 -48.0011 25.4142
      vertex -83.5366 -48.3218 24.908
      vertex -83.3441 -48.2618 25.0541
    endloop
  endfacet
  facet normal 0.0568541 -0.810405 0.583105
    outer loop
      vertex -83.3213 -48.0011 25.4142
      vertex -83.3441 -48.2618 25.0541
      vertex -83.1295 -48.1209 25.229
    endloop
  endfacet
  facet normal 0.0606539 -0.406538 0.911618
    outer loop
      vertex -81.296 -38.4446 29.6938
      vertex -80.9877 -38.3847 29.7
      vertex -81.1432 -38.4079 29.7
    endloop
  endfacet
  facet normal 0.0609648 -0.408464 0.910736
    outer loop
      vertex -81.6861 -38.489 29.7
      vertex -81.296 -38.4446 29.6938
      vertex -81.4918 -38.46 29.7
    endloop
  endfacet
  facet normal 0.0605963 -0.406255 0.911748
    outer loop
      vertex -81.296 -38.4446 29.6938
      vertex -82.9938 -47.477 25.782
      vertex -80.9877 -38.3847 29.7
    endloop
  endfacet
  facet normal 0.0607312 -0.406273 0.911731
    outer loop
      vertex -82.9938 -47.477 25.782
      vertex -81.296 -38.4446 29.6938
      vertex -81.6861 -38.489 29.7
    endloop
  endfacet
  facet normal 0.151269 -0.374476 0.914814
    outer loop
      vertex -74.9355 -45.5709 25.782
      vertex -80.3143 -38.1723 29.7
      vertex -75.1989 -45.6773 25.782
    endloop
  endfacet
  facet normal 0.178586 -0.358445 0.91631
    outer loop
      vertex -79.957 -38.0095 29.694
      vertex -79.6823 -37.8573 29.7
      vertex -79.823 -37.9274 29.7
    endloop
  endfacet
  facet normal 0.177556 -0.356623 0.917221
    outer loop
      vertex -79.6823 -37.8573 29.7
      vertex -79.957 -38.0095 29.694
      vertex -74.9355 -45.5709 25.782
    endloop
  endfacet
  facet normal 0.179571 -0.360372 0.915361
    outer loop
      vertex -80.3143 -38.1723 29.7
      vertex -79.957 -38.0095 29.694
      vertex -80.1385 -38.0847 29.7
    endloop
  endfacet
  facet normal 0.177818 -0.356456 0.917235
    outer loop
      vertex -79.957 -38.0095 29.694
      vertex -80.3143 -38.1723 29.7
      vertex -74.9355 -45.5709 25.782
    endloop
  endfacet
  facet normal -0.430618 -0.688989 -0.582977
    outer loop
      vertex -84.1259 -47.6596 12.5858
      vertex -83.8944 -48.2326 13.092
      vertex -84.3672 -47.9371 13.092
    endloop
  endfacet
  facet normal -0.430341 -0.689023 -0.583141
    outer loop
      vertex -83.8944 -48.2326 13.092
      vertex -84.1259 -47.6596 12.5858
      vertex -83.7506 -47.894 12.5858
    endloop
  endfacet
  facet normal -0.430618 -0.688989 0.582977
    outer loop
      vertex -83.8944 -48.2326 24.908
      vertex -84.1259 -47.6596 25.4142
      vertex -84.3672 -47.9371 24.908
    endloop
  endfacet
  facet normal -0.430341 -0.689023 0.583141
    outer loop
      vertex -84.1259 -47.6596 25.4142
      vertex -83.8944 -48.2326 24.908
      vertex -83.7506 -47.894 25.4142
    endloop
  endfacet
  facet normal -0.504653 -0.807445 0.305545
    outer loop
      vertex -84.3672 -47.9371 24.908
      vertex -83.96 -48.3872 24.3911
      vertex -83.8944 -48.2326 24.908
    endloop
  endfacet
  facet normal -0.504585 -0.807462 0.305614
    outer loop
      vertex -84.494 -48.0831 24.3129
      vertex -83.96 -48.3872 24.3911
      vertex -84.3672 -47.9371 24.908
    endloop
  endfacet
  facet normal -0.504573 -0.807385 0.305834
    outer loop
      vertex -83.96 -48.3872 24.3911
      vertex -84.494 -48.0831 24.3129
      vertex -84.0202 -48.3792 24.3129
    endloop
  endfacet
  facet normal -0.313851 -0.502579 0.805551
    outer loop
      vertex -83.7938 -47.2775 25.782
      vertex -83.7506 -47.894 25.4142
      vertex -83.5528 -47.428 25.782
    endloop
  endfacet
  facet normal -0.313891 -0.502574 0.805538
    outer loop
      vertex -83.7506 -47.894 25.4142
      vertex -83.7938 -47.2775 25.782
      vertex -84.1259 -47.6596 25.4142
    endloop
  endfacet
  facet normal -0.196645 -0.788231 0.583115
    outer loop
      vertex -83.7506 -47.894 25.4142
      vertex -83.8944 -48.2326 24.908
      vertex -83.3213 -48.0011 25.4142
    endloop
  endfacet
  facet normal -0.230332 -0.923911 0.305508
    outer loop
      vertex -83.8944 -48.2326 24.908
      vertex -83.6494 -48.32 24.8284
      vertex -83.5366 -48.3218 24.908
    endloop
  endfacet
  facet normal -0.230312 -0.9239 0.305559
    outer loop
      vertex -83.6494 -48.32 24.8284
      vertex -83.8944 -48.2326 24.908
      vertex -83.96 -48.3872 24.3911
    endloop
  endfacet
  facet normal 0.0566772 -0.810503 0.582986
    outer loop
      vertex -82.9023 -47.9718 25.4142
      vertex -83.3213 -48.0011 25.4142
      vertex -83.1295 -48.1209 25.229
    endloop
  endfacet
  facet normal 0.0413996 -0.591149 0.805499
    outer loop
      vertex -83.3213 -48.0011 25.4142
      vertex -82.8849 -47.9486 25.4303
      vertex -82.9938 -47.477 25.782
    endloop
  endfacet
  facet normal 0.0412828 -0.590358 0.806085
    outer loop
      vertex -82.8849 -47.9486 25.4303
      vertex -83.3213 -48.0011 25.4142
      vertex -82.9023 -47.9718 25.4142
    endloop
  endfacet
  facet normal 0 0 1
    outer loop
      vertex -66.1694 -90.8972 25.9508
      vertex -66.2032 -91.2824 25.9508
      vertex -66.1558 -91.0925 25.9508
    endloop
  endfacet
  facet normal 0 0 1
    outer loop
      vertex -66.1694 -90.8972 25.9508
      vertex -66.3069 -91.4485 25.9508
      vertex -66.2032 -91.2824 25.9508
    endloop
  endfacet
  facet normal 0 0 1
    outer loop
      vertex -66.1694 -90.8972 25.9508
      vertex -66.4569 -91.5743 25.9508
      vertex -66.3069 -91.4485 25.9508
    endloop
  endfacet
  facet normal 0 0 1
    outer loop
      vertex -66.1694 -90.8972 25.9508
      vertex -66.6384 -91.6476 25.9508
      vertex -66.4569 -91.5743 25.9508
    endloop
  endfacet
  facet normal 0 0 1
    outer loop
      vertex -66.1694 -90.8972 25.9508
      vertex -70.5359 -92.5474 25.9508
      vertex -66.6384 -91.6476 25.9508
    endloop
  endfacet
  facet normal -0 0 1
    outer loop
      vertex -71.2863 -92.0785 25.9508
      vertex -70.5359 -92.5474 25.9508
      vertex -66.1694 -90.8972 25.9508
    endloop
  endfacet
  facet normal 0 0 1
    outer loop
      vertex -70.5359 -92.5474 25.9508
      vertex -71.2863 -92.0785 25.9508
      vertex -70.7312 -92.5611 25.9508
    endloop
  endfacet
  facet normal 0 0 1
    outer loop
      vertex -70.7312 -92.5611 25.9508
      vertex -71.2863 -92.0785 25.9508
      vertex -70.9211 -92.5137 25.9508
    endloop
  endfacet
  facet normal 0 0 1
    outer loop
      vertex -70.9211 -92.5137 25.9508
      vertex -71.2863 -92.0785 25.9508
      vertex -71.0872 -92.41 25.9508
    endloop
  endfacet
  facet normal 0 0 1
    outer loop
      vertex -71.0872 -92.41 25.9508
      vertex -71.2863 -92.0785 25.9508
      vertex -71.213 -92.26 25.9508
    endloop
  endfacet
  facet normal 0 0 1
    outer loop
      vertex -76.6194 -45.6337 25.9508
      vertex -71.2863 -92.0785 25.9508
      vertex -66.1694 -90.8972 25.9508
    endloop
  endfacet
  facet normal 0 0 1
    outer loop
      vertex -71.2863 -92.0785 25.9508
      vertex -76.6194 -45.6337 25.9508
      vertex -81.7362 -46.815 25.9508
    endloop
  endfacet
  facet normal -0.753295 -0.304348 0.583026
    outer loop
      vertex -73.4326 -92.574 24.8284
      vertex -74.1493 -92.7395 23.816
      vertex -73.1011 -93.3945 24.8284
    endloop
  endfacet
  facet normal -0.882833 -0.356703 -0.305565
    outer loop
      vertex -74.0631 -93.9725 15.3743
      vertex -74.1493 -92.7395 14.184
      vertex -73.7316 -93.7733 14.184
    endloop
  endfacet
  facet normal 0.30321 -0.0756826 -0.949914
    outer loop
      vertex -65.1075 -91.7475 12.436
      vertex -66.2032 -91.2824 12.0492
      vertex -66.1558 -91.0925 12.0492
    endloop
  endfacet
  facet normal -0.927188 -0.374597 0
    outer loop
      vertex -74.0631 -93.9725 15.3743
      vertex -74.5261 -92.8265 22.6257
      vertex -74.5261 -92.8265 15.3743
    endloop
  endfacet
  facet normal -0.927188 -0.374597 0
    outer loop
      vertex -74.5261 -92.8265 22.6257
      vertex -74.0631 -93.9725 15.3743
      vertex -74.0631 -93.9725 22.6257
    endloop
  endfacet
  facet normal 0.788262 0.181984 0.587814
    outer loop
      vertex -73.8809 -46.0383 24.3129
      vertex -63.3065 -90.2362 23.816
      vertex -73.6103 -45.6054 23.816
    endloop
  endfacet
  facet normal 0.788064 0.181934 0.588095
    outer loop
      vertex -73.9315 -46.0719 24.3911
      vertex -63.3065 -90.2362 23.816
      vertex -73.8809 -46.0383 24.3129
    endloop
  endfacet
  facet normal 0.788261 0.181984 0.587815
    outer loop
      vertex -74.2401 -46.1477 24.8284
      vertex -63.3065 -90.2362 23.816
      vertex -73.9315 -46.0719 24.3911
    endloop
  endfacet
  facet normal 0.788278 0.181989 0.58779
    outer loop
      vertex -63.3065 -90.2362 23.816
      vertex -74.2401 -46.1477 24.8284
      vertex -64.0232 -90.4017 24.8284
    endloop
  endfacet
  facet normal 0.788262 0.181984 -0.587814
    outer loop
      vertex -63.3065 -90.2362 14.184
      vertex -73.8809 -46.0383 13.6871
      vertex -73.6103 -45.6054 14.184
    endloop
  endfacet
  facet normal 0.788064 0.181934 -0.588095
    outer loop
      vertex -63.3065 -90.2362 14.184
      vertex -73.9315 -46.0719 13.6089
      vertex -73.8809 -46.0383 13.6871
    endloop
  endfacet
  facet normal 0.788261 0.181984 -0.587815
    outer loop
      vertex -63.3065 -90.2362 14.184
      vertex -74.2401 -46.1477 13.1716
      vertex -73.9315 -46.0719 13.6089
    endloop
  endfacet
  facet normal 0.788278 0.181989 -0.58779
    outer loop
      vertex -74.2401 -46.1477 13.1716
      vertex -63.3065 -90.2362 14.184
      vertex -64.0232 -90.4017 13.1716
    endloop
  endfacet
  facet normal 0.99756 0.0698154 0
    outer loop
      vertex -62.8434 -91.3823 22.6257
      vertex -62.9297 -90.1492 15.3743
      vertex -62.9297 -90.1492 22.6257
    endloop
  endfacet
  facet normal 0.99756 0.0698154 0
    outer loop
      vertex -62.9297 -90.1492 15.3743
      vertex -62.8434 -91.3823 22.6257
      vertex -62.8434 -91.3823 15.3743
    endloop
  endfacet
  facet normal 0.788282 -0.196543 0.583081
    outer loop
      vertex -63.9615 -91.2844 24.8284
      vertex -64.1756 -92.1431 24.8284
      vertex -63.4984 -92.4305 23.816
    endloop
  endfacet
  facet normal -0.0756368 -0.303262 -0.949901
    outer loop
      vertex -70.8349 -93.7468 12.436
      vertex -71.3862 -93.6093 12.436
      vertex -70.7312 -92.5611 12.0492
    endloop
  endfacet
  facet normal 0.0413186 -0.591117 0.805527
    outer loop
      vertex -70.2681 -93.7072 25.564
      vertex -70.9231 -94.7554 24.8284
      vertex -70.0404 -94.6937 24.8284
    endloop
  endfacet
  facet normal -0.753296 -0.304364 0.583017
    outer loop
      vertex -73.1011 -93.3945 24.8284
      vertex -74.1493 -92.7395 23.816
      vertex -73.7316 -93.7733 23.816
    endloop
  endfacet
  facet normal 0.0410436 -0.591145 -0.80552
    outer loop
      vertex -70.1837 -94.7037 13.1716
      vertex -70.2681 -93.7072 12.436
      vertex -70.0606 -94.6059 13.1061
    endloop
  endfacet
  facet normal 0.0413322 -0.591123 -0.805522
    outer loop
      vertex -70.2681 -93.7072 12.436
      vertex -70.1837 -94.7037 13.1716
      vertex -70.9231 -94.7554 13.1716
    endloop
  endfacet
  facet normal -0.196587 -0.788349 -0.582975
    outer loop
      vertex -72.0692 -95.2184 14.184
      vertex -71.0447 -95.1837 13.7916
      vertex -71.3205 -95.4051 14.184
    endloop
  endfacet
  facet normal -0.196636 -0.788249 -0.583093
    outer loop
      vertex -70.9231 -94.7554 13.1716
      vertex -71.0447 -95.1837 13.7916
      vertex -72.0692 -95.2184 14.184
    endloop
  endfacet
  facet normal -0.195096 -0.78865 -0.583068
    outer loop
      vertex -71.0447 -95.1837 13.7916
      vertex -70.9231 -94.7554 13.1716
      vertex -71.0128 -95.1581 13.7463
    endloop
  endfacet
  facet normal -0.197544 -0.788062 -0.583039
    outer loop
      vertex -71.0128 -95.1581 13.7463
      vertex -70.9231 -94.7554 13.1716
      vertex -70.9567 -95.1385 13.7008
    endloop
  endfacet
  facet normal -0.54937 -0.221957 0.80556
    outer loop
      vertex -72.446 -92.3462 25.564
      vertex -73.4326 -92.574 24.8284
      vertex -73.1011 -93.3945 24.8284
    endloop
  endfacet
  facet normal 0.810464 0.0566829 0.583039
    outer loop
      vertex -63.3065 -90.2362 23.816
      vertex -63.9615 -91.2844 24.8284
      vertex -63.2287 -91.3486 23.816
    endloop
  endfacet
  facet normal 0.0664311 -0.949845 0.305584
    outer loop
      vertex -70.9873 -95.4882 23.816
      vertex -71.021 -95.8735 22.6257
      vertex -69.8749 -95.4104 23.816
    endloop
  endfacet
  facet normal -0.788082 -0.181939 0.588069
    outer loop
      vertex -84.0202 -48.3792 24.3129
      vertex -73.4326 -92.574 24.8284
      vertex -83.96 -48.3872 24.3911
    endloop
  endfacet
  facet normal -0.788347 -0.182003 0.587694
    outer loop
      vertex -74.1493 -92.7395 23.816
      vertex -84.0202 -48.3792 24.3129
      vertex -84.4531 -48.1086 23.816
    endloop
  endfacet
  facet normal -0.788279 -0.181989 0.58779
    outer loop
      vertex -84.0202 -48.3792 24.3129
      vertex -74.1493 -92.7395 23.816
      vertex -73.4326 -92.574 24.8284
    endloop
  endfacet
  facet normal -0.788249 -0.181981 0.587832
    outer loop
      vertex -83.6494 -48.32 24.8284
      vertex -83.96 -48.3872 24.3911
      vertex -73.4326 -92.574 24.8284
    endloop
  endfacet
  facet normal 0.311783 0.021783 0.949903
    outer loop
      vertex -65.0097 -90.6294 25.564
      vertex -66.1558 -91.0925 25.9508
      vertex -64.9701 -91.1962 25.564
    endloop
  endfacet
  facet normal 0.304235 -0.7533 -0.583078
    outer loop
      vertex -65.6521 -93.754 13.3763
      vertex -65.3224 -93.4624 13.1716
      vertex -65.511 -93.7642 13.4631
    endloop
  endfacet
  facet normal 0.304193 -0.753283 -0.583121
    outer loop
      vertex -65.7219 -93.7513 13.3364
      vertex -65.3224 -93.4624 13.1716
      vertex -65.6521 -93.754 13.3763
    endloop
  endfacet
  facet normal 0.30427 -0.753331 -0.583019
    outer loop
      vertex -65.3224 -93.4624 13.1716
      vertex -65.7219 -93.7513 13.3364
      vertex -66.0097 -93.74 13.1716
    endloop
  endfacet
  facet normal -0.23949 -0.200853 -0.949896
    outer loop
      vertex -71.0872 -92.41 12.0492
      vertex -71.868 -93.3083 12.436
      vertex -71.213 -92.26 12.0492
    endloop
  endfacet
  facet normal -0.882833 -0.356703 0.305565
    outer loop
      vertex -73.7316 -93.7733 23.816
      vertex -74.1493 -92.7395 23.816
      vertex -74.0631 -93.9725 22.6257
    endloop
  endfacet
  facet normal 0.0566829 -0.810464 0.583039
    outer loop
      vertex -70.9231 -94.7554 24.8284
      vertex -70.9873 -95.4882 23.816
      vertex -69.8749 -95.4104 23.816
    endloop
  endfacet
  facet normal 0.574977 -0.143359 0.805512
    outer loop
      vertex -63.9615 -91.2844 24.8284
      vertex -65.1075 -91.7475 25.564
      vertex -64.1756 -92.1431 24.8284
    endloop
  endfacet
  facet normal 0.788307 -0.196512 0.583057
    outer loop
      vertex -63.2287 -91.3486 23.816
      vertex -63.9615 -91.2844 24.8284
      vertex -63.4984 -92.4305 23.816
    endloop
  endfacet
  facet normal 0.0664767 -0.949855 0.305544
    outer loop
      vertex -69.8749 -95.4104 23.816
      vertex -71.021 -95.8735 22.6257
      vertex -69.7879 -95.7872 22.6257
    endloop
  endfacet
  facet normal 0.132224 -0.572731 0.809009
    outer loop
      vertex -66.3706 -92.8074 25.564
      vertex -70.0404 -94.6937 24.8284
      vertex -66.1429 -93.7939 24.8284
    endloop
  endfacet
  facet normal 0.132224 -0.572731 0.809009
    outer loop
      vertex -70.0404 -94.6937 24.8284
      vertex -66.3706 -92.8074 25.564
      vertex -70.2681 -93.7072 25.564
    endloop
  endfacet
  facet normal -0.97437 -0.224952 0
    outer loop
      vertex -74.5261 -92.8265 15.3743
      vertex -85.0639 -47.1825 22.6257
      vertex -85.0639 -47.1825 15.3743
    endloop
  endfacet
  facet normal -0.97437 -0.224952 0
    outer loop
      vertex -85.0639 -47.1825 22.6257
      vertex -74.5261 -92.8265 15.3743
      vertex -74.5261 -92.8265 22.6257
    endloop
  endfacet
  facet normal -0.52989 -0.848066 0
    outer loop
      vertex -73.2686 -94.9194 22.6257
      vertex -72.2203 -95.5744 18.7284
      vertex -72.2203 -95.5744 22.6257
    endloop
  endfacet
  facet normal -0.529858 -0.848086 1.19345e-05
    outer loop
      vertex -73.2686 -94.9194 22.6257
      vertex -72.3498 -95.4935 18.191
      vertex -72.2203 -95.5744 18.7284
    endloop
  endfacet
  facet normal -0.529899 -0.848061 0
    outer loop
      vertex -73.2686 -94.9194 15.3743
      vertex -72.3498 -95.4935 18.191
      vertex -73.2686 -94.9194 22.6257
    endloop
  endfacet
  facet normal -0.529899 -0.848061 -0
    outer loop
      vertex -72.3498 -95.4935 18.191
      vertex -73.2686 -94.9194 15.3743
      vertex -72.3498 -95.4935 17.0246
    endloop
  endfacet
  facet normal -0.529877 -0.848075 -1.76457e-05
    outer loop
      vertex -73.2686 -94.9194 15.3743
      vertex -72.2203 -95.5744 16.471
      vertex -72.3498 -95.4935 17.0246
    endloop
  endfacet
  facet normal -0.52989 -0.848066 -0
    outer loop
      vertex -72.2203 -95.5744 16.471
      vertex -73.2686 -94.9194 15.3743
      vertex -72.2203 -95.5744 15.3743
    endloop
  endfacet
  facet normal -0.882848 -0.356683 -0.305544
    outer loop
      vertex -74.0631 -93.9725 15.3743
      vertex -74.5261 -92.8265 15.3743
      vertex -74.1493 -92.7395 14.184
    endloop
  endfacet
  facet normal 0.0698154 -0.99756 3.32038e-05
    outer loop
      vertex -70.3089 -95.8237 21.5086
      vertex -69.7879 -95.7872 22.6257
      vertex -71.021 -95.8735 22.6257
    endloop
  endfacet
  facet normal 0.0698863 -0.997555 0
    outer loop
      vertex -69.7879 -95.7872 22.6257
      vertex -70.3089 -95.8237 21.5086
      vertex -69.7879 -95.7872 21.8271
    endloop
  endfacet
  facet normal 0.0699359 -0.997551 0.000110341
    outer loop
      vertex -71.021 -95.8735 22.6257
      vertex -70.3146 -95.8241 21.5051
      vertex -70.3089 -95.8237 21.5086
    endloop
  endfacet
  facet normal 0.0697646 -0.997563 1.84176e-06
    outer loop
      vertex -71.021 -95.8735 22.6257
      vertex -70.8651 -95.8626 21.0749
      vertex -70.3146 -95.8241 21.5051
    endloop
  endfacet
  facet normal 0.0667537 -0.997769 -0.000302282
    outer loop
      vertex -71.021 -95.8735 22.6257
      vertex -70.8801 -95.8636 21.0632
      vertex -70.8651 -95.8626 21.0749
    endloop
  endfacet
  facet normal 0.0700898 -0.997541 0
    outer loop
      vertex -70.8801 -95.8636 21.0632
      vertex -71.021 -95.8735 22.6257
      vertex -71.021 -95.8735 20.8558
    endloop
  endfacet
  facet normal 0.926776 0.213963 0.308718
    outer loop
      vertex -73.4352 -44.9648 22.8475
      vertex -62.9297 -90.1492 22.6257
      vertex -73.4674 -44.5053 22.6257
    endloop
  endfacet
  facet normal 0.92666 0.213934 0.309084
    outer loop
      vertex -73.5848 -45.5645 23.7111
      vertex -62.9297 -90.1492 22.6257
      vertex -73.4352 -44.9648 22.8475
    endloop
  endfacet
  facet normal 0.926775 0.21397 0.308714
    outer loop
      vertex -73.6103 -45.6054 23.816
      vertex -62.9297 -90.1492 22.6257
      vertex -73.5848 -45.5645 23.7111
    endloop
  endfacet
  facet normal 0.92669 0.213943 0.308989
    outer loop
      vertex -62.9297 -90.1492 22.6257
      vertex -73.6103 -45.6054 23.816
      vertex -63.3065 -90.2362 23.816
    endloop
  endfacet
  facet normal 0.949855 0.0664767 0.305544
    outer loop
      vertex -62.9297 -90.1492 22.6257
      vertex -63.3065 -90.2362 23.816
      vertex -62.8434 -91.3823 22.6257
    endloop
  endfacet
  facet normal 0.923869 -0.230409 -0.30558
    outer loop
      vertex -63.1425 -92.5816 15.3743
      vertex -63.2287 -91.3486 14.184
      vertex -62.8434 -91.3823 15.3743
    endloop
  endfacet
  facet normal 0.97437 0.224951 0
    outer loop
      vertex -62.9297 -90.1492 22.6257
      vertex -73.4674 -44.5053 15.3743
      vertex -73.4674 -44.5053 22.6257
    endloop
  endfacet
  facet normal 0.97437 0.224951 0
    outer loop
      vertex -73.4674 -44.5053 15.3743
      vertex -62.9297 -90.1492 22.6257
      vertex -62.9297 -90.1492 15.3743
    endloop
  endfacet
  facet normal -0.766062 -0.642767 0
    outer loop
      vertex -73.2686 -94.9194 15.3743
      vertex -74.0631 -93.9725 22.6257
      vertex -74.0631 -93.9725 15.3743
    endloop
  endfacet
  facet normal -0.766062 -0.642767 0
    outer loop
      vertex -74.0631 -93.9725 22.6257
      vertex -73.2686 -94.9194 15.3743
      vertex -73.2686 -94.9194 22.6257
    endloop
  endfacet
  facet normal -0.430551 -0.688998 -0.583017
    outer loop
      vertex -72.5322 -94.0724 13.1716
      vertex -72.0692 -95.2184 14.184
      vertex -73.0148 -94.6275 14.184
    endloop
  endfacet
  facet normal -0.430533 -0.689 -0.583027
    outer loop
      vertex -72.0692 -95.2184 14.184
      vertex -72.5322 -94.0724 13.1716
      vertex -71.7818 -94.5413 13.1716
    endloop
  endfacet
  facet normal -0.239443 -0.200884 -0.949901
    outer loop
      vertex -71.868 -93.3083 12.436
      vertex -72.2332 -92.873 12.436
      vertex -71.213 -92.26 12.0492
    endloop
  endfacet
  facet normal 0.06952 -0.301127 -0.951046
    outer loop
      vertex -70.2681 -93.7072 12.436
      vertex -66.6384 -91.6476 12.0492
      vertex -66.3706 -92.8074 12.436
    endloop
  endfacet
  facet normal 0.06952 -0.301127 -0.951046
    outer loop
      vertex -66.6384 -91.6476 12.0492
      vertex -70.2681 -93.7072 12.436
      vertex -70.5359 -92.5474 12.0492
    endloop
  endfacet
  facet normal 0.311809 0.0217133 -0.949897
    outer loop
      vertex -66.1558 -91.0925 12.0492
      vertex -66.1694 -90.8972 12.0492
      vertex -65.0097 -90.6294 12.436
    endloop
  endfacet
  facet normal 0.949845 0.0664311 0.305584
    outer loop
      vertex -62.8434 -91.3823 22.6257
      vertex -63.3065 -90.2362 23.816
      vertex -63.2287 -91.3486 23.816
    endloop
  endfacet
  facet normal 0.810481 0.056652 0.583018
    outer loop
      vertex -63.3065 -90.2362 23.816
      vertex -64.0232 -90.4017 24.8284
      vertex -63.9615 -91.2844 24.8284
    endloop
  endfacet
  facet normal 0.591117 0.0413186 0.805527
    outer loop
      vertex -64.0232 -90.4017 24.8284
      vertex -65.0097 -90.6294 25.564
      vertex -63.9615 -91.2844 24.8284
    endloop
  endfacet
  facet normal 0.591109 0.0412984 0.805533
    outer loop
      vertex -63.9615 -91.2844 24.8284
      vertex -65.0097 -90.6294 25.564
      vertex -64.9701 -91.1962 25.564
    endloop
  endfacet
  facet normal 0.642767 -0.766062 0
    outer loop
      vertex -64.7444 -94.4244 20.8558
      vertex -63.7975 -93.6299 22.6257
      vertex -64.7444 -94.4244 22.6257
    endloop
  endfacet
  facet normal 0.642804 -0.76603 -3.39728e-05
    outer loop
      vertex -64.4291 -94.1598 20.4
      vertex -63.7975 -93.6299 22.6257
      vertex -64.7444 -94.4244 20.8558
    endloop
  endfacet
  facet normal 0.640924 -0.767604 0.000874415
    outer loop
      vertex -64.4231 -94.1548 20.3914
      vertex -63.7975 -93.6299 22.6257
      vertex -64.4291 -94.1598 20.4
    endloop
  endfacet
  facet normal 0.639847 -0.768501 0.00138674
    outer loop
      vertex -64.4184 -94.1509 20.3841
      vertex -63.7975 -93.6299 22.6257
      vertex -64.4231 -94.1548 20.3914
    endloop
  endfacet
  facet normal 0.642796 -0.766037 -2.90639e-06
    outer loop
      vertex -64.0759 -93.8635 19.8547
      vertex -63.7975 -93.6299 22.6257
      vertex -64.4184 -94.1509 20.3841
    endloop
  endfacet
  facet normal 0.64282 -0.766017 -6.98102e-06
    outer loop
      vertex -63.829 -93.6563 18.9068
      vertex -63.7975 -93.6299 22.6257
      vertex -64.0759 -93.8635 19.8547
    endloop
  endfacet
  facet normal 0.642223 -0.766517 1.61894e-06
    outer loop
      vertex -63.8216 -93.6501 18.8786
      vertex -63.7975 -93.6299 22.6257
      vertex -63.829 -93.6563 18.9068
    endloop
  endfacet
  facet normal 0.648693 -0.76105 -6.94688e-05
    outer loop
      vertex -63.8182 -93.6472 18.8572
      vertex -63.7975 -93.6299 22.6257
      vertex -63.8216 -93.6501 18.8786
    endloop
  endfacet
  facet normal 0.641278 -0.767309 0
    outer loop
      vertex -63.7975 -93.6299 22.6257
      vertex -63.8182 -93.6472 18.8572
      vertex -63.7975 -93.6299 18.7284
    endloop
  endfacet
  facet normal 0.644333 -0.764745 0.00016336
    outer loop
      vertex -63.7975 -93.6299 15.3743
      vertex -63.8376 -93.6635 16.2453
      vertex -63.8504 -93.6743 16.1731
    endloop
  endfacet
  facet normal 0.642735 -0.766088 6.94863e-05
    outer loop
      vertex -63.7975 -93.6299 15.3743
      vertex -63.8735 -93.6936 16.0657
      vertex -64.0217 -93.818 15.3743
    endloop
  endfacet
  facet normal 0.64225 -0.766495 0
    outer loop
      vertex -63.8376 -93.6635 16.2453
      vertex -63.7975 -93.6299 15.3743
      vertex -63.7975 -93.6299 16.471
    endloop
  endfacet
  facet normal 0.64157 -0.767064 -0.000148431
    outer loop
      vertex -63.8735 -93.6936 16.0657
      vertex -63.7975 -93.6299 15.3743
      vertex -63.8504 -93.6743 16.1731
    endloop
  endfacet
  facet normal 0.303268 -0.0755831 0.949903
    outer loop
      vertex -64.9701 -91.1962 25.564
      vertex -66.1558 -91.0925 25.9508
      vertex -65.1075 -91.7475 25.564
    endloop
  endfacet
  facet normal 0.38092 -0.453904 0.805525
    outer loop
      vertex -64.6445 -92.8935 24.8284
      vertex -65.4086 -92.2293 25.564
      vertex -65.3224 -93.4624 24.8284
    endloop
  endfacet
  facet normal -0.753296 -0.304364 -0.583017
    outer loop
      vertex -73.7316 -93.7733 14.184
      vertex -74.1493 -92.7395 14.184
      vertex -73.1011 -93.3945 13.1716
    endloop
  endfacet
  facet normal -0.572687 -0.132215 -0.809042
    outer loop
      vertex -83.5366 -48.3218 13.092
      vertex -72.446 -92.3462 12.436
      vertex -73.4326 -92.574 13.1716
    endloop
  endfacet
  facet normal -0.572709 -0.132221 -0.809025
    outer loop
      vertex -72.446 -92.3462 12.436
      vertex -82.8743 -47.9415 12.561
      vertex -82.7369 -47.7718 12.436
    endloop
  endfacet
  facet normal -0.562782 -0.12987 -0.816339
    outer loop
      vertex -72.446 -92.3462 12.436
      vertex -82.8767 -47.9443 12.5631
      vertex -82.8743 -47.9415 12.561
    endloop
  endfacet
  facet normal -0.574082 -0.132548 -0.807998
    outer loop
      vertex -72.446 -92.3462 12.436
      vertex -82.9023 -47.9718 12.5858
      vertex -82.8767 -47.9443 12.5631
    endloop
  endfacet
  facet normal -0.572704 -0.13222 -0.809029
    outer loop
      vertex -72.446 -92.3462 12.436
      vertex -83.1295 -48.1209 12.771
      vertex -82.9023 -47.9718 12.5858
    endloop
  endfacet
  facet normal -0.572618 -0.132198 -0.809094
    outer loop
      vertex -72.446 -92.3462 12.436
      vertex -83.3441 -48.2618 12.9459
      vertex -83.1295 -48.1209 12.771
    endloop
  endfacet
  facet normal -0.572768 -0.132237 -0.808981
    outer loop
      vertex -72.446 -92.3462 12.436
      vertex -83.5366 -48.3218 13.092
      vertex -83.3441 -48.2618 12.9459
    endloop
  endfacet
  facet normal -0.572912 -0.132267 -0.808874
    outer loop
      vertex -83.5366 -48.3218 13.092
      vertex -73.4326 -92.574 13.1716
      vertex -83.6494 -48.32 13.1716
    endloop
  endfacet
  facet normal -0.430551 -0.688998 0.583017
    outer loop
      vertex -72.0692 -95.2184 23.816
      vertex -72.5322 -94.0724 24.8284
      vertex -73.0148 -94.6275 23.816
    endloop
  endfacet
  facet normal -0.430533 -0.689 0.583027
    outer loop
      vertex -72.5322 -94.0724 24.8284
      vertex -72.0692 -95.2184 23.816
      vertex -71.7818 -94.5413 24.8284
    endloop
  endfacet
  facet normal -0.882848 -0.356683 0.305544
    outer loop
      vertex -74.1493 -92.7395 23.816
      vertex -74.5261 -92.8265 22.6257
      vertex -74.0631 -93.9725 22.6257
    endloop
  endfacet
  facet normal 0.612064 -0.729387 0.305569
    outer loop
      vertex -64.0893 -93.3761 23.816
      vertex -64.9435 -94.0929 23.816
      vertex -63.7975 -93.6299 22.6257
    endloop
  endfacet
  facet normal -0.230409 -0.923869 0.30558
    outer loop
      vertex -70.9873 -95.4882 23.816
      vertex -72.2203 -95.5744 22.6257
      vertex -71.021 -95.8735 22.6257
    endloop
  endfacet
  facet normal -0.241984 -0.97028 0
    outer loop
      vertex -72.2203 -95.5744 22.6257
      vertex -71.021 -95.8735 20.8558
      vertex -71.021 -95.8735 22.6257
    endloop
  endfacet
  facet normal -0.242005 -0.970275 -1.52118e-05
    outer loop
      vertex -72.2203 -95.5744 22.6257
      vertex -71.4203 -95.7739 20.4
      vertex -71.021 -95.8735 20.8558
    endloop
  endfacet
  facet normal -0.242371 -0.970184 -0.000154934
    outer loop
      vertex -72.2203 -95.5744 22.6257
      vertex -71.4279 -95.772 20.3914
      vertex -71.4203 -95.7739 20.4
    endloop
  endfacet
  facet normal -0.245046 -0.969511 -0.0011634
    outer loop
      vertex -72.2203 -95.5744 22.6257
      vertex -71.4338 -95.7705 20.3841
      vertex -71.4279 -95.772 20.3914
    endloop
  endfacet
  facet normal -0.2418 -0.970326 4.69025e-05
    outer loop
      vertex -72.2203 -95.5744 22.6257
      vertex -71.8677 -95.6624 19.8547
      vertex -71.4338 -95.7705 20.3841
    endloop
  endfacet
  facet normal -0.242059 -0.970262 1.19594e-05
    outer loop
      vertex -72.2203 -95.5744 22.6257
      vertex -72.1804 -95.5844 18.9068
      vertex -71.8677 -95.6624 19.8547
    endloop
  endfacet
  facet normal -0.240174 -0.97073 3.34351e-05
    outer loop
      vertex -72.2203 -95.5744 22.6257
      vertex -72.1897 -95.5821 18.8786
      vertex -72.1804 -95.5844 18.9068
    endloop
  endfacet
  facet normal -0.242593 -0.970128 1.24505e-05
    outer loop
      vertex -72.2203 -95.5744 22.6257
      vertex -72.1941 -95.581 18.8572
      vertex -72.1897 -95.5821 18.8786
    endloop
  endfacet
  facet normal -0.244277 -0.969706 0
    outer loop
      vertex -72.1941 -95.581 18.8572
      vertex -72.2203 -95.5744 22.6257
      vertex -72.2203 -95.5744 18.7284
    endloop
  endfacet
  facet normal -0.242536 -0.970143 0
    outer loop
      vertex -72.2203 -95.5744 15.3743
      vertex -72.1695 -95.5871 16.2453
      vertex -72.2203 -95.5744 16.471
    endloop
  endfacet
  facet normal -0.239193 -0.970972 -0.000207075
    outer loop
      vertex -72.1695 -95.5871 16.2453
      vertex -72.2203 -95.5744 15.3743
      vertex -72.1532 -95.5911 16.1731
    endloop
  endfacet
  facet normal -0.242295 -0.970203 6.95919e-05
    outer loop
      vertex -72.2203 -95.5744 15.3743
      vertex -72.124 -95.5984 16.0657
      vertex -72.1532 -95.5911 16.1731
    endloop
  endfacet
  facet normal -0.241892 -0.970303 1.00807e-05
    outer loop
      vertex -72.124 -95.5984 16.0657
      vertex -72.2203 -95.5744 15.3743
      vertex -71.9363 -95.6452 15.3743
    endloop
  endfacet
  facet normal -0.230393 -0.923878 0.305564
    outer loop
      vertex -72.0692 -95.2184 23.816
      vertex -72.2203 -95.5744 22.6257
      vertex -70.9873 -95.4882 23.816
    endloop
  endfacet
  facet normal -0.196581 -0.788293 0.583052
    outer loop
      vertex -70.9231 -94.7554 24.8284
      vertex -72.0692 -95.2184 23.816
      vertex -70.9873 -95.4882 23.816
    endloop
  endfacet
  facet normal 0.200884 -0.239443 0.949901
    outer loop
      vertex -65.4086 -92.2293 25.564
      vertex -66.4569 -91.5743 25.9508
      vertex -65.8439 -92.5945 25.564
    endloop
  endfacet
  facet normal 0.788307 -0.196512 -0.583057
    outer loop
      vertex -63.4984 -92.4305 14.184
      vertex -63.9615 -91.2844 13.1716
      vertex -63.2287 -91.3486 14.184
    endloop
  endfacet
  facet normal 0.574977 -0.143359 -0.805512
    outer loop
      vertex -64.1756 -92.1431 13.1716
      vertex -65.1075 -91.7475 12.436
      vertex -63.9615 -91.2844 13.1716
    endloop
  endfacet
  facet normal 0.926776 0.213963 -0.308718
    outer loop
      vertex -62.9297 -90.1492 15.3743
      vertex -73.4352 -44.9648 15.1525
      vertex -73.4674 -44.5053 15.3743
    endloop
  endfacet
  facet normal 0.92666 0.213934 -0.309084
    outer loop
      vertex -62.9297 -90.1492 15.3743
      vertex -73.5848 -45.5645 14.2889
      vertex -73.4352 -44.9648 15.1525
    endloop
  endfacet
  facet normal 0.926775 0.21397 -0.308714
    outer loop
      vertex -62.9297 -90.1492 15.3743
      vertex -73.6103 -45.6054 14.184
      vertex -73.5848 -45.5645 14.2889
    endloop
  endfacet
  facet normal 0.92669 0.213943 -0.308989
    outer loop
      vertex -73.6103 -45.6054 14.184
      vertex -62.9297 -90.1492 15.3743
      vertex -63.3065 -90.2362 14.184
    endloop
  endfacet
  facet normal 0.97028 -0.241984 0
    outer loop
      vertex -63.1425 -92.5816 22.6257
      vertex -62.8434 -91.3823 15.3743
      vertex -62.8434 -91.3823 22.6257
    endloop
  endfacet
  facet normal 0.97028 -0.241984 0
    outer loop
      vertex -62.8434 -91.3823 15.3743
      vertex -63.1425 -92.5816 22.6257
      vertex -63.1425 -92.5816 15.3743
    endloop
  endfacet
  facet normal 0.304334 -0.753294 0.583034
    outer loop
      vertex -65.3224 -93.4624 24.8284
      vertex -65.9774 -94.5106 23.816
      vertex -64.9435 -94.0929 23.816
    endloop
  endfacet
  facet normal -0.301154 -0.0695276 -0.951037
    outer loop
      vertex -82.7369 -47.7718 12.436
      vertex -71.2863 -92.0785 12.0492
      vertex -72.446 -92.3462 12.436
    endloop
  endfacet
  facet normal -0.301128 -0.0695208 -0.951046
    outer loop
      vertex -71.2863 -92.0785 12.0492
      vertex -82.7369 -47.7718 12.436
      vertex -81.6707 -47.0986 12.0492
    endloop
  endfacet
  facet normal 0.22205 -0.549337 -0.805558
    outer loop
      vertex -65.3224 -93.4624 13.1716
      vertex -66.3706 -92.8074 12.436
      vertex -65.8439 -92.5945 12.436
    endloop
  endfacet
  facet normal 0.0218689 -0.311752 -0.949912
    outer loop
      vertex -70.2681 -93.7072 12.436
      vertex -70.7312 -92.5611 12.0492
      vertex -70.5359 -92.5474 12.0492
    endloop
  endfacet
  facet normal -0.453928 -0.380828 -0.805555
    outer loop
      vertex -71.868 -93.3083 12.436
      vertex -73.1011 -93.3945 13.1716
      vertex -72.2332 -92.873 12.436
    endloop
  endfacet
  facet normal -0.453904 -0.38092 -0.805525
    outer loop
      vertex -72.5322 -94.0724 13.1716
      vertex -73.1011 -93.3945 13.1716
      vertex -71.868 -93.3083 12.436
    endloop
  endfacet
  facet normal 0.301149 0.0695264 -0.951039
    outer loop
      vertex -66.1694 -90.8972 12.0492
      vertex -75.3006 -46.055 12.436
      vertex -65.0097 -90.6294 12.436
    endloop
  endfacet
  facet normal 0.301153 0.0695272 -0.951038
    outer loop
      vertex -75.3006 -46.055 12.436
      vertex -66.1694 -90.8972 12.0492
      vertex -76.5539 -45.9173 12.0492
    endloop
  endfacet
  facet normal 0.923869 -0.230409 0.30558
    outer loop
      vertex -62.8434 -91.3823 22.6257
      vertex -63.2287 -91.3486 23.816
      vertex -63.1425 -92.5816 22.6257
    endloop
  endfacet
  facet normal 0.304348 -0.753295 0.583026
    outer loop
      vertex -65.3224 -93.4624 24.8284
      vertex -66.1429 -93.7939 24.8284
      vertex -65.9774 -94.5106 23.816
    endloop
  endfacet
  facet normal 0.502534 -0.314017 0.805514
    outer loop
      vertex -65.1075 -91.7475 25.564
      vertex -64.6445 -92.8935 24.8284
      vertex -64.1756 -92.1431 24.8284
    endloop
  endfacet
  facet normal 0.502502 -0.314037 0.805526
    outer loop
      vertex -64.6445 -92.8935 24.8284
      vertex -65.1075 -91.7475 25.564
      vertex -65.4086 -92.2293 25.564
    endloop
  endfacet
  facet normal 0.213941 -0.92669 0.308989
    outer loop
      vertex -69.7879 -95.7872 22.6257
      vertex -65.9774 -94.5106 23.816
      vertex -69.8749 -95.4104 23.816
    endloop
  endfacet
  facet normal 0.213941 -0.92669 0.308989
    outer loop
      vertex -65.9774 -94.5106 23.816
      vertex -69.7879 -95.7872 22.6257
      vertex -65.8904 -94.8874 22.6257
    endloop
  endfacet
  facet normal -0.453904 -0.38092 0.805525
    outer loop
      vertex -71.868 -93.3083 25.564
      vertex -73.1011 -93.3945 24.8284
      vertex -72.5322 -94.0724 24.8284
    endloop
  endfacet
  facet normal 0.573279 0.132353 0.8086
    outer loop
      vertex -74.3406 -46.1987 24.908
      vertex -64.0232 -90.4017 24.8284
      vertex -74.2401 -46.1477 24.8284
    endloop
  endfacet
  facet normal 0.572731 0.132224 0.809009
    outer loop
      vertex -64.0232 -90.4017 24.8284
      vertex -74.3406 -46.1987 24.908
      vertex -65.0097 -90.6294 25.564
    endloop
  endfacet
  facet normal 0.572648 0.132208 0.80907
    outer loop
      vertex -74.54 -46.2291 25.0541
      vertex -65.0097 -90.6294 25.564
      vertex -74.3406 -46.1987 24.908
    endloop
  endfacet
  facet normal 0.572667 0.132211 0.809057
    outer loop
      vertex -74.7946 -46.1966 25.229
      vertex -65.0097 -90.6294 25.564
      vertex -74.54 -46.2291 25.0541
    endloop
  endfacet
  facet normal 0.572653 0.132208 0.809067
    outer loop
      vertex -75.0642 -46.1622 25.4142
      vertex -65.0097 -90.6294 25.564
      vertex -74.7946 -46.1966 25.229
    endloop
  endfacet
  facet normal 0.572558 0.132187 0.809138
    outer loop
      vertex -75.09 -46.149 25.4303
      vertex -65.0097 -90.6294 25.564
      vertex -75.0642 -46.1622 25.4142
    endloop
  endfacet
  facet normal 0.57272 0.132223 0.809017
    outer loop
      vertex -65.0097 -90.6294 25.564
      vertex -75.09 -46.149 25.4303
      vertex -75.3107 -46.0111 25.564
    endloop
  endfacet
  facet normal 0.181987 -0.788279 0.58779
    outer loop
      vertex -69.8749 -95.4104 23.816
      vertex -66.1429 -93.7939 24.8284
      vertex -70.0404 -94.6937 24.8284
    endloop
  endfacet
  facet normal 0.181987 -0.788279 0.58779
    outer loop
      vertex -66.1429 -93.7939 24.8284
      vertex -69.8749 -95.4104 23.816
      vertex -65.9774 -94.5106 23.816
    endloop
  endfacet
  facet normal 0.923921 -0.230318 -0.30549
    outer loop
      vertex -63.1425 -92.5816 15.3743
      vertex -63.4984 -92.4305 14.184
      vertex -63.2287 -91.3486 14.184
    endloop
  endfacet
  facet normal 0.356683 -0.882848 0.305544
    outer loop
      vertex -64.7444 -94.4244 22.6257
      vertex -65.9774 -94.5106 23.816
      vertex -65.8904 -94.8874 22.6257
    endloop
  endfacet
  facet normal 0.056652 -0.810481 0.583018
    outer loop
      vertex -70.0404 -94.6937 24.8284
      vertex -70.9231 -94.7554 24.8284
      vertex -69.8749 -95.4104 23.816
    endloop
  endfacet
  facet normal -0.5494 -0.221929 -0.805547
    outer loop
      vertex -72.2332 -92.873 12.436
      vertex -73.1011 -93.3945 13.1716
      vertex -72.446 -92.3462 12.436
    endloop
  endfacet
  facet normal -0.16551 -0.265103 -0.949909
    outer loop
      vertex -71.3862 -93.6093 12.436
      vertex -71.0872 -92.41 12.0492
      vertex -70.9211 -92.5137 12.0492
    endloop
  endfacet
  facet normal -0.165604 -0.265076 -0.9499
    outer loop
      vertex -71.0872 -92.41 12.0492
      vertex -71.3862 -93.6093 12.436
      vertex -71.868 -93.3083 12.436
    endloop
  endfacet
  facet normal -0.0756883 -0.303232 0.949906
    outer loop
      vertex -70.9211 -92.5137 25.9508
      vertex -71.3862 -93.6093 25.564
      vertex -70.7312 -92.5611 25.9508
    endloop
  endfacet
  facet normal -0.622371 -0.522261 -0.583008
    outer loop
      vertex -73.0148 -94.6275 14.184
      vertex -73.7316 -93.7733 14.184
      vertex -73.1011 -93.3945 13.1716
    endloop
  endfacet
  facet normal -0.729421 -0.612024 -0.305568
    outer loop
      vertex -73.2686 -94.9194 15.3743
      vertex -74.0631 -93.9725 15.3743
      vertex -73.7316 -93.7733 14.184
    endloop
  endfacet
  facet normal -0.926599 -0.213929 0.309272
    outer loop
      vertex -74.5261 -92.8265 22.6257
      vertex -84.4531 -48.1086 23.816
      vertex -84.494 -48.0831 23.7111
    endloop
  endfacet
  facet normal -0.92668 -0.213941 0.309019
    outer loop
      vertex -74.5261 -92.8265 22.6257
      vertex -84.494 -48.0831 23.7111
      vertex -84.8913 -47.6096 22.8475
    endloop
  endfacet
  facet normal -0.926641 -0.213933 0.309141
    outer loop
      vertex -74.5261 -92.8265 22.6257
      vertex -84.8913 -47.6096 22.8475
      vertex -85.0639 -47.1825 22.6257
    endloop
  endfacet
  facet normal -0.92669 -0.213942 0.308989
    outer loop
      vertex -84.4531 -48.1086 23.816
      vertex -74.5261 -92.8265 22.6257
      vertex -74.1493 -92.7395 23.816
    endloop
  endfacet
  facet normal -0.57274 -0.132228 0.809002
    outer loop
      vertex -82.8849 -47.9486 25.4303
      vertex -72.446 -92.3462 25.564
      vertex -82.747 -47.7279 25.564
    endloop
  endfacet
  facet normal -0.572499 -0.132171 0.809182
    outer loop
      vertex -82.9023 -47.9718 25.4142
      vertex -72.446 -92.3462 25.564
      vertex -82.8849 -47.9486 25.4303
    endloop
  endfacet
  facet normal -0.572704 -0.13222 0.809029
    outer loop
      vertex -83.1295 -48.1209 25.229
      vertex -72.446 -92.3462 25.564
      vertex -82.9023 -47.9718 25.4142
    endloop
  endfacet
  facet normal -0.572618 -0.132198 0.809094
    outer loop
      vertex -83.3441 -48.2618 25.0541
      vertex -72.446 -92.3462 25.564
      vertex -83.1295 -48.1209 25.229
    endloop
  endfacet
  facet normal -0.572768 -0.132237 0.808981
    outer loop
      vertex -83.5366 -48.3218 24.908
      vertex -72.446 -92.3462 25.564
      vertex -83.3441 -48.2618 25.0541
    endloop
  endfacet
  facet normal -0.572687 -0.132215 0.809042
    outer loop
      vertex -72.446 -92.3462 25.564
      vertex -83.5366 -48.3218 24.908
      vertex -73.4326 -92.574 24.8284
    endloop
  endfacet
  facet normal -0.572912 -0.132267 0.808874
    outer loop
      vertex -73.4326 -92.574 24.8284
      vertex -83.5366 -48.3218 24.908
      vertex -83.6494 -48.32 24.8284
    endloop
  endfacet
  facet normal -0.239443 -0.200884 0.949901
    outer loop
      vertex -71.213 -92.26 25.9508
      vertex -72.2332 -92.873 25.564
      vertex -71.868 -93.3083 25.564
    endloop
  endfacet
  facet normal -0.143399 -0.574951 0.805524
    outer loop
      vertex -70.8349 -93.7468 25.564
      vertex -71.3862 -93.6093 25.564
      vertex -70.9231 -94.7554 24.8284
    endloop
  endfacet
  facet normal 0.810464 0.0566829 -0.583039
    outer loop
      vertex -63.2287 -91.3486 14.184
      vertex -63.9615 -91.2844 13.1716
      vertex -63.3065 -90.2362 14.184
    endloop
  endfacet
  facet normal 0.923921 -0.230318 0.30549
    outer loop
      vertex -63.2287 -91.3486 23.816
      vertex -63.4984 -92.4305 23.816
      vertex -63.1425 -92.5816 22.6257
    endloop
  endfacet
  facet normal 0.574965 -0.143298 -0.805531
    outer loop
      vertex -63.9615 -91.2844 13.1716
      vertex -65.1075 -91.7475 12.436
      vertex -64.9701 -91.1962 12.436
    endloop
  endfacet
  facet normal 0.303268 -0.0755831 -0.949903
    outer loop
      vertex -65.1075 -91.7475 12.436
      vertex -66.1558 -91.0925 12.0492
      vertex -64.9701 -91.1962 12.436
    endloop
  endfacet
  facet normal 0.117129 -0.289769 -0.949903
    outer loop
      vertex -66.3706 -92.8074 12.436
      vertex -66.4569 -91.5743 12.0492
      vertex -65.8439 -92.5945 12.436
    endloop
  endfacet
  facet normal 0.021783 -0.311783 -0.949903
    outer loop
      vertex -70.2681 -93.7072 12.436
      vertex -70.8349 -93.7468 12.436
      vertex -70.7312 -92.5611 12.0492
    endloop
  endfacet
  facet normal 0.200884 -0.239443 -0.949901
    outer loop
      vertex -65.8439 -92.5945 12.436
      vertex -66.4569 -91.5743 12.0492
      vertex -65.4086 -92.2293 12.436
    endloop
  endfacet
  facet normal 0.38092 -0.453904 -0.805525
    outer loop
      vertex -65.3224 -93.4624 13.1716
      vertex -65.4086 -92.2293 12.436
      vertex -64.6445 -92.8935 13.1716
    endloop
  endfacet
  facet normal 0.522259 -0.622323 -0.583061
    outer loop
      vertex -64.0893 -93.3761 14.184
      vertex -65.3224 -93.4624 13.1716
      vertex -64.6445 -92.8935 13.1716
    endloop
  endfacet
  facet normal 0.222408 -0.549279 -0.805498
    outer loop
      vertex -66.3706 -92.8074 12.436
      vertex -66.0097 -93.74 13.1716
      vertex -66.1632 -93.7061 13.1061
    endloop
  endfacet
  facet normal 0.221929 -0.549467 -0.805502
    outer loop
      vertex -66.0097 -93.74 13.1716
      vertex -66.3706 -92.8074 12.436
      vertex -65.3224 -93.4624 13.1716
    endloop
  endfacet
  facet normal 0.117029 -0.289779 -0.949912
    outer loop
      vertex -66.3706 -92.8074 12.436
      vertex -66.6384 -91.6476 12.0492
      vertex -66.4569 -91.5743 12.0492
    endloop
  endfacet
  facet normal -0.0756883 -0.303232 -0.949906
    outer loop
      vertex -70.7312 -92.5611 12.0492
      vertex -71.3862 -93.6093 12.436
      vertex -70.9211 -92.5137 12.0492
    endloop
  endfacet
  facet normal 0.688972 -0.430516 0.583072
    outer loop
      vertex -64.6445 -92.8935 24.8284
      vertex -63.4984 -92.4305 23.816
      vertex -64.1756 -92.1431 24.8284
    endloop
  endfacet
  facet normal 0.68897 -0.430534 0.583062
    outer loop
      vertex -63.4984 -92.4305 23.816
      vertex -64.6445 -92.8935 24.8284
      vertex -64.0893 -93.3761 23.816
    endloop
  endfacet
  facet normal 0.301149 0.0695261 0.951039
    outer loop
      vertex -75.3107 -46.0111 25.564
      vertex -66.1694 -90.8972 25.9508
      vertex -65.0097 -90.6294 25.564
    endloop
  endfacet
  facet normal 0.301108 0.0695179 0.951053
    outer loop
      vertex -76.0319 -45.8697 25.782
      vertex -66.1694 -90.8972 25.9508
      vertex -75.3107 -46.0111 25.564
    endloop
  endfacet
  facet normal 0.301181 0.0695337 0.951029
    outer loop
      vertex -66.1694 -90.8972 25.9508
      vertex -76.0319 -45.8697 25.782
      vertex -76.6194 -45.6337 25.9508
    endloop
  endfacet
  facet normal 0.574965 -0.143298 0.805531
    outer loop
      vertex -64.9701 -91.1962 25.564
      vertex -65.1075 -91.7475 25.564
      vertex -63.9615 -91.2844 24.8284
    endloop
  endfacet
  facet normal 0.522259 -0.622323 0.583061
    outer loop
      vertex -64.6445 -92.8935 24.8284
      vertex -65.3224 -93.4624 24.8284
      vertex -64.0893 -93.3761 23.816
    endloop
  endfacet
  facet normal 0.311809 0.0217133 0.949897
    outer loop
      vertex -65.0097 -90.6294 25.564
      vertex -66.1694 -90.8972 25.9508
      vertex -66.1558 -91.0925 25.9508
    endloop
  endfacet
  facet normal -0.289805 -0.117066 0.949899
    outer loop
      vertex -71.213 -92.26 25.9508
      vertex -72.446 -92.3462 25.564
      vertex -72.2332 -92.873 25.564
    endloop
  endfacet
  facet normal 0.224949 -0.974371 -5.6125e-05
    outer loop
      vertex -69.7879 -95.7872 22.6257
      vertex -67.8392 -95.3373 22.4253
      vertex -65.8904 -94.8874 22.6257
    endloop
  endfacet
  facet normal 0.224948 -0.974371 -6.34354e-05
    outer loop
      vertex -69.7879 -95.7872 22.6257
      vertex -68.5236 -95.4953 22.362
      vertex -67.8392 -95.3373 22.4253
    endloop
  endfacet
  facet normal 0.23425 -0.970976 0.0482887
    outer loop
      vertex -69.7879 -95.7872 22.6257
      vertex -68.5293 -95.4967 22.3615
      vertex -68.5236 -95.4953 22.362
    endloop
  endfacet
  facet normal 0.22157 -0.975004 -0.0165446
    outer loop
      vertex -69.7879 -95.7872 22.6257
      vertex -68.5347 -95.4979 22.3599
      vertex -68.5293 -95.4967 22.3615
    endloop
  endfacet
  facet normal 0.224912 -0.974379 -0.000107639
    outer loop
      vertex -69.7879 -95.7872 22.6257
      vertex -69.1712 -95.6448 22.1744
      vertex -68.5347 -95.4979 22.3599
    endloop
  endfacet
  facet normal 0.230541 -0.97303 0.00801115
    outer loop
      vertex -69.7879 -95.7872 22.6257
      vertex -69.1799 -95.6469 22.1697
      vertex -69.1712 -95.6448 22.1744
    endloop
  endfacet
  facet normal 0.224893 -0.974383 6.32997e-05
    outer loop
      vertex -69.7879 -95.7872 22.6257
      vertex -69.7201 -95.7716 21.8776
      vertex -69.1799 -95.6469 22.1697
    endloop
  endfacet
  facet normal 0.22423 -0.974536 0
    outer loop
      vertex -69.7201 -95.7716 21.8776
      vertex -69.7879 -95.7872 22.6257
      vertex -69.7879 -95.7872 21.8271
    endloop
  endfacet
  facet normal 0.224927 -0.974376 0.000172598
    outer loop
      vertex -67.1547 -95.1793 22.362
      vertex -65.8904 -94.8874 22.6257
      vertex -67.8392 -95.3373 22.4253
    endloop
  endfacet
  facet normal 0.223121 -0.974747 0.00923965
    outer loop
      vertex -67.149 -95.178 22.3615
      vertex -65.8904 -94.8874 22.6257
      vertex -67.1547 -95.1793 22.362
    endloop
  endfacet
  facet normal 0.223265 -0.97472 0.00852519
    outer loop
      vertex -67.1437 -95.1768 22.3599
      vertex -65.8904 -94.8874 22.6257
      vertex -67.149 -95.178 22.3615
    endloop
  endfacet
  facet normal 0.225006 -0.974357 -7.76247e-05
    outer loop
      vertex -66.5072 -95.0298 22.1744
      vertex -65.8904 -94.8874 22.6257
      vertex -67.1437 -95.1768 22.3599
    endloop
  endfacet
  facet normal 0.223027 -0.974808 0.0027696
    outer loop
      vertex -66.4984 -95.0278 22.1697
      vertex -65.8904 -94.8874 22.6257
      vertex -66.5072 -95.0298 22.1744
    endloop
  endfacet
  facet normal 0.224957 -0.974369 6.08624e-05
    outer loop
      vertex -65.9582 -94.9031 21.8776
      vertex -65.8904 -94.8874 22.6257
      vertex -66.4984 -95.0278 22.1697
    endloop
  endfacet
  facet normal 0.225594 -0.974221 0
    outer loop
      vertex -65.8904 -94.8874 22.6257
      vertex -65.9582 -94.9031 21.8776
      vertex -65.8904 -94.8874 21.8271
    endloop
  endfacet
  facet normal -0.230336 -0.923948 -0.305394
    outer loop
      vertex -72.2203 -95.5744 15.3743
      vertex -71.8617 -95.5652 15.076
      vertex -71.9363 -95.6452 15.3743
    endloop
  endfacet
  facet normal -0.23128 -0.923343 -0.306509
    outer loop
      vertex -72.2203 -95.5744 15.3743
      vertex -71.8133 -95.5508 14.9961
      vertex -71.8617 -95.5652 15.076
    endloop
  endfacet
  facet normal -0.232534 -0.922594 -0.307812
    outer loop
      vertex -71.8133 -95.5508 14.9961
      vertex -72.2203 -95.5744 15.3743
      vertex -71.7917 -95.5444 14.9606
    endloop
  endfacet
  facet normal 0.380828 -0.453928 0.805555
    outer loop
      vertex -65.4086 -92.2293 25.564
      vertex -65.8439 -92.5945 25.564
      vertex -65.3224 -93.4624 24.8284
    endloop
  endfacet
  facet normal 0.522245 -0.622352 0.583042
    outer loop
      vertex -64.0893 -93.3761 23.816
      vertex -65.3224 -93.4624 24.8284
      vertex -64.9435 -94.0929 23.816
    endloop
  endfacet
  facet normal 0.265028 -0.165629 0.949909
    outer loop
      vertex -66.2032 -91.2824 25.9508
      vertex -65.4086 -92.2293 25.564
      vertex -65.1075 -91.7475 25.564
    endloop
  endfacet
  facet normal 0.265137 -0.165531 0.949896
    outer loop
      vertex -65.4086 -92.2293 25.564
      vertex -66.2032 -91.2824 25.9508
      vertex -66.3069 -91.4485 25.9508
    endloop
  endfacet
  facet normal -0.92669 -0.213942 -0.308989
    outer loop
      vertex -74.5261 -92.8265 15.3743
      vertex -84.4531 -48.1086 14.184
      vertex -74.1493 -92.7395 14.184
    endloop
  endfacet
  facet normal -0.926599 -0.213929 -0.309272
    outer loop
      vertex -84.4531 -48.1086 14.184
      vertex -74.5261 -92.8265 15.3743
      vertex -84.494 -48.0831 14.2889
    endloop
  endfacet
  facet normal -0.92668 -0.213941 -0.309019
    outer loop
      vertex -84.494 -48.0831 14.2889
      vertex -74.5261 -92.8265 15.3743
      vertex -84.8913 -47.6096 15.1525
    endloop
  endfacet
  facet normal -0.926641 -0.213933 -0.309141
    outer loop
      vertex -84.8913 -47.6096 15.1525
      vertex -74.5261 -92.8265 15.3743
      vertex -85.0639 -47.1825 15.3743
    endloop
  endfacet
  facet normal -0.788249 -0.181981 -0.587832
    outer loop
      vertex -83.6494 -48.32 13.1716
      vertex -73.4326 -92.574 13.1716
      vertex -83.96 -48.3872 13.6089
    endloop
  endfacet
  facet normal -0.788082 -0.181939 -0.588069
    outer loop
      vertex -73.4326 -92.574 13.1716
      vertex -84.0202 -48.3792 13.6871
      vertex -83.96 -48.3872 13.6089
    endloop
  endfacet
  facet normal -0.788279 -0.181989 -0.58779
    outer loop
      vertex -74.1493 -92.7395 14.184
      vertex -84.0202 -48.3792 13.6871
      vertex -73.4326 -92.574 13.1716
    endloop
  endfacet
  facet normal -0.788347 -0.182003 -0.587694
    outer loop
      vertex -84.0202 -48.3792 13.6871
      vertex -74.1493 -92.7395 14.184
      vertex -84.4531 -48.1086 14.184
    endloop
  endfacet
  facet normal -0.289805 -0.117066 -0.949899
    outer loop
      vertex -72.2332 -92.873 12.436
      vertex -72.446 -92.3462 12.436
      vertex -71.213 -92.26 12.0492
    endloop
  endfacet
  facet normal -0.289808 -0.117041 -0.949902
    outer loop
      vertex -71.213 -92.26 12.0492
      vertex -72.446 -92.3462 12.436
      vertex -71.2863 -92.0785 12.0492
    endloop
  endfacet
  facet normal -0.729376 -0.612054 -0.305616
    outer loop
      vertex -73.2686 -94.9194 15.3743
      vertex -73.7316 -93.7733 14.184
      vertex -73.0148 -94.6275 14.184
    endloop
  endfacet
  facet normal 0.071569 -0.810101 -0.581906
    outer loop
      vertex -70.9231 -94.7554 13.1716
      vertex -70.9556 -95.1379 13.7001
      vertex -70.9567 -95.1385 13.7008
    endloop
  endfacet
  facet normal 0.0567089 -0.810442 -0.583067
    outer loop
      vertex -70.9556 -95.1379 13.7001
      vertex -70.9231 -94.7554 13.1716
      vertex -70.6213 -94.944 13.4631
    endloop
  endfacet
  facet normal -0.196552 -0.788318 -0.583029
    outer loop
      vertex -70.9231 -94.7554 13.1716
      vertex -72.0692 -95.2184 14.184
      vertex -71.7818 -94.5413 13.1716
    endloop
  endfacet
  facet normal -0.753295 -0.304348 -0.583026
    outer loop
      vertex -73.1011 -93.3945 13.1716
      vertex -74.1493 -92.7395 14.184
      vertex -73.4326 -92.574 13.1716
    endloop
  endfacet
  facet normal -0.54937 -0.221957 -0.80556
    outer loop
      vertex -73.1011 -93.3945 13.1716
      vertex -73.4326 -92.574 13.1716
      vertex -72.446 -92.3462 12.436
    endloop
  endfacet
  facet normal -0.14335 -0.574941 -0.805539
    outer loop
      vertex -70.9231 -94.7554 13.1716
      vertex -71.7818 -94.5413 13.1716
      vertex -71.3862 -93.6093 12.436
    endloop
  endfacet
  facet normal -0.622341 -0.522275 0.583027
    outer loop
      vertex -72.5322 -94.0724 24.8284
      vertex -73.1011 -93.3945 24.8284
      vertex -73.0148 -94.6275 23.816
    endloop
  endfacet
  facet normal -0.196552 -0.788318 0.583029
    outer loop
      vertex -71.7818 -94.5413 24.8284
      vertex -72.0692 -95.2184 23.816
      vertex -70.9231 -94.7554 24.8284
    endloop
  endfacet
  facet normal -0.729421 -0.612024 0.305568
    outer loop
      vertex -73.7316 -93.7733 23.816
      vertex -74.0631 -93.9725 22.6257
      vertex -73.2686 -94.9194 22.6257
    endloop
  endfacet
  facet normal -0.504539 -0.807494 0.305603
    outer loop
      vertex -72.2203 -95.5744 22.6257
      vertex -73.0148 -94.6275 23.816
      vertex -73.2686 -94.9194 22.6257
    endloop
  endfacet
  facet normal -0.504589 -0.80748 0.305558
    outer loop
      vertex -73.0148 -94.6275 23.816
      vertex -72.2203 -95.5744 22.6257
      vertex -72.0692 -95.2184 23.816
    endloop
  endfacet
  facet normal 0.949845 0.0664311 -0.305584
    outer loop
      vertex -63.2287 -91.3486 14.184
      vertex -63.3065 -90.2362 14.184
      vertex -62.8434 -91.3823 15.3743
    endloop
  endfacet
  facet normal 0.949855 0.0664767 -0.305544
    outer loop
      vertex -62.8434 -91.3823 15.3743
      vertex -63.3065 -90.2362 14.184
      vertex -62.9297 -90.1492 15.3743
    endloop
  endfacet
  facet normal 0.807496 -0.5046 0.305497
    outer loop
      vertex -64.0893 -93.3761 23.816
      vertex -63.1425 -92.5816 22.6257
      vertex -63.4984 -92.4305 23.816
    endloop
  endfacet
  facet normal 0.807511 -0.50455 0.305542
    outer loop
      vertex -63.1425 -92.5816 22.6257
      vertex -64.0893 -93.3761 23.816
      vertex -63.7975 -93.6299 22.6257
    endloop
  endfacet
  facet normal 0.311783 0.021783 -0.949903
    outer loop
      vertex -64.9701 -91.1962 12.436
      vertex -66.1558 -91.0925 12.0492
      vertex -65.0097 -90.6294 12.436
    endloop
  endfacet
  facet normal 0.591109 0.0412984 -0.805533
    outer loop
      vertex -64.9701 -91.1962 12.436
      vertex -65.0097 -90.6294 12.436
      vertex -63.9615 -91.2844 13.1716
    endloop
  endfacet
  facet normal 0.591117 0.0413186 -0.805527
    outer loop
      vertex -63.9615 -91.2844 13.1716
      vertex -65.0097 -90.6294 12.436
      vertex -64.0232 -90.4017 13.1716
    endloop
  endfacet
  facet normal 0.810481 0.056652 -0.583018
    outer loop
      vertex -63.9615 -91.2844 13.1716
      vertex -64.0232 -90.4017 13.1716
      vertex -63.3065 -90.2362 14.184
    endloop
  endfacet
  facet normal 0.265028 -0.165629 -0.949909
    outer loop
      vertex -65.4086 -92.2293 12.436
      vertex -66.2032 -91.2824 12.0492
      vertex -65.1075 -91.7475 12.436
    endloop
  endfacet
  facet normal 0.265137 -0.165531 -0.949896
    outer loop
      vertex -66.2032 -91.2824 12.0492
      vertex -65.4086 -92.2293 12.436
      vertex -66.3069 -91.4485 12.0492
    endloop
  endfacet
  facet normal 0.788282 -0.196543 -0.583081
    outer loop
      vertex -63.4984 -92.4305 14.184
      vertex -64.1756 -92.1431 13.1716
      vertex -63.9615 -91.2844 13.1716
    endloop
  endfacet
  facet normal 0.52224 -0.622371 -0.583027
    outer loop
      vertex -65.0254 -93.794 13.7916
      vertex -64.0893 -93.3761 14.184
      vertex -64.6804 -93.8721 14.184
    endloop
  endfacet
  facet normal 0.521369 -0.62311 -0.583016
    outer loop
      vertex -65.3224 -93.4624 13.1716
      vertex -65.0254 -93.794 13.7916
      vertex -65.0653 -93.785 13.7463
    endloop
  endfacet
  facet normal 0.52253 -0.622154 -0.582998
    outer loop
      vertex -65.3224 -93.4624 13.1716
      vertex -65.0653 -93.785 13.7463
      vertex -65.1244 -93.792 13.7008
    endloop
  endfacet
  facet normal 0.52224 -0.622364 -0.583034
    outer loop
      vertex -65.0254 -93.794 13.7916
      vertex -65.3224 -93.4624 13.1716
      vertex -64.0893 -93.3761 14.184
    endloop
  endfacet
  facet normal 0.380828 -0.453928 -0.805555
    outer loop
      vertex -65.3224 -93.4624 13.1716
      vertex -65.8439 -92.5945 12.436
      vertex -65.4086 -92.2293 12.436
    endloop
  endfacet
  facet normal 0.611993 -0.729446 -0.305571
    outer loop
      vertex -64.1238 -93.7787 15.076
      vertex -63.7975 -93.6299 15.3743
      vertex -64.0217 -93.818 15.3743
    endloop
  endfacet
  facet normal 0.611261 -0.730643 -0.304172
    outer loop
      vertex -64.1736 -93.7871 14.9961
      vertex -63.7975 -93.6299 15.3743
      vertex -64.1238 -93.7787 15.076
    endloop
  endfacet
  facet normal 0.613548 -0.727159 -0.307895
    outer loop
      vertex -63.7975 -93.6299 15.3743
      vertex -64.1736 -93.7871 14.9961
      vertex -64.1958 -93.7908 14.9606
    endloop
  endfacet
  facet normal 0.502534 -0.314017 -0.805514
    outer loop
      vertex -64.6445 -92.8935 13.1716
      vertex -65.1075 -91.7475 12.436
      vertex -64.1756 -92.1431 13.1716
    endloop
  endfacet
  facet normal 0.502502 -0.314037 -0.805526
    outer loop
      vertex -65.1075 -91.7475 12.436
      vertex -64.6445 -92.8935 13.1716
      vertex -65.4086 -92.2293 12.436
    endloop
  endfacet
  facet normal 0.200853 -0.23949 -0.949896
    outer loop
      vertex -65.4086 -92.2293 12.436
      vertex -66.4569 -91.5743 12.0492
      vertex -66.3069 -91.4485 12.0492
    endloop
  endfacet
  facet normal 0.22205 -0.549337 0.805558
    outer loop
      vertex -65.8439 -92.5945 25.564
      vertex -66.3706 -92.8074 25.564
      vertex -65.3224 -93.4624 24.8284
    endloop
  endfacet
  facet normal 0.221976 -0.549416 0.805524
    outer loop
      vertex -65.3224 -93.4624 24.8284
      vertex -66.3706 -92.8074 25.564
      vertex -66.1429 -93.7939 24.8284
    endloop
  endfacet
  facet normal 0.06952 -0.301127 0.951046
    outer loop
      vertex -66.6384 -91.6476 25.9508
      vertex -70.2681 -93.7072 25.564
      vertex -66.3706 -92.8074 25.564
    endloop
  endfacet
  facet normal 0.06952 -0.301127 0.951046
    outer loop
      vertex -70.2681 -93.7072 25.564
      vertex -66.6384 -91.6476 25.9508
      vertex -70.5359 -92.5474 25.9508
    endloop
  endfacet
  facet normal 0.356676 -0.882853 0.305536
    outer loop
      vertex -64.9435 -94.0929 23.816
      vertex -65.9774 -94.5106 23.816
      vertex -64.7444 -94.4244 22.6257
    endloop
  endfacet
  facet normal 0.612033 -0.729433 0.305522
    outer loop
      vertex -63.7975 -93.6299 22.6257
      vertex -64.9435 -94.0929 23.816
      vertex -64.7444 -94.4244 22.6257
    endloop
  endfacet
  facet normal -0.622341 -0.522275 -0.583027
    outer loop
      vertex -73.0148 -94.6275 14.184
      vertex -73.1011 -93.3945 13.1716
      vertex -72.5322 -94.0724 13.1716
    endloop
  endfacet
  facet normal 0.0566634 -0.810467 -0.583037
    outer loop
      vertex -70.9231 -94.7554 13.1716
      vertex -70.4989 -94.873 13.3763
      vertex -70.6213 -94.944 13.4631
    endloop
  endfacet
  facet normal 0.0566836 -0.810445 -0.583066
    outer loop
      vertex -70.9231 -94.7554 13.1716
      vertex -70.4375 -94.84 13.3364
      vertex -70.4989 -94.873 13.3763
    endloop
  endfacet
  facet normal 0.0566692 -0.810468 -0.583035
    outer loop
      vertex -70.4375 -94.84 13.3364
      vertex -70.9231 -94.7554 13.1716
      vertex -70.1837 -94.7037 13.1716
    endloop
  endfacet
  facet normal 0.132015 -0.572765 -0.809019
    outer loop
      vertex -66.2583 -93.6783 13.0709
      vertex -66.3706 -92.8074 12.436
      vertex -66.1632 -93.7061 13.1061
    endloop
  endfacet
  facet normal 0.132336 -0.572713 -0.809004
    outer loop
      vertex -66.7895 -93.6143 12.9387
      vertex -66.3706 -92.8074 12.436
      vertex -66.2583 -93.6783 13.0709
    endloop
  endfacet
  facet normal 0.131335 -0.572422 -0.809372
    outer loop
      vertex -66.8511 -93.6068 12.9234
      vertex -66.3706 -92.8074 12.436
      vertex -66.7895 -93.6143 12.9387
    endloop
  endfacet
  facet normal 0.132263 -0.572748 -0.808991
    outer loop
      vertex -67.4438 -93.627 12.8408
      vertex -66.3706 -92.8074 12.436
      vertex -66.8511 -93.6068 12.9234
    endloop
  endfacet
  facet normal 0.131716 -0.572249 -0.809433
    outer loop
      vertex -67.5155 -93.6295 12.8309
      vertex -66.3706 -92.8074 12.436
      vertex -67.4438 -93.627 12.8408
    endloop
  endfacet
  facet normal 0.132278 -0.572801 -0.808951
    outer loop
      vertex -67.5906 -93.6419 12.8274
      vertex -66.3706 -92.8074 12.436
      vertex -67.5155 -93.6295 12.8309
    endloop
  endfacet
  facet normal 0.132237 -0.572758 -0.808988
    outer loop
      vertex -68.2069 -93.7445 12.7993
      vertex -66.3706 -92.8074 12.436
      vertex -67.5906 -93.6419 12.8274
    endloop
  endfacet
  facet normal 0.132239 -0.572655 -0.80906
    outer loop
      vertex -70.2681 -93.7072 12.436
      vertex -68.2069 -93.7445 12.7993
      vertex -68.8058 -93.9225 12.8274
    endloop
  endfacet
  facet normal 0.131931 -0.573609 -0.808435
    outer loop
      vertex -70.2681 -93.7072 12.436
      vertex -68.8058 -93.9225 12.8274
      vertex -68.8787 -93.9442 12.8309
    endloop
  endfacet
  facet normal 0.132481 -0.572062 -0.80944
    outer loop
      vertex -70.2681 -93.7072 12.436
      vertex -68.8787 -93.9442 12.8309
      vertex -68.9443 -93.9734 12.8408
    endloop
  endfacet
  facet normal 0.132213 -0.572737 -0.809007
    outer loop
      vertex -70.2681 -93.7072 12.436
      vertex -68.9443 -93.9734 12.8408
      vertex -69.4859 -94.2151 12.9234
    endloop
  endfacet
  facet normal 0.132227 -0.572744 -0.809
    outer loop
      vertex -68.2069 -93.7445 12.7993
      vertex -70.2681 -93.7072 12.436
      vertex -66.3706 -92.8074 12.436
    endloop
  endfacet
  facet normal 0.132725 -0.57222 -0.809289
    outer loop
      vertex -69.5379 -94.2488 12.9387
      vertex -70.2681 -93.7072 12.436
      vertex -69.4859 -94.2151 12.9234
    endloop
  endfacet
  facet normal 0.132129 -0.572759 -0.809005
    outer loop
      vertex -69.9873 -94.5392 13.0709
      vertex -70.2681 -93.7072 12.436
      vertex -69.5379 -94.2488 12.9387
    endloop
  endfacet
  facet normal 0.13256 -0.572629 -0.809026
    outer loop
      vertex -70.2681 -93.7072 12.436
      vertex -69.9873 -94.5392 13.0709
      vertex -70.0606 -94.6059 13.1061
    endloop
  endfacet
  facet normal -0.729376 -0.612054 0.305616
    outer loop
      vertex -73.0148 -94.6275 23.816
      vertex -73.7316 -93.7733 23.816
      vertex -73.2686 -94.9194 22.6257
    endloop
  endfacet
  facet normal -0.622371 -0.522261 0.583008
    outer loop
      vertex -73.1011 -93.3945 24.8284
      vertex -73.7316 -93.7733 23.816
      vertex -73.0148 -94.6275 23.816
    endloop
  endfacet
  facet normal 0.572731 0.132224 -0.809009
    outer loop
      vertex -74.3406 -46.1987 13.092
      vertex -64.0232 -90.4017 13.1716
      vertex -65.0097 -90.6294 12.436
    endloop
  endfacet
  facet normal 0.573279 0.132353 -0.8086
    outer loop
      vertex -64.0232 -90.4017 13.1716
      vertex -74.3406 -46.1987 13.092
      vertex -74.2401 -46.1477 13.1716
    endloop
  endfacet
  facet normal 0.572648 0.132208 -0.80907
    outer loop
      vertex -65.0097 -90.6294 12.436
      vertex -74.54 -46.2291 12.9459
      vertex -74.3406 -46.1987 13.092
    endloop
  endfacet
  facet normal 0.572667 0.132211 -0.809057
    outer loop
      vertex -65.0097 -90.6294 12.436
      vertex -74.7946 -46.1966 12.771
      vertex -74.54 -46.2291 12.9459
    endloop
  endfacet
  facet normal 0.572653 0.132208 -0.809067
    outer loop
      vertex -65.0097 -90.6294 12.436
      vertex -75.0642 -46.1622 12.5858
      vertex -74.7946 -46.1966 12.771
    endloop
  endfacet
  facet normal 0.573684 0.132439 -0.808299
    outer loop
      vertex -65.0097 -90.6294 12.436
      vertex -75.0993 -46.1487 12.5631
      vertex -75.0642 -46.1622 12.5858
    endloop
  endfacet
  facet normal 0.571416 0.131929 -0.809987
    outer loop
      vertex -65.0097 -90.6294 12.436
      vertex -75.1026 -46.1473 12.561
      vertex -75.0993 -46.1487 12.5631
    endloop
  endfacet
  facet normal 0.572471 0.132167 -0.809203
    outer loop
      vertex -75.1026 -46.1473 12.561
      vertex -65.0097 -90.6294 12.436
      vertex -75.3006 -46.055 12.436
    endloop
  endfacet
  facet normal 0.302353 -0.754217 -0.582872
    outer loop
      vertex -65.1255 -93.7919 13.7001
      vertex -65.3224 -93.4624 13.1716
      vertex -65.1244 -93.792 13.7008
    endloop
  endfacet
  facet normal 0.304312 -0.753304 -0.583033
    outer loop
      vertex -65.3224 -93.4624 13.1716
      vertex -65.1255 -93.7919 13.7001
      vertex -65.511 -93.7642 13.4631
    endloop
  endfacet
  facet normal 0.848061 -0.529899 0
    outer loop
      vertex -63.1425 -92.5816 22.6257
      vertex -63.7166 -93.5004 18.191
      vertex -63.1425 -92.5816 15.3743
    endloop
  endfacet
  facet normal 0.848066 -0.52989 0
    outer loop
      vertex -63.7975 -93.6299 18.7284
      vertex -63.1425 -92.5816 22.6257
      vertex -63.7975 -93.6299 22.6257
    endloop
  endfacet
  facet normal 0.848086 -0.529858 -1.19345e-05
    outer loop
      vertex -63.1425 -92.5816 22.6257
      vertex -63.7975 -93.6299 18.7284
      vertex -63.7166 -93.5004 18.191
    endloop
  endfacet
  facet normal 0.848061 -0.529899 0
    outer loop
      vertex -63.7166 -93.5004 17.0246
      vertex -63.1425 -92.5816 15.3743
      vertex -63.7166 -93.5004 18.191
    endloop
  endfacet
  facet normal 0.848075 -0.529877 1.76457e-05
    outer loop
      vertex -63.7975 -93.6299 16.471
      vertex -63.1425 -92.5816 15.3743
      vertex -63.7166 -93.5004 17.0246
    endloop
  endfacet
  facet normal 0.848066 -0.52989 0
    outer loop
      vertex -63.1425 -92.5816 15.3743
      vertex -63.7975 -93.6299 16.471
      vertex -63.7975 -93.6299 15.3743
    endloop
  endfacet
  facet normal 0.807496 -0.5046 -0.305497
    outer loop
      vertex -63.1425 -92.5816 15.3743
      vertex -64.0893 -93.3761 14.184
      vertex -63.4984 -92.4305 14.184
    endloop
  endfacet
  facet normal 0.807511 -0.50455 -0.305542
    outer loop
      vertex -64.0893 -93.3761 14.184
      vertex -63.1425 -92.5816 15.3743
      vertex -63.7975 -93.6299 15.3743
    endloop
  endfacet
  facet normal 0.688972 -0.430516 -0.583072
    outer loop
      vertex -63.4984 -92.4305 14.184
      vertex -64.6445 -92.8935 13.1716
      vertex -64.1756 -92.1431 13.1716
    endloop
  endfacet
  facet normal 0.68897 -0.430534 -0.583062
    outer loop
      vertex -64.6445 -92.8935 13.1716
      vertex -63.4984 -92.4305 14.184
      vertex -64.0893 -93.3761 14.184
    endloop
  endfacet
  facet normal 0.30321 -0.0756826 0.949914
    outer loop
      vertex -66.1558 -91.0925 25.9508
      vertex -66.2032 -91.2824 25.9508
      vertex -65.1075 -91.7475 25.564
    endloop
  endfacet
  facet normal -0.289808 -0.117041 0.949902
    outer loop
      vertex -71.2863 -92.0785 25.9508
      vertex -72.446 -92.3462 25.564
      vertex -71.213 -92.26 25.9508
    endloop
  endfacet
  facet normal -0.30118 -0.0695329 0.951029
    outer loop
      vertex -82.1608 -47.2846 25.782
      vertex -71.2863 -92.0785 25.9508
      vertex -81.7362 -46.815 25.9508
    endloop
  endfacet
  facet normal -0.301113 -0.0695165 0.951051
    outer loop
      vertex -82.747 -47.7279 25.564
      vertex -71.2863 -92.0785 25.9508
      vertex -82.1608 -47.2846 25.782
    endloop
  endfacet
  facet normal -0.301154 -0.0695273 0.951037
    outer loop
      vertex -71.2863 -92.0785 25.9508
      vertex -82.747 -47.7279 25.564
      vertex -72.446 -92.3462 25.564
    endloop
  endfacet
  facet normal -0.313951 -0.50253 -0.805542
    outer loop
      vertex -71.7818 -94.5413 13.1716
      vertex -71.868 -93.3083 12.436
      vertex -71.3862 -93.6093 12.436
    endloop
  endfacet
  facet normal -0.31401 -0.502523 -0.805524
    outer loop
      vertex -71.868 -93.3083 12.436
      vertex -71.7818 -94.5413 13.1716
      vertex -72.5322 -94.0724 13.1716
    endloop
  endfacet
  facet normal -0.230266 -0.923911 -0.305558
    outer loop
      vertex -72.0692 -95.2184 14.184
      vertex -71.7917 -95.5444 14.9606
      vertex -72.2203 -95.5744 15.3743
    endloop
  endfacet
  facet normal -0.230407 -0.923895 -0.305501
    outer loop
      vertex -71.7917 -95.5444 14.9606
      vertex -72.0692 -95.2184 14.184
      vertex -71.3249 -95.4063 14.1909
    endloop
  endfacet
  facet normal -0.230241 -0.923308 -0.307396
    outer loop
      vertex -71.3249 -95.4063 14.1909
      vertex -72.0692 -95.2184 14.184
      vertex -71.3205 -95.4051 14.184
    endloop
  endfacet
  facet normal -0.504539 -0.807494 -0.305603
    outer loop
      vertex -73.0148 -94.6275 14.184
      vertex -72.2203 -95.5744 15.3743
      vertex -73.2686 -94.9194 15.3743
    endloop
  endfacet
  facet normal -0.504589 -0.80748 -0.305558
    outer loop
      vertex -72.2203 -95.5744 15.3743
      vertex -73.0148 -94.6275 14.184
      vertex -72.0692 -95.2184 14.184
    endloop
  endfacet
  facet normal -0.143399 -0.574951 -0.805524
    outer loop
      vertex -70.9231 -94.7554 13.1716
      vertex -71.3862 -93.6093 12.436
      vertex -70.8349 -93.7468 12.436
    endloop
  endfacet
  facet normal 0.0412984 -0.591109 -0.805533
    outer loop
      vertex -70.2681 -93.7072 12.436
      vertex -70.9231 -94.7554 13.1716
      vertex -70.8349 -93.7468 12.436
    endloop
  endfacet
  facet normal 0.374597 -0.927188 0
    outer loop
      vertex -65.8904 -94.8874 21.8271
      vertex -64.7444 -94.4244 22.6257
      vertex -65.8904 -94.8874 22.6257
    endloop
  endfacet
  facet normal 0.374577 -0.927196 3.33043e-05
    outer loop
      vertex -65.4062 -94.6918 21.5086
      vertex -64.7444 -94.4244 22.6257
      vertex -65.8904 -94.8874 21.8271
    endloop
  endfacet
  facet normal 0.380923 -0.924597 -0.00434857
    outer loop
      vertex -65.4009 -94.6896 21.5051
      vertex -64.7444 -94.4244 22.6257
      vertex -65.4062 -94.6918 21.5086
    endloop
  endfacet
  facet normal 0.374547 -0.927208 4.64775e-06
    outer loop
      vertex -64.8892 -94.4829 21.0749
      vertex -64.7444 -94.4244 22.6257
      vertex -65.4009 -94.6896 21.5051
    endloop
  endfacet
  facet normal 0.373756 -0.927527 9.05575e-05
    outer loop
      vertex -64.8753 -94.4773 21.0632
      vertex -64.7444 -94.4244 22.6257
      vertex -64.8892 -94.4829 21.0749
    endloop
  endfacet
  facet normal 0.374686 -0.927152 0
    outer loop
      vertex -64.7444 -94.4244 22.6257
      vertex -64.8753 -94.4773 21.0632
      vertex -64.7444 -94.4244 20.8558
    endloop
  endfacet
  facet normal 0.612052 -0.7294 -0.305561
    outer loop
      vertex -64.0893 -93.3761 14.184
      vertex -64.1958 -93.7908 14.9606
      vertex -64.676 -93.8713 14.1909
    endloop
  endfacet
  facet normal 0.61202 -0.729365 -0.30571
    outer loop
      vertex -64.0893 -93.3761 14.184
      vertex -64.676 -93.8713 14.1909
      vertex -64.6804 -93.8721 14.184
    endloop
  endfacet
  facet normal 0.612039 -0.729409 -0.305567
    outer loop
      vertex -64.1958 -93.7908 14.9606
      vertex -64.0893 -93.3761 14.184
      vertex -63.7975 -93.6299 15.3743
    endloop
  endfacet
  facet normal 0.200853 -0.23949 0.949896
    outer loop
      vertex -66.3069 -91.4485 25.9508
      vertex -66.4569 -91.5743 25.9508
      vertex -65.4086 -92.2293 25.564
    endloop
  endfacet
  facet normal 0.0412984 -0.591109 0.805533
    outer loop
      vertex -70.8349 -93.7468 25.564
      vertex -70.9231 -94.7554 24.8284
      vertex -70.2681 -93.7072 25.564
    endloop
  endfacet
  facet normal -0.453928 -0.380828 0.805555
    outer loop
      vertex -72.2332 -92.873 25.564
      vertex -73.1011 -93.3945 24.8284
      vertex -71.868 -93.3083 25.564
    endloop
  endfacet
  facet normal 0.0218689 -0.311752 0.949912
    outer loop
      vertex -70.5359 -92.5474 25.9508
      vertex -70.7312 -92.5611 25.9508
      vertex -70.2681 -93.7072 25.564
    endloop
  endfacet
  facet normal -0.313951 -0.50253 0.805542
    outer loop
      vertex -71.868 -93.3083 25.564
      vertex -71.7818 -94.5413 24.8284
      vertex -71.3862 -93.6093 25.564
    endloop
  endfacet
  facet normal -0.31401 -0.502523 0.805524
    outer loop
      vertex -71.7818 -94.5413 24.8284
      vertex -71.868 -93.3083 25.564
      vertex -72.5322 -94.0724 24.8284
    endloop
  endfacet
  facet normal -0.14335 -0.574941 0.805539
    outer loop
      vertex -71.3862 -93.6093 25.564
      vertex -71.7818 -94.5413 24.8284
      vertex -70.9231 -94.7554 24.8284
    endloop
  endfacet
  facet normal -0.5494 -0.221929 0.805547
    outer loop
      vertex -72.446 -92.3462 25.564
      vertex -73.1011 -93.3945 24.8284
      vertex -72.2332 -92.873 25.564
    endloop
  endfacet
  facet normal 0 0 -1
    outer loop
      vertex -66.2032 -91.2824 12.0492
      vertex -66.1694 -90.8972 12.0492
      vertex -66.1558 -91.0925 12.0492
    endloop
  endfacet
  facet normal 0 0 -1
    outer loop
      vertex -66.3069 -91.4485 12.0492
      vertex -66.1694 -90.8972 12.0492
      vertex -66.2032 -91.2824 12.0492
    endloop
  endfacet
  facet normal 0 0 -1
    outer loop
      vertex -66.4569 -91.5743 12.0492
      vertex -66.1694 -90.8972 12.0492
      vertex -66.3069 -91.4485 12.0492
    endloop
  endfacet
  facet normal 0 0 -1
    outer loop
      vertex -66.6384 -91.6476 12.0492
      vertex -66.1694 -90.8972 12.0492
      vertex -66.4569 -91.5743 12.0492
    endloop
  endfacet
  facet normal 0 0 -1
    outer loop
      vertex -70.5359 -92.5474 12.0492
      vertex -66.1694 -90.8972 12.0492
      vertex -66.6384 -91.6476 12.0492
    endloop
  endfacet
  facet normal 0 0 -1
    outer loop
      vertex -71.2863 -92.0785 12.0492
      vertex -70.5359 -92.5474 12.0492
      vertex -70.7312 -92.5611 12.0492
    endloop
  endfacet
  facet normal 0 0 -1
    outer loop
      vertex -71.2863 -92.0785 12.0492
      vertex -70.7312 -92.5611 12.0492
      vertex -70.9211 -92.5137 12.0492
    endloop
  endfacet
  facet normal 0 0 -1
    outer loop
      vertex -71.2863 -92.0785 12.0492
      vertex -70.9211 -92.5137 12.0492
      vertex -71.0872 -92.41 12.0492
    endloop
  endfacet
  facet normal 0 0 -1
    outer loop
      vertex -71.2863 -92.0785 12.0492
      vertex -71.0872 -92.41 12.0492
      vertex -71.213 -92.26 12.0492
    endloop
  endfacet
  facet normal 0 0 -1
    outer loop
      vertex -70.5359 -92.5474 12.0492
      vertex -71.2863 -92.0785 12.0492
      vertex -66.1694 -90.8972 12.0492
    endloop
  endfacet
  facet normal 0 0 -1
    outer loop
      vertex -71.2863 -92.0785 12.0492
      vertex -76.5539 -45.9173 12.0492
      vertex -66.1694 -90.8972 12.0492
    endloop
  endfacet
  facet normal 0 -0 -1
    outer loop
      vertex -76.5539 -45.9173 12.0492
      vertex -71.2863 -92.0785 12.0492
      vertex -81.6707 -47.0986 12.0492
    endloop
  endfacet
  facet normal 0.021783 -0.311783 0.949903
    outer loop
      vertex -70.7312 -92.5611 25.9508
      vertex -70.8349 -93.7468 25.564
      vertex -70.2681 -93.7072 25.564
    endloop
  endfacet
  facet normal -0.0756368 -0.303262 0.949901
    outer loop
      vertex -70.7312 -92.5611 25.9508
      vertex -71.3862 -93.6093 25.564
      vertex -70.8349 -93.7468 25.564
    endloop
  endfacet
  facet normal 0.117029 -0.289779 0.949912
    outer loop
      vertex -66.4569 -91.5743 25.9508
      vertex -66.6384 -91.6476 25.9508
      vertex -66.3706 -92.8074 25.564
    endloop
  endfacet
  facet normal 0.117129 -0.289769 0.949903
    outer loop
      vertex -65.8439 -92.5945 25.564
      vertex -66.4569 -91.5743 25.9508
      vertex -66.3706 -92.8074 25.564
    endloop
  endfacet
  facet normal -0.23949 -0.200853 0.949896
    outer loop
      vertex -71.213 -92.26 25.9508
      vertex -71.868 -93.3083 25.564
      vertex -71.0872 -92.41 25.9508
    endloop
  endfacet
  facet normal -0.16551 -0.265103 0.949909
    outer loop
      vertex -71.0872 -92.41 25.9508
      vertex -71.3862 -93.6093 25.564
      vertex -70.9211 -92.5137 25.9508
    endloop
  endfacet
  facet normal -0.165604 -0.265076 0.9499
    outer loop
      vertex -71.3862 -93.6093 25.564
      vertex -71.0872 -92.41 25.9508
      vertex -71.868 -93.3083 25.564
    endloop
  endfacet
  facet normal -0.972387 -0.0935833 -0.213788
    outer loop
      vertex -72.2203 -95.5744 16.471
      vertex -64.9437 -125.509 -3.5221
      vertex -72.3498 -95.4935 17.0246
    endloop
  endfacet
  facet normal -0.972416 -0.0937192 -0.213596
    outer loop
      vertex -64.9437 -125.509 -3.5221
      vertex -72.2203 -95.5744 16.471
      vertex -72.1695 -95.5871 16.2453
    endloop
  endfacet
  facet normal 0.68207 -0.310857 0.661928
    outer loop
      vertex -64.8892 -94.4829 21.0749
      vertex -65.4009 -94.6896 21.5051
      vertex -58.3883 -126.298 -0.564954
    endloop
  endfacet
  facet normal -0.271794 -0.595476 0.756
    outer loop
      vertex -69.1712 -95.6448 22.1744
      vertex -62.3699 -126.681 0.173413
      vertex -61.7915 -126.945 0.173413
    endloop
  endfacet
  facet normal -0.265753 -0.595602 0.758046
    outer loop
      vertex -62.3699 -126.681 0.173413
      vertex -69.1712 -95.6448 22.1744
      vertex -69.1799 -95.6469 22.1697
    endloop
  endfacet
  facet normal -0.718329 -0.507008 0.476388
    outer loop
      vertex -64.3425 -126.351 -1.46927
      vertex -71.4279 -95.772 20.3914
      vertex -71.4338 -95.7705 20.3841
    endloop
  endfacet
  facet normal -0.714158 -0.508997 0.480521
    outer loop
      vertex -71.4279 -95.772 20.3914
      vertex -64.3425 -126.351 -1.46927
      vertex -63.7823 -127.137 -1.46927
    endloop
  endfacet
  facet normal 0.462858 0.561027 -0.686303
    outer loop
      vertex -65.0653 -93.785 13.7463
      vertex -59.0799 -121.81 -5.12639
      vertex -59.4348 -121.744 -5.31179
    endloop
  endfacet
  facet normal 0.462117 0.561142 -0.686708
    outer loop
      vertex -59.0343 -121.832 -5.11371
      vertex -65.0653 -93.785 13.7463
      vertex -58.8643 -121.972 -5.11371
    endloop
  endfacet
  facet normal 0.472782 0.559459 -0.680795
    outer loop
      vertex -59.0556 -121.814 -5.11371
      vertex -65.0653 -93.785 13.7463
      vertex -59.0343 -121.832 -5.11371
    endloop
  endfacet
  facet normal 0.453384 0.562459 -0.691435
    outer loop
      vertex -59.0799 -121.81 -5.12639
      vertex -65.0653 -93.785 13.7463
      vertex -59.0556 -121.814 -5.11371
    endloop
  endfacet
  facet normal 0.462187 0.561138 -0.686664
    outer loop
      vertex -59.4348 -121.744 -5.31179
      vertex -65.1244 -93.792 13.7008
      vertex -65.0653 -93.785 13.7463
    endloop
  endfacet
  facet normal 0.481064 0.557901 -0.676257
    outer loop
      vertex -65.1244 -93.792 13.7008
      vertex -59.4348 -121.744 -5.31179
      vertex -65.1255 -93.7919 13.7001
    endloop
  endfacet
  facet normal -0.923101 -0.344893 0.1701
    outer loop
      vertex -72.2203 -95.5744 18.7284
      vertex -64.9437 -125.509 -2.47789
      vertex -72.1941 -95.581 18.8572
    endloop
  endfacet
  facet normal -0.922954 -0.345109 0.170456
    outer loop
      vertex -64.9437 -125.509 -2.47789
      vertex -72.2203 -95.5744 18.7284
      vertex -72.3498 -95.4935 18.191
    endloop
  endfacet
  facet normal 0.0685905 -0.706997 0.703883
    outer loop
      vertex -60.5318 -126.989 0.173413
      vertex -61.1903 -127.788 -0.564954
      vertex -60.3657 -127.708 -0.564954
    endloop
  endfacet
  facet normal -0.359889 -0.789867 0.496577
    outer loop
      vertex -62.0074 -127.651 -0.564954
      vertex -63.0379 -127.75 -1.46927
      vertex -62.16 -128.15 -1.46927
    endloop
  endfacet
  facet normal -0.964286 -0.0617418 -0.257565
    outer loop
      vertex -65.0429 -124.478 -3.5221
      vertex -72.124 -95.5984 16.0657
      vertex -64.799 -124.385 -4.45752
    endloop
  endfacet
  facet normal -0.964197 -0.061445 -0.25797
    outer loop
      vertex -72.124 -95.5984 16.0657
      vertex -65.0429 -124.478 -3.5221
      vertex -72.1532 -95.5911 16.1731
    endloop
  endfacet
  facet normal 0.682246 -0.310735 0.661804
    outer loop
      vertex -64.8892 -94.4829 21.0749
      vertex -58.0448 -125.544 -0.564954
      vertex -64.8753 -94.4773 21.0632
    endloop
  endfacet
  facet normal 0.682181 -0.310781 0.661849
    outer loop
      vertex -58.0448 -125.544 -0.564954
      vertex -64.8892 -94.4829 21.0749
      vertex -58.3883 -126.298 -0.564954
    endloop
  endfacet
  facet normal -0.849919 0.136746 -0.508859
    outer loop
      vertex -64.5014 -123.476 -4.74032
      vertex -71.0447 -95.1837 13.7916
      vertex -64.4919 -123.466 -4.7535
    endloop
  endfacet
  facet normal -0.845692 0.14147 -0.514578
    outer loop
      vertex -71.0447 -95.1837 13.7916
      vertex -64.5014 -123.476 -4.74032
      vertex -71.3205 -95.4051 14.184
    endloop
  endfacet
  facet normal -0.845646 0.141523 -0.51464
    outer loop
      vertex -71.3205 -95.4051 14.184
      vertex -64.5014 -123.476 -4.74032
      vertex -71.3249 -95.4063 14.1909
    endloop
  endfacet
  facet normal 0.412256 -0.578164 0.704111
    outer loop
      vertex -59.4189 -126.397 0.173413
      vertex -59.9364 -126.766 0.173413
      vertex -59.5897 -127.418 -0.564954
    endloop
  endfacet
  facet normal -0.960975 -0.0512476 -0.271847
    outer loop
      vertex -64.799 -124.385 -4.45752
      vertex -71.8617 -95.5652 15.076
      vertex -64.7981 -124.384 -4.46089
    endloop
  endfacet
  facet normal -0.964261 -0.0616545 -0.257681
    outer loop
      vertex -71.8617 -95.5652 15.076
      vertex -64.799 -124.385 -4.45752
      vertex -71.9363 -95.6452 15.3743
    endloop
  endfacet
  facet normal -0.964278 -0.0617124 -0.257603
    outer loop
      vertex -71.9363 -95.6452 15.3743
      vertex -64.799 -124.385 -4.45752
      vertex -72.124 -95.5984 16.0657
    endloop
  endfacet
  facet normal 0.609823 -0.358301 0.70692
    outer loop
      vertex -65.4009 -94.6896 21.5051
      vertex -59.0145 -125.907 0.173413
      vertex -58.3883 -126.298 -0.564954
    endloop
  endfacet
  facet normal 0.613366 -0.356204 0.704912
    outer loop
      vertex -59.0145 -125.907 0.173413
      vertex -65.4009 -94.6896 21.5051
      vertex -65.4062 -94.6918 21.5086
    endloop
  endfacet
  facet normal 0.609774 -0.358331 0.706948
    outer loop
      vertex -65.8904 -94.8874 21.8271
      vertex -59.0145 -125.907 0.173413
      vertex -65.4062 -94.6918 21.5086
    endloop
  endfacet
  facet normal 0.609622 -0.358423 0.707032
    outer loop
      vertex -59.0145 -125.907 0.173413
      vertex -65.8904 -94.8874 21.8271
      vertex -65.9582 -94.9031 21.8776
    endloop
  endfacet
  facet normal 0.411954 0.567702 -0.712747
    outer loop
      vertex -59.9878 -121.665 -5.58261
      vertex -65.7219 -93.7513 13.3364
      vertex -59.9727 -121.66 -5.5699
    endloop
  endfacet
  facet normal 0.426322 0.565883 -0.705709
    outer loop
      vertex -59.9878 -121.665 -5.58261
      vertex -66.0097 -93.74 13.1716
      vertex -65.7219 -93.7513 13.3364
    endloop
  endfacet
  facet normal 0.426149 0.565905 -0.705797
    outer loop
      vertex -59.9878 -121.665 -5.58261
      vertex -66.1632 -93.7061 13.1061
      vertex -66.0097 -93.74 13.1716
    endloop
  endfacet
  facet normal 0.426574 0.565854 -0.705581
    outer loop
      vertex -66.1632 -93.7061 13.1061
      vertex -59.9878 -121.665 -5.58261
      vertex -66.2583 -93.6783 13.0709
    endloop
  endfacet
  facet normal -0.972303 -0.0931831 -0.214346
    outer loop
      vertex -65.0429 -124.478 -3.5221
      vertex -72.1695 -95.5871 16.2453
      vertex -72.1532 -95.5911 16.1731
    endloop
  endfacet
  facet normal -0.972382 -0.0935599 -0.213824
    outer loop
      vertex -72.1695 -95.5871 16.2453
      vertex -65.0429 -124.478 -3.5221
      vertex -64.9437 -125.509 -3.5221
    endloop
  endfacet
  facet normal 0.669503 -0.552156 0.49688
    outer loop
      vertex -58.3883 -126.298 -0.564954
      vertex -58.9153 -126.937 -0.564954
      vertex -57.9456 -126.575 -1.46927
    endloop
  endfacet
  facet normal -0.92237 -0.345972 0.171863
    outer loop
      vertex -64.9437 -125.509 -2.47789
      vertex -72.1897 -95.5821 18.8786
      vertex -72.1941 -95.581 18.8572
    endloop
  endfacet
  facet normal -0.922814 -0.345317 0.170794
    outer loop
      vertex -72.1897 -95.5821 18.8786
      vertex -64.9437 -125.509 -2.47789
      vertex -64.5811 -126.478 -2.47789
    endloop
  endfacet
  facet normal -0.845556 0.141626 -0.514758
    outer loop
      vertex -64.4919 -123.466 -4.7535
      vertex -71.0128 -95.1581 13.7463
      vertex -64.2299 -123.211 -5.11371
    endloop
  endfacet
  facet normal -0.845316 0.141892 -0.51508
    outer loop
      vertex -71.0128 -95.1581 13.7463
      vertex -64.4919 -123.466 -4.7535
      vertex -71.0447 -95.1837 13.7916
    endloop
  endfacet
  facet normal -0.294121 -0.646381 0.704048
    outer loop
      vertex -61.7915 -126.945 0.173413
      vertex -62.7612 -127.308 -0.564954
      vertex -62.0074 -127.651 -0.564954
    endloop
  endfacet
  facet normal 0.346075 -0.485074 0.803078
    outer loop
      vertex -66.5072 -95.0298 22.1744
      vertex -67.1437 -95.1768 22.3599
      vertex -59.4189 -126.397 0.173413
    endloop
  endfacet
  facet normal 0.865284 -0.144071 0.480132
    outer loop
      vertex -64.4231 -94.1548 20.3914
      vertex -57.3863 -124.745 -1.46927
      vertex -64.4184 -94.1509 20.3841
    endloop
  endfacet
  facet normal 0.864841 -0.144625 0.480763
    outer loop
      vertex -57.3863 -124.745 -1.46927
      vertex -64.4231 -94.1548 20.3914
      vertex -57.5455 -125.697 -1.46927
    endloop
  endfacet
  facet normal 0.669502 -0.552159 0.496878
    outer loop
      vertex -57.9456 -126.575 -1.46927
      vertex -58.9153 -126.937 -0.564954
      vertex -58.5592 -127.319 -1.46927
    endloop
  endfacet
  facet normal -0.0984171 -0.587691 0.803078
    outer loop
      vertex -68.5293 -95.4967 22.3615
      vertex -61.7915 -126.945 0.173413
      vertex -61.1645 -127.05 0.173413
    endloop
  endfacet
  facet normal -0.106737 -0.588371 0.801515
    outer loop
      vertex -61.7915 -126.945 0.173413
      vertex -68.5293 -95.4967 22.3615
      vertex -68.5347 -95.4979 22.3599
    endloop
  endfacet
  facet normal 0.893425 0.367582 -0.258216
    outer loop
      vertex -57.578 -122.755 -3.5221
      vertex -63.8735 -93.6936 16.0657
      vertex -63.8504 -93.6743 16.1731
    endloop
  endfacet
  facet normal 0.893772 0.367207 -0.257548
    outer loop
      vertex -63.8735 -93.6936 16.0657
      vertex -57.578 -122.755 -3.5221
      vertex -57.8381 -122.778 -4.45752
    endloop
  endfacet
  facet normal 0.893719 0.367265 -0.257647
    outer loop
      vertex -63.8735 -93.6936 16.0657
      vertex -57.8381 -122.778 -4.45752
      vertex -64.0217 -93.818 15.3743
    endloop
  endfacet
  facet normal 0.893776 0.367203 -0.257538
    outer loop
      vertex -57.8381 -122.778 -4.45752
      vertex -64.1238 -93.7787 15.076
      vertex -64.0217 -93.818 15.3743
    endloop
  endfacet
  facet normal 0.890294 0.370924 -0.264182
    outer loop
      vertex -64.1238 -93.7787 15.076
      vertex -57.8381 -122.778 -4.45752
      vertex -57.8391 -122.778 -4.46089
    endloop
  endfacet
  facet normal -0.663235 0.300457 -0.685452
    outer loop
      vertex -71.0128 -95.1581 13.7463
      vertex -64.1072 -122.97 -5.12639
      vertex -64.1271 -122.985 -5.11371
    endloop
  endfacet
  facet normal 0 0 1
    outer loop
      vertex -64.2299 -123.211 -5.11371
      vertex -64.1271 -122.985 -5.11371
      vertex -64.1385 -123.01 -5.11371
    endloop
  endfacet
  facet normal -0.661294 0.301809 -0.686733
    outer loop
      vertex -64.1072 -122.97 -5.12639
      vertex -71.0128 -95.1581 13.7463
      vertex -63.817 -122.756 -5.31179
    endloop
  endfacet
  facet normal -0.662169 0.301199 -0.686157
    outer loop
      vertex -71.0128 -95.1581 13.7463
      vertex -64.1271 -122.985 -5.11371
      vertex -64.2299 -123.211 -5.11371
    endloop
  endfacet
  facet normal -0.627502 0.3249 -0.707589
    outer loop
      vertex -63.817 -122.756 -5.31179
      vertex -70.9567 -95.1385 13.7008
      vertex -70.9556 -95.1379 13.7001
    endloop
  endfacet
  facet normal -0.661928 0.301358 -0.68632
    outer loop
      vertex -63.817 -122.756 -5.31179
      vertex -71.0128 -95.1581 13.7463
      vertex -70.9567 -95.1385 13.7008
    endloop
  endfacet
  facet normal -0.881313 -0.395636 0.258378
    outer loop
      vertex -72.1897 -95.5821 18.8786
      vertex -64.3425 -126.351 -1.46927
      vertex -72.1804 -95.5844 18.9068
    endloop
  endfacet
  facet normal -0.881352 -0.395597 0.258305
    outer loop
      vertex -64.3425 -126.351 -1.46927
      vertex -72.1897 -95.5821 18.8786
      vertex -64.5811 -126.478 -2.47789
    endloop
  endfacet
  facet normal -0.8814 -0.395549 0.258214
    outer loop
      vertex -71.8677 -95.6624 19.8547
      vertex -72.1804 -95.5844 18.9068
      vertex -64.3425 -126.351 -1.46927
    endloop
  endfacet
  facet normal 0.198989 -0.53246 0.822733
    outer loop
      vertex -67.1547 -95.1793 22.362
      vertex -67.8392 -95.3373 22.4253
      vertex -60.5318 -126.989 0.173413
    endloop
  endfacet
  facet normal 0.0681468 -0.706828 0.704095
    outer loop
      vertex -61.1645 -127.05 0.173413
      vertex -61.1903 -127.788 -0.564954
      vertex -60.5318 -126.989 0.173413
    endloop
  endfacet
  facet normal 0.351467 -0.482975 0.802001
    outer loop
      vertex -67.149 -95.178 22.3615
      vertex -59.4189 -126.397 0.173413
      vertex -67.1437 -95.1768 22.3599
    endloop
  endfacet
  facet normal 0.345922 -0.485135 0.803108
    outer loop
      vertex -59.4189 -126.397 0.173413
      vertex -67.149 -95.178 22.3615
      vertex -59.9364 -126.766 0.173413
    endloop
  endfacet
  facet normal 0.504955 -0.416248 0.756147
    outer loop
      vertex -65.9582 -94.9031 21.8776
      vertex -66.4984 -95.0278 22.1697
      vertex -59.0145 -125.907 0.173413
    endloop
  endfacet
  facet normal -0.787083 -0.560972 0.256535
    outer loop
      vertex -63.7823 -127.137 -1.46927
      vertex -64.3425 -126.351 -1.46927
      vertex -63.9799 -127.321 -2.47789
    endloop
  endfacet
  facet normal -0.696497 -0.516764 0.497842
    outer loop
      vertex -70.8801 -95.8636 21.0632
      vertex -71.021 -95.8735 20.8558
      vertex -63.4004 -126.781 -0.564954
    endloop
  endfacet
  facet normal -0.696809 -0.516633 0.497541
    outer loop
      vertex -71.4203 -95.7739 20.4
      vertex -63.4004 -126.781 -0.564954
      vertex -71.021 -95.8735 20.8558
    endloop
  endfacet
  facet normal 0.249054 -0.664964 0.704127
    outer loop
      vertex -59.9364 -126.766 0.173413
      vertex -60.5318 -126.989 0.173413
      vertex -59.5897 -127.418 -0.564954
    endloop
  endfacet
  facet normal -0.117283 -0.700349 0.704099
    outer loop
      vertex -61.1645 -127.05 0.173413
      vertex -61.7915 -126.945 0.173413
      vertex -61.1903 -127.788 -0.564954
    endloop
  endfacet
  facet normal 0.864754 -0.144733 0.480888
    outer loop
      vertex -64.0759 -93.8635 19.8547
      vertex -64.4184 -94.1509 20.3841
      vertex -57.3863 -124.745 -1.46927
    endloop
  endfacet
  facet normal 0.789757 -0.35979 0.496825
    outer loop
      vertex -58.0448 -125.544 -0.564954
      vertex -58.3883 -126.298 -0.564954
      vertex -57.9456 -126.575 -1.46927
    endloop
  endfacet
  facet normal 0.789685 -0.359855 0.496892
    outer loop
      vertex -57.5455 -125.697 -1.46927
      vertex -58.0448 -125.544 -0.564954
      vertex -57.9456 -126.575 -1.46927
    endloop
  endfacet
  facet normal 0.0836452 -0.863704 0.49701
    outer loop
      vertex -60.3657 -127.708 -0.564954
      vertex -61.2085 -128.31 -1.46927
      vertex -60.2482 -128.217 -1.46927
    endloop
  endfacet
  facet normal -0.0519117 0.545073 -0.83678
    outer loop
      vertex -61.738 -121.764 -5.85421
      vertex -67.5906 -93.6419 12.8274
      vertex -61.7275 -121.763 -5.85421
    endloop
  endfacet
  facet normal -0.0525689 0.544958 -0.836814
    outer loop
      vertex -67.5906 -93.6419 12.8274
      vertex -61.738 -121.764 -5.85421
      vertex -68.2069 -93.7445 12.7993
    endloop
  endfacet
  facet normal 0.214367 0.0270004 -0.97638
    outer loop
      vertex -60.9229 -121.653 -5.79864
      vertex -60.7952 -121.633 -5.77005
      vertex -60.8026 -121.635 -5.77173
    endloop
  endfacet
  facet normal 0.0954647 0.566559 -0.818473
    outer loop
      vertex -60.7372 -121.643 -5.77005
      vertex -67.4438 -93.627 12.8408
      vertex -60.5177 -121.68 -5.77006
    endloop
  endfacet
  facet normal 0.0977255 0.566808 -0.818033
    outer loop
      vertex -60.7952 -121.633 -5.77005
      vertex -67.4438 -93.627 12.8408
      vertex -60.7372 -121.643 -5.77005
    endloop
  endfacet
  facet normal 0.0945635 0.566463 -0.818644
    outer loop
      vertex -60.9229 -121.653 -5.79864
      vertex -67.4438 -93.627 12.8408
      vertex -60.7952 -121.633 -5.77005
    endloop
  endfacet
  facet normal 0.0945012 0.566456 -0.818655
    outer loop
      vertex -60.9373 -121.657 -5.80307
      vertex -67.4438 -93.627 12.8408
      vertex -60.9229 -121.653 -5.79864
    endloop
  endfacet
  facet normal 0.0947561 0.566484 -0.818607
    outer loop
      vertex -61.1041 -121.703 -5.85421
      vertex -67.4438 -93.627 12.8408
      vertex -60.9373 -121.657 -5.80307
    endloop
  endfacet
  facet normal 0.0933195 0.566337 -0.818874
    outer loop
      vertex -67.4438 -93.627 12.8408
      vertex -61.1041 -121.703 -5.85421
      vertex -67.5155 -93.6295 12.8309
    endloop
  endfacet
  facet normal -0.39233 -0.589273 0.706282
    outer loop
      vertex -70.3146 -95.8241 21.5051
      vertex -62.3699 -126.681 0.173413
      vertex -70.3089 -95.8237 21.5086
    endloop
  endfacet
  facet normal -0.390195 -0.589443 0.707323
    outer loop
      vertex -62.3699 -126.681 0.173413
      vertex -70.3146 -95.8241 21.5051
      vertex -62.7612 -127.308 -0.564954
    endloop
  endfacet
  facet normal -0.271399 -0.595486 0.756134
    outer loop
      vertex -69.1799 -95.6469 22.1697
      vertex -69.7201 -95.7716 21.8776
      vertex -62.3699 -126.681 0.173413
    endloop
  endfacet
  facet normal -0.786861 -0.561163 0.256799
    outer loop
      vertex -64.3425 -126.351 -1.46927
      vertex -64.5811 -126.478 -2.47789
      vertex -63.9799 -127.321 -2.47789
    endloop
  endfacet
  facet normal -0.143529 -0.856041 0.496582
    outer loop
      vertex -62.0074 -127.651 -0.564954
      vertex -62.16 -128.15 -1.46927
      vertex -61.1903 -127.788 -0.564954
    endloop
  endfacet
  facet normal -0.117432 -0.700394 0.704029
    outer loop
      vertex -61.7915 -126.945 0.173413
      vertex -62.0074 -127.651 -0.564954
      vertex -61.1903 -127.788 -0.564954
    endloop
  endfacet
  facet normal 0.0545506 -0.565806 0.822732
    outer loop
      vertex -68.5236 -95.4953 22.362
      vertex -61.1645 -127.05 0.173413
      vertex -60.5318 -126.989 0.173413
    endloop
  endfacet
  facet normal 0.0661913 -0.563569 0.823413
    outer loop
      vertex -61.1645 -127.05 0.173413
      vertex -68.5236 -95.4953 22.362
      vertex -68.5293 -95.4967 22.3615
    endloop
  endfacet
  facet normal 0.0545283 -0.56581 0.822731
    outer loop
      vertex -67.8392 -95.3373 22.4253
      vertex -68.5236 -95.4953 22.362
      vertex -60.5318 -126.989 0.173413
    endloop
  endfacet
  facet normal 0.503844 -0.706641 0.496789
    outer loop
      vertex -58.5592 -127.319 -1.46927
      vertex -59.5897 -127.418 -0.564954
      vertex -59.3446 -127.879 -1.46927
    endloop
  endfacet
  facet normal 0.304023 -0.812766 0.496973
    outer loop
      vertex -59.3446 -127.879 -1.46927
      vertex -60.3657 -127.708 -0.564954
      vertex -60.2482 -128.217 -1.46927
    endloop
  endfacet
  facet normal 0.980999 0.0956097 0.168816
    outer loop
      vertex -63.8216 -93.6501 18.8786
      vertex -57.2154 -123.724 -2.47789
      vertex -63.8182 -93.6472 18.8572
    endloop
  endfacet
  facet normal 0.980827 0.0943725 0.170505
    outer loop
      vertex -57.2154 -123.724 -2.47789
      vertex -63.8216 -93.6501 18.8786
      vertex -57.1162 -124.755 -2.47789
    endloop
  endfacet
  facet normal 0.852719 -0.158939 0.497602
    outer loop
      vertex -64.7444 -94.4244 20.8558
      vertex -58.0448 -125.544 -0.564954
      vertex -64.4291 -94.1598 20.4
    endloop
  endfacet
  facet normal 0.852697 -0.158965 0.497632
    outer loop
      vertex -58.0448 -125.544 -0.564954
      vertex -64.7444 -94.4244 20.8558
      vertex -64.8753 -94.4773 21.0632
    endloop
  endfacet
  facet normal 0.850896 -0.160958 0.500068
    outer loop
      vertex -58.0448 -125.544 -0.564954
      vertex -64.4231 -94.1548 20.3914
      vertex -64.4291 -94.1598 20.4
    endloop
  endfacet
  facet normal 0.852661 -0.159006 0.497682
    outer loop
      vertex -64.4231 -94.1548 20.3914
      vertex -58.0448 -125.544 -0.564954
      vertex -57.5455 -125.697 -1.46927
    endloop
  endfacet
  facet normal 0.953254 -0.15941 0.256701
    outer loop
      vertex -57.3863 -124.745 -1.46927
      vertex -57.5455 -125.697 -1.46927
      vertex -57.2871 -125.776 -2.47789
    endloop
  endfacet
  facet normal 0.953193 -0.15955 0.256839
    outer loop
      vertex -57.1162 -124.755 -2.47789
      vertex -57.3863 -124.745 -1.46927
      vertex -57.2871 -125.776 -2.47789
    endloop
  endfacet
  facet normal 0.977638 0.210293 0
    outer loop
      vertex -57.2154 -123.724 -2.47789
      vertex -63.7166 -93.5004 17.0246
      vertex -63.7166 -93.5004 18.191
    endloop
  endfacet
  facet normal 0.977638 0.210293 0
    outer loop
      vertex -63.7166 -93.5004 17.0246
      vertex -57.2154 -123.724 -2.47789
      vertex -57.2154 -123.724 -3.5221
    endloop
  endfacet
  facet normal 0.705638 0.494669 -0.507325
    outer loop
      vertex -58.5041 -122.091 -4.74032
      vertex -64.6804 -93.8721 14.184
      vertex -64.676 -93.8713 14.1909
    endloop
  endfacet
  facet normal 0.694658 0.499307 -0.517825
    outer loop
      vertex -64.6804 -93.8721 14.184
      vertex -58.5041 -122.091 -4.74032
      vertex -58.5168 -122.087 -4.7535
    endloop
  endfacet
  facet normal 0.698041 0.497897 -0.514623
    outer loop
      vertex -65.0254 -93.794 13.7916
      vertex -64.6804 -93.8721 14.184
      vertex -58.5168 -122.087 -4.7535
    endloop
  endfacet
  facet normal 0.915126 0.341995 -0.213503
    outer loop
      vertex -63.7975 -93.6299 16.471
      vertex -57.2154 -123.724 -3.5221
      vertex -63.8376 -93.6635 16.2453
    endloop
  endfacet
  facet normal 0.915017 0.342134 -0.213749
    outer loop
      vertex -57.2154 -123.724 -3.5221
      vertex -63.7975 -93.6299 16.471
      vertex -63.7166 -93.5004 17.0246
    endloop
  endfacet
  facet normal 0.915181 0.341918 -0.213394
    outer loop
      vertex -63.8376 -93.6635 16.2453
      vertex -57.578 -122.755 -3.5221
      vertex -63.8504 -93.6743 16.1731
    endloop
  endfacet
  facet normal 0.914854 0.342339 -0.214116
    outer loop
      vertex -57.578 -122.755 -3.5221
      vertex -63.8376 -93.6635 16.2453
      vertex -57.2154 -123.724 -3.5221
    endloop
  endfacet
  facet normal 0.412351 -0.578149 0.704067
    outer loop
      vertex -59.4189 -126.397 0.173413
      vertex -59.5897 -127.418 -0.564954
      vertex -58.9153 -126.937 -0.564954
    endloop
  endfacet
  facet normal 0.503914 -0.706527 0.496881
    outer loop
      vertex -58.9153 -126.937 -0.564954
      vertex -59.5897 -127.418 -0.564954
      vertex -58.5592 -127.319 -1.46927
    endloop
  endfacet
  facet normal 0.547839 -0.451817 0.704084
    outer loop
      vertex -58.3883 -126.298 -0.564954
      vertex -59.4189 -126.397 0.173413
      vertex -58.9153 -126.937 -0.564954
    endloop
  endfacet
  facet normal 0.193949 -0.533838 0.823043
    outer loop
      vertex -67.1547 -95.1793 22.362
      vertex -59.9364 -126.766 0.173413
      vertex -67.149 -95.178 22.3615
    endloop
  endfacet
  facet normal 0.199388 -0.532357 0.822703
    outer loop
      vertex -59.9364 -126.766 0.173413
      vertex -67.1547 -95.1793 22.362
      vertex -60.5318 -126.989 0.173413
    endloop
  endfacet
  facet normal 0.303814 -0.812965 0.496775
    outer loop
      vertex -59.5897 -127.418 -0.564954
      vertex -60.3657 -127.708 -0.564954
      vertex -59.3446 -127.879 -1.46927
    endloop
  endfacet
  facet normal 0.248662 -0.665384 0.703869
    outer loop
      vertex -59.5897 -127.418 -0.564954
      vertex -60.5318 -126.989 0.173413
      vertex -60.3657 -127.708 -0.564954
    endloop
  endfacet
  facet normal -0.857747 0.1274 -0.498036
    outer loop
      vertex -64.6056 -123.565 -4.58361
      vertex -71.8133 -95.5508 14.9961
      vertex -64.5166 -123.489 -4.71745
    endloop
  endfacet
  facet normal -0.858377 0.126618 -0.497148
    outer loop
      vertex -71.8133 -95.5508 14.9961
      vertex -64.6056 -123.565 -4.58361
      vertex -71.8617 -95.5652 15.076
    endloop
  endfacet
  facet normal -0.858053 0.127022 -0.497604
    outer loop
      vertex -64.7206 -123.968 -4.48818
      vertex -71.8617 -95.5652 15.076
      vertex -64.6056 -123.565 -4.58361
    endloop
  endfacet
  facet normal -0.858458 0.126526 -0.497032
    outer loop
      vertex -64.726 -123.987 -4.48369
      vertex -71.8617 -95.5652 15.076
      vertex -64.7206 -123.968 -4.48818
    endloop
  endfacet
  facet normal -0.857896 0.127214 -0.497826
    outer loop
      vertex -71.8617 -95.5652 15.076
      vertex -64.726 -123.987 -4.48369
      vertex -64.7981 -124.384 -4.46089
    endloop
  endfacet
  facet normal -0.858058 0.127012 -0.497598
    outer loop
      vertex -64.5166 -123.489 -4.71745
      vertex -71.7917 -95.5444 14.9606
      vertex -71.3249 -95.4063 14.1909
    endloop
  endfacet
  facet normal -0.85788 0.127225 -0.497851
    outer loop
      vertex -64.5166 -123.489 -4.71745
      vertex -71.3249 -95.4063 14.1909
      vertex -64.5014 -123.476 -4.74032
    endloop
  endfacet
  facet normal -0.857347 0.1279 -0.498596
    outer loop
      vertex -71.7917 -95.5444 14.9606
      vertex -64.5166 -123.489 -4.71745
      vertex -71.8133 -95.5508 14.9961
    endloop
  endfacet
  facet normal 0.503206 0.55371 -0.663467
    outer loop
      vertex -59.4383 -121.743 -5.31361
      vertex -65.1255 -93.7919 13.7001
      vertex -59.4348 -121.744 -5.31179
    endloop
  endfacet
  facet normal 0.462398 0.561107 -0.686547
    outer loop
      vertex -59.4383 -121.743 -5.31361
      vertex -65.511 -93.7642 13.4631
      vertex -65.1255 -93.7919 13.7001
    endloop
  endfacet
  facet normal 0.462772 0.56105 -0.686341
    outer loop
      vertex -65.511 -93.7642 13.4631
      vertex -59.4383 -121.743 -5.31361
      vertex -65.6521 -93.754 13.3763
    endloop
  endfacet
  facet normal 0.0863514 0.565602 -0.820145
    outer loop
      vertex -60.5177 -121.68 -5.77006
      vertex -66.8511 -93.6068 12.9234
      vertex -60.5046 -121.682 -5.77006
    endloop
  endfacet
  facet normal 0.0947767 0.566479 -0.818608
    outer loop
      vertex -66.8511 -93.6068 12.9234
      vertex -60.5177 -121.68 -5.77006
      vertex -67.4438 -93.627 12.8408
    endloop
  endfacet
  facet normal -0.0524524 0.544981 -0.836806
    outer loop
      vertex -61.7275 -121.763 -5.85421
      vertex -67.5155 -93.6295 12.8309
      vertex -61.1041 -121.703 -5.85421
    endloop
  endfacet
  facet normal -0.0510284 0.545226 -0.836734
    outer loop
      vertex -67.5155 -93.6295 12.8309
      vertex -61.7275 -121.763 -5.85421
      vertex -67.5906 -93.6419 12.8274
    endloop
  endfacet
  facet normal -0.294703 -0.645667 0.70446
    outer loop
      vertex -62.3699 -126.681 0.173413
      vertex -62.7612 -127.308 -0.564954
      vertex -61.7915 -126.945 0.173413
    endloop
  endfacet
  facet normal -0.476856 -0.57838 0.66188
    outer loop
      vertex -70.8651 -95.8626 21.0749
      vertex -63.4004 -126.781 -0.564954
      vertex -62.7612 -127.308 -0.564954
    endloop
  endfacet
  facet normal -0.477447 -0.578283 0.661538
    outer loop
      vertex -63.4004 -126.781 -0.564954
      vertex -70.8651 -95.8626 21.0749
      vertex -70.8801 -95.8636 21.0632
    endloop
  endfacet
  facet normal 0.0837985 -0.863753 0.496899
    outer loop
      vertex -61.1903 -127.788 -0.564954
      vertex -61.2085 -128.31 -1.46927
      vertex -60.3657 -127.708 -0.564954
    endloop
  endfacet
  facet normal -0.143907 -0.855798 0.49689
    outer loop
      vertex -61.1903 -127.788 -0.564954
      vertex -62.16 -128.15 -1.46927
      vertex -61.2085 -128.31 -1.46927
    endloop
  endfacet
  facet normal -0.0984126 -0.587689 0.803079
    outer loop
      vertex -68.5347 -95.4979 22.3599
      vertex -69.1712 -95.6448 22.1744
      vertex -61.7915 -126.945 0.173413
    endloop
  endfacet
  facet normal 0.980836 0.0944417 0.170413
    outer loop
      vertex -63.7975 -93.6299 18.7284
      vertex -57.2154 -123.724 -2.47789
      vertex -63.7166 -93.5004 18.191
    endloop
  endfacet
  facet normal 0.980845 0.0945027 0.170329
    outer loop
      vertex -57.2154 -123.724 -2.47789
      vertex -63.7975 -93.6299 18.7284
      vertex -63.8182 -93.6472 18.8572
    endloop
  endfacet
  facet normal 0.965586 0.0308436 0.258249
    outer loop
      vertex -63.829 -93.6563 18.9068
      vertex -64.0759 -93.8635 19.8547
      vertex -57.3863 -124.745 -1.46927
    endloop
  endfacet
  facet normal 0.9652 0.0297357 0.259817
    outer loop
      vertex -57.3863 -124.745 -1.46927
      vertex -63.8216 -93.6501 18.8786
      vertex -63.829 -93.6563 18.9068
    endloop
  endfacet
  facet normal 0.965581 0.0308276 0.258269
    outer loop
      vertex -63.8216 -93.6501 18.8786
      vertex -57.3863 -124.745 -1.46927
      vertex -57.1162 -124.755 -2.47789
    endloop
  endfacet
  facet normal 0.714912 0.490604 -0.498205
    outer loop
      vertex -58.4847 -122.096 -4.71745
      vertex -64.1958 -93.7908 14.9606
      vertex -64.1736 -93.7871 14.9961
    endloop
  endfacet
  facet normal 0.715479 0.490336 -0.497655
    outer loop
      vertex -64.1958 -93.7908 14.9606
      vertex -58.4847 -122.096 -4.71745
      vertex -64.676 -93.8713 14.1909
    endloop
  endfacet
  facet normal 0.714415 0.490812 -0.498714
    outer loop
      vertex -64.676 -93.8713 14.1909
      vertex -58.4847 -122.096 -4.71745
      vertex -58.5041 -122.091 -4.74032
    endloop
  endfacet
  facet normal 0.715582 0.49029 -0.497552
    outer loop
      vertex -58.078 -122.452 -4.48369
      vertex -64.1736 -93.7871 14.9961
      vertex -64.1238 -93.7787 15.076
    endloop
  endfacet
  facet normal 0.715626 0.490265 -0.497513
    outer loop
      vertex -64.1736 -93.7871 14.9961
      vertex -58.3711 -122.126 -4.58361
      vertex -58.4847 -122.096 -4.71745
    endloop
  endfacet
  facet normal 0.715889 0.490142 -0.497256
    outer loop
      vertex -64.1736 -93.7871 14.9961
      vertex -58.0912 -122.438 -4.48818
      vertex -58.3711 -122.126 -4.58361
    endloop
  endfacet
  facet normal 0.700964 0.496798 -0.511704
    outer loop
      vertex -64.1736 -93.7871 14.9961
      vertex -58.078 -122.452 -4.48369
      vertex -58.0912 -122.438 -4.48818
    endloop
  endfacet
  facet normal 0.716131 0.490037 -0.497011
    outer loop
      vertex -58.078 -122.452 -4.48369
      vertex -64.1238 -93.7787 15.076
      vertex -57.8391 -122.778 -4.46089
    endloop
  endfacet
  facet normal -0.970882 -0.239558 -0
    outer loop
      vertex -64.9437 -125.509 -2.47789
      vertex -72.3498 -95.4935 17.0246
      vertex -64.9437 -125.509 -3.5221
    endloop
  endfacet
  facet normal -0.970882 -0.239558 0
    outer loop
      vertex -72.3498 -95.4935 17.0246
      vertex -64.9437 -125.509 -2.47789
      vertex -72.3498 -95.4935 18.191
    endloop
  endfacet
  facet normal 0.547776 -0.452083 0.703962
    outer loop
      vertex -59.0145 -125.907 0.173413
      vertex -59.4189 -126.397 0.173413
      vertex -58.3883 -126.298 -0.564954
    endloop
  endfacet
  facet normal 0.500029 -0.418777 0.758022
    outer loop
      vertex -66.5072 -95.0298 22.1744
      vertex -59.0145 -125.907 0.173413
      vertex -66.4984 -95.0278 22.1697
    endloop
  endfacet
  facet normal 0.504585 -0.416437 0.75629
    outer loop
      vertex -59.0145 -125.907 0.173413
      vertex -66.5072 -95.0298 22.1744
      vertex -59.4189 -126.397 0.173413
    endloop
  endfacet
  facet normal 0.426119 0.565912 -0.705808
    outer loop
      vertex -59.8845 -121.634 -5.4956
      vertex -65.6521 -93.754 13.3763
      vertex -59.4383 -121.743 -5.31361
    endloop
  endfacet
  facet normal 0.427302 0.565757 -0.705218
    outer loop
      vertex -59.9727 -121.66 -5.5699
      vertex -65.6521 -93.754 13.3763
      vertex -59.8845 -121.634 -5.4956
    endloop
  endfacet
  facet normal 0.425525 0.565995 -0.706101
    outer loop
      vertex -65.6521 -93.754 13.3763
      vertex -59.9727 -121.66 -5.5699
      vertex -65.7219 -93.7513 13.3364
    endloop
  endfacet
  facet normal -0.661636 0.301566 -0.68651
    outer loop
      vertex -70.9556 -95.1379 13.7001
      vertex -63.8142 -122.754 -5.31361
      vertex -63.817 -122.756 -5.31179
    endloop
  endfacet
  facet normal -0.661706 0.301518 -0.686463
    outer loop
      vertex -63.8142 -122.754 -5.31361
      vertex -70.6213 -94.944 13.4631
      vertex -70.4989 -94.873 13.3763
    endloop
  endfacet
  facet normal -0.661623 0.301576 -0.686518
    outer loop
      vertex -63.8142 -122.754 -5.31361
      vertex -70.9556 -95.1379 13.7001
      vertex -70.6213 -94.944 13.4631
    endloop
  endfacet
  facet normal -0.205564 0.508771 -0.836
    outer loop
      vertex -68.8058 -93.9225 12.8274
      vertex -61.738 -121.764 -5.85421
      vertex -61.7479 -121.768 -5.85421
    endloop
  endfacet
  facet normal -0.191684 0.512839 -0.836812
    outer loop
      vertex -61.738 -121.764 -5.85421
      vertex -68.8058 -93.9225 12.8274
      vertex -68.2069 -93.7445 12.7993
    endloop
  endfacet
  facet normal -0.390955 -0.589382 0.706953
    outer loop
      vertex -69.7879 -95.7872 21.8271
      vertex -62.3699 -126.681 0.173413
      vertex -69.7201 -95.7716 21.8776
    endloop
  endfacet
  facet normal -0.390902 -0.589387 0.706978
    outer loop
      vertex -62.3699 -126.681 0.173413
      vertex -69.7879 -95.7872 21.8271
      vertex -70.3089 -95.8237 21.5086
    endloop
  endfacet
  facet normal -0.359571 -0.790217 0.496252
    outer loop
      vertex -62.7612 -127.308 -0.564954
      vertex -63.0379 -127.75 -1.46927
      vertex -62.0074 -127.651 -0.564954
    endloop
  endfacet
  facet normal 0.697373 0.498167 -0.515269
    outer loop
      vertex -58.5168 -122.087 -4.7535
      vertex -65.0653 -93.785 13.7463
      vertex -65.0254 -93.794 13.7916
    endloop
  endfacet
  facet normal 0.698123 0.497866 -0.514542
    outer loop
      vertex -65.0653 -93.785 13.7463
      vertex -58.5168 -122.087 -4.7535
      vertex -58.8643 -121.972 -5.11371
    endloop
  endfacet
  facet normal 0.261601 0.575198 -0.775056
    outer loop
      vertex -60.5046 -121.682 -5.77006
      vertex -66.7895 -93.6143 12.9387
      vertex -60.0035 -121.665 -5.58831
    endloop
  endfacet
  facet normal 0.262466 0.575197 -0.774765
    outer loop
      vertex -66.7895 -93.6143 12.9387
      vertex -60.5046 -121.682 -5.77006
      vertex -66.8511 -93.6068 12.9234
    endloop
  endfacet
  facet normal 0.279184 0.575088 -0.76898
    outer loop
      vertex -60.0035 -121.665 -5.58831
      vertex -66.2583 -93.6783 13.0709
      vertex -59.9878 -121.665 -5.58261
    endloop
  endfacet
  facet normal 0.262144 0.575205 -0.774868
    outer loop
      vertex -66.2583 -93.6783 13.0709
      vertex -60.0035 -121.665 -5.58831
      vertex -66.7895 -93.6143 12.9387
    endloop
  endfacet
  facet normal -0.631287 0.321695 -0.705684
    outer loop
      vertex -70.4989 -94.873 13.3763
      vertex -63.3702 -122.445 -5.5699
      vertex -63.4609 -122.46 -5.4956
    endloop
  endfacet
  facet normal -0.631244 0.321723 -0.705709
    outer loop
      vertex -70.4989 -94.873 13.3763
      vertex -63.4609 -122.46 -5.4956
      vertex -63.8142 -122.754 -5.31361
    endloop
  endfacet
  facet normal -0.631396 0.321622 -0.705619
    outer loop
      vertex -63.3702 -122.445 -5.5699
      vertex -70.4989 -94.873 13.3763
      vertex -70.4375 -94.84 13.3364
    endloop
  endfacet
  facet normal 0.0625947 -0.0880008 0.994152
    outer loop
      vertex -62.8719 -122.223 -5.77006
      vertex -62.6429 -122.06 -5.77005
      vertex -62.6907 -122.094 -5.77005
    endloop
  endfacet
  facet normal -0.334015 0.467423 -0.818505
    outer loop
      vertex -68.9443 -93.9734 12.8408
      vertex -62.3345 -121.987 -5.85421
      vertex -62.5046 -122.019 -5.80307
    endloop
  endfacet
  facet normal -0.341093 0.464835 -0.817058
    outer loop
      vertex -68.9443 -93.9734 12.8408
      vertex -62.5046 -122.019 -5.80307
      vertex -62.5193 -122.022 -5.79864
    endloop
  endfacet
  facet normal -0.334068 0.4674 -0.818496
    outer loop
      vertex -68.9443 -93.9734 12.8408
      vertex -62.5193 -122.022 -5.79864
      vertex -62.6356 -122.058 -5.77173
    endloop
  endfacet
  facet normal -0.318613 0.47287 -0.821511
    outer loop
      vertex -68.9443 -93.9734 12.8408
      vertex -62.6356 -122.058 -5.77173
      vertex -62.6429 -122.06 -5.77005
    endloop
  endfacet
  facet normal -0.332944 0.467806 -0.818722
    outer loop
      vertex -68.9443 -93.9734 12.8408
      vertex -62.6429 -122.06 -5.77005
      vertex -62.8719 -122.223 -5.77006
    endloop
  endfacet
  facet normal -0.331978 0.468171 -0.818906
    outer loop
      vertex -62.3345 -121.987 -5.85421
      vertex -68.9443 -93.9734 12.8408
      vertex -68.8787 -93.9442 12.8309
    endloop
  endfacet
  facet normal -0.191483 0.512895 -0.836823
    outer loop
      vertex -68.8787 -93.9442 12.8309
      vertex -61.7479 -121.768 -5.85421
      vertex -62.3345 -121.987 -5.85421
    endloop
  endfacet
  facet normal -0.192738 0.512531 -0.836758
    outer loop
      vertex -61.7479 -121.768 -5.85421
      vertex -68.8787 -93.9442 12.8309
      vertex -68.8058 -93.9225 12.8274
    endloop
  endfacet
  facet normal -0.694706 -0.51748 0.499599
    outer loop
      vertex -71.4279 -95.772 20.3914
      vertex -63.4004 -126.781 -0.564954
      vertex -71.4203 -95.7739 20.4
    endloop
  endfacet
  facet normal -0.696722 -0.516669 0.497627
    outer loop
      vertex -63.4004 -126.781 -0.564954
      vertex -71.4279 -95.772 20.3914
      vertex -63.7823 -127.137 -1.46927
    endloop
  endfacet
  facet normal -0.476811 -0.578386 0.661907
    outer loop
      vertex -70.3146 -95.8241 21.5051
      vertex -70.8651 -95.8626 21.0749
      vertex -62.7612 -127.308 -0.564954
    endloop
  endfacet
  facet normal -0.551711 -0.669974 0.496739
    outer loop
      vertex -63.4004 -126.781 -0.564954
      vertex -63.7823 -127.137 -1.46927
      vertex -63.0379 -127.75 -1.46927
    endloop
  endfacet
  facet normal -0.552243 -0.669818 0.496359
    outer loop
      vertex -62.7612 -127.308 -0.564954
      vertex -63.4004 -126.781 -0.564954
      vertex -63.0379 -127.75 -1.46927
    endloop
  endfacet
  facet normal -0.343601 0.463861 -0.816561
    outer loop
      vertex -69.4859 -94.2151 12.9234
      vertex -62.8719 -122.223 -5.77006
      vertex -62.8827 -122.231 -5.77006
    endloop
  endfacet
  facet normal -0.333523 0.467603 -0.818602
    outer loop
      vertex -62.8719 -122.223 -5.77006
      vertex -69.4859 -94.2151 12.9234
      vertex -68.9443 -93.9734 12.8408
    endloop
  endfacet
  facet normal -0.713699 -0.509212 0.480975
    outer loop
      vertex -71.4338 -95.7705 20.3841
      vertex -71.8677 -95.6624 19.8547
      vertex -64.3425 -126.351 -1.46927
    endloop
  endfacet
  facet normal -0.487854 0.402024 -0.774839
    outer loop
      vertex -69.5379 -94.2488 12.9387
      vertex -62.8827 -122.231 -5.77006
      vertex -63.3403 -122.436 -5.58831
    endloop
  endfacet
  facet normal -0.488323 0.401794 -0.774662
    outer loop
      vertex -62.8827 -122.231 -5.77006
      vertex -69.5379 -94.2488 12.9387
      vertex -69.4859 -94.2151 12.9234
    endloop
  endfacet
  facet normal -0.637237 0.317732 -0.702122
    outer loop
      vertex -70.4375 -94.84 13.3364
      vertex -63.3547 -122.442 -5.58261
      vertex -63.3702 -122.445 -5.5699
    endloop
  endfacet
  facet normal -0.631462 0.321588 -0.705575
    outer loop
      vertex -63.3547 -122.442 -5.58261
      vertex -70.0606 -94.6059 13.1061
      vertex -69.9873 -94.5392 13.0709
    endloop
  endfacet
  facet normal -0.631167 0.321778 -0.705752
    outer loop
      vertex -63.3547 -122.442 -5.58261
      vertex -70.1837 -94.7037 13.1716
      vertex -70.0606 -94.6059 13.1061
    endloop
  endfacet
  facet normal -0.631113 0.321814 -0.705785
    outer loop
      vertex -63.3547 -122.442 -5.58261
      vertex -70.4375 -94.84 13.3364
      vertex -70.1837 -94.7037 13.1716
    endloop
  endfacet
  facet normal -0.477739 0.406929 -0.778572
    outer loop
      vertex -69.9873 -94.5392 13.0709
      vertex -63.3403 -122.436 -5.58831
      vertex -63.3547 -122.442 -5.58261
    endloop
  endfacet
  facet normal -0.48776 0.402068 -0.774875
    outer loop
      vertex -63.3403 -122.436 -5.58831
      vertex -69.9873 -94.5392 13.0709
      vertex -69.5379 -94.2488 12.9387
    endloop
  endfacet
  facet normal 0.522781 -0.733281 0.434741
    outer loop
      vertex -56.6247 -136.725 -19.6606
      vertex -59.3446 -127.879 -1.46927
      vertex -57.312 -137.215 -19.6606
    endloop
  endfacet
  facet normal -0.953208 0.159594 -0.256759
    outer loop
      vertex -62.0616 -134.247 -22.3394
      vertex -62.298 -134.239 -21.4568
      vertex -61.9223 -133.415 -22.3394
    endloop
  endfacet
  facet normal 0.0676417 -0.706664 -0.704308
    outer loop
      vertex -58.3507 -136.436 -23.7767
      vertex -58.9269 -137.135 -23.1307
      vertex -58.9044 -136.489 -23.7767
    endloop
  endfacet
  facet normal -0.669969 0.5518 -0.496647
    outer loop
      vertex -60.7238 -132.329 -23.1307
      vertex -61.5723 -132.647 -22.3394
      vertex -61.0353 -131.995 -22.3394
    endloop
  endfacet
  facet normal 0.66954 -0.552281 -0.496691
    outer loop
      vertex -56.0878 -136.074 -22.3394
      vertex -56.9363 -136.391 -23.1307
      vertex -56.4752 -135.832 -23.1307
    endloop
  endfacet
  facet normal -0.70177 0.571739 -0.42501
    outer loop
      vertex -61.0353 -131.995 -22.3394
      vertex -64.1271 -122.985 -5.11371
      vertex -64.1072 -122.97 -5.12639
    endloop
  endfacet
  facet normal -0.698294 0.575129 -0.42616
    outer loop
      vertex -64.1271 -122.985 -5.11371
      vertex -61.0353 -131.995 -22.3394
      vertex -61.5723 -132.647 -22.3394
    endloop
  endfacet
  facet normal 0.522821 -0.733256 0.434735
    outer loop
      vertex -58.5592 -127.319 -1.46927
      vertex -59.3446 -127.879 -1.46927
      vertex -56.6247 -136.725 -19.6606
    endloop
  endfacet
  facet normal 0.713552 -0.588489 0.380164
    outer loop
      vertex -57.9456 -126.575 -1.46927
      vertex -58.5592 -127.319 -1.46927
      vertex -56.6247 -136.725 -19.6606
    endloop
  endfacet
  facet normal -0.958863 0.160526 -0.234121
    outer loop
      vertex -62.298 -134.239 -21.4568
      vertex -65.0429 -124.478 -3.5221
      vertex -62.1485 -133.346 -21.4568
    endloop
  endfacet
  facet normal 0.578231 0.412293 -0.704034
    outer loop
      vertex -56.9488 -133.36 -23.7767
      vertex -57.2718 -132.907 -23.7767
      vertex -56.3783 -133.057 -23.1307
    endloop
  endfacet
  facet normal 0.580716 -0.814106 0
    outer loop
      vertex -57.2009 -137.424 -21.4568
      vertex -56.4635 -136.898 -20.5432
      vertex -57.2009 -137.424 -20.5432
    endloop
  endfacet
  facet normal 0.580716 -0.814106 0
    outer loop
      vertex -56.4635 -136.898 -20.5432
      vertex -57.2009 -137.424 -21.4568
      vertex -56.4635 -136.898 -21.4568
    endloop
  endfacet
  facet normal 0.70033 -0.117146 -0.704141
    outer loop
      vertex -56.1746 -135.172 -23.1307
      vertex -56.7925 -134.983 -23.7767
      vertex -56.055 -134.457 -23.1307
    endloop
  endfacet
  facet normal 0.706383 0.50403 -0.496968
    outer loop
      vertex -56.3783 -133.057 -23.1307
      vertex -56.4652 -132.155 -22.3394
      vertex -55.975 -132.842 -22.3394
    endloop
  endfacet
  facet normal 0.994385 0.0957964 0.0449708
    outer loop
      vertex -55.4489 -133.58 -20.5432
      vertex -57.2154 -123.724 -2.47789
      vertex -55.3621 -134.481 -20.5432
    endloop
  endfacet
  facet normal 0.855959 -0.143242 -0.496806
    outer loop
      vertex -55.7378 -135.306 -22.3394
      vertex -56.055 -134.457 -23.1307
      vertex -55.5984 -134.473 -22.3394
    endloop
  endfacet
  facet normal 0.29241 -0.40995 -0.863966
    outer loop
      vertex -57.8298 -136.241 -23.7767
      vertex -58.2012 -135.543 -24.2336
      vertex -57.9166 -135.34 -24.2336
    endloop
  endfacet
  facet normal 0.338855 -0.905064 0.256974
    outer loop
      vertex -57.312 -137.215 -19.6606
      vertex -58.1026 -137.511 -19.6606
      vertex -57.2009 -137.424 -20.5432
    endloop
  endfacet
  facet normal 0.932058 0.348342 -0.0996267
    outer loop
      vertex -55.7662 -132.731 -21.4568
      vertex -57.2154 -123.724 -3.5221
      vertex -55.4489 -133.58 -21.4568
    endloop
  endfacet
  facet normal 0.905341 0.338357 -0.256655
    outer loop
      vertex -55.6793 -133.633 -22.3394
      vertex -55.7662 -132.731 -21.4568
      vertex -55.4489 -133.58 -21.4568
    endloop
  endfacet
  facet normal 0.78674 0.561368 -0.256722
    outer loop
      vertex -55.975 -132.842 -22.3394
      vertex -56.4652 -132.155 -22.3394
      vertex -55.7662 -132.731 -21.4568
    endloop
  endfacet
  facet normal 0.0826298 -0.86402 -0.49663
    outer loop
      vertex -58.1026 -137.511 -22.3394
      vertex -58.9269 -137.135 -23.1307
      vertex -58.2054 -137.066 -23.1307
    endloop
  endfacet
  facet normal -0.0676544 0.706669 -0.704302
    outer loop
      vertex -58.7557 -132.231 -23.7767
      vertex -59.3093 -132.284 -23.7767
      vertex -58.7331 -131.585 -23.1307
    endloop
  endfacet
  facet normal -0.248808 0.664764 -0.704402
    outer loop
      vertex -59.8303 -132.479 -23.7767
      vertex -60.1336 -131.908 -23.1307
      vertex -59.3093 -132.284 -23.7767
    endloop
  endfacet
  facet normal -0.292094 0.409652 -0.864214
    outer loop
      vertex -59.7435 -133.381 -24.2336
      vertex -59.8303 -132.479 -23.7767
      vertex -59.4588 -133.178 -24.2336
    endloop
  endfacet
  facet normal -0.814329 -0.580403 0
    outer loop
      vertex -61.3679 -136.727 -21.4568
      vertex -61.8939 -135.989 -20.5432
      vertex -61.8939 -135.989 -21.4568
    endloop
  endfacet
  facet normal -0.814329 -0.580403 0
    outer loop
      vertex -61.8939 -135.989 -20.5432
      vertex -61.3679 -136.727 -21.4568
      vertex -61.3679 -136.727 -20.5432
    endloop
  endfacet
  facet normal 0.143657 0.855837 -0.496896
    outer loop
      vertex -58.0182 -131.705 -23.1307
      vertex -58.7331 -131.585 -23.1307
      vertex -57.8846 -131.268 -22.3394
    endloop
  endfacet
  facet normal -0.990441 -0.0952976 -0.0997208
    outer loop
      vertex -64.9437 -125.509 -3.5221
      vertex -65.0429 -124.478 -3.5221
      vertex -62.298 -134.239 -21.4568
    endloop
  endfacet
  facet normal -0.504029 0.706598 -0.496662
    outer loop
      vertex -60.7238 -132.329 -23.1307
      vertex -61.0353 -131.995 -22.3394
      vertex -60.1336 -131.908 -23.1307
    endloop
  endfacet
  facet normal 0.338855 -0.905064 -0.256974
    outer loop
      vertex -57.2009 -137.424 -21.4568
      vertex -58.1026 -137.511 -22.3394
      vertex -57.312 -137.215 -22.3394
    endloop
  endfacet
  facet normal 0.869285 -0.396158 0.295639
    outer loop
      vertex -55.7378 -135.306 -19.6606
      vertex -57.9456 -126.575 -1.46927
      vertex -56.0878 -136.074 -19.6606
    endloop
  endfacet
  facet normal 0.304098 -0.812924 -0.496667
    outer loop
      vertex -58.1026 -137.511 -22.3394
      vertex -58.2054 -137.066 -23.1307
      vertex -57.5264 -136.812 -23.1307
    endloop
  endfacet
  facet normal 0.320246 0.388275 -0.864109
    outer loop
      vertex -57.2718 -132.907 -23.7767
      vertex -58.1203 -133.224 -24.2336
      vertex -57.701 -132.553 -23.7767
    endloop
  endfacet
  facet normal 0.786699 0.56147 -0.256623
    outer loop
      vertex -55.7662 -132.731 -21.4568
      vertex -56.4652 -132.155 -22.3394
      vertex -56.2922 -131.994 -21.4568
    endloop
  endfacet
  facet normal 0.855996 -0.143185 -0.496759
    outer loop
      vertex -55.7378 -135.306 -22.3394
      vertex -56.1746 -135.172 -23.1307
      vertex -56.055 -134.457 -23.1307
    endloop
  endfacet
  facet normal -0.412222 0.577895 -0.704351
    outer loop
      vertex -60.2831 -132.802 -23.7767
      vertex -60.7238 -132.329 -23.1307
      vertex -60.1336 -131.908 -23.1307
    endloop
  endfacet
  facet normal 0.451612 0.54791 -0.704159
    outer loop
      vertex -56.7993 -132.466 -23.1307
      vertex -57.701 -132.553 -23.7767
      vertex -57.3586 -132.005 -23.1307
    endloop
  endfacet
  facet normal 0.547695 -0.451689 -0.704278
    outer loop
      vertex -56.9363 -136.391 -23.1307
      vertex -57.3769 -135.918 -23.7767
      vertex -57.0231 -135.489 -23.7767
    endloop
  endfacet
  facet normal -0.607238 -0.737403 0.295804
    outer loop
      vertex -63.0379 -127.75 -1.46927
      vertex -63.7823 -127.137 -1.46927
      vertex -61.1949 -136.565 -19.6606
    endloop
  endfacet
  facet normal -0.5521 -0.669826 -0.496507
    outer loop
      vertex -60.5436 -137.102 -22.3394
      vertex -60.8608 -136.254 -23.1307
      vertex -60.3015 -136.715 -23.1307
    endloop
  endfacet
  facet normal -0.665034 -0.24858 -0.704228
    outer loop
      vertex -61.2818 -135.664 -23.1307
      vertex -61.5356 -134.985 -23.1307
      vertex -60.9061 -134.839 -23.7767
    endloop
  endfacet
  facet normal -0.646121 0.294725 -0.704034
    outer loop
      vertex -60.6369 -133.231 -23.7767
      vertex -61.4854 -133.548 -23.1307
      vertex -61.1848 -132.889 -23.1307
    endloop
  endfacet
  facet normal -0.458001 0.208182 -0.864231
    outer loop
      vertex -60.1109 -133.969 -24.2336
      vertex -60.8676 -133.737 -23.7767
      vertex -59.9659 -133.65 -24.2336
    endloop
  endfacet
  facet normal 0.496414 -0.0830069 -0.864108
    outer loop
      vertex -56.7925 -134.983 -23.7767
      vertex -57.5492 -134.752 -24.2336
      vertex -56.7007 -134.434 -23.7767
    endloop
  endfacet
  facet normal 0.713552 -0.588489 0.380164
    outer loop
      vertex -56.0878 -136.074 -19.6606
      vertex -57.9456 -126.575 -1.46927
      vertex -56.6247 -136.725 -19.6606
    endloop
  endfacet
  facet normal 0.791637 0.564408 -0.233998
    outer loop
      vertex -56.2922 -131.994 -21.4568
      vertex -57.8381 -122.778 -4.45752
      vertex -57.578 -122.755 -3.5221
    endloop
  endfacet
  facet normal 0.790719 0.565429 -0.234635
    outer loop
      vertex -57.8381 -122.778 -4.45752
      vertex -56.2922 -131.994 -21.4568
      vertex -57.8391 -122.778 -4.46089
    endloop
  endfacet
  facet normal 0.791977 0.564029 -0.233761
    outer loop
      vertex -58.078 -122.452 -4.48369
      vertex -57.8391 -122.778 -4.46089
      vertex -56.2922 -131.994 -21.4568
    endloop
  endfacet
  facet normal -0.503938 0.706748 -0.496542
    outer loop
      vertex -60.1336 -131.908 -23.1307
      vertex -61.0353 -131.995 -22.3394
      vertex -60.3481 -131.505 -22.3394
    endloop
  endfacet
  facet normal -0.943454 0.208122 -0.258032
    outer loop
      vertex -61.9223 -133.415 -22.3394
      vertex -64.7206 -123.968 -4.48818
      vertex -64.6056 -123.565 -4.58361
    endloop
  endfacet
  facet normal 0.578287 0.411944 -0.704192
    outer loop
      vertex -56.3783 -133.057 -23.1307
      vertex -57.2718 -132.907 -23.7767
      vertex -56.7993 -132.466 -23.1307
    endloop
  endfacet
  facet normal -0.0475175 0.501094 -0.864087
    outer loop
      vertex -59.1313 -133.055 -24.2336
      vertex -59.3093 -132.284 -23.7767
      vertex -58.7833 -133.022 -24.2336
    endloop
  endfacet
  facet normal -0.292204 0.409628 -0.864189
    outer loop
      vertex -59.7435 -133.381 -24.2336
      vertex -60.2831 -132.802 -23.7767
      vertex -59.8303 -132.479 -23.7767
    endloop
  endfacet
  facet normal 0.144612 0.866218 -0.478282
    outer loop
      vertex -58.7172 -131.129 -22.3394
      vertex -60.7372 -121.643 -5.77005
      vertex -57.8846 -131.268 -22.3394
    endloop
  endfacet
  facet normal 0.149285 0.865854 -0.477504
    outer loop
      vertex -60.7372 -121.643 -5.77005
      vertex -58.7172 -131.129 -22.3394
      vertex -60.7952 -121.633 -5.77005
    endloop
  endfacet
  facet normal -0.301734 0.809674 -0.503374
    outer loop
      vertex -60.1336 -131.908 -23.1307
      vertex -62.5046 -122.019 -5.80307
      vertex -59.4547 -131.655 -23.1307
    endloop
  endfacet
  facet normal -0.3157 0.804855 -0.502535
    outer loop
      vertex -62.5046 -122.019 -5.80307
      vertex -60.1336 -131.908 -23.1307
      vertex -62.5193 -122.022 -5.79864
    endloop
  endfacet
  facet normal -0.334048 0.798212 -0.501268
    outer loop
      vertex -62.6356 -122.058 -5.77173
      vertex -60.3481 -131.505 -22.3394
      vertex -62.6429 -122.06 -5.77005
    endloop
  endfacet
  facet normal -0.360857 0.787856 -0.499064
    outer loop
      vertex -60.3481 -131.505 -22.3394
      vertex -62.6356 -122.058 -5.77173
      vertex -60.1336 -131.908 -23.1307
    endloop
  endfacet
  facet normal -0.149361 -0.888163 0.434577
    outer loop
      vertex -58.9429 -137.592 -19.6606
      vertex -61.2085 -128.31 -1.46927
      vertex -59.7754 -137.452 -19.6606
    endloop
  endfacet
  facet normal 0.0927419 -0.962111 0.256399
    outer loop
      vertex -58.9429 -137.592 -19.6606
      vertex -58.9511 -137.828 -20.5432
      vertex -58.1026 -137.511 -19.6606
    endloop
  endfacet
  facet normal -0.158938 -0.953093 0.257592
    outer loop
      vertex -59.7754 -137.452 -19.6606
      vertex -59.8446 -137.679 -20.5432
      vertex -58.9511 -137.828 -20.5432
    endloop
  endfacet
  facet normal -0.789832 0.35995 -0.496589
    outer loop
      vertex -61.4854 -133.548 -23.1307
      vertex -61.9223 -133.415 -22.3394
      vertex -61.5723 -132.647 -22.3394
    endloop
  endfacet
  facet normal 0.310857 -0.831037 0.461243
    outer loop
      vertex -59.3446 -127.879 -1.46927
      vertex -60.2482 -128.217 -1.46927
      vertex -58.1026 -137.511 -19.6606
    endloop
  endfacet
  facet normal 0.311109 -0.830957 0.461218
    outer loop
      vertex -57.312 -137.215 -19.6606
      vertex -59.3446 -127.879 -1.46927
      vertex -58.1026 -137.511 -19.6606
    endloop
  endfacet
  facet normal 0.869299 -0.396135 0.295629
    outer loop
      vertex -57.5455 -125.697 -1.46927
      vertex -57.9456 -126.575 -1.46927
      vertex -55.7378 -135.306 -19.6606
    endloop
  endfacet
  facet normal 0.879428 -0.400972 -0.256568
    outer loop
      vertex -55.8873 -136.199 -21.4568
      vertex -56.0878 -136.074 -22.3394
      vertex -55.5116 -135.375 -21.4568
    endloop
  endfacet
  facet normal 0.338279 -0.905458 0.256347
    outer loop
      vertex -57.2009 -137.424 -20.5432
      vertex -58.1026 -137.511 -19.6606
      vertex -58.0494 -137.741 -20.5432
    endloop
  endfacet
  facet normal 0.962033 0.0926529 -0.256727
    outer loop
      vertex -55.5984 -134.473 -22.3394
      vertex -55.6793 -133.633 -22.3394
      vertex -55.3621 -134.481 -21.4568
    endloop
  endfacet
  facet normal 0.962037 0.0926801 -0.256702
    outer loop
      vertex -55.3621 -134.481 -21.4568
      vertex -55.6793 -133.633 -22.3394
      vertex -55.4489 -133.58 -21.4568
    endloop
  endfacet
  facet normal 0.74562 -0.614936 0.256717
    outer loop
      vertex -56.0878 -136.074 -19.6606
      vertex -56.6247 -136.725 -19.6606
      vertex -56.4635 -136.898 -20.5432
    endloop
  endfacet
  facet normal 0.561252 -0.786819 0.256734
    outer loop
      vertex -56.6247 -136.725 -19.6606
      vertex -57.2009 -137.424 -20.5432
      vertex -56.4635 -136.898 -20.5432
    endloop
  endfacet
  facet normal 0.791319 0.564768 -0.234206
    outer loop
      vertex -56.2922 -131.994 -21.4568
      vertex -57.578 -122.755 -3.5221
      vertex -55.7662 -132.731 -21.4568
    endloop
  endfacet
  facet normal 0.59711 0.724204 -0.344946
    outer loop
      vertex -57.1165 -131.618 -22.3394
      vertex -59.0343 -121.832 -5.11371
      vertex -56.4652 -132.155 -22.3394
    endloop
  endfacet
  facet normal 0.606907 0.718173 -0.340428
    outer loop
      vertex -59.0343 -121.832 -5.11371
      vertex -57.1165 -131.618 -22.3394
      vertex -59.0556 -121.814 -5.11371
    endloop
  endfacet
  facet normal 0.768206 0.0698204 -0.636384
    outer loop
      vertex -58.3711 -122.126 -4.58361
      vertex -58.5041 -122.091 -4.74032
      vertex -58.4847 -122.096 -4.71745
    endloop
  endfacet
  facet normal 0.597182 0.72416 -0.344916
    outer loop
      vertex -58.5168 -122.087 -4.7535
      vertex -56.4652 -132.155 -22.3394
      vertex -58.8643 -121.972 -5.11371
    endloop
  endfacet
  facet normal 0.590487 0.728167 -0.347991
    outer loop
      vertex -58.5041 -122.091 -4.74032
      vertex -56.4652 -132.155 -22.3394
      vertex -58.5168 -122.087 -4.7535
    endloop
  endfacet
  facet normal 0.597063 0.724228 -0.344977
    outer loop
      vertex -56.4652 -132.155 -22.3394
      vertex -58.5041 -122.091 -4.74032
      vertex -58.3711 -122.126 -4.58361
    endloop
  endfacet
  facet normal 0.596634 0.724484 -0.345184
    outer loop
      vertex -59.0343 -121.832 -5.11371
      vertex -58.8643 -121.972 -5.11371
      vertex -56.4652 -132.155 -22.3394
    endloop
  endfacet
  facet normal 0.931897 0.348716 -0.0998277
    outer loop
      vertex -55.7662 -132.731 -21.4568
      vertex -57.578 -122.755 -3.5221
      vertex -57.2154 -123.724 -3.5221
    endloop
  endfacet
  facet normal 0.412152 -0.577906 -0.704383
    outer loop
      vertex -57.5264 -136.812 -23.1307
      vertex -57.8298 -136.241 -23.7767
      vertex -57.3769 -135.918 -23.7767
    endloop
  endfacet
  facet normal 0.700317 -0.117102 -0.704161
    outer loop
      vertex -56.055 -134.457 -23.1307
      vertex -56.7925 -134.983 -23.7767
      vertex -56.7007 -134.434 -23.7767
    endloop
  endfacet
  facet normal -0.614563 -0.745798 -0.257093
    outer loop
      vertex -60.6689 -137.303 -21.4568
      vertex -61.3679 -136.727 -21.4568
      vertex -60.5436 -137.102 -22.3394
    endloop
  endfacet
  facet normal -0.966853 0.130432 -0.219506
    outer loop
      vertex -62.1485 -133.346 -21.4568
      vertex -64.799 -124.385 -4.45752
      vertex -64.7981 -124.384 -4.46089
    endloop
  endfacet
  facet normal -0.958893 0.160418 -0.234072
    outer loop
      vertex -64.799 -124.385 -4.45752
      vertex -62.1485 -133.346 -21.4568
      vertex -65.0429 -124.478 -3.5221
    endloop
  endfacet
  facet normal -0.958817 0.160682 -0.234204
    outer loop
      vertex -62.1485 -133.346 -21.4568
      vertex -64.7981 -124.384 -4.46089
      vertex -64.726 -123.987 -4.48369
    endloop
  endfacet
  facet normal -0.359991 -0.790128 -0.496088
    outer loop
      vertex -59.7754 -137.452 -22.3394
      vertex -60.5436 -137.102 -22.3394
      vertex -59.6419 -137.016 -23.1307
    endloop
  endfacet
  facet normal -0.812939 -0.304183 -0.496592
    outer loop
      vertex -61.6851 -135.878 -22.3394
      vertex -61.9807 -135.088 -22.3394
      vertex -61.2818 -135.664 -23.1307
    endloop
  endfacet
  facet normal 0.0675789 -0.70664 -0.704338
    outer loop
      vertex -58.2054 -137.066 -23.1307
      vertex -58.9269 -137.135 -23.1307
      vertex -58.3507 -136.436 -23.7767
    endloop
  endfacet
  facet normal 0.248713 -0.664866 -0.70434
    outer loop
      vertex -58.2054 -137.066 -23.1307
      vertex -58.3507 -136.436 -23.7767
      vertex -57.5264 -136.812 -23.1307
    endloop
  endfacet
  facet normal -0.706805 -0.0680373 -0.704129
    outer loop
      vertex -61.5356 -134.985 -23.1307
      vertex -61.6051 -134.263 -23.1307
      vertex -60.9061 -134.839 -23.7767
    endloop
  endfacet
  facet normal -0.935628 -0.350088 0.0451388
    outer loop
      vertex -61.8939 -135.989 -20.5432
      vertex -64.9437 -125.509 -2.47789
      vertex -62.2112 -135.141 -20.5432
    endloop
  endfacet
  facet normal 0.451717 0.547676 -0.704275
    outer loop
      vertex -57.2718 -132.907 -23.7767
      vertex -57.701 -132.553 -23.7767
      vertex -56.7993 -132.466 -23.1307
    endloop
  endfacet
  facet normal 0.5521 0.669826 -0.496507
    outer loop
      vertex -56.7993 -132.466 -23.1307
      vertex -57.3586 -132.005 -23.1307
      vertex -57.1165 -131.618 -22.3394
    endloop
  endfacet
  facet normal -0.0180688 0.866511 -0.49883
    outer loop
      vertex -58.7331 -131.585 -23.1307
      vertex -60.9229 -121.653 -5.79864
      vertex -60.8026 -121.635 -5.77173
    endloop
  endfacet
  facet normal -0.248038 0.665586 -0.703898
    outer loop
      vertex -59.3093 -132.284 -23.7767
      vertex -60.1336 -131.908 -23.1307
      vertex -59.4547 -131.655 -23.1307
    endloop
  endfacet
  facet normal 0.360757 0.827448 -0.430331
    outer loop
      vertex -57.1165 -131.618 -22.3394
      vertex -59.0799 -121.81 -5.12639
      vertex -59.0556 -121.814 -5.11371
    endloop
  endfacet
  facet normal 0.375094 0.82317 -0.426258
    outer loop
      vertex -59.0799 -121.81 -5.12639
      vertex -57.1165 -131.618 -22.3394
      vertex -57.8846 -131.268 -22.3394
    endloop
  endfacet
  facet normal 0.359844 0.789703 -0.496872
    outer loop
      vertex -57.1165 -131.618 -22.3394
      vertex -58.0182 -131.705 -23.1307
      vertex -57.8846 -131.268 -22.3394
    endloop
  endfacet
  facet normal -0.0840097 0.859957 -0.503405
    outer loop
      vertex -58.7331 -131.585 -23.1307
      vertex -60.9373 -121.657 -5.80307
      vertex -60.9229 -121.653 -5.79864
    endloop
  endfacet
  facet normal -0.0834288 0.860031 -0.503374
    outer loop
      vertex -60.9373 -121.657 -5.80307
      vertex -58.7331 -131.585 -23.1307
      vertex -59.4547 -131.655 -23.1307
    endloop
  endfacet
  facet normal -0.0819251 0.860213 -0.50331
    outer loop
      vertex -61.7275 -121.763 -5.85421
      vertex -59.4547 -131.655 -23.1307
      vertex -61.738 -121.764 -5.85421
    endloop
  endfacet
  facet normal -0.0827818 0.860103 -0.503359
    outer loop
      vertex -61.1041 -121.703 -5.85421
      vertex -59.4547 -131.655 -23.1307
      vertex -61.7275 -121.763 -5.85421
    endloop
  endfacet
  facet normal -0.0828678 0.860093 -0.503362
    outer loop
      vertex -59.4547 -131.655 -23.1307
      vertex -61.1041 -121.703 -5.85421
      vertex -60.9373 -121.657 -5.80307
    endloop
  endfacet
  facet normal -0.32401 0.801924 -0.501933
    outer loop
      vertex -61.738 -121.764 -5.85421
      vertex -59.4547 -131.655 -23.1307
      vertex -61.7479 -121.768 -5.85421
    endloop
  endfacet
  facet normal -0.303524 0.809031 -0.503331
    outer loop
      vertex -62.3345 -121.987 -5.85421
      vertex -59.4547 -131.655 -23.1307
      vertex -62.5046 -122.019 -5.80307
    endloop
  endfacet
  facet normal -0.302215 0.809495 -0.503373
    outer loop
      vertex -59.4547 -131.655 -23.1307
      vertex -62.3345 -121.987 -5.85421
      vertex -61.7479 -121.768 -5.85421
    endloop
  endfacet
  facet normal -0.697296 0.576091 -0.426494
    outer loop
      vertex -63.817 -122.756 -5.31179
      vertex -61.0353 -131.995 -22.3394
      vertex -64.1072 -122.97 -5.12639
    endloop
  endfacet
  facet normal -0.692783 0.580353 -0.428069
    outer loop
      vertex -63.8142 -122.754 -5.31361
      vertex -61.0353 -131.995 -22.3394
      vertex -63.817 -122.756 -5.31179
    endloop
  endfacet
  facet normal -0.698205 0.575227 -0.426172
    outer loop
      vertex -61.0353 -131.995 -22.3394
      vertex -63.8142 -122.754 -5.31361
      vertex -63.4609 -122.46 -5.4956
    endloop
  endfacet
  facet normal -0.990441 -0.0953107 -0.0997143
    outer loop
      vertex -62.2112 -135.141 -21.4568
      vertex -64.9437 -125.509 -3.5221
      vertex -62.298 -134.239 -21.4568
    endloop
  endfacet
  facet normal 0.745816 -0.614791 0.256498
    outer loop
      vertex -56.0878 -136.074 -19.6606
      vertex -56.4635 -136.898 -20.5432
      vertex -55.8873 -136.199 -20.5432
    endloop
  endfacet
  facet normal 0.561017 -0.786912 0.256961
    outer loop
      vertex -56.6247 -136.725 -19.6606
      vertex -57.312 -137.215 -19.6606
      vertex -57.2009 -137.424 -20.5432
    endloop
  endfacet
  facet normal 0.669561 -0.552208 -0.496743
    outer loop
      vertex -56.6247 -136.725 -22.3394
      vertex -56.9363 -136.391 -23.1307
      vertex -56.0878 -136.074 -22.3394
    endloop
  endfacet
  facet normal 0.504068 -0.706534 -0.496714
    outer loop
      vertex -56.6247 -136.725 -22.3394
      vertex -57.5264 -136.812 -23.1307
      vertex -56.9363 -136.391 -23.1307
    endloop
  endfacet
  facet normal 0.986304 -0.164936 0
    outer loop
      vertex -55.5116 -135.375 -20.5432
      vertex -55.3621 -134.481 -21.4568
      vertex -55.3621 -134.481 -20.5432
    endloop
  endfacet
  facet normal 0.986304 -0.164936 0
    outer loop
      vertex -55.3621 -134.481 -21.4568
      vertex -55.5116 -135.375 -20.5432
      vertex -55.5116 -135.375 -21.4568
    endloop
  endfacet
  facet normal 0.953246 -0.159523 -0.25666
    outer loop
      vertex -55.3621 -134.481 -21.4568
      vertex -55.7378 -135.306 -22.3394
      vertex -55.5984 -134.473 -22.3394
    endloop
  endfacet
  facet normal 0.91216 -0.317953 0.258591
    outer loop
      vertex -57.2871 -125.776 -2.47789
      vertex -57.5455 -125.697 -1.46927
      vertex -55.7378 -135.306 -19.6606
    endloop
  endfacet
  facet normal 0.995392 0.0958934 0
    outer loop
      vertex -55.3621 -134.481 -20.5432
      vertex -55.4489 -133.58 -21.4568
      vertex -55.4489 -133.58 -20.5432
    endloop
  endfacet
  facet normal 0.995392 0.0958934 0
    outer loop
      vertex -55.4489 -133.58 -21.4568
      vertex -55.3621 -134.481 -20.5432
      vertex -55.3621 -134.481 -21.4568
    endloop
  endfacet
  facet normal 0.905294 0.338426 -0.256731
    outer loop
      vertex -55.6793 -133.633 -22.3394
      vertex -55.975 -132.842 -22.3394
      vertex -55.7662 -132.731 -21.4568
    endloop
  endfacet
  facet normal 0.812884 0.303881 -0.496866
    outer loop
      vertex -55.6793 -133.633 -22.3394
      vertex -56.3783 -133.057 -23.1307
      vertex -55.975 -132.842 -22.3394
    endloop
  endfacet
  facet normal 0.55224 0.669784 -0.496407
    outer loop
      vertex -56.7993 -132.466 -23.1307
      vertex -57.1165 -131.618 -22.3394
      vertex -56.4652 -132.155 -22.3394
    endloop
  endfacet
  facet normal 0.707016 0.503644 -0.496458
    outer loop
      vertex -56.3783 -133.057 -23.1307
      vertex -56.7993 -132.466 -23.1307
      vertex -56.4652 -132.155 -22.3394
    endloop
  endfacet
  facet normal 0.984315 0.17642 0
    outer loop
      vertex -55.4489 -133.58 -20.5432
      vertex -57.2154 -123.724 -3.5221
      vertex -57.2154 -123.724 -2.47789
    endloop
  endfacet
  facet normal 0.984315 0.17642 0
    outer loop
      vertex -57.2154 -123.724 -3.5221
      vertex -55.4489 -133.58 -20.5432
      vertex -55.4489 -133.58 -21.4568
    endloop
  endfacet
  facet normal 0.742437 0.614305 -0.267238
    outer loop
      vertex -56.2922 -131.994 -21.4568
      vertex -58.0912 -122.438 -4.48818
      vertex -58.078 -122.452 -4.48369
    endloop
  endfacet
  facet normal 0.756932 0.600452 -0.257899
    outer loop
      vertex -58.0912 -122.438 -4.48818
      vertex -56.2922 -131.994 -21.4568
      vertex -56.4652 -132.155 -22.3394
    endloop
  endfacet
  facet normal 0.757066 0.600319 -0.257815
    outer loop
      vertex -56.4652 -132.155 -22.3394
      vertex -58.3711 -122.126 -4.58361
      vertex -58.0912 -122.438 -4.48818
    endloop
  endfacet
  facet normal 0.248842 -0.664728 -0.704425
    outer loop
      vertex -57.5264 -136.812 -23.1307
      vertex -58.3507 -136.436 -23.7767
      vertex -57.8298 -136.241 -23.7767
    endloop
  endfacet
  facet normal -0.500955 -0.0482241 -0.864129
    outer loop
      vertex -60.1351 -134.661 -24.2336
      vertex -60.9061 -134.839 -23.7767
      vertex -60.1686 -134.313 -24.2336
    endloop
  endfacet
  facet normal -0.451612 -0.54791 -0.704159
    outer loop
      vertex -60.3015 -136.715 -23.1307
      vertex -60.8608 -136.254 -23.1307
      vertex -59.9591 -136.167 -23.7767
    endloop
  endfacet
  facet normal 0.547628 -0.451719 -0.704311
    outer loop
      vertex -56.9363 -136.391 -23.1307
      vertex -57.0231 -135.489 -23.7767
      vertex -56.4752 -135.832 -23.1307
    endloop
  endfacet
  facet normal -0.160297 -0.953195 0.256366
    outer loop
      vertex -58.9429 -137.592 -19.6606
      vertex -59.7754 -137.452 -19.6606
      vertex -58.9511 -137.828 -20.5432
    endloop
  endfacet
  facet normal -0.936583 -0.350446 0
    outer loop
      vertex -61.8939 -135.989 -21.4568
      vertex -62.2112 -135.141 -20.5432
      vertex -62.2112 -135.141 -21.4568
    endloop
  endfacet
  facet normal -0.936583 -0.350446 0
    outer loop
      vertex -62.2112 -135.141 -20.5432
      vertex -61.8939 -135.989 -21.4568
      vertex -61.8939 -135.989 -20.5432
    endloop
  endfacet
  facet normal -0.401051 -0.879218 0.257166
    outer loop
      vertex -60.5436 -137.102 -19.6606
      vertex -60.6689 -137.303 -20.5432
      vertex -59.8446 -137.679 -20.5432
    endloop
  endfacet
  facet normal -0.142557 -0.856541 -0.495998
    outer loop
      vertex -58.9269 -137.135 -23.1307
      vertex -59.7754 -137.452 -22.3394
      vertex -59.6419 -137.016 -23.1307
    endloop
  endfacet
  facet normal -0.158938 -0.953093 -0.257592
    outer loop
      vertex -58.9511 -137.828 -21.4568
      vertex -59.8446 -137.679 -21.4568
      vertex -59.7754 -137.452 -22.3394
    endloop
  endfacet
  facet normal 0.176544 -0.471598 -0.863961
    outer loop
      vertex -57.8298 -136.241 -23.7767
      vertex -58.3507 -136.436 -23.7767
      vertex -58.2012 -135.543 -24.2336
    endloop
  endfacet
  facet normal -0.577927 -0.412385 -0.704229
    outer loop
      vertex -60.8608 -136.254 -23.1307
      vertex -61.2818 -135.664 -23.1307
      vertex -60.3883 -135.813 -23.7767
    endloop
  endfacet
  facet normal -0.706606 -0.50419 -0.496488
    outer loop
      vertex -61.1949 -136.565 -22.3394
      vertex -61.6851 -135.878 -22.3394
      vertex -61.2818 -135.664 -23.1307
    endloop
  endfacet
  facet normal 0.349974 -0.936759 0
    outer loop
      vertex -58.0494 -137.741 -21.4568
      vertex -57.2009 -137.424 -20.5432
      vertex -58.0494 -137.741 -20.5432
    endloop
  endfacet
  facet normal 0.349974 -0.936759 0
    outer loop
      vertex -57.2009 -137.424 -20.5432
      vertex -58.0494 -137.741 -21.4568
      vertex -57.2009 -137.424 -21.4568
    endloop
  endfacet
  facet normal 0.0927419 -0.962111 -0.256399
    outer loop
      vertex -58.1026 -137.511 -22.3394
      vertex -58.9511 -137.828 -21.4568
      vertex -58.9429 -137.592 -22.3394
    endloop
  endfacet
  facet normal -0.943734 0.207335 -0.257638
    outer loop
      vertex -64.7206 -123.968 -4.48818
      vertex -62.1485 -133.346 -21.4568
      vertex -64.726 -123.987 -4.48369
    endloop
  endfacet
  facet normal -0.943429 0.208192 -0.258066
    outer loop
      vertex -62.1485 -133.346 -21.4568
      vertex -64.7206 -123.968 -4.48818
      vertex -61.9223 -133.415 -22.3394
    endloop
  endfacet
  facet normal -0.953207 0.159579 -0.256771
    outer loop
      vertex -61.9223 -133.415 -22.3394
      vertex -62.298 -134.239 -21.4568
      vertex -62.1485 -133.346 -21.4568
    endloop
  endfacet
  facet normal -0.547662 0.451662 -0.70432
    outer loop
      vertex -60.6369 -133.231 -23.7767
      vertex -60.7238 -132.329 -23.1307
      vertex -60.2831 -132.802 -23.7767
    endloop
  endfacet
  facet normal -0.863925 -0.0831052 -0.496717
    outer loop
      vertex -61.9807 -135.088 -22.3394
      vertex -62.0616 -134.247 -22.3394
      vertex -61.6051 -134.263 -23.1307
    endloop
  endfacet
  facet normal -0.93562 -0.350109 0.0451523
    outer loop
      vertex -64.5811 -126.478 -2.47789
      vertex -64.9437 -125.509 -2.47789
      vertex -61.8939 -135.989 -20.5432
    endloop
  endfacet
  facet normal 0.409702 0.292128 -0.864179
    outer loop
      vertex -56.9488 -133.36 -23.7767
      vertex -57.8505 -133.447 -24.2336
      vertex -57.2718 -132.907 -23.7767
    endloop
  endfacet
  facet normal 0.40954 0.292879 -0.864002
    outer loop
      vertex -57.6474 -133.731 -24.2336
      vertex -57.8505 -133.447 -24.2336
      vertex -56.9488 -133.36 -23.7767
    endloop
  endfacet
  facet normal -0.0685861 0.707024 -0.703856
    outer loop
      vertex -59.3093 -132.284 -23.7767
      vertex -59.4547 -131.655 -23.1307
      vertex -58.7331 -131.585 -23.1307
    endloop
  endfacet
  facet normal 0.320505 0.387769 -0.864241
    outer loop
      vertex -57.8505 -133.447 -24.2336
      vertex -58.1203 -133.224 -24.2336
      vertex -57.2718 -132.907 -23.7767
    endloop
  endfacet
  facet normal 0.374974 0.823195 -0.426314
    outer loop
      vertex -59.4383 -121.743 -5.31361
      vertex -57.8846 -131.268 -22.3394
      vertex -59.8845 -121.634 -5.4956
    endloop
  endfacet
  facet normal 0.440424 0.800039 -0.407387
    outer loop
      vertex -59.4348 -121.744 -5.31179
      vertex -57.8846 -131.268 -22.3394
      vertex -59.4383 -121.743 -5.31361
    endloop
  endfacet
  facet normal 0.375654 0.822987 -0.426119
    outer loop
      vertex -57.8846 -131.268 -22.3394
      vertex -59.4348 -121.744 -5.31179
      vertex -59.0799 -121.81 -5.12639
    endloop
  endfacet
  facet normal 0.646667 -0.0143073 -0.762638
    outer loop
      vertex -59.8845 -121.634 -5.4956
      vertex -59.9878 -121.665 -5.58261
      vertex -59.9727 -121.66 -5.5699
    endloop
  endfacet
  facet normal 0.171903 0.863863 -0.473487
    outer loop
      vertex -57.8846 -131.268 -22.3394
      vertex -60.0035 -121.665 -5.58831
      vertex -59.9878 -121.665 -5.58261
    endloop
  endfacet
  facet normal 0.13235 0.866893 -0.480603
    outer loop
      vertex -60.5046 -121.682 -5.77006
      vertex -57.8846 -131.268 -22.3394
      vertex -60.5177 -121.68 -5.77006
    endloop
  endfacet
  facet normal 0.144118 0.866251 -0.478371
    outer loop
      vertex -60.0035 -121.665 -5.58831
      vertex -57.8846 -131.268 -22.3394
      vertex -60.5046 -121.682 -5.77006
    endloop
  endfacet
  facet normal 0.143077 0.866339 -0.478524
    outer loop
      vertex -57.8846 -131.268 -22.3394
      vertex -59.9878 -121.665 -5.58261
      vertex -59.8845 -121.634 -5.4956
    endloop
  endfacet
  facet normal 0.145979 0.866143 -0.478003
    outer loop
      vertex -60.7372 -121.643 -5.77005
      vertex -60.5177 -121.68 -5.77006
      vertex -57.8846 -131.268 -22.3394
    endloop
  endfacet
  facet normal 0.142955 0.856287 -0.496323
    outer loop
      vertex -57.8846 -131.268 -22.3394
      vertex -58.7331 -131.585 -23.1307
      vertex -58.7172 -131.129 -22.3394
    endloop
  endfacet
  facet normal -0.116563 0.855324 -0.50481
    outer loop
      vertex -58.7172 -131.129 -22.3394
      vertex -60.8026 -121.635 -5.77173
      vertex -60.7952 -121.633 -5.77005
    endloop
  endfacet
  facet normal -0.0191323 0.866439 -0.498916
    outer loop
      vertex -60.8026 -121.635 -5.77173
      vertex -58.7172 -131.129 -22.3394
      vertex -58.7331 -131.585 -23.1307
    endloop
  endfacet
  facet normal -0.523769 0.707088 -0.475071
    outer loop
      vertex -62.8719 -122.223 -5.77006
      vertex -61.0353 -131.995 -22.3394
      vertex -62.8827 -122.231 -5.77006
    endloop
  endfacet
  facet normal -0.509281 0.7154 -0.478367
    outer loop
      vertex -61.0353 -131.995 -22.3394
      vertex -62.8719 -122.223 -5.77006
      vertex -62.6907 -122.094 -5.77005
    endloop
  endfacet
  facet normal 0.631318 0.0224534 0.775199
    outer loop
      vertex -63.3547 -122.442 -5.58261
      vertex -63.4609 -122.46 -5.4956
      vertex -63.3702 -122.445 -5.5699
    endloop
  endfacet
  facet normal -0.510182 0.714898 -0.478159
    outer loop
      vertex -61.0353 -131.995 -22.3394
      vertex -63.3403 -122.436 -5.58831
      vertex -62.8827 -122.231 -5.77006
    endloop
  endfacet
  facet normal -0.512369 0.713608 -0.477746
    outer loop
      vertex -63.3547 -122.442 -5.58261
      vertex -61.0353 -131.995 -22.3394
      vertex -63.4609 -122.46 -5.4956
    endloop
  endfacet
  facet normal -0.492629 0.724921 -0.481463
    outer loop
      vertex -63.3403 -122.436 -5.58831
      vertex -61.0353 -131.995 -22.3394
      vertex -63.3547 -122.442 -5.58261
    endloop
  endfacet
  facet normal -0.509874 0.715072 -0.478227
    outer loop
      vertex -61.0353 -131.995 -22.3394
      vertex -62.6429 -122.06 -5.77005
      vertex -60.3481 -131.505 -22.3394
    endloop
  endfacet
  facet normal -0.508981 0.715567 -0.478437
    outer loop
      vertex -62.6429 -122.06 -5.77005
      vertex -61.0353 -131.995 -22.3394
      vertex -62.6907 -122.094 -5.77005
    endloop
  endfacet
  facet normal -0.853977 0.389413 -0.345081
    outer loop
      vertex -61.5723 -132.647 -22.3394
      vertex -64.1385 -123.01 -5.11371
      vertex -64.1271 -122.985 -5.11371
    endloop
  endfacet
  facet normal -0.854092 0.389235 -0.344998
    outer loop
      vertex -64.1385 -123.01 -5.11371
      vertex -61.5723 -132.647 -22.3394
      vertex -61.9223 -133.415 -22.3394
    endloop
  endfacet
  facet normal -0.853241 0.390559 -0.345606
    outer loop
      vertex -64.5166 -123.489 -4.71745
      vertex -61.9223 -133.415 -22.3394
      vertex -64.6056 -123.565 -4.58361
    endloop
  endfacet
  facet normal -0.853473 0.390201 -0.345438
    outer loop
      vertex -64.5014 -123.476 -4.74032
      vertex -61.9223 -133.415 -22.3394
      vertex -64.5166 -123.489 -4.71745
    endloop
  endfacet
  facet normal -0.863353 0.374601 -0.338076
    outer loop
      vertex -64.4919 -123.466 -4.7535
      vertex -61.9223 -133.415 -22.3394
      vertex -64.5014 -123.476 -4.74032
    endloop
  endfacet
  facet normal -0.853825 0.389645 -0.345195
    outer loop
      vertex -64.2299 -123.211 -5.11371
      vertex -61.9223 -133.415 -22.3394
      vertex -64.4919 -123.466 -4.7535
    endloop
  endfacet
  facet normal -0.854529 0.388577 -0.344657
    outer loop
      vertex -61.9223 -133.415 -22.3394
      vertex -64.2299 -123.211 -5.11371
      vertex -64.1385 -123.01 -5.11371
    endloop
  endfacet
  facet normal 0.0851335 -0.883182 0.46124
    outer loop
      vertex -58.1026 -137.511 -19.6606
      vertex -61.2085 -128.31 -1.46927
      vertex -58.9429 -137.592 -19.6606
    endloop
  endfacet
  facet normal -0.400618 -0.879299 -0.257561
    outer loop
      vertex -59.8446 -137.679 -21.4568
      vertex -60.5436 -137.102 -22.3394
      vertex -59.7754 -137.452 -22.3394
    endloop
  endfacet
  facet normal -0.96202 -0.0925758 -0.256801
    outer loop
      vertex -62.2112 -135.141 -21.4568
      vertex -62.298 -134.239 -21.4568
      vertex -61.9807 -135.088 -22.3394
    endloop
  endfacet
  facet normal -0.962037 -0.27292 -0
    outer loop
      vertex -62.2112 -135.141 -20.5432
      vertex -64.9437 -125.509 -3.5221
      vertex -62.2112 -135.141 -21.4568
    endloop
  endfacet
  facet normal -0.962037 -0.27292 0
    outer loop
      vertex -64.9437 -125.509 -3.5221
      vertex -62.2112 -135.141 -20.5432
      vertex -64.9437 -125.509 -2.47789
    endloop
  endfacet
  facet normal 0.412285 -0.577885 -0.704322
    outer loop
      vertex -56.9363 -136.391 -23.1307
      vertex -57.5264 -136.812 -23.1307
      vertex -57.3769 -135.918 -23.7767
    endloop
  endfacet
  facet normal 0.500924 0.0482807 -0.864144
    outer loop
      vertex -56.7007 -134.434 -23.7767
      vertex -57.4915 -134.407 -24.2336
      vertex -56.754 -133.881 -23.7767
    endloop
  endfacet
  facet normal 0.909886 -0.414859 0
    outer loop
      vertex -55.8873 -136.199 -20.5432
      vertex -55.5116 -135.375 -21.4568
      vertex -55.5116 -135.375 -20.5432
    endloop
  endfacet
  facet normal 0.909886 -0.414859 0
    outer loop
      vertex -55.5116 -135.375 -21.4568
      vertex -55.8873 -136.199 -20.5432
      vertex -55.8873 -136.199 -21.4568
    endloop
  endfacet
  facet normal 0.561252 -0.786819 -0.256734
    outer loop
      vertex -56.4635 -136.898 -21.4568
      vertex -57.2009 -137.424 -21.4568
      vertex -56.6247 -136.725 -22.3394
    endloop
  endfacet
  facet normal 0.74562 -0.614936 -0.256717
    outer loop
      vertex -56.4635 -136.898 -21.4568
      vertex -56.6247 -136.725 -22.3394
      vertex -56.0878 -136.074 -22.3394
    endloop
  endfacet
  facet normal -0.789592 0.360169 -0.496813
    outer loop
      vertex -61.4854 -133.548 -23.1307
      vertex -61.5723 -132.647 -22.3394
      vertex -61.1848 -132.889 -23.1307
    endloop
  endfacet
  facet normal 0.457987 -0.208831 -0.864082
    outer loop
      vertex -56.7925 -134.983 -23.7767
      vertex -57.6942 -135.07 -24.2336
      vertex -57.5492 -134.752 -24.2336
    endloop
  endfacet
  facet normal 0.812903 0.304299 -0.496579
    outer loop
      vertex -56.1245 -133.735 -23.1307
      vertex -56.3783 -133.057 -23.1307
      vertex -55.6793 -133.633 -22.3394
    endloop
  endfacet
  facet normal 0.789693 -0.359886 -0.496857
    outer loop
      vertex -56.0878 -136.074 -22.3394
      vertex -56.1746 -135.172 -23.1307
      vertex -55.7378 -135.306 -22.3394
    endloop
  endfacet
  facet normal 0.471497 0.176291 -0.864067
    outer loop
      vertex -56.754 -133.881 -23.7767
      vertex -57.6474 -133.731 -24.2336
      vertex -56.9488 -133.36 -23.7767
    endloop
  endfacet
  facet normal 0.665158 0.2487 -0.704069
    outer loop
      vertex -56.754 -133.881 -23.7767
      vertex -56.9488 -133.36 -23.7767
      vertex -56.3783 -133.057 -23.1307
    endloop
  endfacet
  facet normal 0.09283 -0.962124 0.256319
    outer loop
      vertex -58.1026 -137.511 -19.6606
      vertex -58.9511 -137.828 -20.5432
      vertex -58.0494 -137.741 -20.5432
    endloop
  endfacet
  facet normal 0.304363 -0.812936 -0.496485
    outer loop
      vertex -57.312 -137.215 -22.3394
      vertex -58.1026 -137.511 -22.3394
      vertex -57.5264 -136.812 -23.1307
    endloop
  endfacet
  facet normal 0.0855259 -0.883124 0.461278
    outer loop
      vertex -60.2482 -128.217 -1.46927
      vertex -61.2085 -128.31 -1.46927
      vertex -58.1026 -137.511 -19.6606
    endloop
  endfacet
  facet normal -0.680753 -0.68542 0.258407
    outer loop
      vertex -63.7823 -127.137 -1.46927
      vertex -63.9799 -127.321 -2.47789
      vertex -61.1949 -136.565 -19.6606
    endloop
  endfacet
  facet normal -0.400618 -0.879299 0.257561
    outer loop
      vertex -59.7754 -137.452 -19.6606
      vertex -60.5436 -137.102 -19.6606
      vertex -59.8446 -137.679 -20.5432
    endloop
  endfacet
  facet normal -0.607727 -0.737081 0.295599
    outer loop
      vertex -60.5436 -137.102 -19.6606
      vertex -63.0379 -127.75 -1.46927
      vertex -61.1949 -136.565 -19.6606
    endloop
  endfacet
  facet normal -0.164488 -0.986379 0
    outer loop
      vertex -59.8446 -137.679 -21.4568
      vertex -58.9511 -137.828 -20.5432
      vertex -59.8446 -137.679 -20.5432
    endloop
  endfacet
  facet normal -0.164488 -0.986379 -0
    outer loop
      vertex -58.9511 -137.828 -20.5432
      vertex -59.8446 -137.679 -21.4568
      vertex -58.9511 -137.828 -21.4568
    endloop
  endfacet
  facet normal 0.0832537 -0.86368 -0.497118
    outer loop
      vertex -58.1026 -137.511 -22.3394
      vertex -58.9429 -137.592 -22.3394
      vertex -58.9269 -137.135 -23.1307
    endloop
  endfacet
  facet normal 0.503904 -0.706803 -0.496498
    outer loop
      vertex -57.312 -137.215 -22.3394
      vertex -57.5264 -136.812 -23.1307
      vertex -56.6247 -136.725 -22.3394
    endloop
  endfacet
  facet normal -0.496402 0.0832628 -0.86409
    outer loop
      vertex -60.1686 -134.313 -24.2336
      vertex -60.9594 -134.286 -23.7767
      vertex -60.1109 -133.969 -24.2336
    endloop
  endfacet
  facet normal 0.151102 -0.212637 -0.965377
    outer loop
      vertex -57.9166 -135.34 -24.2336
      vertex -58.6156 -134.763 -24.4701
      vertex -58.5185 -134.694 -24.4701
    endloop
  endfacet
  facet normal -0.257267 0.0433177 -0.965369
    outer loop
      vertex -59.2866 -134.344 -24.4701
      vertex -60.1109 -133.969 -24.2336
      vertex -59.2669 -134.227 -24.4701
    endloop
  endfacet
  facet normal 0.561017 -0.786912 -0.256961
    outer loop
      vertex -57.2009 -137.424 -21.4568
      vertex -57.312 -137.215 -22.3394
      vertex -56.6247 -136.725 -22.3394
    endloop
  endfacet
  facet normal -0.670033 0.551581 -0.496803
    outer loop
      vertex -61.1848 -132.889 -23.1307
      vertex -61.5723 -132.647 -22.3394
      vertex -60.7238 -132.329 -23.1307
    endloop
  endfacet
  facet normal -0.496336 0.0829939 -0.864154
    outer loop
      vertex -60.1109 -133.969 -24.2336
      vertex -60.9594 -134.286 -23.7767
      vertex -60.8676 -133.737 -23.7767
    endloop
  endfacet
  facet normal -0.457988 0.20881 -0.864087
    outer loop
      vertex -59.9659 -133.65 -24.2336
      vertex -60.8676 -133.737 -23.7767
      vertex -60.6369 -133.231 -23.7767
    endloop
  endfacet
  facet normal 0.109256 0.237086 -0.965326
    outer loop
      vertex -58.588 -133.973 -24.4701
      vertex -58.6965 -133.923 -24.4701
      vertex -58.4384 -133.079 -24.2336
    endloop
  endfacet
  facet normal 0.117416 0.700159 -0.704266
    outer loop
      vertex -58.2071 -132.323 -23.7767
      vertex -58.7557 -132.231 -23.7767
      vertex -58.7331 -131.585 -23.1307
    endloop
  endfacet
  facet normal 0.293739 0.646354 -0.704233
    outer loop
      vertex -57.701 -132.553 -23.7767
      vertex -58.2071 -132.323 -23.7767
      vertex -58.0182 -131.705 -23.1307
    endloop
  endfacet
  facet normal 0.496418 -0.0830241 -0.864104
    outer loop
      vertex -56.7007 -134.434 -23.7767
      vertex -57.5492 -134.752 -24.2336
      vertex -57.4915 -134.407 -24.2336
    endloop
  endfacet
  facet normal -0.359542 0.788386 -0.499176
    outer loop
      vertex -60.1336 -131.908 -23.1307
      vertex -62.6356 -122.058 -5.77173
      vertex -62.5193 -122.022 -5.79864
    endloop
  endfacet
  facet normal -0.3835 -0.841687 0.380119
    outer loop
      vertex -62.16 -128.15 -1.46927
      vertex -63.0379 -127.75 -1.46927
      vertex -59.7754 -137.452 -19.6606
    endloop
  endfacet
  facet normal -0.855996 0.143318 -0.496721
    outer loop
      vertex -61.6051 -134.263 -23.1307
      vertex -62.0616 -134.247 -22.3394
      vertex -61.9223 -133.415 -22.3394
    endloop
  endfacet
  facet normal -0.962015 -0.0925411 -0.256832
    outer loop
      vertex -61.9807 -135.088 -22.3394
      vertex -62.298 -134.239 -21.4568
      vertex -62.0616 -134.247 -22.3394
    endloop
  endfacet
  facet normal -0.55224 -0.669784 -0.496407
    outer loop
      vertex -60.5436 -137.102 -22.3394
      vertex -61.1949 -136.565 -22.3394
      vertex -60.8608 -136.254 -23.1307
    endloop
  endfacet
  facet normal -0.856003 0.143306 -0.496711
    outer loop
      vertex -61.6051 -134.263 -23.1307
      vertex -61.9223 -133.415 -22.3394
      vertex -61.4854 -133.548 -23.1307
    endloop
  endfacet
  facet normal 0.292374 -0.409958 -0.863975
    outer loop
      vertex -57.8298 -136.241 -23.7767
      vertex -57.9166 -135.34 -24.2336
      vertex -57.3769 -135.918 -23.7767
    endloop
  endfacet
  facet normal -0.20863 -0.457835 -0.864211
    outer loop
      vertex -59.453 -136.398 -23.7767
      vertex -59.5398 -135.496 -24.2336
      vertex -59.2216 -135.641 -24.2336
    endloop
  endfacet
  facet normal 0.879461 -0.400796 0.256729
    outer loop
      vertex -55.7378 -135.306 -19.6606
      vertex -56.0878 -136.074 -19.6606
      vertex -55.5116 -135.375 -20.5432
    endloop
  endfacet
  facet normal 0.879428 -0.400972 0.256568
    outer loop
      vertex -55.5116 -135.375 -20.5432
      vertex -56.0878 -136.074 -19.6606
      vertex -55.8873 -136.199 -20.5432
    endloop
  endfacet
  facet normal 0.771631 -0.636071 0
    outer loop
      vertex -56.4635 -136.898 -20.5432
      vertex -55.8873 -136.199 -21.4568
      vertex -55.8873 -136.199 -20.5432
    endloop
  endfacet
  facet normal 0.771631 -0.636071 0
    outer loop
      vertex -55.8873 -136.199 -21.4568
      vertex -56.4635 -136.898 -20.5432
      vertex -56.4635 -136.898 -21.4568
    endloop
  endfacet
  facet normal 0.745816 -0.614791 -0.256498
    outer loop
      vertex -55.8873 -136.199 -21.4568
      vertex -56.4635 -136.898 -21.4568
      vertex -56.0878 -136.074 -22.3394
    endloop
  endfacet
  facet normal 0.388623 -0.32011 -0.864003
    outer loop
      vertex -57.3769 -135.918 -23.7767
      vertex -57.9166 -135.34 -24.2336
      vertex -57.6942 -135.07 -24.2336
    endloop
  endfacet
  facet normal 0.45799 -0.20872 -0.864107
    outer loop
      vertex -57.0231 -135.489 -23.7767
      vertex -57.6942 -135.07 -24.2336
      vertex -56.7925 -134.983 -23.7767
    endloop
  endfacet
  facet normal 0.388331 -0.32026 -0.864079
    outer loop
      vertex -57.3769 -135.918 -23.7767
      vertex -57.6942 -135.07 -24.2336
      vertex -57.0231 -135.489 -23.7767
    endloop
  endfacet
  facet normal -0.577971 -0.412108 -0.704355
    outer loop
      vertex -60.3883 -135.813 -23.7767
      vertex -61.2818 -135.664 -23.1307
      vertex -60.7113 -135.36 -23.7767
    endloop
  endfacet
  facet normal 0.646107 -0.294272 -0.704237
    outer loop
      vertex -56.4752 -135.832 -23.1307
      vertex -57.0231 -135.489 -23.7767
      vertex -56.1746 -135.172 -23.1307
    endloop
  endfacet
  facet normal 0.789852 -0.359742 -0.496709
    outer loop
      vertex -56.0878 -136.074 -22.3394
      vertex -56.4752 -135.832 -23.1307
      vertex -56.1746 -135.172 -23.1307
    endloop
  endfacet
  facet normal 0.863872 0.0831991 -0.496793
    outer loop
      vertex -55.5984 -134.473 -22.3394
      vertex -56.055 -134.457 -23.1307
      vertex -55.6793 -133.633 -22.3394
    endloop
  endfacet
  facet normal 0.646113 -0.294454 -0.704156
    outer loop
      vertex -56.1746 -135.172 -23.1307
      vertex -57.0231 -135.489 -23.7767
      vertex -56.7925 -134.983 -23.7767
    endloop
  endfacet
  facet normal 0.706839 0.0681276 -0.704086
    outer loop
      vertex -56.7007 -134.434 -23.7767
      vertex -56.754 -133.881 -23.7767
      vertex -56.055 -134.457 -23.1307
    endloop
  endfacet
  facet normal 0.863894 0.0831587 -0.496762
    outer loop
      vertex -56.055 -134.457 -23.1307
      vertex -56.1245 -133.735 -23.1307
      vertex -55.6793 -133.633 -22.3394
    endloop
  endfacet
  facet normal 0.953237 -0.159406 -0.256766
    outer loop
      vertex -55.5116 -135.375 -21.4568
      vertex -55.7378 -135.306 -22.3394
      vertex -55.3621 -134.481 -21.4568
    endloop
  endfacet
  facet normal 0.879461 -0.400796 -0.256729
    outer loop
      vertex -55.5116 -135.375 -21.4568
      vertex -56.0878 -136.074 -22.3394
      vertex -55.7378 -135.306 -22.3394
    endloop
  endfacet
  facet normal 0.0960384 -0.995378 0
    outer loop
      vertex -58.9511 -137.828 -21.4568
      vertex -58.0494 -137.741 -20.5432
      vertex -58.9511 -137.828 -20.5432
    endloop
  endfacet
  facet normal 0.0960384 -0.995378 0
    outer loop
      vertex -58.0494 -137.741 -20.5432
      vertex -58.9511 -137.828 -21.4568
      vertex -58.0494 -137.741 -21.4568
    endloop
  endfacet
  facet normal -0.14935 -0.888164 0.434579
    outer loop
      vertex -61.2085 -128.31 -1.46927
      vertex -62.16 -128.15 -1.46927
      vertex -59.7754 -137.452 -19.6606
    endloop
  endfacet
  facet normal -0.800822 -0.570776 0.18138
    outer loop
      vertex -61.3679 -136.727 -20.5432
      vertex -64.5811 -126.478 -2.47789
      vertex -61.8939 -135.989 -20.5432
    endloop
  endfacet
  facet normal -0.143899 -0.855682 -0.497092
    outer loop
      vertex -58.9429 -137.592 -22.3394
      vertex -59.7754 -137.452 -22.3394
      vertex -58.9269 -137.135 -23.1307
    endloop
  endfacet
  facet normal -0.160297 -0.953195 -0.256366
    outer loop
      vertex -58.9511 -137.828 -21.4568
      vertex -59.7754 -137.452 -22.3394
      vertex -58.9429 -137.592 -22.3394
    endloop
  endfacet
  facet normal 0.338279 -0.905458 -0.256347
    outer loop
      vertex -58.0494 -137.741 -21.4568
      vertex -58.1026 -137.511 -22.3394
      vertex -57.2009 -137.424 -21.4568
    endloop
  endfacet
  facet normal 0.09283 -0.962124 -0.256319
    outer loop
      vertex -58.0494 -137.741 -21.4568
      vertex -58.9511 -137.828 -21.4568
      vertex -58.1026 -137.511 -22.3394
    endloop
  endfacet
  facet normal -0.548306 0.451374 -0.704004
    outer loop
      vertex -60.6369 -133.231 -23.7767
      vertex -61.1848 -132.889 -23.1307
      vertex -60.7238 -132.329 -23.1307
    endloop
  endfacet
  facet normal -0.412234 0.577893 -0.704346
    outer loop
      vertex -59.8303 -132.479 -23.7767
      vertex -60.2831 -132.802 -23.7767
      vertex -60.1336 -131.908 -23.1307
    endloop
  endfacet
  facet normal 0.47148 0.175943 -0.864147
    outer loop
      vertex -57.525 -134.059 -24.2336
      vertex -57.6474 -133.731 -24.2336
      vertex -56.754 -133.881 -23.7767
    endloop
  endfacet
  facet normal 0.117531 0.700194 -0.704213
    outer loop
      vertex -58.2071 -132.323 -23.7767
      vertex -58.7331 -131.585 -23.1307
      vertex -58.0182 -131.705 -23.1307
    endloop
  endfacet
  facet normal 0.0832888 0.496655 -0.863943
    outer loop
      vertex -58.4384 -133.079 -24.2336
      vertex -58.7557 -132.231 -23.7767
      vertex -58.2071 -132.323 -23.7767
    endloop
  endfacet
  facet normal -0.0917502 0.244294 -0.965351
    outer loop
      vertex -58.9328 -133.915 -24.4701
      vertex -59.4588 -133.178 -24.2336
      vertex -59.1313 -133.055 -24.2336
    endloop
  endfacet
  facet normal 0.359396 0.790193 -0.496417
    outer loop
      vertex -57.3586 -132.005 -23.1307
      vertex -58.0182 -131.705 -23.1307
      vertex -57.1165 -131.618 -22.3394
    endloop
  endfacet
  facet normal 0.293979 0.646362 -0.704125
    outer loop
      vertex -57.701 -132.553 -23.7767
      vertex -58.0182 -131.705 -23.1307
      vertex -57.3586 -132.005 -23.1307
    endloop
  endfacet
  facet normal -0.700317 0.117102 -0.704161
    outer loop
      vertex -60.9594 -134.286 -23.7767
      vertex -61.6051 -134.263 -23.1307
      vertex -60.8676 -133.737 -23.7767
    endloop
  endfacet
  facet normal -0.706839 -0.0681276 -0.704086
    outer loop
      vertex -60.9061 -134.839 -23.7767
      vertex -61.6051 -134.263 -23.1307
      vertex -60.9594 -134.286 -23.7767
    endloop
  endfacet
  facet normal -0.61473 -0.745575 -0.257343
    outer loop
      vertex -60.5436 -137.102 -22.3394
      vertex -61.3679 -136.727 -21.4568
      vertex -61.1949 -136.565 -22.3394
    endloop
  endfacet
  facet normal 0.969923 -0.162196 0.1815
    outer loop
      vertex -55.3621 -134.481 -20.5432
      vertex -57.1162 -124.755 -2.47789
      vertex -55.5116 -135.375 -20.5432
    endloop
  endfacet
  facet normal 0.994393 0.0956778 0.0450423
    outer loop
      vertex -55.3621 -134.481 -20.5432
      vertex -57.2154 -123.724 -2.47789
      vertex -57.1162 -124.755 -2.47789
    endloop
  endfacet
  facet normal -0.176352 0.471176 -0.86423
    outer loop
      vertex -59.4588 -133.178 -24.2336
      vertex -59.8303 -132.479 -23.7767
      vertex -59.3093 -132.284 -23.7767
    endloop
  endfacet
  facet normal 0.500955 0.0482241 -0.864129
    outer loop
      vertex -57.4915 -134.407 -24.2336
      vertex -57.525 -134.059 -24.2336
      vertex -56.754 -133.881 -23.7767
    endloop
  endfacet
  facet normal -0.664978 -0.248633 -0.704263
    outer loop
      vertex -60.7113 -135.36 -23.7767
      vertex -61.2818 -135.664 -23.1307
      vertex -60.9061 -134.839 -23.7767
    endloop
  endfacet
  facet normal -0.116573 -0.700419 -0.704148
    outer loop
      vertex -58.9269 -137.135 -23.1307
      vertex -59.6419 -137.016 -23.1307
      vertex -59.453 -136.398 -23.7767
    endloop
  endfacet
  facet normal -0.0918346 0.244236 -0.965357
    outer loop
      vertex -59.0445 -133.957 -24.4701
      vertex -59.4588 -133.178 -24.2336
      vertex -58.9328 -133.915 -24.4701
    endloop
  endfacet
  facet normal 0.257371 -0.0429679 -0.965357
    outer loop
      vertex -57.5492 -134.752 -24.2336
      vertex -58.3932 -134.494 -24.4701
      vertex -58.3735 -134.376 -24.4701
    endloop
  endfacet
  facet normal 0.706805 0.0680373 -0.704129
    outer loop
      vertex -56.055 -134.457 -23.1307
      vertex -56.754 -133.881 -23.7767
      vertex -56.1245 -133.735 -23.1307
    endloop
  endfacet
  facet normal 0.664935 0.248909 -0.704206
    outer loop
      vertex -56.1245 -133.735 -23.1307
      vertex -56.754 -133.881 -23.7767
      vertex -56.3783 -133.057 -23.1307
    endloop
  endfacet
  facet normal -0.635939 -0.771739 0
    outer loop
      vertex -61.3679 -136.727 -21.4568
      vertex -60.6689 -137.303 -20.5432
      vertex -61.3679 -136.727 -20.5432
    endloop
  endfacet
  facet normal -0.635939 -0.771739 -0
    outer loop
      vertex -60.6689 -137.303 -20.5432
      vertex -61.3679 -136.727 -21.4568
      vertex -60.6689 -137.303 -21.4568
    endloop
  endfacet
  facet normal -0.383484 -0.841692 0.380125
    outer loop
      vertex -59.7754 -137.452 -19.6606
      vertex -63.0379 -127.75 -1.46927
      vertex -60.5436 -137.102 -19.6606
    endloop
  endfacet
  facet normal -0.800637 -0.570988 0.181533
    outer loop
      vertex -63.9799 -127.321 -2.47789
      vertex -64.5811 -126.478 -2.47789
      vertex -61.3679 -136.727 -20.5432
    endloop
  endfacet
  facet normal -0.679429 -0.686444 0.259172
    outer loop
      vertex -61.1949 -136.565 -19.6606
      vertex -63.9799 -127.321 -2.47789
      vertex -61.3679 -136.727 -20.5432
    endloop
  endfacet
  facet normal -0.401051 -0.879218 -0.257166
    outer loop
      vertex -59.8446 -137.679 -21.4568
      vertex -60.6689 -137.303 -21.4568
      vertex -60.5436 -137.102 -22.3394
    endloop
  endfacet
  facet normal -0.706594 -0.504197 -0.496497
    outer loop
      vertex -61.1949 -136.565 -22.3394
      vertex -61.2818 -135.664 -23.1307
      vertex -60.8608 -136.254 -23.1307
    endloop
  endfacet
  facet normal -0.176972 0.471206 -0.864086
    outer loop
      vertex -59.1313 -133.055 -24.2336
      vertex -59.4588 -133.178 -24.2336
      vertex -59.3093 -132.284 -23.7767
    endloop
  endfacet
  facet normal 0.166052 0.201228 -0.965367
    outer loop
      vertex -58.4959 -134.049 -24.4701
      vertex -58.588 -133.973 -24.4701
      vertex -57.8505 -133.447 -24.2336
    endloop
  endfacet
  facet normal -0.387763 0.320589 -0.864212
    outer loop
      vertex -59.9659 -133.65 -24.2336
      vertex -60.2831 -132.802 -23.7767
      vertex -59.7435 -133.381 -24.2336
    endloop
  endfacet
  facet normal -0.388359 0.320283 -0.864058
    outer loop
      vertex -59.9659 -133.65 -24.2336
      vertex -60.6369 -133.231 -23.7767
      vertex -60.2831 -132.802 -23.7767
    endloop
  endfacet
  facet normal -0.700362 0.117249 -0.704092
    outer loop
      vertex -60.8676 -133.737 -23.7767
      vertex -61.6051 -134.263 -23.1307
      vertex -61.4854 -133.548 -23.1307
    endloop
  endfacet
  facet normal -0.646117 0.294583 -0.704098
    outer loop
      vertex -60.8676 -133.737 -23.7767
      vertex -61.4854 -133.548 -23.1307
      vertex -60.6369 -133.231 -23.7767
    endloop
  endfacet
  facet normal 0.208876 0.45823 -0.863942
    outer loop
      vertex -58.1203 -133.224 -24.2336
      vertex -58.4384 -133.079 -24.2336
      vertex -58.2071 -132.323 -23.7767
    endloop
  endfacet
  facet normal 0.208251 0.458243 -0.864086
    outer loop
      vertex -58.1203 -133.224 -24.2336
      vertex -58.2071 -132.323 -23.7767
      vertex -57.701 -132.553 -23.7767
    endloop
  endfacet
  facet normal -0.0479504 0.500856 -0.864201
    outer loop
      vertex -58.7833 -133.022 -24.2336
      vertex -59.3093 -132.284 -23.7767
      vertex -58.7557 -132.231 -23.7767
    endloop
  endfacet
  facet normal 0.0820284 0.496344 -0.864242
    outer loop
      vertex -58.4384 -133.079 -24.2336
      vertex -58.7833 -133.022 -24.2336
      vertex -58.7557 -132.231 -23.7767
    endloop
  endfacet
  facet normal -0.812924 -0.303859 -0.496815
    outer loop
      vertex -61.2818 -135.664 -23.1307
      vertex -61.9807 -135.088 -22.3394
      vertex -61.5356 -134.985 -23.1307
    endloop
  endfacet
  facet normal -0.863895 -0.0831589 -0.496759
    outer loop
      vertex -61.5356 -134.985 -23.1307
      vertex -61.9807 -135.088 -22.3394
      vertex -61.6051 -134.263 -23.1307
    endloop
  endfacet
  facet normal -0.90519 -0.338699 -0.256738
    outer loop
      vertex -61.8939 -135.989 -21.4568
      vertex -62.2112 -135.141 -21.4568
      vertex -61.9807 -135.088 -22.3394
    endloop
  endfacet
  facet normal -0.905188 -0.338701 -0.25674
    outer loop
      vertex -61.8939 -135.989 -21.4568
      vertex -61.9807 -135.088 -22.3394
      vertex -61.6851 -135.878 -22.3394
    endloop
  endfacet
  facet normal 0.912124 -0.318027 0.258629
    outer loop
      vertex -55.5116 -135.375 -20.5432
      vertex -57.2871 -125.776 -2.47789
      vertex -55.7378 -135.306 -19.6606
    endloop
  endfacet
  facet normal 0.969882 -0.162344 0.181584
    outer loop
      vertex -57.1162 -124.755 -2.47789
      vertex -57.2871 -125.776 -2.47789
      vertex -55.5116 -135.375 -20.5432
    endloop
  endfacet
  facet normal 0.0479872 -0.501331 -0.863924
    outer loop
      vertex -58.3507 -136.436 -23.7767
      vertex -58.9044 -136.489 -23.7767
      vertex -58.8768 -135.699 -24.2336
    endloop
  endfacet
  facet normal 0.0489165 -0.500819 -0.864169
    outer loop
      vertex -58.3507 -136.436 -23.7767
      vertex -58.8768 -135.699 -24.2336
      vertex -58.5287 -135.665 -24.2336
    endloop
  endfacet
  facet normal -0.500924 -0.0482807 -0.864144
    outer loop
      vertex -60.9061 -134.839 -23.7767
      vertex -60.9594 -134.286 -23.7767
      vertex -60.1686 -134.313 -24.2336
    endloop
  endfacet
  facet normal -0.319953 -0.388844 -0.863962
    outer loop
      vertex -59.5398 -135.496 -24.2336
      vertex -60.3883 -135.813 -23.7767
      vertex -59.8096 -135.274 -24.2336
    endloop
  endfacet
  facet normal 0.108163 0.237288 -0.965399
    outer loop
      vertex -58.1203 -133.224 -24.2336
      vertex -58.588 -133.973 -24.4701
      vertex -58.4384 -133.079 -24.2336
    endloop
  endfacet
  facet normal 0.175663 -0.471554 -0.864164
    outer loop
      vertex -58.3507 -136.436 -23.7767
      vertex -58.5287 -135.665 -24.2336
      vertex -58.2012 -135.543 -24.2336
    endloop
  endfacet
  facet normal -0.116163 -0.700294 -0.70434
    outer loop
      vertex -58.9269 -137.135 -23.1307
      vertex -59.453 -136.398 -23.7767
      vertex -58.9044 -136.489 -23.7767
    endloop
  endfacet
  facet normal -0.201094 0.166258 -0.96536
    outer loop
      vertex -59.2175 -134.118 -24.4701
      vertex -59.9659 -133.65 -24.2336
      vertex -59.7435 -133.381 -24.2336
    endloop
  endfacet
  facet normal -0.61473 -0.745575 0.257343
    outer loop
      vertex -61.1949 -136.565 -19.6606
      vertex -61.3679 -136.727 -20.5432
      vertex -60.5436 -137.102 -19.6606
    endloop
  endfacet
  facet normal -0.614563 -0.745798 0.257093
    outer loop
      vertex -60.5436 -137.102 -19.6606
      vertex -61.3679 -136.727 -20.5432
      vertex -60.6689 -137.303 -20.5432
    endloop
  endfacet
  facet normal -0.415008 -0.909818 0
    outer loop
      vertex -60.6689 -137.303 -21.4568
      vertex -59.8446 -137.679 -20.5432
      vertex -60.6689 -137.303 -20.5432
    endloop
  endfacet
  facet normal -0.415008 -0.909818 -0
    outer loop
      vertex -59.8446 -137.679 -20.5432
      vertex -60.6689 -137.303 -21.4568
      vertex -59.8446 -137.679 -21.4568
    endloop
  endfacet
  facet normal -0.786935 -0.560878 -0.257197
    outer loop
      vertex -61.3679 -136.727 -21.4568
      vertex -61.8939 -135.989 -21.4568
      vertex -61.1949 -136.565 -22.3394
    endloop
  endfacet
  facet normal -0.78674 -0.561368 -0.256722
    outer loop
      vertex -61.1949 -136.565 -22.3394
      vertex -61.8939 -135.989 -21.4568
      vertex -61.6851 -135.878 -22.3394
    endloop
  endfacet
  facet normal -0.208967 -0.457828 -0.864133
    outer loop
      vertex -59.453 -136.398 -23.7767
      vertex -59.9591 -136.167 -23.7767
      vertex -59.5398 -135.496 -24.2336
    endloop
  endfacet
  facet normal -0.360373 -0.789709 -0.496479
    outer loop
      vertex -59.6419 -137.016 -23.1307
      vertex -60.5436 -137.102 -22.3394
      vertex -60.3015 -136.715 -23.1307
    endloop
  endfacet
  facet normal -0.409929 -0.292289 -0.864017
    outer loop
      vertex -60.3883 -135.813 -23.7767
      vertex -60.7113 -135.36 -23.7767
      vertex -59.8096 -135.274 -24.2336
    endloop
  endfacet
  facet normal -0.294828 -0.645942 -0.704156
    outer loop
      vertex -59.6419 -137.016 -23.1307
      vertex -59.9591 -136.167 -23.7767
      vertex -59.453 -136.398 -23.7767
    endloop
  endfacet
  facet normal -0.294766 -0.64594 -0.704184
    outer loop
      vertex -59.6419 -137.016 -23.1307
      vertex -60.3015 -136.715 -23.1307
      vertex -59.9591 -136.167 -23.7767
    endloop
  endfacet
  facet normal -0.409959 -0.292149 -0.86405
    outer loop
      vertex -59.8096 -135.274 -24.2336
      vertex -60.7113 -135.36 -23.7767
      vertex -60.0127 -134.989 -24.2336
    endloop
  endfacet
  facet normal 0.16618 0.201055 -0.965381
    outer loop
      vertex -57.8505 -133.447 -24.2336
      vertex -58.588 -133.973 -24.4701
      vertex -58.1203 -133.224 -24.2336
    endloop
  endfacet
  facet normal 0.212406 0.151531 -0.965361
    outer loop
      vertex -58.4267 -134.146 -24.4701
      vertex -58.4959 -134.049 -24.4701
      vertex -57.8505 -133.447 -24.2336
    endloop
  endfacet
  facet normal -0.201321 0.16609 -0.965341
    outer loop
      vertex -59.2175 -134.118 -24.4701
      vertex -59.7435 -133.381 -24.2336
      vertex -59.1416 -134.026 -24.4701
    endloop
  endfacet
  facet normal 0.151412 -0.212275 -0.965409
    outer loop
      vertex -58.2012 -135.543 -24.2336
      vertex -58.6156 -134.763 -24.4701
      vertex -57.9166 -135.34 -24.2336
    endloop
  endfacet
  facet normal -0.0823436 -0.496414 -0.864171
    outer loop
      vertex -58.9044 -136.489 -23.7767
      vertex -59.453 -136.398 -23.7767
      vertex -59.2216 -135.641 -24.2336
    endloop
  endfacet
  facet normal -0.0835537 -0.496712 -0.863884
    outer loop
      vertex -58.9044 -136.489 -23.7767
      vertex -59.2216 -135.641 -24.2336
      vertex -58.8768 -135.699 -24.2336
    endloop
  endfacet
  facet normal -0.451717 -0.547676 -0.704275
    outer loop
      vertex -59.9591 -136.167 -23.7767
      vertex -60.8608 -136.254 -23.1307
      vertex -60.3883 -135.813 -23.7767
    endloop
  endfacet
  facet normal -0.320246 -0.388275 -0.864109
    outer loop
      vertex -59.9591 -136.167 -23.7767
      vertex -60.3883 -135.813 -23.7767
      vertex -59.5398 -135.496 -24.2336
    endloop
  endfacet
  facet normal -0.0432878 -0.257338 -0.965351
    outer loop
      vertex -58.8768 -135.699 -24.2336
      vertex -59.2216 -135.641 -24.2336
      vertex -58.846 -134.817 -24.4701
    endloop
  endfacet
  facet normal 0.201352 -0.165854 -0.965376
    outer loop
      vertex -57.9166 -135.34 -24.2336
      vertex -58.4426 -134.602 -24.4701
      vertex -57.6942 -135.07 -24.2336
    endloop
  endfacet
  facet normal 0.23732 -0.108552 -0.965347
    outer loop
      vertex -57.5492 -134.752 -24.2336
      vertex -58.4426 -134.602 -24.4701
      vertex -58.3932 -134.494 -24.4701
    endloop
  endfacet
  facet normal 0.259746 0.0250042 -0.965353
    outer loop
      vertex -57.4915 -134.407 -24.2336
      vertex -58.3849 -134.257 -24.4701
      vertex -57.525 -134.059 -24.2336
    endloop
  endfacet
  facet normal -0.471497 -0.176291 -0.864067
    outer loop
      vertex -60.7113 -135.36 -23.7767
      vertex -60.9061 -134.839 -23.7767
      vertex -60.0127 -134.989 -24.2336
    endloop
  endfacet
  facet normal -0.47148 -0.175943 -0.864147
    outer loop
      vertex -60.0127 -134.989 -24.2336
      vertex -60.9061 -134.839 -23.7767
      vertex -60.1351 -134.661 -24.2336
    endloop
  endfacet
  facet normal -0.237595 0.107681 -0.965377
    outer loop
      vertex -59.2669 -134.227 -24.4701
      vertex -60.1109 -133.969 -24.2336
      vertex -59.2175 -134.118 -24.4701
    endloop
  endfacet
  facet normal 0.259727 0.0248814 -0.965361
    outer loop
      vertex -58.3735 -134.376 -24.4701
      vertex -58.3849 -134.257 -24.4701
      vertex -57.4915 -134.407 -24.2336
    endloop
  endfacet
  facet normal 0.21217 0.151731 -0.965381
    outer loop
      vertex -57.6474 -133.731 -24.2336
      vertex -58.4267 -134.146 -24.4701
      vertex -57.8505 -133.447 -24.2336
    endloop
  endfacet
  facet normal -0.165827 -0.201532 -0.965342
    outer loop
      vertex -59.5398 -135.496 -24.2336
      vertex -59.8096 -135.274 -24.2336
      vertex -59.0721 -134.748 -24.4701
    endloop
  endfacet
  facet normal -0.0246349 0.259786 -0.965352
    outer loop
      vertex -58.9328 -133.915 -24.4701
      vertex -59.1313 -133.055 -24.2336
      vertex -58.7833 -133.022 -24.2336
    endloop
  endfacet
  facet normal 0.244039 0.0918992 -0.965401
    outer loop
      vertex -58.3849 -134.257 -24.4701
      vertex -58.4267 -134.146 -24.4701
      vertex -57.6474 -133.731 -24.2336
    endloop
  endfacet
  facet normal 0.244493 0.0912378 -0.965349
    outer loop
      vertex -57.525 -134.059 -24.2336
      vertex -58.3849 -134.257 -24.4701
      vertex -57.6474 -133.731 -24.2336
    endloop
  endfacet
  facet normal -0.0240666 0.2597 -0.965389
    outer loop
      vertex -58.8141 -133.904 -24.4701
      vertex -58.9328 -133.915 -24.4701
      vertex -58.7833 -133.022 -24.2336
    endloop
  endfacet
  facet normal 0.0425345 0.257371 -0.965376
    outer loop
      vertex -58.4384 -133.079 -24.2336
      vertex -58.8141 -133.904 -24.4701
      vertex -58.7833 -133.022 -24.2336
    endloop
  endfacet
  facet normal -0.237541 0.107973 -0.965358
    outer loop
      vertex -59.2175 -134.118 -24.4701
      vertex -60.1109 -133.969 -24.2336
      vertex -59.9659 -133.65 -24.2336
    endloop
  endfacet
  facet normal 0.25734 -0.0430392 -0.965362
    outer loop
      vertex -57.5492 -134.752 -24.2336
      vertex -58.3735 -134.376 -24.4701
      vertex -57.4915 -134.407 -24.2336
    endloop
  endfacet
  facet normal -0.259746 -0.0250042 -0.965353
    outer loop
      vertex -60.1351 -134.661 -24.2336
      vertex -60.1686 -134.313 -24.2336
      vertex -59.2752 -134.463 -24.4701
    endloop
  endfacet
  facet normal 0.0416446 0.257758 -0.965312
    outer loop
      vertex -58.6965 -133.923 -24.4701
      vertex -58.8141 -133.904 -24.4701
      vertex -58.4384 -133.079 -24.2336
    endloop
  endfacet
  facet normal -0.151233 0.212822 -0.965316
    outer loop
      vertex -59.1416 -134.026 -24.4701
      vertex -59.7435 -133.381 -24.2336
      vertex -59.0445 -133.957 -24.4701
    endloop
  endfacet
  facet normal -0.151514 0.212493 -0.965345
    outer loop
      vertex -59.0445 -133.957 -24.4701
      vertex -59.7435 -133.381 -24.2336
      vertex -59.4588 -133.178 -24.2336
    endloop
  endfacet
  facet normal -0.212406 -0.151531 -0.965361
    outer loop
      vertex -59.1642 -134.672 -24.4701
      vertex -59.8096 -135.274 -24.2336
      vertex -59.2334 -134.575 -24.4701
    endloop
  endfacet
  facet normal 0.237378 -0.108239 -0.965368
    outer loop
      vertex -57.6942 -135.07 -24.2336
      vertex -58.4426 -134.602 -24.4701
      vertex -57.5492 -134.752 -24.2336
    endloop
  endfacet
  facet normal 0.201185 -0.165977 -0.965389
    outer loop
      vertex -57.9166 -135.34 -24.2336
      vertex -58.5185 -134.694 -24.4701
      vertex -58.4426 -134.602 -24.4701
    endloop
  endfacet
  facet normal -0.257335 0.0431634 -0.965358
    outer loop
      vertex -59.2866 -134.344 -24.4701
      vertex -60.1686 -134.313 -24.2336
      vertex -60.1109 -133.969 -24.2336
    endloop
  endfacet
  facet normal -0.107348 -0.2377 -0.965389
    outer loop
      vertex -58.9636 -134.797 -24.4701
      vertex -59.2216 -135.641 -24.2336
      vertex -59.0721 -134.748 -24.4701
    endloop
  endfacet
  facet normal -0.108242 -0.237534 -0.96533
    outer loop
      vertex -59.2216 -135.641 -24.2336
      vertex -59.5398 -135.496 -24.2336
      vertex -59.0721 -134.748 -24.4701
    endloop
  endfacet
  facet normal -0.21251 -0.151441 -0.965352
    outer loop
      vertex -59.8096 -135.274 -24.2336
      vertex -60.0127 -134.989 -24.2336
      vertex -59.2334 -134.575 -24.4701
    endloop
  endfacet
  facet normal 0.0262602 -0.259758 -0.965317
    outer loop
      vertex -58.7273 -134.805 -24.4701
      vertex -58.8768 -135.699 -24.2336
      vertex -58.846 -134.817 -24.4701
    endloop
  endfacet
  facet normal -0.244488 -0.0912463 -0.96535
    outer loop
      vertex -59.2334 -134.575 -24.4701
      vertex -60.0127 -134.989 -24.2336
      vertex -59.2752 -134.463 -24.4701
    endloop
  endfacet
  facet normal -0.244493 -0.0912378 -0.965349
    outer loop
      vertex -60.0127 -134.989 -24.2336
      vertex -60.1351 -134.661 -24.2336
      vertex -59.2752 -134.463 -24.4701
    endloop
  endfacet
  facet normal 0.0917397 -0.243984 -0.96543
    outer loop
      vertex -58.2012 -135.543 -24.2336
      vertex -58.7273 -134.805 -24.4701
      vertex -58.6156 -134.763 -24.4701
    endloop
  endfacet
  facet normal -0.166052 -0.201228 -0.965367
    outer loop
      vertex -59.0721 -134.748 -24.4701
      vertex -59.8096 -135.274 -24.2336
      vertex -59.1642 -134.672 -24.4701
    endloop
  endfacet
  facet normal -0.0437321 -0.257145 -0.965383
    outer loop
      vertex -58.846 -134.817 -24.4701
      vertex -59.2216 -135.641 -24.2336
      vertex -58.9636 -134.797 -24.4701
    endloop
  endfacet
  facet normal 0.0910621 -0.24445 -0.965377
    outer loop
      vertex -58.5287 -135.665 -24.2336
      vertex -58.7273 -134.805 -24.4701
      vertex -58.2012 -135.543 -24.2336
    endloop
  endfacet
  facet normal 0.0253582 -0.259623 -0.965377
    outer loop
      vertex -58.5287 -135.665 -24.2336
      vertex -58.8768 -135.699 -24.2336
      vertex -58.7273 -134.805 -24.4701
    endloop
  endfacet
  facet normal 0 0 -1
    outer loop
      vertex -58.3932 -134.494 -24.4701
      vertex -58.3849 -134.257 -24.4701
      vertex -58.3735 -134.376 -24.4701
    endloop
  endfacet
  facet normal 0 0 -1
    outer loop
      vertex -58.3932 -134.494 -24.4701
      vertex -58.4267 -134.146 -24.4701
      vertex -58.3849 -134.257 -24.4701
    endloop
  endfacet
  facet normal 0 0 -1
    outer loop
      vertex -58.4426 -134.602 -24.4701
      vertex -58.4267 -134.146 -24.4701
      vertex -58.3932 -134.494 -24.4701
    endloop
  endfacet
  facet normal 0 0 -1
    outer loop
      vertex -58.4426 -134.602 -24.4701
      vertex -58.4959 -134.049 -24.4701
      vertex -58.4267 -134.146 -24.4701
    endloop
  endfacet
  facet normal 0 0 -1
    outer loop
      vertex -58.5185 -134.694 -24.4701
      vertex -58.4959 -134.049 -24.4701
      vertex -58.4426 -134.602 -24.4701
    endloop
  endfacet
  facet normal 0 0 -1
    outer loop
      vertex -58.5185 -134.694 -24.4701
      vertex -58.588 -133.973 -24.4701
      vertex -58.4959 -134.049 -24.4701
    endloop
  endfacet
  facet normal 0 0 -1
    outer loop
      vertex -58.6156 -134.763 -24.4701
      vertex -58.588 -133.973 -24.4701
      vertex -58.5185 -134.694 -24.4701
    endloop
  endfacet
  facet normal 0 0 -1
    outer loop
      vertex -58.6156 -134.763 -24.4701
      vertex -58.6965 -133.923 -24.4701
      vertex -58.588 -133.973 -24.4701
    endloop
  endfacet
  facet normal 0 0 -1
    outer loop
      vertex -58.7273 -134.805 -24.4701
      vertex -58.6965 -133.923 -24.4701
      vertex -58.6156 -134.763 -24.4701
    endloop
  endfacet
  facet normal 0 0 -1
    outer loop
      vertex -58.7273 -134.805 -24.4701
      vertex -58.8141 -133.904 -24.4701
      vertex -58.6965 -133.923 -24.4701
    endloop
  endfacet
  facet normal 0 0 -1
    outer loop
      vertex -58.846 -134.817 -24.4701
      vertex -58.8141 -133.904 -24.4701
      vertex -58.7273 -134.805 -24.4701
    endloop
  endfacet
  facet normal 0 0 -1
    outer loop
      vertex -58.846 -134.817 -24.4701
      vertex -58.9328 -133.915 -24.4701
      vertex -58.8141 -133.904 -24.4701
    endloop
  endfacet
  facet normal 0 0 -1
    outer loop
      vertex -58.9636 -134.797 -24.4701
      vertex -58.9328 -133.915 -24.4701
      vertex -58.846 -134.817 -24.4701
    endloop
  endfacet
  facet normal 0 0 -1
    outer loop
      vertex -58.9636 -134.797 -24.4701
      vertex -59.0445 -133.957 -24.4701
      vertex -58.9328 -133.915 -24.4701
    endloop
  endfacet
  facet normal 0 0 -1
    outer loop
      vertex -59.0721 -134.748 -24.4701
      vertex -59.0445 -133.957 -24.4701
      vertex -58.9636 -134.797 -24.4701
    endloop
  endfacet
  facet normal 0 0 -1
    outer loop
      vertex -59.0721 -134.748 -24.4701
      vertex -59.1416 -134.026 -24.4701
      vertex -59.0445 -133.957 -24.4701
    endloop
  endfacet
  facet normal 0 0 -1
    outer loop
      vertex -59.1642 -134.672 -24.4701
      vertex -59.1416 -134.026 -24.4701
      vertex -59.0721 -134.748 -24.4701
    endloop
  endfacet
  facet normal 0 0 -1
    outer loop
      vertex -59.1642 -134.672 -24.4701
      vertex -59.2175 -134.118 -24.4701
      vertex -59.1416 -134.026 -24.4701
    endloop
  endfacet
  facet normal 0 0 -1
    outer loop
      vertex -59.2334 -134.575 -24.4701
      vertex -59.2175 -134.118 -24.4701
      vertex -59.1642 -134.672 -24.4701
    endloop
  endfacet
  facet normal 0 0 -1
    outer loop
      vertex -59.2334 -134.575 -24.4701
      vertex -59.2669 -134.227 -24.4701
      vertex -59.2175 -134.118 -24.4701
    endloop
  endfacet
  facet normal 0 0 -1
    outer loop
      vertex -59.2752 -134.463 -24.4701
      vertex -59.2669 -134.227 -24.4701
      vertex -59.2334 -134.575 -24.4701
    endloop
  endfacet
  facet normal 0 0 -1
    outer loop
      vertex -59.2669 -134.227 -24.4701
      vertex -59.2752 -134.463 -24.4701
      vertex -59.2866 -134.344 -24.4701
    endloop
  endfacet
  facet normal -0.259727 -0.0248814 -0.965361
    outer loop
      vertex -59.2752 -134.463 -24.4701
      vertex -60.1686 -134.313 -24.2336
      vertex -59.2866 -134.344 -24.4701
    endloop
  endfacet
  facet normal -0.803702 0.595031 0
    outer loop
      vertex -80.9071 -34.8694 4.3
      vertex -80.8418 -34.7812 29.7
      vertex -80.8418 -34.7812 4.3
    endloop
  endfacet
  facet normal -0.803702 0.595031 0
    outer loop
      vertex -80.8418 -34.7812 29.7
      vertex -80.9071 -34.8694 4.3
      vertex -80.9071 -34.8694 29.7
    endloop
  endfacet
  facet normal 0.814103 0.580721 0
    outer loop
      vertex -83.1009 -34.8601 29.7
      vertex -83.1646 -34.7708 4.3
      vertex -83.1646 -34.7708 29.7
    endloop
  endfacet
  facet normal 0.814103 0.580721 0
    outer loop
      vertex -83.1646 -34.7708 4.3
      vertex -83.1009 -34.8601 29.7
      vertex -83.1009 -34.8601 4.3
    endloop
  endfacet
  facet normal 0.988903 0.148563 0
    outer loop
      vertex -83.3713 -34.2666 29.7
      vertex -83.3876 -34.1581 4.3
      vertex -83.3876 -34.1581 29.7
    endloop
  endfacet
  facet normal 0.988903 0.148563 0
    outer loop
      vertex -83.3876 -34.1581 4.3
      vertex -83.3713 -34.2666 29.7
      vertex -83.3713 -34.2666 4.3
    endloop
  endfacet
  facet normal -0.895155 -0.445754 0
    outer loop
      vertex -80.7292 -33.4209 4.3
      vertex -80.7781 -33.3227 29.7
      vertex -80.7781 -33.3227 4.3
    endloop
  endfacet
  facet normal -0.895155 -0.445754 0
    outer loop
      vertex -80.7781 -33.3227 29.7
      vertex -80.7292 -33.4209 4.3
      vertex -80.7292 -33.4209 29.7
    endloop
  endfacet
  facet normal -0.445754 0.895155 0
    outer loop
      vertex -81.3227 -35.2219 4.3
      vertex -81.4209 -35.2708 29.7
      vertex -81.3227 -35.2219 29.7
    endloop
  endfacet
  facet normal -0.445754 0.895155 0
    outer loop
      vertex -81.4209 -35.2708 29.7
      vertex -81.3227 -35.2219 4.3
      vertex -81.4209 -35.2708 4.3
    endloop
  endfacet
  facet normal -0.595031 -0.803702 0
    outer loop
      vertex -81.2188 -32.8418 4.3
      vertex -81.1306 -32.9071 29.7
      vertex -81.2188 -32.8418 29.7
    endloop
  endfacet
  facet normal -0.595031 -0.803702 -0
    outer loop
      vertex -81.1306 -32.9071 29.7
      vertex -81.2188 -32.8418 4.3
      vertex -81.1306 -32.9071 4.3
    endloop
  endfacet
  facet normal -0.887202 0.461381 0
    outer loop
      vertex -80.7845 -34.6877 4.3
      vertex -80.7339 -34.5904 29.7
      vertex -80.7339 -34.5904 4.3
    endloop
  endfacet
  facet normal -0.887202 0.461381 0
    outer loop
      vertex -80.7339 -34.5904 29.7
      vertex -80.7845 -34.6877 4.3
      vertex -80.7845 -34.6877 29.7
    endloop
  endfacet
  facet normal 0.803702 -0.595031 0
    outer loop
      vertex -83.1582 -33.2188 29.7
      vertex -83.0929 -33.1306 4.3
      vertex -83.0929 -33.1306 29.7
    endloop
  endfacet
  facet normal 0.803702 -0.595031 0
    outer loop
      vertex -83.0929 -33.1306 4.3
      vertex -83.1582 -33.2188 29.7
      vertex -83.1582 -33.2188 4.3
    endloop
  endfacet
  facet normal -0.30004 0.953927 0
    outer loop
      vertex -81.5222 -35.3128 4.3
      vertex -81.6268 -35.3457 29.7
      vertex -81.5222 -35.3128 29.7
    endloop
  endfacet
  facet normal -0.30004 0.953927 0
    outer loop
      vertex -81.6268 -35.3457 29.7
      vertex -81.5222 -35.3128 4.3
      vertex -81.6268 -35.3457 4.3
    endloop
  endfacet
  facet normal 0.953927 0.30004 0
    outer loop
      vertex -83.3128 -34.4778 29.7
      vertex -83.3457 -34.3732 4.3
      vertex -83.3457 -34.3732 29.7
    endloop
  endfacet
  facet normal 0.953927 0.30004 0
    outer loop
      vertex -83.3457 -34.3732 4.3
      vertex -83.3128 -34.4778 29.7
      vertex -83.3128 -34.4778 4.3
    endloop
  endfacet
  facet normal -0.165139 -0.98627 0
    outer loop
      vertex -81.8297 -32.6134 4.3
      vertex -81.7216 -32.6315 29.7
      vertex -81.8297 -32.6134 29.7
    endloop
  endfacet
  facet normal -0.165139 -0.98627 -0
    outer loop
      vertex -81.7216 -32.6315 29.7
      vertex -81.8297 -32.6134 4.3
      vertex -81.7216 -32.6315 4.3
    endloop
  endfacet
  facet normal -0.953927 -0.30004 0
    outer loop
      vertex -80.6543 -33.6268 4.3
      vertex -80.6872 -33.5222 29.7
      vertex -80.6872 -33.5222 4.3
    endloop
  endfacet
  facet normal -0.953927 -0.30004 0
    outer loop
      vertex -80.6872 -33.5222 29.7
      vertex -80.6543 -33.6268 4.3
      vertex -80.6543 -33.6268 29.7
    endloop
  endfacet
  facet normal 0.713464 0.700691 0
    outer loop
      vertex -82.9528 -35.0217 29.7
      vertex -83.0296 -34.9435 4.3
      vertex -83.0296 -34.9435 29.7
    endloop
  endfacet
  facet normal 0.713464 0.700691 0
    outer loop
      vertex -83.0296 -34.9435 4.3
      vertex -82.9528 -35.0217 29.7
      vertex -82.9528 -35.0217 4.3
    endloop
  endfacet
  facet normal 0.895155 0.445754 0
    outer loop
      vertex -83.2219 -34.6773 29.7
      vertex -83.2708 -34.5791 4.3
      vertex -83.2708 -34.5791 29.7
    endloop
  endfacet
  facet normal 0.895155 0.445754 0
    outer loop
      vertex -83.2708 -34.5791 4.3
      vertex -83.2219 -34.6773 29.7
      vertex -83.2219 -34.6773 4.3
    endloop
  endfacet
  facet normal -0.317322 -0.948318 0
    outer loop
      vertex -81.6149 -32.6571 4.3
      vertex -81.5109 -32.6919 29.7
      vertex -81.6149 -32.6571 29.7
    endloop
  endfacet
  facet normal -0.317322 -0.948318 -0
    outer loop
      vertex -81.5109 -32.6919 29.7
      vertex -81.6149 -32.6571 4.3
      vertex -81.5109 -32.6919 4.3
    endloop
  endfacet
  facet normal 0.30004 -0.953927 0
    outer loop
      vertex -82.4778 -32.6872 4.3
      vertex -82.3732 -32.6543 29.7
      vertex -82.4778 -32.6872 29.7
    endloop
  endfacet
  facet normal 0.30004 -0.953927 0
    outer loop
      vertex -82.3732 -32.6543 29.7
      vertex -82.4778 -32.6872 4.3
      vertex -82.3732 -32.6543 4.3
    endloop
  endfacet
  facet normal -0.814103 -0.580721 0
    outer loop
      vertex -80.8354 -33.2292 4.3
      vertex -80.8991 -33.1399 29.7
      vertex -80.8991 -33.1399 4.3
    endloop
  endfacet
  facet normal -0.814103 -0.580721 0
    outer loop
      vertex -80.8991 -33.1399 29.7
      vertex -80.8354 -33.2292 4.3
      vertex -80.8354 -33.2292 29.7
    endloop
  endfacet
  facet normal -0.948318 0.317322 0
    outer loop
      vertex -80.6919 -34.4891 4.3
      vertex -80.6571 -34.3851 29.7
      vertex -80.6571 -34.3851 4.3
    endloop
  endfacet
  facet normal -0.948318 0.317322 0
    outer loop
      vertex -80.6571 -34.3851 29.7
      vertex -80.6919 -34.4891 4.3
      vertex -80.6919 -34.4891 29.7
    endloop
  endfacet
  facet normal 0.580721 -0.814103 0
    outer loop
      vertex -82.8601 -32.8991 4.3
      vertex -82.7708 -32.8354 29.7
      vertex -82.8601 -32.8991 29.7
    endloop
  endfacet
  facet normal 0.580721 -0.814103 0
    outer loop
      vertex -82.7708 -32.8354 29.7
      vertex -82.8601 -32.8991 4.3
      vertex -82.7708 -32.8354 4.3
    endloop
  endfacet
  facet normal 0.700691 -0.713464 0
    outer loop
      vertex -83.0217 -33.0472 4.3
      vertex -82.9435 -32.9704 29.7
      vertex -83.0217 -33.0472 29.7
    endloop
  endfacet
  facet normal 0.700691 -0.713464 0
    outer loop
      vertex -82.9435 -32.9704 29.7
      vertex -83.0217 -33.0472 4.3
      vertex -82.9435 -32.9704 4.3
    endloop
  endfacet
  facet normal -0.00911539 -0.999958 0
    outer loop
      vertex -82.0488 -32.6038 4.3
      vertex -81.9391 -32.6048 29.7
      vertex -82.0488 -32.6038 29.7
    endloop
  endfacet
  facet normal -0.00911539 -0.999958 -0
    outer loop
      vertex -81.9391 -32.6048 29.7
      vertex -82.0488 -32.6038 4.3
      vertex -81.9391 -32.6048 4.3
    endloop
  endfacet
  facet normal 0.00911539 0.999958 -0
    outer loop
      vertex -81.9512 -35.3962 4.3
      vertex -82.0609 -35.3952 29.7
      vertex -81.9512 -35.3962 29.7
    endloop
  endfacet
  facet normal 0.00911539 0.999958 0
    outer loop
      vertex -82.0609 -35.3952 29.7
      vertex -81.9512 -35.3962 4.3
      vertex -82.0609 -35.3952 4.3
    endloop
  endfacet
  facet normal 0.461381 0.887202 -0
    outer loop
      vertex -82.5904 -35.2661 4.3
      vertex -82.6877 -35.2155 29.7
      vertex -82.5904 -35.2661 29.7
    endloop
  endfacet
  facet normal 0.461381 0.887202 0
    outer loop
      vertex -82.6877 -35.2155 29.7
      vertex -82.5904 -35.2661 4.3
      vertex -82.6877 -35.2155 4.3
    endloop
  endfacet
  facet normal -0.713464 -0.700691 0
    outer loop
      vertex -80.9704 -33.0565 4.3
      vertex -81.0472 -32.9783 29.7
      vertex -81.0472 -32.9783 4.3
    endloop
  endfacet
  facet normal -0.713464 -0.700691 0
    outer loop
      vertex -81.0472 -32.9783 29.7
      vertex -80.9704 -33.0565 4.3
      vertex -80.9704 -33.0565 29.7
    endloop
  endfacet
  facet normal -0.461381 -0.887202 0
    outer loop
      vertex -81.4096 -32.7339 4.3
      vertex -81.3123 -32.7845 29.7
      vertex -81.4096 -32.7339 29.7
    endloop
  endfacet
  facet normal -0.461381 -0.887202 -0
    outer loop
      vertex -81.3123 -32.7845 29.7
      vertex -81.4096 -32.7339 4.3
      vertex -81.3123 -32.7845 4.3
    endloop
  endfacet
  facet normal 0.999958 -0.00911539 0
    outer loop
      vertex -83.3962 -34.0488 29.7
      vertex -83.3952 -33.9391 4.3
      vertex -83.3952 -33.9391 29.7
    endloop
  endfacet
  facet normal 0.999958 -0.00911539 0
    outer loop
      vertex -83.3952 -33.9391 4.3
      vertex -83.3962 -34.0488 29.7
      vertex -83.3962 -34.0488 4.3
    endloop
  endfacet
  facet normal 0.887202 -0.461381 0
    outer loop
      vertex -83.2661 -33.4096 29.7
      vertex -83.2155 -33.3123 4.3
      vertex -83.2155 -33.3123 29.7
    endloop
  endfacet
  facet normal 0.887202 -0.461381 0
    outer loop
      vertex -83.2155 -33.3123 4.3
      vertex -83.2661 -33.4096 29.7
      vertex -83.2661 -33.4096 4.3
    endloop
  endfacet
  facet normal 0.445754 -0.895155 0
    outer loop
      vertex -82.6773 -32.7781 4.3
      vertex -82.5791 -32.7292 29.7
      vertex -82.6773 -32.7781 29.7
    endloop
  endfacet
  facet normal 0.445754 -0.895155 0
    outer loop
      vertex -82.5791 -32.7292 29.7
      vertex -82.6773 -32.7781 4.3
      vertex -82.5791 -32.7292 4.3
    endloop
  endfacet
  facet normal -0.580721 0.814103 0
    outer loop
      vertex -81.1399 -35.1009 4.3
      vertex -81.2292 -35.1646 29.7
      vertex -81.1399 -35.1009 29.7
    endloop
  endfacet
  facet normal -0.580721 0.814103 0
    outer loop
      vertex -81.2292 -35.1646 29.7
      vertex -81.1399 -35.1009 4.3
      vertex -81.2292 -35.1646 4.3
    endloop
  endfacet
  facet normal 0.595031 0.803702 -0
    outer loop
      vertex -82.7812 -35.1582 4.3
      vertex -82.8694 -35.0929 29.7
      vertex -82.7812 -35.1582 29.7
    endloop
  endfacet
  facet normal 0.595031 0.803702 0
    outer loop
      vertex -82.8694 -35.0929 29.7
      vertex -82.7812 -35.1582 4.3
      vertex -82.8694 -35.0929 4.3
    endloop
  endfacet
  facet normal -0.988903 -0.148563 0
    outer loop
      vertex -80.6124 -33.8419 4.3
      vertex -80.6287 -33.7334 29.7
      vertex -80.6287 -33.7334 4.3
    endloop
  endfacet
  facet normal -0.988903 -0.148563 0
    outer loop
      vertex -80.6287 -33.7334 29.7
      vertex -80.6124 -33.8419 4.3
      vertex -80.6124 -33.8419 29.7
    endloop
  endfacet
  facet normal 0.948318 -0.317322 0
    outer loop
      vertex -83.3429 -33.6149 29.7
      vertex -83.3081 -33.5109 4.3
      vertex -83.3081 -33.5109 29.7
    endloop
  endfacet
  facet normal 0.948318 -0.317322 0
    outer loop
      vertex -83.3081 -33.5109 4.3
      vertex -83.3429 -33.6149 29.7
      vertex -83.3429 -33.6149 4.3
    endloop
  endfacet
  facet normal -0.999958 0.00911539 0
    outer loop
      vertex -80.6048 -34.0609 4.3
      vertex -80.6038 -33.9512 29.7
      vertex -80.6038 -33.9512 4.3
    endloop
  endfacet
  facet normal -0.999958 0.00911539 0
    outer loop
      vertex -80.6038 -33.9512 29.7
      vertex -80.6048 -34.0609 4.3
      vertex -80.6048 -34.0609 29.7
    endloop
  endfacet
  facet normal 0.317322 0.948318 -0
    outer loop
      vertex -82.3851 -35.3429 4.3
      vertex -82.4891 -35.3081 29.7
      vertex -82.3851 -35.3429 29.7
    endloop
  endfacet
  facet normal 0.317322 0.948318 0
    outer loop
      vertex -82.4891 -35.3081 29.7
      vertex -82.3851 -35.3429 4.3
      vertex -82.4891 -35.3081 4.3
    endloop
  endfacet
  facet normal -0.98627 0.165139 0
    outer loop
      vertex -80.6315 -34.2784 4.3
      vertex -80.6134 -34.1703 29.7
      vertex -80.6134 -34.1703 4.3
    endloop
  endfacet
  facet normal -0.98627 0.165139 0
    outer loop
      vertex -80.6134 -34.1703 29.7
      vertex -80.6315 -34.2784 4.3
      vertex -80.6315 -34.2784 29.7
    endloop
  endfacet
  facet normal 0.148563 -0.988903 0
    outer loop
      vertex -82.2666 -32.6287 4.3
      vertex -82.1581 -32.6124 29.7
      vertex -82.2666 -32.6287 29.7
    endloop
  endfacet
  facet normal 0.148563 -0.988903 0
    outer loop
      vertex -82.1581 -32.6124 29.7
      vertex -82.2666 -32.6287 4.3
      vertex -82.1581 -32.6124 4.3
    endloop
  endfacet
  facet normal 0.165139 0.98627 -0
    outer loop
      vertex -82.1703 -35.3866 4.3
      vertex -82.2784 -35.3685 29.7
      vertex -82.1703 -35.3866 29.7
    endloop
  endfacet
  facet normal 0.165139 0.98627 0
    outer loop
      vertex -82.2784 -35.3685 29.7
      vertex -82.1703 -35.3866 4.3
      vertex -82.2784 -35.3685 4.3
    endloop
  endfacet
  facet normal 0.98627 -0.165139 0
    outer loop
      vertex -83.3866 -33.8297 29.7
      vertex -83.3685 -33.7216 4.3
      vertex -83.3685 -33.7216 29.7
    endloop
  endfacet
  facet normal 0.98627 -0.165139 0
    outer loop
      vertex -83.3685 -33.7216 4.3
      vertex -83.3866 -33.8297 29.7
      vertex -83.3866 -33.8297 4.3
    endloop
  endfacet
  facet normal -0.148563 0.988903 0
    outer loop
      vertex -81.7334 -35.3713 4.3
      vertex -81.8419 -35.3876 29.7
      vertex -81.7334 -35.3713 29.7
    endloop
  endfacet
  facet normal -0.148563 0.988903 0
    outer loop
      vertex -81.8419 -35.3876 29.7
      vertex -81.7334 -35.3713 4.3
      vertex -81.8419 -35.3876 4.3
    endloop
  endfacet
  facet normal -0.700691 0.713464 0
    outer loop
      vertex -80.9783 -34.9528 4.3
      vertex -81.0565 -35.0296 29.7
      vertex -80.9783 -34.9528 29.7
    endloop
  endfacet
  facet normal -0.700691 0.713464 0
    outer loop
      vertex -81.0565 -35.0296 29.7
      vertex -80.9783 -34.9528 4.3
      vertex -81.0565 -35.0296 4.3
    endloop
  endfacet
  facet normal -0.97437 -0.224951 0
    outer loop
      vertex -68.2636 -87.2754 17.6
      vertex -79.6771 -37.838 20.4
      vertex -79.6771 -37.838 17.6
    endloop
  endfacet
  facet normal -0.97437 -0.224951 0
    outer loop
      vertex -79.6771 -37.838 20.4
      vertex -68.2636 -87.2754 17.6
      vertex -68.2636 -87.2754 20.4
    endloop
  endfacet
  facet normal 0 0 -1
    outer loop
      vertex -81.296 -38.4446 20.4
      vertex -68.2636 -87.2754 20.4
      vertex -70.9918 -87.9053 20.4
    endloop
  endfacet
  facet normal 0 0 -1
    outer loop
      vertex -68.2636 -87.2754 20.4
      vertex -79.957 -38.0095 20.4
      vertex -79.6771 -37.838 20.4
    endloop
  endfacet
  facet normal 0 0 -1
    outer loop
      vertex -68.2636 -87.2754 20.4
      vertex -80.6094 -38.2798 20.4
      vertex -79.957 -38.0095 20.4
    endloop
  endfacet
  facet normal 0 0 -1
    outer loop
      vertex -68.2636 -87.2754 20.4
      vertex -81.296 -38.4446 20.4
      vertex -80.6094 -38.2798 20.4
    endloop
  endfacet
  facet normal 0 0 -1
    outer loop
      vertex -70.9918 -87.9053 20.4
      vertex -82 -38.5 20.4
      vertex -81.296 -38.4446 20.4
    endloop
  endfacet
  facet normal -0 -0 -1
    outer loop
      vertex -82 -38.5 20.4
      vertex -70.9918 -87.9053 20.4
      vertex -82.4053 -38.4681 20.4
    endloop
  endfacet
  facet normal -0 0 1
    outer loop
      vertex -79.957 -38.0095 17.6
      vertex -68.2636 -87.2754 17.6
      vertex -79.6771 -37.838 17.6
    endloop
  endfacet
  facet normal -0 0 1
    outer loop
      vertex -80.6094 -38.2798 17.6
      vertex -68.2636 -87.2754 17.6
      vertex -79.957 -38.0095 17.6
    endloop
  endfacet
  facet normal -0 0 1
    outer loop
      vertex -81.296 -38.4446 17.6
      vertex -68.2636 -87.2754 17.6
      vertex -80.6094 -38.2798 17.6
    endloop
  endfacet
  facet normal 0 0 1
    outer loop
      vertex -68.2636 -87.2754 17.6
      vertex -81.296 -38.4446 17.6
      vertex -70.9918 -87.9053 17.6
    endloop
  endfacet
  facet normal -0 0 1
    outer loop
      vertex -82 -38.5 17.6
      vertex -70.9918 -87.9053 17.6
      vertex -81.296 -38.4446 17.6
    endloop
  endfacet
  facet normal 0 0 1
    outer loop
      vertex -70.9918 -87.9053 17.6
      vertex -82 -38.5 17.6
      vertex -82.4053 -38.4681 17.6
    endloop
  endfacet
  facet normal 0.97437 0.224951 0
    outer loop
      vertex -70.9918 -87.9053 20.4
      vertex -82.4053 -38.4681 17.6
      vertex -82.4053 -38.4681 20.4
    endloop
  endfacet
  facet normal 0.97437 0.224951 0
    outer loop
      vertex -82.4053 -38.4681 17.6
      vertex -70.9918 -87.9053 20.4
      vertex -70.9918 -87.9053 17.6
    endloop
  endfacet
  facet normal -0.224966 0.974367 0
    outer loop
      vertex -68.2636 -87.2754 17.6
      vertex -70.9918 -87.9053 20.4
      vertex -68.2636 -87.2754 20.4
    endloop
  endfacet
  facet normal -0.224966 0.974367 0
    outer loop
      vertex -70.9918 -87.9053 20.4
      vertex -68.2636 -87.2754 17.6
      vertex -70.9918 -87.9053 17.6
    endloop
  endfacet
  facet normal 0.760656 0.649155 0
    outer loop
      vertex -78.6905 -30.9674 29.7
      vertex -78.818 -30.818 4.3
      vertex -78.818 -30.818 29.7
    endloop
  endfacet
  facet normal 0.760656 0.649155 0
    outer loop
      vertex -78.818 -30.818 4.3
      vertex -78.6905 -30.9674 29.7
      vertex -78.6905 -30.9674 4.3
    endloop
  endfacet
  facet normal 0.760557 0.649271 0
    outer loop
      vertex -78.3594 -31.355 29.7
      vertex -78.4615 -31.2354 4.3
      vertex -78.4615 -31.2354 29.7
    endloop
  endfacet
  facet normal 0.760557 0.649271 0
    outer loop
      vertex -78.4615 -31.2354 4.3
      vertex -78.3594 -31.355 29.7
      vertex -78.3594 -31.355 4.3
    endloop
  endfacet
  facet normal 0.972433 0.23318 0
    outer loop
      vertex -77.6744 -32.8004 4.3
      vertex -77.7202 -32.6094 4.3
      vertex -77.7202 -32.6094 4.45253
    endloop
  endfacet
  facet normal 0.972347 0.233541 -0
    outer loop
      vertex -77.5554 -33.296 29.6704
      vertex -77.5921 -33.1432 29.7
      vertex -77.5554 -33.296 29.7
    endloop
  endfacet
  facet normal 0.972347 0.233541 -0
    outer loop
      vertex -77.5554 -33.296 4.3
      vertex -77.5921 -33.1432 4.3
      vertex -77.5554 -33.296 4.35331
    endloop
  endfacet
  facet normal 0.972433 0.23318 0
    outer loop
      vertex -77.6744 -32.8004 29.7
      vertex -77.7202 -32.6094 29.6125
      vertex -77.7202 -32.6094 29.7
    endloop
  endfacet
  facet normal -0.522562 0.852601 0
    outer loop
      vertex -84.4776 -30.2568 4.3
      vertex -84.645 -30.3594 29.7
      vertex -84.4776 -30.2568 29.7
    endloop
  endfacet
  facet normal -0.522562 0.852601 0
    outer loop
      vertex -84.645 -30.3594 29.7
      vertex -84.4776 -30.2568 4.3
      vertex -84.645 -30.3594 4.3
    endloop
  endfacet
  facet normal -0.522428 0.852684 0
    outer loop
      vertex -84.043 -29.9905 4.3
      vertex -84.177 -30.0726 29.7
      vertex -84.043 -29.9905 29.7
    endloop
  endfacet
  facet normal -0.522428 0.852684 0
    outer loop
      vertex -84.177 -30.0726 29.7
      vertex -84.043 -29.9905 4.3
      vertex -84.177 -30.0726 4.3
    endloop
  endfacet
  facet normal 0.649155 -0.760656 0
    outer loop
      vertex -78.818 -37.182 4.31228
      vertex -78.9674 -37.3095 4.3
      vertex -78.818 -37.182 4.3
    endloop
  endfacet
  facet normal 0.649271 -0.760557 0
    outer loop
      vertex -79.355 -37.6406 29.7
      vertex -79.355 -37.6406 29.6941
      vertex -79.2354 -37.5385 29.7
    endloop
  endfacet
  facet normal 0.649271 -0.760557 0
    outer loop
      vertex -79.355 -37.6406 4.3119
      vertex -79.355 -37.6406 4.3
      vertex -79.2354 -37.5385 4.3
    endloop
  endfacet
  facet normal 0.649155 -0.760656 0
    outer loop
      vertex -78.818 -37.182 29.7
      vertex -78.9674 -37.3095 29.7
      vertex -78.818 -37.182 29.6939
    endloop
  endfacet
  facet normal 0.0782532 -0.996934 0
    outer loop
      vertex -82 -38.5 4.31192
      vertex -82 -38.5 4.3
      vertex -81.8433 -38.4877 4.3
    endloop
  endfacet
  facet normal 0.0782532 -0.996934 0
    outer loop
      vertex -82 -38.5 29.7
      vertex -82 -38.5 29.694
      vertex -81.8433 -38.4877 29.7
    endloop
  endfacet
  facet normal 0.0784095 -0.996921 0
    outer loop
      vertex -81.296 -38.4446 29.7
      vertex -81.4918 -38.46 29.7
      vertex -81.296 -38.4446 29.6938
    endloop
  endfacet
  facet normal 0.0784095 -0.996921 0
    outer loop
      vertex -81.296 -38.4446 4.31234
      vertex -81.4918 -38.46 4.3
      vertex -81.296 -38.4446 4.3
    endloop
  endfacet
  facet normal 0.0784506 -0.996918 0
    outer loop
      vertex -82 -38.5 17.6
      vertex -81.296 -38.4446 20.4
      vertex -82 -38.5 20.4
    endloop
  endfacet
  facet normal 0.0784506 -0.996918 0
    outer loop
      vertex -81.296 -38.4446 20.4
      vertex -82 -38.5 17.6
      vertex -81.296 -38.4446 17.6
    endloop
  endfacet
  facet normal -0.996934 -0.0782532 0
    outer loop
      vertex -86.4877 -34.1567 4.3
      vertex -86.5 -34 29.7
      vertex -86.5 -34 4.3
    endloop
  endfacet
  facet normal -0.996934 -0.0782532 0
    outer loop
      vertex -86.5 -34 29.7
      vertex -86.4877 -34.1567 4.3
      vertex -86.4877 -34.1567 29.7
    endloop
  endfacet
  facet normal -0.996921 -0.0784095 -0
    outer loop
      vertex -86.4446 -34.704 4.45253
      vertex -86.46 -34.5082 4.3
      vertex -86.4446 -34.704 4.3
    endloop
  endfacet
  facet normal -0.996921 -0.0784095 -0
    outer loop
      vertex -86.4446 -34.704 29.7
      vertex -86.46 -34.5082 29.7
      vertex -86.4446 -34.704 29.6125
    endloop
  endfacet
  facet normal 0.382989 -0.923753 0
    outer loop
      vertex -80.6094 -38.2798 29.7
      vertex -80.6094 -38.2798 29.6938
      vertex -80.4642 -38.2196 29.7
    endloop
  endfacet
  facet normal 0.382771 -0.923843 0
    outer loop
      vertex -79.957 -38.0095 29.7
      vertex -80.1385 -38.0847 29.7
      vertex -79.957 -38.0095 29.694
    endloop
  endfacet
  facet normal 0.382771 -0.923843 0
    outer loop
      vertex -79.957 -38.0095 4.31192
      vertex -80.1385 -38.0847 4.3
      vertex -79.957 -38.0095 4.3
    endloop
  endfacet
  facet normal 0.382989 -0.923753 0
    outer loop
      vertex -80.6094 -38.2798 4.31234
      vertex -80.6094 -38.2798 4.3
      vertex -80.4642 -38.2196 4.3
    endloop
  endfacet
  facet normal 0.382765 -0.923846 0
    outer loop
      vertex -80.6094 -38.2798 17.6
      vertex -79.957 -38.0095 20.4
      vertex -80.6094 -38.2798 20.4
    endloop
  endfacet
  facet normal 0.382765 -0.923846 0
    outer loop
      vertex -79.957 -38.0095 20.4
      vertex -80.6094 -38.2798 17.6
      vertex -79.957 -38.0095 17.6
    endloop
  endfacet
  facet normal 0.760557 -0.649271 0
    outer loop
      vertex -78.818 -37.182 4.31228
      vertex -78.818 -37.182 4.3
      vertex -78.7159 -37.0624 4.3
    endloop
  endfacet
  facet normal 0.760405 -0.649449 0
    outer loop
      vertex -78.3594 -36.645 4.31313
      vertex -78.487 -36.7944 4.3
      vertex -78.3594 -36.645 4.3
    endloop
  endfacet
  facet normal 0.760405 -0.649449 0
    outer loop
      vertex -78.3594 -36.645 29.7
      vertex -78.487 -36.7944 29.7
      vertex -78.3594 -36.645 29.6934
    endloop
  endfacet
  facet normal 0.760557 -0.649271 0
    outer loop
      vertex -78.818 -37.182 29.7
      vertex -78.818 -37.182 29.6939
      vertex -78.7159 -37.0624 29.7
    endloop
  endfacet
  facet normal 0.522562 0.852601 -0
    outer loop
      vertex -79.7896 -30.0931 4.3
      vertex -79.957 -29.9905 29.7
      vertex -79.7896 -30.0931 29.7
    endloop
  endfacet
  facet normal 0.522562 0.852601 0
    outer loop
      vertex -79.957 -29.9905 29.7
      vertex -79.7896 -30.0931 4.3
      vertex -79.957 -29.9905 4.3
    endloop
  endfacet
  facet normal 0.522428 0.852684 -0
    outer loop
      vertex -79.355 -30.3594 4.3
      vertex -79.489 -30.2773 29.7
      vertex -79.355 -30.3594 29.7
    endloop
  endfacet
  facet normal 0.522428 0.852684 0
    outer loop
      vertex -79.489 -30.2773 29.7
      vertex -79.355 -30.3594 4.3
      vertex -79.489 -30.2773 4.3
    endloop
  endfacet
  facet normal -0.23318 0.972433 0
    outer loop
      vertex -83.1996 -29.6744 4.3
      vertex -83.3906 -29.7202 29.7
      vertex -83.1996 -29.6744 29.7
    endloop
  endfacet
  facet normal -0.23318 0.972433 0
    outer loop
      vertex -83.3906 -29.7202 29.7
      vertex -83.1996 -29.6744 4.3
      vertex -83.3906 -29.7202 4.3
    endloop
  endfacet
  facet normal -0.233541 0.972347 0
    outer loop
      vertex -82.704 -29.5554 4.3
      vertex -82.8568 -29.5921 29.7
      vertex -82.704 -29.5554 29.7
    endloop
  endfacet
  facet normal -0.233541 0.972347 0
    outer loop
      vertex -82.8568 -29.5921 29.7
      vertex -82.704 -29.5554 4.3
      vertex -82.8568 -29.5921 4.3
    endloop
  endfacet
  facet normal 0.852684 0.522428 0
    outer loop
      vertex -77.9905 -31.957 29.7
      vertex -78.0726 -31.823 4.3
      vertex -78.0726 -31.823 29.7
    endloop
  endfacet
  facet normal 0.852684 0.522428 0
    outer loop
      vertex -78.0726 -31.823 4.3
      vertex -77.9905 -31.957 29.7
      vertex -77.9905 -31.957 4.3
    endloop
  endfacet
  facet normal 0.852601 0.522562 0
    outer loop
      vertex -78.2568 -31.5224 29.7
      vertex -78.3594 -31.355 4.3
      vertex -78.3594 -31.355 29.7
    endloop
  endfacet
  facet normal 0.852601 0.522562 0
    outer loop
      vertex -78.3594 -31.355 4.3
      vertex -78.2568 -31.5224 29.7
      vertex -78.2568 -31.5224 4.3
    endloop
  endfacet
  facet normal -0.760405 0.649449 0
    outer loop
      vertex -85.6406 -31.355 4.3
      vertex -85.513 -31.2056 29.7
      vertex -85.513 -31.2056 4.3
    endloop
  endfacet
  facet normal -0.760405 0.649449 0
    outer loop
      vertex -85.513 -31.2056 29.7
      vertex -85.6406 -31.355 4.3
      vertex -85.6406 -31.355 29.7
    endloop
  endfacet
  facet normal -0.760557 0.649271 0
    outer loop
      vertex -85.2841 -30.9376 4.3
      vertex -85.182 -30.818 29.7
      vertex -85.182 -30.818 4.3
    endloop
  endfacet
  facet normal -0.760557 0.649271 0
    outer loop
      vertex -85.182 -30.818 29.7
      vertex -85.2841 -30.9376 4.3
      vertex -85.2841 -30.9376 29.7
    endloop
  endfacet
  facet normal 0.233397 0.972382 -0
    outer loop
      vertex -80.6094 -29.7202 4.3
      vertex -80.7623 -29.6835 29.7
      vertex -80.6094 -29.7202 29.7
    endloop
  endfacet
  facet normal 0.233397 0.972382 0
    outer loop
      vertex -80.7623 -29.6835 29.7
      vertex -80.6094 -29.7202 4.3
      vertex -80.7623 -29.6835 4.3
    endloop
  endfacet
  facet normal 0.233777 0.97229 -0
    outer loop
      vertex -81.1051 -29.6013 4.3
      vertex -81.296 -29.5554 29.7
      vertex -81.1051 -29.6013 29.7
    endloop
  endfacet
  facet normal 0.233777 0.97229 0
    outer loop
      vertex -81.296 -29.5554 29.7
      vertex -81.1051 -29.6013 4.3
      vertex -81.296 -29.5554 4.3
    endloop
  endfacet
  facet normal -0.923768 0.382951 0
    outer loop
      vertex -86.2798 -32.6094 4.3
      vertex -86.2046 -32.428 29.7
      vertex -86.2046 -32.428 4.3
    endloop
  endfacet
  facet normal -0.923768 0.382951 0
    outer loop
      vertex -86.2046 -32.428 29.7
      vertex -86.2798 -32.6094 4.3
      vertex -86.2798 -32.6094 29.7
    endloop
  endfacet
  facet normal -0.923846 0.382764 0
    outer loop
      vertex -86.0697 -32.1023 4.3
      vertex -86.0095 -31.957 29.7
      vertex -86.0095 -31.957 4.3
    endloop
  endfacet
  facet normal -0.923846 0.382764 0
    outer loop
      vertex -86.0095 -31.957 29.7
      vertex -86.0697 -32.1023 4.3
      vertex -86.0697 -32.1023 29.7
    endloop
  endfacet
  facet normal 0.852684 -0.522428 0
    outer loop
      vertex -78.3594 -36.645 4.31313
      vertex -78.3594 -36.645 4.3
      vertex -78.2773 -36.511 4.3
    endloop
  endfacet
  facet normal 0.852601 -0.522562 0
    outer loop
      vertex -77.9905 -36.043 4.31463
      vertex -78.0931 -36.2104 4.3
      vertex -77.9905 -36.043 4.3
    endloop
  endfacet
  facet normal 0.852684 -0.522428 0
    outer loop
      vertex -78.3594 -36.645 29.7
      vertex -78.3594 -36.645 29.6934
      vertex -78.2773 -36.511 29.7
    endloop
  endfacet
  facet normal 0.852601 -0.522562 0
    outer loop
      vertex -77.9905 -36.043 29.7
      vertex -78.0931 -36.2104 29.7
      vertex -77.9905 -36.043 29.6926
    endloop
  endfacet
  facet normal -0.972382 0.233397 0
    outer loop
      vertex -86.3165 -32.7623 4.3
      vertex -86.2798 -32.6094 29.7
      vertex -86.2798 -32.6094 4.3
    endloop
  endfacet
  facet normal -0.972382 0.233397 0
    outer loop
      vertex -86.2798 -32.6094 29.7
      vertex -86.3165 -32.7623 4.3
      vertex -86.3165 -32.7623 29.7
    endloop
  endfacet
  facet normal -0.972406 0.233296 0
    outer loop
      vertex -86.4446 -33.296 4.3
      vertex -86.3988 -33.1051 29.7
      vertex -86.3988 -33.1051 4.3
    endloop
  endfacet
  facet normal -0.972406 0.233296 0
    outer loop
      vertex -86.3988 -33.1051 29.7
      vertex -86.4446 -33.296 4.3
      vertex -86.4446 -33.296 29.7
    endloop
  endfacet
  facet normal 0.996921 0.0784095 0
    outer loop
      vertex -77.54 -33.4918 29.7
      vertex -77.5554 -33.296 29.6704
      vertex -77.5554 -33.296 29.7
    endloop
  endfacet
  facet normal 0.996921 0.0784095 0
    outer loop
      vertex -77.54 -33.4918 4.3
      vertex -77.5554 -33.296 4.3
      vertex -77.5554 -33.296 4.35331
    endloop
  endfacet
  facet normal 0.996934 0.0782532 -0
    outer loop
      vertex -77.5 -34 29.6838
      vertex -77.5123 -33.8433 29.7
      vertex -77.5 -34 29.7
    endloop
  endfacet
  facet normal 0.996934 0.0782532 -0
    outer loop
      vertex -77.5 -34 4.3
      vertex -77.5123 -33.8433 4.3
      vertex -77.5 -34 4.33025
    endloop
  endfacet
  facet normal -0.233397 -0.972382 -0
    outer loop
      vertex -83.3906 -38.2798 29.7
      vertex -83.3906 -38.2798 29.6939
      vertex -83.2377 -38.3165 29.7
    endloop
  endfacet
  facet normal -0.233397 -0.972382 -0
    outer loop
      vertex -83.3906 -38.2798 4.31228
      vertex -83.3906 -38.2798 4.3
      vertex -83.2377 -38.3165 4.3
    endloop
  endfacet
  facet normal -0.233777 -0.97229 -0
    outer loop
      vertex -82.704 -38.4446 29.7
      vertex -82.8949 -38.3987 29.7
      vertex -82.704 -38.4446 29.6941
    endloop
  endfacet
  facet normal -0.233777 -0.97229 -0
    outer loop
      vertex -82.704 -38.4446 4.3119
      vertex -82.8949 -38.3987 4.3
      vertex -82.704 -38.4446 4.3
    endloop
  endfacet
  facet normal 0.923753 0.382989 -0
    outer loop
      vertex -77.7202 -32.6094 4.3
      vertex -77.7804 -32.4642 4.3
      vertex -77.7202 -32.6094 4.45253
    endloop
  endfacet
  facet normal 0.923843 0.382771 0
    outer loop
      vertex -77.9153 -32.1385 29.7
      vertex -77.9905 -31.957 4.3
      vertex -77.9905 -31.957 29.7
    endloop
  endfacet
  facet normal 0.923843 0.382771 0
    outer loop
      vertex -77.9905 -31.957 4.3
      vertex -77.9153 -32.1385 29.7
      vertex -77.9153 -32.1385 4.3
    endloop
  endfacet
  facet normal 0.923753 0.382989 -0
    outer loop
      vertex -77.7202 -32.6094 29.6125
      vertex -77.7804 -32.4642 29.7
      vertex -77.7202 -32.6094 29.7
    endloop
  endfacet
  facet normal -0.996921 0.0784095 0
    outer loop
      vertex -86.5 -34 4.3
      vertex -86.4846 -33.8042 29.7
      vertex -86.4846 -33.8042 4.3
    endloop
  endfacet
  facet normal -0.996921 0.0784095 0
    outer loop
      vertex -86.4846 -33.8042 29.7
      vertex -86.5 -34 4.3
      vertex -86.5 -34 29.7
    endloop
  endfacet
  facet normal -0.996937 0.0782036 0
    outer loop
      vertex -86.4569 -33.4528 4.3
      vertex -86.4446 -33.296 29.7
      vertex -86.4446 -33.296 4.3
    endloop
  endfacet
  facet normal -0.996937 0.0782036 0
    outer loop
      vertex -86.4446 -33.296 29.7
      vertex -86.4569 -33.4528 4.3
      vertex -86.4569 -33.4528 29.7
    endloop
  endfacet
  facet normal -0.972347 -0.233541 -0
    outer loop
      vertex -86.4446 -34.704 4.45253
      vertex -86.4446 -34.704 4.3
      vertex -86.4079 -34.8568 4.3
    endloop
  endfacet
  facet normal -0.972347 -0.233541 -0
    outer loop
      vertex -86.4446 -34.704 29.7
      vertex -86.4446 -34.704 29.6125
      vertex -86.4079 -34.8568 29.7
    endloop
  endfacet
  facet normal -0.972433 -0.23318 -0
    outer loop
      vertex -86.2798 -35.3906 4.35331
      vertex -86.3256 -35.1996 4.3
      vertex -86.2798 -35.3906 4.3
    endloop
  endfacet
  facet normal -0.972433 -0.23318 -0
    outer loop
      vertex -86.2798 -35.3906 29.7
      vertex -86.3256 -35.1996 29.7
      vertex -86.2798 -35.3906 29.6704
    endloop
  endfacet
  facet normal 0.996937 -0.0782036 0
    outer loop
      vertex -77.5554 -34.704 4.32159
      vertex -77.5554 -34.704 4.3
      vertex -77.5431 -34.5472 4.3
    endloop
  endfacet
  facet normal 0.996937 -0.0782036 0
    outer loop
      vertex -77.5554 -34.704 29.7
      vertex -77.5554 -34.704 29.6887
      vertex -77.5431 -34.5472 29.7
    endloop
  endfacet
  facet normal 0.996921 -0.0784095 0
    outer loop
      vertex -77.5 -34 29.7
      vertex -77.5154 -34.1958 29.7
      vertex -77.5 -34 29.6838
    endloop
  endfacet
  facet normal 0.996921 -0.0784095 0
    outer loop
      vertex -77.5 -34 4.33025
      vertex -77.5154 -34.1958 4.3
      vertex -77.5 -34 4.3
    endloop
  endfacet
  facet normal -0.649271 0.760557 0
    outer loop
      vertex -84.645 -30.3594 4.3
      vertex -84.7646 -30.4615 29.7
      vertex -84.645 -30.3594 29.7
    endloop
  endfacet
  facet normal -0.649271 0.760557 0
    outer loop
      vertex -84.7646 -30.4615 29.7
      vertex -84.645 -30.3594 4.3
      vertex -84.7646 -30.4615 4.3
    endloop
  endfacet
  facet normal -0.649155 0.760656 0
    outer loop
      vertex -85.0326 -30.6905 4.3
      vertex -85.182 -30.818 29.7
      vertex -85.0326 -30.6905 29.7
    endloop
  endfacet
  facet normal -0.649155 0.760656 0
    outer loop
      vertex -85.182 -30.818 29.7
      vertex -85.0326 -30.6905 4.3
      vertex -85.182 -30.818 4.3
    endloop
  endfacet
  facet normal -0.852684 0.522428 0
    outer loop
      vertex -85.7227 -31.489 4.3
      vertex -85.6406 -31.355 29.7
      vertex -85.6406 -31.355 4.3
    endloop
  endfacet
  facet normal -0.852684 0.522428 0
    outer loop
      vertex -85.6406 -31.355 29.7
      vertex -85.7227 -31.489 4.3
      vertex -85.7227 -31.489 29.7
    endloop
  endfacet
  facet normal -0.852601 0.522562 0
    outer loop
      vertex -86.0095 -31.957 4.3
      vertex -85.9069 -31.7896 29.7
      vertex -85.9069 -31.7896 4.3
    endloop
  endfacet
  facet normal -0.852601 0.522562 0
    outer loop
      vertex -85.9069 -31.7896 29.7
      vertex -86.0095 -31.957 4.3
      vertex -86.0095 -31.957 29.7
    endloop
  endfacet
  facet normal 0.649271 0.760557 -0
    outer loop
      vertex -78.818 -30.818 4.3
      vertex -78.9376 -30.7159 29.7
      vertex -78.818 -30.818 29.7
    endloop
  endfacet
  facet normal 0.649271 0.760557 0
    outer loop
      vertex -78.9376 -30.7159 29.7
      vertex -78.818 -30.818 4.3
      vertex -78.9376 -30.7159 4.3
    endloop
  endfacet
  facet normal 0.649449 0.760405 -0
    outer loop
      vertex -79.2056 -30.487 4.3
      vertex -79.355 -30.3594 29.7
      vertex -79.2056 -30.487 29.7
    endloop
  endfacet
  facet normal 0.649449 0.760405 0
    outer loop
      vertex -79.355 -30.3594 29.7
      vertex -79.2056 -30.487 4.3
      vertex -79.355 -30.3594 4.3
    endloop
  endfacet
  facet normal 0.972382 -0.233397 0
    outer loop
      vertex -77.7202 -35.3906 4.31719
      vertex -77.7202 -35.3906 4.3
      vertex -77.6835 -35.2377 4.3
    endloop
  endfacet
  facet normal 0.972406 -0.233296 0
    outer loop
      vertex -77.5554 -34.704 4.32159
      vertex -77.6012 -34.8949 4.3
      vertex -77.5554 -34.704 4.3
    endloop
  endfacet
  facet normal 0.972382 -0.233397 0
    outer loop
      vertex -77.7202 -35.3906 29.7
      vertex -77.7202 -35.3906 29.6912
      vertex -77.6835 -35.2377 29.7
    endloop
  endfacet
  facet normal 0.972406 -0.233296 0
    outer loop
      vertex -77.5554 -34.704 29.7
      vertex -77.6012 -34.8949 29.7
      vertex -77.5554 -34.704 29.6887
    endloop
  endfacet
  facet normal -0.382951 -0.923768 -0
    outer loop
      vertex -83.3906 -38.2798 29.7
      vertex -83.572 -38.2046 29.7
      vertex -83.3906 -38.2798 29.6939
    endloop
  endfacet
  facet normal -0.382951 -0.923768 -0
    outer loop
      vertex -83.3906 -38.2798 4.31228
      vertex -83.572 -38.2046 4.3
      vertex -83.3906 -38.2798 4.3
    endloop
  endfacet
  facet normal -0.382764 -0.923846 -0
    outer loop
      vertex -84.043 -38.0095 29.7
      vertex -84.043 -38.0095 29.6934
      vertex -83.8977 -38.0697 29.7
    endloop
  endfacet
  facet normal -0.382764 -0.923846 -0
    outer loop
      vertex -84.043 -38.0095 4.31313
      vertex -84.043 -38.0095 4.3
      vertex -83.8977 -38.0697 4.3
    endloop
  endfacet
  facet normal -0.382989 0.923753 0
    outer loop
      vertex -83.3906 -29.7202 4.3
      vertex -83.5358 -29.7804 29.7
      vertex -83.3906 -29.7202 29.7
    endloop
  endfacet
  facet normal -0.382989 0.923753 0
    outer loop
      vertex -83.5358 -29.7804 29.7
      vertex -83.3906 -29.7202 4.3
      vertex -83.5358 -29.7804 4.3
    endloop
  endfacet
  facet normal -0.382771 0.923843 0
    outer loop
      vertex -83.8615 -29.9153 4.3
      vertex -84.043 -29.9905 29.7
      vertex -83.8615 -29.9153 29.7
    endloop
  endfacet
  facet normal -0.382771 0.923843 0
    outer loop
      vertex -84.043 -29.9905 29.7
      vertex -83.8615 -29.9153 4.3
      vertex -84.043 -29.9905 4.3
    endloop
  endfacet
  facet normal -0.923753 -0.382989 -0
    outer loop
      vertex -86.2798 -35.3906 4.35331
      vertex -86.2798 -35.3906 4.3
      vertex -86.2196 -35.5358 4.3
    endloop
  endfacet
  facet normal -0.923753 -0.382989 -0
    outer loop
      vertex -86.2798 -35.3906 29.7
      vertex -86.2798 -35.3906 29.6704
      vertex -86.2196 -35.5358 29.7
    endloop
  endfacet
  facet normal -0.923843 -0.382771 -0
    outer loop
      vertex -86.0095 -36.043 4.33026
      vertex -86.0847 -35.8615 4.3
      vertex -86.0095 -36.043 4.3
    endloop
  endfacet
  facet normal -0.923843 -0.382771 -0
    outer loop
      vertex -86.0095 -36.043 29.7
      vertex -86.0847 -35.8615 29.7
      vertex -86.0095 -36.043 29.6838
    endloop
  endfacet
  facet normal -0.0784095 0.996921 0
    outer loop
      vertex -82.5082 -29.54 4.3
      vertex -82.704 -29.5554 29.7
      vertex -82.5082 -29.54 29.7
    endloop
  endfacet
  facet normal -0.0784095 0.996921 0
    outer loop
      vertex -82.704 -29.5554 29.7
      vertex -82.5082 -29.54 4.3
      vertex -82.704 -29.5554 4.3
    endloop
  endfacet
  facet normal -0.0782532 0.996934 0
    outer loop
      vertex -82 -29.5 4.3
      vertex -82.1567 -29.5123 29.7
      vertex -82 -29.5 29.7
    endloop
  endfacet
  facet normal -0.0782532 0.996934 0
    outer loop
      vertex -82.1567 -29.5123 29.7
      vertex -82 -29.5 4.3
      vertex -82.1567 -29.5123 4.3
    endloop
  endfacet
  facet normal 0.382764 0.923846 -0
    outer loop
      vertex -79.957 -29.9905 4.3
      vertex -80.1023 -29.9303 29.7
      vertex -79.957 -29.9905 29.7
    endloop
  endfacet
  facet normal 0.382764 0.923846 0
    outer loop
      vertex -80.1023 -29.9303 29.7
      vertex -79.957 -29.9905 4.3
      vertex -80.1023 -29.9303 4.3
    endloop
  endfacet
  facet normal 0.382951 0.923768 -0
    outer loop
      vertex -80.428 -29.7954 4.3
      vertex -80.6094 -29.7202 29.7
      vertex -80.428 -29.7954 29.7
    endloop
  endfacet
  facet normal 0.382951 0.923768 0
    outer loop
      vertex -80.6094 -29.7202 29.7
      vertex -80.428 -29.7954 4.3
      vertex -80.6094 -29.7202 4.3
    endloop
  endfacet
  facet normal -0.522428 -0.852684 -0
    outer loop
      vertex -84.645 -37.6406 4.31463
      vertex -84.645 -37.6406 4.3
      vertex -84.511 -37.7227 4.3
    endloop
  endfacet
  facet normal -0.522428 -0.852684 -0
    outer loop
      vertex -84.645 -37.6406 29.7
      vertex -84.645 -37.6406 29.6926
      vertex -84.511 -37.7227 29.7
    endloop
  endfacet
  facet normal -0.522562 -0.852601 -0
    outer loop
      vertex -84.043 -38.0095 29.7
      vertex -84.2104 -37.9069 29.7
      vertex -84.043 -38.0095 29.6934
    endloop
  endfacet
  facet normal -0.522562 -0.852601 -0
    outer loop
      vertex -84.043 -38.0095 4.31313
      vertex -84.2104 -37.9069 4.3
      vertex -84.043 -38.0095 4.3
    endloop
  endfacet
  facet normal 0.522562 -0.852601 0
    outer loop
      vertex -79.355 -37.6406 29.7
      vertex -79.5224 -37.7432 29.7
      vertex -79.355 -37.6406 29.6941
    endloop
  endfacet
  facet normal 0.522428 -0.852684 0
    outer loop
      vertex -79.957 -38.0095 29.7
      vertex -79.957 -38.0095 29.694
      vertex -79.823 -37.9274 29.7
    endloop
  endfacet
  facet normal 0.522562 -0.852601 0
    outer loop
      vertex -79.355 -37.6406 4.3119
      vertex -79.5224 -37.7432 4.3
      vertex -79.355 -37.6406 4.3
    endloop
  endfacet
  facet normal 0.522428 -0.852684 0
    outer loop
      vertex -79.957 -38.0095 4.31192
      vertex -79.957 -38.0095 4.3
      vertex -79.823 -37.9274 4.3
    endloop
  endfacet
  facet normal 0.522448 -0.852671 0
    outer loop
      vertex -79.957 -38.0095 17.6
      vertex -79.6771 -37.838 20.4
      vertex -79.957 -38.0095 20.4
    endloop
  endfacet
  facet normal 0.522448 -0.852671 0
    outer loop
      vertex -79.6771 -37.838 20.4
      vertex -79.957 -38.0095 17.6
      vertex -79.6771 -37.838 17.6
    endloop
  endfacet
  facet normal -0.852601 -0.522562 -0
    outer loop
      vertex -85.6406 -36.645 4.32159
      vertex -85.7432 -36.4776 4.3
      vertex -85.6406 -36.645 4.3
    endloop
  endfacet
  facet normal -0.852684 -0.522428 -0
    outer loop
      vertex -86.0095 -36.043 4.33026
      vertex -86.0095 -36.043 4.3
      vertex -85.9274 -36.177 4.3
    endloop
  endfacet
  facet normal -0.852684 -0.522428 -0
    outer loop
      vertex -86.0095 -36.043 29.7
      vertex -86.0095 -36.043 29.6838
      vertex -85.9274 -36.177 29.7
    endloop
  endfacet
  facet normal -0.852601 -0.522562 -0
    outer loop
      vertex -85.6406 -36.645 29.7
      vertex -85.7432 -36.4776 29.7
      vertex -85.6406 -36.645 29.6887
    endloop
  endfacet
  facet normal -0.760557 -0.649271 -0
    outer loop
      vertex -85.6406 -36.645 4.32159
      vertex -85.6406 -36.645 4.3
      vertex -85.5385 -36.7646 4.3
    endloop
  endfacet
  facet normal -0.760656 -0.649155 -0
    outer loop
      vertex -85.182 -37.182 4.31719
      vertex -85.3095 -37.0326 4.3
      vertex -85.182 -37.182 4.3
    endloop
  endfacet
  facet normal -0.760557 -0.649271 -0
    outer loop
      vertex -85.6406 -36.645 29.7
      vertex -85.6406 -36.645 29.6887
      vertex -85.5385 -36.7646 29.7
    endloop
  endfacet
  facet normal -0.760656 -0.649155 -0
    outer loop
      vertex -85.182 -37.182 29.7
      vertex -85.3095 -37.0326 29.7
      vertex -85.182 -37.182 29.6912
    endloop
  endfacet
  facet normal 0.923768 -0.382951 0
    outer loop
      vertex -77.7202 -35.3906 4.31719
      vertex -77.7954 -35.572 4.3
      vertex -77.7202 -35.3906 4.3
    endloop
  endfacet
  facet normal 0.923768 -0.382951 0
    outer loop
      vertex -77.7202 -35.3906 29.7
      vertex -77.7954 -35.572 29.7
      vertex -77.7202 -35.3906 29.6912
    endloop
  endfacet
  facet normal 0.923846 -0.382764 0
    outer loop
      vertex -77.9905 -36.043 4.31463
      vertex -77.9905 -36.043 4.3
      vertex -77.9303 -35.8977 4.3
    endloop
  endfacet
  facet normal 0.923846 -0.382764 0
    outer loop
      vertex -77.9905 -36.043 29.7
      vertex -77.9905 -36.043 29.6926
      vertex -77.9303 -35.8977 29.7
    endloop
  endfacet
  facet normal 0.23318 -0.972433 0
    outer loop
      vertex -80.6094 -38.2798 29.7
      vertex -80.8004 -38.3256 29.7
      vertex -80.6094 -38.2798 29.6938
    endloop
  endfacet
  facet normal 0.233541 -0.972347 0
    outer loop
      vertex -81.296 -38.4446 29.7
      vertex -81.296 -38.4446 29.6938
      vertex -81.1432 -38.4079 29.7
    endloop
  endfacet
  facet normal 0.233541 -0.972347 0
    outer loop
      vertex -81.296 -38.4446 4.31234
      vertex -81.296 -38.4446 4.3
      vertex -81.1432 -38.4079 4.3
    endloop
  endfacet
  facet normal 0.23318 -0.972433 0
    outer loop
      vertex -80.6094 -38.2798 4.31234
      vertex -80.8004 -38.3256 4.3
      vertex -80.6094 -38.2798 4.3
    endloop
  endfacet
  facet normal 0.233394 -0.972382 0
    outer loop
      vertex -81.296 -38.4446 17.6
      vertex -80.6094 -38.2798 20.4
      vertex -81.296 -38.4446 20.4
    endloop
  endfacet
  facet normal 0.233394 -0.972382 0
    outer loop
      vertex -80.6094 -38.2798 20.4
      vertex -81.296 -38.4446 17.6
      vertex -80.6094 -38.2798 17.6
    endloop
  endfacet
  facet normal 0.0782036 0.996937 -0
    outer loop
      vertex -81.296 -29.5554 4.3
      vertex -81.4528 -29.5431 29.7
      vertex -81.296 -29.5554 29.7
    endloop
  endfacet
  facet normal 0.0782036 0.996937 0
    outer loop
      vertex -81.4528 -29.5431 29.7
      vertex -81.296 -29.5554 4.3
      vertex -81.4528 -29.5431 4.3
    endloop
  endfacet
  facet normal 0.0784095 0.996921 -0
    outer loop
      vertex -81.8042 -29.5154 4.3
      vertex -82 -29.5 29.7
      vertex -81.8042 -29.5154 29.7
    endloop
  endfacet
  facet normal 0.0784095 0.996921 0
    outer loop
      vertex -82 -29.5 29.7
      vertex -81.8042 -29.5154 4.3
      vertex -82 -29.5 4.3
    endloop
  endfacet
  facet normal -0.649449 -0.760405 -0
    outer loop
      vertex -84.645 -37.6406 4.31463
      vertex -84.7944 -37.513 4.3
      vertex -84.645 -37.6406 4.3
    endloop
  endfacet
  facet normal -0.649449 -0.760405 -0
    outer loop
      vertex -84.645 -37.6406 29.7
      vertex -84.7944 -37.513 29.7
      vertex -84.645 -37.6406 29.6926
    endloop
  endfacet
  facet normal -0.649271 -0.760557 -0
    outer loop
      vertex -85.182 -37.182 4.31719
      vertex -85.182 -37.182 4.3
      vertex -85.0624 -37.2841 4.3
    endloop
  endfacet
  facet normal -0.649271 -0.760557 -0
    outer loop
      vertex -85.182 -37.182 29.7
      vertex -85.182 -37.182 29.6912
      vertex -85.0624 -37.2841 29.7
    endloop
  endfacet
  facet normal -0.0784095 -0.996921 -0
    outer loop
      vertex -82 -38.5 4.31192
      vertex -82.1958 -38.4846 4.3
      vertex -82 -38.5 4.3
    endloop
  endfacet
  facet normal -0.0784095 -0.996921 -0
    outer loop
      vertex -82 -38.5 29.7
      vertex -82.1958 -38.4846 29.7
      vertex -82 -38.5 29.694
    endloop
  endfacet
  facet normal -0.0782036 -0.996937 -0
    outer loop
      vertex -82.704 -38.4446 29.7
      vertex -82.704 -38.4446 29.6941
      vertex -82.5472 -38.4569 29.7
    endloop
  endfacet
  facet normal -0.0782036 -0.996937 -0
    outer loop
      vertex -82.704 -38.4446 4.3119
      vertex -82.704 -38.4446 4.3
      vertex -82.5472 -38.4569 4.3
    endloop
  endfacet
  facet normal -0.0784645 -0.996917 0
    outer loop
      vertex -82.4053 -38.4681 17.6
      vertex -82 -38.5 20.4
      vertex -82.4053 -38.4681 20.4
    endloop
  endfacet
  facet normal -0.0784645 -0.996917 -0
    outer loop
      vertex -82 -38.5 20.4
      vertex -82.4053 -38.4681 17.6
      vertex -82 -38.5 17.6
    endloop
  endfacet
  facet normal -0.649815 0.760092 0
    outer loop
      vertex -81.0565 -35.0296 4.3
      vertex -81.1399 -35.1009 29.7
      vertex -81.0565 -35.0296 29.7
    endloop
  endfacet
  facet normal -0.649815 0.760092 0
    outer loop
      vertex -81.1399 -35.1009 29.7
      vertex -81.0565 -35.0296 4.3
      vertex -81.1399 -35.1009 4.3
    endloop
  endfacet
  facet normal 0.92375 0.382996 0
    outer loop
      vertex -83.2708 -34.5791 29.7
      vertex -83.3128 -34.4778 4.3
      vertex -83.3128 -34.4778 29.7
    endloop
  endfacet
  facet normal 0.92375 0.382996 0
    outer loop
      vertex -83.3128 -34.4778 4.3
      vertex -83.2708 -34.5791 29.7
      vertex -83.2708 -34.5791 4.3
    endloop
  endfacet
  facet normal 0.996924 -0.0783688 0
    outer loop
      vertex -83.3952 -33.9391 29.7
      vertex -83.3866 -33.8297 4.3
      vertex -83.3866 -33.8297 29.7
    endloop
  endfacet
  facet normal 0.996924 -0.0783688 0
    outer loop
      vertex -83.3866 -33.8297 4.3
      vertex -83.3952 -33.9391 29.7
      vertex -83.3952 -33.9391 4.3
    endloop
  endfacet
  facet normal -0.972354 -0.233511 0
    outer loop
      vertex -80.6287 -33.7334 4.3
      vertex -80.6543 -33.6268 29.7
      vertex -80.6543 -33.6268 4.3
    endloop
  endfacet
  facet normal -0.972354 -0.233511 0
    outer loop
      vertex -80.6543 -33.6268 29.7
      vertex -80.6287 -33.7334 4.3
      vertex -80.6287 -33.7334 29.7
    endloop
  endfacet
  facet normal -0.233511 0.972354 0
    outer loop
      vertex -81.6268 -35.3457 4.3
      vertex -81.7334 -35.3713 29.7
      vertex -81.6268 -35.3457 29.7
    endloop
  endfacet
  facet normal -0.233511 0.972354 0
    outer loop
      vertex -81.7334 -35.3713 29.7
      vertex -81.6268 -35.3457 4.3
      vertex -81.7334 -35.3713 4.3
    endloop
  endfacet
  facet normal -0.760092 -0.649815 0
    outer loop
      vertex -80.8991 -33.1399 4.3
      vertex -80.9704 -33.0565 29.7
      vertex -80.9704 -33.0565 4.3
    endloop
  endfacet
  facet normal -0.760092 -0.649815 0
    outer loop
      vertex -80.9704 -33.0565 29.7
      vertex -80.8991 -33.1399 4.3
      vertex -80.8991 -33.1399 29.7
    endloop
  endfacet
  facet normal -0.760543 0.649288 0
    outer loop
      vertex -80.9783 -34.9528 4.3
      vertex -80.9071 -34.8694 29.7
      vertex -80.9071 -34.8694 4.3
    endloop
  endfacet
  facet normal -0.760543 0.649288 0
    outer loop
      vertex -80.9071 -34.8694 29.7
      vertex -80.9783 -34.9528 4.3
      vertex -80.9783 -34.9528 29.7
    endloop
  endfacet
  facet normal 0.649815 -0.760092 0
    outer loop
      vertex -82.9435 -32.9704 4.3
      vertex -82.8601 -32.8991 29.7
      vertex -82.9435 -32.9704 29.7
    endloop
  endfacet
  facet normal 0.649815 -0.760092 0
    outer loop
      vertex -82.8601 -32.8991 29.7
      vertex -82.9435 -32.9704 4.3
      vertex -82.8601 -32.8991 4.3
    endloop
  endfacet
  facet normal -0.0784401 0.996919 0
    outer loop
      vertex -81.8419 -35.3876 4.3
      vertex -81.9512 -35.3962 29.7
      vertex -81.8419 -35.3876 29.7
    endloop
  endfacet
  facet normal -0.0784401 0.996919 0
    outer loop
      vertex -81.9512 -35.3962 29.7
      vertex -81.8419 -35.3876 4.3
      vertex -81.9512 -35.3962 4.3
    endloop
  endfacet
  facet normal 0.996919 0.0784401 0
    outer loop
      vertex -83.3876 -34.1581 29.7
      vertex -83.3962 -34.0488 4.3
      vertex -83.3962 -34.0488 29.7
    endloop
  endfacet
  facet normal 0.996919 0.0784401 0
    outer loop
      vertex -83.3962 -34.0488 4.3
      vertex -83.3876 -34.1581 29.7
      vertex -83.3876 -34.1581 4.3
    endloop
  endfacet
  facet normal -0.382996 -0.92375 0
    outer loop
      vertex -81.5109 -32.6919 4.3
      vertex -81.4096 -32.7339 29.7
      vertex -81.5109 -32.6919 29.7
    endloop
  endfacet
  facet normal -0.382996 -0.92375 -0
    outer loop
      vertex -81.4096 -32.7339 29.7
      vertex -81.5109 -32.6919 4.3
      vertex -81.4096 -32.7339 4.3
    endloop
  endfacet
  facet normal -0.996919 -0.0784401 0
    outer loop
      vertex -80.6038 -33.9512 4.3
      vertex -80.6124 -33.8419 29.7
      vertex -80.6124 -33.8419 4.3
    endloop
  endfacet
  facet normal -0.996919 -0.0784401 0
    outer loop
      vertex -80.6124 -33.8419 29.7
      vertex -80.6038 -33.9512 4.3
      vertex -80.6038 -33.9512 29.7
    endloop
  endfacet
  facet normal 0.852627 0.522519 0
    outer loop
      vertex -83.1646 -34.7708 29.7
      vertex -83.2219 -34.6773 4.3
      vertex -83.2219 -34.6773 29.7
    endloop
  endfacet
  facet normal 0.852627 0.522519 0
    outer loop
      vertex -83.2219 -34.6773 4.3
      vertex -83.1646 -34.7708 29.7
      vertex -83.1646 -34.7708 4.3
    endloop
  endfacet
  facet normal 0.972354 0.233511 0
    outer loop
      vertex -83.3457 -34.3732 29.7
      vertex -83.3713 -34.2666 4.3
      vertex -83.3713 -34.2666 29.7
    endloop
  endfacet
  facet normal 0.972354 0.233511 0
    outer loop
      vertex -83.3713 -34.2666 4.3
      vertex -83.3457 -34.3732 29.7
      vertex -83.3457 -34.3732 4.3
    endloop
  endfacet
  facet normal -0.522519 -0.852627 0
    outer loop
      vertex -81.3123 -32.7845 4.3
      vertex -81.2188 -32.8418 29.7
      vertex -81.3123 -32.7845 29.7
    endloop
  endfacet
  facet normal -0.522519 -0.852627 -0
    outer loop
      vertex -81.2188 -32.8418 29.7
      vertex -81.3123 -32.7845 4.3
      vertex -81.2188 -32.8418 4.3
    endloop
  endfacet
  facet normal 0.0784401 -0.996919 0
    outer loop
      vertex -82.1581 -32.6124 4.3
      vertex -82.0488 -32.6038 29.7
      vertex -82.1581 -32.6124 29.7
    endloop
  endfacet
  facet normal 0.0784401 -0.996919 0
    outer loop
      vertex -82.0488 -32.6038 29.7
      vertex -82.1581 -32.6124 4.3
      vertex -82.0488 -32.6038 4.3
    endloop
  endfacet
  facet normal -0.92375 -0.382996 0
    outer loop
      vertex -80.6872 -33.5222 4.3
      vertex -80.7292 -33.4209 29.7
      vertex -80.7292 -33.4209 4.3
    endloop
  endfacet
  facet normal -0.92375 -0.382996 0
    outer loop
      vertex -80.7292 -33.4209 29.7
      vertex -80.6872 -33.5222 4.3
      vertex -80.6872 -33.5222 29.7
    endloop
  endfacet
  facet normal -0.852627 0.522519 0
    outer loop
      vertex -80.8418 -34.7812 4.3
      vertex -80.7845 -34.6877 29.7
      vertex -80.7845 -34.6877 4.3
    endloop
  endfacet
  facet normal -0.852627 0.522519 0
    outer loop
      vertex -80.7845 -34.6877 29.7
      vertex -80.8418 -34.7812 4.3
      vertex -80.8418 -34.7812 29.7
    endloop
  endfacet
  facet normal 0.382996 -0.92375 0
    outer loop
      vertex -82.5791 -32.7292 4.3
      vertex -82.4778 -32.6872 29.7
      vertex -82.5791 -32.7292 29.7
    endloop
  endfacet
  facet normal 0.382996 -0.92375 0
    outer loop
      vertex -82.4778 -32.6872 29.7
      vertex -82.5791 -32.7292 4.3
      vertex -82.4778 -32.6872 4.3
    endloop
  endfacet
  facet normal 0.522519 -0.852627 0
    outer loop
      vertex -82.7708 -32.8354 4.3
      vertex -82.6773 -32.7781 29.7
      vertex -82.7708 -32.8354 29.7
    endloop
  endfacet
  facet normal 0.522519 -0.852627 0
    outer loop
      vertex -82.6773 -32.7781 29.7
      vertex -82.7708 -32.8354 4.3
      vertex -82.6773 -32.7781 4.3
    endloop
  endfacet
  facet normal -0.233304 -0.972404 0
    outer loop
      vertex -81.7216 -32.6315 4.3
      vertex -81.6149 -32.6571 29.7
      vertex -81.7216 -32.6315 29.7
    endloop
  endfacet
  facet normal -0.233304 -0.972404 -0
    outer loop
      vertex -81.6149 -32.6571 29.7
      vertex -81.7216 -32.6315 4.3
      vertex -81.6149 -32.6571 4.3
    endloop
  endfacet
  facet normal 0.233304 0.972404 -0
    outer loop
      vertex -82.2784 -35.3685 4.3
      vertex -82.3851 -35.3429 29.7
      vertex -82.2784 -35.3685 29.7
    endloop
  endfacet
  facet normal 0.233304 0.972404 0
    outer loop
      vertex -82.3851 -35.3429 29.7
      vertex -82.2784 -35.3685 4.3
      vertex -82.3851 -35.3429 4.3
    endloop
  endfacet
  facet normal 0.649288 0.760543 -0
    outer loop
      vertex -82.8694 -35.0929 4.3
      vertex -82.9528 -35.0217 29.7
      vertex -82.8694 -35.0929 29.7
    endloop
  endfacet
  facet normal 0.649288 0.760543 0
    outer loop
      vertex -82.9528 -35.0217 29.7
      vertex -82.8694 -35.0929 4.3
      vertex -82.9528 -35.0217 4.3
    endloop
  endfacet
  facet normal -0.852627 -0.522519 0
    outer loop
      vertex -80.7781 -33.3227 4.3
      vertex -80.8354 -33.2292 29.7
      vertex -80.8354 -33.2292 4.3
    endloop
  endfacet
  facet normal -0.852627 -0.522519 0
    outer loop
      vertex -80.8354 -33.2292 29.7
      vertex -80.7781 -33.3227 4.3
      vertex -80.7781 -33.3227 29.7
    endloop
  endfacet
  facet normal -0.649288 -0.760543 0
    outer loop
      vertex -81.1306 -32.9071 4.3
      vertex -81.0472 -32.9783 29.7
      vertex -81.1306 -32.9071 29.7
    endloop
  endfacet
  facet normal -0.649288 -0.760543 -0
    outer loop
      vertex -81.0472 -32.9783 29.7
      vertex -81.1306 -32.9071 4.3
      vertex -81.0472 -32.9783 4.3
    endloop
  endfacet
  facet normal 0.972404 -0.233304 0
    outer loop
      vertex -83.3685 -33.7216 29.7
      vertex -83.3429 -33.6149 4.3
      vertex -83.3429 -33.6149 29.7
    endloop
  endfacet
  facet normal 0.972404 -0.233304 0
    outer loop
      vertex -83.3429 -33.6149 4.3
      vertex -83.3685 -33.7216 29.7
      vertex -83.3685 -33.7216 4.3
    endloop
  endfacet
  facet normal 0.760543 -0.649288 0
    outer loop
      vertex -83.0929 -33.1306 29.7
      vertex -83.0217 -33.0472 4.3
      vertex -83.0217 -33.0472 29.7
    endloop
  endfacet
  facet normal 0.760543 -0.649288 0
    outer loop
      vertex -83.0217 -33.0472 4.3
      vertex -83.0929 -33.1306 29.7
      vertex -83.0929 -33.1306 4.3
    endloop
  endfacet
  facet normal 0.233511 -0.972354 0
    outer loop
      vertex -82.3732 -32.6543 4.3
      vertex -82.2666 -32.6287 29.7
      vertex -82.3732 -32.6543 29.7
    endloop
  endfacet
  facet normal 0.233511 -0.972354 0
    outer loop
      vertex -82.2666 -32.6287 29.7
      vertex -82.3732 -32.6543 4.3
      vertex -82.2666 -32.6287 4.3
    endloop
  endfacet
  facet normal -0.382996 0.92375 0
    outer loop
      vertex -81.4209 -35.2708 4.3
      vertex -81.5222 -35.3128 29.7
      vertex -81.4209 -35.2708 29.7
    endloop
  endfacet
  facet normal -0.382996 0.92375 0
    outer loop
      vertex -81.5222 -35.3128 29.7
      vertex -81.4209 -35.2708 4.3
      vertex -81.5222 -35.3128 4.3
    endloop
  endfacet
  facet normal 0.760092 0.649815 0
    outer loop
      vertex -83.0296 -34.9435 29.7
      vertex -83.1009 -34.8601 4.3
      vertex -83.1009 -34.8601 29.7
    endloop
  endfacet
  facet normal 0.760092 0.649815 0
    outer loop
      vertex -83.1009 -34.8601 4.3
      vertex -83.0296 -34.9435 29.7
      vertex -83.0296 -34.9435 4.3
    endloop
  endfacet
  facet normal -0.996924 0.0783688 0
    outer loop
      vertex -80.6134 -34.1703 4.3
      vertex -80.6048 -34.0609 29.7
      vertex -80.6048 -34.0609 4.3
    endloop
  endfacet
  facet normal -0.996924 0.0783688 0
    outer loop
      vertex -80.6048 -34.0609 29.7
      vertex -80.6134 -34.1703 4.3
      vertex -80.6134 -34.1703 29.7
    endloop
  endfacet
  facet normal 0.852627 -0.522519 0
    outer loop
      vertex -83.2155 -33.3123 29.7
      vertex -83.1582 -33.2188 4.3
      vertex -83.1582 -33.2188 29.7
    endloop
  endfacet
  facet normal 0.852627 -0.522519 0
    outer loop
      vertex -83.1582 -33.2188 4.3
      vertex -83.2155 -33.3123 29.7
      vertex -83.2155 -33.3123 4.3
    endloop
  endfacet
  facet normal -0.972404 0.233304 0
    outer loop
      vertex -80.6571 -34.3851 4.3
      vertex -80.6315 -34.2784 29.7
      vertex -80.6315 -34.2784 4.3
    endloop
  endfacet
  facet normal -0.972404 0.233304 0
    outer loop
      vertex -80.6315 -34.2784 29.7
      vertex -80.6571 -34.3851 4.3
      vertex -80.6571 -34.3851 29.7
    endloop
  endfacet
  facet normal 0.522519 0.852627 -0
    outer loop
      vertex -82.6877 -35.2155 4.3
      vertex -82.7812 -35.1582 29.7
      vertex -82.6877 -35.2155 29.7
    endloop
  endfacet
  facet normal 0.522519 0.852627 0
    outer loop
      vertex -82.7812 -35.1582 29.7
      vertex -82.6877 -35.2155 4.3
      vertex -82.7812 -35.1582 4.3
    endloop
  endfacet
  facet normal -0.92375 0.382996 0
    outer loop
      vertex -80.7339 -34.5904 4.3
      vertex -80.6919 -34.4891 29.7
      vertex -80.6919 -34.4891 4.3
    endloop
  endfacet
  facet normal -0.92375 0.382996 0
    outer loop
      vertex -80.6919 -34.4891 29.7
      vertex -80.7339 -34.5904 4.3
      vertex -80.7339 -34.5904 29.7
    endloop
  endfacet
  facet normal -0.0783688 -0.996924 0
    outer loop
      vertex -81.9391 -32.6048 4.3
      vertex -81.8297 -32.6134 29.7
      vertex -81.9391 -32.6048 29.7
    endloop
  endfacet
  facet normal -0.0783688 -0.996924 -0
    outer loop
      vertex -81.8297 -32.6134 29.7
      vertex -81.9391 -32.6048 4.3
      vertex -81.8297 -32.6134 4.3
    endloop
  endfacet
  facet normal 0.382996 0.92375 -0
    outer loop
      vertex -82.4891 -35.3081 4.3
      vertex -82.5904 -35.2661 29.7
      vertex -82.4891 -35.3081 29.7
    endloop
  endfacet
  facet normal 0.382996 0.92375 0
    outer loop
      vertex -82.5904 -35.2661 29.7
      vertex -82.4891 -35.3081 4.3
      vertex -82.5904 -35.2661 4.3
    endloop
  endfacet
  facet normal 0.92375 -0.382996 0
    outer loop
      vertex -83.3081 -33.5109 29.7
      vertex -83.2661 -33.4096 4.3
      vertex -83.2661 -33.4096 29.7
    endloop
  endfacet
  facet normal 0.92375 -0.382996 0
    outer loop
      vertex -83.2661 -33.4096 4.3
      vertex -83.3081 -33.5109 29.7
      vertex -83.3081 -33.5109 4.3
    endloop
  endfacet
  facet normal 0.0783688 0.996924 -0
    outer loop
      vertex -82.0609 -35.3952 4.3
      vertex -82.1703 -35.3866 29.7
      vertex -82.0609 -35.3952 29.7
    endloop
  endfacet
  facet normal 0.0783688 0.996924 0
    outer loop
      vertex -82.1703 -35.3866 29.7
      vertex -82.0609 -35.3952 4.3
      vertex -82.1703 -35.3866 4.3
    endloop
  endfacet
  facet normal -0.522519 0.852627 0
    outer loop
      vertex -81.2292 -35.1646 4.3
      vertex -81.3227 -35.2219 29.7
      vertex -81.2292 -35.1646 29.7
    endloop
  endfacet
  facet normal -0.522519 0.852627 0
    outer loop
      vertex -81.3227 -35.2219 29.7
      vertex -81.2292 -35.1646 4.3
      vertex -81.3227 -35.2219 4.3
    endloop
  endfacet
endsolid OpenSCAD_Model
